construction,horizon_bars,future_event_count,period,feature,feature_family,side,quintile,observations,mean_feature,mean_aligned_return_bps
event_200,60,12000,validation,log_abs_signed_imbalance,imbalance,sell,1,401815,1.4802453783911589,-0.25940475828219467
event_200,60,12000,validation,log_abs_signed_imbalance,imbalance,sell,2,230873,2.9835537723120176,-0.9078368446760625
event_200,60,12000,validation,log_abs_signed_imbalance,imbalance,sell,3,121759,3.6245092593574864,-1.0339828514920226
event_200,60,12000,validation,log_abs_signed_imbalance,imbalance,sell,4,71089,4.152588808908366,-1.5180032704772746
event_200,60,12000,validation,log_abs_signed_imbalance,imbalance,sell,5,46998,4.905013891640491,-2.5255925177807264
event_200,60,12000,later_sandbox,log_abs_signed_imbalance,imbalance,sell,1,336405,1.4281166751892007,-0.06218051980860748
event_200,60,12000,later_sandbox,log_abs_signed_imbalance,imbalance,sell,2,156269,2.973881422812787,-0.4394452125722455
event_200,60,12000,later_sandbox,log_abs_signed_imbalance,imbalance,sell,3,72631,3.619994255781439,-0.5316484454044286
event_200,60,12000,later_sandbox,log_abs_signed_imbalance,imbalance,sell,4,38829,4.149276599373059,-0.8802388057690633
event_200,60,12000,later_sandbox,log_abs_signed_imbalance,imbalance,sell,5,25890,4.894434458762955,-0.948506387598559
event_200,60,12000,validation,log_abs_signed_imbalance,imbalance,buy,1,406458,1.4916781302052586,-0.0611842377706956
event_200,60,12000,validation,log_abs_signed_imbalance,imbalance,buy,2,228278,2.9833102630148085,-0.07689304391984982
event_200,60,12000,validation,log_abs_signed_imbalance,imbalance,buy,3,120169,3.6126335822813664,-0.21098165296819477
event_200,60,12000,validation,log_abs_signed_imbalance,imbalance,buy,4,68795,4.130886969586872,0.5998102369375644
event_200,60,12000,validation,log_abs_signed_imbalance,imbalance,buy,5,44717,4.87236023023731,0.4956460086443775
event_200,60,12000,later_sandbox,log_abs_signed_imbalance,imbalance,buy,1,337274,1.436746126473634,-0.016092922558020816
event_200,60,12000,later_sandbox,log_abs_signed_imbalance,imbalance,buy,2,153401,2.9738728865287873,0.04268243384972739
event_200,60,12000,later_sandbox,log_abs_signed_imbalance,imbalance,buy,3,71587,3.6097420289843383,-0.07472264118899903
event_200,60,12000,later_sandbox,log_abs_signed_imbalance,imbalance,buy,4,37703,4.128459968535556,-0.6343997990222646
event_200,60,12000,later_sandbox,log_abs_signed_imbalance,imbalance,buy,5,25387,4.871125739909336,0.4085807524024584
event_200,60,12000,validation,absolute_imbalance_ratio,imbalance,sell,1,162539,0.05589920811858708,-0.4161035888746171
event_200,60,12000,validation,absolute_imbalance_ratio,imbalance,sell,2,166031,0.17130671187699886,-0.3164277225616958
event_200,60,12000,validation,absolute_imbalance_ratio,imbalance,sell,3,169692,0.2973271129529378,-0.6545736124404455
event_200,60,12000,validation,absolute_imbalance_ratio,imbalance,sell,4,178216,0.4468437721143828,-0.9219265745419353
event_200,60,12000,validation,absolute_imbalance_ratio,imbalance,sell,5,196056,0.6794064841898885,-1.3811755017084373
event_200,60,12000,later_sandbox,absolute_imbalance_ratio,imbalance,sell,1,113413,0.05579021850886241,-0.10376016147663907
event_200,60,12000,later_sandbox,absolute_imbalance_ratio,imbalance,sell,2,115962,0.17146001953617207,-0.12622324762634377
event_200,60,12000,later_sandbox,absolute_imbalance_ratio,imbalance,sell,3,120318,0.29720072210815696,-0.34712984064515484
event_200,60,12000,later_sandbox,absolute_imbalance_ratio,imbalance,sell,4,128246,0.44682465313275876,-0.5229945913741955
event_200,60,12000,later_sandbox,absolute_imbalance_ratio,imbalance,sell,5,152085,0.6843526771577837,-0.3399184595788842
event_200,60,12000,validation,absolute_imbalance_ratio,imbalance,buy,1,165380,0.056945227115806844,0.02094678381277573
event_200,60,12000,validation,absolute_imbalance_ratio,imbalance,buy,2,167484,0.17374242628502956,0.08742880879843494
event_200,60,12000,validation,absolute_imbalance_ratio,imbalance,buy,3,169830,0.30098596096579733,0.013425161336540828
event_200,60,12000,validation,absolute_imbalance_ratio,imbalance,buy,4,174341,0.4496193564108226,-0.07616489352970188
event_200,60,12000,validation,absolute_imbalance_ratio,imbalance,buy,5,191382,0.6791489729311055,-0.05985911318346792
event_200,60,12000,later_sandbox,absolute_imbalance_ratio,imbalance,buy,1,115243,0.057073855427619,0.15878825946359368
event_200,60,12000,later_sandbox,absolute_imbalance_ratio,imbalance,buy,2,118447,0.17389061452090154,0.12828529248478937
event_200,60,12000,later_sandbox,absolute_imbalance_ratio,imbalance,buy,3,120527,0.3011379465980308,-0.060424845343617674
event_200,60,12000,later_sandbox,absolute_imbalance_ratio,imbalance,buy,4,124511,0.4498000356200596,-0.1551935213073777
event_200,60,12000,later_sandbox,absolute_imbalance_ratio,imbalance,buy,5,146624,0.6835800617521327,-0.1682099769616136
event_200,60,12000,validation,normalised_imbalance,imbalance,sell,1,518796,0.00001801875827343986,-0.34565129229153374
event_200,60,12000,validation,normalised_imbalance,imbalance,sell,2,192274,0.00006887478208250856,-0.9275816426192599
event_200,60,12000,validation,normalised_imbalance,imbalance,sell,3,92775,0.00014099300349699727,-1.5060822856009317
event_200,60,12000,validation,normalised_imbalance,imbalance,sell,4,47822,0.00026920540625393745,-2.2189474522682566
event_200,60,12000,validation,normalised_imbalance,imbalance,sell,5,20867,0.0007013239262940904,-3.0105889084601603
event_200,60,12000,later_sandbox,normalised_imbalance,imbalance,sell,1,378669,0.00001881188574661786,-0.1316120231034228
event_200,60,12000,later_sandbox,normalised_imbalance,imbalance,sell,2,148896,0.00006840818250799538,-0.44286226760243125
event_200,60,12000,later_sandbox,normalised_imbalance,imbalance,sell,3,62877,0.00013968914785817917,-0.5558335539104415
event_200,60,12000,later_sandbox,normalised_imbalance,imbalance,sell,4,28847,0.0002674874281269275,-0.9537692689605399
event_200,60,12000,later_sandbox,normalised_imbalance,imbalance,sell,5,10735,0.0006481057612752922,-0.8103345177043713
event_200,60,12000,validation,normalised_imbalance,imbalance,buy,1,515344,0.00001777626276495554,-0.13465730313187488
event_200,60,12000,validation,normalised_imbalance,imbalance,buy,2,191992,0.00006636298651587793,-0.1520261278047496
event_200,60,12000,validation,normalised_imbalance,imbalance,buy,3,91373,0.00013357658240452226,0.3543930464827905
event_200,60,12000,validation,normalised_imbalance,imbalance,buy,4,47541,0.00025069497003194565,0.8882965844056762
event_200,60,12000,validation,normalised_imbalance,imbalance,buy,5,22167,0.0006677549811005269,0.8852190267775805
event_200,60,12000,later_sandbox,normalised_imbalance,imbalance,buy,1,372999,0.000018446741686060546,0.08798348145153743
event_200,60,12000,later_sandbox,normalised_imbalance,imbalance,buy,2,147864,0.00006616185218844778,-0.10343032493487334
event_200,60,12000,later_sandbox,normalised_imbalance,imbalance,buy,3,63795,0.00013260741191673656,-0.5981451774611051
event_200,60,12000,later_sandbox,normalised_imbalance,imbalance,buy,4,29607,0.0002489957619927133,-0.3401289599725882
event_200,60,12000,later_sandbox,normalised_imbalance,imbalance,buy,5,11087,0.0006021618146229465,1.1661620436839304
event_200,60,12000,validation,log_gross_volume,volume,sell,1,740489,3.8278701055570368,-0.5431900714681522
event_200,60,12000,validation,log_gross_volume,volume,sell,2,55888,4.727218893800317,-1.374800111375761
event_200,60,12000,validation,log_gross_volume,volume,sell,3,31322,4.963594092869722,-1.8290968775833165
event_200,60,12000,validation,log_gross_volume,volume,sell,4,22486,5.185418766176363,-2.2641367418956198
event_200,60,12000,validation,log_gross_volume,volume,sell,5,22349,5.617292296714966,-3.5380614710552023
event_200,60,12000,later_sandbox,log_gross_volume,volume,sell,1,577814,3.6616029986055016,-0.2071334744153039
event_200,60,12000,later_sandbox,log_gross_volume,volume,sell,2,24084,4.724226977181326,-1.022225360201675
event_200,60,12000,later_sandbox,log_gross_volume,volume,sell,3,12297,4.962391807552532,-1.768845850751485
event_200,60,12000,later_sandbox,log_gross_volume,volume,sell,4,8007,5.182473886115377,-0.723674812158332
event_200,60,12000,later_sandbox,log_gross_volume,volume,sell,5,7822,5.637083364803362,-1.9291005220436235
event_200,60,12000,validation,log_gross_volume,volume,buy,1,735961,3.8146513039270378,-0.12912905199025618
event_200,60,12000,validation,log_gross_volume,volume,buy,2,56813,4.701847118163421,0.5924385377020603
event_200,60,12000,validation,log_gross_volume,volume,buy,3,31511,4.942354599946812,0.560878412624111
event_200,60,12000,validation,log_gross_volume,volume,buy,4,22518,5.166169895954237,0.9930301343136221
event_200,60,12000,validation,log_gross_volume,volume,buy,5,21614,5.5883447092830405,0.7862183645812773
event_200,60,12000,later_sandbox,log_gross_volume,volume,buy,1,571980,3.6580809731347137,-0.028901996173225596
event_200,60,12000,later_sandbox,log_gross_volume,volume,buy,2,25139,4.698398870882336,-0.29413655311195336
event_200,60,12000,later_sandbox,log_gross_volume,volume,buy,3,12596,4.941641126303612,-0.14126421573150963
event_200,60,12000,later_sandbox,log_gross_volume,volume,buy,4,7953,5.1628627412154495,0.37652633860853224
event_200,60,12000,later_sandbox,log_gross_volume,volume,buy,5,7684,5.622632614373034,0.6422449982169941
event_200,60,12000,validation,bar_volume_fraction_24h,volume,sell,1,735946,0.00011464081245762182,-0.5001282727032705
event_200,60,12000,validation,bar_volume_fraction_24h,volume,sell,2,74458,0.0003410938069648236,-1.9099501244098238
event_200,60,12000,validation,bar_volume_fraction_24h,volume,sell,3,35795,0.0005288431862351126,-2.2806250502121905
event_200,60,12000,validation,bar_volume_fraction_24h,volume,sell,4,18591,0.0008395003061821052,-2.295746887550401
event_200,60,12000,validation,bar_volume_fraction_24h,volume,sell,5,7744,0.001668261829740686,-4.0989044738518405
event_200,60,12000,later_sandbox,bar_volume_fraction_24h,volume,sell,1,569015,0.00011778526240321343,-0.21118599728774823
event_200,60,12000,later_sandbox,bar_volume_fraction_24h,volume,sell,2,39684,0.00033756174848390756,-0.8524924058861035
event_200,60,12000,later_sandbox,bar_volume_fraction_24h,volume,sell,3,14435,0.0005238960626275024,-1.7121212560612808
event_200,60,12000,later_sandbox,bar_volume_fraction_24h,volume,sell,4,5374,0.0008260708394686088,-1.1819013914368746
event_200,60,12000,later_sandbox,bar_volume_fraction_24h,volume,sell,5,1516,0.0015479884080737468,-1.2367846974082988
event_200,60,12000,validation,bar_volume_fraction_24h,volume,buy,1,722871,0.00011061417843010234,-0.2069798246038245
event_200,60,12000,validation,bar_volume_fraction_24h,volume,buy,2,78404,0.0003194439510975341,0.684765668505877
event_200,60,12000,validation,bar_volume_fraction_24h,volume,buy,3,38451,0.0004968855257915539,1.7462606256734414
event_200,60,12000,validation,bar_volume_fraction_24h,volume,buy,4,20074,0.0007921246455695803,1.1051998225630217
event_200,60,12000,validation,bar_volume_fraction_24h,volume,buy,5,8617,0.0016097549253958287,0.2614108308176036
event_200,60,12000,later_sandbox,bar_volume_fraction_24h,volume,buy,1,557641,0.00011529382582510052,-0.04579694507528575
event_200,60,12000,later_sandbox,bar_volume_fraction_24h,volume,buy,2,44721,0.00031606149323343226,-0.0641167923253213
event_200,60,12000,later_sandbox,bar_volume_fraction_24h,volume,buy,3,15927,0.0004898250122313018,0.06485236715175513
event_200,60,12000,later_sandbox,bar_volume_fraction_24h,volume,buy,4,5523,0.0007735424299770063,1.0782310711642815
event_200,60,12000,later_sandbox,bar_volume_fraction_24h,volume,buy,5,1540,0.001488573404484464,2.3650294524011626
event_200,60,12000,validation,log_duration,activity,sell,1,549049,1.615751896786758,-0.9166304033085552
event_200,60,12000,validation,log_duration,activity,sell,2,213162,2.9376200162912016,0.031153831687143294
event_200,60,12000,validation,log_duration,activity,sell,3,73320,3.605170927177626,-1.630780220534192
event_200,60,12000,validation,log_duration,activity,sell,4,30005,4.187216266515394,-1.4088617487682764
event_200,60,12000,validation,log_duration,activity,sell,5,6998,4.755329469962083,-1.1231341344767485
event_200,60,12000,later_sandbox,log_duration,activity,sell,1,373644,1.7027786228041197,-0.6359334020250555
event_200,60,12000,later_sandbox,log_duration,activity,sell,2,224398,2.918841126624749,0.05651204996895572
event_200,60,12000,later_sandbox,log_duration,activity,sell,3,30776,3.5474488472589543,1.2731900633622726
event_200,60,12000,later_sandbox,log_duration,activity,sell,4,1205,4.0354629374056445,-1.0169355392419928
event_200,60,12000,later_sandbox,log_duration,activity,sell,5,1,4.609351432381314,33.93612009592838
event_200,60,12000,validation,log_duration,activity,buy,1,561478,1.6329294573307966,-0.05718648099661144
event_200,60,12000,validation,log_duration,activity,buy,2,197586,2.9434454240939423,-0.6334634850292183
event_200,60,12000,validation,log_duration,activity,buy,3,69090,3.5806700351028304,1.474284290644225
event_200,60,12000,validation,log_duration,activity,buy,4,30578,4.136723448324074,1.3285378144818323
event_200,60,12000,validation,log_duration,activity,buy,5,9685,4.720790948569589,1.0782257682562715
event_200,60,12000,later_sandbox,log_duration,activity,buy,1,379520,1.7263937993180085,0.1518570815549912
event_200,60,12000,later_sandbox,log_duration,activity,buy,2,212235,2.925816666910936,-0.2585924462152646
event_200,60,12000,later_sandbox,log_duration,activity,buy,3,31910,3.529483172091128,-0.7291257740529158
event_200,60,12000,later_sandbox,log_duration,activity,buy,4,1686,3.995229186097526,1.64258854030564
event_200,60,12000,later_sandbox,log_duration,activity,buy,5,1,4.499476281429027,-28.934702124300088
event_200,60,12000,validation,relative_flow_rate,activity,sell,1,192270,0.33023005709012454,-0.7011243850011692
event_200,60,12000,validation,relative_flow_rate,activity,sell,2,184913,0.6459848539927455,-0.01756941772454446
event_200,60,12000,validation,relative_flow_rate,activity,sell,3,184532,1.1172025170992381,0.08244220638239876
event_200,60,12000,validation,relative_flow_rate,activity,sell,4,179800,2.28093998884598,-0.4373514760727693
event_200,60,12000,validation,relative_flow_rate,activity,sell,5,131019,12.523726242366832,-3.54802753063976
event_200,60,12000,later_sandbox,relative_flow_rate,activity,sell,1,170608,0.315138527873015,0.033685346157786004
event_200,60,12000,later_sandbox,relative_flow_rate,activity,sell,2,126469,0.6425793667500312,0.17540318263555163
event_200,60,12000,later_sandbox,relative_flow_rate,activity,sell,3,116766,1.1155629882292148,-0.13024702372222904
event_200,60,12000,later_sandbox,relative_flow_rate,activity,sell,4,116119,2.2937336529305155,-0.44592558164731083
event_200,60,12000,later_sandbox,relative_flow_rate,activity,sell,5,100062,15.46217150442681,-1.4778885185858643
event_200,60,12000,validation,relative_flow_rate,activity,buy,1,181815,0.3248149601613496,0.7235440870483548
event_200,60,12000,validation,relative_flow_rate,activity,buy,2,181309,0.630877391278814,-0.5550409728394369
event_200,60,12000,validation,relative_flow_rate,activity,buy,3,184105,1.0897603210945872,-0.8746128377117937
event_200,60,12000,validation,relative_flow_rate,activity,buy,4,186204,2.21005661981612,-0.534183045003842
event_200,60,12000,validation,relative_flow_rate,activity,buy,5,134984,10.952922165815071,1.6685151730877168
event_200,60,12000,later_sandbox,relative_flow_rate,activity,buy,1,164211,0.3101925302589531,0.01410231555762372
event_200,60,12000,later_sandbox,relative_flow_rate,activity,buy,2,124867,0.6274541756915558,-0.28021639327024245
event_200,60,12000,later_sandbox,relative_flow_rate,activity,buy,3,117266,1.087403612081496,-0.3455489709350688
event_200,60,12000,later_sandbox,relative_flow_rate,activity,buy,4,116052,2.214731928100813,-0.3709481697802074
event_200,60,12000,later_sandbox,relative_flow_rate,activity,buy,5,102956,14.091760590288184,0.9564177469938889
event_200,60,12000,validation,normalised_range,volatility,sell,1,595429,0.011577092214979559,-0.45232796513971574
event_200,60,12000,validation,normalised_range,volatility,sell,2,159094,0.02279006053659017,-1.0507469095716724
event_200,60,12000,validation,normalised_range,volatility,sell,3,71286,0.031136705178754057,-0.9527818782116184
event_200,60,12000,validation,normalised_range,volatility,sell,4,32209,0.04210508485626767,-2.5905418463070724
event_200,60,12000,validation,normalised_range,volatility,sell,5,14516,0.07330993839585968,-5.406454971481261
event_200,60,12000,later_sandbox,normalised_range,volatility,sell,1,464042,0.01130816558904066,-0.18762962924255527
event_200,60,12000,later_sandbox,normalised_range,volatility,sell,2,106271,0.022704447486919285,-0.39320988045748767
event_200,60,12000,later_sandbox,normalised_range,volatility,sell,3,40210,0.030989186134187788,-0.35525477661475047
event_200,60,12000,later_sandbox,normalised_range,volatility,sell,4,13850,0.04167456104036573,-1.2449737246732109
event_200,60,12000,later_sandbox,normalised_range,volatility,sell,5,5651,0.08777937620895118,-4.699480909307194
event_200,60,12000,validation,normalised_range,volatility,buy,1,574562,0.011271742408512338,-0.2606793120122254
event_200,60,12000,validation,normalised_range,volatility,buy,2,164583,0.021908473884532573,-0.04989993726084615
event_200,60,12000,validation,normalised_range,volatility,buy,3,77839,0.029882903639606943,0.5894610449590709
event_200,60,12000,validation,normalised_range,volatility,buy,4,36084,0.040446921769080976,1.6402955225601958
event_200,60,12000,validation,normalised_range,volatility,buy,5,15349,0.07049100313569585,3.16438248063961
event_200,60,12000,later_sandbox,normalised_range,volatility,buy,1,443157,0.011101868128887993,-0.07034121029275185
event_200,60,12000,later_sandbox,normalised_range,volatility,buy,2,113545,0.021849604200299445,-0.361071721695477
event_200,60,12000,later_sandbox,normalised_range,volatility,buy,3,46535,0.029738792806568496,-0.017794515395567152
event_200,60,12000,later_sandbox,normalised_range,volatility,buy,4,16648,0.040096839052226996,0.4793585132173175
event_200,60,12000,later_sandbox,normalised_range,volatility,buy,5,5467,0.08011350152971138,8.641356047478471
event_200,60,12000,validation,log_trailing_volatility,volatility,sell,1,26786,5.202725900678928,-2.247233988003348
event_200,60,12000,validation,log_trailing_volatility,volatility,sell,2,45845,5.568229627586321,-0.7303516911044322
event_200,60,12000,validation,log_trailing_volatility,volatility,sell,3,85717,5.801319768766178,-1.3658377591107003
event_200,60,12000,validation,log_trailing_volatility,volatility,sell,4,293597,6.0628005085074115,-0.5855674554009087
event_200,60,12000,validation,log_trailing_volatility,volatility,sell,5,420589,6.621872688663176,-0.6744395173628375
event_200,60,12000,later_sandbox,log_trailing_volatility,volatility,sell,1,10781,5.374931846644273,-2.374444439265353
event_200,60,12000,later_sandbox,log_trailing_volatility,volatility,sell,2,157388,5.569427681512161,0.41146134325209144
event_200,60,12000,later_sandbox,log_trailing_volatility,volatility,sell,3,214602,5.785260214285197,-0.607301448808563
event_200,60,12000,later_sandbox,log_trailing_volatility,volatility,sell,4,195779,6.034204769276512,-0.6078878463337412
event_200,60,12000,later_sandbox,log_trailing_volatility,volatility,sell,5,51474,6.627732235398194,0.4514959960480779
event_200,60,12000,validation,log_trailing_volatility,volatility,buy,1,32715,5.219774575081005,1.5539364634405002
event_200,60,12000,validation,log_trailing_volatility,volatility,buy,2,47718,5.588435374498423,0.3123699676643765
event_200,60,12000,validation,log_trailing_volatility,volatility,buy,3,94959,5.824314456023298,0.8990313092046734
event_200,60,12000,validation,log_trailing_volatility,volatility,buy,4,315169,6.096470659702814,0.0456986878298256
event_200,60,12000,validation,log_trailing_volatility,volatility,buy,5,377856,6.666043350148933,-0.4495473010524408
event_200,60,12000,later_sandbox,log_trailing_volatility,volatility,buy,1,15311,5.394310225592118,1.4087745787526793
event_200,60,12000,later_sandbox,log_trailing_volatility,volatility,buy,2,177868,5.590563011915048,-0.7146582583867549
event_200,60,12000,later_sandbox,log_trailing_volatility,volatility,buy,3,211119,5.809849854183931,0.31786291507441244
event_200,60,12000,later_sandbox,log_trailing_volatility,volatility,buy,4,180583,6.0637654115408735,0.10242739356338613
event_200,60,12000,later_sandbox,log_trailing_volatility,volatility,buy,5,40471,6.7190444848129,0.05352075916229507
event_200,60,12000,validation,return_efficiency,impact,sell,1,177878,-0.41460147042134504,-1.0723906214308143
event_200,60,12000,validation,return_efficiency,impact,sell,2,167910,0.14456345596048065,-0.9724649500823138
event_200,60,12000,validation,return_efficiency,impact,sell,3,162622,0.46721532412896083,-0.9286368756125102
event_200,60,12000,validation,return_efficiency,impact,sell,4,169947,0.6960689209204057,-0.5679394834414201
event_200,60,12000,validation,return_efficiency,impact,sell,5,194177,0.912132244131152,-0.3334993451594318
event_200,60,12000,later_sandbox,return_efficiency,impact,sell,1,141761,-0.44276690064273894,-0.36790678616109806
event_200,60,12000,later_sandbox,return_efficiency,impact,sell,2,118905,0.13927898364071056,-0.46003825288578315
event_200,60,12000,later_sandbox,return_efficiency,impact,sell,3,109396,0.46665965656676855,-0.3716031646337894
event_200,60,12000,later_sandbox,return_efficiency,impact,sell,4,113214,0.6966981280779448,-0.3124987935092274
event_200,60,12000,later_sandbox,return_efficiency,impact,sell,5,146748,0.9199783984887918,-0.02761511102686516
event_200,60,12000,validation,return_efficiency,impact,buy,1,176623,-0.4205642719103682,-0.5288657853263182
event_200,60,12000,validation,return_efficiency,impact,buy,2,166210,0.14333882748073312,0.005444474924969582
event_200,60,12000,validation,return_efficiency,impact,buy,3,159728,0.46737949502061904,-0.030888432120603496
event_200,60,12000,validation,return_efficiency,impact,buy,4,164063,0.6945426882768635,0.05839306087567828
event_200,60,12000,validation,return_efficiency,impact,buy,5,201793,0.9118298879586952,0.413844992299648
event_200,60,12000,later_sandbox,return_efficiency,impact,buy,1,139105,-0.4467032385106035,-0.13270592393608133
event_200,60,12000,later_sandbox,return_efficiency,impact,buy,2,118632,0.1392443366253111,0.018050871553399572
event_200,60,12000,later_sandbox,return_efficiency,impact,buy,3,108687,0.466962356330288,-0.02615520216675657
event_200,60,12000,later_sandbox,return_efficiency,impact,buy,4,110578,0.6948014609471679,-0.018745439763575077
event_200,60,12000,later_sandbox,return_efficiency,impact,buy,5,148350,0.9186191122900743,0.023314513967890773
event_200,60,12000,validation,normalised_signed_impact,impact,sell,1,154662,-0.007396684579847964,-1.1328245100743222
event_200,60,12000,validation,normalised_signed_impact,impact,sell,2,361039,0.0033456127076851956,-0.6032770561437991
event_200,60,12000,validation,normalised_signed_impact,impact,sell,3,231019,0.01209307863771876,-0.44609279452015577
event_200,60,12000,validation,normalised_signed_impact,impact,sell,4,98817,0.022418761351066845,-0.8204802471837008
event_200,60,12000,validation,normalised_signed_impact,impact,sell,5,26997,0.0417991511367938,-3.3037311966911815
event_200,60,12000,later_sandbox,normalised_signed_impact,impact,sell,1,122204,-0.00707707825326716,-0.3482247151953608
event_200,60,12000,later_sandbox,normalised_signed_impact,impact,sell,2,265785,0.0032106802459708236,-0.29023447544556946
event_200,60,12000,later_sandbox,normalised_signed_impact,impact,sell,3,162332,0.012089679779811138,-0.19344638661003938
event_200,60,12000,later_sandbox,normalised_signed_impact,impact,sell,4,67406,0.022234579195932008,-0.2800805373331164
event_200,60,12000,later_sandbox,normalised_signed_impact,impact,sell,5,12297,0.03998126614408359,-1.3794593973552938
event_200,60,12000,validation,normalised_signed_impact,impact,buy,1,154914,-0.007267162835490079,-0.557973572376318
event_200,60,12000,validation,normalised_signed_impact,impact,buy,2,348007,0.0032417338637300967,-0.017338963723814035
event_200,60,12000,validation,normalised_signed_impact,impact,buy,3,230898,0.01179143576189266,0.0718510625131425
event_200,60,12000,validation,normalised_signed_impact,impact,buy,4,105053,0.021852240132240387,0.5661468783329998
event_200,60,12000,validation,normalised_signed_impact,impact,buy,5,29545,0.0406878456704263,0.4081497534425619
event_200,60,12000,later_sandbox,normalised_signed_impact,impact,buy,1,121711,-0.007064351995629093,-0.15411060989243358
event_200,60,12000,later_sandbox,normalised_signed_impact,impact,buy,2,256792,0.0031445326422201753,-0.03516960470944866
event_200,60,12000,later_sandbox,normalised_signed_impact,impact,buy,3,161546,0.011787407679262521,-0.06782700450683522
event_200,60,12000,later_sandbox,normalised_signed_impact,impact,buy,4,70896,0.0217053987615689,0.0152131093226829
event_200,60,12000,later_sandbox,normalised_signed_impact,impact,buy,5,14407,0.038504331244412,1.3806732935894381
event_200,60,12000,validation,fills_per_event,microstructure,sell,1,11533,1.4534535680221972,-1.087597596672015
event_200,60,12000,validation,fills_per_event,microstructure,sell,2,39660,1.7635583711548162,-0.2909238398873433
event_200,60,12000,validation,fills_per_event,microstructure,sell,3,111370,1.9852578791416,-0.07796585594921082
event_200,60,12000,validation,fills_per_event,microstructure,sell,4,234208,2.27200296317803,-0.3990345810668328
event_200,60,12000,validation,fills_per_event,microstructure,sell,5,475763,3.14538120871106,-1.1352588102449679
event_200,60,12000,later_sandbox,fills_per_event,microstructure,sell,1,9028,1.5209071776694727,0.2435907042070422
event_200,60,12000,later_sandbox,fills_per_event,microstructure,sell,2,42547,1.7620632477025409,0.40194778439425016
event_200,60,12000,later_sandbox,fills_per_event,microstructure,sell,3,105614,1.9832615941068419,0.025205876740689758
event_200,60,12000,later_sandbox,fills_per_event,microstructure,sell,4,191923,2.2658636015485376,-0.09368908683065949
event_200,60,12000,later_sandbox,fills_per_event,microstructure,sell,5,280912,3.229734596599647,-0.6796473450990469
event_200,60,12000,validation,fills_per_event,microstructure,buy,1,10684,1.4209214713590415,2.310668081434164
event_200,60,12000,validation,fills_per_event,microstructure,buy,2,34498,1.7365232767116934,1.1409652664356875
event_200,60,12000,validation,fills_per_event,microstructure,buy,3,108763,1.959599404209152,0.4949753615238953
event_200,60,12000,validation,fills_per_event,microstructure,buy,4,236874,2.2477345550799157,-0.03478763367128477
event_200,60,12000,validation,fills_per_event,microstructure,buy,5,477598,3.0894230398787266,-0.23867444269723498
event_200,60,12000,later_sandbox,fills_per_event,microstructure,buy,1,7576,1.4952679514255542,-0.0655765492722417
event_200,60,12000,later_sandbox,fills_per_event,microstructure,buy,2,35910,1.7354554441659706,-0.006275335918340144
event_200,60,12000,later_sandbox,fills_per_event,microstructure,buy,3,104182,1.9576571768635658,0.07088793175018884
event_200,60,12000,later_sandbox,fills_per_event,microstructure,buy,4,193967,2.2414239535591105,-0.018932546870566676
event_200,60,12000,later_sandbox,fills_per_event,microstructure,buy,5,283717,3.166788472315723,-0.07319372487579114
event_200,60,12000,validation,price_levels_per_event,microstructure,sell,1,114232,1.2543485188038377,-0.05983263196676667
event_200,60,12000,validation,price_levels_per_event,microstructure,sell,2,121745,1.445113639163826,-0.1805888669380736
event_200,60,12000,validation,price_levels_per_event,microstructure,sell,3,132883,1.5922665051210463,-0.07407740358087037
event_200,60,12000,validation,price_levels_per_event,microstructure,sell,4,163607,1.7667556400398514,-0.407138110218194
event_200,60,12000,validation,price_levels_per_event,microstructure,sell,5,340067,2.299837046817245,-1.6498534794960493
event_200,60,12000,later_sandbox,price_levels_per_event,microstructure,sell,1,168247,1.2438324011720863,0.2604614176312651
event_200,60,12000,later_sandbox,price_levels_per_event,microstructure,sell,2,115884,1.4414240102171134,0.13373648271301508
event_200,60,12000,later_sandbox,price_levels_per_event,microstructure,sell,3,97419,1.589429885340642,-0.23180962917270242
event_200,60,12000,later_sandbox,price_levels_per_event,microstructure,sell,4,94173,1.7623413823495055,-0.09326268877746906
event_200,60,12000,later_sandbox,price_levels_per_event,microstructure,sell,5,154301,2.3481865315195622,-1.3926906768736167
event_200,60,12000,validation,price_levels_per_event,microstructure,buy,1,111840,1.2455897263948499,0.8154492324004713
event_200,60,12000,validation,price_levels_per_event,microstructure,buy,2,125604,1.4378600999968154,0.022479411385538047
event_200,60,12000,validation,price_levels_per_event,microstructure,buy,3,132826,1.5871473205547106,-0.07406185837451229
event_200,60,12000,validation,price_levels_per_event,microstructure,buy,4,163266,1.7615496490389915,-0.36316584942471475
event_200,60,12000,validation,price_levels_per_event,microstructure,buy,5,334881,2.2849911311779407,-0.08731725538119783
event_200,60,12000,later_sandbox,price_levels_per_event,microstructure,buy,1,162240,1.2376417036489151,-0.09721432514048373
event_200,60,12000,later_sandbox,price_levels_per_event,microstructure,buy,2,120194,1.4338047656288997,-0.02623811483600146
event_200,60,12000,later_sandbox,price_levels_per_event,microstructure,buy,3,97113,1.5841094395189108,-0.09601204336613135
event_200,60,12000,later_sandbox,price_levels_per_event,microstructure,buy,4,93794,1.757214800520289,-0.08430851946362015
event_200,60,12000,later_sandbox,price_levels_per_event,microstructure,buy,5,152011,2.3381727967055013,0.1209245700865884
event_200,60,12000,validation,abs_event_sign_imbalance,microstructure,sell,1,197878,0.03209275412122621,-0.8185316921204239
event_200,60,12000,validation,abs_event_sign_imbalance,microstructure,sell,2,193988,0.09916494834732045,-0.6770577669251802
event_200,60,12000,validation,abs_event_sign_imbalance,microstructure,sell,3,178603,0.173050620650269,-0.7979657198603133
event_200,60,12000,validation,abs_event_sign_imbalance,microstructure,sell,4,160704,0.2646553290521705,-0.8584323910258563
event_200,60,12000,validation,abs_event_sign_imbalance,microstructure,sell,5,141361,0.4497414421233579,-0.6547244413605837
event_200,60,12000,later_sandbox,abs_event_sign_imbalance,microstructure,sell,1,138858,0.03214910196027596,-0.28937981213934055
event_200,60,12000,later_sandbox,abs_event_sign_imbalance,microstructure,sell,2,137265,0.09928437693512548,-0.4505014357902186
event_200,60,12000,later_sandbox,abs_event_sign_imbalance,microstructure,sell,3,131336,0.17329673509167326,-0.29547406843062773
event_200,60,12000,later_sandbox,abs_event_sign_imbalance,microstructure,sell,4,122388,0.2650902049220512,-0.4343747896536394
event_200,60,12000,later_sandbox,abs_event_sign_imbalance,microstructure,sell,5,100177,0.4342905058047256,0.0703768594922379
event_200,60,12000,validation,abs_event_sign_imbalance,microstructure,buy,1,213873,0.0369761493970721,-0.18097619346447094
event_200,60,12000,validation,abs_event_sign_imbalance,microstructure,buy,2,180454,0.10916333248362466,-0.1371645531023137
event_200,60,12000,validation,abs_event_sign_imbalance,microstructure,buy,3,187143,0.1877244673859027,-0.17646940862554275
event_200,60,12000,validation,abs_event_sign_imbalance,microstructure,buy,4,159279,0.2889330671337716,0.034105703320237254
event_200,60,12000,validation,abs_event_sign_imbalance,microstructure,buy,5,127668,0.4789808722624307,0.679128570017671
event_200,60,12000,later_sandbox,abs_event_sign_imbalance,microstructure,buy,1,151102,0.037068536485288094,0.12025223114911147
event_200,60,12000,later_sandbox,abs_event_sign_imbalance,microstructure,buy,2,130272,0.109318579587325,0.03529175667131911
event_200,60,12000,later_sandbox,abs_event_sign_imbalance,microstructure,buy,3,137668,0.1879089548769503,-0.0035829763724983636
event_200,60,12000,later_sandbox,abs_event_sign_imbalance,microstructure,buy,4,120159,0.2892100466881382,-0.2677504041997929
event_200,60,12000,later_sandbox,abs_event_sign_imbalance,microstructure,buy,5,86151,0.46144896751053394,-0.09143829381703153
event_200,60,12000,validation,aligned_pretrend_1000_events,pretrend,sell,1,101234,-22.710970470667085,-0.7634958470324175
event_200,60,12000,validation,aligned_pretrend_1000_events,pretrend,sell,2,182696,-7.8481837990424035,-0.028421141032157825
event_200,60,12000,validation,aligned_pretrend_1000_events,pretrend,sell,3,229143,1.1588544322592114,-0.3792910457886926
event_200,60,12000,validation,aligned_pretrend_1000_events,pretrend,sell,4,225972,10.045682706817043,-0.9449516977660432
event_200,60,12000,validation,aligned_pretrend_1000_events,pretrend,sell,5,133489,25.43119249876277,-2.123073121659866
event_200,60,12000,later_sandbox,aligned_pretrend_1000_events,pretrend,sell,1,29818,-19.61131838242947,0.08880938620904602
event_200,60,12000,later_sandbox,aligned_pretrend_1000_events,pretrend,sell,2,139019,-7.321372334630012,0.1556915636789677
event_200,60,12000,later_sandbox,aligned_pretrend_1000_events,pretrend,sell,3,242933,1.193025843390243,-0.18633271450554176
event_200,60,12000,later_sandbox,aligned_pretrend_1000_events,pretrend,sell,4,178787,9.490547878792613,-0.6578738085572117
event_200,60,12000,later_sandbox,aligned_pretrend_1000_events,pretrend,sell,5,39467,22.04518746113451,-1.224968624864933
event_200,60,12000,validation,aligned_pretrend_1000_events,pretrend,buy,1,103714,-22.497445158030896,0.3761648017962455
event_200,60,12000,validation,aligned_pretrend_1000_events,pretrend,buy,2,190947,-7.604760349792281,0.3939397462310114
event_200,60,12000,validation,aligned_pretrend_1000_events,pretrend,buy,3,230207,1.567275081994334,-0.038767109542298915
event_200,60,12000,validation,aligned_pretrend_1000_events,pretrend,buy,4,212592,10.567177696642336,-0.2411291553471901
event_200,60,12000,validation,aligned_pretrend_1000_events,pretrend,buy,5,130957,26.19552385209924,-0.44591811991490654
event_200,60,12000,later_sandbox,aligned_pretrend_1000_events,pretrend,buy,1,29966,-19.129373538131876,0.9264863875154375
event_200,60,12000,later_sandbox,aligned_pretrend_1000_events,pretrend,buy,2,147421,-7.070327026593311,0.3083985274116816
event_200,60,12000,later_sandbox,aligned_pretrend_1000_events,pretrend,buy,3,245406,1.5911002648568866,-0.1760172969207919
event_200,60,12000,later_sandbox,aligned_pretrend_1000_events,pretrend,buy,4,165662,10.01280028313687,-0.3400672072394997
event_200,60,12000,later_sandbox,aligned_pretrend_1000_events,pretrend,buy,5,36897,22.6180489287052,0.23115434729286294
event_200,60,12000,validation,aligned_flow_persistence_1000_events,flow_persistence,sell,1,186231,-0.34062169701349054,0.37883582442160546
event_200,60,12000,validation,aligned_flow_persistence_1000_events,flow_persistence,sell,2,141651,-0.11243840798773866,-0.07374695265592963
event_200,60,12000,validation,aligned_flow_persistence_1000_events,flow_persistence,sell,3,137248,0.016314283684791972,-0.28277717746219244
event_200,60,12000,validation,aligned_flow_persistence_1000_events,flow_persistence,sell,4,160462,0.14599698466547067,-0.6188814386293265
event_200,60,12000,validation,aligned_flow_persistence_1000_events,flow_persistence,sell,5,246942,0.3851866131116678,-2.382432627175678
event_200,60,12000,later_sandbox,aligned_flow_persistence_1000_events,flow_persistence,sell,1,142009,-0.3550593447876176,0.4924657430471162
event_200,60,12000,later_sandbox,aligned_flow_persistence_1000_events,flow_persistence,sell,2,91070,-0.11280911961579182,0.047047440196855035
event_200,60,12000,later_sandbox,aligned_flow_persistence_1000_events,flow_persistence,sell,3,87570,0.01658818341302219,-0.25813768352613875
event_200,60,12000,later_sandbox,aligned_flow_persistence_1000_events,flow_persistence,sell,4,106199,0.1467766830186971,-0.4843868012400177
event_200,60,12000,later_sandbox,aligned_flow_persistence_1000_events,flow_persistence,sell,5,203176,0.402710907229356,-0.920935298085416
event_200,60,12000,validation,aligned_flow_persistence_1000_events,flow_persistence,buy,1,195374,-0.3439405548758493,0.8855974999954306
event_200,60,12000,validation,aligned_flow_persistence_1000_events,flow_persistence,buy,2,143940,-0.11207506225235894,0.24352157663123059
event_200,60,12000,validation,aligned_flow_persistence_1000_events,flow_persistence,buy,3,138762,0.01874350577699917,0.03455197429884649
event_200,60,12000,validation,aligned_flow_persistence_1000_events,flow_persistence,buy,4,157865,0.15153266300308066,0.01602328419908136
event_200,60,12000,validation,aligned_flow_persistence_1000_events,flow_persistence,buy,5,232476,0.39001993736384266,-0.9452449205713823
event_200,60,12000,later_sandbox,aligned_flow_persistence_1000_events,flow_persistence,buy,1,145969,-0.3599537215440746,0.7504616042923747
event_200,60,12000,later_sandbox,aligned_flow_persistence_1000_events,flow_persistence,buy,2,92420,-0.11233796470078716,0.3934672698297048
event_200,60,12000,later_sandbox,aligned_flow_persistence_1000_events,flow_persistence,buy,3,88736,0.019042898852368234,-0.026519665018187435
event_200,60,12000,later_sandbox,aligned_flow_persistence_1000_events,flow_persistence,buy,4,107226,0.1523966705379687,-0.16057783923201824
event_200,60,12000,later_sandbox,aligned_flow_persistence_1000_events,flow_persistence,buy,5,191001,0.403484195655764,-0.7545118021058146
event_200,60,12000,validation,aligned_pretrend_4000_events,pretrend,sell,1,114156,-45.74636120663025,0.8882198896087938
event_200,60,12000,validation,aligned_pretrend_4000_events,pretrend,sell,2,182542,-16.80585655008362,0.17404707351329524
event_200,60,12000,validation,aligned_pretrend_4000_events,pretrend,sell,3,212421,0.3448629076716958,-0.3549309014099786
event_200,60,12000,validation,aligned_pretrend_4000_events,pretrend,sell,4,218410,17.439892909310302,-0.99267613953254
event_200,60,12000,validation,aligned_pretrend_4000_events,pretrend,sell,5,145005,47.891415972818486,-3.4984789932638574
event_200,60,12000,later_sandbox,aligned_pretrend_4000_events,pretrend,sell,1,33873,-39.20223794881956,0.2526364506220226
event_200,60,12000,later_sandbox,aligned_pretrend_4000_events,pretrend,sell,2,145896,-15.855531651760158,0.39148730466619674
event_200,60,12000,later_sandbox,aligned_pretrend_4000_events,pretrend,sell,3,218678,0.39621624726488797,-0.07615130470163134
event_200,60,12000,later_sandbox,aligned_pretrend_4000_events,pretrend,sell,4,185860,16.472217531661357,-0.8493781276069426
event_200,60,12000,later_sandbox,aligned_pretrend_4000_events,pretrend,sell,5,45717,41.265464918016335,-1.7082318476474625
event_200,60,12000,validation,aligned_pretrend_4000_events,pretrend,buy,1,116457,-44.56223737750199,1.47164507819907
event_200,60,12000,validation,aligned_pretrend_4000_events,pretrend,buy,2,197329,-15.608027597227421,0.15507678734151856
event_200,60,12000,validation,aligned_pretrend_4000_events,pretrend,buy,3,213777,1.740200056955791,0.12297351524204243
event_200,60,12000,validation,aligned_pretrend_4000_events,pretrend,buy,4,202661,18.90116793108539,-0.5632578911511328
event_200,60,12000,validation,aligned_pretrend_4000_events,pretrend,buy,5,138193,49.37512962773574,-0.8572832166829258
event_200,60,12000,later_sandbox,aligned_pretrend_4000_events,pretrend,buy,1,34665,-37.57295169160614,1.6076713418727429
event_200,60,12000,later_sandbox,aligned_pretrend_4000_events,pretrend,buy,2,162826,-14.706981867463767,0.471697930034368
event_200,60,12000,later_sandbox,aligned_pretrend_4000_events,pretrend,buy,3,220502,1.8048294146096822,-0.1005620925094817
event_200,60,12000,later_sandbox,aligned_pretrend_4000_events,pretrend,buy,4,165446,17.87954214948748,-0.614587333671533
event_200,60,12000,later_sandbox,aligned_pretrend_4000_events,pretrend,buy,5,41913,42.729421861314535,-0.631187407167047
event_200,60,12000,validation,aligned_flow_persistence_4000_events,flow_persistence,sell,1,213453,-0.22245723379927634,0.8553300227307679
event_200,60,12000,validation,aligned_flow_persistence_4000_events,flow_persistence,sell,2,136752,-0.06918454720776487,-0.03346705107509168
event_200,60,12000,validation,aligned_flow_persistence_4000_events,flow_persistence,sell,3,123982,0.007207686119640976,-0.1271334250808631
event_200,60,12000,validation,aligned_flow_persistence_4000_events,flow_persistence,sell,4,142599,0.08286992773026616,-0.6037280910749062
event_200,60,12000,validation,aligned_flow_persistence_4000_events,flow_persistence,sell,5,255748,0.24281573994218114,-2.9031639866440986
event_200,60,12000,later_sandbox,aligned_flow_persistence_4000_events,flow_persistence,sell,1,171510,-0.23613004859878678,0.9342196863221071
event_200,60,12000,later_sandbox,aligned_flow_persistence_4000_events,flow_persistence,sell,2,87675,-0.06959306431410925,-0.1564319412147253
event_200,60,12000,later_sandbox,aligned_flow_persistence_4000_events,flow_persistence,sell,3,77750,0.007100697615064142,-0.3054296784521218
event_200,60,12000,later_sandbox,aligned_flow_persistence_4000_events,flow_persistence,sell,4,90117,0.08313964236149247,-0.7596561653590198
event_200,60,12000,later_sandbox,aligned_flow_persistence_4000_events,flow_persistence,sell,5,202972,0.25847769114988534,-1.1885729987080083
event_200,60,12000,validation,aligned_flow_persistence_4000_events,flow_persistence,buy,1,229811,-0.22587846849400453,1.2740047581866454
event_200,60,12000,validation,aligned_flow_persistence_4000_events,flow_persistence,buy,2,136538,-0.07043394187420397,-0.2204041339311794
event_200,60,12000,validation,aligned_flow_persistence_4000_events,flow_persistence,buy,3,124822,0.005842948701927068,0.15752012540463997
event_200,60,12000,validation,aligned_flow_persistence_4000_events,flow_persistence,buy,4,144689,0.08378684880394133,-0.0454137798165362
event_200,60,12000,validation,aligned_flow_persistence_4000_events,flow_persistence,buy,5,232557,0.24266671569489626,-1.2045450800574504
event_200,60,12000,later_sandbox,aligned_flow_persistence_4000_events,flow_persistence,buy,1,180583,-0.24044155993123237,0.8202705176630813
event_200,60,12000,later_sandbox,aligned_flow_persistence_4000_events,flow_persistence,buy,2,87064,-0.07068639138227788,0.7639739410831282
event_200,60,12000,later_sandbox,aligned_flow_persistence_4000_events,flow_persistence,buy,3,77691,0.0057446904667287435,0.030860540441950985
event_200,60,12000,later_sandbox,aligned_flow_persistence_4000_events,flow_persistence,buy,4,92916,0.08415936851976429,-0.1464574670978786
event_200,60,12000,later_sandbox,aligned_flow_persistence_4000_events,flow_persistence,buy,5,187098,0.25669330912353483,-1.1823022396613905
event_200,60,12000,validation,aligned_pretrend_12000_events,pretrend,sell,1,128227,-77.9380587234316,0.03410307720587749
event_200,60,12000,validation,aligned_pretrend_12000_events,pretrend,sell,2,189732,-28.411409818229888,0.38089324313451445
event_200,60,12000,validation,aligned_pretrend_12000_events,pretrend,sell,3,201628,-0.4548021753957754,0.0008663928428119523
event_200,60,12000,validation,aligned_pretrend_12000_events,pretrend,sell,4,210830,27.931186334589945,-0.7789033447596994
event_200,60,12000,validation,aligned_pretrend_12000_events,pretrend,sell,5,142117,80.2616602993408,-4.073648173112225
event_200,60,12000,later_sandbox,aligned_pretrend_12000_events,pretrend,sell,1,40664,-67.20440389434133,1.0925196922473297
event_200,60,12000,later_sandbox,aligned_pretrend_12000_events,pretrend,sell,2,158197,-26.908384619427686,0.347796282255813
event_200,60,12000,later_sandbox,aligned_pretrend_12000_events,pretrend,sell,3,208335,-0.469990793763418,-0.018764847872359255
event_200,60,12000,later_sandbox,aligned_pretrend_12000_events,pretrend,sell,4,178075,26.29904611185978,-0.875568134131598
event_200,60,12000,later_sandbox,aligned_pretrend_12000_events,pretrend,sell,5,44753,69.79922566157693,-2.8279592888647804
event_200,60,12000,validation,aligned_pretrend_12000_events,pretrend,buy,1,128860,-75.98077766937045,2.027682891795317
event_200,60,12000,validation,aligned_pretrend_12000_events,pretrend,buy,2,205710,-25.974271353733727,0.17656594261976358
event_200,60,12000,validation,aligned_pretrend_12000_events,pretrend,buy,3,202626,2.3989775527861306,-0.2112598938526385
event_200,60,12000,validation,aligned_pretrend_12000_events,pretrend,buy,4,195025,30.502478665500476,-0.7329824947314744
event_200,60,12000,validation,aligned_pretrend_12000_events,pretrend,buy,5,136196,82.07210762457413,-0.8531782052253158
event_200,60,12000,later_sandbox,aligned_pretrend_12000_events,pretrend,buy,1,41296,-64.11881404548211,2.3888346087553045
event_200,60,12000,later_sandbox,aligned_pretrend_12000_events,pretrend,buy,2,179335,-24.511380670511976,0.21524734586031496
event_200,60,12000,later_sandbox,aligned_pretrend_12000_events,pretrend,buy,3,207646,2.285221713593933,0.0632932076164084
event_200,60,12000,later_sandbox,aligned_pretrend_12000_events,pretrend,buy,4,155185,28.829323064888353,-0.8413025878649204
event_200,60,12000,later_sandbox,aligned_pretrend_12000_events,pretrend,buy,5,41890,71.2103203231799,-0.8978572014290211
event_200,60,12000,validation,aligned_flow_persistence_12000_events,flow_persistence,sell,1,213869,-0.15286092376604993,0.1446444415716332
event_200,60,12000,validation,aligned_flow_persistence_12000_events,flow_persistence,sell,2,145482,-0.046232560645203466,-0.20864616243144957
event_200,60,12000,validation,aligned_flow_persistence_12000_events,flow_persistence,sell,3,128394,0.005798470742510844,0.016365838212282244
event_200,60,12000,validation,aligned_flow_persistence_12000_events,flow_persistence,sell,4,145252,0.0570470283138798,-0.22049850051513648
event_200,60,12000,validation,aligned_flow_persistence_12000_events,flow_persistence,sell,5,239537,0.16689823410787963,-2.659253963925097
event_200,60,12000,later_sandbox,aligned_flow_persistence_12000_events,flow_persistence,sell,1,174080,-0.16120633292814573,0.8340899025852287
event_200,60,12000,later_sandbox,aligned_flow_persistence_12000_events,flow_persistence,sell,2,98244,-0.046352157868370214,0.03841144220036697
event_200,60,12000,later_sandbox,aligned_flow_persistence_12000_events,flow_persistence,sell,3,82505,0.0056630658794649055,-0.2612859768982977
event_200,60,12000,later_sandbox,aligned_flow_persistence_12000_events,flow_persistence,sell,4,94368,0.057119159147126966,-0.681555981110105
event_200,60,12000,later_sandbox,aligned_flow_persistence_12000_events,flow_persistence,sell,5,180827,0.17578336645761522,-1.3827408103443988
event_200,60,12000,validation,aligned_flow_persistence_12000_events,flow_persistence,buy,1,240938,-0.15610688676474838,1.1261676255008555
event_200,60,12000,validation,aligned_flow_persistence_12000_events,flow_persistence,buy,2,144424,-0.04811750091521025,-0.30605035716434126
event_200,60,12000,validation,aligned_flow_persistence_12000_events,flow_persistence,buy,3,129131,0.0033554954878695737,-0.32788809386243967
event_200,60,12000,validation,aligned_flow_persistence_12000_events,flow_persistence,buy,4,146972,0.056395407319278466,-0.3334825682203076
event_200,60,12000,validation,aligned_flow_persistence_12000_events,flow_persistence,buy,5,206952,0.16462353988648054,-0.6771133438546044
event_200,60,12000,later_sandbox,aligned_flow_persistence_12000_events,flow_persistence,buy,1,189605,-0.16514383600867846,0.7466991696341662
event_200,60,12000,later_sandbox,aligned_flow_persistence_12000_events,flow_persistence,buy,2,95631,-0.048325612669784156,0.40432297951918056
event_200,60,12000,later_sandbox,aligned_flow_persistence_12000_events,flow_persistence,buy,3,83570,0.0033544856491687213,0.2203361692071631
event_200,60,12000,later_sandbox,aligned_flow_persistence_12000_events,flow_persistence,buy,4,96360,0.0564624150687815,-0.4137661158390352
event_200,60,12000,later_sandbox,aligned_flow_persistence_12000_events,flow_persistence,buy,5,160186,0.17255307891055413,-1.1022324033012996
event_200,60,12000,validation,expected_normalised_impact,fitted_impact,sell,1,518796,0.00152516602111387,-0.34565129229153374
event_200,60,12000,validation,expected_normalised_impact,fitted_impact,sell,2,192274,0.00680267968295351,-0.9275816426192599
event_200,60,12000,validation,expected_normalised_impact,fitted_impact,sell,3,92775,0.012390102523860075,-1.5060822856009317
event_200,60,12000,validation,expected_normalised_impact,fitted_impact,sell,4,47822,0.01941670016908455,-2.2189474522682566
event_200,60,12000,validation,expected_normalised_impact,fitted_impact,sell,5,20867,0.03161448707008648,-3.0105889084601603
event_200,60,12000,later_sandbox,expected_normalised_impact,fitted_impact,sell,1,378669,0.0016194760818481568,-0.1316120231034228
event_200,60,12000,later_sandbox,expected_normalised_impact,fitted_impact,sell,2,148896,0.00676116726157957,-0.44286226760243125
event_200,60,12000,later_sandbox,expected_normalised_impact,fitted_impact,sell,3,62877,0.01230369037703437,-0.5558335539104415
event_200,60,12000,later_sandbox,expected_normalised_impact,fitted_impact,sell,4,28847,0.019340090297849645,-0.9537692689605399
event_200,60,12000,later_sandbox,expected_normalised_impact,fitted_impact,sell,5,10735,0.030850530969302806,-0.8103345177043713
event_200,60,12000,validation,expected_normalised_impact,fitted_impact,buy,1,515344,0.0016469849034945793,-0.13465730313187488
event_200,60,12000,validation,expected_normalised_impact,fitted_impact,buy,2,191992,0.006776216894548147,-0.1520261278047496
event_200,60,12000,validation,expected_normalised_impact,fitted_impact,buy,3,91373,0.01213994943857562,0.3543930464827905
event_200,60,12000,validation,expected_normalised_impact,fitted_impact,buy,4,47541,0.018866585633228055,0.8882965844056762
event_200,60,12000,validation,expected_normalised_impact,fitted_impact,buy,5,22167,0.03111720255484569,0.8852190267775805
event_200,60,12000,later_sandbox,expected_normalised_impact,fitted_impact,buy,1,372999,0.0017280159866238647,0.08798348145153743
event_200,60,12000,later_sandbox,expected_normalised_impact,fitted_impact,buy,2,147864,0.0067578789624389325,-0.10343032493487334
event_200,60,12000,later_sandbox,expected_normalised_impact,fitted_impact,buy,3,63795,0.012073223477187896,-0.5981451774611051
event_200,60,12000,later_sandbox,expected_normalised_impact,fitted_impact,buy,4,29607,0.018784562317671016,-0.3401289599725882
event_200,60,12000,later_sandbox,expected_normalised_impact,fitted_impact,buy,5,11087,0.030100595618364576,1.1661620436839304
event_200,60,12000,validation,impact_residual,fitted_impact,sell,1,52071,-0.020736408136776262,-1.2270905624328627
event_200,60,12000,validation,impact_residual,fitted_impact,sell,2,163895,-0.007330484221898901,-1.5092725109655725
event_200,60,12000,validation,impact_residual,fitted_impact,sell,3,327654,0.00042034181568931765,-0.8275513848513563
event_200,60,12000,validation,impact_residual,fitted_impact,sell,4,253718,0.007864901746856305,-0.11171705760202578
event_200,60,12000,validation,impact_residual,fitted_impact,sell,5,75196,0.020113892109020773,-0.7391668136149553
event_200,60,12000,later_sandbox,impact_residual,fitted_impact,sell,1,35392,-0.019940241850325276,-0.7730326360649998
event_200,60,12000,later_sandbox,impact_residual,fitted_impact,sell,2,136213,-0.007270724066137081,-0.4529632593339562
event_200,60,12000,later_sandbox,impact_residual,fitted_impact,sell,3,241886,0.00023903341259843975,-0.2942031847585407
event_200,60,12000,later_sandbox,impact_residual,fitted_impact,sell,4,166049,0.007901314426416745,-0.034394395958707226
event_200,60,12000,later_sandbox,impact_residual,fitted_impact,sell,5,50484,0.019512075297280954,-0.4160890735609134
event_200,60,12000,validation,impact_residual,fitted_impact,buy,1,52323,-0.020402187951298674,0.9031236177192675
event_200,60,12000,validation,impact_residual,fitted_impact,buy,2,154329,-0.007422803357321725,-0.6578274065645355
event_200,60,12000,validation,impact_residual,fitted_impact,buy,3,313366,0.00003163861347240769,-0.21472979800217415
event_200,60,12000,validation,impact_residual,fitted_impact,buy,4,265628,0.007375357520872431,0.3794253907133721
event_200,60,12000,validation,impact_residual,fitted_impact,buy,5,82771,0.01958498626473735,0.1984173121202974
event_200,60,12000,later_sandbox,impact_residual,fitted_impact,buy,1,37367,-0.019042051829666357,-0.09702538346534446
event_200,60,12000,later_sandbox,impact_residual,fitted_impact,buy,2,126650,-0.00739754077603797,-0.4002915939060843
event_200,60,12000,later_sandbox,impact_residual,fitted_impact,buy,3,231411,-0.00010645696022795176,-0.10086291750550284
event_200,60,12000,later_sandbox,impact_residual,fitted_impact,buy,4,176086,0.0073791046990144965,0.17450085592332928
event_200,60,12000,later_sandbox,impact_residual,fitted_impact,buy,5,53838,0.01885810546689106,0.5416361427794809
event_200,60,12000,validation,marginal_impact_bps_per_btc,fitted_impact,sell,1,35873,0.03404756117391415,-2.1327976326279376
event_200,60,12000,validation,marginal_impact_bps_per_btc,fitted_impact,sell,2,101835,0.06064488396857768,-0.4751607185580259
event_200,60,12000,validation,marginal_impact_bps_per_btc,fitted_impact,sell,3,176576,0.08061754610807036,-0.8015715739466733
event_200,60,12000,validation,marginal_impact_bps_per_btc,fitted_impact,sell,4,195379,0.11612906960172141,-0.5945095964052718
event_200,60,12000,validation,marginal_impact_bps_per_btc,fitted_impact,sell,5,362871,0.18796947168370184,-0.7819438713030235
event_200,60,12000,later_sandbox,marginal_impact_bps_per_btc,fitted_impact,sell,1,31662,0.03561253528528547,-0.7517072407272394
event_200,60,12000,later_sandbox,marginal_impact_bps_per_btc,fitted_impact,sell,2,98647,0.06020881948884615,-0.5358549648844974
event_200,60,12000,later_sandbox,marginal_impact_bps_per_btc,fitted_impact,sell,3,176810,0.082015634498335,-0.5319253506733304
event_200,60,12000,later_sandbox,marginal_impact_bps_per_btc,fitted_impact,sell,4,175666,0.11428846006743087,-0.4099979421659204
event_200,60,12000,later_sandbox,marginal_impact_bps_per_btc,fitted_impact,sell,5,147239,0.16824747479156424,0.3789361259310878
event_200,60,12000,validation,marginal_impact_bps_per_btc,fitted_impact,buy,1,38609,0.03579507901016546,1.2001746047707225
event_200,60,12000,validation,marginal_impact_bps_per_btc,fitted_impact,buy,2,113060,0.0631209849848566,0.17106633354489095
event_200,60,12000,validation,marginal_impact_bps_per_btc,fitted_impact,buy,3,165953,0.08319483685351894,0.1675067024443274
event_200,60,12000,validation,marginal_impact_bps_per_btc,fitted_impact,buy,4,194631,0.11940229755532716,-0.3569014477027602
event_200,60,12000,validation,marginal_impact_bps_per_btc,fitted_impact,buy,5,356164,0.19146449159534246,-0.07962616867984207
event_200,60,12000,later_sandbox,marginal_impact_bps_per_btc,fitted_impact,buy,1,34142,0.03744644898567378,-0.11344857057835867
event_200,60,12000,later_sandbox,marginal_impact_bps_per_btc,fitted_impact,buy,2,108352,0.0626065669409467,0.011840259024288622
event_200,60,12000,later_sandbox,marginal_impact_bps_per_btc,fitted_impact,buy,3,175440,0.08471935373751485,0.31302297875715296
event_200,60,12000,later_sandbox,marginal_impact_bps_per_btc,fitted_impact,buy,4,169704,0.11785227349971343,-0.08113075250380106
event_200,60,12000,later_sandbox,marginal_impact_bps_per_btc,fitted_impact,buy,5,137714,0.1717251078028844,-0.40906222260124064
event_200,80,16000,validation,log_abs_signed_imbalance,imbalance,sell,1,401815,1.4802453783911589,-0.3750043050616505
event_200,80,16000,validation,log_abs_signed_imbalance,imbalance,sell,2,230873,2.9835537723120176,-1.0266034891234948
event_200,80,16000,validation,log_abs_signed_imbalance,imbalance,sell,3,121759,3.6245092593574864,-1.2468369202358023
event_200,80,16000,validation,log_abs_signed_imbalance,imbalance,sell,4,71089,4.152588808908366,-1.7927301190687674
event_200,80,16000,validation,log_abs_signed_imbalance,imbalance,sell,5,46998,4.905013891640491,-3.1915906066712125
event_200,80,16000,later_sandbox,log_abs_signed_imbalance,imbalance,sell,1,336398,1.4281118762857563,-0.11401033201343827
event_200,80,16000,later_sandbox,log_abs_signed_imbalance,imbalance,sell,2,156267,2.9738835029639494,-0.5104596487106845
event_200,80,16000,later_sandbox,log_abs_signed_imbalance,imbalance,sell,3,72631,3.619994255781439,-0.7373458452351261
event_200,80,16000,later_sandbox,log_abs_signed_imbalance,imbalance,sell,4,38828,4.149275631350743,-1.124535977901026
event_200,80,16000,later_sandbox,log_abs_signed_imbalance,imbalance,sell,5,25890,4.894434458762955,-1.3829734511335465
event_200,80,16000,validation,log_abs_signed_imbalance,imbalance,buy,1,406458,1.4916781302052586,-0.040133849739814195
event_200,80,16000,validation,log_abs_signed_imbalance,imbalance,buy,2,228278,2.9833102630148085,0.047999472413539426
event_200,80,16000,validation,log_abs_signed_imbalance,imbalance,buy,3,120169,3.6126335822813664,-0.1816569957429909
event_200,80,16000,validation,log_abs_signed_imbalance,imbalance,buy,4,68795,4.130886969586872,0.7894854182888286
event_200,80,16000,validation,log_abs_signed_imbalance,imbalance,buy,5,44717,4.87236023023731,0.8592689004330337
event_200,80,16000,later_sandbox,log_abs_signed_imbalance,imbalance,buy,1,337269,1.4367519780699107,-0.037086971905205185
event_200,80,16000,later_sandbox,log_abs_signed_imbalance,imbalance,buy,2,153398,2.9738729441250777,0.04070201079463501
event_200,80,16000,later_sandbox,log_abs_signed_imbalance,imbalance,buy,3,71586,3.609740690763653,-0.10187590424805926
event_200,80,16000,later_sandbox,log_abs_signed_imbalance,imbalance,buy,4,37703,4.128459968535556,-0.5587661765528923
event_200,80,16000,later_sandbox,log_abs_signed_imbalance,imbalance,buy,5,25386,4.871140020281269,0.37422839596159074
event_200,80,16000,validation,absolute_imbalance_ratio,imbalance,sell,1,162539,0.05589920811858708,-0.4187287722905064
event_200,80,16000,validation,absolute_imbalance_ratio,imbalance,sell,2,166031,0.17130671187699886,-0.5697351391994778
event_200,80,16000,validation,absolute_imbalance_ratio,imbalance,sell,3,169692,0.2973271129529378,-0.8925062201082027
event_200,80,16000,validation,absolute_imbalance_ratio,imbalance,sell,4,178216,0.4468437721143828,-1.1133463570878925
event_200,80,16000,validation,absolute_imbalance_ratio,imbalance,sell,5,196056,0.6794064841898885,-1.5527809137564164
event_200,80,16000,later_sandbox,absolute_imbalance_ratio,imbalance,sell,1,113411,0.05579016929058067,-0.26904431593191874
event_200,80,16000,later_sandbox,absolute_imbalance_ratio,imbalance,sell,2,115960,0.17145967578347998,-0.15361255621015546
event_200,80,16000,later_sandbox,absolute_imbalance_ratio,imbalance,sell,3,120317,0.2972005392935384,-0.3950462272339692
event_200,80,16000,later_sandbox,absolute_imbalance_ratio,imbalance,sell,4,128242,0.44682630671536033,-0.6554307978061759
event_200,80,16000,later_sandbox,absolute_imbalance_ratio,imbalance,sell,5,152084,0.6843519994352543,-0.46838357126414765
event_200,80,16000,validation,absolute_imbalance_ratio,imbalance,buy,1,165380,0.056945227115806844,0.09569617446606737
event_200,80,16000,validation,absolute_imbalance_ratio,imbalance,buy,2,167484,0.17374242628502956,0.2395849522489638
event_200,80,16000,validation,absolute_imbalance_ratio,imbalance,buy,3,169830,0.30098596096579733,0.04485284057884618
event_200,80,16000,validation,absolute_imbalance_ratio,imbalance,buy,4,174341,0.4496193564108226,0.07601835686890744
event_200,80,16000,validation,absolute_imbalance_ratio,imbalance,buy,5,191382,0.6791489729311055,-0.058896955981096885
event_200,80,16000,later_sandbox,absolute_imbalance_ratio,imbalance,buy,1,115241,0.05707447672944611,0.18300264190332283
event_200,80,16000,later_sandbox,absolute_imbalance_ratio,imbalance,buy,2,118445,0.1738907201866121,0.15824108145890067
event_200,80,16000,later_sandbox,absolute_imbalance_ratio,imbalance,buy,3,120525,0.3011374400925885,-0.11964431405556897
event_200,80,16000,later_sandbox,absolute_imbalance_ratio,imbalance,buy,4,124508,0.44980035014100556,-0.22282721538560898
event_200,80,16000,later_sandbox,absolute_imbalance_ratio,imbalance,buy,5,146623,0.6835793057087542,-0.15545267056339754
event_200,80,16000,validation,normalised_imbalance,imbalance,sell,1,518796,0.00001801875827343986,-0.4730856705524091
event_200,80,16000,validation,normalised_imbalance,imbalance,sell,2,192274,0.00006887478208250856,-1.0223425065988576
event_200,80,16000,validation,normalised_imbalance,imbalance,sell,3,92775,0.00014099300349699727,-1.7966278102583408
event_200,80,16000,validation,normalised_imbalance,imbalance,sell,4,47822,0.00026920540625393745,-2.619216086701005
event_200,80,16000,validation,normalised_imbalance,imbalance,sell,5,20867,0.0007013239262940904,-3.9780338367724473
event_200,80,16000,later_sandbox,normalised_imbalance,imbalance,sell,1,378662,0.00001881180617945382,-0.2274908333007678
event_200,80,16000,later_sandbox,normalised_imbalance,imbalance,sell,2,148894,0.00006840831244742548,-0.434190450285274
event_200,80,16000,later_sandbox,normalised_imbalance,imbalance,sell,3,62877,0.00013968914785817917,-0.8175082475890766
event_200,80,16000,later_sandbox,normalised_imbalance,imbalance,sell,4,28846,0.0002674887493843591,-1.2495784325511732
event_200,80,16000,later_sandbox,normalised_imbalance,imbalance,sell,5,10735,0.0006481057612752922,-1.2021783796599659
event_200,80,16000,validation,normalised_imbalance,imbalance,buy,1,515344,0.00001777626276495554,-0.13202012447576117
event_200,80,16000,validation,normalised_imbalance,imbalance,buy,2,191992,0.00006636298651587793,-0.005648152560895526
event_200,80,16000,validation,normalised_imbalance,imbalance,buy,3,91373,0.00013357658240452226,0.5234340038821623
event_200,80,16000,validation,normalised_imbalance,imbalance,buy,4,47541,0.00025069497003194565,1.19425921404816
event_200,80,16000,validation,normalised_imbalance,imbalance,buy,5,22167,0.0006677549811005269,1.356417337438386
event_200,80,16000,later_sandbox,normalised_imbalance,imbalance,buy,1,372994,0.000018446773389569077,0.09429645303459368
event_200,80,16000,later_sandbox,normalised_imbalance,imbalance,buy,2,147861,0.00006616180797239901,-0.17443398605712224
event_200,80,16000,later_sandbox,normalised_imbalance,imbalance,buy,3,63794,0.0001326072703715695,-0.6162333770511236
event_200,80,16000,later_sandbox,normalised_imbalance,imbalance,buy,4,29606,0.0002489934882371222,-0.34360454983665983
event_200,80,16000,later_sandbox,normalised_imbalance,imbalance,buy,5,11087,0.0006021618146229465,1.3511458749395568
event_200,80,16000,validation,log_gross_volume,volume,sell,1,740489,3.8278701055570368,-0.6608868168025577
event_200,80,16000,validation,log_gross_volume,volume,sell,2,55888,4.727218893800317,-1.6553033748305896
event_200,80,16000,validation,log_gross_volume,volume,sell,3,31322,4.963594092869722,-2.2881155592809566
event_200,80,16000,validation,log_gross_volume,volume,sell,4,22486,5.185418766176363,-2.9303623126860336
event_200,80,16000,validation,log_gross_volume,volume,sell,5,22349,5.617292296714966,-4.362668124294716
event_200,80,16000,later_sandbox,log_gross_volume,volume,sell,1,577804,3.661604522135239,-0.28016771975518223
event_200,80,16000,later_sandbox,log_gross_volume,volume,sell,2,24084,4.724226977181326,-1.3123361929584623
event_200,80,16000,later_sandbox,log_gross_volume,volume,sell,3,12297,4.962391807552532,-1.9607638626946444
event_200,80,16000,later_sandbox,log_gross_volume,volume,sell,4,8007,5.182473886115377,-1.4703417028866002
event_200,80,16000,later_sandbox,log_gross_volume,volume,sell,5,7822,5.637083364803362,-2.7832784489371236
event_200,80,16000,validation,log_gross_volume,volume,buy,1,735961,3.8146513039270378,-0.09379679591675354
event_200,80,16000,validation,log_gross_volume,volume,buy,2,56813,4.701847118163421,0.885927795766483
event_200,80,16000,validation,log_gross_volume,volume,buy,3,31511,4.942354599946812,0.8367899641651759
event_200,80,16000,validation,log_gross_volume,volume,buy,4,22518,5.166169895954237,1.508303058910305
event_200,80,16000,validation,log_gross_volume,volume,buy,5,21614,5.5883447092830405,1.1065997748651153
event_200,80,16000,later_sandbox,log_gross_volume,volume,buy,1,571972,3.658081189700782,-0.039409101456963996
event_200,80,16000,later_sandbox,log_gross_volume,volume,buy,2,25137,4.698393597008033,-0.3013558608015134
event_200,80,16000,later_sandbox,log_gross_volume,volume,buy,3,12596,4.941641126303612,-0.48425866091754777
event_200,80,16000,later_sandbox,log_gross_volume,volume,buy,4,7953,5.1628627412154495,0.5184176246422137
event_200,80,16000,later_sandbox,log_gross_volume,volume,buy,5,7684,5.622632614373034,0.9068538682759676
event_200,80,16000,validation,bar_volume_fraction_24h,volume,sell,1,735946,0.00011464081245762182,-0.6034241300448472
event_200,80,16000,validation,bar_volume_fraction_24h,volume,sell,2,74458,0.0003410938069648236,-2.3486499967719583
event_200,80,16000,validation,bar_volume_fraction_24h,volume,sell,3,35795,0.0005288431862351126,-3.027875786142449
event_200,80,16000,validation,bar_volume_fraction_24h,volume,sell,4,18591,0.0008395003061821052,-2.915221043363514
event_200,80,16000,validation,bar_volume_fraction_24h,volume,sell,5,7744,0.001668261829740686,-4.572536295039831
event_200,80,16000,later_sandbox,bar_volume_fraction_24h,volume,sell,1,569006,0.0001177852806583781,-0.2884813485701681
event_200,80,16000,later_sandbox,bar_volume_fraction_24h,volume,sell,2,39683,0.0003375629143307398,-1.1401210554542942
event_200,80,16000,later_sandbox,bar_volume_fraction_24h,volume,sell,3,14435,0.0005238960626275024,-2.0274386745241975
event_200,80,16000,later_sandbox,bar_volume_fraction_24h,volume,sell,4,5374,0.0008260708394686088,-1.6753565876882521
event_200,80,16000,later_sandbox,bar_volume_fraction_24h,volume,sell,5,1516,0.0015479884080737468,-2.2976198164161072
event_200,80,16000,validation,bar_volume_fraction_24h,volume,buy,1,722871,0.00011061417843010234,-0.21458067122843355
event_200,80,16000,validation,bar_volume_fraction_24h,volume,buy,2,78404,0.0003194439510975341,1.2397750668556915
event_200,80,16000,validation,bar_volume_fraction_24h,volume,buy,3,38451,0.0004968855257915539,2.2277278502533324
event_200,80,16000,validation,bar_volume_fraction_24h,volume,buy,4,20074,0.0007921246455695803,1.5767060229759502
event_200,80,16000,validation,bar_volume_fraction_24h,volume,buy,5,8617,0.0016097549253958287,0.7140763944507711
event_200,80,16000,later_sandbox,bar_volume_fraction_24h,volume,buy,1,557633,0.00011529348586278698,-0.07865627017931931
event_200,80,16000,later_sandbox,bar_volume_fraction_24h,volume,buy,2,44720,0.0003160596573720826,0.022505469848493432
event_200,80,16000,later_sandbox,bar_volume_fraction_24h,volume,buy,3,15926,0.0004898294463509585,0.3983061207913269
event_200,80,16000,later_sandbox,bar_volume_fraction_24h,volume,buy,4,5523,0.0007735424299770063,1.3800183699071376
event_200,80,16000,later_sandbox,bar_volume_fraction_24h,volume,buy,5,1540,0.001488573404484464,2.4448416290547588
event_200,80,16000,validation,log_duration,activity,sell,1,549049,1.615751896786758,-1.0949802447948223
event_200,80,16000,validation,log_duration,activity,sell,2,213162,2.9376200162912016,0.026498839125092932
event_200,80,16000,validation,log_duration,activity,sell,3,73320,3.605170927177626,-2.0923643430603596
event_200,80,16000,validation,log_duration,activity,sell,4,30005,4.187216266515394,-1.953893557826169
event_200,80,16000,validation,log_duration,activity,sell,5,6998,4.755329469962083,-1.338207031441989
event_200,80,16000,later_sandbox,log_duration,activity,sell,1,373644,1.7027786228041197,-0.849523960592411
event_200,80,16000,later_sandbox,log_duration,activity,sell,2,224395,2.918837597607151,0.03344122323569045
event_200,80,16000,later_sandbox,log_duration,activity,sell,3,30770,3.547413892241835,1.9661972597545043
event_200,80,16000,later_sandbox,log_duration,activity,sell,4,1204,4.035395078129708,-1.4558473186919307
event_200,80,16000,later_sandbox,log_duration,activity,sell,5,1,4.609351432381314,24.760653886929884
event_200,80,16000,validation,log_duration,activity,buy,1,561478,1.6329294573307966,-0.041403872500221414
event_200,80,16000,validation,log_duration,activity,buy,2,197586,2.9434454240939423,-0.6874944777392717
event_200,80,16000,validation,log_duration,activity,buy,3,69090,3.5806700351028304,2.2343212695567316
event_200,80,16000,validation,log_duration,activity,buy,4,30578,4.136723448324074,1.9073303894342193
event_200,80,16000,validation,log_duration,activity,buy,5,9685,4.720790948569589,1.2335135526023784
event_200,80,16000,later_sandbox,log_duration,activity,buy,1,379519,1.7263938688380818,0.19786002292755633
event_200,80,16000,later_sandbox,log_duration,activity,buy,2,212233,2.9258172379036127,-0.3151014824902064
event_200,80,16000,later_sandbox,log_duration,activity,buy,3,31905,3.529461789331486,-1.1447747377434176
event_200,80,16000,later_sandbox,log_duration,activity,buy,4,1684,3.995269033612359,1.9065646351136807
event_200,80,16000,later_sandbox,log_duration,activity,buy,5,1,4.499476281429027,-27.888397742577634
event_200,80,16000,validation,relative_flow_rate,activity,sell,1,192270,0.33023005709012454,-0.8335719271434323
event_200,80,16000,validation,relative_flow_rate,activity,sell,2,184913,0.6459848539927455,0.06520459560889771
event_200,80,16000,validation,relative_flow_rate,activity,sell,3,184532,1.1172025170992381,0.12101011583326676
event_200,80,16000,validation,relative_flow_rate,activity,sell,4,179800,2.28093998884598,-0.7541319961614219
event_200,80,16000,validation,relative_flow_rate,activity,sell,5,131019,12.523726242366832,-4.239662753200994
event_200,80,16000,later_sandbox,relative_flow_rate,activity,sell,1,170601,0.3151421732622891,0.07579551902091732
event_200,80,16000,later_sandbox,relative_flow_rate,activity,sell,2,126466,0.6425801716301727,0.18486846258165274
event_200,80,16000,later_sandbox,relative_flow_rate,activity,sell,3,116766,1.1155629882292148,-0.2603802434458759
event_200,80,16000,later_sandbox,relative_flow_rate,activity,sell,4,116119,2.2937336529305155,-0.5299142851514538
event_200,80,16000,later_sandbox,relative_flow_rate,activity,sell,5,100062,15.46217150442681,-1.9539622156705456
event_200,80,16000,validation,relative_flow_rate,activity,buy,1,181815,0.3248149601613496,0.8585403581236556
event_200,80,16000,validation,relative_flow_rate,activity,buy,2,181309,0.630877391278814,-0.5296298203013954
event_200,80,16000,validation,relative_flow_rate,activity,buy,3,184105,1.0897603210945872,-1.1172445451956154
event_200,80,16000,validation,relative_flow_rate,activity,buy,4,186204,2.21005661981612,-0.42378788916310967
event_200,80,16000,validation,relative_flow_rate,activity,buy,5,134984,10.952922165815071,2.1490249325862085
event_200,80,16000,later_sandbox,relative_flow_rate,activity,buy,1,164205,0.3101945795279961,-0.023954114732098977
event_200,80,16000,later_sandbox,relative_flow_rate,activity,buy,2,124865,0.6274544070349269,-0.39927080104338813
event_200,80,16000,later_sandbox,relative_flow_rate,activity,buy,3,117266,1.087403612081496,-0.35862113761300196
event_200,80,16000,later_sandbox,relative_flow_rate,activity,buy,4,116051,2.214735309762355,-0.38808630882002343
event_200,80,16000,later_sandbox,relative_flow_rate,activity,buy,5,102955,14.091833195965858,1.1243323595575754
event_200,80,16000,validation,normalised_range,volatility,sell,1,595429,0.011577092214979559,-0.5559183496623762
event_200,80,16000,validation,normalised_range,volatility,sell,2,159094,0.02279006053659017,-1.1598979989153486
event_200,80,16000,validation,normalised_range,volatility,sell,3,71286,0.031136705178754057,-1.4284944128063486
event_200,80,16000,validation,normalised_range,volatility,sell,4,32209,0.04210508485626767,-3.252761904017604
event_200,80,16000,validation,normalised_range,volatility,sell,5,14516,0.07330993839585968,-6.531426383451795
event_200,80,16000,later_sandbox,normalised_range,volatility,sell,1,464034,0.0113080843516498,-0.2055644200760199
event_200,80,16000,later_sandbox,normalised_range,volatility,sell,2,106270,0.022704464515560952,-0.5809112338944814
event_200,80,16000,later_sandbox,normalised_range,volatility,sell,3,40209,0.03098922388817615,-0.6137382539270965
event_200,80,16000,later_sandbox,normalised_range,volatility,sell,4,13850,0.04167456104036573,-1.7748623048197385
event_200,80,16000,later_sandbox,normalised_range,volatility,sell,5,5651,0.08777937620895118,-7.92102565446113
event_200,80,16000,validation,normalised_range,volatility,buy,1,574562,0.011271742408512338,-0.26915842365439113
event_200,80,16000,validation,normalised_range,volatility,buy,2,164583,0.021908473884532573,0.10600922719714008
event_200,80,16000,validation,normalised_range,volatility,buy,3,77839,0.029882903639606943,0.8265980344620764
event_200,80,16000,validation,normalised_range,volatility,buy,4,36084,0.040446921769080976,1.9678911543473356
event_200,80,16000,validation,normalised_range,volatility,buy,5,15349,0.07049100313569585,4.3912615330276665
event_200,80,16000,later_sandbox,normalised_range,volatility,buy,1,443153,0.011101831582621433,-0.15587104770013005
event_200,80,16000,later_sandbox,normalised_range,volatility,buy,2,113541,0.021849605183986983,-0.20222705269333338
event_200,80,16000,later_sandbox,normalised_range,volatility,buy,3,46534,0.029738845601554077,0.038950323859675645
event_200,80,16000,later_sandbox,normalised_range,volatility,buy,4,16647,0.04009659171937792,0.6514035280803055
event_200,80,16000,later_sandbox,normalised_range,volatility,buy,5,5467,0.08011350152971138,9.924051369499711
event_200,80,16000,validation,log_trailing_volatility,volatility,sell,1,26786,5.202725900678928,-2.793908744408344
event_200,80,16000,validation,log_trailing_volatility,volatility,sell,2,45845,5.568229627586321,-0.9577551130936883
event_200,80,16000,validation,log_trailing_volatility,volatility,sell,3,85717,5.801319768766178,-1.6273397931886897
event_200,80,16000,validation,log_trailing_volatility,volatility,sell,4,293597,6.0628005085074115,-0.7208748716551325
event_200,80,16000,validation,log_trailing_volatility,volatility,sell,5,420589,6.621872688663176,-0.8251986095379836
event_200,80,16000,later_sandbox,log_trailing_volatility,volatility,sell,1,10781,5.374931846644273,-2.9025293370195193
event_200,80,16000,later_sandbox,log_trailing_volatility,volatility,sell,2,157388,5.569427681512161,0.5762220290688035
event_200,80,16000,later_sandbox,log_trailing_volatility,volatility,sell,3,214592,5.785259085984961,-0.8437946101825606
event_200,80,16000,later_sandbox,log_trailing_volatility,volatility,sell,4,195779,6.034204769276512,-0.7799152411554839
event_200,80,16000,later_sandbox,log_trailing_volatility,volatility,sell,5,51474,6.627732235398194,0.45111430584396117
event_200,80,16000,validation,log_trailing_volatility,volatility,buy,1,32715,5.219774575081005,2.058202829194823
event_200,80,16000,validation,log_trailing_volatility,volatility,buy,2,47718,5.588435374498423,0.6387834785759421
event_200,80,16000,validation,log_trailing_volatility,volatility,buy,3,94959,5.824314456023298,1.2329734844493085
event_200,80,16000,validation,log_trailing_volatility,volatility,buy,4,315169,6.096470659702814,0.15047011995694218
event_200,80,16000,validation,log_trailing_volatility,volatility,buy,5,377856,6.666043350148933,-0.5207525761608914
event_200,80,16000,later_sandbox,log_trailing_volatility,volatility,buy,1,15311,5.394310225592118,1.91994299404531
event_200,80,16000,later_sandbox,log_trailing_volatility,volatility,buy,2,177868,5.590563011915048,-0.8982039437761801
event_200,80,16000,later_sandbox,log_trailing_volatility,volatility,buy,3,211109,5.8098498820850475,0.3359944109346983
event_200,80,16000,later_sandbox,log_trailing_volatility,volatility,buy,4,180583,6.0637654115408735,0.22205797309843742
event_200,80,16000,later_sandbox,log_trailing_volatility,volatility,buy,5,40471,6.7190444848129,-0.14307562491932646
event_200,80,16000,validation,return_efficiency,impact,sell,1,177878,-0.41460147042134504,-1.2909268021215277
event_200,80,16000,validation,return_efficiency,impact,sell,2,167910,0.14456345596048065,-1.0880987439928638
event_200,80,16000,validation,return_efficiency,impact,sell,3,162622,0.46721532412896083,-1.1795861254260345
event_200,80,16000,validation,return_efficiency,impact,sell,4,169947,0.6960689209204057,-0.7671022040494135
event_200,80,16000,validation,return_efficiency,impact,sell,5,194177,0.912132244131152,-0.4245057578823806
event_200,80,16000,later_sandbox,return_efficiency,impact,sell,1,141759,-0.4427649008702046,-0.5082774244803269
event_200,80,16000,later_sandbox,return_efficiency,impact,sell,2,118903,0.13927889749432135,-0.5942785289676633
event_200,80,16000,later_sandbox,return_efficiency,impact,sell,3,109395,0.4666587302164502,-0.3889213335798735
event_200,80,16000,later_sandbox,return_efficiency,impact,sell,4,113211,0.6966968880009325,-0.4309668688983349
event_200,80,16000,later_sandbox,return_efficiency,impact,sell,5,146746,0.9199785769296226,-0.11648043865060541
event_200,80,16000,validation,return_efficiency,impact,buy,1,176623,-0.4205642719103682,-0.37441513361459916
event_200,80,16000,validation,return_efficiency,impact,buy,2,166210,0.14333882748073312,0.10749897816856667
event_200,80,16000,validation,return_efficiency,impact,buy,3,159728,0.46737949502061904,0.0643817024972356
event_200,80,16000,validation,return_efficiency,impact,buy,4,164063,0.6945426882768635,0.014883287209769305
event_200,80,16000,validation,return_efficiency,impact,buy,5,201793,0.9118298879586952,0.5009544343635116
event_200,80,16000,later_sandbox,return_efficiency,impact,buy,1,139104,-0.4467041135487242,-0.14524184883044816
event_200,80,16000,later_sandbox,return_efficiency,impact,buy,2,118631,0.139245672369252,-0.06853944188231968
event_200,80,16000,later_sandbox,return_efficiency,impact,buy,3,108684,0.46696289928548873,0.04812781962037724
event_200,80,16000,later_sandbox,return_efficiency,impact,buy,4,110577,0.69480138578967,-0.056179955866234574
event_200,80,16000,later_sandbox,return_efficiency,impact,buy,5,148346,0.918619199899169,0.028255195623987588
event_200,80,16000,validation,normalised_signed_impact,impact,sell,1,154662,-0.007396684579847964,-1.375397866301576
event_200,80,16000,validation,normalised_signed_impact,impact,sell,2,361039,0.0033456127076851956,-0.7275216125460807
event_200,80,16000,validation,normalised_signed_impact,impact,sell,3,231019,0.01209307863771876,-0.5377587914038212
event_200,80,16000,validation,normalised_signed_impact,impact,sell,4,98817,0.022418761351066845,-1.1253954270384718
event_200,80,16000,validation,normalised_signed_impact,impact,sell,5,26997,0.0417991511367938,-3.931051861526143
event_200,80,16000,later_sandbox,normalised_signed_impact,impact,sell,1,122202,-0.007077008570092955,-0.5051199211599554
event_200,80,16000,later_sandbox,normalised_signed_impact,impact,sell,2,265783,0.0032106880853568134,-0.32423855362530374
event_200,80,16000,later_sandbox,normalised_signed_impact,impact,sell,3,162327,0.012089692956817999,-0.2929511187906757
event_200,80,16000,later_sandbox,normalised_signed_impact,impact,sell,4,67405,0.022234472028686784,-0.42306384762721655
event_200,80,16000,later_sandbox,normalised_signed_impact,impact,sell,5,12297,0.03998126614408359,-2.209435005754304
event_200,80,16000,validation,normalised_signed_impact,impact,buy,1,154914,-0.007267162835490079,-0.3661620880581694
event_200,80,16000,validation,normalised_signed_impact,impact,buy,2,348007,0.0032417338637300967,0.07531532519851213
event_200,80,16000,validation,normalised_signed_impact,impact,buy,3,230898,0.01179143576189266,0.061338086531252
event_200,80,16000,validation,normalised_signed_impact,impact,buy,4,105053,0.021852240132240387,0.47100736790995124
event_200,80,16000,validation,normalised_signed_impact,impact,buy,5,29545,0.0406878456704263,1.097354250283453
event_200,80,16000,later_sandbox,normalised_signed_impact,impact,buy,1,121710,-0.007064365557763956,-0.15067806261085318
event_200,80,16000,later_sandbox,normalised_signed_impact,impact,buy,2,256790,0.0031445372960639552,-0.06273897606688193
event_200,80,16000,later_sandbox,normalised_signed_impact,impact,buy,3,161542,0.01178742998902485,-0.14710764992629907
event_200,80,16000,later_sandbox,normalised_signed_impact,impact,buy,4,70894,0.02170544070706861,0.06986876898744454
event_200,80,16000,later_sandbox,normalised_signed_impact,impact,buy,5,14406,0.03850393489165993,1.953074391820372
event_200,80,16000,validation,fills_per_event,microstructure,sell,1,11533,1.4534535680221972,-1.2197800841352646
event_200,80,16000,validation,fills_per_event,microstructure,sell,2,39660,1.7635583711548162,-0.2621537351252429
event_200,80,16000,validation,fills_per_event,microstructure,sell,3,111370,1.9852578791416,-0.24124252841863478
event_200,80,16000,validation,fills_per_event,microstructure,sell,4,234208,2.27200296317803,-0.4425352045418753
event_200,80,16000,validation,fills_per_event,microstructure,sell,5,475763,3.14538120871106,-1.3913977318535362
event_200,80,16000,later_sandbox,fills_per_event,microstructure,sell,1,9028,1.5209071776694727,0.6462344175031379
event_200,80,16000,later_sandbox,fills_per_event,microstructure,sell,2,42546,1.7620612983594228,0.27845887626699256
event_200,80,16000,later_sandbox,fills_per_event,microstructure,sell,3,105611,1.9832612133205823,0.03348105788176144
event_200,80,16000,later_sandbox,fills_per_event,microstructure,sell,4,191918,2.265863597994977,-0.11149495225351945
event_200,80,16000,later_sandbox,fills_per_event,microstructure,sell,5,280911,3.2297365357711163,-0.8933906920947334
event_200,80,16000,validation,fills_per_event,microstructure,buy,1,10684,1.4209214713590415,2.580510442681893
event_200,80,16000,validation,fills_per_event,microstructure,buy,2,34498,1.7365232767116934,1.3607183715585756
event_200,80,16000,validation,fills_per_event,microstructure,buy,3,108763,1.959599404209152,0.5438009269241454
event_200,80,16000,validation,fills_per_event,microstructure,buy,4,236874,2.2477345550799157,0.10213274139925312
event_200,80,16000,validation,fills_per_event,microstructure,buy,5,477598,3.0894230398787266,-0.1932560660564358
event_200,80,16000,later_sandbox,fills_per_event,microstructure,buy,1,7576,1.4952679514255542,-0.29131916269401553
event_200,80,16000,later_sandbox,fills_per_event,microstructure,buy,2,35909,1.7354537859589516,-0.08314708765530575
event_200,80,16000,later_sandbox,fills_per_event,microstructure,buy,3,104181,1.9576566264482007,0.10274991219978248
event_200,80,16000,later_sandbox,fills_per_event,microstructure,buy,4,193963,2.2414243180400386,-0.039974628410444905
event_200,80,16000,later_sandbox,fills_per_event,microstructure,buy,5,283713,3.166785078582934,-0.08065472310800631
event_200,80,16000,validation,price_levels_per_event,microstructure,sell,1,114232,1.2543485188038377,-0.07356537549087833
event_200,80,16000,validation,price_levels_per_event,microstructure,sell,2,121745,1.445113639163826,-0.26799986280859556
event_200,80,16000,validation,price_levels_per_event,microstructure,sell,3,132883,1.5922665051210463,-0.12326357753564796
event_200,80,16000,validation,price_levels_per_event,microstructure,sell,4,163607,1.7667556400398514,-0.44359776711398213
event_200,80,16000,validation,price_levels_per_event,microstructure,sell,5,340067,2.299837046817245,-2.0200909479366325
event_200,80,16000,later_sandbox,price_levels_per_event,microstructure,sell,1,168243,1.24383192762849,0.36895633277314493
event_200,80,16000,later_sandbox,price_levels_per_event,microstructure,sell,2,115881,1.44142443541219,0.10530936757930241
event_200,80,16000,later_sandbox,price_levels_per_event,microstructure,sell,3,97417,1.5894309001508977,-0.3117592205275335
event_200,80,16000,later_sandbox,price_levels_per_event,microstructure,sell,4,94172,1.7623418850613772,-0.18109544833742655
event_200,80,16000,later_sandbox,price_levels_per_event,microstructure,sell,5,154301,2.3481865315195622,-1.8016512132198543
event_200,80,16000,validation,price_levels_per_event,microstructure,buy,1,111840,1.2455897263948499,0.9983361528743704
event_200,80,16000,validation,price_levels_per_event,microstructure,buy,2,125604,1.4378600999968154,0.13459130116402432
event_200,80,16000,validation,price_levels_per_event,microstructure,buy,3,132826,1.5871473205547106,0.07661214504798336
event_200,80,16000,validation,price_levels_per_event,microstructure,buy,4,163266,1.7615496490389915,-0.30887254186492036
event_200,80,16000,validation,price_levels_per_event,microstructure,buy,5,334881,2.2849911311779407,-0.06795036138336899
event_200,80,16000,later_sandbox,price_levels_per_event,microstructure,buy,1,162237,1.2376414134876754,-0.19046054271719987
event_200,80,16000,later_sandbox,price_levels_per_event,microstructure,buy,2,120190,1.4338050586571263,-0.04810194164400198
event_200,80,16000,later_sandbox,price_levels_per_event,microstructure,buy,3,97113,1.5841094395189108,-0.11673957603114708
event_200,80,16000,later_sandbox,price_levels_per_event,microstructure,buy,4,93793,1.7572141311185268,-0.17068945514863496
event_200,80,16000,later_sandbox,price_levels_per_event,microstructure,buy,5,152009,2.338167674282444,0.2559253695311203
event_200,80,16000,validation,abs_event_sign_imbalance,microstructure,sell,1,197878,0.03209275412122621,-1.0336292015620994
event_200,80,16000,validation,abs_event_sign_imbalance,microstructure,sell,2,193988,0.09916494834732045,-0.9111728334338152
event_200,80,16000,validation,abs_event_sign_imbalance,microstructure,sell,3,178603,0.173050620650269,-0.830549866239901
event_200,80,16000,validation,abs_event_sign_imbalance,microstructure,sell,4,160704,0.2646553290521705,-1.0268984018198208
event_200,80,16000,validation,abs_event_sign_imbalance,microstructure,sell,5,141361,0.4497414421233579,-0.8651488899738863
event_200,80,16000,later_sandbox,abs_event_sign_imbalance,microstructure,sell,1,138858,0.03214910196027596,-0.3891848248581976
event_200,80,16000,later_sandbox,abs_event_sign_imbalance,microstructure,sell,2,137262,0.09928428844108347,-0.6859319669068921
event_200,80,16000,later_sandbox,abs_event_sign_imbalance,microstructure,sell,3,131333,0.17329642968636977,-0.40709766237602035
event_200,80,16000,later_sandbox,abs_event_sign_imbalance,microstructure,sell,4,122386,0.2650907783570016,-0.5193707345276379
event_200,80,16000,later_sandbox,abs_event_sign_imbalance,microstructure,sell,5,100175,0.4342913900673821,0.14054611212051574
event_200,80,16000,validation,abs_event_sign_imbalance,microstructure,buy,1,213873,0.0369761493970721,-0.1509369959255402
event_200,80,16000,validation,abs_event_sign_imbalance,microstructure,buy,2,180454,0.10916333248362466,-0.04597131074074582
event_200,80,16000,validation,abs_event_sign_imbalance,microstructure,buy,3,187143,0.1877244673859027,-0.07127134301568187
event_200,80,16000,validation,abs_event_sign_imbalance,microstructure,buy,4,159279,0.2889330671337716,0.019310714490445847
event_200,80,16000,validation,abs_event_sign_imbalance,microstructure,buy,5,127668,0.4789808722624307,0.9116672400846779
event_200,80,16000,later_sandbox,abs_event_sign_imbalance,microstructure,buy,1,151099,0.03706861064600031,0.15269041910758505
event_200,80,16000,later_sandbox,abs_event_sign_imbalance,microstructure,buy,2,130267,0.10931855343256544,0.11347726873970046
event_200,80,16000,later_sandbox,abs_event_sign_imbalance,microstructure,buy,3,137667,0.18790864913160016,-0.04427326254752645
event_200,80,16000,later_sandbox,abs_event_sign_imbalance,microstructure,buy,4,120158,0.2892102897851163,-0.2440126184811263
event_200,80,16000,later_sandbox,abs_event_sign_imbalance,microstructure,buy,5,86151,0.46144896751053394,-0.3199410802994934
event_200,80,16000,validation,aligned_pretrend_1000_events,pretrend,sell,1,101234,-22.710970470667085,-0.8566626477824296
event_200,80,16000,validation,aligned_pretrend_1000_events,pretrend,sell,2,182696,-7.8481837990424035,0.036379150155644094
event_200,80,16000,validation,aligned_pretrend_1000_events,pretrend,sell,3,229143,1.1588544322592114,-0.593490936818619
event_200,80,16000,validation,aligned_pretrend_1000_events,pretrend,sell,4,225972,10.045682706817043,-1.0583861658601879
event_200,80,16000,validation,aligned_pretrend_1000_events,pretrend,sell,5,133489,25.43119249876277,-2.7097047085872394
event_200,80,16000,later_sandbox,aligned_pretrend_1000_events,pretrend,sell,1,29818,-19.61131838242947,0.006068656195693604
event_200,80,16000,later_sandbox,aligned_pretrend_1000_events,pretrend,sell,2,139016,-7.321365729921204,0.06447718854066616
event_200,80,16000,later_sandbox,aligned_pretrend_1000_events,pretrend,sell,3,242930,1.1930342068279511,-0.18614783092298345
event_200,80,16000,later_sandbox,aligned_pretrend_1000_events,pretrend,sell,4,178785,9.49053554761826,-0.7799372757717259
event_200,80,16000,later_sandbox,aligned_pretrend_1000_events,pretrend,sell,5,39465,22.045360516004475,-1.9162806257806717
event_200,80,16000,validation,aligned_pretrend_1000_events,pretrend,buy,1,103714,-22.497445158030896,0.589410487790175
event_200,80,16000,validation,aligned_pretrend_1000_events,pretrend,buy,2,190947,-7.604760349792281,0.4607087817911166
event_200,80,16000,validation,aligned_pretrend_1000_events,pretrend,buy,3,230207,1.567275081994334,0.08099897127443181
event_200,80,16000,validation,aligned_pretrend_1000_events,pretrend,buy,4,212592,10.567177696642336,-0.23167453517122488
event_200,80,16000,validation,aligned_pretrend_1000_events,pretrend,buy,5,130957,26.19552385209924,-0.40428476499853866
event_200,80,16000,later_sandbox,aligned_pretrend_1000_events,pretrend,buy,1,29966,-19.129373538131876,1.1218369188692614
event_200,80,16000,later_sandbox,aligned_pretrend_1000_events,pretrend,buy,2,147417,-7.070265348452102,0.3808109312605194
event_200,80,16000,later_sandbox,aligned_pretrend_1000_events,pretrend,buy,3,245405,1.5910906094067527,-0.26453969482639217
event_200,80,16000,later_sandbox,aligned_pretrend_1000_events,pretrend,buy,4,165659,10.01279690204317,-0.4278521590176843
event_200,80,16000,later_sandbox,aligned_pretrend_1000_events,pretrend,buy,5,36895,22.618181031797683,0.5669437051984677
event_200,80,16000,validation,aligned_flow_persistence_1000_events,flow_persistence,sell,1,186231,-0.34062169701349054,0.27006056166924314
event_200,80,16000,validation,aligned_flow_persistence_1000_events,flow_persistence,sell,2,141651,-0.11243840798773866,-0.1636818571338641
event_200,80,16000,validation,aligned_flow_persistence_1000_events,flow_persistence,sell,3,137248,0.016314283684791972,-0.5314120467649397
event_200,80,16000,validation,aligned_flow_persistence_1000_events,flow_persistence,sell,4,160462,0.14599698466547067,-0.8198835604386346
event_200,80,16000,validation,aligned_flow_persistence_1000_events,flow_persistence,sell,5,246942,0.3851866131116678,-2.5899414387443906
event_200,80,16000,later_sandbox,aligned_flow_persistence_1000_events,flow_persistence,sell,1,142009,-0.3550593447876176,0.5276879523081659
event_200,80,16000,later_sandbox,aligned_flow_persistence_1000_events,flow_persistence,sell,2,91069,-0.11280924785736231,0.043883978104258925
event_200,80,16000,later_sandbox,aligned_flow_persistence_1000_events,flow_persistence,sell,3,87568,0.016588478651361295,-0.3857771962873766
event_200,80,16000,later_sandbox,aligned_flow_persistence_1000_events,flow_persistence,sell,4,106195,0.1467753587419415,-0.6201109910930167
event_200,80,16000,later_sandbox,aligned_flow_persistence_1000_events,flow_persistence,sell,5,203173,0.4027129953115254,-1.1342164631938365
event_200,80,16000,validation,aligned_flow_persistence_1000_events,flow_persistence,buy,1,195374,-0.3439405548758493,0.9800082108226467
event_200,80,16000,validation,aligned_flow_persistence_1000_events,flow_persistence,buy,2,143940,-0.11207506225235894,0.3515233853720896
event_200,80,16000,validation,aligned_flow_persistence_1000_events,flow_persistence,buy,3,138762,0.01874350577699917,0.17936480670981114
event_200,80,16000,validation,aligned_flow_persistence_1000_events,flow_persistence,buy,4,157865,0.15153266300308066,0.02390439702285299
event_200,80,16000,validation,aligned_flow_persistence_1000_events,flow_persistence,buy,5,232476,0.39001993736384266,-0.8825751935680449
event_200,80,16000,later_sandbox,aligned_flow_persistence_1000_events,flow_persistence,buy,1,145965,-0.3599547198415717,0.816046913268934
event_200,80,16000,later_sandbox,aligned_flow_persistence_1000_events,flow_persistence,buy,2,92419,-0.11233811409480023,0.48277148427173006
event_200,80,16000,later_sandbox,aligned_flow_persistence_1000_events,flow_persistence,buy,3,88734,0.019042753299726337,-0.07854583002187963
event_200,80,16000,later_sandbox,aligned_flow_persistence_1000_events,flow_persistence,buy,4,107225,0.15239601375072798,-0.16274235635346054
event_200,80,16000,later_sandbox,aligned_flow_persistence_1000_events,flow_persistence,buy,5,190999,0.4034839595390282,-0.8609279478471786
event_200,80,16000,validation,aligned_pretrend_4000_events,pretrend,sell,1,114156,-45.74636120663025,0.5690494559648218
event_200,80,16000,validation,aligned_pretrend_4000_events,pretrend,sell,2,182542,-16.80585655008362,0.0009353287631013958
event_200,80,16000,validation,aligned_pretrend_4000_events,pretrend,sell,3,212421,0.3448629076716958,-0.2880867807038101
event_200,80,16000,validation,aligned_pretrend_4000_events,pretrend,sell,4,218410,17.439892909310302,-1.026401735928066
event_200,80,16000,validation,aligned_pretrend_4000_events,pretrend,sell,5,145005,47.891415972818486,-4.115112077589196
event_200,80,16000,later_sandbox,aligned_pretrend_4000_events,pretrend,sell,1,33873,-39.20223794881956,-0.22447437926896416
event_200,80,16000,later_sandbox,aligned_pretrend_4000_events,pretrend,sell,2,145896,-15.855531651760158,0.5188949614470572
event_200,80,16000,later_sandbox,aligned_pretrend_4000_events,pretrend,sell,3,218674,0.39612992368158395,-0.09702064148357874
event_200,80,16000,later_sandbox,aligned_pretrend_4000_events,pretrend,sell,4,185854,16.47231827396168,-1.0527895951322088
event_200,80,16000,later_sandbox,aligned_pretrend_4000_events,pretrend,sell,5,45717,41.265464918016335,-2.239073140311278
event_200,80,16000,validation,aligned_pretrend_4000_events,pretrend,buy,1,116457,-44.56223737750199,1.7663750726341767
event_200,80,16000,validation,aligned_pretrend_4000_events,pretrend,buy,2,197329,-15.608027597227421,0.07822240937312265
event_200,80,16000,validation,aligned_pretrend_4000_events,pretrend,buy,3,213777,1.740200056955791,0.1930178404434541
event_200,80,16000,validation,aligned_pretrend_4000_events,pretrend,buy,4,202661,18.90116793108539,-0.4011915717430676
event_200,80,16000,validation,aligned_pretrend_4000_events,pretrend,buy,5,138193,49.37512962773574,-0.8361324010038759
event_200,80,16000,later_sandbox,aligned_pretrend_4000_events,pretrend,buy,1,34665,-37.57295169160614,1.7219632024682436
event_200,80,16000,later_sandbox,aligned_pretrend_4000_events,pretrend,buy,2,162820,-14.70702117778148,0.5883230718703597
event_200,80,16000,later_sandbox,aligned_pretrend_4000_events,pretrend,buy,3,220500,1.8048628095647152,-0.13293869869207117
event_200,80,16000,later_sandbox,aligned_pretrend_4000_events,pretrend,buy,4,165444,17.879609231927002,-0.7557599181840702
event_200,80,16000,later_sandbox,aligned_pretrend_4000_events,pretrend,buy,5,41913,42.729421861314535,-0.6264943206561748
event_200,80,16000,validation,aligned_flow_persistence_4000_events,flow_persistence,sell,1,213453,-0.22245723379927634,0.5008532879468381
event_200,80,16000,validation,aligned_flow_persistence_4000_events,flow_persistence,sell,2,136752,-0.06918454720776487,-0.18181927625473912
event_200,80,16000,validation,aligned_flow_persistence_4000_events,flow_persistence,sell,3,123982,0.007207686119640976,-0.2264788451303944
event_200,80,16000,validation,aligned_flow_persistence_4000_events,flow_persistence,sell,4,142599,0.08286992773026616,-0.49688073600216903
event_200,80,16000,validation,aligned_flow_persistence_4000_events,flow_persistence,sell,5,255748,0.24281573994218114,-3.1283265420498245
event_200,80,16000,later_sandbox,aligned_flow_persistence_4000_events,flow_persistence,sell,1,171510,-0.23613004859878678,0.9630776614699996
event_200,80,16000,later_sandbox,aligned_flow_persistence_4000_events,flow_persistence,sell,2,87674,-0.06959338972276977,-0.1438477807699993
event_200,80,16000,later_sandbox,aligned_flow_persistence_4000_events,flow_persistence,sell,3,77743,0.007099451528584849,-0.420824480635294
event_200,80,16000,later_sandbox,aligned_flow_persistence_4000_events,flow_persistence,sell,4,90116,0.08313923989706161,-0.9312232877275186
event_200,80,16000,later_sandbox,aligned_flow_persistence_4000_events,flow_persistence,sell,5,202971,0.25847823778180506,-1.4143653096816697
event_200,80,16000,validation,aligned_flow_persistence_4000_events,flow_persistence,buy,1,229811,-0.22587846849400453,1.2977539629389498
event_200,80,16000,validation,aligned_flow_persistence_4000_events,flow_persistence,buy,2,136538,-0.07043394187420397,-0.2567916652257932
event_200,80,16000,validation,aligned_flow_persistence_4000_events,flow_persistence,buy,3,124822,0.005842948701927068,0.17864165750620456
event_200,80,16000,validation,aligned_flow_persistence_4000_events,flow_persistence,buy,4,144689,0.08378684880394133,0.10294824215006987
event_200,80,16000,validation,aligned_flow_persistence_4000_events,flow_persistence,buy,5,232557,0.24266671569489626,-1.009725212552525
event_200,80,16000,later_sandbox,aligned_flow_persistence_4000_events,flow_persistence,buy,1,180579,-0.2404432731615286,0.8784798706758646
event_200,80,16000,later_sandbox,aligned_flow_persistence_4000_events,flow_persistence,buy,2,87063,-0.07068604564591639,0.9038835965521363
event_200,80,16000,later_sandbox,aligned_flow_persistence_4000_events,flow_persistence,buy,3,77687,0.005745682091409747,0.09436407723777696
event_200,80,16000,later_sandbox,aligned_flow_persistence_4000_events,flow_persistence,buy,4,92915,0.08415968860198897,-0.2607383201852973
event_200,80,16000,later_sandbox,aligned_flow_persistence_4000_events,flow_persistence,buy,5,187098,0.25669330912353483,-1.312460644333801
event_200,80,16000,validation,aligned_pretrend_12000_events,pretrend,sell,1,128227,-77.9380587234316,-0.079827340481673
event_200,80,16000,validation,aligned_pretrend_12000_events,pretrend,sell,2,189732,-28.411409818229888,0.36550522004048097
event_200,80,16000,validation,aligned_pretrend_12000_events,pretrend,sell,3,201628,-0.4548021753957754,-0.07824368745563097
event_200,80,16000,validation,aligned_pretrend_12000_events,pretrend,sell,4,210830,27.931186334589945,-0.9279840656637092
event_200,80,16000,validation,aligned_pretrend_12000_events,pretrend,sell,5,142117,80.2616602993408,-4.676722579023997
event_200,80,16000,later_sandbox,aligned_pretrend_12000_events,pretrend,sell,1,40664,-67.20440389434133,0.8259305816093145
event_200,80,16000,later_sandbox,aligned_pretrend_12000_events,pretrend,sell,2,158196,-26.90846331575495,0.4517625892587997
event_200,80,16000,later_sandbox,aligned_pretrend_12000_events,pretrend,sell,3,208328,-0.46998916551113407,-0.06988280356671857
event_200,80,16000,later_sandbox,aligned_pretrend_12000_events,pretrend,sell,4,178073,26.299186263647165,-1.1339162270799157
event_200,80,16000,later_sandbox,aligned_pretrend_12000_events,pretrend,sell,5,44753,69.79922566157693,-3.1219793983305535
event_200,80,16000,validation,aligned_pretrend_12000_events,pretrend,buy,1,128860,-75.98077766937045,2.2966907262949516
event_200,80,16000,validation,aligned_pretrend_12000_events,pretrend,buy,2,205710,-25.974271353733727,0.4180296631169723
event_200,80,16000,validation,aligned_pretrend_12000_events,pretrend,buy,3,202626,2.3989775527861306,-0.24893475090764614
event_200,80,16000,validation,aligned_pretrend_12000_events,pretrend,buy,4,195025,30.502478665500476,-0.7813426870886739
event_200,80,16000,validation,aligned_pretrend_12000_events,pretrend,buy,5,136196,82.07210762457413,-0.8338783964786158
event_200,80,16000,later_sandbox,aligned_pretrend_12000_events,pretrend,buy,1,41296,-64.11881404548211,2.1815378365378684
event_200,80,16000,later_sandbox,aligned_pretrend_12000_events,pretrend,buy,2,179335,-24.511380670511976,0.46177000065828017
event_200,80,16000,later_sandbox,aligned_pretrend_12000_events,pretrend,buy,3,207639,2.285295772042461,-0.03619471600528335
event_200,80,16000,later_sandbox,aligned_pretrend_12000_events,pretrend,buy,4,155182,28.829386868324175,-1.070668099144172
event_200,80,16000,later_sandbox,aligned_pretrend_12000_events,pretrend,buy,5,41890,71.2103203231799,-0.5815474915140643
event_200,80,16000,validation,aligned_flow_persistence_12000_events,flow_persistence,sell,1,213869,-0.15286092376604993,-0.10903703435435853
event_200,80,16000,validation,aligned_flow_persistence_12000_events,flow_persistence,sell,2,145482,-0.046232560645203466,-0.24636136389517685
event_200,80,16000,validation,aligned_flow_persistence_12000_events,flow_persistence,sell,3,128394,0.005798470742510844,0.06741087026250381
event_200,80,16000,validation,aligned_flow_persistence_12000_events,flow_persistence,sell,4,145252,0.0570470283138798,-0.520028418192163
event_200,80,16000,validation,aligned_flow_persistence_12000_events,flow_persistence,sell,5,239537,0.16689823410787963,-2.884364267546415
event_200,80,16000,later_sandbox,aligned_flow_persistence_12000_events,flow_persistence,sell,1,174080,-0.16120633292814573,0.8808480880223382
event_200,80,16000,later_sandbox,aligned_flow_persistence_12000_events,flow_persistence,sell,2,98241,-0.04635289720115255,-0.09827318056204434
event_200,80,16000,later_sandbox,aligned_flow_persistence_12000_events,flow_persistence,sell,3,82500,0.0056636068794605815,-0.5139550284278792
event_200,80,16000,later_sandbox,aligned_flow_persistence_12000_events,flow_persistence,sell,4,94366,0.05711969902341094,-0.8456192510362655
event_200,80,16000,later_sandbox,aligned_flow_persistence_12000_events,flow_persistence,sell,5,180827,0.17578336645761522,-1.5076745221760839
event_200,80,16000,validation,aligned_flow_persistence_12000_events,flow_persistence,buy,1,240938,-0.15610688676474838,1.2340393582626374
event_200,80,16000,validation,aligned_flow_persistence_12000_events,flow_persistence,buy,2,144424,-0.04811750091521025,-0.08965031706058382
event_200,80,16000,validation,aligned_flow_persistence_12000_events,flow_persistence,buy,3,129131,0.0033554954878695737,-0.5466719641991038
event_200,80,16000,validation,aligned_flow_persistence_12000_events,flow_persistence,buy,4,146972,0.056395407319278466,-0.2720067727209072
event_200,80,16000,validation,aligned_flow_persistence_12000_events,flow_persistence,buy,5,206952,0.16462353988648054,-0.5231073107972712
event_200,80,16000,later_sandbox,aligned_flow_persistence_12000_events,flow_persistence,buy,1,189605,-0.16514383600867846,0.7507481038640431
event_200,80,16000,later_sandbox,aligned_flow_persistence_12000_events,flow_persistence,buy,2,95627,-0.04832628470889254,0.43387574334704837
event_200,80,16000,later_sandbox,aligned_flow_persistence_12000_events,flow_persistence,buy,3,83566,0.0033543815411870665,0.2578983745219957
event_200,80,16000,later_sandbox,aligned_flow_persistence_12000_events,flow_persistence,buy,4,96358,0.05646262208382338,-0.3354870968112935
event_200,80,16000,later_sandbox,aligned_flow_persistence_12000_events,flow_persistence,buy,5,160186,0.17255307891055413,-1.2372183978922513
event_200,80,16000,validation,expected_normalised_impact,fitted_impact,sell,1,518796,0.00152516602111387,-0.4730856705524091
event_200,80,16000,validation,expected_normalised_impact,fitted_impact,sell,2,192274,0.00680267968295351,-1.0223425065988576
event_200,80,16000,validation,expected_normalised_impact,fitted_impact,sell,3,92775,0.012390102523860075,-1.7966278102583408
event_200,80,16000,validation,expected_normalised_impact,fitted_impact,sell,4,47822,0.01941670016908455,-2.619216086701005
event_200,80,16000,validation,expected_normalised_impact,fitted_impact,sell,5,20867,0.03161448707008648,-3.9780338367724473
event_200,80,16000,later_sandbox,expected_normalised_impact,fitted_impact,sell,1,378662,0.0016194667713169812,-0.2274908333007678
event_200,80,16000,later_sandbox,expected_normalised_impact,fitted_impact,sell,2,148894,0.006761178891617417,-0.434190450285274
event_200,80,16000,later_sandbox,expected_normalised_impact,fitted_impact,sell,3,62877,0.01230369037703437,-0.8175082475890766
event_200,80,16000,later_sandbox,expected_normalised_impact,fitted_impact,sell,4,28846,0.01934014918704147,-1.2495784325511732
event_200,80,16000,later_sandbox,expected_normalised_impact,fitted_impact,sell,5,10735,0.030850530969302806,-1.2021783796599659
event_200,80,16000,validation,expected_normalised_impact,fitted_impact,buy,1,515344,0.0016469849034945793,-0.13202012447576117
event_200,80,16000,validation,expected_normalised_impact,fitted_impact,buy,2,191992,0.006776216894548147,-0.005648152560895526
event_200,80,16000,validation,expected_normalised_impact,fitted_impact,buy,3,91373,0.01213994943857562,0.5234340038821623
event_200,80,16000,validation,expected_normalised_impact,fitted_impact,buy,4,47541,0.018866585633228055,1.19425921404816
event_200,80,16000,validation,expected_normalised_impact,fitted_impact,buy,5,22167,0.03111720255484569,1.356417337438386
event_200,80,16000,later_sandbox,expected_normalised_impact,fitted_impact,buy,1,372994,0.001728019948237523,0.09429645303459368
event_200,80,16000,later_sandbox,expected_normalised_impact,fitted_impact,buy,2,147861,0.006757874037605198,-0.17443398605712224
event_200,80,16000,later_sandbox,expected_normalised_impact,fitted_impact,buy,3,63794,0.012073212611593453,-0.6162333770511236
event_200,80,16000,later_sandbox,expected_normalised_impact,fitted_impact,buy,4,29606,0.01878445447787013,-0.34360454983665983
event_200,80,16000,later_sandbox,expected_normalised_impact,fitted_impact,buy,5,11087,0.030100595618364576,1.3511458749395568
event_200,80,16000,validation,impact_residual,fitted_impact,sell,1,52071,-0.020736408136776262,-1.5166760398706873
event_200,80,16000,validation,impact_residual,fitted_impact,sell,2,163895,-0.007330484221898901,-1.8504198121727535
event_200,80,16000,validation,impact_residual,fitted_impact,sell,3,327654,0.00042034181568931765,-0.9391212044854587
event_200,80,16000,validation,impact_residual,fitted_impact,sell,4,253718,0.007864901746856305,-0.21226377462528445
event_200,80,16000,validation,impact_residual,fitted_impact,sell,5,75196,0.020113892109020773,-0.9726769087124802
event_200,80,16000,later_sandbox,impact_residual,fitted_impact,sell,1,35391,-0.019940366449082748,-1.174534757132497
event_200,80,16000,later_sandbox,impact_residual,fitted_impact,sell,2,136212,-0.007270700157974746,-0.5161717347407986
event_200,80,16000,later_sandbox,impact_residual,fitted_impact,sell,3,241883,0.00023901006475493628,-0.3463019164846422
event_200,80,16000,later_sandbox,impact_residual,fitted_impact,sell,4,166044,0.007901282334818722,-0.10078523542309326
event_200,80,16000,later_sandbox,impact_residual,fitted_impact,sell,5,50484,0.019512075297280954,-0.7679186130447958
event_200,80,16000,validation,impact_residual,fitted_impact,buy,1,52323,-0.020402187951298674,1.5636263590791175
event_200,80,16000,validation,impact_residual,fitted_impact,buy,2,154329,-0.007422803357321725,-0.4719672058536152
event_200,80,16000,validation,impact_residual,fitted_impact,buy,3,313366,0.00003163861347240769,-0.20568886605339298
event_200,80,16000,validation,impact_residual,fitted_impact,buy,4,265628,0.007375357520872431,0.34777073174543754
event_200,80,16000,validation,impact_residual,fitted_impact,buy,5,82771,0.01958498626473735,0.34618881867046936
event_200,80,16000,later_sandbox,impact_residual,fitted_impact,buy,1,37366,-0.01904220717589536,0.016614671940059073
event_200,80,16000,later_sandbox,impact_residual,fitted_impact,buy,2,126649,-0.007397557207517362,-0.4520803226330875
event_200,80,16000,later_sandbox,impact_residual,fitted_impact,buy,3,231411,-0.00010645696022795176,-0.1822713681924341
event_200,80,16000,later_sandbox,impact_residual,fitted_impact,buy,4,176081,0.007379148289042725,0.18997207871905342
event_200,80,16000,later_sandbox,impact_residual,fitted_impact,buy,5,53835,0.01885814765505558,0.7474553076897889
event_200,80,16000,validation,marginal_impact_bps_per_btc,fitted_impact,sell,1,35873,0.03404756117391415,-2.9638398672962856
event_200,80,16000,validation,marginal_impact_bps_per_btc,fitted_impact,sell,2,101835,0.06064488396857768,-0.6459957259661198
event_200,80,16000,validation,marginal_impact_bps_per_btc,fitted_impact,sell,3,176576,0.08061754610807036,-0.9385574403295701
event_200,80,16000,validation,marginal_impact_bps_per_btc,fitted_impact,sell,4,195379,0.11612906960172141,-0.5415709123727318
event_200,80,16000,validation,marginal_impact_bps_per_btc,fitted_impact,sell,5,362871,0.18796947168370184,-1.0287613541318388
event_200,80,16000,later_sandbox,marginal_impact_bps_per_btc,fitted_impact,sell,1,31662,0.03561253528528547,-1.1537329483488994
event_200,80,16000,later_sandbox,marginal_impact_bps_per_btc,fitted_impact,sell,2,98646,0.060208827492835466,-0.6275135247439765
event_200,80,16000,later_sandbox,marginal_impact_bps_per_btc,fitted_impact,sell,3,176810,0.082015634498335,-0.79352622471968
event_200,80,16000,later_sandbox,marginal_impact_bps_per_btc,fitted_impact,sell,4,175660,0.11428820767191429,-0.4517772226530332
event_200,80,16000,later_sandbox,marginal_impact_bps_per_btc,fitted_impact,sell,5,147236,0.16824792175034525,0.45471266006714023
event_200,80,16000,validation,marginal_impact_bps_per_btc,fitted_impact,buy,1,38609,0.03579507901016546,1.5714885458890246
event_200,80,16000,validation,marginal_impact_bps_per_btc,fitted_impact,buy,2,113060,0.0631209849848566,0.23705330931885926
event_200,80,16000,validation,marginal_impact_bps_per_btc,fitted_impact,buy,3,165953,0.08319483685351894,0.2642884542124117
event_200,80,16000,validation,marginal_impact_bps_per_btc,fitted_impact,buy,4,194631,0.11940229755532716,-0.3626902337605208
event_200,80,16000,validation,marginal_impact_bps_per_btc,fitted_impact,buy,5,356164,0.19146449159534246,0.013499368666650908
event_200,80,16000,later_sandbox,marginal_impact_bps_per_btc,fitted_impact,buy,1,34141,0.03744612360089402,-0.0564176031377914
event_200,80,16000,later_sandbox,marginal_impact_bps_per_btc,fitted_impact,buy,2,108352,0.0626065669409467,-0.006882958256314239
event_200,80,16000,later_sandbox,marginal_impact_bps_per_btc,fitted_impact,buy,3,175439,0.08471938787410187,0.42252886083522473
event_200,80,16000,later_sandbox,marginal_impact_bps_per_btc,fitted_impact,buy,4,169699,0.11785232103861697,-0.12445463488611987
event_200,80,16000,later_sandbox,marginal_impact_bps_per_btc,fitted_impact,buy,5,137711,0.17172556011324266,-0.5479652642173203
event_500,24,12000,validation,log_abs_signed_imbalance,imbalance,sell,1,148585,2.1721471737302798,-0.34690264239502394
event_500,24,12000,validation,log_abs_signed_imbalance,imbalance,sell,2,95474,3.6355260105668887,-0.8003016040768903
event_500,24,12000,validation,log_abs_signed_imbalance,imbalance,sell,3,54199,4.262153070428231,-1.487007636776385
event_500,24,12000,validation,log_abs_signed_imbalance,imbalance,sell,4,32420,4.780217192152655,-2.1104245995173763
event_500,24,12000,validation,log_abs_signed_imbalance,imbalance,sell,5,19876,5.486909423963933,-3.223178257075549
event_500,24,12000,later_sandbox,log_abs_signed_imbalance,imbalance,sell,1,120152,2.132954404122101,-0.1886987963006801
event_500,24,12000,later_sandbox,log_abs_signed_imbalance,imbalance,sell,2,67283,3.627167145635664,-0.254471299402589
event_500,24,12000,later_sandbox,log_abs_signed_imbalance,imbalance,sell,3,35245,4.25759780613571,-0.9393583101188001
event_500,24,12000,later_sandbox,log_abs_signed_imbalance,imbalance,sell,4,19457,4.7769646949012445,-1.6205181042272172
event_500,24,12000,later_sandbox,log_abs_signed_imbalance,imbalance,sell,5,10631,5.47081047525134,-0.8204514582791144
event_500,24,12000,validation,log_abs_signed_imbalance,imbalance,buy,1,147923,2.160588375337187,-0.0990831737286932
event_500,24,12000,validation,log_abs_signed_imbalance,imbalance,buy,2,95717,3.628321371466042,-0.3653158603543005
event_500,24,12000,validation,log_abs_signed_imbalance,imbalance,buy,3,52820,4.256680227250334,-0.39117930433599085
event_500,24,12000,validation,log_abs_signed_imbalance,imbalance,buy,4,30945,4.763938532523141,-0.3941398428958732
event_500,24,12000,validation,log_abs_signed_imbalance,imbalance,buy,5,18422,5.456662366374447,0.3382364180303489
event_500,24,12000,later_sandbox,log_abs_signed_imbalance,imbalance,buy,1,118677,2.1269194162864022,0.009021831868056048
event_500,24,12000,later_sandbox,log_abs_signed_imbalance,imbalance,buy,2,67788,3.6235793343085465,-0.3060788295476231
event_500,24,12000,later_sandbox,log_abs_signed_imbalance,imbalance,buy,3,34155,4.252487977813975,-0.5352105974459783
event_500,24,12000,later_sandbox,log_abs_signed_imbalance,imbalance,buy,4,18510,4.763681677594454,-0.6044066593118832
event_500,24,12000,later_sandbox,log_abs_signed_imbalance,imbalance,buy,5,10252,5.451907284606947,0.3593866699095102
event_500,24,12000,validation,absolute_imbalance_ratio,imbalance,sell,1,58834,0.0397795834961894,-0.2470534153812029
event_500,24,12000,validation,absolute_imbalance_ratio,imbalance,sell,2,61749,0.12196969398738886,-0.6787659267127767
event_500,24,12000,validation,absolute_imbalance_ratio,imbalance,sell,3,64896,0.21445919565006513,-0.5850217211035715
event_500,24,12000,validation,absolute_imbalance_ratio,imbalance,sell,4,72341,0.3293991235841266,-0.9776143296723332
event_500,24,12000,validation,absolute_imbalance_ratio,imbalance,sell,5,92734,0.5425331335652427,-1.8967722975698593
event_500,24,12000,later_sandbox,absolute_imbalance_ratio,imbalance,sell,1,39144,0.03958610258684374,-0.2878474221805906
event_500,24,12000,later_sandbox,absolute_imbalance_ratio,imbalance,sell,2,41365,0.12206919429314922,-0.26099415602038445
event_500,24,12000,later_sandbox,absolute_imbalance_ratio,imbalance,sell,3,44053,0.21488090198118354,-0.12814444358857
event_500,24,12000,later_sandbox,absolute_imbalance_ratio,imbalance,sell,4,51004,0.3303845297125289,-0.5317150216834308
event_500,24,12000,later_sandbox,absolute_imbalance_ratio,imbalance,sell,5,77202,0.552608920848314,-0.7555010383268027
event_500,24,12000,validation,absolute_imbalance_ratio,imbalance,buy,1,58825,0.039417711692771196,-0.004330144524665624
event_500,24,12000,validation,absolute_imbalance_ratio,imbalance,buy,2,63242,0.12304110018717596,-0.40866478853516747
event_500,24,12000,validation,absolute_imbalance_ratio,imbalance,buy,3,65038,0.21711703070951907,0.3573712249667682
event_500,24,12000,validation,absolute_imbalance_ratio,imbalance,buy,4,70130,0.33229413767422267,-0.21335735721581506
event_500,24,12000,validation,absolute_imbalance_ratio,imbalance,buy,5,88592,0.5436827694834253,-0.6595610718024859
event_500,24,12000,later_sandbox,absolute_imbalance_ratio,imbalance,buy,1,39174,0.039737639391174265,0.14835532149948774
event_500,24,12000,later_sandbox,absolute_imbalance_ratio,imbalance,buy,2,41974,0.12313959202348444,0.11211730179739068
event_500,24,12000,later_sandbox,absolute_imbalance_ratio,imbalance,buy,3,44433,0.21747352487554186,-0.06922656783091329
event_500,24,12000,later_sandbox,absolute_imbalance_ratio,imbalance,buy,4,50577,0.332721527526558,-0.21708739234816313
event_500,24,12000,later_sandbox,absolute_imbalance_ratio,imbalance,buy,5,73224,0.5507679684345586,-0.5725329222021147
event_500,24,12000,validation,normalised_imbalance,imbalance,sell,1,198862,0.000036137187642380126,-0.41329120488059046
event_500,24,12000,validation,normalised_imbalance,imbalance,sell,2,82051,0.0001332276807313269,-0.9602021425014065
event_500,24,12000,validation,normalised_imbalance,imbalance,sell,3,39571,0.0002658650798561122,-2.14038070519596
event_500,24,12000,validation,normalised_imbalance,imbalance,sell,4,21009,0.0004886370519332341,-2.8206942132832875
event_500,24,12000,validation,normalised_imbalance,imbalance,sell,5,9061,0.0012096136207741229,-3.9841382558224328
event_500,24,12000,later_sandbox,normalised_imbalance,imbalance,sell,1,138966,0.00003813492963356108,-0.2587785973113742
event_500,24,12000,later_sandbox,normalised_imbalance,imbalance,sell,2,66547,0.00013282109476325655,-0.43521385401993995
event_500,24,12000,later_sandbox,normalised_imbalance,imbalance,sell,3,29210,0.00026482935211694146,-0.7669682788745686
event_500,24,12000,later_sandbox,normalised_imbalance,imbalance,sell,4,13462,0.00048471549283991795,-1.4088538544260867
event_500,24,12000,later_sandbox,normalised_imbalance,imbalance,sell,5,4583,0.001079291330051784,-1.4972108108722535
event_500,24,12000,validation,normalised_imbalance,imbalance,buy,1,196130,0.00003535615168407185,-0.17347311490938888
event_500,24,12000,validation,normalised_imbalance,imbalance,buy,2,80798,0.00012797084173620543,-0.68097431062249
event_500,24,12000,validation,normalised_imbalance,imbalance,buy,3,38769,0.0002514860855574981,-0.24855980618700704
event_500,24,12000,validation,normalised_imbalance,imbalance,buy,4,20737,0.00045775789071573987,0.5783370509161326
event_500,24,12000,validation,normalised_imbalance,imbalance,buy,5,9393,0.0011705641682703755,1.1111155716580243
event_500,24,12000,later_sandbox,normalised_imbalance,imbalance,buy,1,135890,0.000037270263456762585,0.12330089176868402
event_500,24,12000,later_sandbox,normalised_imbalance,imbalance,buy,2,65413,0.0001280862927275061,-0.5020825347637612
event_500,24,12000,later_sandbox,normalised_imbalance,imbalance,buy,3,29714,0.00025006219302482654,-0.9699740375025451
event_500,24,12000,later_sandbox,normalised_imbalance,imbalance,buy,4,13843,0.0004523700731032157,-0.24130417486518882
event_500,24,12000,later_sandbox,normalised_imbalance,imbalance,buy,5,4522,0.0010205791880848923,0.6166537086638246
event_500,24,12000,validation,log_gross_volume,volume,sell,1,310236,4.846558516568655,-0.7617763302866368
event_500,24,12000,validation,log_gross_volume,volume,sell,2,16885,5.716121984698521,-2.1781386311181277
event_500,24,12000,validation,log_gross_volume,volume,sell,3,9529,5.912271002849561,-1.8323282249505795
event_500,24,12000,validation,log_gross_volume,volume,sell,4,7166,6.0998296012346485,-3.344408322918338
event_500,24,12000,validation,log_gross_volume,volume,sell,5,6738,6.448268594085547,-3.9323404334684486
event_500,24,12000,later_sandbox,log_gross_volume,volume,sell,1,240076,4.686518592032805,-0.3709242929249357
event_500,24,12000,later_sandbox,log_gross_volume,volume,sell,2,6340,5.712835860267695,-1.9038653570476447
event_500,24,12000,later_sandbox,log_gross_volume,volume,sell,3,2960,5.909799828921867,-1.97133409404022
event_500,24,12000,later_sandbox,log_gross_volume,volume,sell,4,1802,6.09944697405086,-1.8930260687993532
event_500,24,12000,later_sandbox,log_gross_volume,volume,sell,5,1590,6.442278310826425,-1.7531731142205287
event_500,24,12000,validation,log_gross_volume,volume,buy,1,305897,4.833110020942405,-0.3250430344785867
event_500,24,12000,validation,log_gross_volume,volume,buy,2,16866,5.696312045123279,0.3021386243402733
event_500,24,12000,validation,log_gross_volume,volume,buy,3,9665,5.8966184774486505,0.3406731123996279
event_500,24,12000,validation,log_gross_volume,volume,buy,4,6965,6.083157534617156,1.0604133686130848
event_500,24,12000,validation,log_gross_volume,volume,buy,5,6434,6.418873444261781,1.1507707215657221
event_500,24,12000,later_sandbox,log_gross_volume,volume,buy,1,236721,4.686351144852552,-0.19780684424274142
event_500,24,12000,later_sandbox,log_gross_volume,volume,buy,2,6533,5.690575864049966,-0.255643356241122
event_500,24,12000,later_sandbox,log_gross_volume,volume,buy,3,2864,5.892716447800927,0.0866688352907826
event_500,24,12000,later_sandbox,log_gross_volume,volume,buy,4,1681,6.080854303948947,1.5138324774378253
event_500,24,12000,later_sandbox,log_gross_volume,volume,buy,5,1583,6.444852556676579,0.15233054136221835
event_500,24,12000,validation,bar_volume_fraction_24h,volume,sell,1,303864,0.0003117719897267341,-0.7069313199678946
event_500,24,12000,validation,bar_volume_fraction_24h,volume,sell,2,25453,0.000901407771158208,-2.4682005224120678
event_500,24,12000,validation,bar_volume_fraction_24h,volume,sell,3,12306,0.0013538520081839837,-2.994066658270763
event_500,24,12000,validation,bar_volume_fraction_24h,volume,sell,4,6312,0.0020921507741171745,-3.02374568873913
event_500,24,12000,validation,bar_volume_fraction_24h,volume,sell,5,2619,0.0038681081921111585,-2.8506125757357026
event_500,24,12000,later_sandbox,bar_volume_fraction_24h,volume,sell,1,234924,0.00032176227822865497,-0.3543482758424943
event_500,24,12000,later_sandbox,bar_volume_fraction_24h,volume,sell,2,12444,0.0008897756980954249,-1.537623924018691
event_500,24,12000,later_sandbox,bar_volume_fraction_24h,volume,sell,3,4064,0.0013288837426553724,-2.5293959140037416
event_500,24,12000,later_sandbox,bar_volume_fraction_24h,volume,sell,4,1163,0.002023354797195545,-1.410326474190154
event_500,24,12000,later_sandbox,bar_volume_fraction_24h,volume,sell,5,173,0.0034370803684465106,6.614607460289297
event_500,24,12000,validation,bar_volume_fraction_24h,volume,buy,1,295630,0.00029976580838137113,-0.4290976174973582
event_500,24,12000,validation,bar_volume_fraction_24h,volume,buy,2,26633,0.0008412340149701166,0.8005421336932443
event_500,24,12000,validation,bar_volume_fraction_24h,volume,buy,3,13143,0.0012687364334624427,1.5599195641464718
event_500,24,12000,validation,bar_volume_fraction_24h,volume,buy,4,7439,0.0019679130287250267,0.9656457161754225
event_500,24,12000,validation,bar_volume_fraction_24h,volume,buy,5,2982,0.0037473004969626046,0.5353632415824799
event_500,24,12000,later_sandbox,bar_volume_fraction_24h,volume,buy,1,229572,0.0003159012100736997,-0.20875607970760396
event_500,24,12000,later_sandbox,bar_volume_fraction_24h,volume,buy,2,14074,0.0008303549983437389,-0.16218289514071035
event_500,24,12000,later_sandbox,bar_volume_fraction_24h,volume,buy,3,4296,0.0012417199960724442,0.339261346575171
event_500,24,12000,later_sandbox,bar_volume_fraction_24h,volume,buy,4,1247,0.001907241312314739,1.820679880192112
event_500,24,12000,later_sandbox,bar_volume_fraction_24h,volume,buy,5,193,0.003388198025872658,5.2757378490718105
event_500,24,12000,validation,log_duration,activity,sell,1,230133,2.617725837265734,-1.0828404061054984
event_500,24,12000,validation,log_duration,activity,sell,2,81264,3.930105660330321,-0.2475487329022673
event_500,24,12000,validation,log_duration,activity,sell,3,25579,4.568173910264742,-2.1024461496695586
event_500,24,12000,validation,log_duration,activity,sell,4,11432,5.129807959437896,-1.4094309070426663
event_500,24,12000,validation,log_duration,activity,sell,5,2146,5.642792738100811,-0.850658120678453
event_500,24,12000,later_sandbox,log_duration,activity,sell,1,160496,2.7229000076593204,-0.8002804339955659
event_500,24,12000,later_sandbox,log_duration,activity,sell,2,83403,3.8932563699787033,0.06879292236699408
event_500,24,12000,later_sandbox,log_duration,activity,sell,3,8664,4.505671905825638,1.2190276985983728
event_500,24,12000,later_sandbox,log_duration,activity,sell,4,205,4.962897202890617,-4.935793210504358
event_500,24,12000,later_sandbox,log_duration,activity,sell,5,0,NaN,NaN
event_500,24,12000,validation,log_duration,activity,buy,1,233888,2.6343867900324938,-0.3864366340108778
event_500,24,12000,validation,log_duration,activity,buy,2,72721,3.9362357494905154,-0.48499541875465335
event_500,24,12000,validation,log_duration,activity,buy,3,23852,4.535000252720997,1.4321874377724013
event_500,24,12000,validation,log_duration,activity,buy,4,11866,5.075401427044261,1.0409392628995655
event_500,24,12000,validation,log_duration,activity,buy,5,3500,5.602860914179921,0.8252993514265646
event_500,24,12000,later_sandbox,log_duration,activity,buy,1,163210,2.749132470221385,-0.06916218779777235
event_500,24,12000,later_sandbox,log_duration,activity,buy,2,76930,3.9041704281325953,-0.3520790920963062
event_500,24,12000,later_sandbox,log_duration,activity,buy,3,8901,4.485973416587574,-0.9180544146293047
event_500,24,12000,later_sandbox,log_duration,activity,buy,4,341,4.913840830167098,3.178788074990205
event_500,24,12000,later_sandbox,log_duration,activity,buy,5,0,NaN,NaN
event_500,24,12000,validation,relative_flow_rate,activity,sell,1,73674,0.36816380665896764,-0.8272809622582774
event_500,24,12000,validation,relative_flow_rate,activity,sell,2,72382,0.6652122452312561,-0.16985226621574243
event_500,24,12000,validation,relative_flow_rate,activity,sell,3,76337,1.098193284282734,0.10275704357320464
event_500,24,12000,validation,relative_flow_rate,activity,sell,4,74802,2.1459235442171085,-0.4873868770053208
event_500,24,12000,validation,relative_flow_rate,activity,sell,5,53359,10.560944737281213,-4.482355644640705
event_500,24,12000,later_sandbox,relative_flow_rate,activity,sell,1,65769,0.3503323621259281,0.06017396532472344
event_500,24,12000,later_sandbox,relative_flow_rate,activity,sell,2,49115,0.6615695216370358,0.05929429500627349
event_500,24,12000,later_sandbox,relative_flow_rate,activity,sell,3,47957,1.0980513162230072,-0.3187396197085201
event_500,24,12000,later_sandbox,relative_flow_rate,activity,sell,4,48227,2.1553621422174665,-0.4890664074762755
event_500,24,12000,later_sandbox,relative_flow_rate,activity,sell,5,41700,12.8751779612967,-1.9460976812189459
event_500,24,12000,validation,relative_flow_rate,activity,buy,1,69933,0.3645961564852976,0.8408471152943443
event_500,24,12000,validation,relative_flow_rate,activity,buy,2,69598,0.6534667319038352,-0.55948975357917
event_500,24,12000,validation,relative_flow_rate,activity,buy,3,74080,1.0701783913033667,-0.9644632242921755
event_500,24,12000,validation,relative_flow_rate,activity,buy,4,76243,2.0559739164169213,-1.0397587053760589
event_500,24,12000,validation,relative_flow_rate,activity,buy,5,55973,9.083108099361517,0.9755916186695032
event_500,24,12000,later_sandbox,relative_flow_rate,activity,buy,1,63395,0.34773196467974854,0.12587624712678586
event_500,24,12000,later_sandbox,relative_flow_rate,activity,buy,2,47442,0.649450089464589,-0.4634092258014651
event_500,24,12000,later_sandbox,relative_flow_rate,activity,buy,3,46881,1.068138398164102,-0.5292332241230859
event_500,24,12000,later_sandbox,relative_flow_rate,activity,buy,4,48257,2.062499188619046,-0.4952747646735647
event_500,24,12000,later_sandbox,relative_flow_rate,activity,buy,5,43407,11.496542570358875,0.39752924796346367
event_500,24,12000,validation,normalised_range,volatility,sell,1,248331,0.020239209950764222,-0.62351076239835
event_500,24,12000,validation,normalised_range,volatility,sell,2,57717,0.038361887712460956,-1.1785245937672297
event_500,24,12000,validation,normalised_range,volatility,sell,3,26528,0.051245278138335154,-1.9639097776063619
event_500,24,12000,validation,normalised_range,volatility,sell,4,12422,0.06837078491699189,-2.3873067962934615
event_500,24,12000,validation,normalised_range,volatility,sell,5,5556,0.11386931833637905,-6.554900865375282
event_500,24,12000,later_sandbox,normalised_range,volatility,sell,1,192268,0.020274674968429027,-0.2985925540359251
event_500,24,12000,later_sandbox,normalised_range,volatility,sell,2,39318,0.03820410252176954,-0.6602887430998858
event_500,24,12000,later_sandbox,normalised_range,volatility,sell,3,14468,0.051029041310379115,-0.3363654578095607
event_500,24,12000,later_sandbox,normalised_range,volatility,sell,4,4853,0.06747920809319245,-1.2121486380743751
event_500,24,12000,later_sandbox,normalised_range,volatility,sell,5,1861,0.1345503869581855,-10.228014665841382
event_500,24,12000,validation,normalised_range,volatility,buy,1,234118,0.019605425566199267,-0.5104601776595122
event_500,24,12000,validation,normalised_range,volatility,buy,2,62611,0.03660458274193482,-0.08971046556287113
event_500,24,12000,validation,normalised_range,volatility,buy,3,29369,0.04904860908336501,0.2876829252914757
event_500,24,12000,validation,normalised_range,volatility,buy,4,13824,0.06547584402770418,1.4010283193393493
event_500,24,12000,validation,normalised_range,volatility,buy,5,5905,0.11015935601543927,3.5658978831036863
event_500,24,12000,later_sandbox,normalised_range,volatility,buy,1,179969,0.01977669432723752,-0.17626242423625427
event_500,24,12000,later_sandbox,normalised_range,volatility,buy,2,44127,0.036449601400623595,-0.4306266715129963
event_500,24,12000,later_sandbox,normalised_range,volatility,buy,3,17395,0.04883134057483191,-0.7595311798247804
event_500,24,12000,later_sandbox,normalised_range,volatility,buy,4,6034,0.06480736577650022,0.7444959551307937
event_500,24,12000,later_sandbox,normalised_range,volatility,buy,5,1857,0.1256774263219288,7.529752721881653
event_500,24,12000,validation,log_trailing_volatility,volatility,sell,1,10795,5.196571097717112,-2.427336441028791
event_500,24,12000,validation,log_trailing_volatility,volatility,sell,2,18997,5.571882720771316,-1.3027351612740217
event_500,24,12000,validation,log_trailing_volatility,volatility,sell,3,35562,5.811498307251484,-1.3608171751644567
event_500,24,12000,validation,log_trailing_volatility,volatility,sell,4,119908,6.083008231111939,-0.9993164371853088
event_500,24,12000,validation,log_trailing_volatility,volatility,sell,5,165292,6.6362659755993265,-0.7372415812906198
event_500,24,12000,later_sandbox,log_trailing_volatility,volatility,sell,1,3638,5.378033797063296,-4.35073830409982
event_500,24,12000,later_sandbox,log_trailing_volatility,volatility,sell,2,66813,5.5830409373679935,0.34918735334887335
event_500,24,12000,later_sandbox,log_trailing_volatility,volatility,sell,3,86507,5.800229362702113,-0.8064815759043531
event_500,24,12000,later_sandbox,log_trailing_volatility,volatility,sell,4,78708,6.054063931663744,-0.7758300820493692
event_500,24,12000,later_sandbox,log_trailing_volatility,volatility,sell,5,17102,6.650001818245213,0.594878554428807
event_500,24,12000,validation,log_trailing_volatility,volatility,buy,1,13838,5.215000201024759,1.7666757454683715
event_500,24,12000,validation,log_trailing_volatility,volatility,buy,2,19799,5.599684006490763,0.46065769934366496
event_500,24,12000,validation,log_trailing_volatility,volatility,buy,3,39578,5.840297684129122,-0.03327283996176898
event_500,24,12000,validation,log_trailing_volatility,volatility,buy,4,133397,6.131017767812315,-0.24145558533349895
event_500,24,12000,validation,log_trailing_volatility,volatility,buy,5,139215,6.701026759400232,-0.5480219307678317
event_500,24,12000,later_sandbox,log_trailing_volatility,volatility,buy,1,6136,5.404723463096877,1.0027535814765232
event_500,24,12000,later_sandbox,log_trailing_volatility,volatility,buy,2,70554,5.601553962428979,-0.8572030154587676
event_500,24,12000,later_sandbox,log_trailing_volatility,volatility,buy,3,87996,5.821722402423102,0.06804324183641446
event_500,24,12000,later_sandbox,log_trailing_volatility,volatility,buy,4,71411,6.083934812166299,-0.01114208316194085
event_500,24,12000,later_sandbox,log_trailing_volatility,volatility,buy,5,13285,6.745831875347982,0.2764997314483338
event_500,24,12000,validation,return_efficiency,impact,sell,1,68796,-0.37387395140624535,-1.093003570778057
event_500,24,12000,validation,return_efficiency,impact,sell,2,65825,0.1447572208185059,-0.9484710455612902
event_500,24,12000,validation,return_efficiency,impact,sell,3,65729,0.4406600366436254,-0.9848086889905839
event_500,24,12000,validation,return_efficiency,impact,sell,4,68872,0.6594872054756735,-1.0129809052991134
event_500,24,12000,validation,return_efficiency,impact,sell,5,81332,0.8781836626278922,-0.8472288455932487
event_500,24,12000,later_sandbox,return_efficiency,impact,sell,1,52671,-0.3890588791002988,-0.5837584846883622
event_500,24,12000,later_sandbox,return_efficiency,impact,sell,2,46337,0.14204873848892832,-0.44342795238981647
event_500,24,12000,later_sandbox,return_efficiency,impact,sell,3,44734,0.44096362893515717,-0.48611024782726514
event_500,24,12000,later_sandbox,return_efficiency,impact,sell,4,48388,0.6601211253370712,-0.4386199594999998
event_500,24,12000,later_sandbox,return_efficiency,impact,sell,5,60638,0.882165532177106,-0.3115305823802981
event_500,24,12000,validation,return_efficiency,impact,buy,1,68425,-0.37224482826582883,-0.8068510583944006
event_500,24,12000,validation,return_efficiency,impact,buy,2,66260,0.15515512173264442,-0.04427434252184646
event_500,24,12000,validation,return_efficiency,impact,buy,3,62369,0.4516035424890402,0.01481462876279562
event_500,24,12000,validation,return_efficiency,impact,buy,4,67574,0.6659647853518293,-0.46979469162298043
event_500,24,12000,validation,return_efficiency,impact,buy,5,81199,0.8827009849040282,0.15656546266668403
event_500,24,12000,later_sandbox,return_efficiency,impact,buy,1,51785,-0.38691704543853295,-0.2968141310065367
event_500,24,12000,later_sandbox,return_efficiency,impact,buy,2,47262,0.153820904938999,-0.09888102218040822
event_500,24,12000,later_sandbox,return_efficiency,impact,buy,3,43758,0.45116096858632065,-0.2409522726905323
event_500,24,12000,later_sandbox,return_efficiency,impact,buy,4,47243,0.6658198304520248,-0.14106574185405923
event_500,24,12000,later_sandbox,return_efficiency,impact,buy,5,59334,0.8846376011380108,-0.1383565544412894
event_500,24,12000,validation,normalised_signed_impact,impact,sell,1,62245,-0.010726730937811875,-1.2076927438036567
event_500,24,12000,validation,normalised_signed_impact,impact,sell,2,143789,0.005855071756989571,-0.6204022597267687
event_500,24,12000,validation,normalised_signed_impact,impact,sell,3,91594,0.01917792284415714,-0.8216759948864483
event_500,24,12000,validation,normalised_signed_impact,impact,sell,4,41312,0.03494189209134073,-1.5348374911166693
event_500,24,12000,validation,normalised_signed_impact,impact,sell,5,11614,0.0648437803121635,-3.2704541981212127
event_500,24,12000,later_sandbox,normalised_signed_impact,impact,sell,1,47326,-0.010187183951635077,-0.6857575522522126
event_500,24,12000,later_sandbox,normalised_signed_impact,impact,sell,2,103684,0.005735259407123236,-0.20457256889632963
event_500,24,12000,later_sandbox,normalised_signed_impact,impact,sell,3,67833,0.019216080666147654,-0.5738258626224644
event_500,24,12000,later_sandbox,normalised_signed_impact,impact,sell,4,28637,0.03456486031604121,-0.3747742205910418
event_500,24,12000,later_sandbox,normalised_signed_impact,impact,sell,5,5288,0.060790491126706016,-1.8594271581324673
event_500,24,12000,validation,normalised_signed_impact,impact,buy,1,63144,-0.010189263857494102,-0.874463377096904
event_500,24,12000,validation,normalised_signed_impact,impact,buy,2,136851,0.0058965130091991926,-0.16521372803404138
event_500,24,12000,validation,normalised_signed_impact,impact,buy,3,91043,0.019140889489224235,-0.06457890796810006
event_500,24,12000,validation,normalised_signed_impact,impact,buy,4,42596,0.03459416537623064,-0.06882437250810555
event_500,24,12000,validation,normalised_signed_impact,impact,buy,5,12193,0.06347814442972291,0.8518415775118283
event_500,24,12000,later_sandbox,normalised_signed_impact,impact,buy,1,47794,-0.01002580306853633,-0.2817879349255021
event_500,24,12000,later_sandbox,normalised_signed_impact,impact,buy,2,100258,0.0058574339440254555,-0.14226550664492638
event_500,24,12000,later_sandbox,normalised_signed_impact,impact,buy,3,66667,0.019144212748481198,-0.2839649440399835
event_500,24,12000,later_sandbox,normalised_signed_impact,impact,buy,4,28693,0.03434361022349894,-0.19486277254943743
event_500,24,12000,later_sandbox,normalised_signed_impact,impact,buy,5,5970,0.060259716718217844,1.1377345640911223
event_500,24,12000,validation,fills_per_event,microstructure,sell,1,2390,1.505760669456067,-2.0213277405654417
event_500,24,12000,validation,fills_per_event,microstructure,sell,2,8729,1.8112448161301409,-0.23495310323693455
event_500,24,12000,validation,fills_per_event,microstructure,sell,3,35665,2.020197728865835,-0.1142025559186822
event_500,24,12000,validation,fills_per_event,microstructure,sell,4,87173,2.2799641861585584,-0.3172488613777494
event_500,24,12000,validation,fills_per_event,microstructure,sell,5,216597,2.9917655369187934,-1.396234757820759
event_500,24,12000,later_sandbox,fills_per_event,microstructure,sell,1,1159,1.5883830888697155,-1.0845176654864266
event_500,24,12000,later_sandbox,fills_per_event,microstructure,sell,2,9848,1.8119784727863524,0.2697312567308593
event_500,24,12000,later_sandbox,fills_per_event,microstructure,sell,3,37760,2.0191492055084743,0.09199223112692892
event_500,24,12000,later_sandbox,fills_per_event,microstructure,sell,4,78331,2.2724653330099196,-0.06438501266182663
event_500,24,12000,later_sandbox,fills_per_event,microstructure,sell,5,125670,3.0530213097795813,-0.8990538371958389
event_500,24,12000,validation,fills_per_event,microstructure,buy,1,2253,1.4658641810918775,2.500136048817755
event_500,24,12000,validation,fills_per_event,microstructure,buy,2,7296,1.7852719298245612,1.5244802772279917
event_500,24,12000,validation,fills_per_event,microstructure,buy,3,32856,1.9931712320428536,0.4769405741756807
event_500,24,12000,validation,fills_per_event,microstructure,buy,4,86449,2.2514639845458015,-0.08834180074013434
event_500,24,12000,validation,fills_per_event,microstructure,buy,5,216973,2.9420412585897786,-0.4656804731789712
event_500,24,12000,later_sandbox,fills_per_event,microstructure,buy,1,935,1.559223529411765,0.2828979158761992
event_500,24,12000,later_sandbox,fills_per_event,microstructure,buy,2,8124,1.786837518463811,-0.5468877455392311
event_500,24,12000,later_sandbox,fills_per_event,microstructure,buy,3,34526,1.9919973353414817,0.04015457492348761
event_500,24,12000,later_sandbox,fills_per_event,microstructure,buy,4,77985,2.2448351862537668,-0.05289515514487849
event_500,24,12000,later_sandbox,fills_per_event,microstructure,buy,5,127812,2.9968579476105526,-0.3015677911534562
event_500,24,12000,validation,price_levels_per_event,microstructure,sell,1,38551,1.3018511582060128,-0.06233345988464077
event_500,24,12000,validation,price_levels_per_event,microstructure,sell,2,46051,1.4773229245836137,-0.21293853854456835
event_500,24,12000,validation,price_levels_per_event,microstructure,sell,3,51355,1.6095332100087625,-0.11788603903172602
event_500,24,12000,validation,price_levels_per_event,microstructure,sell,4,63672,1.7576535996984544,-0.5447650001412385
event_500,24,12000,validation,price_levels_per_event,microstructure,sell,5,150925,2.1905863177074707,-1.908771531910127
event_500,24,12000,later_sandbox,price_levels_per_event,microstructure,sell,1,63946,1.292754042473337,0.20528738486892179
event_500,24,12000,later_sandbox,price_levels_per_event,microstructure,sell,2,46902,1.473437422711185,0.24055671640233797
event_500,24,12000,later_sandbox,price_levels_per_event,microstructure,sell,3,39002,1.6064271575816627,-0.06963471924077141
event_500,24,12000,later_sandbox,price_levels_per_event,microstructure,sell,4,37299,1.7552148851175635,-0.3754965134556653
event_500,24,12000,later_sandbox,price_levels_per_event,microstructure,sell,5,65619,2.208354714335787,-1.8415826895898162
event_500,24,12000,validation,price_levels_per_event,microstructure,buy,1,37294,1.292400171609374,0.6306165821280013
event_500,24,12000,validation,price_levels_per_event,microstructure,buy,2,46640,1.468643010291595,0.14368911163604425
event_500,24,12000,validation,price_levels_per_event,microstructure,buy,3,51804,1.6027073585051348,-0.3991584014223456
event_500,24,12000,validation,price_levels_per_event,microstructure,buy,4,61888,1.751268291106515,-0.14374654506434817
event_500,24,12000,validation,price_levels_per_event,microstructure,buy,5,148201,2.17733679259924,-0.5188700648838268
event_500,24,12000,later_sandbox,price_levels_per_event,microstructure,buy,1,60570,1.28566174673931,-0.08858753740290712
event_500,24,12000,later_sandbox,price_levels_per_event,microstructure,buy,2,47669,1.464774046025719,-0.16422385000569745
event_500,24,12000,later_sandbox,price_levels_per_event,microstructure,buy,3,39636,1.5990530325966295,0.04385473268537878
event_500,24,12000,later_sandbox,price_levels_per_event,microstructure,buy,4,36429,1.7477952180954734,-0.5782207816723176
event_500,24,12000,later_sandbox,price_levels_per_event,microstructure,buy,5,65078,2.1990212053228433,-0.19885565504852937
event_500,24,12000,validation,abs_event_sign_imbalance,microstructure,sell,1,68731,0.02278604996289884,-0.8554956244985318
event_500,24,12000,validation,abs_event_sign_imbalance,microstructure,sell,2,72093,0.07147978305799453,-1.085393727229974
event_500,24,12000,validation,abs_event_sign_imbalance,microstructure,sell,3,65977,0.12495299877229946,-0.7864942528374398
event_500,24,12000,validation,abs_event_sign_imbalance,microstructure,sell,4,73175,0.19437398018448923,-1.0755244185428419
event_500,24,12000,validation,abs_event_sign_imbalance,microstructure,sell,5,70578,0.3471453994162487,-1.03984694290862
event_500,24,12000,later_sandbox,abs_event_sign_imbalance,microstructure,sell,1,45251,0.022776513226227046,-0.3333399920958113
event_500,24,12000,later_sandbox,abs_event_sign_imbalance,microstructure,sell,2,48490,0.07158061455970303,-0.6401591124335908
event_500,24,12000,later_sandbox,abs_event_sign_imbalance,microstructure,sell,3,46184,0.12527914429239564,-0.6191071044734437
event_500,24,12000,later_sandbox,abs_event_sign_imbalance,microstructure,sell,4,55207,0.1948312351694532,-0.5983167960330502
event_500,24,12000,later_sandbox,abs_event_sign_imbalance,microstructure,sell,5,57636,0.3378239988895829,-0.09377911100778168
event_500,24,12000,validation,abs_event_sign_imbalance,microstructure,buy,1,73535,0.026817814646086898,-0.04581766056476728
event_500,24,12000,validation,abs_event_sign_imbalance,microstructure,buy,2,65816,0.07949045824723472,-0.3983045275655848
event_500,24,12000,validation,abs_event_sign_imbalance,microstructure,buy,3,72814,0.13871804872689317,-0.42518451342423247
event_500,24,12000,validation,abs_event_sign_imbalance,microstructure,buy,4,68550,0.21609167031363966,-0.4902268609927991
event_500,24,12000,validation,abs_event_sign_imbalance,microstructure,buy,5,65112,0.37267502150141296,0.2748659759173168
event_500,24,12000,later_sandbox,abs_event_sign_imbalance,microstructure,buy,1,50036,0.026884403229674635,-0.02159247999491673
event_500,24,12000,later_sandbox,abs_event_sign_imbalance,microstructure,buy,2,45061,0.07953245600408335,-0.2596399061660002
event_500,24,12000,later_sandbox,abs_event_sign_imbalance,microstructure,buy,3,51699,0.1388451614151144,0.031244824990953796
event_500,24,12000,later_sandbox,abs_event_sign_imbalance,microstructure,buy,4,51885,0.21685219234846295,-0.3400288819362314
event_500,24,12000,later_sandbox,abs_event_sign_imbalance,microstructure,buy,5,50701,0.3598963334056527,-0.32847346923455595
event_500,24,12000,validation,aligned_pretrend_1000_events,pretrend,sell,1,40603,-22.67812807677233,-0.7249101296260738
event_500,24,12000,validation,aligned_pretrend_1000_events,pretrend,sell,2,72840,-7.937814806946698,-0.2764369279595404
event_500,24,12000,validation,aligned_pretrend_1000_events,pretrend,sell,3,92066,1.071024097163825,-0.764138388088244
event_500,24,12000,validation,aligned_pretrend_1000_events,pretrend,sell,4,91059,9.968122245497257,-1.053982552876334
event_500,24,12000,validation,aligned_pretrend_1000_events,pretrend,sell,5,53986,25.324899048179383,-2.317929722180808
event_500,24,12000,later_sandbox,aligned_pretrend_1000_events,pretrend,sell,1,11693,-19.49228551939053,-0.22141525183293057
event_500,24,12000,later_sandbox,aligned_pretrend_1000_events,pretrend,sell,2,56022,-7.400770874521278,-0.09198169616344815
event_500,24,12000,later_sandbox,aligned_pretrend_1000_events,pretrend,sell,3,97164,1.1124512754096374,-0.2905564997890065
event_500,24,12000,later_sandbox,aligned_pretrend_1000_events,pretrend,sell,4,71758,9.410726485199683,-0.7474246077515778
event_500,24,12000,later_sandbox,aligned_pretrend_1000_events,pretrend,sell,5,16131,21.903995683880897,-1.4597433629153278
event_500,24,12000,validation,aligned_pretrend_1000_events,pretrend,buy,1,41122,-22.605274796263924,-0.2737996927299694
event_500,24,12000,validation,aligned_pretrend_1000_events,pretrend,buy,2,75568,-7.680867650343707,0.3463800701712904
event_500,24,12000,validation,aligned_pretrend_1000_events,pretrend,buy,3,92518,1.5429867202681975,-0.22198358961871395
event_500,24,12000,validation,aligned_pretrend_1000_events,pretrend,buy,4,83884,10.538387044928019,-0.23952483319758425
event_500,24,12000,validation,aligned_pretrend_1000_events,pretrend,buy,5,52735,26.1630913491948,-0.9583323189429933
event_500,24,12000,later_sandbox,aligned_pretrend_1000_events,pretrend,buy,1,11922,-19.02950563024084,0.4316247505727992
event_500,24,12000,later_sandbox,aligned_pretrend_1000_events,pretrend,buy,2,58528,-7.1612911636200325,0.10476320419315248
event_500,24,12000,later_sandbox,aligned_pretrend_1000_events,pretrend,buy,3,98743,1.558899987236984,-0.2722209596645855
event_500,24,12000,later_sandbox,aligned_pretrend_1000_events,pretrend,buy,4,65045,10.008736170850238,-0.44257020906084776
event_500,24,12000,later_sandbox,aligned_pretrend_1000_events,pretrend,buy,5,15144,22.508293756065186,-0.0707579542597585
event_500,24,12000,validation,aligned_flow_persistence_1000_events,flow_persistence,sell,1,74369,-0.3421938800289472,0.10885416076611362
event_500,24,12000,validation,aligned_flow_persistence_1000_events,flow_persistence,sell,2,57165,-0.11322763958018484,-0.4660566504086912
event_500,24,12000,validation,aligned_flow_persistence_1000_events,flow_persistence,sell,3,55214,0.01592943023256253,-0.4768495702063271
event_500,24,12000,validation,aligned_flow_persistence_1000_events,flow_persistence,sell,4,64489,0.14542811860373955,-0.9822287077051357
event_500,24,12000,validation,aligned_flow_persistence_1000_events,flow_persistence,sell,5,99317,0.3841545809880971,-2.3441327797694806
event_500,24,12000,later_sandbox,aligned_flow_persistence_1000_events,flow_persistence,sell,1,56737,-0.3564879644326564,0.22445002994541777
event_500,24,12000,later_sandbox,aligned_flow_persistence_1000_events,flow_persistence,sell,2,36903,-0.11394478081044392,0.14260632720005798
event_500,24,12000,later_sandbox,aligned_flow_persistence_1000_events,flow_persistence,sell,3,35454,0.016372258693368266,-0.19044526016939634
event_500,24,12000,later_sandbox,aligned_flow_persistence_1000_events,flow_persistence,sell,4,42301,0.14605697487983976,-0.903965861660415
event_500,24,12000,later_sandbox,aligned_flow_persistence_1000_events,flow_persistence,sell,5,81373,0.40193928976669724,-1.0588397936835188
event_500,24,12000,validation,aligned_flow_persistence_1000_events,flow_persistence,buy,1,77077,-0.34622947523419195,0.5561833240353427
event_500,24,12000,validation,aligned_flow_persistence_1000_events,flow_persistence,buy,2,57719,-0.11284241735703418,-0.013698294751248197
event_500,24,12000,validation,aligned_flow_persistence_1000_events,flow_persistence,buy,3,55602,0.018964963018996698,-0.2776691633987158
event_500,24,12000,validation,aligned_flow_persistence_1000_events,flow_persistence,buy,4,62274,0.15068715058109183,-0.1489299577638448
event_500,24,12000,validation,aligned_flow_persistence_1000_events,flow_persistence,buy,5,93155,0.3890067190695109,-1.0049513251283404
event_500,24,12000,later_sandbox,aligned_flow_persistence_1000_events,flow_persistence,buy,1,58401,-0.3610724610567246,0.5379101333506301
event_500,24,12000,later_sandbox,aligned_flow_persistence_1000_events,flow_persistence,buy,2,36737,-0.11331756371188262,0.04175284405681066
event_500,24,12000,later_sandbox,aligned_flow_persistence_1000_events,flow_persistence,buy,3,35617,0.018942733692722664,-0.01131109267654205
event_500,24,12000,later_sandbox,aligned_flow_persistence_1000_events,flow_persistence,buy,4,42072,0.15179351769113553,-0.31313235111191845
event_500,24,12000,later_sandbox,aligned_flow_persistence_1000_events,flow_persistence,buy,5,76555,0.4023532261721709,-0.8468739246629381
event_500,24,12000,validation,aligned_pretrend_4000_events,pretrend,sell,1,45281,-45.9652880533043,0.5497653122437829
event_500,24,12000,validation,aligned_pretrend_4000_events,pretrend,sell,2,73559,-16.87356436811307,0.06993312196579049
event_500,24,12000,validation,aligned_pretrend_4000_events,pretrend,sell,3,84701,0.401123107987298,-0.5227514840606592
event_500,24,12000,validation,aligned_pretrend_4000_events,pretrend,sell,4,87500,17.213991258909225,-1.1122783252630706
event_500,24,12000,validation,aligned_pretrend_4000_events,pretrend,sell,5,59513,47.343842148174126,-3.855744369095553
event_500,24,12000,later_sandbox,aligned_pretrend_4000_events,pretrend,sell,1,13358,-39.176250170269,0.17890279713217389
event_500,24,12000,later_sandbox,aligned_pretrend_4000_events,pretrend,sell,2,59113,-15.90943531445936,0.25142845420861204
event_500,24,12000,later_sandbox,aligned_pretrend_4000_events,pretrend,sell,3,87406,0.4510986117789913,-0.3466663015771817
event_500,24,12000,later_sandbox,aligned_pretrend_4000_events,pretrend,sell,4,73938,16.29891014421688,-0.8776148307604387
event_500,24,12000,later_sandbox,aligned_pretrend_4000_events,pretrend,sell,5,18953,40.88454660271896,-1.8581294635772632
event_500,24,12000,validation,aligned_pretrend_4000_events,pretrend,buy,1,45737,-44.957849816657095,0.8469976876654872
event_500,24,12000,validation,aligned_pretrend_4000_events,pretrend,buy,2,77994,-15.765221464333486,-0.03578889421442238
event_500,24,12000,validation,aligned_pretrend_4000_events,pretrend,buy,3,85804,1.7837121773322424,0.07722107897680228
event_500,24,12000,validation,aligned_pretrend_4000_events,pretrend,buy,4,80489,18.826552611552035,-0.7143105390906646
event_500,24,12000,validation,aligned_pretrend_4000_events,pretrend,buy,5,55803,49.10947604559324,-1.0990614522255178
event_500,24,12000,later_sandbox,aligned_pretrend_4000_events,pretrend,buy,1,13736,-37.53983915392048,0.8833753038221118
event_500,24,12000,later_sandbox,aligned_pretrend_4000_events,pretrend,buy,2,64547,-14.853629009790877,0.3870334447581249
event_500,24,12000,later_sandbox,aligned_pretrend_4000_events,pretrend,buy,3,88878,1.832613258733219,-0.29548631689979155
event_500,24,12000,later_sandbox,aligned_pretrend_4000_events,pretrend,buy,4,65077,17.82670500172856,-0.6530517184002909
event_500,24,12000,later_sandbox,aligned_pretrend_4000_events,pretrend,buy,5,17144,42.55512547062377,-0.805882653805113
event_500,24,12000,validation,aligned_flow_persistence_4000_events,flow_persistence,sell,1,85631,-0.2226991016244399,0.4669250291176162
event_500,24,12000,validation,aligned_flow_persistence_4000_events,flow_persistence,sell,2,54757,-0.06898398455232488,-0.1766553063302106
event_500,24,12000,validation,aligned_flow_persistence_4000_events,flow_persistence,sell,3,49606,0.007361261906425357,-0.25927266346302236
event_500,24,12000,validation,aligned_flow_persistence_4000_events,flow_persistence,sell,4,57351,0.08289366823920465,-0.5357855965852492
event_500,24,12000,validation,aligned_flow_persistence_4000_events,flow_persistence,sell,5,103209,0.2420764473891044,-3.1756099855019606
event_500,24,12000,later_sandbox,aligned_flow_persistence_4000_events,flow_persistence,sell,1,68830,-0.23620017686795405,0.6356142294516008
event_500,24,12000,later_sandbox,aligned_flow_persistence_4000_events,flow_persistence,sell,2,35232,-0.06947807709951058,-0.05108099061297901
event_500,24,12000,later_sandbox,aligned_flow_persistence_4000_events,flow_persistence,sell,3,31153,0.00731559901856814,-0.3836069591307315
event_500,24,12000,later_sandbox,aligned_flow_persistence_4000_events,flow_persistence,sell,4,36174,0.08308981175866346,-0.944092607959704
event_500,24,12000,later_sandbox,aligned_flow_persistence_4000_events,flow_persistence,sell,5,81379,0.258015699675616,-1.3394362478233728
event_500,24,12000,validation,aligned_flow_persistence_4000_events,flow_persistence,buy,1,90797,-0.22682624571446583,0.763180733793353
event_500,24,12000,validation,aligned_flow_persistence_4000_events,flow_persistence,buy,2,54346,-0.07053504176780288,-0.3141198491675302
event_500,24,12000,validation,aligned_flow_persistence_4000_events,flow_persistence,buy,3,50189,0.005912701428173618,0.1150099637359701
event_500,24,12000,validation,aligned_flow_persistence_4000_events,flow_persistence,buy,4,57436,0.08378992908385213,-0.200057330888629
event_500,24,12000,validation,aligned_flow_persistence_4000_events,flow_persistence,buy,5,93059,0.24217756084536732,-1.3191253021189633
event_500,24,12000,later_sandbox,aligned_flow_persistence_4000_events,flow_persistence,buy,1,71999,-0.24103783943547874,0.6095238645517582
event_500,24,12000,later_sandbox,aligned_flow_persistence_4000_events,flow_persistence,buy,2,34725,-0.07083653766809289,0.37663636947579915
event_500,24,12000,later_sandbox,aligned_flow_persistence_4000_events,flow_persistence,buy,3,31091,0.005892592323930375,0.08390687094084794
event_500,24,12000,later_sandbox,aligned_flow_persistence_4000_events,flow_persistence,buy,4,36722,0.0841629949760883,-0.07938066045254391
event_500,24,12000,later_sandbox,aligned_flow_persistence_4000_events,flow_persistence,buy,5,74845,0.2563546554343593,-1.3644008203845255
event_500,24,12000,validation,aligned_pretrend_12000_events,pretrend,sell,1,51032,-78.33792333127558,0.02031642027572578
event_500,24,12000,validation,aligned_pretrend_12000_events,pretrend,sell,2,76910,-28.5595230422674,0.2574979991641929
event_500,24,12000,validation,aligned_pretrend_12000_events,pretrend,sell,3,80935,-0.4495778675519413,-0.07956416231833295
event_500,24,12000,validation,aligned_pretrend_12000_events,pretrend,sell,4,84317,27.739521304598917,-0.9896494711739119
event_500,24,12000,validation,aligned_pretrend_12000_events,pretrend,sell,5,57360,79.84210281138797,-4.741768944640094
event_500,24,12000,later_sandbox,aligned_pretrend_12000_events,pretrend,sell,1,16221,-67.25548966161772,0.7874426150558999
event_500,24,12000,later_sandbox,aligned_pretrend_12000_events,pretrend,sell,2,64167,-27.01698999814737,0.3123524520602538
event_500,24,12000,later_sandbox,aligned_pretrend_12000_events,pretrend,sell,3,83641,-0.4307857124663797,-0.20088656995794604
event_500,24,12000,later_sandbox,aligned_pretrend_12000_events,pretrend,sell,4,70796,26.160353792008767,-0.935619453758423
event_500,24,12000,later_sandbox,aligned_pretrend_12000_events,pretrend,sell,5,17943,70.00171613824502,-3.5072068250522883
event_500,24,12000,validation,aligned_pretrend_12000_events,pretrend,buy,1,51303,-76.3001963723534,1.157191241890949
event_500,24,12000,validation,aligned_pretrend_12000_events,pretrend,buy,2,82241,-26.03475682596735,0.05361939004137771
event_500,24,12000,validation,aligned_pretrend_12000_events,pretrend,buy,3,80139,2.404903875522785,-0.29948743498045094
event_500,24,12000,validation,aligned_pretrend_12000_events,pretrend,buy,4,77613,30.324051600667843,-0.7520123968954985
event_500,24,12000,validation,aligned_pretrend_12000_events,pretrend,buy,5,54531,81.80758385231374,-1.0574152012701472
event_500,24,12000,later_sandbox,aligned_pretrend_12000_events,pretrend,buy,1,16458,-63.84043886380104,1.4647915113406342
event_500,24,12000,later_sandbox,aligned_pretrend_12000_events,pretrend,buy,2,72330,-24.642357600827395,0.14653623761243764
event_500,24,12000,later_sandbox,aligned_pretrend_12000_events,pretrend,buy,3,82221,2.2946945409008834,-0.04929186048858136
event_500,24,12000,later_sandbox,aligned_pretrend_12000_events,pretrend,buy,4,61597,28.645351559807896,-0.9102696248903314
event_500,24,12000,later_sandbox,aligned_pretrend_12000_events,pretrend,buy,5,16776,71.2182684725633,-1.1948522562611723
event_500,24,12000,validation,aligned_flow_persistence_12000_events,flow_persistence,sell,1,86219,-0.15272233467281185,0.015665137593419046
event_500,24,12000,validation,aligned_flow_persistence_12000_events,flow_persistence,sell,2,58733,-0.04589750467986019,-0.37756044967667524
event_500,24,12000,validation,aligned_flow_persistence_12000_events,flow_persistence,sell,3,51716,0.006293361394155611,-0.07675113998949971
event_500,24,12000,validation,aligned_flow_persistence_12000_events,flow_persistence,sell,4,58409,0.05758509971879251,-0.48150312704212295
event_500,24,12000,validation,aligned_flow_persistence_12000_events,flow_persistence,sell,5,95477,0.16701070361225126,-3.0176137125353586
event_500,24,12000,later_sandbox,aligned_flow_persistence_12000_events,flow_persistence,sell,1,70310,-0.161043221791005,0.5971904747626794
event_500,24,12000,later_sandbox,aligned_flow_persistence_12000_events,flow_persistence,sell,2,39963,-0.04606616722823083,0.053289283320165755
event_500,24,12000,later_sandbox,aligned_flow_persistence_12000_events,flow_persistence,sell,3,33240,0.006228506069954907,-0.2614474500133122
event_500,24,12000,later_sandbox,aligned_flow_persistence_12000_events,flow_persistence,sell,4,37622,0.057671518064670795,-0.8426431959936282
event_500,24,12000,later_sandbox,aligned_flow_persistence_12000_events,flow_persistence,sell,5,71633,0.17616282636252764,-1.631651339601134
event_500,24,12000,validation,aligned_flow_persistence_12000_events,flow_persistence,buy,1,96718,-0.15597907185270254,0.6064778346055343
event_500,24,12000,validation,aligned_flow_persistence_12000_events,flow_persistence,buy,2,57180,-0.04760814241974708,-0.5469955445583015
event_500,24,12000,validation,aligned_flow_persistence_12000_events,flow_persistence,buy,3,51499,0.003743271768360204,-0.4554847850242174
event_500,24,12000,validation,aligned_flow_persistence_12000_events,flow_persistence,buy,4,58158,0.056640602099276655,-0.34144104967237565
event_500,24,12000,validation,aligned_flow_persistence_12000_events,flow_persistence,buy,5,82272,0.1646777506871087,-0.7331407279780846
event_500,24,12000,later_sandbox,aligned_flow_persistence_12000_events,flow_persistence,buy,1,76674,-0.164698139784252,0.3922257781640557
event_500,24,12000,later_sandbox,aligned_flow_persistence_12000_events,flow_persistence,buy,2,38052,-0.047866063848932695,0.3413321876812241
event_500,24,12000,later_sandbox,aligned_flow_persistence_12000_events,flow_persistence,buy,3,33377,0.003836566344091574,0.13733771373366752
event_500,24,12000,later_sandbox,aligned_flow_persistence_12000_events,flow_persistence,buy,4,37770,0.05674888300743993,-0.24680359150892825
event_500,24,12000,later_sandbox,aligned_flow_persistence_12000_events,flow_persistence,buy,5,63509,0.17272420688615447,-1.3192631245505393
event_500,24,12000,validation,expected_normalised_impact,fitted_impact,sell,1,198862,-0.00020420032671971235,-0.41329120488059046
event_500,24,12000,validation,expected_normalised_impact,fitted_impact,sell,2,82051,0.009642245676594304,-0.9602021425014065
event_500,24,12000,validation,expected_normalised_impact,fitted_impact,sell,3,39571,0.01973567350685619,-2.14038070519596
event_500,24,12000,validation,expected_normalised_impact,fitted_impact,sell,4,21009,0.031929401742293306,-2.8206942132832875
event_500,24,12000,validation,expected_normalised_impact,fitted_impact,sell,5,9061,0.05313214351790658,-3.9841382558224328
event_500,24,12000,later_sandbox,expected_normalised_impact,fitted_impact,sell,1,138966,0.00002745583333618307,-0.2587785973113742
event_500,24,12000,later_sandbox,expected_normalised_impact,fitted_impact,sell,2,66547,0.009607544302928834,-0.43521385401993995
event_500,24,12000,later_sandbox,expected_normalised_impact,fitted_impact,sell,3,29210,0.01966775695337411,-0.7669682788745686
event_500,24,12000,later_sandbox,expected_normalised_impact,fitted_impact,sell,4,13462,0.03174923708291881,-1.4088538544260867
event_500,24,12000,later_sandbox,expected_normalised_impact,fitted_impact,sell,5,4583,0.051068882870562736,-1.4972108108722535
event_500,24,12000,validation,expected_normalised_impact,fitted_impact,buy,1,196130,0.0008858672397280785,-0.17347311490938888
event_500,24,12000,validation,expected_normalised_impact,fitted_impact,buy,2,80798,0.010205601155174767,-0.68097431062249
event_500,24,12000,validation,expected_normalised_impact,fitted_impact,buy,3,38769,0.019643922890430363,-0.24855980618700704
event_500,24,12000,validation,expected_normalised_impact,fitted_impact,buy,4,20737,0.03114292463847733,0.5783370509161326
event_500,24,12000,validation,expected_normalised_impact,fitted_impact,buy,5,9393,0.05217900458688804,1.1111155716580243
event_500,24,12000,later_sandbox,expected_normalised_impact,fitted_impact,buy,1,135890,0.001104897568321827,0.12330089176868402
event_500,24,12000,later_sandbox,expected_normalised_impact,fitted_impact,buy,2,65413,0.010215710401205707,-0.5020825347637612
event_500,24,12000,later_sandbox,expected_normalised_impact,fitted_impact,buy,3,29714,0.01955001209373581,-0.9699740375025451
event_500,24,12000,later_sandbox,expected_normalised_impact,fitted_impact,buy,4,13843,0.0308915053184091,-0.24130417486518882
event_500,24,12000,later_sandbox,expected_normalised_impact,fitted_impact,buy,5,4522,0.049741615355873105,0.6166537086638246
event_500,24,12000,validation,impact_residual,fitted_impact,sell,1,18597,-0.03238207941758748,-1.457526155634455
event_500,24,12000,validation,impact_residual,fitted_impact,sell,2,58209,-0.01124457728692863,-1.9467071010153236
event_500,24,12000,validation,impact_residual,fitted_impact,sell,3,117358,0.001224027018737959,-1.1238458755188006
event_500,24,12000,validation,impact_residual,fitted_impact,sell,4,119048,0.012216302497280295,-0.2626188579223008
event_500,24,12000,validation,impact_residual,fitted_impact,sell,5,37342,0.029522602011602606,-1.0029635882150802
event_500,24,12000,later_sandbox,impact_residual,fitted_impact,sell,1,12583,-0.030537426843426193,-1.2935592523901485
event_500,24,12000,later_sandbox,impact_residual,fitted_impact,sell,2,47411,-0.011089749790487043,-0.8823560885559393
event_500,24,12000,later_sandbox,impact_residual,fitted_impact,sell,3,90443,0.0009781679856740472,-0.23261618022490785
event_500,24,12000,later_sandbox,impact_residual,fitted_impact,sell,4,77281,0.012236409832046845,-0.2992439677643694
event_500,24,12000,later_sandbox,impact_residual,fitted_impact,sell,5,25050,0.028906656522984166,-0.43432475886804767
event_500,24,12000,validation,impact_residual,fitted_impact,buy,1,19298,-0.031678111233417974,0.2772563080327029
event_500,24,12000,validation,impact_residual,fitted_impact,buy,2,55798,-0.011273000241778108,-0.5597970697554413
event_500,24,12000,validation,impact_residual,fitted_impact,buy,3,114976,0.0004296493477395343,-0.6170656282840793
event_500,24,12000,validation,impact_residual,fitted_impact,buy,4,115802,0.011281600925296044,0.09039819649879623
event_500,24,12000,validation,impact_residual,fitted_impact,buy,5,39953,0.028594145259934655,0.2531257947825926
event_500,24,12000,later_sandbox,impact_residual,fitted_impact,buy,1,13799,-0.029010645054701967,-0.7573646828555285
event_500,24,12000,later_sandbox,impact_residual,fitted_impact,buy,2,46550,-0.011256664921293742,-0.5587377297349984
event_500,24,12000,later_sandbox,impact_residual,fitted_impact,buy,3,86300,0.00025649562041610974,-0.2789754319962689
event_500,24,12000,later_sandbox,impact_residual,fitted_impact,buy,4,77066,0.011241818490065097,0.059714311266473426
event_500,24,12000,later_sandbox,impact_residual,fitted_impact,buy,5,25667,0.0277984130987765,0.4080224572648349
event_500,24,12000,validation,marginal_impact_bps_per_btc,fitted_impact,sell,1,15257,0.03467844013207798,-3.149284515943633
event_500,24,12000,validation,marginal_impact_bps_per_btc,fitted_impact,sell,2,42427,0.06032570240573942,-0.5163976253596474
event_500,24,12000,validation,marginal_impact_bps_per_btc,fitted_impact,sell,3,72721,0.08055570445845626,-1.4114359573865158
event_500,24,12000,validation,marginal_impact_bps_per_btc,fitted_impact,sell,4,82639,0.11579207368037533,-0.5872205409713224
event_500,24,12000,validation,marginal_impact_bps_per_btc,fitted_impact,sell,5,137510,0.18337008878412017,-0.8719694529431472
event_500,24,12000,later_sandbox,marginal_impact_bps_per_btc,fitted_impact,sell,1,13965,0.0365234068150411,-1.1949316532875065
event_500,24,12000,later_sandbox,marginal_impact_bps_per_btc,fitted_impact,sell,2,45310,0.05985743980821868,-0.6390271663867255
event_500,24,12000,later_sandbox,marginal_impact_bps_per_btc,fitted_impact,sell,3,71510,0.08172211806370056,-0.6148068035928651
event_500,24,12000,later_sandbox,marginal_impact_bps_per_btc,fitted_impact,sell,4,72312,0.11381437955564513,-0.26918112363721164
event_500,24,12000,later_sandbox,marginal_impact_bps_per_btc,fitted_impact,sell,5,49671,0.16352510376832277,-0.08220194224703857
event_500,24,12000,validation,marginal_impact_bps_per_btc,fitted_impact,buy,1,16585,0.03547363517041607,0.9566425208265635
event_500,24,12000,validation,marginal_impact_bps_per_btc,fitted_impact,buy,2,46072,0.06119316839364351,-0.15322524152088676
event_500,24,12000,validation,marginal_impact_bps_per_btc,fitted_impact,buy,3,69960,0.0813001246218217,-0.16867951149223995
event_500,24,12000,validation,marginal_impact_bps_per_btc,fitted_impact,buy,4,81816,0.11686090159550301,-0.6293343442414656
event_500,24,12000,validation,marginal_impact_bps_per_btc,fitted_impact,buy,5,131394,0.1829971713914911,-0.16566556358424442
event_500,24,12000,later_sandbox,marginal_impact_bps_per_btc,fitted_impact,buy,1,15269,0.03749434145418986,-0.560026483773564
event_500,24,12000,later_sandbox,marginal_impact_bps_per_btc,fitted_impact,buy,2,48828,0.060602833003716536,-0.12217915782879388
event_500,24,12000,later_sandbox,marginal_impact_bps_per_btc,fitted_impact,buy,3,71480,0.08257904125725468,0.19033660441579747
event_500,24,12000,later_sandbox,marginal_impact_bps_per_btc,fitted_impact,buy,4,69755,0.11528614354336011,-0.31490549457958583
event_500,24,12000,later_sandbox,marginal_impact_bps_per_btc,fitted_impact,buy,5,44050,0.16385306715647097,-0.512673331362687
event_500,32,16000,validation,log_abs_signed_imbalance,imbalance,sell,1,148585,2.1721471737302798,-0.3927075405550254
event_500,32,16000,validation,log_abs_signed_imbalance,imbalance,sell,2,95474,3.6355260105668887,-0.8873814502061502
event_500,32,16000,validation,log_abs_signed_imbalance,imbalance,sell,3,54199,4.262153070428231,-1.7136047155110943
event_500,32,16000,validation,log_abs_signed_imbalance,imbalance,sell,4,32420,4.780217192152655,-2.5563947525559882
event_500,32,16000,validation,log_abs_signed_imbalance,imbalance,sell,5,19876,5.486909423963933,-4.034439063789227
event_500,32,16000,later_sandbox,log_abs_signed_imbalance,imbalance,sell,1,120150,2.132940584744105,-0.2056139202841916
event_500,32,16000,later_sandbox,log_abs_signed_imbalance,imbalance,sell,2,67281,3.6271683369266055,-0.46087760157872987
event_500,32,16000,later_sandbox,log_abs_signed_imbalance,imbalance,sell,3,35245,4.25759780613571,-0.9650857788214557
event_500,32,16000,later_sandbox,log_abs_signed_imbalance,imbalance,sell,4,19457,4.7769646949012445,-1.9470789601851495
event_500,32,16000,later_sandbox,log_abs_signed_imbalance,imbalance,sell,5,10631,5.47081047525134,-1.413030089573465
event_500,32,16000,validation,log_abs_signed_imbalance,imbalance,buy,1,147923,2.160588375337187,-0.006615984867312188
event_500,32,16000,validation,log_abs_signed_imbalance,imbalance,buy,2,95717,3.628321371466042,-0.297590902691049
event_500,32,16000,validation,log_abs_signed_imbalance,imbalance,buy,3,52820,4.256680227250334,-0.4668849608700733
event_500,32,16000,validation,log_abs_signed_imbalance,imbalance,buy,4,30945,4.763938532523141,-0.1938053993878574
event_500,32,16000,validation,log_abs_signed_imbalance,imbalance,buy,5,18422,5.456662366374447,0.7644705021148855
event_500,32,16000,later_sandbox,log_abs_signed_imbalance,imbalance,buy,1,118674,2.1269792711498066,-0.024449422995430493
event_500,32,16000,later_sandbox,log_abs_signed_imbalance,imbalance,buy,2,67788,3.6235793343085465,-0.33442822597615746
event_500,32,16000,later_sandbox,log_abs_signed_imbalance,imbalance,buy,3,34155,4.252487977813975,-0.617956045953391
event_500,32,16000,later_sandbox,log_abs_signed_imbalance,imbalance,buy,4,18509,4.763684063756149,-0.5775958703257215
event_500,32,16000,later_sandbox,log_abs_signed_imbalance,imbalance,buy,5,10252,5.451907284606947,0.5045016078063189
event_500,32,16000,validation,absolute_imbalance_ratio,imbalance,sell,1,58834,0.0397795834961894,-0.22350190983768717
event_500,32,16000,validation,absolute_imbalance_ratio,imbalance,sell,2,61749,0.12196969398738886,-0.8390355664641806
event_500,32,16000,validation,absolute_imbalance_ratio,imbalance,sell,3,64896,0.21445919565006513,-0.8252841278272577
event_500,32,16000,validation,absolute_imbalance_ratio,imbalance,sell,4,72341,0.3293991235841266,-0.9834802805367187
event_500,32,16000,validation,absolute_imbalance_ratio,imbalance,sell,5,92734,0.5425331335652427,-2.2575548653708926
event_500,32,16000,later_sandbox,absolute_imbalance_ratio,imbalance,sell,1,39144,0.03958610258684374,-0.5091000555660398
event_500,32,16000,later_sandbox,absolute_imbalance_ratio,imbalance,sell,2,41365,0.12206919429314922,-0.13884078208676087
event_500,32,16000,later_sandbox,absolute_imbalance_ratio,imbalance,sell,3,44050,0.2148795601878208,-0.31566571897416745
event_500,32,16000,later_sandbox,absolute_imbalance_ratio,imbalance,sell,4,51003,0.3303840974096099,-0.6767959340991807
event_500,32,16000,later_sandbox,absolute_imbalance_ratio,imbalance,sell,5,77202,0.552608920848314,-0.8877806979784952
event_500,32,16000,validation,absolute_imbalance_ratio,imbalance,buy,1,58825,0.039417711692771196,0.3074014290648472
event_500,32,16000,validation,absolute_imbalance_ratio,imbalance,buy,2,63242,0.12304110018717596,-0.14558959801005267
event_500,32,16000,validation,absolute_imbalance_ratio,imbalance,buy,3,65038,0.21711703070951907,0.10015780090417763
event_500,32,16000,validation,absolute_imbalance_ratio,imbalance,buy,4,70130,0.33229413767422267,-0.06854029093445026
event_500,32,16000,validation,absolute_imbalance_ratio,imbalance,buy,5,88592,0.5436827694834253,-0.6391220996142025
event_500,32,16000,later_sandbox,absolute_imbalance_ratio,imbalance,buy,1,39172,0.039738976886427926,0.1289884590655921
event_500,32,16000,later_sandbox,absolute_imbalance_ratio,imbalance,buy,2,41973,0.12314002244873229,0.07058959148459491
event_500,32,16000,later_sandbox,absolute_imbalance_ratio,imbalance,buy,3,44433,0.21747352487554186,-0.08181591095220286
event_500,32,16000,later_sandbox,absolute_imbalance_ratio,imbalance,buy,4,50577,0.332721527526558,-0.2803413560493632
event_500,32,16000,later_sandbox,absolute_imbalance_ratio,imbalance,buy,5,73223,0.5507674632408573,-0.579026171323906
event_500,32,16000,validation,normalised_imbalance,imbalance,sell,1,198862,0.000036137187642380126,-0.4664766083610372
event_500,32,16000,validation,normalised_imbalance,imbalance,sell,2,82051,0.0001332276807313269,-1.1229378031600652
event_500,32,16000,validation,normalised_imbalance,imbalance,sell,3,39571,0.0002658650798561122,-2.4289828917593206
event_500,32,16000,validation,normalised_imbalance,imbalance,sell,4,21009,0.0004886370519332341,-3.531476038754075
event_500,32,16000,validation,normalised_imbalance,imbalance,sell,5,9061,0.0012096136207741229,-4.834134652809233
event_500,32,16000,later_sandbox,normalised_imbalance,imbalance,sell,1,138964,0.00003813450891407526,-0.3388598680352504
event_500,32,16000,later_sandbox,normalised_imbalance,imbalance,sell,2,66545,0.00013282110123907095,-0.5218481986931041
event_500,32,16000,later_sandbox,normalised_imbalance,imbalance,sell,3,29210,0.00026482935211694146,-0.9691436186788339
event_500,32,16000,later_sandbox,normalised_imbalance,imbalance,sell,4,13462,0.00048471549283991795,-1.671834597302876
event_500,32,16000,later_sandbox,normalised_imbalance,imbalance,sell,5,4583,0.001079291330051784,-2.182603400593741
event_500,32,16000,validation,normalised_imbalance,imbalance,buy,1,196130,0.00003535615168407185,-0.1392511234475095
event_500,32,16000,validation,normalised_imbalance,imbalance,buy,2,80798,0.00012797084173620543,-0.6547692970114811
event_500,32,16000,validation,normalised_imbalance,imbalance,buy,3,38769,0.0002514860855574981,-0.10054264390900328
event_500,32,16000,validation,normalised_imbalance,imbalance,buy,4,20737,0.00045775789071573987,1.0958481414616468
event_500,32,16000,validation,normalised_imbalance,imbalance,buy,5,9393,0.0011705641682703755,1.6342432092250647
event_500,32,16000,later_sandbox,normalised_imbalance,imbalance,buy,1,135887,0.00003727074954324397,0.13237029789233698
event_500,32,16000,later_sandbox,normalised_imbalance,imbalance,buy,2,65413,0.0001280862927275061,-0.6278306335683004
event_500,32,16000,later_sandbox,normalised_imbalance,imbalance,buy,3,29714,0.00025006219302482654,-1.1204710220887357
event_500,32,16000,later_sandbox,normalised_imbalance,imbalance,buy,4,13842,0.0004523745292570235,0.07056005557246525
event_500,32,16000,later_sandbox,normalised_imbalance,imbalance,buy,5,4522,0.0010205791880848923,0.7079333453825527
event_500,32,16000,validation,log_gross_volume,volume,sell,1,310236,4.846558516568655,-0.8545202652200016
event_500,32,16000,validation,log_gross_volume,volume,sell,2,16885,5.716121984698521,-3.054583759603224
event_500,32,16000,validation,log_gross_volume,volume,sell,3,9529,5.912271002849561,-2.3591062741385587
event_500,32,16000,validation,log_gross_volume,volume,sell,4,7166,6.0998296012346485,-3.42426516300554
event_500,32,16000,validation,log_gross_volume,volume,sell,5,6738,6.448268594085547,-5.241465353223371
event_500,32,16000,later_sandbox,log_gross_volume,volume,sell,1,240072,4.686519643938415,-0.4486478392061699
event_500,32,16000,later_sandbox,log_gross_volume,volume,sell,2,6340,5.712835860267695,-2.9009662098755884
event_500,32,16000,later_sandbox,log_gross_volume,volume,sell,3,2960,5.909799828921867,-2.726793180324572
event_500,32,16000,later_sandbox,log_gross_volume,volume,sell,4,1802,6.09944697405086,-2.3332576965801604
event_500,32,16000,later_sandbox,log_gross_volume,volume,sell,5,1590,6.442278310826425,-2.6778345355919826
event_500,32,16000,validation,log_gross_volume,volume,buy,1,305897,4.833110020942405,-0.28910201890811793
event_500,32,16000,validation,log_gross_volume,volume,buy,2,16866,5.696312045123279,0.6778337701293576
event_500,32,16000,validation,log_gross_volume,volume,buy,3,9665,5.8966184774486505,0.8288552249595939
event_500,32,16000,validation,log_gross_volume,volume,buy,4,6965,6.083157534617156,1.7136657077827007
event_500,32,16000,validation,log_gross_volume,volume,buy,5,6434,6.418873444261781,1.7125066237695408
event_500,32,16000,later_sandbox,log_gross_volume,volume,buy,1,236717,4.68635130930742,-0.23492896936481625
event_500,32,16000,later_sandbox,log_gross_volume,volume,buy,2,6533,5.690575864049966,-0.2460031010621733
event_500,32,16000,later_sandbox,log_gross_volume,volume,buy,3,2864,5.892716447800927,0.6911834544507198
event_500,32,16000,later_sandbox,log_gross_volume,volume,buy,4,1681,6.080854303948947,1.619446415387228
event_500,32,16000,later_sandbox,log_gross_volume,volume,buy,5,1583,6.444852556676579,0.20239331987343204
event_500,32,16000,validation,bar_volume_fraction_24h,volume,sell,1,303864,0.0003117719897267341,-0.7927353643693517
event_500,32,16000,validation,bar_volume_fraction_24h,volume,sell,2,25453,0.000901407771158208,-3.11283158314129
event_500,32,16000,validation,bar_volume_fraction_24h,volume,sell,3,12306,0.0013538520081839837,-3.789568633691817
event_500,32,16000,validation,bar_volume_fraction_24h,volume,sell,4,6312,0.0020921507741171745,-3.886520106388938
event_500,32,16000,validation,bar_volume_fraction_24h,volume,sell,5,2619,0.0038681081921111585,-2.953039180570291
event_500,32,16000,later_sandbox,bar_volume_fraction_24h,volume,sell,1,234920,0.0003217615607282782,-0.45108016009807467
event_500,32,16000,later_sandbox,bar_volume_fraction_24h,volume,sell,2,12444,0.0008897756980954249,-1.8987324848597291
event_500,32,16000,later_sandbox,bar_volume_fraction_24h,volume,sell,3,4064,0.0013288837426553724,-2.8637146514310947
event_500,32,16000,later_sandbox,bar_volume_fraction_24h,volume,sell,4,1163,0.002023354797195545,-1.859136359391362
event_500,32,16000,later_sandbox,bar_volume_fraction_24h,volume,sell,5,173,0.0034370803684465106,4.406851226115356
event_500,32,16000,validation,bar_volume_fraction_24h,volume,buy,1,295630,0.00029976580838137113,-0.43670060320413734
event_500,32,16000,validation,bar_volume_fraction_24h,volume,buy,2,26633,0.0008412340149701166,1.4996871678050958
event_500,32,16000,validation,bar_volume_fraction_24h,volume,buy,3,13143,0.0012687364334624427,2.006092355601017
event_500,32,16000,validation,bar_volume_fraction_24h,volume,buy,4,7439,0.0019679130287250267,1.760530000564449
event_500,32,16000,validation,bar_volume_fraction_24h,volume,buy,5,2982,0.0037473004969626046,1.2272688100476918
event_500,32,16000,later_sandbox,bar_volume_fraction_24h,volume,buy,1,229568,0.00031589974238217805,-0.25968243105053224
event_500,32,16000,later_sandbox,bar_volume_fraction_24h,volume,buy,2,14074,0.0008303549983437389,0.08218765045045452
event_500,32,16000,later_sandbox,bar_volume_fraction_24h,volume,buy,3,4296,0.0012417199960724442,0.2740957656997182
event_500,32,16000,later_sandbox,bar_volume_fraction_24h,volume,buy,4,1247,0.001907241312314739,3.000836871234263
event_500,32,16000,later_sandbox,bar_volume_fraction_24h,volume,buy,5,193,0.003388198025872658,6.952936341429186
event_500,32,16000,validation,log_duration,activity,sell,1,230133,2.617725837265734,-1.2310985114441757
event_500,32,16000,validation,log_duration,activity,sell,2,81264,3.930105660330321,-0.3219185674252076
event_500,32,16000,validation,log_duration,activity,sell,3,25579,4.568173910264742,-2.6675432296644517
event_500,32,16000,validation,log_duration,activity,sell,4,11432,5.129807959437896,-1.7537948326534065
event_500,32,16000,validation,log_duration,activity,sell,5,2146,5.642792738100811,-0.5850615937421629
event_500,32,16000,later_sandbox,log_duration,activity,sell,1,160496,2.7229000076593204,-1.000485002744138
event_500,32,16000,later_sandbox,log_duration,activity,sell,2,83400,3.893244358044576,0.023721452661309924
event_500,32,16000,later_sandbox,log_duration,activity,sell,3,8664,4.505671905825638,1.9784115498735069
event_500,32,16000,later_sandbox,log_duration,activity,sell,4,204,4.963222554356718,-5.77936636636479
event_500,32,16000,later_sandbox,log_duration,activity,sell,5,0,NaN,NaN
event_500,32,16000,validation,log_duration,activity,buy,1,233888,2.6343867900324938,-0.39364365813144947
event_500,32,16000,validation,log_duration,activity,buy,2,72721,3.9362357494905154,-0.44970385308514427
event_500,32,16000,validation,log_duration,activity,buy,3,23852,4.535000252720997,2.2844900479528745
event_500,32,16000,validation,log_duration,activity,buy,4,11866,5.075401427044261,1.7565328761844041
event_500,32,16000,validation,log_duration,activity,buy,5,3500,5.602860914179921,0.9715729117190074
event_500,32,16000,later_sandbox,log_duration,activity,buy,1,163210,2.749132470221385,-0.027627361130436408
event_500,32,16000,later_sandbox,log_duration,activity,buy,2,76930,3.9041704281325953,-0.439960326987208
event_500,32,16000,later_sandbox,log_duration,activity,buy,3,8897,4.485904101315687,-1.7532801580029551
event_500,32,16000,later_sandbox,log_duration,activity,buy,4,341,4.913840830167098,5.154109952430367
event_500,32,16000,later_sandbox,log_duration,activity,buy,5,0,NaN,NaN
event_500,32,16000,validation,relative_flow_rate,activity,sell,1,73674,0.36816380665896764,-0.9706353759012071
event_500,32,16000,validation,relative_flow_rate,activity,sell,2,72382,0.6652122452312561,-0.173883363398932
event_500,32,16000,validation,relative_flow_rate,activity,sell,3,76337,1.098193284282734,0.28406257508620225
event_500,32,16000,validation,relative_flow_rate,activity,sell,4,74802,2.1459235442171085,-0.6825814112566643
event_500,32,16000,validation,relative_flow_rate,activity,sell,5,53359,10.560944737281213,-5.351378604395197
event_500,32,16000,later_sandbox,relative_flow_rate,activity,sell,1,65767,0.3503350117244816,0.060433188964838847
event_500,32,16000,later_sandbox,relative_flow_rate,activity,sell,2,49113,0.6615732242548347,0.06108560214407675
event_500,32,16000,later_sandbox,relative_flow_rate,activity,sell,3,47957,1.0980513162230072,-0.3999596658548072
event_500,32,16000,later_sandbox,relative_flow_rate,activity,sell,4,48227,2.1553621422174665,-0.6460649947440731
event_500,32,16000,later_sandbox,relative_flow_rate,activity,sell,5,41700,12.8751779612967,-2.380562816281427
event_500,32,16000,validation,relative_flow_rate,activity,buy,1,69933,0.3645961564852976,1.0654842786590557
event_500,32,16000,validation,relative_flow_rate,activity,buy,2,69598,0.6534667319038352,-0.659830387012925
event_500,32,16000,validation,relative_flow_rate,activity,buy,3,74080,1.0701783913033667,-1.0699783215024519
event_500,32,16000,validation,relative_flow_rate,activity,buy,4,76243,2.0559739164169213,-1.0146198967439124
event_500,32,16000,validation,relative_flow_rate,activity,buy,5,55973,9.083108099361517,1.4648805883291747
event_500,32,16000,later_sandbox,relative_flow_rate,activity,buy,1,63392,0.34773681606492474,0.04820008922252366
event_500,32,16000,later_sandbox,relative_flow_rate,activity,buy,2,47441,0.649449314510626,-0.5269556187507988
event_500,32,16000,later_sandbox,relative_flow_rate,activity,buy,3,46881,1.068138398164102,-0.6922635359379226
event_500,32,16000,later_sandbox,relative_flow_rate,activity,buy,4,48257,2.062499188619046,-0.4168107433065982
event_500,32,16000,later_sandbox,relative_flow_rate,activity,buy,5,43407,11.496542570358875,0.5140934108327393
event_500,32,16000,validation,normalised_range,volatility,sell,1,248331,0.020239209950764222,-0.6998410140709156
event_500,32,16000,validation,normalised_range,volatility,sell,2,57717,0.038361887712460956,-1.4434670693115268
event_500,32,16000,validation,normalised_range,volatility,sell,3,26528,0.051245278138335154,-2.3561628201294487
event_500,32,16000,validation,normalised_range,volatility,sell,4,12422,0.06837078491699189,-3.090480992397717
event_500,32,16000,validation,normalised_range,volatility,sell,5,5556,0.11386931833637905,-7.382243932940898
event_500,32,16000,later_sandbox,normalised_range,volatility,sell,1,192265,0.020274568377411283,-0.3507216301224405
event_500,32,16000,later_sandbox,normalised_range,volatility,sell,2,39317,0.038204091735724505,-0.7111164904601
event_500,32,16000,later_sandbox,normalised_range,volatility,sell,3,14468,0.051029041310379115,-0.614485820923961
event_500,32,16000,later_sandbox,normalised_range,volatility,sell,4,4853,0.06747920809319245,-2.266774525676414
event_500,32,16000,later_sandbox,normalised_range,volatility,sell,5,1861,0.1345503869581855,-14.697477709810864
event_500,32,16000,validation,normalised_range,volatility,buy,1,234118,0.019605425566199267,-0.5238339000566852
event_500,32,16000,validation,normalised_range,volatility,buy,2,62611,0.03660458274193482,0.01898411448440171
event_500,32,16000,validation,normalised_range,volatility,buy,3,29369,0.04904860908336501,0.7423860823882025
event_500,32,16000,validation,normalised_range,volatility,buy,4,13824,0.06547584402770418,1.7341562578956242
event_500,32,16000,validation,normalised_range,volatility,buy,5,5905,0.11015935601543927,5.018790308047292
event_500,32,16000,later_sandbox,normalised_range,volatility,buy,1,179968,0.019776630346295922,-0.2627041588787632
event_500,32,16000,later_sandbox,normalised_range,volatility,buy,2,44125,0.036449730640783565,-0.21834736297821916
event_500,32,16000,later_sandbox,normalised_range,volatility,buy,3,17395,0.04883134057483191,-1.0930851122661185
event_500,32,16000,later_sandbox,normalised_range,volatility,buy,4,6033,0.06480558888406014,0.8133193109630593
event_500,32,16000,later_sandbox,normalised_range,volatility,buy,5,1857,0.1256774263219288,10.13666555957901
event_500,32,16000,validation,log_trailing_volatility,volatility,sell,1,10795,5.196571097717112,-2.8181104251505222
event_500,32,16000,validation,log_trailing_volatility,volatility,sell,2,18997,5.571882720771316,-1.5662099573634132
event_500,32,16000,validation,log_trailing_volatility,volatility,sell,3,35562,5.811498307251484,-1.6976437935177269
event_500,32,16000,validation,log_trailing_volatility,volatility,sell,4,119908,6.083008231111939,-1.1475638521037188
event_500,32,16000,validation,log_trailing_volatility,volatility,sell,5,165292,6.6362659755993265,-0.8522270261925149
event_500,32,16000,later_sandbox,log_trailing_volatility,volatility,sell,1,3638,5.378033797063296,-5.247825449053207
event_500,32,16000,later_sandbox,log_trailing_volatility,volatility,sell,2,66813,5.5830409373679935,0.510801039001372
event_500,32,16000,later_sandbox,log_trailing_volatility,volatility,sell,3,86503,5.800231121376227,-1.085346588619313
event_500,32,16000,later_sandbox,log_trailing_volatility,volatility,sell,4,78708,6.054063931663744,-0.8968651421242361
event_500,32,16000,later_sandbox,log_trailing_volatility,volatility,sell,5,17102,6.650001818245213,0.3979728574086891
event_500,32,16000,validation,log_trailing_volatility,volatility,buy,1,13838,5.215000201024759,2.644123787239027
event_500,32,16000,validation,log_trailing_volatility,volatility,buy,2,19799,5.599684006490763,0.7940490761988453
event_500,32,16000,validation,log_trailing_volatility,volatility,buy,3,39578,5.840297684129122,0.13135086290838666
event_500,32,16000,validation,log_trailing_volatility,volatility,buy,4,133397,6.131017767812315,-0.1874891582084052
event_500,32,16000,validation,log_trailing_volatility,volatility,buy,5,139215,6.701026759400232,-0.5641427772280051
event_500,32,16000,later_sandbox,log_trailing_volatility,volatility,buy,1,6136,5.404723463096877,1.3183380187109133
event_500,32,16000,later_sandbox,log_trailing_volatility,volatility,buy,2,70554,5.601553962428979,-1.0816581282703828
event_500,32,16000,later_sandbox,log_trailing_volatility,volatility,buy,3,87992,5.821725127568737,0.12847521478986912
event_500,32,16000,later_sandbox,log_trailing_volatility,volatility,buy,4,71411,6.083934812166299,0.0629203125127438
event_500,32,16000,later_sandbox,log_trailing_volatility,volatility,buy,5,13285,6.745831875347982,0.017418165249737296
event_500,32,16000,validation,return_efficiency,impact,sell,1,68796,-0.37387395140624535,-1.1848732579826655
event_500,32,16000,validation,return_efficiency,impact,sell,2,65825,0.1447572208185059,-1.1507056132017435
event_500,32,16000,validation,return_efficiency,impact,sell,3,65729,0.4406600366436254,-1.0924214828613976
event_500,32,16000,validation,return_efficiency,impact,sell,4,68872,0.6594872054756735,-1.2769463374706018
event_500,32,16000,validation,return_efficiency,impact,sell,5,81332,0.8781836626278922,-1.008280132415577
event_500,32,16000,later_sandbox,return_efficiency,impact,sell,1,52671,-0.3890588791002988,-0.6173352048025679
event_500,32,16000,later_sandbox,return_efficiency,impact,sell,2,46336,0.14205177879092984,-0.48353298543603884
event_500,32,16000,later_sandbox,return_efficiency,impact,sell,3,44734,0.44096362893515717,-0.6101895774662988
event_500,32,16000,later_sandbox,return_efficiency,impact,sell,4,48386,0.6601224893779469,-0.613227811593986
event_500,32,16000,later_sandbox,return_efficiency,impact,sell,5,60637,0.8821672173748041,-0.5070336013262523
event_500,32,16000,validation,return_efficiency,impact,buy,1,68425,-0.37224482826582883,-0.4967475520762281
event_500,32,16000,validation,return_efficiency,impact,buy,2,66260,0.15515512173264442,0.0542009540554355
event_500,32,16000,validation,return_efficiency,impact,buy,3,62369,0.4516035424890402,0.1708681364144134
event_500,32,16000,validation,return_efficiency,impact,buy,4,67574,0.6659647853518293,-0.553159168618449
event_500,32,16000,validation,return_efficiency,impact,buy,5,81199,0.8827009849040282,0.13648737060351265
event_500,32,16000,later_sandbox,return_efficiency,impact,buy,1,51785,-0.38691704543853295,-0.4156645361456762
event_500,32,16000,later_sandbox,return_efficiency,impact,buy,2,47261,0.15381922435233145,-0.04234478188408709
event_500,32,16000,later_sandbox,return_efficiency,impact,buy,3,43756,0.451158491466798,-0.2531358691132752
event_500,32,16000,later_sandbox,return_efficiency,impact,buy,4,47243,0.6658198304520248,-0.1866279016116229
event_500,32,16000,later_sandbox,return_efficiency,impact,buy,5,59333,0.8846387284638628,-0.14792900833451708
event_500,32,16000,validation,normalised_signed_impact,impact,sell,1,62245,-0.010726730937811875,-1.2736294517713096
event_500,32,16000,validation,normalised_signed_impact,impact,sell,2,143789,0.005855071756989571,-0.7032439618586291
event_500,32,16000,validation,normalised_signed_impact,impact,sell,3,91594,0.01917792284415714,-1.062289935546473
event_500,32,16000,validation,normalised_signed_impact,impact,sell,4,41312,0.03494189209134073,-1.9166100442906902
event_500,32,16000,validation,normalised_signed_impact,impact,sell,5,11614,0.0648437803121635,-3.62843184197518
event_500,32,16000,later_sandbox,normalised_signed_impact,impact,sell,1,47326,-0.010187183951635077,-0.7489205348293169
event_500,32,16000,later_sandbox,normalised_signed_impact,impact,sell,2,103682,0.005735257031529801,-0.2253836490138335
event_500,32,16000,later_sandbox,normalised_signed_impact,impact,sell,3,67832,0.01921604719696833,-0.7690304294039639
event_500,32,16000,later_sandbox,normalised_signed_impact,impact,sell,4,28636,0.03456501521360945,-0.45814326309401393
event_500,32,16000,later_sandbox,normalised_signed_impact,impact,sell,5,5288,0.060790491126706016,-3.5055978860495287
event_500,32,16000,validation,normalised_signed_impact,impact,buy,1,63144,-0.010189263857494102,-0.5675200049041577
event_500,32,16000,validation,normalised_signed_impact,impact,buy,2,136851,0.0058965130091991926,-0.11744985485214411
event_500,32,16000,validation,normalised_signed_impact,impact,buy,3,91043,0.019140889489224235,-0.06431215806437188
event_500,32,16000,validation,normalised_signed_impact,impact,buy,4,42596,0.03459416537623064,-0.08420371420991898
event_500,32,16000,validation,normalised_signed_impact,impact,buy,5,12193,0.06347814442972291,1.2558242929154895
event_500,32,16000,later_sandbox,normalised_signed_impact,impact,buy,1,47794,-0.01002580306853633,-0.40469532263596414
event_500,32,16000,later_sandbox,normalised_signed_impact,impact,buy,2,100257,0.005857419569449113,-0.16613192440853813
event_500,32,16000,later_sandbox,normalised_signed_impact,impact,buy,3,66665,0.019144277988283793,-0.27223207480128836
event_500,32,16000,later_sandbox,normalised_signed_impact,impact,buy,4,28693,0.03434361022349894,-0.21948090856762584
event_500,32,16000,later_sandbox,normalised_signed_impact,impact,buy,5,5969,0.06025946495437256,1.3816756465824915
event_500,32,16000,validation,fills_per_event,microstructure,sell,1,2390,1.505760669456067,-2.277183645731788
event_500,32,16000,validation,fills_per_event,microstructure,sell,2,8729,1.8112448161301409,-0.2069320300212754
event_500,32,16000,validation,fills_per_event,microstructure,sell,3,35665,2.020197728865835,0.11922225085029191
event_500,32,16000,validation,fills_per_event,microstructure,sell,4,87173,2.2799641861585584,-0.500225760176712
event_500,32,16000,validation,fills_per_event,microstructure,sell,5,216597,2.9917655369187934,-1.6270396171572663
event_500,32,16000,later_sandbox,fills_per_event,microstructure,sell,1,1159,1.5883830888697155,-0.0841460465592623
event_500,32,16000,later_sandbox,fills_per_event,microstructure,sell,2,9848,1.8119784727863524,0.38577825573283886
event_500,32,16000,later_sandbox,fills_per_event,microstructure,sell,3,37758,2.019145770432756,0.019623023192521523
event_500,32,16000,later_sandbox,fills_per_event,microstructure,sell,4,78330,2.272463602706498,-0.0320340279455673
event_500,32,16000,later_sandbox,fills_per_event,microstructure,sell,5,125669,3.053025853631365,-1.1503777750624742
event_500,32,16000,validation,fills_per_event,microstructure,buy,1,2253,1.4658641810918775,2.3171739762480774
event_500,32,16000,validation,fills_per_event,microstructure,buy,2,7296,1.7852719298245612,1.7256354466657131
event_500,32,16000,validation,fills_per_event,microstructure,buy,3,32856,1.9931712320428536,0.519794049951433
event_500,32,16000,validation,fills_per_event,microstructure,buy,4,86449,2.2514639845458015,0.07746112256790719
event_500,32,16000,validation,fills_per_event,microstructure,buy,5,216973,2.9420412585897786,-0.4038469301115712
event_500,32,16000,later_sandbox,fills_per_event,microstructure,buy,1,935,1.559223529411765,0.21934155352131404
event_500,32,16000,later_sandbox,fills_per_event,microstructure,buy,2,8124,1.786837518463811,-0.5063742013839505
event_500,32,16000,later_sandbox,fills_per_event,microstructure,buy,3,34526,1.9919973353414817,0.142445775306378
event_500,32,16000,later_sandbox,fills_per_event,microstructure,buy,4,77982,2.2448367572003796,-0.12368416717986186
event_500,32,16000,later_sandbox,fills_per_event,microstructure,buy,5,127811,2.996859049690559,-0.3408222773541024
event_500,32,16000,validation,price_levels_per_event,microstructure,sell,1,38551,1.3018511582060128,-0.04831253769186231
event_500,32,16000,validation,price_levels_per_event,microstructure,sell,2,46051,1.4773229245836137,-0.1695445248663734
event_500,32,16000,validation,price_levels_per_event,microstructure,sell,3,51355,1.6095332100087625,-0.25041092598991915
event_500,32,16000,validation,price_levels_per_event,microstructure,sell,4,63672,1.7576535996984544,-0.5009342161175406
event_500,32,16000,validation,price_levels_per_event,microstructure,sell,5,150925,2.1905863177074707,-2.283182170667864
event_500,32,16000,later_sandbox,price_levels_per_event,microstructure,sell,1,63944,1.292752377079945,0.28611021675498655
event_500,32,16000,later_sandbox,price_levels_per_event,microstructure,sell,2,46901,1.473436046139741,0.10793473993209582
event_500,32,16000,later_sandbox,price_levels_per_event,microstructure,sell,3,39001,1.6064271685341402,-0.057029225150464276
event_500,32,16000,later_sandbox,price_levels_per_event,microstructure,sell,4,37299,1.7552148851175635,-0.3323270763323988
event_500,32,16000,later_sandbox,price_levels_per_event,microstructure,sell,5,65619,2.208354714335787,-2.30681844323481
event_500,32,16000,validation,price_levels_per_event,microstructure,buy,1,37294,1.292400171609374,0.9287495934638551
event_500,32,16000,validation,price_levels_per_event,microstructure,buy,2,46640,1.468643010291595,0.3764145928658296
event_500,32,16000,validation,price_levels_per_event,microstructure,buy,3,51804,1.6027073585051348,-0.3554989006160373
event_500,32,16000,validation,price_levels_per_event,microstructure,buy,4,61888,1.751268291106515,-0.170945313157177
event_500,32,16000,validation,price_levels_per_event,microstructure,buy,5,148201,2.17733679259924,-0.4671715862334219
event_500,32,16000,later_sandbox,price_levels_per_event,microstructure,buy,1,60568,1.2856592259939243,-0.09318590949503255
event_500,32,16000,later_sandbox,price_levels_per_event,microstructure,buy,2,47668,1.4647754048837793,-0.38119108067691143
event_500,32,16000,later_sandbox,price_levels_per_event,microstructure,buy,3,39636,1.5990530325966295,-0.07892766965760581
event_500,32,16000,later_sandbox,price_levels_per_event,microstructure,buy,4,36429,1.7477952180954734,-0.5215920832303252
event_500,32,16000,later_sandbox,price_levels_per_event,microstructure,buy,5,65077,2.199024386495997,-0.09607750699401371
event_500,32,16000,validation,abs_event_sign_imbalance,microstructure,sell,1,68731,0.02278604996289884,-1.098609921240024
event_500,32,16000,validation,abs_event_sign_imbalance,microstructure,sell,2,72093,0.07147978305799453,-1.2872077213333233
event_500,32,16000,validation,abs_event_sign_imbalance,microstructure,sell,3,65977,0.12495299877229946,-0.886155865249594
event_500,32,16000,validation,abs_event_sign_imbalance,microstructure,sell,4,73175,0.19437398018448923,-1.13612874232937
event_500,32,16000,validation,abs_event_sign_imbalance,microstructure,sell,5,70578,0.3471453994162487,-1.2625102182510202
event_500,32,16000,later_sandbox,abs_event_sign_imbalance,microstructure,sell,1,45251,0.022776513226227046,-0.42123932567046507
event_500,32,16000,later_sandbox,abs_event_sign_imbalance,microstructure,sell,2,48490,0.07158061455970303,-0.7185740005950623
event_500,32,16000,later_sandbox,abs_event_sign_imbalance,microstructure,sell,3,46181,0.12527896754076354,-0.8565811135855227
event_500,32,16000,later_sandbox,abs_event_sign_imbalance,microstructure,sell,4,55206,0.19483121399847847,-0.7169134284448638
event_500,32,16000,later_sandbox,abs_event_sign_imbalance,microstructure,sell,5,57636,0.3378239988895829,-0.16643514066061763
event_500,32,16000,validation,abs_event_sign_imbalance,microstructure,buy,1,73535,0.026817814646086898,0.07980759453566609
event_500,32,16000,validation,abs_event_sign_imbalance,microstructure,buy,2,65816,0.07949045824723472,-0.33095000381280665
event_500,32,16000,validation,abs_event_sign_imbalance,microstructure,buy,3,72814,0.13871804872689317,-0.493824761748482
event_500,32,16000,validation,abs_event_sign_imbalance,microstructure,buy,4,68550,0.21609167031363966,-0.3490023373940492
event_500,32,16000,validation,abs_event_sign_imbalance,microstructure,buy,5,65112,0.37267502150141296,0.45700269577679764
event_500,32,16000,later_sandbox,abs_event_sign_imbalance,microstructure,buy,1,50033,0.026884016549077613,0.034146987880638
event_500,32,16000,later_sandbox,abs_event_sign_imbalance,microstructure,buy,2,45061,0.07953245600408335,-0.2747015906217754
event_500,32,16000,later_sandbox,abs_event_sign_imbalance,microstructure,buy,3,51698,0.1388453711942435,0.04860628109895833
event_500,32,16000,later_sandbox,abs_event_sign_imbalance,microstructure,buy,4,51885,0.21685219234846295,-0.3908964592653356
event_500,32,16000,later_sandbox,abs_event_sign_imbalance,microstructure,buy,5,50701,0.3598963334056527,-0.4685888688210114
event_500,32,16000,validation,aligned_pretrend_1000_events,pretrend,sell,1,40603,-22.67812807677233,-0.9056715565391026
event_500,32,16000,validation,aligned_pretrend_1000_events,pretrend,sell,2,72840,-7.937814806946698,-0.2450039690667021
event_500,32,16000,validation,aligned_pretrend_1000_events,pretrend,sell,3,92066,1.071024097163825,-0.9211927107271921
event_500,32,16000,validation,aligned_pretrend_1000_events,pretrend,sell,4,91059,9.968122245497257,-1.218529052997554
event_500,32,16000,validation,aligned_pretrend_1000_events,pretrend,sell,5,53986,25.324899048179383,-2.75306858660368
event_500,32,16000,later_sandbox,aligned_pretrend_1000_events,pretrend,sell,1,11693,-19.49228551939053,-0.3643310963068121
event_500,32,16000,later_sandbox,aligned_pretrend_1000_events,pretrend,sell,2,56021,-7.400710203345266,-0.1861508592987474
event_500,32,16000,later_sandbox,aligned_pretrend_1000_events,pretrend,sell,3,97163,1.1124503836251898,-0.3449998962025715
event_500,32,16000,later_sandbox,aligned_pretrend_1000_events,pretrend,sell,4,71757,9.41074107952152,-0.8623438686415337
event_500,32,16000,later_sandbox,aligned_pretrend_1000_events,pretrend,sell,5,16130,21.904163117110077,-2.017643535298986
event_500,32,16000,validation,aligned_pretrend_1000_events,pretrend,buy,1,41122,-22.605274796263924,-0.1108357471940599
event_500,32,16000,validation,aligned_pretrend_1000_events,pretrend,buy,2,75568,-7.680867650343707,0.3298325206857822
event_500,32,16000,validation,aligned_pretrend_1000_events,pretrend,buy,3,92518,1.5429867202681975,0.032352746447459044
event_500,32,16000,validation,aligned_pretrend_1000_events,pretrend,buy,4,83884,10.538387044928019,-0.2639190013582339
event_500,32,16000,validation,aligned_pretrend_1000_events,pretrend,buy,5,52735,26.1630913491948,-0.8961768674053597
event_500,32,16000,later_sandbox,aligned_pretrend_1000_events,pretrend,buy,1,11922,-19.02950563024084,0.7096172390182116
event_500,32,16000,later_sandbox,aligned_pretrend_1000_events,pretrend,buy,2,58526,-7.161191975281744,0.1719130603686378
event_500,32,16000,later_sandbox,aligned_pretrend_1000_events,pretrend,buy,3,98741,1.5588933193879488,-0.37206164376744133
event_500,32,16000,later_sandbox,aligned_pretrend_1000_events,pretrend,buy,4,65045,10.008736170850238,-0.5045357908339926
event_500,32,16000,later_sandbox,aligned_pretrend_1000_events,pretrend,buy,5,15144,22.508293756065186,-0.0767804311852889
event_500,32,16000,validation,aligned_flow_persistence_1000_events,flow_persistence,sell,1,74369,-0.3421938800289472,-0.06525456917108506
event_500,32,16000,validation,aligned_flow_persistence_1000_events,flow_persistence,sell,2,57165,-0.11322763958018484,-0.5378782839426617
event_500,32,16000,validation,aligned_flow_persistence_1000_events,flow_persistence,sell,3,55214,0.01592943023256253,-0.5735967241517472
event_500,32,16000,validation,aligned_flow_persistence_1000_events,flow_persistence,sell,4,64489,0.14542811860373955,-1.130134847611913
event_500,32,16000,validation,aligned_flow_persistence_1000_events,flow_persistence,sell,5,99317,0.3841545809880971,-2.6064242003368006
event_500,32,16000,later_sandbox,aligned_flow_persistence_1000_events,flow_persistence,sell,1,56737,-0.3564879644326564,0.28961059674132156
event_500,32,16000,later_sandbox,aligned_flow_persistence_1000_events,flow_persistence,sell,2,36903,-0.11394478081044392,0.011826640598398214
event_500,32,16000,later_sandbox,aligned_flow_persistence_1000_events,flow_persistence,sell,3,35453,0.01637306738894063,-0.2220065408671108
event_500,32,16000,later_sandbox,aligned_flow_persistence_1000_events,flow_persistence,sell,4,42300,0.1460577843042421,-1.1049568601437474
event_500,32,16000,later_sandbox,aligned_flow_persistence_1000_events,flow_persistence,sell,5,81371,0.40194317582689393,-1.2890477785326122
event_500,32,16000,validation,aligned_flow_persistence_1000_events,flow_persistence,buy,1,77077,-0.34622947523419195,0.6407523114734688
event_500,32,16000,validation,aligned_flow_persistence_1000_events,flow_persistence,buy,2,57719,-0.11284241735703418,-0.03158043016233237
event_500,32,16000,validation,aligned_flow_persistence_1000_events,flow_persistence,buy,3,55602,0.018964963018996698,-0.03889397174256974
event_500,32,16000,validation,aligned_flow_persistence_1000_events,flow_persistence,buy,4,62274,0.15068715058109183,-0.11971375777277732
event_500,32,16000,validation,aligned_flow_persistence_1000_events,flow_persistence,buy,5,93155,0.3890067190695109,-0.9015629733690006
event_500,32,16000,later_sandbox,aligned_flow_persistence_1000_events,flow_persistence,buy,1,58399,-0.36107550945552624,0.60309476425995
event_500,32,16000,later_sandbox,aligned_flow_persistence_1000_events,flow_persistence,buy,2,36735,-0.11331641099834552,-0.039418402691263614
event_500,32,16000,later_sandbox,aligned_flow_persistence_1000_events,flow_persistence,buy,3,35617,0.018942733692722664,0.024209746245471404
event_500,32,16000,later_sandbox,aligned_flow_persistence_1000_events,flow_persistence,buy,4,42072,0.15179351769113553,-0.3139376346257303
event_500,32,16000,later_sandbox,aligned_flow_persistence_1000_events,flow_persistence,buy,5,76555,0.4023532261721709,-0.9617005044791644
event_500,32,16000,validation,aligned_pretrend_4000_events,pretrend,sell,1,45281,-45.9652880533043,0.19792518635538567
event_500,32,16000,validation,aligned_pretrend_4000_events,pretrend,sell,2,73559,-16.87356436811307,-0.038010846659439664
event_500,32,16000,validation,aligned_pretrend_4000_events,pretrend,sell,3,84701,0.401123107987298,-0.43986531298468295
event_500,32,16000,validation,aligned_pretrend_4000_events,pretrend,sell,4,87500,17.213991258909225,-1.0907297814196477
event_500,32,16000,validation,aligned_pretrend_4000_events,pretrend,sell,5,59513,47.343842148174126,-4.578581485065073
event_500,32,16000,later_sandbox,aligned_pretrend_4000_events,pretrend,sell,1,13358,-39.176250170269,-0.25334661368753875
event_500,32,16000,later_sandbox,aligned_pretrend_4000_events,pretrend,sell,2,59112,-15.909570366527246,0.40858486965967816
event_500,32,16000,later_sandbox,aligned_pretrend_4000_events,pretrend,sell,3,87406,0.4510986117789913,-0.43991030156069005
event_500,32,16000,later_sandbox,aligned_pretrend_4000_events,pretrend,sell,4,73935,16.29906423800331,-1.0636957989756146
event_500,32,16000,later_sandbox,aligned_pretrend_4000_events,pretrend,sell,5,18953,40.88454660271896,-2.443223814346717
event_500,32,16000,validation,aligned_pretrend_4000_events,pretrend,buy,1,45737,-44.957849816657095,0.9835738323894195
event_500,32,16000,validation,aligned_pretrend_4000_events,pretrend,buy,2,77994,-15.765221464333486,-0.09954288335561198
event_500,32,16000,validation,aligned_pretrend_4000_events,pretrend,buy,3,85804,1.7837121773322424,0.2935686275293897
event_500,32,16000,validation,aligned_pretrend_4000_events,pretrend,buy,4,80489,18.826552611552035,-0.6177713787841016
event_500,32,16000,validation,aligned_pretrend_4000_events,pretrend,buy,5,55803,49.10947604559324,-1.0523769622922807
event_500,32,16000,later_sandbox,aligned_pretrend_4000_events,pretrend,buy,1,13736,-37.53983915392048,0.9904240503935556
event_500,32,16000,later_sandbox,aligned_pretrend_4000_events,pretrend,buy,2,64543,-14.85359789003109,0.5044426880962348
event_500,32,16000,later_sandbox,aligned_pretrend_4000_events,pretrend,buy,3,88878,1.832613258733219,-0.32345493141860954
event_500,32,16000,later_sandbox,aligned_pretrend_4000_events,pretrend,buy,4,65077,17.82670500172856,-0.8995658892665322
event_500,32,16000,later_sandbox,aligned_pretrend_4000_events,pretrend,buy,5,17144,42.55512547062377,-0.6457200210439704
event_500,32,16000,validation,aligned_flow_persistence_4000_events,flow_persistence,sell,1,85631,-0.2226991016244399,0.13063695126000996
event_500,32,16000,validation,aligned_flow_persistence_4000_events,flow_persistence,sell,2,54757,-0.06898398455232488,-0.20369801519115566
event_500,32,16000,validation,aligned_flow_persistence_4000_events,flow_persistence,sell,3,49606,0.007361261906425357,-0.40157510391517676
event_500,32,16000,validation,aligned_flow_persistence_4000_events,flow_persistence,sell,4,57351,0.08289366823920465,-0.40319826215634214
event_500,32,16000,validation,aligned_flow_persistence_4000_events,flow_persistence,sell,5,103209,0.2420764473891044,-3.449341817030058
event_500,32,16000,later_sandbox,aligned_flow_persistence_4000_events,flow_persistence,sell,1,68830,-0.23620017686795405,0.6873668457819861
event_500,32,16000,later_sandbox,aligned_flow_persistence_4000_events,flow_persistence,sell,2,35231,-0.06947765285222039,-0.04625526573639748
event_500,32,16000,later_sandbox,aligned_flow_persistence_4000_events,flow_persistence,sell,3,31151,0.007314988580392804,-0.7095058080296472
event_500,32,16000,later_sandbox,aligned_flow_persistence_4000_events,flow_persistence,sell,4,36173,0.08309048861219007,-1.2022498669643784
event_500,32,16000,later_sandbox,aligned_flow_persistence_4000_events,flow_persistence,sell,5,81379,0.258015699675616,-1.508061610286258
event_500,32,16000,validation,aligned_flow_persistence_4000_events,flow_persistence,buy,1,90797,-0.22682624571446583,0.6495265759689947
event_500,32,16000,validation,aligned_flow_persistence_4000_events,flow_persistence,buy,2,54346,-0.07053504176780288,-0.26076845112643143
event_500,32,16000,validation,aligned_flow_persistence_4000_events,flow_persistence,buy,3,50189,0.005912701428173618,0.19602536336372842
event_500,32,16000,validation,aligned_flow_persistence_4000_events,flow_persistence,buy,4,57436,0.08378992908385213,-0.043054437072343764
event_500,32,16000,validation,aligned_flow_persistence_4000_events,flow_persistence,buy,5,93059,0.24217756084536732,-1.0553202320804589
event_500,32,16000,later_sandbox,aligned_flow_persistence_4000_events,flow_persistence,buy,1,71997,-0.24103943751160212,0.691785041691311
event_500,32,16000,later_sandbox,aligned_flow_persistence_4000_events,flow_persistence,buy,2,34725,-0.07083653766809289,0.47723972182657526
event_500,32,16000,later_sandbox,aligned_flow_persistence_4000_events,flow_persistence,buy,3,31089,0.005894140566517023,0.10705999841640082
event_500,32,16000,later_sandbox,aligned_flow_persistence_4000_events,flow_persistence,buy,4,36722,0.0841629949760883,-0.18912786261144987
event_500,32,16000,later_sandbox,aligned_flow_persistence_4000_events,flow_persistence,buy,5,74845,0.2563546554343593,-1.5359532840433556
event_500,32,16000,validation,aligned_pretrend_12000_events,pretrend,sell,1,51032,-78.33792333127558,-0.11534520085440364
event_500,32,16000,validation,aligned_pretrend_12000_events,pretrend,sell,2,76910,-28.5595230422674,0.26789493518805696
event_500,32,16000,validation,aligned_pretrend_12000_events,pretrend,sell,3,80935,-0.4495778675519413,-0.06700290442951118
event_500,32,16000,validation,aligned_pretrend_12000_events,pretrend,sell,4,84317,27.739521304598917,-1.2159327893079146
event_500,32,16000,validation,aligned_pretrend_12000_events,pretrend,sell,5,57360,79.84210281138797,-5.330990503579317
event_500,32,16000,later_sandbox,aligned_pretrend_12000_events,pretrend,sell,1,16221,-67.25548966161772,0.4549520674015773
event_500,32,16000,later_sandbox,aligned_pretrend_12000_events,pretrend,sell,2,64167,-27.01698999814737,0.3723881386476173
event_500,32,16000,later_sandbox,aligned_pretrend_12000_events,pretrend,sell,3,83637,-0.4311567923024257,-0.28762737009506245
event_500,32,16000,later_sandbox,aligned_pretrend_12000_events,pretrend,sell,4,70796,26.160353792008767,-1.1754344134234276
event_500,32,16000,later_sandbox,aligned_pretrend_12000_events,pretrend,sell,5,17943,70.00171613824502,-3.7137584022549865
event_500,32,16000,validation,aligned_pretrend_12000_events,pretrend,buy,1,51303,-76.3001963723534,1.4826731690355366
event_500,32,16000,validation,aligned_pretrend_12000_events,pretrend,buy,2,82241,-26.03475682596735,0.23185289265041994
event_500,32,16000,validation,aligned_pretrend_12000_events,pretrend,buy,3,80139,2.404903875522785,-0.2499686075435141
event_500,32,16000,validation,aligned_pretrend_12000_events,pretrend,buy,4,77613,30.324051600667843,-0.863807815133131
event_500,32,16000,validation,aligned_pretrend_12000_events,pretrend,buy,5,54531,81.80758385231374,-0.9920358333662792
event_500,32,16000,later_sandbox,aligned_pretrend_12000_events,pretrend,buy,1,16458,-63.84043886380104,1.4516961985557035
event_500,32,16000,later_sandbox,aligned_pretrend_12000_events,pretrend,buy,2,72330,-24.642357600827395,0.3969973086029822
event_500,32,16000,later_sandbox,aligned_pretrend_12000_events,pretrend,buy,3,82217,2.2946780625381327,-0.19967371445709883
event_500,32,16000,later_sandbox,aligned_pretrend_12000_events,pretrend,buy,4,61597,28.645351559807896,-1.1748508989354416
event_500,32,16000,later_sandbox,aligned_pretrend_12000_events,pretrend,buy,5,16776,71.2182684725633,-0.9549092990603082
event_500,32,16000,validation,aligned_flow_persistence_12000_events,flow_persistence,sell,1,86219,-0.15272233467281185,-0.1579663552161059
event_500,32,16000,validation,aligned_flow_persistence_12000_events,flow_persistence,sell,2,58733,-0.04589750467986019,-0.4617746399318582
event_500,32,16000,validation,aligned_flow_persistence_12000_events,flow_persistence,sell,3,51716,0.006293361394155611,-0.0556082940769995
event_500,32,16000,validation,aligned_flow_persistence_12000_events,flow_persistence,sell,4,58409,0.05758509971879251,-0.7657300440402866
event_500,32,16000,validation,aligned_flow_persistence_12000_events,flow_persistence,sell,5,95477,0.16701070361225126,-3.2538969740329664
event_500,32,16000,later_sandbox,aligned_flow_persistence_12000_events,flow_persistence,sell,1,70310,-0.161043221791005,0.5961469414908874
event_500,32,16000,later_sandbox,aligned_flow_persistence_12000_events,flow_persistence,sell,2,39963,-0.04606616722823083,-0.11758134292527253
event_500,32,16000,later_sandbox,aligned_flow_persistence_12000_events,flow_persistence,sell,3,33236,0.006229285676335848,-0.5758095166992212
event_500,32,16000,later_sandbox,aligned_flow_persistence_12000_events,flow_persistence,sell,4,37622,0.057671518064670795,-0.996058842342176
event_500,32,16000,later_sandbox,aligned_flow_persistence_12000_events,flow_persistence,sell,5,71633,0.17616282636252764,-1.7204132495413187
event_500,32,16000,validation,aligned_flow_persistence_12000_events,flow_persistence,buy,1,96718,-0.15597907185270254,0.713688630687908
event_500,32,16000,validation,aligned_flow_persistence_12000_events,flow_persistence,buy,2,57180,-0.04760814241974708,-0.3371234130365051
event_500,32,16000,validation,aligned_flow_persistence_12000_events,flow_persistence,buy,3,51499,0.003743271768360204,-0.6420188414662099
event_500,32,16000,validation,aligned_flow_persistence_12000_events,flow_persistence,buy,4,58158,0.056640602099276655,-0.41496411277125034
event_500,32,16000,validation,aligned_flow_persistence_12000_events,flow_persistence,buy,5,82272,0.1646777506871087,-0.4690693058134925
event_500,32,16000,later_sandbox,aligned_flow_persistence_12000_events,flow_persistence,buy,1,76674,-0.164698139784252,0.4237179077377984
event_500,32,16000,later_sandbox,aligned_flow_persistence_12000_events,flow_persistence,buy,2,38050,-0.04786681726496524,0.36049451823332473
event_500,32,16000,later_sandbox,aligned_flow_persistence_12000_events,flow_persistence,buy,3,33375,0.0038357438770480357,0.12066796425074129
event_500,32,16000,later_sandbox,aligned_flow_persistence_12000_events,flow_persistence,buy,4,37770,0.05674888300743993,-0.2838544484854468
event_500,32,16000,later_sandbox,aligned_flow_persistence_12000_events,flow_persistence,buy,5,63509,0.17272420688615447,-1.4440105449847593
event_500,32,16000,validation,expected_normalised_impact,fitted_impact,sell,1,198862,-0.00020420032671971235,-0.4664766083610372
event_500,32,16000,validation,expected_normalised_impact,fitted_impact,sell,2,82051,0.009642245676594304,-1.1229378031600652
event_500,32,16000,validation,expected_normalised_impact,fitted_impact,sell,3,39571,0.01973567350685619,-2.4289828917593206
event_500,32,16000,validation,expected_normalised_impact,fitted_impact,sell,4,21009,0.031929401742293306,-3.531476038754075
event_500,32,16000,validation,expected_normalised_impact,fitted_impact,sell,5,9061,0.05313214351790658,-4.834134652809233
event_500,32,16000,later_sandbox,expected_normalised_impact,fitted_impact,sell,1,138964,0.000027407496614491904,-0.3388598680352504
event_500,32,16000,later_sandbox,expected_normalised_impact,fitted_impact,sell,2,66545,0.009607547622972262,-0.5218481986931041
event_500,32,16000,later_sandbox,expected_normalised_impact,fitted_impact,sell,3,29210,0.01966775695337411,-0.9691436186788339
event_500,32,16000,later_sandbox,expected_normalised_impact,fitted_impact,sell,4,13462,0.03174923708291881,-1.671834597302876
event_500,32,16000,later_sandbox,expected_normalised_impact,fitted_impact,sell,5,4583,0.051068882870562736,-2.182603400593741
event_500,32,16000,validation,expected_normalised_impact,fitted_impact,buy,1,196130,0.0008858672397280785,-0.1392511234475095
event_500,32,16000,validation,expected_normalised_impact,fitted_impact,buy,2,80798,0.010205601155174767,-0.6547692970114811
event_500,32,16000,validation,expected_normalised_impact,fitted_impact,buy,3,38769,0.019643922890430363,-0.10054264390900328
event_500,32,16000,validation,expected_normalised_impact,fitted_impact,buy,4,20737,0.03114292463847733,1.0958481414616468
event_500,32,16000,validation,expected_normalised_impact,fitted_impact,buy,5,9393,0.05217900458688804,1.6342432092250647
event_500,32,16000,later_sandbox,expected_normalised_impact,fitted_impact,buy,1,135887,0.0011049544379725567,0.13237029789233698
event_500,32,16000,later_sandbox,expected_normalised_impact,fitted_impact,buy,2,65413,0.010215710401205707,-0.6278306335683004
event_500,32,16000,later_sandbox,expected_normalised_impact,fitted_impact,buy,3,29714,0.01955001209373581,-1.1204710220887357
event_500,32,16000,later_sandbox,expected_normalised_impact,fitted_impact,buy,4,13842,0.030891713232695718,0.07056005557246525
event_500,32,16000,later_sandbox,expected_normalised_impact,fitted_impact,buy,5,4522,0.049741615355873105,0.7079333453825527
event_500,32,16000,validation,impact_residual,fitted_impact,sell,1,18597,-0.03238207941758748,-1.916859793577523
event_500,32,16000,validation,impact_residual,fitted_impact,sell,2,58209,-0.01124457728692863,-2.162676953981585
event_500,32,16000,validation,impact_residual,fitted_impact,sell,3,117358,0.001224027018737959,-1.3091768511262936
event_500,32,16000,validation,impact_residual,fitted_impact,sell,4,119048,0.012216302497280295,-0.31016833819328304
event_500,32,16000,validation,impact_residual,fitted_impact,sell,5,37342,0.029522602011602606,-1.2562903851129348
event_500,32,16000,later_sandbox,impact_residual,fitted_impact,sell,1,12583,-0.030537426843426193,-1.551912002210248
event_500,32,16000,later_sandbox,impact_residual,fitted_impact,sell,2,47410,-0.011089705014270196,-0.9770540373972395
event_500,32,16000,later_sandbox,impact_residual,fitted_impact,sell,3,90443,0.0009781679856740472,-0.3039342058887639
event_500,32,16000,later_sandbox,impact_residual,fitted_impact,sell,4,77279,0.012236384929219234,-0.27525441055273264
event_500,32,16000,later_sandbox,impact_residual,fitted_impact,sell,5,25049,0.028906837172234183,-1.1187495431349563
event_500,32,16000,validation,impact_residual,fitted_impact,buy,1,19298,-0.031678111233417974,0.895336387485254
event_500,32,16000,validation,impact_residual,fitted_impact,buy,2,55798,-0.011273000241778108,-0.27045160728717355
event_500,32,16000,validation,impact_residual,fitted_impact,buy,3,114976,0.0004296493477395343,-0.6133468032745898
event_500,32,16000,validation,impact_residual,fitted_impact,buy,4,115802,0.011281600925296044,0.1006223187969741
event_500,32,16000,validation,impact_residual,fitted_impact,buy,5,39953,0.028594145259934655,0.26636529372088874
event_500,32,16000,later_sandbox,impact_residual,fitted_impact,buy,1,13799,-0.029010645054701967,-0.7772532757520104
event_500,32,16000,later_sandbox,impact_residual,fitted_impact,buy,2,46550,-0.011256664921293742,-0.7240581132526707
event_500,32,16000,later_sandbox,impact_residual,fitted_impact,buy,3,86300,0.00025649562041610974,-0.28446093620279933
event_500,32,16000,later_sandbox,impact_residual,fitted_impact,buy,4,77065,0.01124188764330381,0.020546095631012857
event_500,32,16000,later_sandbox,impact_residual,fitted_impact,buy,5,25664,0.027798799159822012,0.5922391451571629
event_500,32,16000,validation,marginal_impact_bps_per_btc,fitted_impact,sell,1,15257,0.03467844013207798,-3.9422106266028276
event_500,32,16000,validation,marginal_impact_bps_per_btc,fitted_impact,sell,2,42427,0.06032570240573942,-0.9002939454350062
event_500,32,16000,validation,marginal_impact_bps_per_btc,fitted_impact,sell,3,72721,0.08055570445845626,-1.5177188060417859
event_500,32,16000,validation,marginal_impact_bps_per_btc,fitted_impact,sell,4,82639,0.11579207368037533,-0.4646318848541737
event_500,32,16000,validation,marginal_impact_bps_per_btc,fitted_impact,sell,5,137510,0.18337008878412017,-1.1046831124747067
event_500,32,16000,later_sandbox,marginal_impact_bps_per_btc,fitted_impact,sell,1,13965,0.0365234068150411,-1.6436171174849084
event_500,32,16000,later_sandbox,marginal_impact_bps_per_btc,fitted_impact,sell,2,45310,0.05985743980821868,-0.8076919527226815
event_500,32,16000,later_sandbox,marginal_impact_bps_per_btc,fitted_impact,sell,3,71509,0.08172202157184331,-0.8130886672699121
event_500,32,16000,later_sandbox,marginal_impact_bps_per_btc,fitted_impact,sell,4,72309,0.11381434167289059,-0.3434040488898101
event_500,32,16000,later_sandbox,marginal_impact_bps_per_btc,fitted_impact,sell,5,49671,0.16352510376832277,-0.0022046791203206187
event_500,32,16000,validation,marginal_impact_bps_per_btc,fitted_impact,buy,1,16585,0.03547363517041607,1.346300578069762
event_500,32,16000,validation,marginal_impact_bps_per_btc,fitted_impact,buy,2,46072,0.06119316839364351,-0.04605754641063702
event_500,32,16000,validation,marginal_impact_bps_per_btc,fitted_impact,buy,3,69960,0.0813001246218217,-0.054952700785728045
event_500,32,16000,validation,marginal_impact_bps_per_btc,fitted_impact,buy,4,81816,0.11686090159550301,-0.6866660332725257
event_500,32,16000,validation,marginal_impact_bps_per_btc,fitted_impact,buy,5,131394,0.1829971713914911,-0.04733803349865502
event_500,32,16000,later_sandbox,marginal_impact_bps_per_btc,fitted_impact,buy,1,15269,0.03749434145418986,-0.5878235143188086
event_500,32,16000,later_sandbox,marginal_impact_bps_per_btc,fitted_impact,buy,2,48827,0.0606028790337151,-0.08438303167647689
event_500,32,16000,later_sandbox,marginal_impact_bps_per_btc,fitted_impact,buy,3,71480,0.08257904125725468,0.22679993859316833
event_500,32,16000,later_sandbox,marginal_impact_bps_per_btc,fitted_impact,buy,4,69754,0.11528598577456572,-0.3867506086828579
event_500,32,16000,later_sandbox,marginal_impact_bps_per_btc,fitted_impact,buy,5,44048,0.1638540185437668,-0.6432800981196046
event_1000,12,12000,validation,log_abs_signed_imbalance,imbalance,sell,1,69274,2.645048732730141,-0.05671893508253661
event_1000,12,12000,validation,log_abs_signed_imbalance,imbalance,sell,2,49089,4.09464729849979,-0.800932256214037
event_1000,12,12000,validation,log_abs_signed_imbalance,imbalance,sell,3,29568,4.720567471384428,-1.595513730938479
event_1000,12,12000,validation,log_abs_signed_imbalance,imbalance,sell,4,17785,5.231685591282769,-2.8972461892736847
event_1000,12,12000,validation,log_abs_signed_imbalance,imbalance,sell,5,10597,5.911193807793942,-3.898486885785883
event_1000,12,12000,later_sandbox,log_abs_signed_imbalance,imbalance,sell,1,54535,2.624435602648132,-0.3816890133713498
event_1000,12,12000,later_sandbox,log_abs_signed_imbalance,imbalance,sell,2,35567,4.0920702913991525,-0.25350943693691524
event_1000,12,12000,later_sandbox,log_abs_signed_imbalance,imbalance,sell,3,20181,4.716769460283606,-0.9686346665231136
event_1000,12,12000,later_sandbox,log_abs_signed_imbalance,imbalance,sell,4,10839,5.225180376186681,-1.2530806446042069
event_1000,12,12000,later_sandbox,log_abs_signed_imbalance,imbalance,sell,5,5754,5.894320745930435,-2.3479426735314255
event_1000,12,12000,validation,log_abs_signed_imbalance,imbalance,buy,1,69825,2.6555071297320634,0.040629436594633105
event_1000,12,12000,validation,log_abs_signed_imbalance,imbalance,buy,2,47040,4.1027001476970995,-0.4381091446443491
event_1000,12,12000,validation,log_abs_signed_imbalance,imbalance,buy,3,28361,4.712509563759678,-0.5512178836639894
event_1000,12,12000,validation,log_abs_signed_imbalance,imbalance,buy,4,16846,5.211301325139808,-0.8842808938330202
event_1000,12,12000,validation,log_abs_signed_imbalance,imbalance,buy,5,9806,5.877484160419277,-0.2633340460342114
event_1000,12,12000,later_sandbox,log_abs_signed_imbalance,imbalance,buy,1,54391,2.6391385117371717,-0.0949440194798531
event_1000,12,12000,later_sandbox,log_abs_signed_imbalance,imbalance,buy,2,34345,4.098008138000921,-0.3786328481280271
event_1000,12,12000,later_sandbox,log_abs_signed_imbalance,imbalance,buy,3,19435,4.7087785953917365,-0.6313591954662364
event_1000,12,12000,later_sandbox,log_abs_signed_imbalance,imbalance,buy,4,10570,5.205168753260008,-0.9605431810926673
event_1000,12,12000,later_sandbox,log_abs_signed_imbalance,imbalance,buy,5,5458,5.875952542906882,-0.3767317606889669
event_1000,12,12000,validation,absolute_imbalance_ratio,imbalance,sell,1,27417,0.030409105219595424,0.04482231292950647
event_1000,12,12000,validation,absolute_imbalance_ratio,imbalance,sell,2,28644,0.09299382882405657,-0.32714626054887413
event_1000,12,12000,validation,absolute_imbalance_ratio,imbalance,sell,3,31992,0.16459940412186888,-0.397511396285994
event_1000,12,12000,validation,absolute_imbalance_ratio,imbalance,sell,4,36159,0.2567063303400835,-1.058459612171993
event_1000,12,12000,validation,absolute_imbalance_ratio,imbalance,sell,5,52101,0.44521232248910747,-2.3824905509570002
event_1000,12,12000,later_sandbox,absolute_imbalance_ratio,imbalance,sell,1,17478,0.03020101262997914,-0.28110086161380776
event_1000,12,12000,later_sandbox,absolute_imbalance_ratio,imbalance,sell,2,18605,0.09287684943896228,-0.3609884910225372
event_1000,12,12000,later_sandbox,absolute_imbalance_ratio,imbalance,sell,3,20773,0.16498690256352472,-0.4673596228997913
event_1000,12,12000,later_sandbox,absolute_imbalance_ratio,imbalance,sell,4,25589,0.25722863604267004,-0.5955135061663531
event_1000,12,12000,later_sandbox,absolute_imbalance_ratio,imbalance,sell,5,44431,0.4582490248159962,-0.8979287356273993
event_1000,12,12000,validation,absolute_imbalance_ratio,imbalance,buy,1,27883,0.03084415258985615,0.1424381005032852
event_1000,12,12000,validation,absolute_imbalance_ratio,imbalance,buy,2,28486,0.0942093179901182,0.4623063056546419
event_1000,12,12000,validation,absolute_imbalance_ratio,imbalance,buy,3,30913,0.16574118513900793,-0.5632072130841804
event_1000,12,12000,validation,absolute_imbalance_ratio,imbalance,buy,4,35146,0.25741085224602195,0.12919916251808736
event_1000,12,12000,validation,absolute_imbalance_ratio,imbalance,buy,5,49450,0.44550773816894185,-1.115367278308747
event_1000,12,12000,later_sandbox,absolute_imbalance_ratio,imbalance,buy,1,17558,0.030549966995422534,0.24474962732664685
event_1000,12,12000,later_sandbox,absolute_imbalance_ratio,imbalance,buy,2,18322,0.0942755124572443,-0.13657709600370238
event_1000,12,12000,later_sandbox,absolute_imbalance_ratio,imbalance,buy,3,21065,0.16592060046028992,-0.08046451638006206
event_1000,12,12000,later_sandbox,absolute_imbalance_ratio,imbalance,buy,4,25097,0.25841257361508674,-0.4123438160294148
event_1000,12,12000,later_sandbox,absolute_imbalance_ratio,imbalance,buy,5,42157,0.45499508556599527,-0.7685372603730618
event_1000,12,12000,validation,normalised_imbalance,imbalance,sell,1,94783,0.000058176065472850896,-0.09760537216493156
event_1000,12,12000,validation,normalised_imbalance,imbalance,sell,2,42824,0.00020691927663716073,-1.185657628741178
event_1000,12,12000,validation,normalised_imbalance,imbalance,sell,3,21895,0.0004072191652651089,-2.7468603645477114
event_1000,12,12000,validation,normalised_imbalance,imbalance,sell,4,11601,0.0007332405211711627,-3.75010648453907
event_1000,12,12000,validation,normalised_imbalance,imbalance,sell,5,5210,0.001758632735193477,-3.759812810645323
event_1000,12,12000,later_sandbox,normalised_imbalance,imbalance,sell,1,63958,0.00006194874229662102,-0.3670949568949232
event_1000,12,12000,later_sandbox,normalised_imbalance,imbalance,sell,2,35208,0.00020723170940767992,-0.5623537657187229
event_1000,12,12000,later_sandbox,normalised_imbalance,imbalance,sell,3,17135,0.00040369461515389496,-0.9346089001648594
event_1000,12,12000,later_sandbox,normalised_imbalance,imbalance,sell,4,7867,0.0007281546136788672,-1.421327554200496
event_1000,12,12000,later_sandbox,normalised_imbalance,imbalance,sell,5,2708,0.0015583527297171307,-2.214949015317257
event_1000,12,12000,validation,normalised_imbalance,imbalance,buy,1,93657,0.000057591899200221374,-0.04885652814400595
event_1000,12,12000,validation,normalised_imbalance,imbalance,buy,2,40308,0.00019929231271765535,-0.9693547549661432
event_1000,12,12000,validation,normalised_imbalance,imbalance,buy,3,21050,0.00038146936623572014,-0.6270352626092659
event_1000,12,12000,validation,normalised_imbalance,imbalance,buy,4,11136,0.0006774520686404731,0.03012970346214057
event_1000,12,12000,validation,normalised_imbalance,imbalance,buy,5,5727,0.0016774427184179407,0.9827888029268804
event_1000,12,12000,later_sandbox,normalised_imbalance,imbalance,buy,1,62465,0.0000613183035771655,0.021902075263133453
event_1000,12,12000,later_sandbox,normalised_imbalance,imbalance,buy,2,33686,0.00020015457346253822,-0.6256551111407804
event_1000,12,12000,later_sandbox,normalised_imbalance,imbalance,buy,3,17165,0.0003799158567571952,-1.0017587576210882
event_1000,12,12000,later_sandbox,normalised_imbalance,imbalance,buy,4,8063,0.0006686481203478448,-1.0060277860692501
event_1000,12,12000,later_sandbox,normalised_imbalance,imbalance,buy,5,2820,0.0014338814415666495,0.8392345339918733
event_1000,12,12000,validation,log_gross_volume,volume,sell,1,159273,5.586566534855659,-0.8758669789840452
event_1000,12,12000,validation,log_gross_volume,volume,sell,2,7018,6.44365724364285,-1.884056161204457
event_1000,12,12000,validation,log_gross_volume,volume,sell,3,4234,6.621948694189324,-2.287324538293922
event_1000,12,12000,validation,log_gross_volume,volume,sell,4,3006,6.789773698686568,-3.199097092246093
event_1000,12,12000,validation,log_gross_volume,volume,sell,5,2782,7.094516504498727,-4.039095829621141
event_1000,12,12000,later_sandbox,log_gross_volume,volume,sell,1,122838,5.433269147310508,-0.513516161295501
event_1000,12,12000,later_sandbox,log_gross_volume,volume,sell,2,2175,6.441198774844202,-4.159204488819599
event_1000,12,12000,later_sandbox,log_gross_volume,volume,sell,3,931,6.617386051928403,-3.8425644232815723
event_1000,12,12000,later_sandbox,log_gross_volume,volume,sell,4,555,6.786360634117681,-0.010015850217893318
event_1000,12,12000,later_sandbox,log_gross_volume,volume,sell,5,377,7.065001432868505,-2.02558536833986
event_1000,12,12000,validation,log_gross_volume,volume,buy,1,155312,5.575718396095945,-0.3819984826697292
event_1000,12,12000,validation,log_gross_volume,volume,buy,2,6685,6.4259498320261415,0.2751122298061247
event_1000,12,12000,validation,log_gross_volume,volume,buy,3,4156,6.605979413655882,1.0217968856857902
event_1000,12,12000,validation,log_gross_volume,volume,buy,4,3100,6.773404318955214,0.2690461588593702
event_1000,12,12000,validation,log_gross_volume,volume,buy,5,2625,7.059384642345698,0.5811612912022814
event_1000,12,12000,later_sandbox,log_gross_volume,volume,buy,1,120239,5.436673953913154,-0.35769712738158616
event_1000,12,12000,later_sandbox,log_gross_volume,volume,buy,2,2120,6.420246092738875,0.3057955120115138
event_1000,12,12000,later_sandbox,log_gross_volume,volume,buy,3,916,6.602687848444773,-3.2414207272228768
event_1000,12,12000,later_sandbox,log_gross_volume,volume,buy,4,518,6.775089329986952,1.5763873861759474
event_1000,12,12000,later_sandbox,log_gross_volume,volume,buy,5,406,7.063572431795721,4.595015919963513
event_1000,12,12000,validation,bar_volume_fraction_24h,volume,sell,1,154640,0.0006476012946927784,-0.791221839698227
event_1000,12,12000,validation,bar_volume_fraction_24h,volume,sell,2,11628,0.001831356585797252,-2.7461687926443874
event_1000,12,12000,validation,bar_volume_fraction_24h,volume,sell,3,5594,0.0026733413129430977,-2.91269663700421
event_1000,12,12000,validation,bar_volume_fraction_24h,volume,sell,4,3044,0.004025498325423902,-2.4228170722546505
event_1000,12,12000,validation,bar_volume_fraction_24h,volume,sell,5,1407,0.00706997597387348,-3.771409998824091
event_1000,12,12000,later_sandbox,bar_volume_fraction_24h,volume,sell,1,119775,0.0006718119325328138,-0.5016878083669504
event_1000,12,12000,later_sandbox,bar_volume_fraction_24h,volume,sell,2,5266,0.0018034031580881913,-2.4293972478786467
event_1000,12,12000,later_sandbox,bar_volume_fraction_24h,volume,sell,3,1480,0.0026290220983101148,-2.502781666715225
event_1000,12,12000,later_sandbox,bar_volume_fraction_24h,volume,sell,4,321,0.003835488075036888,-1.9427489512838687
event_1000,12,12000,later_sandbox,bar_volume_fraction_24h,volume,sell,5,34,0.00640883474454651,21.71772033445586
event_1000,12,12000,validation,bar_volume_fraction_24h,volume,buy,1,148298,0.0006186896893403927,-0.5145661861771585
event_1000,12,12000,validation,bar_volume_fraction_24h,volume,buy,2,12063,0.0016960475887393362,0.7642070838752048
event_1000,12,12000,validation,bar_volume_fraction_24h,volume,buy,3,6049,0.0024797150587971667,2.318023981503385
event_1000,12,12000,validation,bar_volume_fraction_24h,volume,buy,4,3826,0.003737409611033772,0.4387688329534236
event_1000,12,12000,validation,bar_volume_fraction_24h,volume,buy,5,1642,0.0068324570331950545,0.3084079540517658
event_1000,12,12000,later_sandbox,bar_volume_fraction_24h,volume,buy,1,116069,0.0006595618923886101,-0.37877335393451905
event_1000,12,12000,later_sandbox,bar_volume_fraction_24h,volume,buy,2,6040,0.0016698831892605313,-0.5443938692740476
event_1000,12,12000,later_sandbox,bar_volume_fraction_24h,volume,buy,3,1634,0.002421760595830557,2.5314549432680025
event_1000,12,12000,later_sandbox,bar_volume_fraction_24h,volume,buy,4,413,0.0035721281118319985,0.6657157894020658
event_1000,12,12000,later_sandbox,bar_volume_fraction_24h,volume,buy,5,43,0.0058713477617582934,4.483505105953554
event_1000,12,12000,validation,log_duration,activity,sell,1,119875,3.377976416879845,-1.152501293151632
event_1000,12,12000,validation,log_duration,activity,sell,2,38560,4.680916591499661,-0.23955395263715623
event_1000,12,12000,validation,log_duration,activity,sell,3,11643,5.303239608654019,-2.1606706096129527
event_1000,12,12000,validation,log_duration,activity,sell,4,5388,5.848298803421471,-1.8099646736221524
event_1000,12,12000,validation,log_duration,activity,sell,5,847,6.314835219714519,-1.1333878819982908
event_1000,12,12000,later_sandbox,log_duration,activity,sell,1,86079,3.5038272504110277,-0.939418649823076
event_1000,12,12000,later_sandbox,log_duration,activity,sell,2,37572,4.634171930820702,0.07547804561507931
event_1000,12,12000,later_sandbox,log_duration,activity,sell,3,3187,5.228702688260098,0.5639578549100811
event_1000,12,12000,later_sandbox,log_duration,activity,sell,4,38,5.668603949925729,-6.346757856242886
event_1000,12,12000,later_sandbox,log_duration,activity,sell,5,0,NaN,NaN
event_1000,12,12000,validation,log_duration,activity,buy,1,120015,3.3857109254395277,-0.5182102422980975
event_1000,12,12000,validation,log_duration,activity,buy,2,33802,4.679897436526526,-0.23233901939129892
event_1000,12,12000,validation,log_duration,activity,buy,3,10563,5.250137729337072,1.352898233745952
event_1000,12,12000,validation,log_duration,activity,buy,4,5852,5.771157891529856,0.457570670398402
event_1000,12,12000,validation,log_duration,activity,buy,5,1646,6.262011049604988,1.3332408330948067
event_1000,12,12000,later_sandbox,log_duration,activity,buy,1,85913,3.5155968249661718,-0.27760026006426275
event_1000,12,12000,later_sandbox,log_duration,activity,buy,2,34695,4.637861994886537,-0.4154360418754011
event_1000,12,12000,later_sandbox,log_duration,activity,buy,3,3482,5.198343860959953,-1.2429753866279645
event_1000,12,12000,later_sandbox,log_duration,activity,buy,4,109,5.603099130013362,-0.5210069573883774
event_1000,12,12000,later_sandbox,log_duration,activity,buy,5,0,NaN,NaN
event_1000,12,12000,validation,relative_flow_rate,activity,sell,1,36143,0.39463473976116564,-1.0175469900478624
event_1000,12,12000,validation,relative_flow_rate,activity,sell,2,35602,0.6770914390267057,-0.06961424803575794
event_1000,12,12000,validation,relative_flow_rate,activity,sell,3,39005,1.0825042840315415,0.17736478452727664
event_1000,12,12000,validation,relative_flow_rate,activity,sell,4,38039,2.032789393358225,-0.654229096098481
event_1000,12,12000,validation,relative_flow_rate,activity,sell,5,27524,9.115436839541617,-4.57921579529212
event_1000,12,12000,later_sandbox,relative_flow_rate,activity,sell,1,32220,0.37580760682794034,-0.3878193869296426
event_1000,12,12000,later_sandbox,relative_flow_rate,activity,sell,2,24028,0.6732529653421034,0.02685170182855601
event_1000,12,12000,later_sandbox,relative_flow_rate,activity,sell,3,24353,1.0794377092629408,0.08600946818373054
event_1000,12,12000,later_sandbox,relative_flow_rate,activity,sell,4,24680,2.044707546991392,-0.9106582568281396
event_1000,12,12000,later_sandbox,relative_flow_rate,activity,sell,5,21595,11.158331285754386,-2.048686954759572
event_1000,12,12000,validation,relative_flow_rate,activity,buy,1,33667,0.3898059426366155,1.1415914678061556
event_1000,12,12000,validation,relative_flow_rate,activity,buy,2,34051,0.6648447251331462,-0.7463382037022996
event_1000,12,12000,validation,relative_flow_rate,activity,buy,3,36504,1.04910847490776,-0.8012202897641058
event_1000,12,12000,validation,relative_flow_rate,activity,buy,4,39020,1.9418357535748787,-1.6352577849052436
event_1000,12,12000,validation,relative_flow_rate,activity,buy,5,28636,7.916593977543724,1.0180005135780774
event_1000,12,12000,later_sandbox,relative_flow_rate,activity,buy,1,30632,0.3721591412226216,-0.1681195369592086
event_1000,12,12000,later_sandbox,relative_flow_rate,activity,buy,2,23007,0.6614250785458253,-0.5382322658238904
event_1000,12,12000,later_sandbox,relative_flow_rate,activity,buy,3,23252,1.0479443207266117,-0.3888361577834614
event_1000,12,12000,later_sandbox,relative_flow_rate,activity,buy,4,24735,1.9438395097779508,-0.8473362753280194
event_1000,12,12000,later_sandbox,relative_flow_rate,activity,buy,5,22573,9.9925924045525,0.2164166852701182
event_1000,12,12000,validation,normalised_range,volatility,sell,1,125805,0.029995793569949556,-0.6389647203016116
event_1000,12,12000,validation,normalised_range,volatility,sell,2,28145,0.055716210091400147,-1.7448193255963271
event_1000,12,12000,validation,normalised_range,volatility,sell,3,13154,0.07348551114644195,-1.8770264971366426
event_1000,12,12000,validation,normalised_range,volatility,sell,4,6178,0.09673026914421602,-2.000907609463002
event_1000,12,12000,validation,normalised_range,volatility,sell,5,3031,0.15685446362059208,-5.515387569924862
event_1000,12,12000,later_sandbox,normalised_range,volatility,sell,1,97615,0.03041035528372142,-0.5614110259676555
event_1000,12,12000,later_sandbox,normalised_range,volatility,sell,2,19081,0.055486846072476476,-0.4808130123752577
event_1000,12,12000,later_sandbox,normalised_range,volatility,sell,3,6970,0.07309232223810111,0.22836251195429452
event_1000,12,12000,later_sandbox,normalised_range,volatility,sell,4,2282,0.0958135473875204,-2.9874945057451936
event_1000,12,12000,later_sandbox,normalised_range,volatility,sell,5,928,0.1816571806417687,-7.833937284973623
event_1000,12,12000,validation,normalised_range,volatility,buy,1,115779,0.02888058584903695,-0.6082766333074298
event_1000,12,12000,validation,normalised_range,volatility,buy,2,30111,0.052429790871192455,-0.1880821830188595
event_1000,12,12000,validation,normalised_range,volatility,buy,3,15290,0.06933396764806861,-0.05158456938072937
event_1000,12,12000,validation,normalised_range,volatility,buy,4,7488,0.09182411575927868,1.4454733698624094
event_1000,12,12000,validation,normalised_range,volatility,buy,5,3210,0.15123118275172528,4.72597590888366
event_1000,12,12000,later_sandbox,normalised_range,volatility,buy,1,89277,0.029546666720357558,-0.325046160611892
event_1000,12,12000,later_sandbox,normalised_range,volatility,buy,2,21804,0.052191830902749994,-0.8518843591163867
event_1000,12,12000,later_sandbox,normalised_range,volatility,buy,3,9007,0.06894978900518776,-0.15502263834309565
event_1000,12,12000,later_sandbox,normalised_range,volatility,buy,4,3124,0.09073521029538666,-0.3828378731055145
event_1000,12,12000,later_sandbox,normalised_range,volatility,buy,5,987,0.17061030248089593,7.637337787130198
event_1000,12,12000,validation,log_trailing_volatility,volatility,sell,1,5826,5.196519486241489,-2.3651101930276925
event_1000,12,12000,validation,log_trailing_volatility,volatility,sell,2,9523,5.567578978986412,-1.7260776914550593
event_1000,12,12000,validation,log_trailing_volatility,volatility,sell,3,18048,5.810716601885946,-0.9058443897348555
event_1000,12,12000,validation,log_trailing_volatility,volatility,sell,4,61500,6.092904012866309,-1.1845323467510647
event_1000,12,12000,validation,log_trailing_volatility,volatility,sell,5,81416,6.647950666820659,-0.7842200712889595
event_1000,12,12000,later_sandbox,log_trailing_volatility,volatility,sell,1,1993,5.371370214241375,-4.857821118504839
event_1000,12,12000,later_sandbox,log_trailing_volatility,volatility,sell,2,31632,5.577341754401825,0.4238753568335747
event_1000,12,12000,later_sandbox,log_trailing_volatility,volatility,sell,3,45892,5.800699779755254,-0.9588310577982081
event_1000,12,12000,later_sandbox,log_trailing_volatility,volatility,sell,4,39208,6.064769566002388,-0.8976782147175816
event_1000,12,12000,later_sandbox,log_trailing_volatility,volatility,sell,5,8151,6.658403727908558,-0.12265309707603694
event_1000,12,12000,validation,log_trailing_volatility,volatility,buy,1,7340,5.20896373053783,1.8491771670390635
event_1000,12,12000,validation,log_trailing_volatility,volatility,buy,2,10417,5.60212620279266,0.5237575224898502
event_1000,12,12000,validation,log_trailing_volatility,volatility,buy,3,20154,5.851377696096315,0.06007231642464991
event_1000,12,12000,validation,log_trailing_volatility,volatility,buy,4,69136,6.154625451130139,-0.6962271049893637
event_1000,12,12000,validation,log_trailing_volatility,volatility,buy,5,64831,6.727299201956709,-0.354597747958355
event_1000,12,12000,later_sandbox,log_trailing_volatility,volatility,buy,1,3056,5.398784167095063,0.1699170746422793
event_1000,12,12000,later_sandbox,log_trailing_volatility,volatility,buy,2,35858,5.6050724035581805,-0.9600029247706502
event_1000,12,12000,later_sandbox,log_trailing_volatility,volatility,buy,3,44022,5.829093658660923,-0.11850189646929686
event_1000,12,12000,later_sandbox,log_trailing_volatility,volatility,buy,4,34787,6.09443583039245,-0.17330796911058366
event_1000,12,12000,later_sandbox,log_trailing_volatility,volatility,buy,5,6476,6.735666991840033,0.38638332825486005
event_1000,12,12000,validation,return_efficiency,impact,sell,1,32457,-0.3549110176654503,-1.0812137418698646
event_1000,12,12000,validation,return_efficiency,impact,sell,2,33525,0.1356343170671628,-0.8048701544254748
event_1000,12,12000,validation,return_efficiency,impact,sell,3,33139,0.41930351484286893,-0.9004363363279851
event_1000,12,12000,validation,return_efficiency,impact,sell,4,35093,0.6324498186287517,-1.0309131923767614
event_1000,12,12000,validation,return_efficiency,impact,sell,5,42099,0.8547170472900967,-1.3104450765780165
event_1000,12,12000,later_sandbox,return_efficiency,impact,sell,1,23922,-0.36642419814797433,-0.5099850196214066
event_1000,12,12000,later_sandbox,return_efficiency,impact,sell,2,23573,0.1327993691272486,-0.9312909611792587
event_1000,12,12000,later_sandbox,return_efficiency,impact,sell,3,22927,0.42000325873835426,-0.36704430981931313
event_1000,12,12000,later_sandbox,return_efficiency,impact,sell,4,24795,0.6328224435019526,-0.6553568154241112
event_1000,12,12000,later_sandbox,return_efficiency,impact,sell,5,31659,0.8584365898840497,-0.5576366703395372
event_1000,12,12000,validation,return_efficiency,impact,buy,1,32387,-0.3449315803180563,-0.3795080547387352
event_1000,12,12000,validation,return_efficiency,impact,buy,2,32544,0.15109047643261816,-0.18606354298987113
event_1000,12,12000,validation,return_efficiency,impact,buy,3,31691,0.43451030781158223,-0.23140875766074623
event_1000,12,12000,validation,return_efficiency,impact,buy,4,34158,0.6437719383160917,-0.25007919955038804
event_1000,12,12000,validation,return_efficiency,impact,buy,5,41098,0.8629441726729806,-0.40540863779775704
event_1000,12,12000,later_sandbox,return_efficiency,impact,buy,1,23990,-0.3544141928170034,-0.3988404357813602
event_1000,12,12000,later_sandbox,return_efficiency,impact,buy,2,23041,0.15070536237142837,-0.36701416887366983
event_1000,12,12000,later_sandbox,return_efficiency,impact,buy,3,22331,0.4343004490482122,-0.009824046970693256
event_1000,12,12000,later_sandbox,return_efficiency,impact,buy,4,24569,0.6437286862220739,-0.6023559020582735
event_1000,12,12000,later_sandbox,return_efficiency,impact,buy,5,30268,0.8642865975352724,-0.3173198163200949
event_1000,12,12000,validation,normalised_signed_impact,impact,sell,1,30157,-0.014525194709126669,-1.0965053900585344
event_1000,12,12000,validation,normalised_signed_impact,impact,sell,2,71845,0.008356561919139128,-0.7075889306112675
event_1000,12,12000,validation,normalised_signed_impact,impact,sell,3,46413,0.026636844989853744,-0.790766630952712
event_1000,12,12000,validation,normalised_signed_impact,impact,sell,4,21261,0.04797062504961918,-1.8439833931689018
event_1000,12,12000,validation,normalised_signed_impact,impact,sell,5,6637,0.08897513990692904,-3.5334078202740646
event_1000,12,12000,later_sandbox,normalised_signed_impact,impact,sell,1,22079,-0.013718263023665965,-0.5054188636309824
event_1000,12,12000,later_sandbox,normalised_signed_impact,impact,sell,2,51436,0.008243030804814502,-0.5728369687633071
event_1000,12,12000,later_sandbox,normalised_signed_impact,impact,sell,3,35058,0.02669387650286461,-0.6916781456969906
event_1000,12,12000,later_sandbox,normalised_signed_impact,impact,sell,4,15233,0.04742199842982684,-0.48578746319784316
event_1000,12,12000,later_sandbox,normalised_signed_impact,impact,sell,5,3070,0.08339232209753764,-1.3680005436657408
event_1000,12,12000,validation,normalised_signed_impact,impact,buy,1,30850,-0.013298421779509496,-0.33203995662863356
event_1000,12,12000,validation,normalised_signed_impact,impact,buy,2,66501,0.008574272972950443,-0.4094748629059944
event_1000,12,12000,validation,normalised_signed_impact,impact,buy,3,44790,0.02653915285303409,-0.23514237143604344
event_1000,12,12000,validation,normalised_signed_impact,impact,buy,4,22749,0.04752704461122258,-0.14775950605981106
event_1000,12,12000,validation,normalised_signed_impact,impact,buy,5,6988,0.08710110159053588,0.0692164560264803
event_1000,12,12000,later_sandbox,normalised_signed_impact,impact,buy,1,22934,-0.013035848826329176,-0.41750192152272503
event_1000,12,12000,later_sandbox,normalised_signed_impact,impact,buy,2,48300,0.008669310623799284,-0.4313170791279744
event_1000,12,12000,later_sandbox,normalised_signed_impact,impact,buy,3,33789,0.02650410285354551,-0.3266123771220824
event_1000,12,12000,later_sandbox,normalised_signed_impact,impact,buy,4,15741,0.0469343484409586,-0.4188290036501124
event_1000,12,12000,later_sandbox,normalised_signed_impact,impact,buy,5,3435,0.08282777960087588,1.5686877079347414
event_1000,12,12000,validation,fills_per_event,microstructure,sell,1,697,1.536878048780488,-1.0653695178742606
event_1000,12,12000,validation,fills_per_event,microstructure,sell,2,2859,1.8400451206715633,-0.49570932353358294
event_1000,12,12000,validation,fills_per_event,microstructure,sell,3,13954,2.0405656442597104,-1.0220551033215872
event_1000,12,12000,validation,fills_per_event,microstructure,sell,4,40249,2.2835050808715747,-0.1434064855500137
event_1000,12,12000,validation,fills_per_event,microstructure,sell,5,118554,2.9085904397995845,-1.3586089881142782
event_1000,12,12000,later_sandbox,fills_per_event,microstructure,sell,1,229,1.627943231441048,0.2962925505123276
event_1000,12,12000,later_sandbox,fills_per_event,microstructure,sell,2,3263,1.8441118602513022,0.1623099862703339
event_1000,12,12000,later_sandbox,fills_per_event,microstructure,sell,3,15840,2.0405175505050503,-0.0008280817292726373
event_1000,12,12000,later_sandbox,fills_per_event,microstructure,sell,4,38878,2.27614542929163,-0.2671695833144137
event_1000,12,12000,later_sandbox,fills_per_event,microstructure,sell,5,68666,2.9492231817784638,-0.970924948996411
event_1000,12,12000,validation,fills_per_event,microstructure,buy,1,655,1.5038030534351146,4.740531357149759
event_1000,12,12000,validation,fills_per_event,microstructure,buy,2,2065,1.8068246973365616,1.715072920236447
event_1000,12,12000,validation,fills_per_event,microstructure,buy,3,12276,2.008794395568589,0.14055943323673228
event_1000,12,12000,validation,fills_per_event,microstructure,buy,4,39975,2.253392045028143,0.11403382726145046
event_1000,12,12000,validation,fills_per_event,microstructure,buy,5,116907,2.8699144105998786,-0.5458554852299591
event_1000,12,12000,later_sandbox,fills_per_event,microstructure,buy,1,194,1.5872113402061854,2.127879179265512
event_1000,12,12000,later_sandbox,fills_per_event,microstructure,buy,2,2210,1.8122778280542986,-0.6961603013097142
event_1000,12,12000,later_sandbox,fills_per_event,microstructure,buy,3,13521,2.0080283263072256,-0.1554518178592669
event_1000,12,12000,later_sandbox,fills_per_event,microstructure,buy,4,38759,2.2476167599783277,-0.07870857637030622
event_1000,12,12000,later_sandbox,fills_per_event,microstructure,buy,5,69515,2.904878457886787,-0.5231909548217386
event_1000,12,12000,validation,price_levels_per_event,microstructure,sell,1,16817,1.3287849794850448,-0.47726488422922053
event_1000,12,12000,validation,price_levels_per_event,microstructure,sell,2,21976,1.4942532763014198,-0.12928676816516213
event_1000,12,12000,validation,price_levels_per_event,microstructure,sell,3,25525,1.6173906758080312,-0.19659376979605858
event_1000,12,12000,validation,price_levels_per_event,microstructure,sell,4,30954,1.7514572914647544,-0.15438865471080274
event_1000,12,12000,validation,price_levels_per_event,microstructure,sell,5,81041,2.1325167631199022,-2.0063631750379436
event_1000,12,12000,later_sandbox,price_levels_per_event,microstructure,sell,1,30449,1.3205274064829715,0.14384326699064687
event_1000,12,12000,later_sandbox,price_levels_per_event,microstructure,sell,2,23800,1.4902734033613445,-0.2693691374613649
event_1000,12,12000,later_sandbox,price_levels_per_event,microstructure,sell,3,20119,1.6145701078582435,-0.056350158590470004
event_1000,12,12000,later_sandbox,price_levels_per_event,microstructure,sell,4,18490,1.7476743645213628,-0.31495841783251444
event_1000,12,12000,later_sandbox,price_levels_per_event,microstructure,sell,5,34018,2.134408460226939,-1.983767656000425
event_1000,12,12000,validation,price_levels_per_event,microstructure,buy,1,16320,1.3195069240196078,0.9767290578287915
event_1000,12,12000,validation,price_levels_per_event,microstructure,buy,2,22073,1.4859106147782357,-0.26144875098620524
event_1000,12,12000,validation,price_levels_per_event,microstructure,buy,3,24673,1.6105048433510316,0.1286030148487746
event_1000,12,12000,validation,price_levels_per_event,microstructure,buy,4,31062,1.7466896529521603,-0.024386953764186054
event_1000,12,12000,validation,price_levels_per_event,microstructure,buy,5,77750,2.1256518971061094,-0.8163140619441144
event_1000,12,12000,later_sandbox,price_levels_per_event,microstructure,buy,1,28450,1.3141932161687166,-0.15376665520737526
event_1000,12,12000,later_sandbox,price_levels_per_event,microstructure,buy,2,24095,1.4815201909109774,-0.3187266047208065
event_1000,12,12000,later_sandbox,price_levels_per_event,microstructure,buy,3,19679,1.6071476701051883,-0.7884980400765615
event_1000,12,12000,later_sandbox,price_levels_per_event,microstructure,buy,4,18705,1.7435098636728148,-0.2887945672578233
event_1000,12,12000,later_sandbox,price_levels_per_event,microstructure,buy,5,33270,2.131687225728885,-0.2907941231662177
event_1000,12,12000,validation,abs_event_sign_imbalance,microstructure,sell,1,32092,0.018377103327932198,-0.8667785348821581
event_1000,12,12000,validation,abs_event_sign_imbalance,microstructure,sell,2,32785,0.05642989171877384,-1.079327101088567
event_1000,12,12000,validation,abs_event_sign_imbalance,microstructure,sell,3,34157,0.10015733231841203,-1.323332100254797
event_1000,12,12000,validation,abs_event_sign_imbalance,microstructure,sell,4,35401,0.15662190333606396,-0.7241892897291191
event_1000,12,12000,validation,abs_event_sign_imbalance,microstructure,sell,5,41878,0.2845052294760972,-1.1753563849936104
event_1000,12,12000,later_sandbox,abs_event_sign_imbalance,microstructure,sell,1,20567,0.018313025720814897,-0.5929847052802448
event_1000,12,12000,later_sandbox,abs_event_sign_imbalance,microstructure,sell,2,21138,0.05675607909925253,-0.6195761329226369
event_1000,12,12000,later_sandbox,abs_event_sign_imbalance,microstructure,sell,3,23269,0.10046980961794662,-0.7573673467832197
event_1000,12,12000,later_sandbox,abs_event_sign_imbalance,microstructure,sell,4,26260,0.15737966488956584,-0.6277293119956409
event_1000,12,12000,later_sandbox,abs_event_sign_imbalance,microstructure,sell,5,35642,0.28238510745749396,-0.47899474459031016
event_1000,12,12000,validation,abs_event_sign_imbalance,microstructure,buy,1,32251,0.020392732008309825,-0.19686659308419788
event_1000,12,12000,validation,abs_event_sign_imbalance,microstructure,buy,2,32157,0.0626146717666449,-0.10653308826356052
event_1000,12,12000,validation,abs_event_sign_imbalance,microstructure,buy,3,35235,0.11202877820349084,-0.6552064800151959
event_1000,12,12000,validation,abs_event_sign_imbalance,microstructure,buy,4,36428,0.1775513890413967,-0.4553997674632236
event_1000,12,12000,validation,abs_event_sign_imbalance,microstructure,buy,5,35807,0.3151738486888039,-0.04002601949427049
event_1000,12,12000,later_sandbox,abs_event_sign_imbalance,microstructure,buy,1,20916,0.020458405048766497,-0.09018640431494934
event_1000,12,12000,later_sandbox,abs_event_sign_imbalance,microstructure,buy,2,21696,0.06275801991150443,-0.6081142260138184
event_1000,12,12000,later_sandbox,abs_event_sign_imbalance,microstructure,buy,3,24414,0.11197714426148933,-0.2703717100568128
event_1000,12,12000,later_sandbox,abs_event_sign_imbalance,microstructure,buy,4,27101,0.17824670676358806,-0.28272803467559127
event_1000,12,12000,later_sandbox,abs_event_sign_imbalance,microstructure,buy,5,30072,0.3073117850492152,-0.44243157066521854
event_1000,12,12000,validation,aligned_pretrend_1000_events,pretrend,sell,1,20794,-22.732122151330053,-0.7207372758885843
event_1000,12,12000,validation,aligned_pretrend_1000_events,pretrend,sell,2,37061,-7.981945775703074,-0.37397508227345405
event_1000,12,12000,validation,aligned_pretrend_1000_events,pretrend,sell,3,46425,1.0955163269838297,-0.8812434514457608
event_1000,12,12000,validation,aligned_pretrend_1000_events,pretrend,sell,4,44804,9.977877445949082,-1.0241880697098809
event_1000,12,12000,validation,aligned_pretrend_1000_events,pretrend,sell,5,27229,25.289429111886278,-2.4832237352777664
event_1000,12,12000,later_sandbox,aligned_pretrend_1000_events,pretrend,sell,1,6105,-19.439590982274215,-0.20333882754706023
event_1000,12,12000,later_sandbox,aligned_pretrend_1000_events,pretrend,sell,2,28929,-7.429405145271283,-0.5519042355626569
event_1000,12,12000,later_sandbox,aligned_pretrend_1000_events,pretrend,sell,3,48896,1.1161072153236347,-0.5331885298232811
event_1000,12,12000,later_sandbox,aligned_pretrend_1000_events,pretrend,sell,4,34889,9.429561387140106,-0.5025751786197875
event_1000,12,12000,later_sandbox,aligned_pretrend_1000_events,pretrend,sell,5,8057,21.896632949101416,-1.9436076715077284
event_1000,12,12000,validation,aligned_pretrend_1000_events,pretrend,buy,1,20576,-22.57464187522003,-0.048146131034249535
event_1000,12,12000,validation,aligned_pretrend_1000_events,pretrend,buy,2,38305,-7.6589912652208385,0.2113958252454363
event_1000,12,12000,validation,aligned_pretrend_1000_events,pretrend,buy,3,45736,1.5450344197070498,-0.5239981752094335
event_1000,12,12000,validation,aligned_pretrend_1000_events,pretrend,buy,4,41197,10.509881230369373,-0.5451924590545443
event_1000,12,12000,validation,aligned_pretrend_1000_events,pretrend,buy,5,26064,26.212812639731254,-0.4437013413974782
event_1000,12,12000,later_sandbox,aligned_pretrend_1000_events,pretrend,buy,1,6186,-19.047935494715333,0.4438614830773289
event_1000,12,12000,later_sandbox,aligned_pretrend_1000_events,pretrend,buy,2,29981,-7.155429315703387,-0.006565880308759772
event_1000,12,12000,later_sandbox,aligned_pretrend_1000_events,pretrend,buy,3,48800,1.53992306221151,-0.445558400293335
event_1000,12,12000,later_sandbox,aligned_pretrend_1000_events,pretrend,buy,4,31774,10.010860680091332,-0.6233870499554223
event_1000,12,12000,later_sandbox,aligned_pretrend_1000_events,pretrend,buy,5,7458,22.56745637788444,-0.48886834104894816
event_1000,12,12000,validation,aligned_flow_persistence_1000_events,flow_persistence,sell,1,38126,-0.3418515999721657,-0.14131636629331512
event_1000,12,12000,validation,aligned_flow_persistence_1000_events,flow_persistence,sell,2,28585,-0.11131731390013007,-0.7471499091353658
event_1000,12,12000,validation,aligned_flow_persistence_1000_events,flow_persistence,sell,3,28199,0.017829079945659947,-0.496419607268054
event_1000,12,12000,validation,aligned_flow_persistence_1000_events,flow_persistence,sell,4,31863,0.14697806316457532,-1.062946871117461
event_1000,12,12000,validation,aligned_flow_persistence_1000_events,flow_persistence,sell,5,49540,0.38352513126180765,-2.1931717691116686
event_1000,12,12000,later_sandbox,aligned_flow_persistence_1000_events,flow_persistence,sell,1,29312,-0.355815924911284,-0.14867205284660598
event_1000,12,12000,later_sandbox,aligned_flow_persistence_1000_events,flow_persistence,sell,2,18515,-0.11281888690927261,-0.18624990616193002
event_1000,12,12000,later_sandbox,aligned_flow_persistence_1000_events,flow_persistence,sell,3,17804,0.01838435817306814,-0.6918737619957958
event_1000,12,12000,later_sandbox,aligned_flow_persistence_1000_events,flow_persistence,sell,4,20882,0.14745766948781627,-0.6898442325729867
event_1000,12,12000,later_sandbox,aligned_flow_persistence_1000_events,flow_persistence,sell,5,40363,0.401264431844628,-1.0391313825637216
event_1000,12,12000,validation,aligned_flow_persistence_1000_events,flow_persistence,buy,1,38816,-0.346493864827736,0.48377093318997033
event_1000,12,12000,validation,aligned_flow_persistence_1000_events,flow_persistence,buy,2,28873,-0.11118567197382452,-0.022380047549031057
event_1000,12,12000,validation,aligned_flow_persistence_1000_events,flow_persistence,buy,3,27558,0.02151918800484167,-0.4046060203899016
event_1000,12,12000,validation,aligned_flow_persistence_1000_events,flow_persistence,buy,4,30915,0.15286262337605044,-0.4590246427986417
event_1000,12,12000,validation,aligned_flow_persistence_1000_events,flow_persistence,buy,5,45716,0.3896687445429663,-0.9553468727176626
event_1000,12,12000,later_sandbox,aligned_flow_persistence_1000_events,flow_persistence,buy,1,29634,-0.36137318885865105,0.29336790532154305
event_1000,12,12000,later_sandbox,aligned_flow_persistence_1000_events,flow_persistence,buy,2,18559,-0.11131969596636633,0.13026509563202274
event_1000,12,12000,later_sandbox,aligned_flow_persistence_1000_events,flow_persistence,buy,3,17820,0.021546369829278426,-0.2286300849342278
event_1000,12,12000,later_sandbox,aligned_flow_persistence_1000_events,flow_persistence,buy,4,20757,0.15390878927139903,-0.41593215650046417
event_1000,12,12000,later_sandbox,aligned_flow_persistence_1000_events,flow_persistence,buy,5,37429,0.4028899678366262,-1.0967810307645727
event_1000,12,12000,validation,aligned_pretrend_4000_events,pretrend,sell,1,23185,-46.116224475722824,0.6161542290464204
event_1000,12,12000,validation,aligned_pretrend_4000_events,pretrend,sell,2,37148,-16.664175912483806,0.004029409285840503
event_1000,12,12000,validation,aligned_pretrend_4000_events,pretrend,sell,3,42598,0.7034368695526663,-0.936879889271649
event_1000,12,12000,validation,aligned_pretrend_4000_events,pretrend,sell,4,43771,17.375558393575837,-1.1548064971029222
event_1000,12,12000,validation,aligned_pretrend_4000_events,pretrend,sell,5,29611,47.37924790725537,-3.6216617346323625
event_1000,12,12000,later_sandbox,aligned_pretrend_4000_events,pretrend,sell,1,6890,-39.06808134358293,-0.21005445646126134
event_1000,12,12000,later_sandbox,aligned_pretrend_4000_events,pretrend,sell,2,30288,-15.708033520461973,0.2525876852196117
event_1000,12,12000,later_sandbox,aligned_pretrend_4000_events,pretrend,sell,3,44063,0.744948793945676,-0.5894744116364135
event_1000,12,12000,later_sandbox,aligned_pretrend_4000_events,pretrend,sell,4,36518,16.44777267495524,-1.0847195168547856
event_1000,12,12000,later_sandbox,aligned_pretrend_4000_events,pretrend,sell,5,9117,40.98674747737878,-1.8744655294158992
event_1000,12,12000,validation,aligned_pretrend_4000_events,pretrend,buy,1,23082,-44.91245430498512,0.8495047314498253
event_1000,12,12000,validation,aligned_pretrend_4000_events,pretrend,buy,2,38807,-15.569000677240714,-0.0856564798553086
event_1000,12,12000,validation,aligned_pretrend_4000_events,pretrend,buy,3,42479,2.0124509483005872,-0.17748371337470661
event_1000,12,12000,validation,aligned_pretrend_4000_events,pretrend,buy,4,40112,18.926757878342556,-0.8682511048711591
event_1000,12,12000,validation,aligned_pretrend_4000_events,pretrend,buy,5,27398,49.10149156226025,-0.9052201607384
event_1000,12,12000,later_sandbox,aligned_pretrend_4000_events,pretrend,buy,1,7142,-37.75795563522599,0.481710545954321
event_1000,12,12000,later_sandbox,aligned_pretrend_4000_events,pretrend,buy,2,32621,-14.710605218425272,0.11164543269153643
event_1000,12,12000,later_sandbox,aligned_pretrend_4000_events,pretrend,buy,3,43954,2.033923996463559,-0.3793345398461953
event_1000,12,12000,later_sandbox,aligned_pretrend_4000_events,pretrend,buy,4,32159,17.941892111845863,-0.7791038876668908
event_1000,12,12000,later_sandbox,aligned_pretrend_4000_events,pretrend,buy,5,8323,42.84405547408392,-0.9614015092537694
event_1000,12,12000,validation,aligned_flow_persistence_4000_events,flow_persistence,sell,1,43767,-0.2220268971581864,0.3583055974405964
event_1000,12,12000,validation,aligned_flow_persistence_4000_events,flow_persistence,sell,2,27189,-0.0669567078241683,-0.40390524334063904
event_1000,12,12000,validation,aligned_flow_persistence_4000_events,flow_persistence,sell,3,25187,0.009199447298312997,-0.6771149745933578
event_1000,12,12000,validation,aligned_flow_persistence_4000_events,flow_persistence,sell,4,28605,0.08416888713685428,-0.47090482900406916
event_1000,12,12000,validation,aligned_flow_persistence_4000_events,flow_persistence,sell,5,51565,0.2415698576956425,-3.0531853768785533
event_1000,12,12000,later_sandbox,aligned_flow_persistence_4000_events,flow_persistence,sell,1,35072,-0.23519352661193682,0.5055728032354919
event_1000,12,12000,later_sandbox,aligned_flow_persistence_4000_events,flow_persistence,sell,2,17702,-0.06749449834278087,-0.2437923130299756
event_1000,12,12000,later_sandbox,aligned_flow_persistence_4000_events,flow_persistence,sell,3,15804,0.008907462489433025,-0.7525264326379295
event_1000,12,12000,later_sandbox,aligned_flow_persistence_4000_events,flow_persistence,sell,4,17865,0.08436797797999594,-1.2347252493390881
event_1000,12,12000,later_sandbox,aligned_flow_persistence_4000_events,flow_persistence,sell,5,40433,0.2578316027006296,-1.3834428178016844
event_1000,12,12000,validation,aligned_flow_persistence_4000_events,flow_persistence,buy,1,45597,-0.22701911349260792,0.5689734433275513
event_1000,12,12000,validation,aligned_flow_persistence_4000_events,flow_persistence,buy,2,26790,-0.0690050117432985,-0.20724830883521597
event_1000,12,12000,validation,aligned_flow_persistence_4000_events,flow_persistence,buy,3,25098,0.007720102334664586,-0.2735302942925435
event_1000,12,12000,validation,aligned_flow_persistence_4000_events,flow_persistence,buy,4,28421,0.08522052053413981,0.007104709724870957
event_1000,12,12000,validation,aligned_flow_persistence_4000_events,flow_persistence,buy,5,45972,0.242012990392054,-1.4054599163841928
event_1000,12,12000,later_sandbox,aligned_flow_persistence_4000_events,flow_persistence,buy,1,36349,-0.2408887718892339,0.36215639251472814
event_1000,12,12000,later_sandbox,aligned_flow_persistence_4000_events,flow_persistence,buy,2,17390,-0.06937286344115164,0.311210531249951
event_1000,12,12000,later_sandbox,aligned_flow_persistence_4000_events,flow_persistence,buy,3,15418,0.007741503895057076,-0.226078596946837
event_1000,12,12000,later_sandbox,aligned_flow_persistence_4000_events,flow_persistence,buy,4,18086,0.08570204222582369,-0.24232904346222722
event_1000,12,12000,later_sandbox,aligned_flow_persistence_4000_events,flow_persistence,buy,5,36956,0.2567360135811527,-1.4437543465887077
event_1000,12,12000,validation,aligned_pretrend_12000_events,pretrend,sell,1,26098,-78.4037446634226,-0.2061167878928906
event_1000,12,12000,validation,aligned_pretrend_12000_events,pretrend,sell,2,39032,-28.285613504539672,0.28176351354029244
event_1000,12,12000,validation,aligned_pretrend_12000_events,pretrend,sell,3,40887,-0.03544154323698365,-0.25325037309807785
event_1000,12,12000,validation,aligned_pretrend_12000_events,pretrend,sell,4,41720,28.046433505936353,-0.9153054261877385
event_1000,12,12000,validation,aligned_pretrend_12000_events,pretrend,sell,5,28576,79.66713614084169,-4.911093826293233
event_1000,12,12000,later_sandbox,aligned_pretrend_12000_events,pretrend,sell,1,8394,-67.1681817791774,0.7389766051742789
event_1000,12,12000,later_sandbox,aligned_pretrend_12000_events,pretrend,sell,2,32786,-26.838927428165537,0.11526196435790352
event_1000,12,12000,later_sandbox,aligned_pretrend_12000_events,pretrend,sell,3,42242,-0.004484250846867632,-0.36374438266091097
event_1000,12,12000,later_sandbox,aligned_pretrend_12000_events,pretrend,sell,4,34764,26.448258148787545,-1.072767024598379
event_1000,12,12000,later_sandbox,aligned_pretrend_12000_events,pretrend,sell,5,8690,70.170453285255,-3.888974139813633
event_1000,12,12000,validation,aligned_pretrend_12000_events,pretrend,buy,1,25643,-76.68679374200654,1.005396295849629
event_1000,12,12000,validation,aligned_pretrend_12000_events,pretrend,buy,2,41318,-25.925184557171384,0.05645759255774239
event_1000,12,12000,validation,aligned_pretrend_12000_events,pretrend,buy,3,40077,2.7726412784908088,-0.48230336951464375
event_1000,12,12000,validation,aligned_pretrend_12000_events,pretrend,buy,4,38116,30.64301242169382,-0.7667678726877647
event_1000,12,12000,validation,aligned_pretrend_12000_events,pretrend,buy,5,26724,81.77856798006509,-1.1391385793195061
event_1000,12,12000,later_sandbox,aligned_pretrend_12000_events,pretrend,buy,1,8435,-64.04997257618761,0.656522658410102
event_1000,12,12000,later_sandbox,aligned_pretrend_12000_events,pretrend,buy,2,36584,-24.480851848591307,0.05767368220783886
event_1000,12,12000,later_sandbox,aligned_pretrend_12000_events,pretrend,buy,3,41124,2.6543439432583305,-0.27407800123296233
event_1000,12,12000,later_sandbox,aligned_pretrend_12000_events,pretrend,buy,4,29981,28.958384825652054,-0.9071373315485515
event_1000,12,12000,later_sandbox,aligned_pretrend_12000_events,pretrend,buy,5,8075,71.50991336500402,-1.464704547873844
event_1000,12,12000,validation,aligned_flow_persistence_12000_events,flow_persistence,sell,1,44398,-0.1514108384109531,-0.1572859652119932
event_1000,12,12000,validation,aligned_flow_persistence_12000_events,flow_persistence,sell,2,29390,-0.04424242714032617,-0.5021129791940726
event_1000,12,12000,validation,aligned_flow_persistence_12000_events,flow_persistence,sell,3,26030,0.00760629904636156,-0.18212925324907694
event_1000,12,12000,validation,aligned_flow_persistence_12000_events,flow_persistence,sell,4,28722,0.05846722977525159,-0.528446108663604
event_1000,12,12000,validation,aligned_flow_persistence_12000_events,flow_persistence,sell,5,47773,0.16637749797850587,-2.9640783224496596
event_1000,12,12000,later_sandbox,aligned_flow_persistence_12000_events,flow_persistence,sell,1,36142,-0.15990606638588872,0.596902905152733
event_1000,12,12000,later_sandbox,aligned_flow_persistence_12000_events,flow_persistence,sell,2,19954,-0.044308445900076564,-0.41476667289224267
event_1000,12,12000,later_sandbox,aligned_flow_persistence_12000_events,flow_persistence,sell,3,16855,0.007764762199737246,-0.6906804177843757
event_1000,12,12000,later_sandbox,aligned_flow_persistence_12000_events,flow_persistence,sell,4,18277,0.05848097972683236,-0.8597729899662223
event_1000,12,12000,later_sandbox,aligned_flow_persistence_12000_events,flow_persistence,sell,5,35648,0.17543807402045755,-1.7508337402092562
event_1000,12,12000,validation,aligned_flow_persistence_12000_events,flow_persistence,buy,1,48488,-0.15631867848289993,0.40991192827108175
event_1000,12,12000,validation,aligned_flow_persistence_12000_events,flow_persistence,buy,2,28967,-0.04637864079697846,-0.6143316522324764
event_1000,12,12000,validation,aligned_flow_persistence_12000_events,flow_persistence,buy,3,25688,0.005399415501818193,-0.15482177107098527
event_1000,12,12000,validation,aligned_flow_persistence_12000_events,flow_persistence,buy,4,28586,0.05824602236321341,-0.6872037739375756
event_1000,12,12000,validation,aligned_flow_persistence_12000_events,flow_persistence,buy,5,40149,0.16566309274037433,-0.7308435980000978
event_1000,12,12000,later_sandbox,aligned_flow_persistence_12000_events,flow_persistence,buy,1,38657,-0.1648981959520249,0.14574760971946796
event_1000,12,12000,later_sandbox,aligned_flow_persistence_12000_events,flow_persistence,buy,2,19354,-0.046957145532210434,0.05507529329949148
event_1000,12,12000,later_sandbox,aligned_flow_persistence_12000_events,flow_persistence,buy,3,16598,0.0054230811721938275,-0.07785606548637464
event_1000,12,12000,later_sandbox,aligned_flow_persistence_12000_events,flow_persistence,buy,4,18572,0.05850118020494857,-0.40646647127665664
event_1000,12,12000,later_sandbox,aligned_flow_persistence_12000_events,flow_persistence,buy,5,31018,0.17341188426290727,-1.3059125980499346
event_1000,12,12000,validation,expected_normalised_impact,fitted_impact,sell,1,94783,-0.002094964062353537,-0.09760537216493156
event_1000,12,12000,validation,expected_normalised_impact,fitted_impact,sell,2,42824,0.01259772944972583,-1.185657628741178
event_1000,12,12000,validation,expected_normalised_impact,fitted_impact,sell,3,21895,0.027455210856676144,-2.7468603645477114
event_1000,12,12000,validation,expected_normalised_impact,fitted_impact,sell,4,11601,0.04503106661841715,-3.75010648453907
event_1000,12,12000,validation,expected_normalised_impact,fitted_impact,sell,5,5210,0.07534310918296187,-3.759812810645323
event_1000,12,12000,later_sandbox,expected_normalised_impact,fitted_impact,sell,1,63958,-0.0016695327041623194,-0.3670949568949232
event_1000,12,12000,later_sandbox,expected_normalised_impact,fitted_impact,sell,2,35208,0.012624676032992192,-0.5623537657187229
event_1000,12,12000,later_sandbox,expected_normalised_impact,fitted_impact,sell,3,17135,0.027230244981074687,-0.9346089001648594
event_1000,12,12000,later_sandbox,expected_normalised_impact,fitted_impact,sell,4,7867,0.04479916460919075,-1.421327554200496
event_1000,12,12000,later_sandbox,expected_normalised_impact,fitted_impact,sell,5,2708,0.07209631411965216,-2.214949015317257
event_1000,12,12000,validation,expected_normalised_impact,fitted_impact,buy,1,93657,0.00013141506420043386,-0.04885652814400595
event_1000,12,12000,validation,expected_normalised_impact,fitted_impact,buy,2,40308,0.01388812558934931,-0.9693547549661432
event_1000,12,12000,validation,expected_normalised_impact,fitted_impact,buy,3,21050,0.027364905429067738,-0.6270352626092659
event_1000,12,12000,validation,expected_normalised_impact,fitted_impact,buy,4,11136,0.043573699360433676,0.03012970346214057
event_1000,12,12000,validation,expected_normalised_impact,fitted_impact,buy,5,5727,0.07314252180830723,0.9827888029268804
event_1000,12,12000,later_sandbox,expected_normalised_impact,fitted_impact,buy,1,62465,0.0005414204377042517,0.021902075263133453
event_1000,12,12000,later_sandbox,expected_normalised_impact,fitted_impact,buy,2,33686,0.013961037400297001,-0.6256551111407804
event_1000,12,12000,later_sandbox,expected_normalised_impact,fitted_impact,buy,3,17165,0.027266273708800005,-1.0017587576210882
event_1000,12,12000,later_sandbox,expected_normalised_impact,fitted_impact,buy,4,8063,0.0431576272275344,-1.0060277860692501
event_1000,12,12000,later_sandbox,expected_normalised_impact,fitted_impact,buy,5,2820,0.06902325732970933,0.8392345339918733
event_1000,12,12000,validation,impact_residual,fitted_impact,sell,1,9127,-0.044821455537012576,-1.9986941569818508
event_1000,12,12000,validation,impact_residual,fitted_impact,sell,2,27723,-0.015519107011186353,-2.49453312493055
event_1000,12,12000,validation,impact_residual,fitted_impact,sell,3,55193,0.001809307380487799,-0.9450806428407799
event_1000,12,12000,validation,impact_residual,fitted_impact,sell,4,62982,0.016767543866982808,-0.4778567701914807
event_1000,12,12000,validation,impact_residual,fitted_impact,sell,5,21288,0.039246631442417496,-0.6391307601352393
event_1000,12,12000,later_sandbox,impact_residual,fitted_impact,sell,1,5879,-0.042691899196363875,-1.9733892337823478
event_1000,12,12000,later_sandbox,impact_residual,fitted_impact,sell,2,22595,-0.015284556940139056,-0.47700774954299946
event_1000,12,12000,later_sandbox,impact_residual,fitted_impact,sell,3,43815,0.0015142178335090504,-0.685506299612138
event_1000,12,12000,later_sandbox,impact_residual,fitted_impact,sell,4,40789,0.016748151487233607,-0.5940707518568037
event_1000,12,12000,later_sandbox,impact_residual,fitted_impact,sell,5,13798,0.03842682817373684,0.012636315271336192
event_1000,12,12000,validation,impact_residual,fitted_impact,buy,1,9555,-0.04347125760665189,0.6962718221701343
event_1000,12,12000,validation,impact_residual,fitted_impact,buy,2,25735,-0.015313580014848002,-0.32922708167396286
event_1000,12,12000,validation,impact_residual,fitted_impact,buy,3,53100,0.0004886017698825881,-0.8453804664564574
event_1000,12,12000,validation,impact_residual,fitted_impact,buy,4,62514,0.015324735439664974,-0.07967053778788458
event_1000,12,12000,validation,impact_residual,fitted_impact,buy,5,20974,0.03870159174776443,0.03844591917548633
event_1000,12,12000,later_sandbox,impact_residual,fitted_impact,buy,1,6774,-0.039436625567735646,-0.7665365930176228
event_1000,12,12000,later_sandbox,impact_residual,fitted_impact,buy,2,22198,-0.015329516008612421,-0.6793245688410546
event_1000,12,12000,later_sandbox,impact_residual,fitted_impact,buy,3,40732,0.00024571477254343077,-0.5550583321406166
event_1000,12,12000,later_sandbox,impact_residual,fitted_impact,buy,4,41354,0.015153469563378093,-0.06172542803873507
event_1000,12,12000,later_sandbox,impact_residual,fitted_impact,buy,5,13141,0.03763933391631988,0.21197323839423146
event_1000,12,12000,validation,marginal_impact_bps_per_btc,fitted_impact,sell,1,7733,0.03311164721500031,-3.6172073396806326
event_1000,12,12000,validation,marginal_impact_bps_per_btc,fitted_impact,sell,2,20613,0.05742407583070993,-0.9059218016820214
event_1000,12,12000,validation,marginal_impact_bps_per_btc,fitted_impact,sell,3,37802,0.07782865967496762,-1.609363861799475
event_1000,12,12000,validation,marginal_impact_bps_per_btc,fitted_impact,sell,4,41431,0.11122308073726339,-0.605289783931804
event_1000,12,12000,validation,marginal_impact_bps_per_btc,fitted_impact,sell,5,68734,0.17645836716071506,-0.7376478284087757
event_1000,12,12000,later_sandbox,marginal_impact_bps_per_btc,fitted_impact,sell,1,7207,0.035047121882136906,-2.4162200160628986
event_1000,12,12000,later_sandbox,marginal_impact_bps_per_btc,fitted_impact,sell,2,23242,0.05715168231940718,-0.5074832446751847
event_1000,12,12000,later_sandbox,marginal_impact_bps_per_btc,fitted_impact,sell,3,36742,0.07858128365990491,-0.6143417807434906
event_1000,12,12000,later_sandbox,marginal_impact_bps_per_btc,fitted_impact,sell,4,35575,0.1092163672997351,-0.5822038851963596
event_1000,12,12000,later_sandbox,marginal_impact_bps_per_btc,fitted_impact,sell,5,24110,0.1566562361706571,-0.165057146029275
event_1000,12,12000,validation,marginal_impact_bps_per_btc,fitted_impact,buy,1,8608,0.03356789834065559,0.760152381533473
event_1000,12,12000,validation,marginal_impact_bps_per_btc,fitted_impact,buy,2,22703,0.05829766055981949,-0.32959807939942837
event_1000,12,12000,validation,marginal_impact_bps_per_btc,fitted_impact,buy,3,36013,0.07809511742278627,0.0233042563858234
event_1000,12,12000,validation,marginal_impact_bps_per_btc,fitted_impact,buy,4,40916,0.11158727550226841,-0.838253716223081
event_1000,12,12000,validation,marginal_impact_bps_per_btc,fitted_impact,buy,5,63638,0.17498596391995927,-0.25905021184262306
event_1000,12,12000,later_sandbox,marginal_impact_bps_per_btc,fitted_impact,buy,1,8080,0.03595623509347312,-0.9743613132203754
event_1000,12,12000,later_sandbox,marginal_impact_bps_per_btc,fitted_impact,buy,2,25557,0.057785731128175845,-0.31329744473912663
event_1000,12,12000,later_sandbox,marginal_impact_bps_per_btc,fitted_impact,buy,3,35751,0.07901790566120441,0.010993624295345478
event_1000,12,12000,later_sandbox,marginal_impact_bps_per_btc,fitted_impact,buy,4,33986,0.11005232547931192,-0.4742553292340584
event_1000,12,12000,later_sandbox,marginal_impact_bps_per_btc,fitted_impact,buy,5,20825,0.15583692746736613,-0.5302791792162137
event_1000,16,16000,validation,log_abs_signed_imbalance,imbalance,sell,1,69274,2.645048732730141,-0.19663525304644644
event_1000,16,16000,validation,log_abs_signed_imbalance,imbalance,sell,2,49089,4.09464729849979,-0.903058329342538
event_1000,16,16000,validation,log_abs_signed_imbalance,imbalance,sell,3,29568,4.720567471384428,-1.658686967468125
event_1000,16,16000,validation,log_abs_signed_imbalance,imbalance,sell,4,17785,5.231685591282769,-2.8896211465369506
event_1000,16,16000,validation,log_abs_signed_imbalance,imbalance,sell,5,10597,5.911193807793942,-5.111464355593968
event_1000,16,16000,later_sandbox,log_abs_signed_imbalance,imbalance,sell,1,54535,2.624435602648132,-0.5212315188037042
event_1000,16,16000,later_sandbox,log_abs_signed_imbalance,imbalance,sell,2,35565,4.092073862518648,-0.2697933454666734
event_1000,16,16000,later_sandbox,log_abs_signed_imbalance,imbalance,sell,3,20181,4.716769460283606,-1.0658827904633297
event_1000,16,16000,later_sandbox,log_abs_signed_imbalance,imbalance,sell,4,10839,5.225180376186681,-1.8371738205178954
event_1000,16,16000,later_sandbox,log_abs_signed_imbalance,imbalance,sell,5,5754,5.894320745930435,-3.0161495028191343
event_1000,16,16000,validation,log_abs_signed_imbalance,imbalance,buy,1,69825,2.6555071297320634,0.05039999837798258
event_1000,16,16000,validation,log_abs_signed_imbalance,imbalance,buy,2,47040,4.1027001476970995,-0.20550141998961163
event_1000,16,16000,validation,log_abs_signed_imbalance,imbalance,buy,3,28361,4.712509563759678,-0.6290515464010561
event_1000,16,16000,validation,log_abs_signed_imbalance,imbalance,buy,4,16846,5.211301325139808,-0.862912829162839
event_1000,16,16000,validation,log_abs_signed_imbalance,imbalance,buy,5,9806,5.877484160419277,0.24933284294251146
event_1000,16,16000,later_sandbox,log_abs_signed_imbalance,imbalance,buy,1,54390,2.6391742443065955,-0.15789535296286714
event_1000,16,16000,later_sandbox,log_abs_signed_imbalance,imbalance,buy,2,34345,4.098008138000921,-0.503478233062083
event_1000,16,16000,later_sandbox,log_abs_signed_imbalance,imbalance,buy,3,19434,4.7087731725485344,-0.5976680155673463
event_1000,16,16000,later_sandbox,log_abs_signed_imbalance,imbalance,buy,4,10570,5.205168753260008,-0.9845793441115295
event_1000,16,16000,later_sandbox,log_abs_signed_imbalance,imbalance,buy,5,5458,5.875952542906882,-0.6750935630530428
event_1000,16,16000,validation,absolute_imbalance_ratio,imbalance,sell,1,27417,0.030409105219595424,-0.1261507110633868
event_1000,16,16000,validation,absolute_imbalance_ratio,imbalance,sell,2,28644,0.09299382882405657,-0.5641956436737101
event_1000,16,16000,validation,absolute_imbalance_ratio,imbalance,sell,3,31992,0.16459940412186888,-0.4877231907745868
event_1000,16,16000,validation,absolute_imbalance_ratio,imbalance,sell,4,36159,0.2567063303400835,-1.0396279724150221
event_1000,16,16000,validation,absolute_imbalance_ratio,imbalance,sell,5,52101,0.44521232248910747,-2.682087766716413
event_1000,16,16000,later_sandbox,absolute_imbalance_ratio,imbalance,sell,1,17478,0.03020101262997914,-0.38659586736433804
event_1000,16,16000,later_sandbox,absolute_imbalance_ratio,imbalance,sell,2,18605,0.09287684943896228,-0.7072332911762561
event_1000,16,16000,later_sandbox,absolute_imbalance_ratio,imbalance,sell,3,20773,0.16498690256352472,-0.32149315749415946
event_1000,16,16000,later_sandbox,absolute_imbalance_ratio,imbalance,sell,4,25587,0.25722747669579826,-0.8079797351437349
event_1000,16,16000,later_sandbox,absolute_imbalance_ratio,imbalance,sell,5,44431,0.4582490248159962,-1.1148081359357298
event_1000,16,16000,validation,absolute_imbalance_ratio,imbalance,buy,1,27883,0.03084415258985615,0.35720619827304956
event_1000,16,16000,validation,absolute_imbalance_ratio,imbalance,buy,2,28486,0.0942093179901182,0.5563373197607953
event_1000,16,16000,validation,absolute_imbalance_ratio,imbalance,buy,3,30913,0.16574118513900793,-0.47527865695097127
event_1000,16,16000,validation,absolute_imbalance_ratio,imbalance,buy,4,35146,0.25741085224602195,0.29819373653527165
event_1000,16,16000,validation,absolute_imbalance_ratio,imbalance,buy,5,49450,0.44550773816894185,-1.1663426236264656
event_1000,16,16000,later_sandbox,absolute_imbalance_ratio,imbalance,buy,1,17557,0.030551006554661694,0.05988004271250041
event_1000,16,16000,later_sandbox,absolute_imbalance_ratio,imbalance,buy,2,18322,0.0942755124572443,-0.17138885300380272
event_1000,16,16000,later_sandbox,absolute_imbalance_ratio,imbalance,buy,3,21065,0.16592060046028992,-0.04789853342645786
event_1000,16,16000,later_sandbox,absolute_imbalance_ratio,imbalance,buy,4,25097,0.25841257361508674,-0.4625043374503263
event_1000,16,16000,later_sandbox,absolute_imbalance_ratio,imbalance,buy,5,42156,0.45499602436808434,-0.8748767931647756
event_1000,16,16000,validation,normalised_imbalance,imbalance,sell,1,94783,0.000058176065472850896,-0.23575341232571712
event_1000,16,16000,validation,normalised_imbalance,imbalance,sell,2,42824,0.00020691927663716073,-1.3939679781037613
event_1000,16,16000,validation,normalised_imbalance,imbalance,sell,3,21895,0.0004072191652651089,-2.560540883944254
event_1000,16,16000,validation,normalised_imbalance,imbalance,sell,4,11601,0.0007332405211711627,-4.316210768442903
event_1000,16,16000,validation,normalised_imbalance,imbalance,sell,5,5210,0.001758632735193477,-4.6790773160599555
event_1000,16,16000,later_sandbox,normalised_imbalance,imbalance,sell,1,63958,0.00006194874229662102,-0.5041978531966006
event_1000,16,16000,later_sandbox,normalised_imbalance,imbalance,sell,2,35206,0.00020723212356009535,-0.6780919956368227
event_1000,16,16000,later_sandbox,normalised_imbalance,imbalance,sell,3,17135,0.00040369461515389496,-1.1888669439368666
event_1000,16,16000,later_sandbox,normalised_imbalance,imbalance,sell,4,7867,0.0007281546136788672,-1.5727328907996965
event_1000,16,16000,later_sandbox,normalised_imbalance,imbalance,sell,5,2708,0.0015583527297171307,-2.930160729032458
event_1000,16,16000,validation,normalised_imbalance,imbalance,buy,1,93657,0.000057591899200221374,0.004421735629561754
event_1000,16,16000,validation,normalised_imbalance,imbalance,buy,2,40308,0.00019929231271765535,-1.0230499687392476
event_1000,16,16000,validation,normalised_imbalance,imbalance,buy,3,21050,0.00038146936623572014,-0.4408492683128768
event_1000,16,16000,validation,normalised_imbalance,imbalance,buy,4,11136,0.0006774520686404731,0.443647665476265
event_1000,16,16000,validation,normalised_imbalance,imbalance,buy,5,5727,0.0016774427184179407,1.5859226230302281
event_1000,16,16000,later_sandbox,normalised_imbalance,imbalance,buy,1,62464,0.0000613191736099168,-0.035789849453271835
event_1000,16,16000,later_sandbox,normalised_imbalance,imbalance,buy,2,33686,0.00020015457346253822,-0.6727127518413195
event_1000,16,16000,later_sandbox,normalised_imbalance,imbalance,buy,3,17164,0.0003799129602374804,-1.2960018150786843
event_1000,16,16000,later_sandbox,normalised_imbalance,imbalance,buy,4,8063,0.0006686481203478448,-0.9442337244597242
event_1000,16,16000,later_sandbox,normalised_imbalance,imbalance,buy,5,2820,0.0014338814415666495,1.1233609496451735
event_1000,16,16000,validation,log_gross_volume,volume,sell,1,159273,5.586566534855659,-0.9804469987233569
event_1000,16,16000,validation,log_gross_volume,volume,sell,2,7018,6.44365724364285,-2.4256091279440906
event_1000,16,16000,validation,log_gross_volume,volume,sell,3,4234,6.621948694189324,-3.0882954091343713
event_1000,16,16000,validation,log_gross_volume,volume,sell,4,3006,6.789773698686568,-3.499889738530448
event_1000,16,16000,validation,log_gross_volume,volume,sell,5,2782,7.094516504498727,-5.670713862777681
event_1000,16,16000,later_sandbox,log_gross_volume,volume,sell,1,122836,5.433270655169646,-0.6522726298838659
event_1000,16,16000,later_sandbox,log_gross_volume,volume,sell,2,2175,6.441198774844202,-4.9462532727997575
event_1000,16,16000,later_sandbox,log_gross_volume,volume,sell,3,931,6.617386051928403,-5.168669327701464
event_1000,16,16000,later_sandbox,log_gross_volume,volume,sell,4,555,6.786360634117681,-0.016034924500681443
event_1000,16,16000,later_sandbox,log_gross_volume,volume,sell,5,377,7.065001432868505,-2.9114082856644603
event_1000,16,16000,validation,log_gross_volume,volume,buy,1,155312,5.575718396095945,-0.36577046243387307
event_1000,16,16000,validation,log_gross_volume,volume,buy,2,6685,6.4259498320261415,1.035920387187683
event_1000,16,16000,validation,log_gross_volume,volume,buy,3,4156,6.605979413655882,1.4715978747835599
event_1000,16,16000,validation,log_gross_volume,volume,buy,4,3100,6.773404318955214,1.392229264077075
event_1000,16,16000,validation,log_gross_volume,volume,buy,5,2625,7.059384642345698,1.28446983150805
event_1000,16,16000,later_sandbox,log_gross_volume,volume,buy,1,120237,5.436674675703583,-0.4308317301013101
event_1000,16,16000,later_sandbox,log_gross_volume,volume,buy,2,2120,6.420246092738875,0.188840691089338
event_1000,16,16000,later_sandbox,log_gross_volume,volume,buy,3,916,6.602687848444773,-3.205144233719377
event_1000,16,16000,later_sandbox,log_gross_volume,volume,buy,4,518,6.775089329986952,1.0749573347286572
event_1000,16,16000,later_sandbox,log_gross_volume,volume,buy,5,406,7.063572431795721,5.403999937619599
event_1000,16,16000,validation,bar_volume_fraction_24h,volume,sell,1,154640,0.0006476012946927784,-0.8859291294917785
event_1000,16,16000,validation,bar_volume_fraction_24h,volume,sell,2,11628,0.001831356585797252,-3.2515837304828703
event_1000,16,16000,validation,bar_volume_fraction_24h,volume,sell,3,5594,0.0026733413129430977,-3.8134922926471555
event_1000,16,16000,validation,bar_volume_fraction_24h,volume,sell,4,3044,0.004025498325423902,-3.8739699395758143
event_1000,16,16000,validation,bar_volume_fraction_24h,volume,sell,5,1407,0.00706997597387348,-3.283269642019485
event_1000,16,16000,later_sandbox,bar_volume_fraction_24h,volume,sell,1,119773,0.00067181099936535,-0.6469692977485003
event_1000,16,16000,later_sandbox,bar_volume_fraction_24h,volume,sell,2,5266,0.0018034031580881913,-2.837882186898778
event_1000,16,16000,later_sandbox,bar_volume_fraction_24h,volume,sell,3,1480,0.0026290220983101148,-3.005405439459828
event_1000,16,16000,later_sandbox,bar_volume_fraction_24h,volume,sell,4,321,0.003835488075036888,-0.7625357349104154
event_1000,16,16000,later_sandbox,bar_volume_fraction_24h,volume,sell,5,34,0.00640883474454651,9.6271245032185
event_1000,16,16000,validation,bar_volume_fraction_24h,volume,buy,1,148298,0.0006186896893403927,-0.5122906081247042
event_1000,16,16000,validation,bar_volume_fraction_24h,volume,buy,2,12063,0.0016960475887393362,1.1803542663365203
event_1000,16,16000,validation,bar_volume_fraction_24h,volume,buy,3,6049,0.0024797150587971667,3.256078737576668
event_1000,16,16000,validation,bar_volume_fraction_24h,volume,buy,4,3826,0.003737409611033772,1.0490268392781745
event_1000,16,16000,validation,bar_volume_fraction_24h,volume,buy,5,1642,0.0068324570331950545,1.1837104987505436
event_1000,16,16000,later_sandbox,bar_volume_fraction_24h,volume,buy,1,116067,0.0006595594624287413,-0.46858131744988724
event_1000,16,16000,later_sandbox,bar_volume_fraction_24h,volume,buy,2,6040,0.0016698831892605313,-0.44432026483886605
event_1000,16,16000,later_sandbox,bar_volume_fraction_24h,volume,buy,3,1634,0.002421760595830557,2.656895764023913
event_1000,16,16000,later_sandbox,bar_volume_fraction_24h,volume,buy,4,413,0.0035721281118319985,2.180561137261709
event_1000,16,16000,later_sandbox,bar_volume_fraction_24h,volume,buy,5,43,0.0058713477617582934,5.6267449505322125
event_1000,16,16000,validation,log_duration,activity,sell,1,119875,3.377976416879845,-1.2716586186063539
event_1000,16,16000,validation,log_duration,activity,sell,2,38560,4.680916591499661,-0.44736891505692944
event_1000,16,16000,validation,log_duration,activity,sell,3,11643,5.303239608654019,-2.8324628371836043
event_1000,16,16000,validation,log_duration,activity,sell,4,5388,5.848298803421471,-1.6925464341098353
event_1000,16,16000,validation,log_duration,activity,sell,5,847,6.314835219714519,-0.9039783940702282
event_1000,16,16000,later_sandbox,log_duration,activity,sell,1,86079,3.5038272504110277,-1.2044032189829752
event_1000,16,16000,later_sandbox,log_duration,activity,sell,2,37571,4.634164974212784,0.08416698632700417
event_1000,16,16000,later_sandbox,log_duration,activity,sell,3,3186,5.228670463724699,1.2413713203311276
event_1000,16,16000,later_sandbox,log_duration,activity,sell,4,38,5.668603949925729,-6.384612280757791
event_1000,16,16000,later_sandbox,log_duration,activity,sell,5,0,NaN,NaN
event_1000,16,16000,validation,log_duration,activity,buy,1,120015,3.3857109254395277,-0.6059788222884672
event_1000,16,16000,validation,log_duration,activity,buy,2,33802,4.679897436526526,-0.0510991071740308
event_1000,16,16000,validation,log_duration,activity,buy,3,10563,5.250137729337072,2.623565018923523
event_1000,16,16000,validation,log_duration,activity,buy,4,5852,5.771157891529856,1.311696096444066
event_1000,16,16000,validation,log_duration,activity,buy,5,1646,6.262011049604988,1.8136257880529632
event_1000,16,16000,later_sandbox,log_duration,activity,buy,1,85913,3.5155968249661718,-0.32410308488353806
event_1000,16,16000,later_sandbox,log_duration,activity,buy,2,34695,4.637861994886537,-0.4609511864928167
event_1000,16,16000,later_sandbox,log_duration,activity,buy,3,3480,5.1982628619706395,-2.3121470594925526
event_1000,16,16000,later_sandbox,log_duration,activity,buy,4,109,5.603099130013362,2.724851402715567
event_1000,16,16000,later_sandbox,log_duration,activity,buy,5,0,NaN,NaN
event_1000,16,16000,validation,relative_flow_rate,activity,sell,1,36143,0.39463473976116564,-1.1093647330722176
event_1000,16,16000,validation,relative_flow_rate,activity,sell,2,35602,0.6770914390267057,-0.08282310683726017
event_1000,16,16000,validation,relative_flow_rate,activity,sell,3,39005,1.0825042840315415,0.5289797366552299
event_1000,16,16000,validation,relative_flow_rate,activity,sell,4,38039,2.032789393358225,-0.8856573893818384
event_1000,16,16000,validation,relative_flow_rate,activity,sell,5,27524,9.115436839541617,-5.684238932081604
event_1000,16,16000,later_sandbox,relative_flow_rate,activity,sell,1,32218,0.37580725597340475,-0.3815511940000205
event_1000,16,16000,later_sandbox,relative_flow_rate,activity,sell,2,24028,0.6732529653421034,-0.023166926914942626
event_1000,16,16000,later_sandbox,relative_flow_rate,activity,sell,3,24353,1.0794377092629408,-0.06499688494179898
event_1000,16,16000,later_sandbox,relative_flow_rate,activity,sell,4,24680,2.044707546991392,-1.1437042523298584
event_1000,16,16000,later_sandbox,relative_flow_rate,activity,sell,5,21595,11.158331285754386,-2.507072549615375
event_1000,16,16000,validation,relative_flow_rate,activity,buy,1,33667,0.3898059426366155,1.4640418665753803
event_1000,16,16000,validation,relative_flow_rate,activity,buy,2,34051,0.6648447251331462,-0.7134266309331692
event_1000,16,16000,validation,relative_flow_rate,activity,buy,3,36504,1.04910847490776,-0.9824361282849978
event_1000,16,16000,validation,relative_flow_rate,activity,buy,4,39020,1.9418357535748787,-1.6201601108116312
event_1000,16,16000,validation,relative_flow_rate,activity,buy,5,28636,7.916593977543724,1.3271643790845595
event_1000,16,16000,later_sandbox,relative_flow_rate,activity,buy,1,30630,0.3721610845442538,-0.19239302880908857
event_1000,16,16000,later_sandbox,relative_flow_rate,activity,buy,2,23007,0.6614250785458253,-0.7398536453436927
event_1000,16,16000,later_sandbox,relative_flow_rate,activity,buy,3,23252,1.0479443207266117,-0.5418566320044587
event_1000,16,16000,later_sandbox,relative_flow_rate,activity,buy,4,24735,1.9438395097779508,-0.8347672052337988
event_1000,16,16000,later_sandbox,relative_flow_rate,activity,buy,5,22573,9.9925924045525,0.20269329768150626
event_1000,16,16000,validation,normalised_range,volatility,sell,1,125805,0.029995793569949556,-0.7274300413677108
event_1000,16,16000,validation,normalised_range,volatility,sell,2,28145,0.055716210091400147,-1.9352567328957446
event_1000,16,16000,validation,normalised_range,volatility,sell,3,13154,0.07348551114644195,-2.202559455169157
event_1000,16,16000,validation,normalised_range,volatility,sell,4,6178,0.09673026914421602,-2.9572154608881664
event_1000,16,16000,validation,normalised_range,volatility,sell,5,3031,0.15685446362059208,-6.37737237804159
event_1000,16,16000,later_sandbox,normalised_range,volatility,sell,1,97615,0.03041035528372142,-0.6674913971309955
event_1000,16,16000,later_sandbox,normalised_range,volatility,sell,2,19079,0.05548704650266278,-0.5930899739212799
event_1000,16,16000,later_sandbox,normalised_range,volatility,sell,3,6970,0.07309232223810111,0.1211203664532881
event_1000,16,16000,later_sandbox,normalised_range,volatility,sell,4,2282,0.0958135473875204,-3.9660148304465013
event_1000,16,16000,later_sandbox,normalised_range,volatility,sell,5,928,0.1816571806417687,-13.060581736370413
event_1000,16,16000,validation,normalised_range,volatility,buy,1,115779,0.02888058584903695,-0.6206961384519301
event_1000,16,16000,validation,normalised_range,volatility,buy,2,30111,0.052429790871192455,-0.06626594045562571
event_1000,16,16000,validation,normalised_range,volatility,buy,3,15290,0.06933396764806861,0.34902441251485167
event_1000,16,16000,validation,normalised_range,volatility,buy,4,7488,0.09182411575927868,2.016107338728781
event_1000,16,16000,validation,normalised_range,volatility,buy,5,3210,0.15123118275172528,5.403709485327165
event_1000,16,16000,later_sandbox,normalised_range,volatility,buy,1,89277,0.029546666720357558,-0.38090226750256
event_1000,16,16000,later_sandbox,normalised_range,volatility,buy,2,21803,0.05219188624726741,-0.9625033936693241
event_1000,16,16000,later_sandbox,normalised_range,volatility,buy,3,9006,0.0689490790919325,-0.7084047745536026
event_1000,16,16000,later_sandbox,normalised_range,volatility,buy,4,3124,0.09073521029538666,0.6078758923437139
event_1000,16,16000,later_sandbox,normalised_range,volatility,buy,5,987,0.17061030248089593,7.989391721216361
event_1000,16,16000,validation,log_trailing_volatility,volatility,sell,1,5826,5.196519486241489,-2.6830783379448158
event_1000,16,16000,validation,log_trailing_volatility,volatility,sell,2,9523,5.567578978986412,-2.1068618898566474
event_1000,16,16000,validation,log_trailing_volatility,volatility,sell,3,18048,5.810716601885946,-1.1243988226957464
event_1000,16,16000,validation,log_trailing_volatility,volatility,sell,4,61500,6.092904012866309,-1.3449738839845904
event_1000,16,16000,validation,log_trailing_volatility,volatility,sell,5,81416,6.647950666820659,-0.9070673206628347
event_1000,16,16000,later_sandbox,log_trailing_volatility,volatility,sell,1,1993,5.371370214241375,-6.132668777211279
event_1000,16,16000,later_sandbox,log_trailing_volatility,volatility,sell,2,31632,5.577341754401825,0.6683016559407574
event_1000,16,16000,later_sandbox,log_trailing_volatility,volatility,sell,3,45890,5.800701311309805,-1.3164713327461268
event_1000,16,16000,later_sandbox,log_trailing_volatility,volatility,sell,4,39208,6.064769566002388,-1.056176694685092
event_1000,16,16000,later_sandbox,log_trailing_volatility,volatility,sell,5,8151,6.658403727908558,-0.4776170882640878
event_1000,16,16000,validation,log_trailing_volatility,volatility,buy,1,7340,5.20896373053783,2.693657841803263
event_1000,16,16000,validation,log_trailing_volatility,volatility,buy,2,10417,5.60212620279266,0.977435597804398
event_1000,16,16000,validation,log_trailing_volatility,volatility,buy,3,20154,5.851377696096315,0.21856395292864902
event_1000,16,16000,validation,log_trailing_volatility,volatility,buy,4,69136,6.154625451130139,-0.6833253063531528
event_1000,16,16000,validation,log_trailing_volatility,volatility,buy,5,64831,6.727299201956709,-0.3577881597952949
event_1000,16,16000,later_sandbox,log_trailing_volatility,volatility,buy,1,3056,5.398784167095063,0.3688509094255409
event_1000,16,16000,later_sandbox,log_trailing_volatility,volatility,buy,2,35858,5.6050724035581805,-1.216480648717605
event_1000,16,16000,later_sandbox,log_trailing_volatility,volatility,buy,3,44020,5.829096577498984,-0.14803049095709647
event_1000,16,16000,later_sandbox,log_trailing_volatility,volatility,buy,4,34787,6.09443583039245,-0.16794179186995523
event_1000,16,16000,later_sandbox,log_trailing_volatility,volatility,buy,5,6476,6.735666991840033,0.5042024918340334
event_1000,16,16000,validation,return_efficiency,impact,sell,1,32457,-0.3549110176654503,-0.9568014607103122
event_1000,16,16000,validation,return_efficiency,impact,sell,2,33525,0.1356343170671628,-1.2923610086104695
event_1000,16,16000,validation,return_efficiency,impact,sell,3,33139,0.41930351484286893,-0.8272077715084742
event_1000,16,16000,validation,return_efficiency,impact,sell,4,35093,0.6324498186287517,-1.191439794734149
event_1000,16,16000,validation,return_efficiency,impact,sell,5,42099,0.8547170472900967,-1.6377765288856365
event_1000,16,16000,later_sandbox,return_efficiency,impact,sell,1,23922,-0.36642419814797433,-0.5055009734114813
event_1000,16,16000,later_sandbox,return_efficiency,impact,sell,2,23573,0.1327993691272486,-1.125858292522744
event_1000,16,16000,later_sandbox,return_efficiency,impact,sell,3,22926,0.4200055244481992,-0.628297922083991
event_1000,16,16000,later_sandbox,return_efficiency,impact,sell,4,24795,0.6328224435019526,-0.8940713305817987
event_1000,16,16000,later_sandbox,return_efficiency,impact,sell,5,31658,0.858436847452371,-0.6820988206638477
event_1000,16,16000,validation,return_efficiency,impact,buy,1,32387,-0.3449315803180563,0.062109677601044896
event_1000,16,16000,validation,return_efficiency,impact,buy,2,32544,0.15109047643261816,-0.14370692075039368
event_1000,16,16000,validation,return_efficiency,impact,buy,3,31691,0.43451030781158223,-0.2330963966904901
event_1000,16,16000,validation,return_efficiency,impact,buy,4,34158,0.6437719383160917,-0.36644671670487045
event_1000,16,16000,validation,return_efficiency,impact,buy,5,41098,0.8629441726729806,-0.32873650109671826
event_1000,16,16000,later_sandbox,return_efficiency,impact,buy,1,23990,-0.3544141928170034,-0.6013208973682014
event_1000,16,16000,later_sandbox,return_efficiency,impact,buy,2,23041,0.15070536237142837,-0.3796648669170383
event_1000,16,16000,later_sandbox,return_efficiency,impact,buy,3,22331,0.4343004490482122,0.026755603293135047
event_1000,16,16000,later_sandbox,return_efficiency,impact,buy,4,24568,0.6437278896523105,-0.7338212500738287
event_1000,16,16000,later_sandbox,return_efficiency,impact,buy,5,30267,0.8642849420026032,-0.3628389034239372
event_1000,16,16000,validation,normalised_signed_impact,impact,sell,1,30157,-0.014525194709126669,-1.0215693295615162
event_1000,16,16000,validation,normalised_signed_impact,impact,sell,2,71845,0.008356561919139128,-0.9186476569555119
event_1000,16,16000,validation,normalised_signed_impact,impact,sell,3,46413,0.026636844989853744,-0.8964053492553228
event_1000,16,16000,validation,normalised_signed_impact,impact,sell,4,21261,0.04797062504961918,-2.0583810986079225
event_1000,16,16000,validation,normalised_signed_impact,impact,sell,5,6637,0.08897513990692904,-4.577111311146016
event_1000,16,16000,later_sandbox,normalised_signed_impact,impact,sell,1,22079,-0.013718263023665965,-0.550119987645158
event_1000,16,16000,later_sandbox,normalised_signed_impact,impact,sell,2,51436,0.008243030804814502,-0.7364179307309663
event_1000,16,16000,later_sandbox,normalised_signed_impact,impact,sell,3,35057,0.026694027584107757,-0.8785159401846259
event_1000,16,16000,later_sandbox,normalised_signed_impact,impact,sell,4,15232,0.04742237568230465,-0.4590758919157341
event_1000,16,16000,later_sandbox,normalised_signed_impact,impact,sell,5,3070,0.08339232209753764,-2.926359573494836
event_1000,16,16000,validation,normalised_signed_impact,impact,buy,1,30850,-0.013298421779509496,0.09578749426326755
event_1000,16,16000,validation,normalised_signed_impact,impact,buy,2,66501,0.008574272972950443,-0.39833678852056875
event_1000,16,16000,validation,normalised_signed_impact,impact,buy,3,44790,0.02653915285303409,-0.37050410977721154
event_1000,16,16000,validation,normalised_signed_impact,impact,buy,4,22749,0.04752704461122258,0.08702928927571929
event_1000,16,16000,validation,normalised_signed_impact,impact,buy,5,6988,0.08710110159053588,0.2962207886863954
event_1000,16,16000,later_sandbox,normalised_signed_impact,impact,buy,1,22934,-0.013035848826329176,-0.6780248848511207
event_1000,16,16000,later_sandbox,normalised_signed_impact,impact,buy,2,48300,0.008669310623799284,-0.4710334565595511
event_1000,16,16000,later_sandbox,normalised_signed_impact,impact,buy,3,33788,0.026503886377592774,-0.21214802066034236
event_1000,16,16000,later_sandbox,normalised_signed_impact,impact,buy,4,15741,0.0469343484409586,-0.6676298213342196
event_1000,16,16000,later_sandbox,normalised_signed_impact,impact,buy,5,3434,0.08283183734753584,1.278778185669703
event_1000,16,16000,validation,fills_per_event,microstructure,sell,1,697,1.536878048780488,-0.6278152633736832
event_1000,16,16000,validation,fills_per_event,microstructure,sell,2,2859,1.8400451206715633,0.1986820804151186
event_1000,16,16000,validation,fills_per_event,microstructure,sell,3,13954,2.0405656442597104,-1.099132707576345
event_1000,16,16000,validation,fills_per_event,microstructure,sell,4,40249,2.2835050808715747,-0.20900949969807994
event_1000,16,16000,validation,fills_per_event,microstructure,sell,5,118554,2.9085904397995845,-1.59366044709237
event_1000,16,16000,later_sandbox,fills_per_event,microstructure,sell,1,229,1.627943231441048,-0.021035932267995466
event_1000,16,16000,later_sandbox,fills_per_event,microstructure,sell,2,3263,1.8441118602513022,0.6387891133356877
event_1000,16,16000,later_sandbox,fills_per_event,microstructure,sell,3,15839,2.0405148052276028,0.08968193369317663
event_1000,16,16000,later_sandbox,fills_per_event,microstructure,sell,4,38878,2.27614542929163,-0.29802636790978587
event_1000,16,16000,later_sandbox,fills_per_event,microstructure,sell,5,68665,2.949230525012743,-1.2919616653044785
event_1000,16,16000,validation,fills_per_event,microstructure,buy,1,655,1.5038030534351146,5.34379247569973
event_1000,16,16000,validation,fills_per_event,microstructure,buy,2,2065,1.8068246973365616,1.5393286142427272
event_1000,16,16000,validation,fills_per_event,microstructure,buy,3,12276,2.008794395568589,-0.08788164323550389
event_1000,16,16000,validation,fills_per_event,microstructure,buy,4,39975,2.253392045028143,0.29313006199786545
event_1000,16,16000,validation,fills_per_event,microstructure,buy,5,116907,2.8699144105998786,-0.45675405506284616
event_1000,16,16000,later_sandbox,fills_per_event,microstructure,buy,1,194,1.5872113402061854,2.5946285827698135
event_1000,16,16000,later_sandbox,fills_per_event,microstructure,buy,2,2210,1.8122778280542986,-0.4603327279147792
event_1000,16,16000,later_sandbox,fills_per_event,microstructure,buy,3,13521,2.0080283263072256,-0.05936292543689598
event_1000,16,16000,later_sandbox,fills_per_event,microstructure,buy,4,38758,2.2476196140151714,-0.29509706617495046
event_1000,16,16000,later_sandbox,fills_per_event,microstructure,buy,5,69514,2.9048828869004804,-0.5586304502953425
event_1000,16,16000,validation,price_levels_per_event,microstructure,sell,1,16817,1.3287849794850448,-0.5131150785402119
event_1000,16,16000,validation,price_levels_per_event,microstructure,sell,2,21976,1.4942532763014198,-0.25395053837805787
event_1000,16,16000,validation,price_levels_per_event,microstructure,sell,3,25525,1.6173906758080312,-0.21971361816375157
event_1000,16,16000,validation,price_levels_per_event,microstructure,sell,4,30954,1.7514572914647544,0.07386020920640632
event_1000,16,16000,validation,price_levels_per_event,microstructure,sell,5,81041,2.1325167631199022,-2.406464659555783
event_1000,16,16000,later_sandbox,price_levels_per_event,microstructure,sell,1,30448,1.3205265698896478,0.2666997688093279
event_1000,16,16000,later_sandbox,price_levels_per_event,microstructure,sell,2,23800,1.4902734033613445,-0.40757431820644685
event_1000,16,16000,later_sandbox,price_levels_per_event,microstructure,sell,3,20118,1.6145722238791131,-0.12458889319179668
event_1000,16,16000,later_sandbox,price_levels_per_event,microstructure,sell,4,18490,1.7476743645213628,-0.47868562080625754
event_1000,16,16000,later_sandbox,price_levels_per_event,microstructure,sell,5,34018,2.134408460226939,-2.4652249511755593
event_1000,16,16000,validation,price_levels_per_event,microstructure,buy,1,16320,1.3195069240196078,1.0553523949549233
event_1000,16,16000,validation,price_levels_per_event,microstructure,buy,2,22073,1.4859106147782357,-0.017712126120156033
event_1000,16,16000,validation,price_levels_per_event,microstructure,buy,3,24673,1.6105048433510316,0.3644600062433477
event_1000,16,16000,validation,price_levels_per_event,microstructure,buy,4,31062,1.7466896529521603,-0.14404190371872957
event_1000,16,16000,validation,price_levels_per_event,microstructure,buy,5,77750,2.1256518971061094,-0.7386532852189974
event_1000,16,16000,later_sandbox,price_levels_per_event,microstructure,buy,1,28449,1.3141915357306055,-0.3329568242342998
event_1000,16,16000,later_sandbox,price_levels_per_event,microstructure,buy,2,24095,1.4815201909109774,-0.4184524870304508
event_1000,16,16000,later_sandbox,price_levels_per_event,microstructure,buy,3,19679,1.6071476701051883,-0.812904367254588
event_1000,16,16000,later_sandbox,price_levels_per_event,microstructure,buy,4,18704,1.7435124037639007,-0.36022237548229236
event_1000,16,16000,later_sandbox,price_levels_per_event,microstructure,buy,5,33270,2.131687225728885,-0.2794405467160089
event_1000,16,16000,validation,abs_event_sign_imbalance,microstructure,sell,1,32092,0.018377103327932198,-0.9155013314356277
event_1000,16,16000,validation,abs_event_sign_imbalance,microstructure,sell,2,32785,0.05642989171877384,-1.4383663536047882
event_1000,16,16000,validation,abs_event_sign_imbalance,microstructure,sell,3,34157,0.10015733231841203,-1.5752344275277792
event_1000,16,16000,validation,abs_event_sign_imbalance,microstructure,sell,4,35401,0.15662190333606396,-0.8820299804047323
event_1000,16,16000,validation,abs_event_sign_imbalance,microstructure,sell,5,41878,0.2845052294760972,-1.2175118597206747
event_1000,16,16000,later_sandbox,abs_event_sign_imbalance,microstructure,sell,1,20567,0.018313025720814897,-0.70782300538164
event_1000,16,16000,later_sandbox,abs_event_sign_imbalance,microstructure,sell,2,21138,0.05675607909925253,-0.8188790897800887
event_1000,16,16000,later_sandbox,abs_event_sign_imbalance,microstructure,sell,3,23269,0.10046980961794662,-1.0423269808104167
event_1000,16,16000,later_sandbox,abs_event_sign_imbalance,microstructure,sell,4,26258,0.1573806078147612,-0.6897855973489838
event_1000,16,16000,later_sandbox,abs_event_sign_imbalance,microstructure,sell,5,35642,0.28238510745749396,-0.633119196468059
event_1000,16,16000,validation,abs_event_sign_imbalance,microstructure,buy,1,32251,0.020392732008309825,-0.010837990902777761
event_1000,16,16000,validation,abs_event_sign_imbalance,microstructure,buy,2,32157,0.0626146717666449,-0.1364970497752182
event_1000,16,16000,validation,abs_event_sign_imbalance,microstructure,buy,3,35235,0.11202877820349084,-0.6088030544979965
event_1000,16,16000,validation,abs_event_sign_imbalance,microstructure,buy,4,36428,0.1775513890413967,-0.3849106143939385
event_1000,16,16000,validation,abs_event_sign_imbalance,microstructure,buy,5,35807,0.3151738486888039,0.11538977522200948
event_1000,16,16000,later_sandbox,abs_event_sign_imbalance,microstructure,buy,1,20916,0.020458405048766497,0.04468311160338078
event_1000,16,16000,later_sandbox,abs_event_sign_imbalance,microstructure,buy,2,21694,0.06275928828247442,-0.8348393527724561
event_1000,16,16000,later_sandbox,abs_event_sign_imbalance,microstructure,buy,3,24414,0.11197714426148933,-0.12257086279822212
event_1000,16,16000,later_sandbox,abs_event_sign_imbalance,microstructure,buy,4,27101,0.17824670676358806,-0.3406426194764235
event_1000,16,16000,later_sandbox,abs_event_sign_imbalance,microstructure,buy,5,30072,0.3073117850492152,-0.7377633373094593
event_1000,16,16000,validation,aligned_pretrend_1000_events,pretrend,sell,1,20794,-22.732122151330053,-1.1044975425983683
event_1000,16,16000,validation,aligned_pretrend_1000_events,pretrend,sell,2,37061,-7.981945775703074,-0.22489056950751748
event_1000,16,16000,validation,aligned_pretrend_1000_events,pretrend,sell,3,46425,1.0955163269838297,-1.2001538577483692
event_1000,16,16000,validation,aligned_pretrend_1000_events,pretrend,sell,4,44804,9.977877445949082,-1.1859952511448346
event_1000,16,16000,validation,aligned_pretrend_1000_events,pretrend,sell,5,27229,25.289429111886278,-2.6588575267013868
event_1000,16,16000,later_sandbox,aligned_pretrend_1000_events,pretrend,sell,1,6105,-19.439590982274215,-0.5285555415352585
event_1000,16,16000,later_sandbox,aligned_pretrend_1000_events,pretrend,sell,2,28928,-7.429288641341503,-0.6178972395341709
event_1000,16,16000,later_sandbox,aligned_pretrend_1000_events,pretrend,sell,3,48896,1.1161072153236347,-0.727297839286072
event_1000,16,16000,later_sandbox,aligned_pretrend_1000_events,pretrend,sell,4,34888,9.429591944341835,-0.6076925726626119
event_1000,16,16000,later_sandbox,aligned_pretrend_1000_events,pretrend,sell,5,8057,21.896632949101416,-2.350092656390124
event_1000,16,16000,validation,aligned_pretrend_1000_events,pretrend,buy,1,20576,-22.57464187522003,0.21995023553291654
event_1000,16,16000,validation,aligned_pretrend_1000_events,pretrend,buy,2,38305,-7.6589912652208385,0.23939659415719108
event_1000,16,16000,validation,aligned_pretrend_1000_events,pretrend,buy,3,45736,1.5450344197070498,-0.27153620113366644
event_1000,16,16000,validation,aligned_pretrend_1000_events,pretrend,buy,4,41197,10.509881230369373,-0.6964356299829308
event_1000,16,16000,validation,aligned_pretrend_1000_events,pretrend,buy,5,26064,26.212812639731254,-0.33247213479482485
event_1000,16,16000,later_sandbox,aligned_pretrend_1000_events,pretrend,buy,1,6186,-19.047935494715333,0.50638772285694
event_1000,16,16000,later_sandbox,aligned_pretrend_1000_events,pretrend,buy,2,29979,-7.155235285869752,0.0917809278230745
event_1000,16,16000,later_sandbox,aligned_pretrend_1000_events,pretrend,buy,3,48800,1.53992306221151,-0.5647749614718867
event_1000,16,16000,later_sandbox,aligned_pretrend_1000_events,pretrend,buy,4,31774,10.010860680091332,-0.8136421733377873
event_1000,16,16000,later_sandbox,aligned_pretrend_1000_events,pretrend,buy,5,7458,22.56745637788444,-0.5439746667261752
event_1000,16,16000,validation,aligned_flow_persistence_1000_events,flow_persistence,sell,1,38126,-0.3418515999721657,-0.32955732885608724
event_1000,16,16000,validation,aligned_flow_persistence_1000_events,flow_persistence,sell,2,28585,-0.11131731390013007,-0.9310861878587475
event_1000,16,16000,validation,aligned_flow_persistence_1000_events,flow_persistence,sell,3,28199,0.017829079945659947,-0.6097705510026233
event_1000,16,16000,validation,aligned_flow_persistence_1000_events,flow_persistence,sell,4,31863,0.14697806316457532,-1.1521058502750614
event_1000,16,16000,validation,aligned_flow_persistence_1000_events,flow_persistence,sell,5,49540,0.38352513126180765,-2.411583106483147
event_1000,16,16000,later_sandbox,aligned_flow_persistence_1000_events,flow_persistence,sell,1,29312,-0.355815924911284,-0.06838499068007511
event_1000,16,16000,later_sandbox,aligned_flow_persistence_1000_events,flow_persistence,sell,2,18515,-0.11281888690927261,-0.5235557475356063
event_1000,16,16000,later_sandbox,aligned_flow_persistence_1000_events,flow_persistence,sell,3,17803,0.018386081634485123,-0.8860202382094763
event_1000,16,16000,later_sandbox,aligned_flow_persistence_1000_events,flow_persistence,sell,4,20882,0.14745766948781627,-0.998904174159341
event_1000,16,16000,later_sandbox,aligned_flow_persistence_1000_events,flow_persistence,sell,5,40362,0.40126834895652075,-1.2008354963966774
event_1000,16,16000,validation,aligned_flow_persistence_1000_events,flow_persistence,buy,1,38816,-0.346493864827736,0.38963861352519363
event_1000,16,16000,validation,aligned_flow_persistence_1000_events,flow_persistence,buy,2,28873,-0.11118567197382452,0.07630985865109192
event_1000,16,16000,validation,aligned_flow_persistence_1000_events,flow_persistence,buy,3,27558,0.02151918800484167,-0.1938291170117803
event_1000,16,16000,validation,aligned_flow_persistence_1000_events,flow_persistence,buy,4,30915,0.15286262337605044,-0.2716195470546466
event_1000,16,16000,validation,aligned_flow_persistence_1000_events,flow_persistence,buy,5,45716,0.3896687445429663,-0.8677192962388186
event_1000,16,16000,later_sandbox,aligned_flow_persistence_1000_events,flow_persistence,buy,1,29632,-0.3613792169666837,0.44606866329923023
event_1000,16,16000,later_sandbox,aligned_flow_persistence_1000_events,flow_persistence,buy,2,18559,-0.11131969596636633,-0.11208709276190489
event_1000,16,16000,later_sandbox,aligned_flow_persistence_1000_events,flow_persistence,buy,3,17820,0.021546369829278426,-0.22532364952703604
event_1000,16,16000,later_sandbox,aligned_flow_persistence_1000_events,flow_persistence,buy,4,20757,0.15390878927139903,-0.6552516459678497
event_1000,16,16000,later_sandbox,aligned_flow_persistence_1000_events,flow_persistence,buy,5,37429,0.4028899678366262,-1.205161482740493
event_1000,16,16000,validation,aligned_pretrend_4000_events,pretrend,sell,1,23185,-46.116224475722824,0.15689144791388515
event_1000,16,16000,validation,aligned_pretrend_4000_events,pretrend,sell,2,37148,-16.664175912483806,-0.19576558820918893
event_1000,16,16000,validation,aligned_pretrend_4000_events,pretrend,sell,3,42598,0.7034368695526663,-0.7246702518230667
event_1000,16,16000,validation,aligned_pretrend_4000_events,pretrend,sell,4,43771,17.375558393575837,-1.183955885662945
event_1000,16,16000,validation,aligned_pretrend_4000_events,pretrend,sell,5,29611,47.37924790725537,-4.262837751534854
event_1000,16,16000,later_sandbox,aligned_pretrend_4000_events,pretrend,sell,1,6890,-39.06808134358293,-0.9728793921750949
event_1000,16,16000,later_sandbox,aligned_pretrend_4000_events,pretrend,sell,2,30287,-15.708290455650102,0.3858701468827226
event_1000,16,16000,later_sandbox,aligned_pretrend_4000_events,pretrend,sell,3,44063,0.744948793945676,-0.7272988472042543
event_1000,16,16000,later_sandbox,aligned_pretrend_4000_events,pretrend,sell,4,36517,16.447950247615253,-1.2864345911837336
event_1000,16,16000,later_sandbox,aligned_pretrend_4000_events,pretrend,sell,5,9117,40.98674747737878,-2.49634771740382
event_1000,16,16000,validation,aligned_pretrend_4000_events,pretrend,buy,1,23082,-44.91245430498512,0.9223843447933938
event_1000,16,16000,validation,aligned_pretrend_4000_events,pretrend,buy,2,38807,-15.569000677240714,-0.07584651929034271
event_1000,16,16000,validation,aligned_pretrend_4000_events,pretrend,buy,3,42479,2.0124509483005872,0.08956242906028587
event_1000,16,16000,validation,aligned_pretrend_4000_events,pretrend,buy,4,40112,18.926757878342556,-0.9053863846039469
event_1000,16,16000,validation,aligned_pretrend_4000_events,pretrend,buy,5,27398,49.10149156226025,-0.7998603115727836
event_1000,16,16000,later_sandbox,aligned_pretrend_4000_events,pretrend,buy,1,7142,-37.75795563522599,0.3773317465507303
event_1000,16,16000,later_sandbox,aligned_pretrend_4000_events,pretrend,buy,2,32619,-14.710437946138999,0.18694201155684717
event_1000,16,16000,later_sandbox,aligned_pretrend_4000_events,pretrend,buy,3,43954,2.033923996463559,-0.4552246315309126
event_1000,16,16000,later_sandbox,aligned_pretrend_4000_events,pretrend,buy,4,32159,17.941892111845863,-1.0839749178456128
event_1000,16,16000,later_sandbox,aligned_pretrend_4000_events,pretrend,buy,5,8323,42.84405547408392,-0.6621296026237025
event_1000,16,16000,validation,aligned_flow_persistence_4000_events,flow_persistence,sell,1,43767,-0.2220268971581864,-0.12104988433928034
event_1000,16,16000,validation,aligned_flow_persistence_4000_events,flow_persistence,sell,2,27189,-0.0669567078241683,-0.38228179499783593
event_1000,16,16000,validation,aligned_flow_persistence_4000_events,flow_persistence,sell,3,25187,0.009199447298312997,-0.6455504760278832
event_1000,16,16000,validation,aligned_flow_persistence_4000_events,flow_persistence,sell,4,28605,0.08416888713685428,-0.438984356064289
event_1000,16,16000,validation,aligned_flow_persistence_4000_events,flow_persistence,sell,5,51565,0.2415698576956425,-3.258908554506257
event_1000,16,16000,later_sandbox,aligned_flow_persistence_4000_events,flow_persistence,sell,1,35072,-0.23519352661193682,0.4648944699203214
event_1000,16,16000,later_sandbox,aligned_flow_persistence_4000_events,flow_persistence,sell,2,17701,-0.06749354188636386,-0.47510727873052866
event_1000,16,16000,later_sandbox,aligned_flow_persistence_4000_events,flow_persistence,sell,3,15803,0.008906192892654522,-0.9511696845093959
event_1000,16,16000,later_sandbox,aligned_flow_persistence_4000_events,flow_persistence,sell,4,17865,0.08436797797999594,-1.4429466029369742
event_1000,16,16000,later_sandbox,aligned_flow_persistence_4000_events,flow_persistence,sell,5,40433,0.2578316027006296,-1.580009457772188
event_1000,16,16000,validation,aligned_flow_persistence_4000_events,flow_persistence,buy,1,45597,-0.22701911349260792,0.3686085382627753
event_1000,16,16000,validation,aligned_flow_persistence_4000_events,flow_persistence,buy,2,26790,-0.0690050117432985,0.018436652561964455
event_1000,16,16000,validation,aligned_flow_persistence_4000_events,flow_persistence,buy,3,25098,0.007720102334664586,-0.2767120496679543
event_1000,16,16000,validation,aligned_flow_persistence_4000_events,flow_persistence,buy,4,28421,0.08522052053413981,0.29487569580129314
event_1000,16,16000,validation,aligned_flow_persistence_4000_events,flow_persistence,buy,5,45972,0.242012990392054,-1.1923978519171894
event_1000,16,16000,later_sandbox,aligned_flow_persistence_4000_events,flow_persistence,buy,1,36348,-0.2408897345496055,0.29072680868096074
event_1000,16,16000,later_sandbox,aligned_flow_persistence_4000_events,flow_persistence,buy,2,17390,-0.06937286344115164,0.5178039301451807
event_1000,16,16000,later_sandbox,aligned_flow_persistence_4000_events,flow_persistence,buy,3,15417,0.00774373045376537,-0.2699758001276796
event_1000,16,16000,later_sandbox,aligned_flow_persistence_4000_events,flow_persistence,buy,4,18086,0.08570204222582369,-0.40091644810778804
event_1000,16,16000,later_sandbox,aligned_flow_persistence_4000_events,flow_persistence,buy,5,36956,0.2567360135811527,-1.6166627694344662
event_1000,16,16000,validation,aligned_pretrend_12000_events,pretrend,sell,1,26098,-78.4037446634226,-0.5781812816400111
event_1000,16,16000,validation,aligned_pretrend_12000_events,pretrend,sell,2,39032,-28.285613504539672,0.35870526830766153
event_1000,16,16000,validation,aligned_pretrend_12000_events,pretrend,sell,3,40887,-0.03544154323698365,-0.2574550673008426
event_1000,16,16000,validation,aligned_pretrend_12000_events,pretrend,sell,4,41720,28.046433505936353,-1.0290290883799067
event_1000,16,16000,validation,aligned_pretrend_12000_events,pretrend,sell,5,28576,79.66713614084169,-5.529396941857721
event_1000,16,16000,later_sandbox,aligned_pretrend_12000_events,pretrend,sell,1,8394,-67.1681817791774,0.13225592078738468
event_1000,16,16000,later_sandbox,aligned_pretrend_12000_events,pretrend,sell,2,32786,-26.838927428165537,0.1440559015133922
event_1000,16,16000,later_sandbox,aligned_pretrend_12000_events,pretrend,sell,3,42240,-0.0046913063766627836,-0.5046684552075443
event_1000,16,16000,later_sandbox,aligned_pretrend_12000_events,pretrend,sell,4,34764,26.448258148787545,-1.321604107020681
event_1000,16,16000,later_sandbox,aligned_pretrend_12000_events,pretrend,sell,5,8690,70.170453285255,-4.070302111082996
event_1000,16,16000,validation,aligned_pretrend_12000_events,pretrend,buy,1,25643,-76.68679374200654,1.3640527352096583
event_1000,16,16000,validation,aligned_pretrend_12000_events,pretrend,buy,2,41318,-25.925184557171384,0.3255939794379802
event_1000,16,16000,validation,aligned_pretrend_12000_events,pretrend,buy,3,40077,2.7726412784908088,-0.4550642494142259
event_1000,16,16000,validation,aligned_pretrend_12000_events,pretrend,buy,4,38116,30.64301242169382,-0.8783372003259897
event_1000,16,16000,validation,aligned_pretrend_12000_events,pretrend,buy,5,26724,81.77856798006509,-1.2271664106882334
event_1000,16,16000,later_sandbox,aligned_pretrend_12000_events,pretrend,buy,1,8435,-64.04997257618761,0.8388624090588644
event_1000,16,16000,later_sandbox,aligned_pretrend_12000_events,pretrend,buy,2,36584,-24.480851848591307,0.21458750299273657
event_1000,16,16000,later_sandbox,aligned_pretrend_12000_events,pretrend,buy,3,41122,2.6543444780354717,-0.4401422120841339
event_1000,16,16000,later_sandbox,aligned_pretrend_12000_events,pretrend,buy,4,29981,28.958384825652054,-1.285813650991565
event_1000,16,16000,later_sandbox,aligned_pretrend_12000_events,pretrend,buy,5,8075,71.50991336500402,-1.2214735882726553
event_1000,16,16000,validation,aligned_flow_persistence_12000_events,flow_persistence,sell,1,44398,-0.1514108384109531,-0.42982743044733096
event_1000,16,16000,validation,aligned_flow_persistence_12000_events,flow_persistence,sell,2,29390,-0.04424242714032617,-0.5960282388500301
event_1000,16,16000,validation,aligned_flow_persistence_12000_events,flow_persistence,sell,3,26030,0.00760629904636156,-0.24786287640671248
event_1000,16,16000,validation,aligned_flow_persistence_12000_events,flow_persistence,sell,4,28722,0.05846722977525159,-0.7595669399543632
event_1000,16,16000,validation,aligned_flow_persistence_12000_events,flow_persistence,sell,5,47773,0.16637749797850587,-3.091394646580347
event_1000,16,16000,later_sandbox,aligned_flow_persistence_12000_events,flow_persistence,sell,1,36142,-0.15990606638588872,0.5110039331988657
event_1000,16,16000,later_sandbox,aligned_flow_persistence_12000_events,flow_persistence,sell,2,19954,-0.044308445900076564,-0.803283952920823
event_1000,16,16000,later_sandbox,aligned_flow_persistence_12000_events,flow_persistence,sell,3,16853,0.007766176709449309,-0.8133375143744581
event_1000,16,16000,later_sandbox,aligned_flow_persistence_12000_events,flow_persistence,sell,4,18277,0.05848097972683236,-1.091226748650935
event_1000,16,16000,later_sandbox,aligned_flow_persistence_12000_events,flow_persistence,sell,5,35648,0.17543807402045755,-1.839868739505243
event_1000,16,16000,validation,aligned_flow_persistence_12000_events,flow_persistence,buy,1,48488,-0.15631867848289993,0.684238203173665
event_1000,16,16000,validation,aligned_flow_persistence_12000_events,flow_persistence,buy,2,28967,-0.04637864079697846,-0.4720495982609882
event_1000,16,16000,validation,aligned_flow_persistence_12000_events,flow_persistence,buy,3,25688,0.005399415501818193,-0.5427279898575161
event_1000,16,16000,validation,aligned_flow_persistence_12000_events,flow_persistence,buy,4,28586,0.05824602236321341,-0.6357998899777747
event_1000,16,16000,validation,aligned_flow_persistence_12000_events,flow_persistence,buy,5,40149,0.16566309274037433,-0.5844907346017596
event_1000,16,16000,later_sandbox,aligned_flow_persistence_12000_events,flow_persistence,buy,1,38657,-0.1648981959520249,0.12592720437435978
event_1000,16,16000,later_sandbox,aligned_flow_persistence_12000_events,flow_persistence,buy,2,19353,-0.04695800342819361,0.06193403144915189
event_1000,16,16000,later_sandbox,aligned_flow_persistence_12000_events,flow_persistence,buy,3,16597,0.005421911952192094,-0.1140906242706775
event_1000,16,16000,later_sandbox,aligned_flow_persistence_12000_events,flow_persistence,buy,4,18572,0.05850118020494857,-0.5722915037520026
event_1000,16,16000,later_sandbox,aligned_flow_persistence_12000_events,flow_persistence,buy,5,31018,0.17341188426290727,-1.454995488507905
event_1000,16,16000,validation,expected_normalised_impact,fitted_impact,sell,1,94783,-0.002094964062353537,-0.23575341232571712
event_1000,16,16000,validation,expected_normalised_impact,fitted_impact,sell,2,42824,0.01259772944972583,-1.3939679781037613
event_1000,16,16000,validation,expected_normalised_impact,fitted_impact,sell,3,21895,0.027455210856676144,-2.560540883944254
event_1000,16,16000,validation,expected_normalised_impact,fitted_impact,sell,4,11601,0.04503106661841715,-4.316210768442903
event_1000,16,16000,validation,expected_normalised_impact,fitted_impact,sell,5,5210,0.07534310918296187,-4.6790773160599555
event_1000,16,16000,later_sandbox,expected_normalised_impact,fitted_impact,sell,1,63958,-0.0016695327041623194,-0.5041978531966006
event_1000,16,16000,later_sandbox,expected_normalised_impact,fitted_impact,sell,2,35206,0.012624710147278574,-0.6780919956368227
event_1000,16,16000,later_sandbox,expected_normalised_impact,fitted_impact,sell,3,17135,0.027230244981074687,-1.1888669439368666
event_1000,16,16000,later_sandbox,expected_normalised_impact,fitted_impact,sell,4,7867,0.04479916460919075,-1.5727328907996965
event_1000,16,16000,later_sandbox,expected_normalised_impact,fitted_impact,sell,5,2708,0.07209631411965216,-2.930160729032458
event_1000,16,16000,validation,expected_normalised_impact,fitted_impact,buy,1,93657,0.00013141506420043386,0.004421735629561754
event_1000,16,16000,validation,expected_normalised_impact,fitted_impact,buy,2,40308,0.01388812558934931,-1.0230499687392476
event_1000,16,16000,validation,expected_normalised_impact,fitted_impact,buy,3,21050,0.027364905429067738,-0.4408492683128768
event_1000,16,16000,validation,expected_normalised_impact,fitted_impact,buy,4,11136,0.043573699360433676,0.443647665476265
event_1000,16,16000,validation,expected_normalised_impact,fitted_impact,buy,5,5727,0.07314252180830723,1.5859226230302281
event_1000,16,16000,later_sandbox,expected_normalised_impact,fitted_impact,buy,1,62464,0.0005415196748238388,-0.035789849453271835
event_1000,16,16000,later_sandbox,expected_normalised_impact,fitted_impact,buy,2,33686,0.013961037400297001,-0.6727127518413195
event_1000,16,16000,later_sandbox,expected_normalised_impact,fitted_impact,buy,3,17164,0.027266081088656857,-1.2960018150786843
event_1000,16,16000,later_sandbox,expected_normalised_impact,fitted_impact,buy,4,8063,0.0431576272275344,-0.9442337244597242
event_1000,16,16000,later_sandbox,expected_normalised_impact,fitted_impact,buy,5,2820,0.06902325732970933,1.1233609496451735
event_1000,16,16000,validation,impact_residual,fitted_impact,sell,1,9127,-0.044821455537012576,-2.3031543557225778
event_1000,16,16000,validation,impact_residual,fitted_impact,sell,2,27723,-0.015519107011186353,-2.637884337393325
event_1000,16,16000,validation,impact_residual,fitted_impact,sell,3,55193,0.001809307380487799,-1.1538139796078997
event_1000,16,16000,validation,impact_residual,fitted_impact,sell,4,62982,0.016767543866982808,-0.5366465179227685
event_1000,16,16000,validation,impact_residual,fitted_impact,sell,5,21288,0.039246631442417496,-0.9827890695028246
event_1000,16,16000,later_sandbox,impact_residual,fitted_impact,sell,1,5879,-0.042691899196363875,-2.3619215082146057
event_1000,16,16000,later_sandbox,impact_residual,fitted_impact,sell,2,22595,-0.015284556940139056,-0.6380551012712022
event_1000,16,16000,later_sandbox,impact_residual,fitted_impact,sell,3,43814,0.001514122145393295,-0.8256308729422772
event_1000,16,16000,later_sandbox,impact_residual,fitted_impact,sell,4,40789,0.016748151487233607,-0.7386564434633743
event_1000,16,16000,later_sandbox,impact_residual,fitted_impact,sell,5,13797,0.0384271984527512,-0.15897316692762728
event_1000,16,16000,validation,impact_residual,fitted_impact,buy,1,9555,-0.04347125760665189,1.2265623454946764
event_1000,16,16000,validation,impact_residual,fitted_impact,buy,2,25735,-0.015313580014848002,0.15748619840989303
event_1000,16,16000,validation,impact_residual,fitted_impact,buy,3,53100,0.0004886017698825881,-0.8446413105506497
event_1000,16,16000,validation,impact_residual,fitted_impact,buy,4,62514,0.015324735439664974,-0.196335141871872
event_1000,16,16000,validation,impact_residual,fitted_impact,buy,5,20974,0.03870159174776443,0.2513411196102553
event_1000,16,16000,later_sandbox,impact_residual,fitted_impact,buy,1,6774,-0.039436625567735646,-0.6362860039511695
event_1000,16,16000,later_sandbox,impact_residual,fitted_impact,buy,2,22198,-0.015329516008612421,-1.005147797441803
event_1000,16,16000,later_sandbox,impact_residual,fitted_impact,buy,3,40732,0.00024571477254343077,-0.5692826668596217
event_1000,16,16000,later_sandbox,impact_residual,fitted_impact,buy,4,41354,0.015153469563378093,-0.13349935041239713
event_1000,16,16000,later_sandbox,impact_residual,fitted_impact,buy,5,13139,0.03763914226374075,0.2849983416358166
event_1000,16,16000,validation,marginal_impact_bps_per_btc,fitted_impact,sell,1,7733,0.03311164721500031,-4.818827485361767
event_1000,16,16000,validation,marginal_impact_bps_per_btc,fitted_impact,sell,2,20613,0.05742407583070993,-1.1711866276356953
event_1000,16,16000,validation,marginal_impact_bps_per_btc,fitted_impact,sell,3,37802,0.07782865967496762,-1.6934967890919814
event_1000,16,16000,validation,marginal_impact_bps_per_btc,fitted_impact,sell,4,41431,0.11122308073726339,-0.4597160368309496
event_1000,16,16000,validation,marginal_impact_bps_per_btc,fitted_impact,sell,5,68734,0.17645836716071506,-0.9905486851800646
event_1000,16,16000,later_sandbox,marginal_impact_bps_per_btc,fitted_impact,sell,1,7207,0.035047121882136906,-3.189110236685347
event_1000,16,16000,later_sandbox,marginal_impact_bps_per_btc,fitted_impact,sell,2,23242,0.05715168231940718,-0.60553750710905
event_1000,16,16000,later_sandbox,marginal_impact_bps_per_btc,fitted_impact,sell,3,36741,0.07858096248886415,-0.8659115926197011
event_1000,16,16000,later_sandbox,marginal_impact_bps_per_btc,fitted_impact,sell,4,35574,0.10921651986822575,-0.5795977145825516
event_1000,16,16000,later_sandbox,marginal_impact_bps_per_btc,fitted_impact,sell,5,24110,0.1566562361706571,-0.3031234319625678
event_1000,16,16000,validation,marginal_impact_bps_per_btc,fitted_impact,buy,1,8608,0.03356789834065559,1.3765673363990227
event_1000,16,16000,validation,marginal_impact_bps_per_btc,fitted_impact,buy,2,22703,0.05829766055981949,-0.09208321304809172
event_1000,16,16000,validation,marginal_impact_bps_per_btc,fitted_impact,buy,3,36013,0.07809511742278627,-0.0712229835997662
event_1000,16,16000,validation,marginal_impact_bps_per_btc,fitted_impact,buy,4,40916,0.11158727550226841,-0.9296399029020495
event_1000,16,16000,validation,marginal_impact_bps_per_btc,fitted_impact,buy,5,63638,0.17498596391995927,-0.08228788380535706
event_1000,16,16000,later_sandbox,marginal_impact_bps_per_btc,fitted_impact,buy,1,8080,0.03595623509347312,-1.0119022859842914
event_1000,16,16000,later_sandbox,marginal_impact_bps_per_btc,fitted_impact,buy,2,25557,0.057785731128175845,-0.4171919683204028
event_1000,16,16000,later_sandbox,marginal_impact_bps_per_btc,fitted_impact,buy,3,35750,0.07901821115319636,0.13991461716899337
event_1000,16,16000,later_sandbox,marginal_impact_bps_per_btc,fitted_impact,buy,4,33986,0.11005232547931192,-0.6139275022560686
event_1000,16,16000,later_sandbox,marginal_impact_bps_per_btc,fitted_impact,buy,5,20824,0.1558377497061899,-0.8108574038659685
