day,open,high,low,close,volume_btc,events,fills,rv_5min,log_return,range_pct,year
2019-10-01,8285.31,8499.0,8171.0,8290.0,39212.804,59497,92166,0.0011258638636662476,,3.9357209113918836,2019
2019-10-02,8290.0,8365.92,8149.35,8352.14,30329.179,45371,71452,0.00048114810469704783,0.007467824304697501,2.622814098836715,2019
2019-10-03,8353.4,8386.0,8020.0,8220.27,33430.23,51502,82221,0.0005269907095493226,-0.01591473820792544,4.4625226870147685,2019
2019-10-04,8219.95,8227.42,7979.95,8130.56,28421.111,47910,74683,0.0004938642475164364,-0.010973253367614788,3.0540332521855573,2019
2019-10-05,8130.0,8175.0,8010.0,8122.14,30262.006,46109,69791,0.00032533403327149953,-0.0010361356271015865,2.0389955703049174,2019
2019-10-06,8122.01,8148.43,7760.0,7852.79,41909.039,60324,94844,0.0009526933474636263,-0.033724783586801976,4.884293646374436,2019
2019-10-07,7851.01,8330.0,7764.42,8186.88,62760.299,76040,115400,0.0007962020230876178,0.04166399024077627,7.031169650822062,2019
2019-10-08,8188.55,8322.01,8103.88,8167.62,44715.165,54718,82468,0.0004333323496426446,-0.002355316139748709,2.656085285996791,2019
2019-10-09,8168.33,8700.0,8113.0,8559.77,65453.643,73322,114326,0.0008220998853428016,0.04689576387030492,6.985531224761013,2019
2019-10-10,8559.77,8640.89,8419.34,8556.02,44285.668,52899,83861,0.00041295243688776263,-0.00043819187545679483,2.597414638624723,2019
2019-10-11,8557.0,8788.0,8210.0,8255.58,69157.96399999999,78996,116971,0.0010943195355816063,-0.03574579340617845,6.803423105802703,2019
2019-10-12,8255.54,8397.45,8248.34,8300.22,37761.514,44477,68373,0.0002424589932875951,0.005392685123215557,1.7916120354060185,2019
2019-10-13,8300.31,8456.0,8137.3,8274.66,43820.913,51576,80857,0.00044071863198935125,-0.003084187669655236,3.841781890824706,2019
2019-10-14,8274.33,8381.77,8205.02,8346.05,61999.820999999996,63892,93034,0.00035938600920238495,0.008590540239541866,2.1312947297383737,2019
2019-10-15,8346.31,8408.62,8080.0,8160.01,86246.749,67224,97630,0.0004542557712251521,-0.02254297857979637,3.986549761894648,2019
2019-10-16,8160.55,8184.0,7900.24,7992.21,70434.452,62051,90317,0.0003066545646729129,-0.020778077188147392,3.5287889890969293,2019
2019-10-17,7994.76,8124.63,7930.0,8069.2,58354.602,55833,80845,0.00026066202721146484,0.009587027500744583,2.4247153070598912,2019
2019-10-18,8069.41,8117.3,7812.0,7943.94,75251.352,71964,102381,0.0005249554886820163,-0.015644970933800906,3.8336573549405513,2019
2019-10-19,7945.57,8108.54,7852.12,7947.13,78024.395,67826,98068,0.00045065041810780297,0.0004014833542171914,3.2134268232075462,2019
2019-10-20,7947.78,8300.5,7871.17,8218.23,78663.915,82154,120205,0.00039260141150337756,0.033544000215957936,5.31090367527817,2019
2019-10-21,8218.23,8334.57,8150.0,8201.74,59928.516,68023,100497,0.0002295513554904142,-0.0020085305324748504,2.239399793712897,2019
2019-10-22,8201.0,8290.0,8000.0,8020.89,69506.88,75023,115709,0.00025028512967879135,-0.02229693859195514,3.5608427467367574,2019
2019-10-23,8020.68,8047.78,7172.76,7465.0,108484.139,122851,202487,0.003861512931608807,-0.07182395729884838,11.510575921896177,2019
2019-10-24,7465.18,7495.81,7337.44,7411.35,66719.534,73158,111756,0.00027826684643700425,-0.007212822042237832,2.1354189814509827,2019
2019-10-25,7410.07,8800.0,7359.0,8650.0,165118.926,189940,322189,0.005050488030399447,0.1545467119948718,17.88276675396989,2019
2019-10-26,8650.0,10408.48,8626.89,9232.22,248161.161,299212,503375,0.01474763588678925,0.0651402186940011,18.773678917063,2019
2019-10-27,9234.75,9803.83,9066.07,9533.32,163544.019,186933,309972,0.0030014950964084874,0.03209349091753211,7.823425200943107,2019
2019-10-28,9534.37,9930.13,9156.03,9217.36,155599.975,165187,279048,0.0024550532522484227,-0.033704368044640276,8.116089098795056,2019
2019-10-29,9215.78,9569.1,9070.0,9415.02,124703.014,150309,242823,0.0013834809849162387,0.0212176238659616,5.3566893028266716,2019
2019-10-30,9415.02,9418.65,8975.72,9165.3,98464.858,145516,233836,0.000800337808648843,-0.02688167239647221,4.816861221831229,2019
2019-10-31,9163.4,9438.64,8933.0,9150.0,98836.044,150552,247658,0.0011626340219336357,-0.001670734692739373,5.505961726233521,2019
2019-11-01,9149.88,9280.0,9050.27,9231.01,87256.949,149528,237247,0.0005583686817387466,0.008814589026247432,2.5066955277163285,2019
2019-11-02,9231.7,9375.0,9194.98,9287.8,56602.055,103775,163182,0.00019763942899850298,0.006133242689001506,1.9388888897716166,2019
2019-11-03,9288.96,9366.69,9073.0,9197.88,75612.722,182430,257133,0.0003171273266466049,-0.00972868828446849,3.185680858419868,2019
2019-11-04,9197.86,9550.0,9126.01,9395.46,90433.357,142660,248571,0.0006942799127424325,0.021253571162551665,4.541257621770186,2019
2019-11-05,9395.47,9457.13,9164.33,9313.2,113738.226,156996,276198,0.0005287148827769036,-0.008793845214805529,3.1450179951446353,2019
2019-11-06,9313.1,9450.0,9259.48,9343.6,73767.911,108196,190226,0.00021890213535982826,0.003258868284438776,2.0366849931902347,2019
2019-11-07,9344.29,9381.93,9091.2,9219.64,77389.569,100181,178691,0.0002835150896153278,-0.013355625697336393,3.1478586104985267,2019
2019-11-08,9221.63,9259.3,8669.85,8775.03,151851.16,174707,319405,0.000673505233456467,-0.0494258031035546,6.577696224351366,2019
2019-11-09,8775.6,8878.0,8727.0,8811.15,66846.392,101508,183364,0.0003059432474541513,0.0041077767645063545,1.7154638230669303,2019
2019-11-10,8811.3,9187.0,8760.0,9041.31,91099.197,128790,245197,0.0008855736908287673,0.02578611049584012,4.759353634102943,2019
2019-11-11,9041.31,9072.91,8611.11,8728.93,113373.762,170227,324917,0.0005141642599774405,-0.035161278934984,5.223982060598057,2019
2019-11-12,8729.89,8889.06,8552.12,8817.0,107520.546,157474,287214,0.00044488694039338976,0.010038879630021924,3.8642101722658433,2019
2019-11-13,8817.94,8838.0,8712.0,8774.76,58585.811,92305,163995,0.0001575388893202196,-0.004802257554340272,1.435922107788888,2019
2019-11-14,8774.78,8798.06,8581.39,8642.25,87099.995,118612,225625,0.00019527390633015612,-0.01521645297045282,2.493533759449347,2019
2019-11-15,8642.47,8780.0,8380.0,8473.27,145602.497,182355,368156,0.0005981369691321653,-0.019746462944414844,4.662849315303371,2019
2019-11-16,8473.3,8540.54,8435.0,8491.06,48657.04,78198,152747,0.00014339425650799426,0.0020973426620791713,1.2434521653614907,2019
2019-11-17,8491.18,8631.0,8355.78,8504.04,72152.266,109210,215149,0.0002349794408132333,0.0015274993996854391,3.240685827658706,2019
2019-11-18,8504.13,8504.71,8050.0,8183.26,123477.142,181538,363313,0.00047236541997683487,-0.03845074046864205,5.494803624636388,2019
2019-11-19,8183.3,8212.87,8000.0,8131.7,110854.03,159530,294385,0.0004033904279706375,-0.006320600436859891,2.6260894388475373,2019
2019-11-20,8131.12,8230.0,8037.5,8094.05,87352.38,127913,241974,0.00024419838562420563,-0.004640779941981421,2.3667925125240594,2019
2019-11-21,8094.57,8131.51,7432.0,7621.9,180289.189,203588,412277,0.002130723835269407,-0.06010354140039453,8.995163665947441,2019
2019-11-22,7621.89,7765.03,6762.73,7262.72,371213.951,493278,999166,0.003822110099963276,-0.048271268131383493,13.820366539839751,2019
2019-11-23,7261.89,7345.84,7073.38,7305.99,139643.311,203156,378359,0.0009493909112773861,0.005940145315944889,3.77957245539809,2019
2019-11-24,7306.19,7324.92,6855.91,6900.86,183676.078,260543,504021,0.001655302837213272,-0.057048518116387115,6.6171179320332865,2019
2019-11-25,6899.77,7386.29,6510.19,7102.03,333987.914,501245,926856,0.003967282153210878,0.028734617156439768,12.625693746853972,2019
2019-11-26,7103.34,7340.06,7011.9,7150.0,193962.094,307175,525112,0.001801534153439531,0.0067316980317340125,4.573831128904033,2019
2019-11-27,7149.97,7669.2,6850.0,7506.77,297842.994,427311,787562,0.002445702917254646,0.048692923344459516,11.296365518796536,2019
2019-11-28,7506.78,7643.0,7356.0,7415.79,175000.609,242324,439167,0.001021365979054095,-0.012193769339862826,3.8273889518672304,2019
2019-11-29,7417.0,7850.0,7394.57,7736.66,185819.186,271131,481870,0.001312657992442131,0.04235855920980747,5.97675847190693,2019
2019-11-30,7737.23,7800.0,7444.18,7542.93,141966.392,204820,362290,0.0007315597623060446,-0.025359369219158268,4.6691214659794,2019
2019-12-01,7541.08,7541.08,7222.29,7387.38,196291.252,280815,500459,0.0010456024626891943,-0.020837561755698175,4.319333070606121,2019
2019-12-02,7388.0,7416.75,7137.74,7291.0,143966.953,213156,370901,0.0009050992518656422,-0.013132428121171102,3.8344756200345174,2019
2019-12-03,7291.74,7404.42,7231.35,7290.86,84699.47,129097,233130,0.0003821551205230075,-1.9201939945645563e-05,2.365137846439703,2019
2019-12-04,7290.85,7800.0,7070.0,7191.0,274879.48099999997,333565,593445,0.007127933181996856,-0.01379126476398973,9.826325378706457,2019
2019-12-05,7189.42,7480.0,7142.54,7384.99,176315.108,252550,446089,0.000869066388410772,0.02661931776592752,4.61643365992624,2019
2019-12-06,7384.66,7602.44,7295.73,7522.1,136218.707,197998,367352,0.0011909751412501422,0.018395792410103695,4.1180002889173855,2019
2019-12-07,7521.13,7616.91,7467.44,7487.2,83208.782,126562,223129,0.0002706764483305396,-0.004650458435479621,1.9818539387076797,2019
2019-12-08,7487.19,7559.39,7376.0,7508.2,84380.338,117600,218684,0.00029621210714098685,0.0028008607610914282,2.455901285102308,2019
2019-12-09,7507.87,7676.48,7269.05,7337.49,136440.176,181045,349478,0.00047874066729737633,-0.022998934330724197,5.453549975533454,2019
2019-12-10,7338.2,7403.71,7152.0,7220.98,126662.794,168615,294099,0.0003415974441306778,-0.016006144525555044,3.4589188055663365,2019
2019-12-11,7220.92,7267.0,7117.74,7205.77,97320.727,125801,224496,0.00025099517287773183,-0.0021085837954437636,2.0753292327987225,2019
2019-12-12,7206.78,7295.12,7080.0,7194.77,140594.105,161998,304604,0.00035845015046233943,-0.0015277207853934271,2.9931723756856425,2019
2019-12-13,7194.08,7298.0,7190.0,7252.98,80178.833,109849,187255,0.0001224502044659645,0.008058045712925122,1.4909166281300614,2019
2019-12-14,7252.98,7266.14,7007.86,7061.34,97837.512,139943,236813,0.00029132497770218736,-0.026777583703005092,3.6192825170529908,2019
2019-12-15,7060.79,7196.0,7004.77,7115.0,87933.233,98524,180924,0.0003553545616961169,0.00757039634701151,2.6933970528574895,2019
2019-12-16,7115.45,7147.34,6831.0,6887.54,117597.89,125930,249488,0.0007416691377728791,-0.03249124945714321,4.526918376460179,2019
2019-12-17,6887.48,6940.0,6550.0,6618.96,166411.289,178299,348899,0.0008901429868429418,-0.03977572417509023,5.783672487155261,2019
2019-12-18,6618.96,7479.99,6427.0,7277.44,328489.593,326675,675369,0.0033228019561049016,0.09484089410458374,15.17235886979473,2019
2019-12-19,7278.11,7367.87,7042.82,7146.29,158849.566,180568,323697,0.0010932929998026244,-0.018185811092523707,4.511999678623421,2019
2019-12-20,7146.29,7217.08,7078.17,7184.39,86449.566,104859,179313,0.0003507210763794903,0.005317275909876074,1.9435039247992156,2019
2019-12-21,7184.39,7185.0,7108.0,7131.01,44340.865,61815,99594,0.00013238024194571878,-0.007457737458469893,1.0774609238583344,2019
2019-12-22,7131.02,7517.61,7122.0,7502.92,129797.395,155089,278563,0.0005961704028015363,0.05083939873199306,5.405968344201708,2019
2019-12-23,7502.92,7691.0,7262.0,7314.01,215298.787,234257,431464,0.0013846969661672995,-0.02550059113787917,5.739554108277279,2019
2019-12-24,7314.03,7434.55,7156.08,7252.04,149081.004,151739,279760,0.0008134486808810228,-0.008508878369967832,3.8175708520535805,2019
2019-12-25,7251.57,7267.63,7123.19,7201.45,96965.072,98836,174360,0.0004097456619378574,-0.007000413962316543,2.007458235318903,2019
2019-12-26,7201.67,7438.8,7151.0,7197.46,133973.533,129666,246938,0.0004662651237590322,-0.0005542086313656824,3.945733844747808,2019
2019-12-27,7197.84,7270.0,7078.89,7248.4,112284.61,118846,211189,0.0004067951124696883,0.007052568852353502,2.6639175792032215,2019
2019-12-28,7248.4,7359.15,7235.0,7311.48,91292.882,97230,156362,0.00032411159359861734,0.008664960793380416,1.701407685751969,2019
2019-12-29,7310.29,7527.0,7283.6,7383.67,102543.974,109395,186571,0.00032859909111541583,0.009825089328353798,3.2871310576843586,2019
2019-12-30,7383.68,7400.0,7215.58,7240.43,94375.362,103879,174925,0.00027716953739925716,-0.019590208078431814,2.523742313485032,2019
2019-12-31,7240.8,7319.0,7141.0,7189.0,89203.437,89922,157014,0.0002851269118005576,-0.0071285168974331015,2.462088405211704,2019
2020-01-01,7189.43,7260.43,7170.15,7197.57,56801.329,62256,101871,0.00018185886968055836,0.001191389054332248,1.2512480838104978,2020
2020-01-02,7197.57,7209.59,6922.0,6962.04,115295.677,133427,224747,0.0003941366961990742,-0.03327093420788785,4.070733900217103,2020
2020-01-03,6962.34,7407.28,6863.44,7341.72,208493.458,222065,409820,0.0018716873514181853,0.05310061275175926,7.625452661995369,2020
2020-01-04,7341.6,7400.0,7269.21,7350.71,92586.033,103932,186349,0.00041324825593364294,0.001223759598914853,1.7832380318902485,2020
2020-01-05,7350.54,7495.0,7303.0,7354.36,117765.972,127658,238905,0.00031811149549679165,0.000496427432844726,2.595090891658838,2020
2020-01-06,7354.36,7808.65,7345.0,7757.39,168150.317,175733,323625,0.0005170658840860391,0.05335260278219067,6.1212283970852095,2020
2020-01-07,7757.74,8215.33,7733.0,8152.49,280809.162,270720,526402,0.001230699970381332,0.049677464649093395,6.0505035475486695,2020
2020-01-08,8150.9,8468.42,7870.11,8059.84,321225.114,330685,650971,0.002200902398381551,-0.011429696858106908,7.327191107111336,2020
2020-01-09,8059.77,8060.0,7750.01,7818.59,187263.143,187480,362420,0.0010338933897092587,-0.030389473810270573,3.921942283153315,2020
2020-01-10,7817.91,8210.62,7670.0,8207.09,253783.948,283839,542054,0.0015124935651937264,0.04849418344116607,6.81118228952456,2020
2020-01-11,8207.2,8292.19,8003.87,8020.56,164741.715,180447,354690,0.0012631210533872491,-0.022990169958621465,3.5388933252206307,2020
2020-01-12,8020.58,8195.0,7956.28,8186.7,108629.96399999999,127927,243290,0.0005031697536755798,0.02050264138663138,2.9562658258740977,2020
2020-01-13,8186.22,8200.0,8053.78,8113.0,74581.364,99698,184440,0.0002703507441358836,-0.009043172850853765,1.799260783359138,2020
2020-01-14,8112.99,8893.0,8109.02,8825.0,290777.98099999997,334933,652920,0.0019640079096447417,0.08412088940643336,9.228742806276102,2020
2020-01-15,8825.0,8921.2,8570.52,8825.3,237633.837,247610,435491,0.0014677829330050321,3.3993756483496895e-05,4.010205914327552,2020
2020-01-16,8825.35,8868.21,8596.25,8725.08,167958.963,176765,294579,0.0008778205952713491,-0.011420959474946812,3.11469104713004,2020
2020-01-17,8724.99,9039.0,8680.0,8918.72,205717.686,219123,390463,0.0009077126930836271,0.021950801436384282,4.052702014401514,2020
2020-01-18,8918.73,8995.0,8816.0,8925.0,114708.682,130826,220520,0.00043801498722339106,0.0007038891284221194,2.0100614991937675,2020
2020-01-19,8925.0,9205.3,8440.91,8705.85,225314.525,260619,444795,0.0026962180208093883,-0.024861114180925625,8.668928243619698,2020
2020-01-20,8705.98,8750.37,8526.06,8650.0,125161.675,133239,240897,0.0004893114668619533,-0.006435892540990196,2.596862957385868,2020
2020-01-21,8650.0,8790.1,8448.6,8742.43,107577.153,108790,200875,0.0005713054490553702,0.01062886211652625,3.962534102746663,2020
2020-01-22,8742.78,8820.0,8585.85,8684.57,94305.496,101190,180455,0.0002197795854713287,-0.006640295243485639,2.690637066942759,2020
2020-01-23,8684.47,8694.0,8326.0,8409.6,163407.064,181030,335447,0.0006467017007924138,-0.03217397738878347,4.324998379381674,2020
2020-01-24,8410.0,8528.0,8247.0,8441.96,144785.391,161143,316370,0.0005281321104079684,0.0038405987073435455,3.3505369572270327,2020
2020-01-25,8442.82,8455.0,8272.0,8344.64,96961.71399999999,96116,186872,0.00040461778195319525,-0.011595092556683895,2.188166458447033,2020
2020-01-26,8344.37,8624.45,8300.0,8611.21,117898.916,117596,218347,0.0004328062907514466,0.03144542624940527,3.8345677965656457,2020
2020-01-27,8611.21,9015.48,8565.0,8913.61,172235.328,183039,359034,0.0005968525910916417,0.03451447933684548,5.125896805410051,2020
2020-01-28,8913.61,9436.06,8905.0,9398.98,244467.546,233624,455985,0.0013877917060985034,0.053021850584999086,5.792560341012423,2020
2020-01-29,9399.72,9460.52,9242.0,9311.0,169460.643,176021,338155,0.0007066926719248243,-0.009404675843562416,2.336903739253786,2020
2020-01-30,9311.23,9599.0,9210.42,9525.67,190137.536,197788,393732,0.0006820303845964327,0.022793762839894427,4.132347454808842,2020
2020-01-31,9525.67,9550.72,9220.0,9364.51,146644.026,143819,266727,0.0005129669426672704,-0.017063247696412986,3.5241506752408864,2020
2020-02-01,9364.5,9477.76,9306.0,9392.74,109040.285,130164,229569,0.00028645387039897223,0.00301003839202707,1.8288648004490111,2020
2020-02-02,9392.99,9489.92,9160.01,9338.2,148402.977,140351,285872,0.00036832639617917186,-0.0058235362600171925,3.5382912271566576,2020
2020-02-03,9340.49,9647.61,9250.0,9300.64,159049.385,148223,313233,0.0007303445930650886,-0.004030299186167596,4.208666475789691,2020
2020-02-04,9300.63,9368.0,9105.0,9198.35,147843.902,134621,282503,0.00043200082832916647,-0.011059094851551876,2.847591311584488,2020
2020-02-05,9198.32,9799.08,9179.88,9630.0,212311.697,190861,387332,0.0005888114029426695,0.045859105665870814,6.527437106719644,2020
2020-02-06,9630.0,9884.0,9550.0,9778.12,200556.367,182063,366953,0.0007525962361216309,0.01526401071946637,3.437613363372477,2020
2020-02-07,9777.97,9900.0,9736.66,9821.52,129740.76699999999,120536,244078,0.0003795372242191294,0.004428660009446972,1.6636614106260248,2020
2020-02-08,9821.52,9956.0,9680.55,9906.43,129267.269,118796,238583,0.0003290124770012615,0.008608144720531286,2.805666664913361,2020
2020-02-09,9906.09,10184.34,9892.15,10167.38,143407.013,138130,270733,0.0003483913366385332,0.026000515158829174,2.9109733087976,2020
2020-02-10,10167.37,10213.56,9750.0,9865.56,184242.737,170845,333889,0.0009492157953678072,-0.03013465220921141,4.644896415974754,2020
2020-02-11,9865.56,10409.96,9729.36,10229.06,190119.815,182689,381836,0.001140099384730035,0.036182784924589484,6.7614922076408375,2020
2020-02-12,10230.74,10479.98,10229.71,10339.99,159674.258,171309,336615,0.0006758092916171512,0.010786212828140407,2.417053892849539,2020
2020-02-13,10339.64,10540.0,10101.0,10239.63,213052.717,222237,454247,0.001783309546926637,-0.00975341581577105,4.254311426616908,2020
2020-02-14,10240.02,10390.0,10123.37,10356.82,130975.746,141277,267110,0.00046322459027741173,0.011379753759596767,2.5997192732757495,2020
2020-02-15,10356.27,10389.75,9752.3,9914.99,152146.127,162595,325934,0.001331706676423852,-0.04359748650727191,6.331658859773307,2020
2020-02-16,9914.31,10060.45,9626.64,9921.86,141547.956,162549,321449,0.000692398430366239,0.0006926503224722325,4.407764001192593,2020
2020-02-17,9921.87,9971.0,9461.89,9716.0,185338.179,201303,399493,0.0009495132446355639,-0.020966392580927362,5.240872815444074,2020
2020-02-18,9716.0,10270.0,9598.0,10174.32,166119.369,184668,398826,0.0010021297448741563,0.046092887488647705,6.7672280504413065,2020
2020-02-19,10174.53,10286.0,9293.07,9593.65,187495.927,212069,442535,0.0033524135793490013,-0.058765477348195816,10.151478625450896,2020
2020-02-20,9593.31,9700.0,9382.59,9601.99,143105.587,168303,340441,0.0009257734365346559,0.0008689473781302581,3.32700412021652,2020
2020-02-21,9601.51,9759.59,9547.0,9681.39,98954.288,116374,222939,0.0004872576386045474,0.008235117362518807,2.2023422330014597,2020
2020-02-22,9681.39,9710.7,9565.0,9659.2,58419.547,76271,137989,0.0001884336062071178,-0.0022946569610020617,1.5117767440831396,2020
2020-02-23,9658.95,10018.9,9657.0,9943.12,97134.358,112192,229104,0.0005121451192424526,0.028970025657200082,3.6790268206502765,2020
2020-02-24,9943.12,10000.0,9487.38,9662.95,157965.671,182282,357670,0.0008496137818487322,-0.028581870089928074,5.262259857363078,2020
2020-02-25,9662.88,9686.78,9247.0,9326.0,168641.725,186344,370353,0.0006830175935906479,-0.035492786241167806,4.646289474125887,2020
2020-02-26,9326.0,9384.0,8610.0,8792.22,267005.172,281750,594555,0.0015247705282905371,-0.05893895884991984,8.608179291153492,2020
2020-02-27,8793.96,8978.0,8533.9,8828.0,200638.488,209688,447761,0.0014536759883617223,0.00406124885828163,5.073067349713069,2020
2020-02-28,8827.12,8908.86,8450.0,8699.57,196066.11,221166,479621,0.0016492733405306355,-0.014654889242779134,5.287984579988538,2020
2020-02-29,8699.86,8799.83,8530.0,8531.98,103524.685,117073,217411,0.0006511038069566557,-0.019452142661622318,3.114304161215632,2020
2020-03-01,8532.5,8762.24,8409.0,8537.84,174332.916,180044,346326,0.0009752826658468994,0.0006865919183915992,4.1149019172438415,2020
2020-03-02,8537.84,8972.0,8504.95,8919.7,160294.484,159279,330286,0.0006035942831905845,0.04375426533086468,5.346026972218521,2020
2020-03-03,8919.7,8922.34,8657.41,8765.0,160123.605,162872,331015,0.0009679784190002304,-0.017495795366148315,3.014264239783976,2020
2020-03-04,8765.0,8853.88,8669.23,8756.93,105462.12,108799,219177,0.0003807806676228101,-0.0009211314701751405,2.107580616876299,2020
2020-03-05,8755.98,9172.3,8755.98,9062.81,161840.623,153006,305604,0.0005378232754581499,0.034333839589280046,4.6451177193237125,2020
2020-03-06,9062.62,9179.75,8994.14,9139.48,115011.583,115422,226911,0.00028787750607183377,0.008424264576307294,2.0426716985890896,2020
2020-03-07,9139.77,9204.0,8850.0,8897.18,125804.999,122450,240352,0.0005341545333387687,-0.026869118471912756,3.922071315328133,2020
2020-03-08,8895.62,8897.71,7997.7,8038.46,237407.028,228480,443337,0.0014357648176228034,-0.10149685004094522,10.663993991532784,2020
2020-03-09,8038.99,8182.31,7635.21,7932.15,334399.107,323966,630254,0.0025767452921631544,-0.013313401335706132,6.920406363247118,2020
2020-03-10,7932.45,8156.31,7733.0,7897.66,257068.702,234633,480453,0.0015714516271070015,-0.004357608155348913,5.329497519084994,2020
2020-03-11,7898.21,7988.0,7593.29,7938.39,220537.381,204781,401429,0.001392678456301922,0.005143970852717672,5.067545297924205,2020
2020-03-12,7938.39,7969.0,4347.0,4764.65,784747.02,846562,1559176,0.05296245061922137,-0.5104864017650304,60.60730624089561,2020
2020-03-13,4762.28,5971.0,3621.81,5570.26,935489.242,1344177,2491958,0.11579069363468387,0.1562176493329428,49.994051668552466,2020
2020-03-14,5569.84,5638.42,5040.0,5167.01,316242.586,463973,778184,0.007667243192308751,-0.07514754682314262,11.219780233566238,2020
2020-03-15,5167.21,5954.47,5089.12,5357.32,356311.765,507147,806813,0.009269308600562685,0.036169665378844584,15.703727040696474,2020
2020-03-16,5354.81,5361.26,4413.62,5026.26,621555.792,963222,1445469,0.022010070397420926,-0.06378768125882317,19.45038076697977,2020
2020-03-17,5027.11,5529.98,4913.49,5307.38,429908.098,693756,1054231,0.006310351119266875,0.05442213604263202,11.81997152820196,2020
2020-03-18,5306.42,5435.0,4982.75,5389.64,402005.703,582804,915737,0.0065989715053227024,0.01538028751298981,8.687757311246271,2020
2020-03-19,5389.94,6400.0,5246.5,6159.6,499391.19,681491,1105378,0.006098012995381594,0.13353324803429345,19.873680274979748,2020
2020-03-20,6159.41,6911.0,5650.0,6203.77,571898.016,818412,1274738,0.011769775293822168,0.007145331398735522,20.145879995090766,2020
2020-03-21,6204.47,6457.17,5854.01,6183.69,387679.649,652088,986672,0.006106002585200236,-0.003241991108358988,9.806424481193895,2020
2020-03-22,6183.84,6408.91,5730.35,5810.17,391002.795,645279,1072425,0.004594388188426388,-0.062305350330008835,11.191259878545981,2020
2020-03-23,5810.3,6619.9,5670.0,6463.84,489746.087,726654,1193611,0.006072846377483669,0.10661373810471098,15.489114635498199,2020
2020-03-24,6463.21,6840.0,6369.0,6741.33,437968.553,675693,1114257,0.004693316156322956,0.04203366639699091,7.1345260245230415,2020
2020-03-25,6740.86,6960.71,6436.26,6673.41,400684.542,621844,1046097,0.003922759738752989,-0.010126261169729034,7.833385456100784,2020
2020-03-26,6673.57,6777.5,6500.0,6733.76,281245.628,435977,808889,0.0015590186166307754,0.00900270640366152,4.180612548909201,2020
2020-03-27,6733.76,6840.0,6230.0,6353.64,258213.519,390469,741333,0.002671611450039875,-0.05810580304967594,9.341139883509737,2020
2020-03-28,6353.64,6354.74,6004.0,6230.95,341944.185,596263,1008455,0.0026278332655602027,-0.019499067882716048,5.67750773660647,2020
2020-03-29,6231.81,6260.0,5857.6,5876.27,251335.919,395075,695647,0.001404649296698176,-0.05860660225415515,6.644022172817247,2020
2020-03-30,5876.27,6606.15,5850.0,6391.08,387321.998,542040,1071219,0.0021759754661934082,0.08398106131110339,12.155937209737717,2020
2020-03-31,6389.52,6516.63,6320.0,6407.1,262522.64400000003,380736,790788,0.0010276655462429175,0.0025034822712317606,3.0638162990204236,2020
2020-04-01,6407.1,6693.0,6140.0,6641.51,390529.602,488222,1158799,0.0018330623991499957,0.03593259680933336,8.623746195945408,2020
2020-04-02,6641.22,7290.0,6542.73,6791.63,531321.428,663024,1382876,0.005670857860210264,0.02235162439799332,10.814903645896115,2020
2020-04-03,6791.65,7049.11,6600.0,6729.8,411944.927,546956,1074346,0.001851925057517428,-0.009145546138199734,6.5831718687962875,2020
2020-04-04,6729.8,7020.0,6629.99,6851.1,319849.757,438210,918658,0.001707376730407559,0.017863797790480973,5.715992213671197,2020
2020-04-05,6851.4,6893.44,6668.02,6768.9,239224.508,344754,698862,0.0006971621550207329,-0.01207063113707818,3.3247270456044142,2020
2020-04-06,6768.9,7370.0,6760.0,7325.73,461331.013,590927,1279153,0.0010749054870988948,0.0790542164541641,8.639481614637258,2020
2020-04-07,7325.73,7457.0,7070.43,7192.9,419572.04,510343,1075255,0.0013232036815674737,-0.018298380257141034,5.323189013490893,2020
2020-04-08,7192.9,7417.83,7145.14,7357.66,332599.575,474089,1007080,0.0009522753946371801,0.022647519022735096,3.7454156264799967,2020
2020-04-09,7357.15,7365.69,7105.98,7278.65,293638.581,419859,844238,0.00077366698371349,-0.010796541954084304,3.5896048808743775,2020
2020-04-10,7278.83,7290.0,6741.0,6857.82,440148.453,598431,1366733,0.0017187047915514966,-0.059555798474995925,7.829526414926505,2020
2020-04-11,6858.0,6944.28,6757.29,6874.18,224157.844,322443,703329,0.0005288352438837708,0.002382756734686353,2.7296377021758156,2020
2020-04-12,6874.17,7173.98,6775.66,6900.52,321594.822,419145,960439,0.0009061172467566425,0.003824407370652594,5.712381226599983,2020
2020-04-13,6900.19,6900.99,6558.0,6834.0,421954.773,578071,1257602,0.002046704663061059,-0.009686617389357721,5.097920114960556,2020
2020-04-14,6834.01,6975.6,6751.0,6864.11,280445.427,416819,1002761,0.0007678158294988049,0.004396234005177746,3.2727703453434747,2020
2020-04-15,6864.11,6929.0,6602.59,6616.89,281136.689,364980,978500,0.0006362704733689993,-0.036680916654196594,4.825350634869511,2020
2020-04-16,6616.88,7190.92,6465.33,7098.15,559868.603,616354,1570129,0.002489927259067405,0.0702087156703719,10.636506403644812,2020
2020-04-17,7098.15,7140.0,6981.0,7022.44,277339.60099999997,337351,815405,0.0006605417578305669,-0.010723450720515615,2.2520603363228577,2020
2020-04-18,7022.0,7290.0,7008.11,7242.42,225807.171,284687,665801,0.0003792431991729706,0.03084466869686331,3.943549616263088,2020
2020-04-19,7242.49,7258.42,7055.0,7118.03,216975.114,271368,687566,0.00040284115868539027,-0.017324402944639772,2.842558899290214,2020
2020-04-20,7118.04,7208.55,6735.95,6825.29,445104.98099999997,472639,1327875,0.001179821857257473,-0.041996170735355776,6.780896739194883,2020
2020-04-21,6825.28,6940.0,6759.16,6838.0,288024.528,341705,927606,0.0006122339155150626,0.001860460206305703,2.640315253982746,2020
2020-04-22,6838.0,7154.9,6812.57,7120.06,306482.163,337820,926951,0.00036896963335374415,0.04042086113756049,4.902800150442379,2020
2020-04-23,7120.06,7802.38,7020.0,7483.35,472510.047,492425,1298970,0.0017011162192496457,0.04976440033449414,10.5665597320811,2020
2020-04-24,7483.36,7612.91,7388.0,7504.11,278378.368,322725,808016,0.0005101530322359511,0.0027703177559335046,2.9988428033582926,2020
2020-04-25,7504.62,7722.33,7433.0,7534.01,243266.807,265925,645606,0.0003766154809195921,0.003976566140035942,3.8186586228507258,2020
2020-04-26,7534.01,7709.57,7476.86,7694.17,269921.936,298927,720885,0.0005267793329546736,0.021035462639943603,3.064949653962529,2020
2020-04-27,7693.63,7795.6,7623.98,7774.0,290336.169,316380,755785,0.0005163382445298919,0.010321933204952671,2.2260928912130393,2020
2020-04-28,7774.0,7780.0,7662.49,7735.75,217652.761,235487,588167,0.0002543354733351077,-0.004932391243830381,1.5219341985918213,2020
2020-04-29,7735.76,8988.66,7710.0,8784.2,871197.569,827370,2033439,0.003323413401233741,0.1271022119920815,15.344559529355855,2020
2020-04-30,8784.05,9479.77,8400.0,8624.76,944211.711,956678,2329118,0.004578100110140656,-0.0183175167349674,12.09283485199695,2020
2020-05-01,8623.61,9065.0,8619.84,8830.52,417820.386,533783,1303431,0.0012055013442228135,0.02357676658582264,5.035432118839797,2020
2020-05-02,8830.52,9020.0,8755.01,8975.18,295769.728,362421,893324,0.0006112392971179724,0.016249086854399408,2.9818226132914747,2020
2020-05-03,8975.18,9200.0,8727.24,8900.0,451322.713,531067,1308158,0.0014887245862866061,-0.008411713145441979,5.275431539256032,2020
2020-05-04,8899.99,8954.94,8526.0,8873.98,440135.30700000003,527367,1272135,0.0011303233386104968,-0.002927877558990488,4.908501697970621,2020
2020-05-05,8873.99,9118.17,8766.12,9022.78,409920.13,493597,1172631,0.001196528062709062,0.016629091401465956,3.937483490015809,2020
2020-05-06,9022.76,9405.0,8916.01,9148.27,507753.8,568958,1337479,0.0011738883618737156,0.01381229979242704,5.339292565081671,2020
2020-05-07,9148.29,10080.0,9022.0,9995.0,738920.219,792028,2004469,0.0017174354227311582,0.08852017757936714,11.088722365701836,2020
2020-05-08,9994.74,10045.03,9726.0,9807.49,458034.211,563336,1342120,0.0011323573403006495,-0.01893858847914842,3.227527284132181,2020
2020-05-09,9809.63,9923.98,9528.23,9550.67,411941.957,511911,1189983,0.0009459249513552628,-0.026535070373405745,4.069507937079697,2020
2020-05-10,9550.25,9580.0,7940.0,8719.53,842909.031,1008523,2157408,0.013031599114858733,-0.09104597171409878,18.776431672372485,2020
2020-05-11,8723.23,9164.0,8151.12,8561.09,805164.964,1017554,2107410,0.006150299136380756,-0.018337818890060475,11.71274234673128,2020
2020-05-12,8560.73,8981.0,8520.43,8808.71,369716.041,573185,1104068,0.0014625178959148091,0.02851348621372729,5.26444256375618,2020
2020-05-13,8808.71,9397.0,8790.04,9305.91,379719.0,589110,1154539,0.0009621931353048939,0.054908677486428914,6.677122708848528,2020
2020-05-14,9305.91,9950.0,9250.66,9786.8,602528.438,822404,1596856,0.002192360375418179,0.050384856767793806,7.28776508402029,2020
2020-05-15,9787.62,9843.5,9100.0,9310.73,504107.096,721064,1399261,0.0023750037434639064,-0.04986704043705892,7.8536925355200475,2020
2020-05-16,9311.21,9585.0,9210.03,9374.99,287768.201,510810,918028,0.0009208899774555451,0.0068780066626974445,3.9906268906707174,2020
2020-05-17,9374.99,9880.0,9317.16,9678.57,300859.34,491970,973266,0.0008304793638351179,0.031868657913770804,5.865465052920641,2020
2020-05-18,9677.31,9958.67,9450.0,9731.1,363732.37,533078,1065425,0.0011358409794479556,0.005412779120172573,5.24287870378327,2020
2020-05-19,9731.11,9900.0,9462.0,9773.64,376313.84500000003,533604,1062705,0.0011034695450022082,0.004362023533927228,4.525097993158781,2020
2020-05-20,9772.66,9838.0,9281.42,9508.11,334423.59,468301,920679,0.0009910026317478736,-0.027543847121204834,5.823788603960342,2020
2020-05-21,9508.0,9573.0,8812.2,9060.0,461439.193,629726,1286185,0.001383507936631401,-0.048275998581017276,8.280951095848135,2020
2020-05-22,9060.0,9259.38,8920.0,9166.4,276008.073,419268,772928,0.000797527430334325,0.011675504617288723,3.7341145180979134,2020
2020-05-23,9166.43,9300.0,9076.9,9176.41,201589.66,330683,582528,0.00041244713549768304,0.0010914359352458547,2.4281675531195384,2020
2020-05-24,9176.32,9294.44,8674.0,8711.37,339643.378,459780,872058,0.0011177395345363587,-0.05200699164113587,6.9086326500419775,2020
2020-05-25,8711.37,8977.0,8623.38,8895.65,302980.106,429763,775095,0.0008218576875104824,0.020933324242783158,4.018863158561299,2020
2020-05-26,8895.66,9011.82,8693.18,8837.05,275619.158,396310,736181,0.0005976208761636398,-0.0066092826604666755,3.5998238803705402,2020
2020-05-27,8837.88,9230.0,8811.0,9197.32,272253.998,382971,700725,0.0006843822773803541,0.03995902672121332,4.645810763016802,2020
2020-05-28,9197.32,9621.65,9110.97,9569.59,327412.374,418938,801469,0.0006068652782146181,0.03967822506203689,5.4536585638440345,2020
2020-05-29,9569.58,9598.0,9317.42,9422.26,238691.299,338527,627717,0.0006296752619285696,-0.015515387444290596,2.9668977095734297,2020
2020-05-30,9422.11,9753.0,9326.01,9695.0,255234.058,371672,691896,0.0009571022523567848,0.028535313807052987,4.4767659333253516,2020
2020-05-31,9694.38,9698.0,9371.76,9446.43,219829.356,359264,676486,0.0005497491261396668,-0.025973396342743982,3.421876656012892,2020
2020-06-01,9446.49,10497.25,9420.85,10232.48,333740.457,482633,922467,0.0016088347042479537,0.07993008247408007,10.818800003541337,2020
2020-06-02,10232.41,10262.3,9264.15,9514.9,354168.517,499867,939395,0.004078857512754143,-0.07270798385455812,10.232487375049956,2020
2020-06-03,9514.9,9694.75,9382.33,9663.59,185389.412,315455,571997,0.0003539713276236039,0.015506223824390375,3.275636884962961,2020
2020-06-04,9663.58,9884.0,9440.0,9788.33,264515.319,406450,769445,0.0006292765148083487,0.012825644969069572,4.596130796895422,2020
2020-06-05,9788.32,9855.0,9580.52,9617.29,237103.042,340637,674699,0.0005092396473862259,-0.017628339555187722,2.8247070345528487,2020
2020-06-06,9616.64,9738.77,9528.0,9664.0,152526.703,281792,507355,0.000252033488551202,0.004845120982793105,2.18799942594724,2020
2020-06-07,9664.01,9823.13,9373.0,9743.92,253986.313,358168,695541,0.0004944966674007036,0.008235859560754122,4.6906593086968895,2020
2020-06-08,9743.92,9816.0,9631.0,9778.87,162086.419,250898,474606,0.00025295486729373217,0.003580434695740209,1.9026644829883015,2020
2020-06-09,9778.87,9890.0,9550.03,9771.66,204422.819,283921,553812,0.0007156787170043451,-0.0007375759457008968,3.4979849785659343,2020
2020-06-10,9771.66,10015.99,9681.21,9884.99,193628.149,275050,551989,0.0005717799843638206,0.01153108548502857,3.399592247805183,2020
2020-06-11,9884.99,9970.1,9055.07,9278.03,404046.613,489911,1027558,0.001998639254670014,-0.06336820520846942,9.626579217260494,2020
2020-06-12,9277.72,9550.0,9238.0,9458.91,211611.34,340937,641434,0.0004340039393197187,0.019307914658098113,3.321574248422517,2020
2020-06-13,9458.77,9497.85,9340.0,9468.54,113449.075,177000,348090,0.0002247155231434089,0.0010175698079706308,1.6759204962987506,2020
2020-06-14,9468.55,9477.0,9240.97,9339.61,143978.523,209416,422272,0.0003163234619572803,-0.013710228765580368,2.522095198932872,2020
2020-06-15,9339.7,9490.83,8888.43,9422.01,413865.727,513518,1088825,0.0008628104463416623,0.008783946142772336,6.557563827706598,2020
2020-06-16,9422.01,9595.0,9370.0,9519.12,225713.247,298650,641488,0.0005353470728171554,0.010253965932852438,2.372903320933251,2020
2020-06-17,9519.13,9569.0,9231.03,9458.45,227477.39,283439,623537,0.0002811612189562201,-0.0063938856967791224,3.595807187564019,2020
2020-06-18,9458.45,9483.85,9272.41,9381.59,158349.247,217808,477815,0.00022947935224614107,-0.008159263611258183,2.2547027752481577,2020
2020-06-19,9381.99,9453.0,9239.0,9307.0,219510.059,263122,588538,0.00029748218220465,-0.007982453044313331,2.2898496754639095,2020
2020-06-20,9307.0,9394.29,9165.0,9354.04,154462.29,203691,425349,0.00014920161278730363,0.005041530336434619,2.4710176605218397,2020
2020-06-21,9353.84,9420.47,9279.0,9293.51,110599.558,157268,316619,8.607802187665408e-05,-0.006492028453441989,1.5131198815460478,2020
2020-06-22,9293.39,9795.0,9273.0,9686.99,260561.647,283330,634767,0.00028286991599203715,0.041467441045803355,5.47650995784152,2020
2020-06-23,9686.99,9723.23,9585.0,9631.66,164673.499,207302,432869,0.000176167889866992,-0.0057281591922517805,1.431849130056826,2020
2020-06-24,9631.65,9678.0,9210.0,9298.4,300450.251,309181,748649,0.0005476276065343663,-0.035213246592757486,4.956541810391127,2020
2020-06-25,9298.78,9350.9,9005.0,9246.75,272566.502,323076,724717,0.000670569679615856,-0.005570203912725447,3.7692616724790877,2020
2020-06-26,9246.75,9297.16,9038.52,9159.99,249348.67,304003,682581,0.0005451153100731862,-0.009427051452249202,2.8213532991408297,2020
2020-06-27,9159.99,9195.75,8816.4,9008.0,237840.165,279546,635966,0.0005788721536717191,-0.016732015585050775,4.2127797366374145,2020
2020-06-28,9008.0,9188.0,8932.68,9114.0,153842.891,218647,480457,0.00029087858428555896,0.011698621444356405,2.8181822980954108,2020
2020-06-29,9114.01,9233.0,9022.0,9189.48,176660.525,230244,513754,0.00022233902828472092,0.00824765868235744,2.3117983804286655,2020
2020-06-30,9189.99,9205.0,9063.97,9138.87,143469.832,186709,418034,0.0001605496706306913,-0.005522606086223902,1.5439600761812515,2020
2020-07-01,9138.88,9293.0,9090.0,9233.29,161642.185,201990,446516,0.00019401210152803207,0.01027868593555148,2.2086520385814694,2020
2020-07-02,9233.29,9262.99,8936.0,9087.72,230747.519,281188,649904,0.00043288048877111464,-0.015891379728369515,3.593882894055183,2020
2020-07-03,9087.72,9124.52,9036.06,9057.52,96947.338,150113,334878,0.0001101366080666268,-0.003328699745527075,0.9742056655303443,2020
2020-07-04,9058.07,9194.0,9042.84,9137.18,100215.438,131544,300402,0.00015141877236491292,0.008756452043348517,1.6577813025613115,2020
2020-07-05,9137.18,9146.35,8900.0,9071.86,139545.566,173316,424855,0.00022416420108730211,-0.007174489175273635,2.730361586090658,2020
2020-07-06,9071.87,9379.0,9058.1,9339.6,199643.828,227309,543847,0.0002136431684988433,0.029086110003650134,3.4813762489047106,2020
2020-07-07,9339.59,9380.0,9201.23,9258.51,127833.975,174076,405928,0.00015168939538463203,-0.008720296187487264,1.924259224743194,2020
2020-07-08,9258.51,9470.0,9233.47,9436.08,170243.001,203065,503111,0.0002110222590224614,0.01899751109448644,2.5293981338300693,2020
2020-07-09,9436.08,9440.81,9164.33,9236.28,188355.856,211342,526694,0.00019960048574091087,-0.021401432491300554,2.972300714244717,2020
2020-07-10,9236.29,9317.24,9121.42,9288.39,140849.874,176612,418173,0.00015483152963306234,0.00562602599122819,2.1240953780757517,2020
2020-07-11,9288.39,9301.74,9178.91,9233.5,74976.521,128012,268041,0.00010841297207398368,-0.00592705827434159,1.329301823375067,2020
2020-07-12,9233.5,9349.0,9155.0,9300.69,127841.882,158031,369869,0.000235788879674259,0.0072504160516011495,2.0969207582704654,2020
2020-07-13,9300.7,9345.0,9200.0,9241.2,136117.659,169875,407784,0.00012112886121741769,-0.00641684360432393,1.5637956852531523,2020
2020-07-14,9241.18,9279.0,9116.0,9254.17,129704.278,162502,381121,0.00016115542911493202,0.0014025133994124417,1.77226709876044,2020
2020-07-15,9254.17,9272.56,9156.0,9197.3,104107.708,127433,307679,7.880897985546106e-05,-0.006164298029526449,1.2650099017185412,2020
2020-07-16,9197.75,9223.0,9044.02,9132.0,148089.45,173287,402299,0.00014837497494232595,-0.007125234053404483,1.9596598429423369,2020
2020-07-17,9132.0,9187.0,9087.0,9151.69,80940.584,114713,244169,6.565979633965203e-05,0.0021538330185890686,1.0944620576119535,2020
2020-07-18,9151.7,9210.0,9121.98,9171.8,63233.596,94409,206354,5.3898544569155264e-05,0.0021949975767920904,0.9602964481754709,2020
2020-07-19,9171.79,9239.59,9108.0,9210.51,75554.579,107207,243001,6.259956635750346e-05,0.0042116640640035286,1.4344364173247866,2020
2020-07-20,9210.68,9221.0,9131.01,9161.13,72429.691,109953,245657,5.563588290089056e-05,-0.005375689804001382,0.9807178753101821,2020
2020-07-21,9161.28,9439.6,9152.62,9388.01,179211.347,198713,515483,0.00020000783184474742,0.02446380965488082,3.087342928018296,2020
2020-07-22,9388.0,9543.0,9272.0,9518.25,126598.902,150170,417994,0.00017407183506712833,0.013777665198432487,2.880879539766608,2020
2020-07-23,9518.25,9678.32,9439.86,9604.41,166990.147,206667,566970,0.00015027240686797644,0.009011359617151271,2.494718296832611,2020
2020-07-24,9604.41,9650.0,9470.0,9539.7,133975.068,192850,531836,0.00017017377788582783,-0.006760329568534118,1.8829008152907778,2020
2020-07-25,9539.7,9735.1,9526.31,9701.49,133377.589,183694,517523,0.00024441778147518705,0.016817443535357413,2.168046662067242,2020
2020-07-26,9701.54,10300.0,9655.2,9939.69,261998.786,305366,811567,0.0011655214242730389,0.024256351099197104,6.4647264914038844,2020
2020-07-27,9939.68,11488.0,9928.61,11047.58,744752.4,790435,2085818,0.0035350017435846885,0.10567556639446529,14.588252390589492,2020
2020-07-28,11047.58,11270.0,10580.0,10919.94,499486.679,580360,1527878,0.002513448360813761,-0.011620923657712723,6.317890162153167,2020
2020-07-29,10919.94,11364.8,10844.34,11113.03,356188.761,409024,1016186,0.0012019324701848023,0.017527817944774426,4.687757437250176,2020
2020-07-30,11113.01,11195.52,10826.55,11111.96,230327.988,294916,705335,0.0006698892185393494,-9.628800740379972e-05,3.351224757447073,2020
2020-07-31,11111.97,11450.42,10971.78,11343.68,307399.731,351893,843301,0.0006493817536722499,0.020638754913646196,4.269988871489269,2020
2020-08-01,11343.67,11887.45,11201.0,11811.42,386322.642,460864,1058421,0.0011127650317217937,0.040406099421399944,5.948016173421733,2020
2020-08-02,11811.43,12154.25,10490.0,11079.72,492803.351,581648,1353476,0.005373140229137752,-0.0639504498268817,14.725648045329276,2020
2020-08-03,11080.7,11483.0,10923.0,11227.07,238654.59100000001,314774,698614,0.0007106419211389144,0.013211416184770286,4.999702293264608,2020
2020-08-04,11227.07,11427.38,11025.0,11200.05,200044.934,275221,628935,0.0005957768206266918,-0.0024095838496762667,3.5846808851249627,2020
2020-08-05,11200.06,11798.56,11103.0,11752.5,263510.011,336512,770746,0.0006828520735524579,0.04814774133934918,6.076214805444334,2020
2020-08-06,11752.5,11916.02,11571.78,11770.56,236459.595,309837,701917,0.0005489799796318239,0.001535514813847172,2.93143377388776,2020
2020-08-07,11769.97,11920.0,11318.93,11596.06,273935.127,345879,861575,0.0006451426498650569,-0.014936113485973124,5.1741116297942025,2020
2020-08-08,11596.26,11819.0,11513.69,11765.72,154707.30299999999,235952,578295,0.0004500739811694396,0.014524833532792769,2.617164388394231,2020
2020-08-09,11765.72,11811.0,11526.9,11685.99,125463.463,231697,506961,0.00039865087036411516,-0.006799530369734796,2.4347866332580734,2020
2020-08-10,11685.99,12100.0,11384.9,11896.89,290418.014,374382,911232,0.0024935035756222215,0.017886333016154055,6.0917536612611904,2020
2020-08-11,11896.86,11944.0,11127.0,11392.64,336861.638,438790,1084362,0.0014141752731045695,-0.04330948855635697,7.085447306132578,2020
2020-08-12,11392.64,11630.0,11140.0,11568.36,213799.491,315481,757273,0.0006425654382243713,0.015306252397254028,4.304573203143504,2020
2020-08-13,11568.37,11798.0,11272.0,11790.0,248214.725,390292,885018,0.0007593838090991972,0.018977929285147965,4.560825098450445,2020
2020-08-14,11790.0,11868.42,11644.6,11767.89,159019.959,273532,584032,0.00044430332725358415,-0.0018770786765625047,1.9038537844372025,2020
2020-08-15,11767.89,11993.58,11682.0,11859.04,222262.987,353163,785891,0.0005749820448603914,0.007715810069933937,2.6322311006318824,2020
2020-08-16,11858.91,11945.0,11688.0,11921.23,165733.721,281640,639729,0.0003106745869167865,0.005230398290509086,2.1750106329374534,2020
2020-08-17,11921.32,12499.42,11780.0,12298.06,331435.112,482667,1161367,0.0015837471533563284,0.031120682128305432,5.927906500830151,2020
2020-08-18,12298.06,12403.0,11810.0,11960.79,291349.888,423978,981973,0.0010002646710661576,-0.027807726508710218,4.899174862392148,2020
2020-08-19,11962.03,12037.05,11574.78,11763.87,313267.066,424718,1046341,0.0008005853046195592,-0.01660082988510503,3.916079993571463,2020
2020-08-20,11763.88,11888.0,11676.03,11857.92,130981.044,226464,543754,0.0002704205201795917,0.007963028794515381,1.7991465613762778,2020
2020-08-21,11858.53,11882.68,11491.0,11538.53,195106.536,307130,736783,0.00038502083721460637,-0.02730412881171418,3.351775744316822,2020
2020-08-22,11538.53,11689.08,11385.06,11670.47,126696.73,224990,523937,0.00028988756521985346,0.011369849744399474,2.635310304957673,2020
2020-08-23,11670.48,11724.0,11522.15,11654.0,95608.033,190155,435619,0.0001889541097670108,-0.0014122509739689093,1.7366753050031245,2020
2020-08-24,11654.0,11831.96,11595.0,11753.3,108781.125,181321,483641,0.00016289580178388454,0.008484583501838117,2.0230374032679364,2020
2020-08-25,11753.29,11770.0,11130.0,11327.17,267234.771,345540,857056,0.0006136819890193283,-0.03692978772972744,5.590975598473179,2020
2020-08-26,11327.18,11548.68,11255.95,11466.22,170305.024,249394,589715,0.00041887175916609226,0.012201056971171909,2.5674266995522643,2020
2020-08-27,11466.22,11593.0,11130.82,11335.53,253778.342,335789,836864,0.0006077587637032003,-0.011463280768055029,4.068363036174221,2020
2020-08-28,11335.83,11544.88,11283.19,11526.85,129477.627,214986,540434,0.00024436804851084623,0.01673705591192487,2.2928041134866173,2020
2020-08-29,11526.85,11582.0,11419.34,11466.66,83715.229,155722,363971,0.00016304344552993708,-0.005235402292308677,1.4143759590842402,2020
2020-08-30,11466.27,11724.12,11457.88,11714.14,113266.672,179099,432138,0.0002368935247814044,0.021352964791459428,2.2970555311198235,2020
2020-08-31,11714.13,11784.21,11575.78,11658.11,127272.378,200850,479728,0.00022168947684487577,-0.004794583947624886,1.7845515464478248,2020
2020-09-01,11658.11,12061.07,11531.34,11930.18,211680.828,276153,688502,0.00043535891830147116,0.023069248849854063,4.491436432640027,2020
2020-09-02,11930.17,11961.0,11156.0,11396.96,280411.964,384140,905753,0.00080813024912168,-0.045724670837508086,6.967388730208506,2020
2020-09-03,11396.44,11475.0,9901.16,10141.08,487812.737,571089,1372974,0.0032375970365233603,-0.11675215180479626,14.751883395296234,2020
2020-09-04,10141.4,10635.77,9878.65,10448.0,432563.841,516097,1249839,0.002467001891423313,0.02981607116696594,7.384698572841586,2020
2020-09-05,10448.0,10567.87,9808.58,10168.71,399307.282,591143,1315104,0.0032973216672856714,-0.027095214176760862,7.456075301235854,2020
2020-09-06,10168.23,10348.97,10003.0,10258.13,190207.654,335933,771859,0.0009747635142619373,0.008755203565138814,3.4001949847985746,2020
2020-09-07,10258.13,10420.55,9879.68,10378.76,258476.949,371648,969133,0.0009908182913069062,0.011690848178352198,5.329969547036173,2020
2020-09-08,10379.3,10443.79,9842.01,10129.02,317802.322,445210,1173460,0.001932371408055147,-0.024356838869513453,5.934758489920532,2020
2020-09-09,10130.0,10346.0,9981.13,10219.29,151222.689,266301,640882,0.0005405600200182846,0.008872539506734611,3.5903661214675973,2020
2020-09-10,10219.29,10484.6,10211.67,10335.91,187667.873,279000,688022,0.0005976565956900724,0.011347128833968156,2.6376329954963342,2020
2020-09-11,10335.91,10397.85,10200.8,10387.81,135929.30299999999,229274,541085,0.00028611795856047217,0.005008763726234378,1.9132905419150266,2020
2020-09-12,10387.81,10477.7,10271.0,10438.28,97429.037,203957,438259,0.00014833146194073583,0.004846814625478757,1.9924798974264284,2020
2020-09-13,10438.29,10580.0,10209.01,10327.72,159021.843,260397,556241,0.00034553996951115583,-0.010648275513718275,3.569476271588714,2020
2020-09-14,10327.72,10746.06,10241.57,10664.1,205260.236,297810,713135,0.0004527992068319734,0.03205141776678744,4.8084247592458516,2020
2020-09-15,10664.1,10923.42,10592.0,10776.78,247657.23,296308,786180,0.0005858562964760955,0.010510859385254534,3.0810108902540714,2020
2020-09-16,10776.88,11089.08,10661.9,10948.17,252881.019,320149,840472,0.000514040400922338,0.015778499446154726,3.928420104839756,2020
2020-09-17,10948.16,11040.0,10740.0,10935.33,186484.361,249545,658642,0.000336844410047844,-0.001173487008337304,2.7549951768230647,2020
2020-09-18,10935.97,11035.0,10810.1,10926.29,136028.351,226680,548421,0.0002243393307804,-0.0008270201856266368,2.0591157406568215,2020
2020-09-19,10926.3,11177.0,10880.0,11073.74,126239.232,232909,537084,0.0002422138093382271,0.013404727893014723,2.6931853975677935,2020
2020-09-20,11073.2,11073.9,10751.0,10914.28,150450.562,233351,556991,0.0003337356852071449,-0.014504516150422475,2.959221469617529,2020
2020-09-21,10915.52,10980.69,10281.0,10414.73,333047.145,368440,1017541,0.0006643138090572341,-0.04685087332777904,6.584074407641147,2020
2020-09-22,10414.73,10574.08,10353.1,10523.32,179900.686,251529,628666,0.000362218981459985,0.010372596646295307,2.111973173853802,2020
2020-09-23,10523.32,10531.94,10132.21,10237.91,203027.542,270139,718731,0.00038037209488038976,-0.02749624965802866,3.8693086358164654,2020
2020-09-24,10237.91,10837.27,10191.0,10724.92,241646.573,298967,849084,0.00046102080029517033,0.0464725083614983,6.148614142821131,2020
2020-09-25,10724.91,10754.29,10551.56,10683.51,170930.773,261298,658581,0.000336425385170312,-0.0038685743554935925,1.9031028444590339,2020
2020-09-26,10683.5,10827.8,10642.23,10726.5,109340.491,239804,553316,0.00017229968196403282,0.00401588395111574,1.7286852530286154,2020
2020-09-27,10726.5,10793.5,10584.0,10768.0,123440.716,224042,540964,0.0001915783990054922,0.0038614577279485474,1.9600674280140278,2020
2020-09-28,10768.0,11024.0,10627.19,10691.45,187105.377,269426,652011,0.0004196601557321699,-0.007134416278015365,3.6658903053087157,2020
2020-09-29,10691.94,10863.94,10631.49,10836.98,146888.319,240880,560608,0.00020694878487189505,0.013520002785593732,2.1628696110269185,2020
2020-09-30,10836.99,10845.99,10660.05,10773.0,132834.116,241088,527339,0.00020688707891366784,-0.0059213554978949645,1.729231726133221,2020
2020-10-01,10773.0,10935.14,10442.0,10612.63,253619.622,331165,794540,0.0005946838947302364,-0.014998202644079583,4.614532198479695,2020
2020-10-02,10612.62,10660.0,10371.03,10565.15,224747.037,308620,764820,0.00044412674042512435,-0.004483952477743358,2.7482076452769326,2020
2020-10-03,10565.44,10596.0,10491.11,10537.96,76315.911,199188,434460,0.00010473504969081622,-0.002576872797018126,0.9948339537672442,2020
2020-10-04,10537.96,10694.0,10514.0,10660.16,90912.105,218947,492034,0.00010026812962743714,0.011529452012707608,1.6975134129283465,2020
2020-10-05,10660.16,10792.0,10608.9,10785.0,130589.137,255718,593867,0.00011278073362467231,0.011642851835198087,1.711184743183626,2020
2020-10-06,10784.99,10792.0,10510.66,10593.65,184895.25,285892,699471,0.0002439859542463995,-0.017901514832972865,2.641513865239454,2020
2020-10-07,10593.65,10675.0,10540.29,10658.75,106700.522,222902,502888,9.430173071388085e-05,0.0061263860659757086,1.2699502148482391,2020
2020-10-08,10658.75,10958.0,10523.0,10919.45,207938.861,317688,754390,0.0002620400449022994,0.024164451673845733,4.050644535754881,2020
2020-10-09,10919.45,11110.0,10818.44,11050.47,154336.818,272348,640685,0.00020776216374223495,0.011927358247902475,2.6593518076938785,2020
2020-10-10,11050.46,11494.0,11050.46,11294.79,199398.012,299597,731572,0.0007949259378503286,0.021868596453780142,3.9353104028973065,2020
2020-10-11,11294.78,11450.73,11273.77,11369.59,146323.076,260783,587941,0.00020794891539922385,0.006600689856115949,1.557469489766583,2020
2020-10-12,11369.59,11732.0,11157.0,11530.36,254217.203,311640,781051,0.000511639654578566,0.014041309384568379,5.0253047504162,2020
2020-10-13,11530.37,11562.0,11308.0,11419.36,199115.115,265846,693780,0.0003640189710675727,-0.009673396064407314,2.2213418828940528,2020
2020-10-14,11419.36,11550.0,11280.5,11417.13,192936.97,275827,694620,0.0003392714128806022,-0.0001953014677038567,2.3609865639133667,2020
2020-10-15,11417.12,11649.48,11250.0,11502.0,215260.399,300666,768321,0.0003001532185097901,0.007406074133339047,3.489341517196757,2020
2020-10-16,11502.0,11538.92,11175.0,11318.92,212339.085,300007,725825,0.00032364957687595,-0.01604527142842649,3.204652867907176,2020
2020-10-17,11319.51,11424.09,11250.0,11356.25,95892.966,209274,459443,0.00013237895230305675,0.003292591299207004,1.5356155067027546,2020
2020-10-18,11356.25,11529.93,11342.54,11501.1,92472.191,192190,444193,8.545572212318922e-05,0.012674429806397214,1.6386004034553772,2020
2020-10-19,11501.5,11830.0,11404.01,11745.0,230161.648,298118,770332,0.0002569065860367724,0.02098493514213473,3.66736300549508,2020
2020-10-20,11744.99,12045.78,11673.0,11900.03,312811.802,392377,1059398,0.0004351725034442313,0.01311330301183311,3.143590846030165,2020
2020-10-21,11900.03,13240.0,11876.0,12796.07,591963.069,648285,1870576,0.0017397824761988252,0.07259717140911803,10.872299360734875,2020
2020-10-22,12796.06,13188.27,12675.5,12968.87,343851.66599999997,442458,1232587,0.0007916046615889181,0.013413777868384713,3.9656801726367297,2020
2020-10-23,12970.39,13043.0,12725.04,12925.82,237042.52599999998,365827,897416,0.00039350093038377845,-0.0033250090780985175,2.4679885538032424,2020
2020-10-24,12925.82,13177.59,12871.07,13110.88,176146.631,333753,801400,0.00034238943335546655,0.014215558533329897,2.353550231215241,2020
2020-10-25,13110.88,13369.0,12715.0,13023.81,206012.652,346401,889235,0.0005770357037587798,-0.006663199153759791,5.015619512690255,2020
2020-10-26,13024.21,13240.0,12729.0,13047.24,316503.296,435729,1105825,0.000548243116416489,0.0017973964460828995,3.935969562056464,2020
2020-10-27,13047.24,13787.83,13041.3,13629.38,411509.506,499623,1299183,0.0005931928828320705,0.043651139631718294,5.566507423567279,2020
2020-10-28,13629.89,13863.0,12876.0,13256.17,476993.789,594575,1564676,0.0011628532492946918,-0.02776465235604242,7.385830711967721,2020
2020-10-29,13255.79,13637.22,12965.0,13446.65,355352.336,485575,1247634,0.0008656294681344327,0.01426689996919528,5.054940033542006,2020
2020-10-30,13446.65,13665.65,13100.0,13549.12,349890.573,472403,1245765,0.0008510188225140338,0.007591596174631121,4.227315481809834,2020
2020-10-31,13549.12,14140.0,13403.36,13783.73,357853.23,515940,1344037,0.001134406687846418,0.01716731053848264,5.350223867449573,2020
2020-11-01,13783.73,13891.52,13605.9,13752.86,198395.231,358934,885249,0.0004611678435615303,-0.002242108622171557,2.077505982739332,2020
2020-11-02,13752.87,13823.75,13195.0,13540.54,327991.768,459979,1222326,0.0006183258731859091,-0.01555865396309919,4.655015745214523,2020
2020-11-03,13541.55,14070.0,13276.33,14016.55,348730.51,508051,1303446,0.0008081061628640741,0.034550625771233356,5.806212069289294,2020
2020-11-04,14016.55,14280.0,13512.0,14134.31,451433.42,648362,1677175,0.0011864458017726597,0.008366400664117535,5.528177740593936,2020
2020-11-05,14134.32,15777.0,14088.01,15598.75,717489.697,939312,2418730,0.0020221171871936646,0.09858560788409676,11.322910225769997,2020
2020-11-06,15598.74,15984.2,15177.0,15590.96,559380.0599999999,812459,2067927,0.002074637041009688,-0.000499523731512852,5.1819610362520665,2020
2020-11-07,15590.95,15774.0,14350.0,14824.34,457582.681,697083,1783469,0.001555218994460924,-0.05042083460856084,9.461307277016903,2020
2020-11-08,14824.33,15678.0,14710.0,15473.2,290616.393,472893,1188596,0.0007893201681079648,0.042839070665760204,6.373092115318427,2020
2020-11-09,15473.2,15869.0,14822.0,15328.72,474181.983,692291,1801578,0.0018002742749301866,-0.009381302180173634,6.825495705153808,2020
2020-11-10,15328.72,15474.17,15071.0,15294.68,244073.495,451207,1109192,0.0006368685709175295,-0.0022231374713310714,2.6399814799726093,2020
2020-11-11,15294.68,16000.0,15274.89,15690.24,330772.852,518263,1387218,0.0007402744349405151,0.025533807480956128,4.637841851738084,2020
2020-11-12,15690.24,16345.0,15437.7,16289.02,471759.126,727577,1927371,0.0013211934047914025,0.037452398202105996,5.710947040631222,2020
2020-11-13,16289.01,16479.99,15955.6,16320.54,306656.359,531846,1405591,0.0006511787033920224,0.0019331760266805276,3.2337052895679923,2020
2020-11-14,16320.54,16326.82,15700.0,16064.51,266206.937,437230,1235238,0.0004906231874707116,-0.01581194621052262,3.914844204595227,2020
2020-11-15,16064.51,16161.23,15768.0,15952.27,210318.453,431730,1160914,0.00046493044441359724,-0.007011352159754125,2.4632594207403415,2020
2020-11-16,15951.93,16882.0,15862.0,16707.07,342459.329,521455,1452989,0.000607935856707388,0.04623084427382551,6.232165390040043,2020
2020-11-17,16707.0,17890.1,16550.0,17670.01,524094.697,722954,2012288,0.001164006721062544,0.056036869135001055,7.786138539685794,2020
2020-11-18,17670.01,18520.0,17215.03,17788.32,732937.097,1040615,2750334,0.0037796633267759426,0.006673209880183606,7.30683897627854,2020
2020-11-19,17788.32,18200.0,17347.27,17811.68,406500.977,648913,1642647,0.0012338921625738627,0.0013123597389181896,4.798644877365739,2020
2020-11-20,17811.68,18831.6,17748.92,18664.31,407926.802,670211,1699255,0.0011666081959382046,0.04675872221533339,5.921164085067245,2020
2020-11-21,18662.85,18986.0,18302.08,18721.99,342412.49,596898,1467289,0.0008904643407373852,0.003085624721604674,3.6687150868990637,2020
2020-11-22,18721.99,18780.0,17645.98,18435.2,373779.417,678436,1611056,0.001166521079069019,-0.015436888262515325,6.228447838218352,2020
2020-11-23,18434.17,18812.65,18013.97,18382.07,364221.378,674937,1558298,0.0014812842721366405,-0.0028861475541450687,4.338194791044722,2020
2020-11-24,18382.07,19440.0,18000.0,19179.64,477968.289,814672,2009567,0.0016716004882744895,0.04247356672574476,7.696104113612839,2020
2020-11-25,19178.53,19554.19,18509.12,18741.67,426276.99,698531,1821978,0.001422111670610775,-0.023099912693446356,5.492600213228589,2020
2020-11-26,18741.66,18940.69,16181.0,17155.34,850692.856,1394951,3571835,0.007191440961168174,-0.08843989162540034,15.747480351088768,2020
2020-11-27,17155.37,17465.0,16444.83,17144.1,398072.933,680101,1639548,0.0023809022632144987,-0.0006554043099455953,6.018773615980542,2020
2020-11-28,17144.11,17880.0,16865.78,17717.74,268833.749,469040,1129925,0.0007876824553401992,0.0329123064409611,5.839605267182572,2020
2020-11-29,17717.74,18343.0,17523.0,18181.09,256024.006,471967,1125785,0.000802963863192057,0.025815645407949006,4.5733726605931695,2020
2020-11-30,18180.43,19944.0,18178.82,19720.0,500482.574,849507,2089768,0.00248836116797181,0.08125130622684473,9.267116606909045,2020
2020-12-01,19722.09,19956.0,18050.0,18772.7,553885.333,1023457,2558348,0.004228267925980409,-0.049229662357330284,10.038416521990094,2020
2020-12-02,18770.33,19365.0,18329.58,19207.01,335717.482,664534,1606530,0.0020696613206879198,0.022871629748935973,5.495116463457035,2020
2020-12-03,19207.01,19640.0,18865.0,19434.3,245020.576,517585,1272309,0.001244956481501536,0.01176422959523471,4.025994951004607,2020
2020-12-04,19432.66,19537.16,18570.0,18664.2,276271.939,567297,1376095,0.0009617061261762196,-0.040432295683068276,5.0770917800334505,2020
2020-12-05,18662.72,19203.46,18510.0,19147.62,165912.647,400360,946103,0.0005019316534928296,0.02557117544041354,3.6779344546091783,2020
2020-12-06,19147.63,19449.1,18855.35,19375.02,176004.606,373696,943780,0.00043511154376886605,0.011806181578268848,3.100410324678177,2020
2020-12-07,19375.0,19446.36,18908.66,19172.88,169402.37099999998,368550,926894,0.0003819071264977095,-0.010487826981714576,2.803988783904742,2020
2020-12-08,19172.87,19319.38,18133.33,18319.32,280714.132,494952,1351027,0.0009672592196278405,-0.045540539862061635,6.335705580189223,2020
2020-12-09,18319.33,18639.7,17650.0,18537.98,353123.689,616605,1673883,0.0012931532094888083,0.011865359934857267,5.455793132802189,2020
2020-12-10,18537.97,18550.0,17916.0,18253.51,233960.241,439972,1241586,0.0007279142688208076,-0.015464210285205837,3.477562070839045,2020
2020-12-11,18254.0,18290.44,17555.0,18031.47,317866.07,580312,1563578,0.0011212789473269255,-0.012238825629015793,4.103970935469012,2020
2020-12-12,18031.71,18950.0,18012.21,18800.0,196962.282,443637,1080853,0.0004866364871150587,0.04173830516210053,5.075407026300388,2020
2020-12-13,18800.0,19432.0,18705.46,19175.07,239760.089,455479,1182585,0.0005686198359198095,0.01975412799745513,3.810573184716364,2020
2020-12-14,19175.06,19355.35,19004.72,19270.7,181555.823,416332,1063827,0.0004890164131007863,0.004974809828320659,1.8281497681081056,2020
2020-12-15,19270.71,19598.0,19039.64,19424.91,248744.054,474125,1313847,0.00048075538856609843,0.007970455376666408,2.8904398592182945,2020
2020-12-16,19424.9,21600.0,19274.55,21346.8,459302.012,866126,2298208,0.0019355381139362512,0.09434558249874136,11.390774181675724,2020
2020-12-17,21346.81,23888.04,21231.5,22816.99,823435.821,1517630,4179029,0.005482751411653222,0.06660358835653923,11.789198732323975,2020
2020-12-18,22816.99,23330.0,22363.94,23124.35,305997.222,671990,1812455,0.0015575015999412611,0.013380741001714824,4.229024575574386,2020
2020-12-19,23124.35,24281.61,22735.81,23847.28,337535.438,735151,1930474,0.0013039110656452742,0.03078398981366348,6.577805918400497,2020
2020-12-20,23847.28,24376.0,23076.25,23472.96,322289.774,828379,1951223,0.0013499430120536033,-0.015821044349250357,5.479509158076566,2020
2020-12-21,23472.96,24145.0,21920.0,22730.1,476456.589,996413,2612726,0.0030608076741983578,-0.0321590830329157,9.667785724569045,2020
2020-12-22,22736.05,23850.0,22387.0,23826.99,326124.313,686444,1923785,0.0014572168555440788,0.04712893443363875,6.330378408860583,2020
2020-12-23,23826.74,24235.42,22572.52,23238.27,394754.939,897183,2386530,0.0021998774497296062,-0.02501848316722821,7.108196222158238,2020
2020-12-24,23237.73,23819.81,22700.0,23737.44,237754.257,605706,1532684,0.0012679205969877247,0.021253059895832038,4.815266291764058,2020
2020-12-25,23738.75,24827.64,23450.0,24730.0,284523.431,709740,1821407,0.0016109242161265326,0.040963533044244826,5.708705379565808,2020
2020-12-26,24729.99,26926.0,24507.24,26508.83,367265.555,858018,2300815,0.001347924201338488,0.06946080350471462,9.412377845682041,2020
2020-12-27,26508.84,28459.84,25850.0,26305.64,540264.148,1249037,3325654,0.004099949846376707,-0.007694520175949293,9.618336976595561,2020
2020-12-28,26301.76,27538.82,26117.1,27102.66,267563.468,742436,1946973,0.001783898809555378,0.02984851318822912,5.300637340352942,2020
2020-12-29,27101.45,27441.73,25913.01,27402.83,260759.449,684609,1833178,0.0015091792954006413,0.01101441468174258,5.731968832850173,2020
2020-12-30,27402.83,29063.72,27401.0,28906.99,374737.655,910130,2363568,0.0020511675475118414,0.053437141652961984,5.891115188271247,2020
2020-12-31,28906.99,29376.7,27848.0,28951.68,313648.835,794398,2151517,0.0020201545759285203,0.0015447990383243848,5.344069262107162,2020
2021-01-01,28948.19,29668.86,28627.12,29337.16,210716.398,569293,1511793,0.0009344623242030615,0.01322673842374833,3.574349064803655,2021
2021-01-02,29337.15,33480.0,28958.24,32199.91,545541.08,1305974,3514545,0.004596133386445189,0.09310868566830344,14.509345343120476,2021
2021-01-03,32198.41,34832.25,32000.02,33054.53,487486.989,1312977,3325307,0.004028406391099949,0.026194964442687763,8.480715397512597,2021
2021-01-04,33053.93,33653.56,27800.0,32031.07,506128.023,1335290,3470951,0.009024037774359233,-0.031452252713291884,19.10828247462485,2021
2021-01-05,32029.55,34500.0,29900.0,33999.52,433720.833,1167581,3077140,0.005843946609159364,0.059640037624651754,14.310084364067324,2021
2021-01-06,33999.51,37037.51,33356.46,36823.68,444019.83,1254268,3343780,0.005690077664913304,0.07979470962294144,10.467972614424632,2021
2021-01-07,36825.77,40565.62,36337.36,39498.92,520147.908,1524298,3936708,0.005761235195396475,0.07013221326874053,11.007449673375211,2021
2021-01-08,39498.32,42125.51,36539.77,40637.23,518080.826,1764819,4247011,0.008848568998786954,0.028411311737317035,14.225223896592611,2021
2021-01-09,40638.91,41539.88,38733.28,40136.04,260882.805,1047004,2489926,0.0037090907283769425,-0.012409957705470376,6.995475084946012,2021
2021-01-10,40136.05,41412.12,35268.0,38221.67,436759.048,1444199,3699058,0.006455422907850386,-0.048872051534585736,16.059755438569628,2021
2021-01-11,38200.01,38322.18,30448.0,35408.46,906275.651,2984446,7483656,0.028269084057725765,-0.07645185761971618,23.00085302835467,2021
2021-01-12,35406.92,36693.44,32600.0,34056.9,449065.69299999997,1769223,4292644,0.009633484966513254,-0.038918119400701556,11.828570411678086,2021
2021-01-13,34065.53,37880.0,32420.0,37421.07,398188.088,1451170,3801367,0.006769213055822085,0.09420125953374026,15.564775201034747,2021
2021-01-14,37416.34,40189.39,36764.33,39163.31,353142.386,1289225,3501513,0.0031927742511317888,0.04550642434409369,8.90749488130527,2021
2021-01-15,39163.31,39790.0,34478.0,36755.24,437610.113,1471413,4212641,0.0057509791629030554,-0.06345953858722808,14.329418496605031,2021
2021-01-16,36755.25,38000.0,35366.0,36025.66,301102.477,1070440,3011057,0.004216363661367216,-0.020049338200125888,7.183525309360019,2021
2021-01-17,36025.65,36898.0,33863.5,35869.83,287686.129,1051539,2832554,0.0035908987190669595,-0.004334910131985836,8.581961086807532,2021
2021-01-18,35875.72,37547.94,34808.47,36686.86,253386.703,965443,2509593,0.0027308363876104823,0.022522100605957718,7.575776854856084,2021
2021-01-19,36690.0,37961.0,35850.0,35891.03,257889.419,952575,2463060,0.0020805264951592115,-0.021931249252817864,5.72157498686075,2021
2021-01-20,35891.74,36461.44,33403.0,35500.0,329192.419,1171783,3069181,0.003079245476572569,-0.010954707068236758,8.760954749962348,2021
2021-01-21,35499.23,35636.17,30069.9,30879.97,550562.277,1770322,4767974,0.007562154427132005,-0.13942494282785844,16.983646188261353,2021
2021-01-22,30875.77,33831.52,28880.0,32986.34,453568.538,1548372,4072699,0.006557201763679827,0.06598578272246769,15.824359829367346,2021
2021-01-23,32990.08,33495.0,31405.0,32086.48,256776.411,949820,2533905,0.002829231007940567,-0.027658778763443692,6.44290580538869,2021
2021-01-24,32086.48,33125.75,30914.2,32275.63,212107.044,786752,2205550,0.00164453364414993,0.005877698681791443,6.9095300289589,2021
2021-01-25,32274.88,34880.0,31921.47,32253.68,316687.524,1056699,2871028,0.002566551864885034,-0.0006803110352979758,8.863477488798175,2021
2021-01-26,32253.68,32950.0,30810.0,32474.14,346861.707,1085257,3088089,0.0033773763076124005,0.006811935037820405,6.71519483399397,2021
2021-01-27,32474.81,32562.2,29240.0,30381.04,431022.839,1338629,3665833,0.0044788786716762315,-0.06662535066710262,10.761447153774412,2021
2021-01-28,30382.96,33778.95,29843.33,33399.75,311528.373,1030711,2824829,0.002858603876250046,0.09472968529495418,12.387646313165794,2021
2021-01-29,33399.99,38641.1,31960.0,34269.35,713579.785,2285057,5920737,0.014412934456419354,0.025702953755384783,18.98313559499428,2021
2021-01-30,34267.04,34988.88,32849.06,34289.85,267861.872,1003807,2754794,0.0033368678833874264,0.0005980233319817785,6.3107167116904135,2021
2021-01-31,34284.76,34393.22,32193.04,33126.21,211293.891,795677,2233259,0.0017506715240122222,-0.03452458007093817,6.610917181225156,2021
2021-02-01,33125.11,34720.0,32322.47,33546.09,240632.325,896048,2421173,0.0020486672317056465,0.01259550221104,7.155323579203725,2021
2021-02-02,33546.08,36041.0,33450.0,35504.06,239856.23,857196,2345193,0.0017651944007554478,0.05672674198706851,7.460539272879608,2021
2021-02-03,35504.07,37700.0,35410.0,37652.51,240308.078,844752,2331826,0.001637748193852426,0.05875256255120753,6.266582833015266,2021
2021-02-04,37651.92,38833.0,36233.0,36976.93,306715.022,1018079,2825262,0.002464556855213515,-0.018105414025125555,6.930009482509587,2021
2021-02-05,36975.19,38411.82,36586.68,38362.65,196277.444,754294,2144343,0.0013471060713900807,0.03679012534131587,4.868098498824711,2021
2021-02-06,38357.17,40992.4,38269.0,39249.54,310826.315,1130589,3050313,0.0017952802009970226,0.0228553944078822,6.874651470010059,2021
2021-02-07,39249.53,39757.87,37403.27,38849.25,296721.925,1053164,2896234,0.002333425846010878,-0.010250952806512004,6.104967517129074,2021
2021-02-08,38849.24,47146.0,38037.0,46451.32,440167.093,1680012,4374347,0.007353380623076287,0.17871611090145834,21.46897996358352,2021
2021-02-09,46451.32,48266.36,45057.65,46492.54,381477.426,1513824,3957333,0.005000051906416562,0.0008869871060319667,6.879205671337059,2021
2021-02-10,46492.53,47475.0,43770.0,44850.0,334979.017,1281924,3259151,0.0030293646345094915,-0.0359682811106925,8.12546054955456,2021
2021-02-11,44850.0,48810.0,44038.97,48060.21,330540.045,1306187,3326357,0.0031628404350050794,0.06913101133204869,10.286028614732249,2021
2021-02-12,48060.21,49278.98,46121.0,47361.03,259186.288,1140653,2862051,0.0021445270649062573,-0.014654861186782497,6.6229243226097925,2021
2021-02-13,47364.0,48290.0,46252.1,47221.62,199965.397,881667,2253613,0.0012881864894335464,-0.0029479000843686265,4.31176315524051,2021
2021-02-14,47221.63,49875.16,47093.16,48655.21,241935.666,990047,2598883,0.0012427261186085206,0.02990705580211106,5.739531567836696,2021
2021-02-15,48655.21,49100.0,45349.21,47981.58,248960.404,1026354,2721739,0.00224687039488142,-0.013941707110795676,7.946627845721266,2021
2021-02-16,47981.6,50953.44,47101.02,49197.94,343592.011,1307553,3477742,0.002625625250994702,0.025034565445976042,7.861761772441334,2021
2021-02-17,49197.93,52800.0,49029.62,52194.62,312007.458,1248157,3332737,0.001785908465707679,0.05912767173992428,7.408658543603226,2021
2021-02-18,52194.62,52640.0,50948.0,51619.7,185489.88999999998,840170,2199927,0.0008451190199256735,-0.011076041870229147,3.26707822895487,2021
2021-02-19,51612.46,56582.0,50800.0,56004.1,257911.872,1165968,2913704,0.0017590630639782367,0.08152151976814004,10.779455884382141,2021
2021-02-20,56005.85,57699.0,53905.0,56079.11,239618.853,1167093,2823808,0.0020306185383408685,0.0013384700741241318,6.801660435025838,2021
2021-02-21,55908.45,58472.14,55564.5,57487.43,196820.573,953950,2277504,0.0010775274065563775,0.024802942794336147,5.100589335674789,2021
2021-02-22,57475.5,57591.87,47751.42,54148.29,479495.096,1855077,4892816,0.005236451215558488,-0.05983992120828319,18.73726072020393,2021
2021-02-23,54125.55,54260.12,44893.82,48930.0,748737.4619999999,3067501,8009736,0.019311258965409226,-0.10133568869997411,18.948937272539695,2021
2021-02-24,48930.01,51435.58,47000.0,49702.03,333415.219,1537355,3748411,0.005236189404696957,0.01565507203783767,9.018254917758886,2021
2021-02-25,49702.05,52134.96,46685.43,47089.37,349943.016,1467803,3922104,0.0036495282115989263,-0.05399849180955307,11.040361644165401,2021
2021-02-26,47087.97,48438.01,44100.0,46313.13,440670.32,1835111,4687978,0.006493561982909358,-0.016621779326667863,9.382505363759366,2021
2021-02-27,46313.12,48476.05,44926.77,46102.63,256027.074,1224477,2956397,0.003021505078027582,-0.004555507935789294,7.603603065211345,2021
2021-02-28,46097.09,46678.0,43002.05,45163.36,370358.825,1589932,4080209,0.0045035371897051285,-0.02058385962732423,8.202517262325127,2021
2021-03-01,45162.64,49800.0,44972.49,49592.7,315659.931,1374848,3611436,0.002154042592997432,0.09355750684033382,10.19640145340355,2021
2021-03-02,49594.99,50221.77,47058.06,48450.57,273100.435,1151752,2970983,0.002478408025027838,-0.02329954250641464,6.506643955060855,2021
2021-03-03,48454.21,52681.51,48110.66,50373.75,350311.234,1413665,3781970,0.002148607721382141,0.038926103089741204,9.076076591485391,2021
2021-03-04,50373.75,51800.0,47500.0,48385.77,387428.957,1577410,4199301,0.003716751554702693,-0.04026444383397454,8.666043822484195,2021
2021-03-05,48385.77,49470.0,46320.0,48770.57,354602.756,1452329,3864290,0.002787767904229882,0.007921294937258239,6.579259197487744,2021
2021-03-06,48772.68,49253.63,47090.0,48908.21,215092.91,1007957,2557063,0.0012670961251459447,0.002818218882316259,4.4922406230267855,2021
2021-03-07,48908.21,51480.0,48908.21,50995.27,248398.116,1074594,2883079,0.001464058025379625,0.041787607276399186,5.124810667913119,2021
2021-03-08,50991.35,52450.0,49310.0,52429.43,308339.866,1204799,3279581,0.0015422062537733968,0.027735191561776062,6.17334346062715,2021
2021-03-09,52429.43,54950.0,51880.0,54917.78,285604.798,1179665,3312320,0.001225215071525315,0.046369082763161984,5.7490321401387146,2021
2021-03-10,54917.78,57500.92,53061.0,55947.98,401159.493,1594870,4457083,0.0023147833678909433,0.018585172792063176,8.035875255453979,2021
2021-03-11,55949.3,58283.0,54356.44,57844.52,364681.31799999997,1555867,4355363,0.0021397184592827773,0.03333639096636709,6.974735782901198,2021
2021-03-12,57842.64,58186.33,55074.3,57291.03,335495.042,1405546,4054963,0.002130808070816268,-0.00961465444485654,5.496726475709827,2021
2021-03-13,57291.04,61950.0,56136.0,61267.41,320322.173,1436836,3901445,0.0019986377316485305,0.06710398696916187,9.855029012516386,2021
2021-03-14,61267.41,61798.0,59005.0,59037.12,231991.90099999998,1030877,2783273,0.0010018204702787368,-0.03708165531826246,4.62488154027105,2021
2021-03-15,59037.11,60740.0,54517.28,55646.61,448820.83,1732242,4839296,0.004027241120677876,-0.05914523919058112,10.808474398245846,2021
2021-03-16,55646.61,56988.0,53335.0,56954.19,339718.202,1453313,4041818,0.0027621814218829364,0.023226101072705063,6.624794327753891,2021
2021-03-17,56953.23,59078.79,54154.93,58959.0,339397.712,1399567,3916228,0.0018871194663506229,0.03459502658922986,8.702296404854694,2021
2021-03-18,58959.01,60510.0,57072.0,57700.01,305100.026,1303106,3505186,0.0014695094980771062,-0.021584940261694996,5.84950120176944,2021
2021-03-19,57700.01,59550.0,56301.27,58089.11,259039.479,1123705,3136922,0.001556431723719025,0.006720864009270855,5.609920318362075,2021
2021-03-20,58089.11,59948.0,57881.0,58145.61,203680.149,928075,2543381,0.000718374318409519,0.0009721708702858933,3.508834104362804,2021
2021-03-21,58144.44,58638.7,55403.55,57415.18,237518.696,1074433,2940088,0.0012148072355936254,-0.012641653411350262,5.675121704223042,2021
2021-03-22,57415.19,58500.0,53635.81,54129.56,293062.947,1252107,3557593,0.00190672080325693,-0.05892829609596717,8.68098122235872,2021
2021-03-23,54129.56,55890.68,52981.4,54400.0,276199.04099999997,1175395,3202573,0.0014350076332040166,0.0049837216653934036,5.345673140287015,2021
2021-03-24,54400.0,57234.79,51666.0,52311.54,394172.526,1519249,4140709,0.0027441142019760125,-0.03914715703506921,10.236200533802275,2021
2021-03-25,52307.89,53255.2,50452.08,51325.21,416848.091,1587025,4302154,0.003104291303846491,-0.01903494235689429,5.407147751471835,2021
2021-03-26,51325.21,55123.0,51260.0,55030.0,271957.842,1123512,2948225,0.0013788165130158136,0.06969643660173475,7.2656330993768865,2021
2021-03-27,55030.0,56658.76,54001.0,55828.0,234435.346,1012626,2589316,0.0010285006210148833,0.014397044574730344,4.8044044323926265,2021
2021-03-28,55828.0,56588.31,54694.91,55805.08,200603.76799999998,855600,2260517,0.0008193659454124578,-0.0004106309764466687,3.40317746931574,2021
2021-03-29,55804.16,58490.11,54931.15,57677.64,277215.268,1074900,3043409,0.0012387791101432617,0.03300467207439972,6.27770972447559,2021
2021-03-30,57676.14,59560.0,57110.0,58794.16,232824.065,952856,2568718,0.0007757808384115922,0.019172953499808187,4.200497513903672,2021
2021-03-31,58794.17,59920.0,56812.0,58807.24,337038.349,1230145,3429371,0.001509450576120154,0.00022244633233725608,5.326276819008236,2021
2021-04-01,58810.99,59592.22,58002.0,58794.01,196332.114,785630,2133428,0.0006666263292030545,-0.00022499760939176383,2.7047535927344692,2021
2021-04-02,58797.56,60397.85,58490.03,59031.36,189391.95799999998,742316,2130064,0.0005872705459865276,0.004028849152740932,3.209719591773339,2021
2021-04-03,59028.99,59925.0,56900.0,57134.65,198636.171,780722,2247303,0.0007746683742650264,-0.032658065382236146,5.179843918816291,2021
2021-04-04,57134.65,58553.0,56517.23,58234.61,152454.122,629833,1778714,0.0005592875927909051,0.01906908879105984,3.538677957393735,2021
2021-04-05,58234.61,59385.0,56808.94,59243.39,174338.646,760738,2011408,0.0006035262778466615,0.01717436108172521,4.434796151809454,2021
2021-04-06,59243.4,59626.18,57500.0,58059.99,165562.029,748429,1949118,0.0005501097634185877,-0.02017742624954444,3.630979156576809,2021
2021-04-07,58060.0,58720.0,55536.07,56018.18,265271.707,1046908,2888669,0.0013675475709438985,-0.03580050545364877,5.57476647439478,2021
2021-04-08,56018.17,58200.0,55759.13,58122.26,161389.858,733381,1886407,0.0005922128099187417,0.036872442104257885,4.284419098934165,2021
2021-04-09,58122.93,58950.0,57700.0,58176.03,141690.144,618697,1631493,0.0003801687173127979,0.000924691219989171,2.1432453469326096,2021
2021-04-10,58176.04,61800.0,57943.95,59832.43,240907.592,1014376,2568013,0.0009814614217570417,0.02807440742177114,6.442720047310484,2021
2021-04-11,59832.43,60816.88,59304.02,60090.2,148499.824,659604,1746745,0.0007026571247488418,0.0042989450278998476,2.519028741881201,2021
2021-04-12,60093.26,61449.91,59500.0,59911.18,196147.561,788912,2141177,0.0007376561600411629,-0.0029836345682703325,3.2246058854017012,2021
2021-04-13,59911.19,63850.0,59873.01,63649.71,279389.49199999997,1108283,2892252,0.0012322532927437255,0.06053163671364992,6.431076320793601,2021
2021-04-14,63645.05,64986.11,61404.0,63019.1,323454.88,1215188,3346550,0.00190578500380813,-0.009956913779925358,5.669857514153531,2021
2021-04-15,63018.34,63905.83,62157.89,63232.55,178604.198,728353,2024715,0.0006686218599729483,0.003381345168531169,2.7732832704125325,2021
2021-04-16,63232.56,63600.0,60100.0,61424.67,255765.89299999998,973196,2804338,0.0013781447840630777,-0.029007654227665824,5.660362880491451,2021
2021-04-17,61424.67,62610.0,59620.0,60090.14,194112.299,776087,2207548,0.0008421613358298902,-0.021965777805741382,4.893392150729366,2021
2021-04-18,60090.14,60450.0,50050.0,56140.05,522006.276,2053153,6123918,0.012748073838297595,-0.06799630661779155,18.879407129957215,2021
2021-04-19,56140.05,57532.7,54200.0,55634.39,285041.716,1191177,3236025,0.002067425704199481,-0.00904792633537177,5.967257336378778,2021
2021-04-20,55634.38,57060.0,53330.82,56410.56,324494.085,1213517,3582497,0.002392369073146004,0.013854839791925144,6.758894533005449,2021
2021-04-21,56411.25,56756.78,53610.0,53800.0,252601.972,1004415,2845696,0.0015398064936109847,-0.0473829078527217,5.703950275156925,2021
2021-04-22,53794.72,55470.51,50534.34,51714.61,453489.185,1591521,4873286,0.0037040066866975757,-0.03953313369870948,9.319842299781076,2021
2021-04-23,51714.62,52152.0,47546.16,51122.62,554666.026,2094334,6054609,0.004952314861096278,-0.011513272756904058,9.24615029896606,2021
2021-04-24,51122.63,51183.51,48690.0,50092.4,299663.131,1137153,3282516,0.0017408323358314214,-0.020357760735185693,4.994373966257087,2021
2021-04-25,50094.27,50577.9,46930.43,49063.94,310306.501,1199054,3435937,0.0018591655383318436,-0.020744954546552563,7.484842964627298,2021
2021-04-26,49063.94,54364.89,48763.0,53984.33,390494.148,1386276,4041188,0.0026046935392604474,0.095569473836834,10.87467125257608,2021
2021-04-27,53984.34,55500.0,53225.14,55006.25,225440.361,896268,2477387,0.0009011006011662826,0.0187529958727648,4.1852179633421,2021
2021-04-28,55006.25,56574.13,53852.0,54861.77,263170.559,1016544,2888503,0.0013498708307167308,-0.0026300662064127067,4.931227046731573,2021
2021-04-29,54861.76,55222.02,52350.0,53558.8,257045.19,975457,2688481,0.0011166078292642579,-0.024036633141278685,5.340984946532747,2021
2021-04-30,53558.57,57935.0,53043.62,57684.16,294683.751,1107840,3019948,0.0009787602094819697,0.07420249663643474,8.820709852329573,2021
2021-05-01,57688.29,58488.17,57051.23,57836.34,207854.398,794567,2169172,0.0007081729609697383,0.002634685411344151,2.4874875455190457,2021
2021-05-02,57836.35,57959.97,56100.0,56630.33,203712.51499999998,754665,2158896,0.0007166863542158867,-0.021072590431320037,3.2616787325353345,2021
2021-05-03,56630.34,59056.59,56500.65,57214.83,271733.972,982693,2777144,0.0010553984914038112,0.010268423107712366,4.4243994244214,2021
2021-05-04,57214.84,57253.76,53094.59,53263.32,388988.754,1367686,4022066,0.0020384792444763035,-0.07156521636186497,7.541827731534203,2021
2021-05-05,53263.32,57940.0,52880.38,57497.77,317811.705,1161466,3168133,0.0016673370428006186,0.0764982502879441,9.137561074189886,2021
2021-05-06,57497.76,58450.0,55297.91,56435.35,275476.983,1029166,2863862,0.0016792993893418578,-0.018650429229078114,5.543657395571171,2021
2021-05-07,56435.35,58800.0,55300.0,57350.88,256159.504,1006710,2804212,0.001360029173746087,0.016092452620824815,6.136894637629202,2021
2021-05-08,57350.89,59590.96,56961.25,58924.98,264906.729,1053696,2983532,0.0013378773213226637,0.027076921573335966,4.513267262705988,2021
2021-05-09,58926.36,59335.19,56316.0,58292.53,245954.014,991729,2634641,0.001121341734223713,-0.010791154620781285,5.222386666893734,2021
2021-05-10,58292.53,59654.0,53250.0,55869.67,396237.133,1426866,4094344,0.003034708035533252,-0.042452297902052294,11.356339954349917,2021
2021-05-11,55869.41,56908.66,54541.33,56710.43,267226.104,1083211,2884389,0.0016086416731578694,0.014936487549356059,4.248876349605225,2021
2021-05-12,56712.7,58049.99,48503.74,49595.76,472329.152,1713203,4959229,0.004156249521524692,-0.13405279822818983,17.966362750618327,2021
2021-05-13,49596.75,51358.0,45596.32,49707.9,652476.689,2475360,7526904,0.010452628843502244,0.002258527987153869,11.899370630413124,2021
2021-05-14,49706.27,51533.0,48870.41,49873.27,319069.002,1214798,3217006,0.001886156982398896,0.0033213136985246194,5.30502783070426,2021
2021-05-15,49873.26,50709.43,46584.32,46793.41,442023.496,1564662,4479965,0.0031581452823358546,-0.06374280684878464,8.484788553466572,2021
2021-05-16,46794.62,49829.39,43866.0,46429.28,604537.63,2023202,6085883,0.005104951437416933,-0.007812086346424607,12.746543805763691,2021
2021-05-17,46429.28,46655.0,42151.0,43566.18,809129.365,2768567,8158638,0.007222581115885726,-0.0636491334164937,10.152169372714127,2021
2021-05-18,43565.11,45846.61,42268.0,42882.53,590358.592,2059607,5914414,0.004341845585688364,-0.015816644392257828,8.127096063996056,2021
2021-05-19,42882.54,43615.93,28688.0,36689.14,1373851.849,4820105,14748747,0.06097810559070093,-0.15598371842452607,41.89435337344298,2021
2021-05-20,36689.14,42460.0,34882.0,40500.3,775185.113,3452064,9532573,0.013213910628454353,0.09882858302931474,19.659151942863318,2021
2021-05-21,40500.0,42270.42,33400.0,37211.02,930671.747,3698770,10769140,0.017647353888662374,-0.08470442752361151,23.553165067159217,2021
2021-05-22,37210.01,38851.34,35201.11,37432.58,588166.784,2617617,6992444,0.007186700036591666,0.005936494238856227,9.866495165555376,2021
2021-05-23,37436.0,38261.71,31096.7,34651.6,996815.017,3943708,11641510,0.016803848851659753,-0.0771975475917035,20.73479529805094,2021
2021-05-24,34656.53,39917.09,34366.0,38779.66,707903.071,2941405,7477510,0.009133088895910175,0.11255198175418535,14.973684947009922,2021
2021-05-25,38783.58,39790.05,36439.32,38326.84,598836.411,2460063,6334066,0.004959292309574973,-0.01174544832772817,8.796846962983459,2021
2021-05-26,38326.84,40900.0,37804.76,39224.2,577032.8099999999,2241550,5587876,0.0033153057865683965,0.023143469212497436,7.869504242529199,2021
2021-05-27,39224.21,40438.82,37133.22,38527.38,543338.566,2139428,5251225,0.003425076578573234,-0.017924745890777416,8.527822794010723,2021
2021-05-28,38527.38,38888.35,34689.57,35670.99,832363.425,2906825,7510187,0.006030108291579088,-0.07703140396305663,11.425565450656503,2021
2021-05-29,35670.99,37375.0,33650.0,34611.94,733902.825,2637683,7000689,0.0051804853398741794,-0.030139044160968353,10.498897562011374,2021
2021-05-30,34611.95,36501.0,33356.0,35651.81,511834.746,2000270,4973296,0.002570531251130784,0.029601207719821332,9.01019912486828,2021
2021-05-31,35651.8,37500.0,34150.0,37243.38,635082.121,2250632,5580461,0.0026997977274185922,0.04367429395104594,9.357834695956605,2021
2021-06-01,37244.36,37893.76,35500.0,36693.41,590822.54,2124619,5297320,0.0026471313526062,-0.014877036006749833,6.525375825226005,2021
2021-06-02,36694.37,38232.99,35905.0,37569.99,441719.806,1687745,4080217,0.001218834372880644,0.023608418511749107,6.282219391692482,2021
2021-06-03,37570.0,39470.0,37150.15,39247.4,507429.005,1850728,4505482,0.0012216723353301844,0.04367960658007419,6.05730808340784,2021
2021-06-04,39247.4,39297.35,35552.51,36828.03,700625.866,2231169,6025185,0.0025061623490152565,-0.06362595997324405,10.014632803741712,2021
2021-06-05,36828.03,37900.49,34800.0,35498.62,631028.448,2114274,5611429,0.0026357642669124076,-0.03676541753650575,8.534665398427077,2021
2021-06-06,35497.93,36521.16,35201.86,35801.71,443601.064,1583917,3944742,0.0011614594624029004,0.008501835142704195,3.6792896522516134,2021
2021-06-07,35801.71,36820.0,33200.0,33550.96,636735.873,2061270,5458401,0.0018610665350192919,-0.06493018061179434,10.349129988248892,2021
2021-06-08,33550.97,34061.57,30969.0,33372.58,976693.026,2804397,8000201,0.0035329798327079043,-0.005330872289073696,9.518306514687954,2021
2021-06-09,33372.58,37511.31,32390.0,37368.45,1031014.0869999999,3050686,8470399,0.004756230823231501,0.1130921607883213,14.679275432098985,2021
2021-06-10,37369.99,38489.0,35750.0,36669.66,803185.699,2665009,6960056,0.003618010323129739,-0.018877055360631445,7.382221704390478,2021
2021-06-11,36669.65,37679.54,35900.0,37300.42,586122.898,2201163,5557717,0.0019303759869520216,0.017054876484118964,4.837994607146951,2021
2021-06-12,37300.41,37432.95,34585.9,35537.05,623532.476,2283628,5782385,0.002073514561526729,-0.04842877242331767,7.910524804019515,2021
2021-06-13,35535.95,39374.18,34739.06,38993.65,647035.314,2398380,6085040,0.002038247772728582,0.09282299814344874,12.524556923146877,2021
2021-06-14,38993.66,41000.0,38720.0,40489.1,704979.8809999999,2649421,6811137,0.0018948420213500976,0.03763398972635912,5.721580429593153,2021
2021-06-15,40489.1,41413.0,39500.0,40132.86,632066.994,2354691,5854306,0.0014902152473818856,-0.00883735196935831,4.729416929531269,2021
2021-06-16,40132.86,40495.0,38105.0,38344.97,673235.496,2433500,6317711,0.0014928361542036238,-0.045572091271193216,6.083300258287245,2021
2021-06-17,38344.97,39565.0,37334.76,38060.71,603849.861,2160184,5362882,0.0011313565404371634,-0.007440842396279734,5.802009287860468,2021
2021-06-18,38060.71,38198.0,35100.0,35811.41,790379.249,2608936,6722621,0.001810867789882329,-0.060915958738064546,8.458202774914263,2021
2021-06-19,35811.41,36471.8,34704.08,35483.0,642185.382,2260071,5504522,0.001654114770868508,-0.009212849166063464,4.968209994577233,2021
2021-06-20,35483.01,36155.0,33312.0,35588.64,829896.441,2705737,6811270,0.001779003242267908,0.0029727772652652362,8.189755919435685,2021
2021-06-21,35588.63,35746.28,31250.51,31606.0,1397330.662,4026930,11529993,0.007579302910441312,-0.11867950982387931,13.441051173252458,2021
2021-06-22,31606.0,33274.0,28780.01,32496.0,1531824.85,4459820,12592839,0.007660975203888583,0.027770028851117345,14.50952623148735,2021
2021-06-23,32496.0,34867.77,31711.5,33649.0,960700.369,3097684,8005763,0.0037959402876411668,0.034866333129107474,9.48835157003456,2021
2021-06-24,33650.0,35406.74,32300.0,34644.64,774899.165,2525604,6393985,0.0020884990905857747,0.029159685948391356,9.18349672684248,2021
2021-06-25,34644.65,35500.0,31250.0,31568.07,1093051.375,3245389,8575198,0.0037347614654548956,-0.0929968572023494,12.75133202989595,2021
2021-06-26,31569.18,32720.52,30120.0,32255.56,1091384.749,3319801,8830795,0.0040660622867453484,0.02154426476967153,8.28130010971083,2021
2021-06-27,32250.15,34762.0,31960.0,34687.71,897147.453,2807123,7266511,0.0026769015974206782,0.07269501405953172,8.403971524321433,2021
2021-06-28,34687.71,35279.38,33855.0,34487.22,706158.545,2401509,6016466,0.0014140594800716038,-0.005796624915589632,4.12119583504175,2021
2021-06-29,34486.58,36623.0,34206.0,35911.26,806140.329,2598755,6564763,0.0016245656961073776,0.04046207471493801,6.827539106015486,2021
2021-06-30,35910.64,36089.96,34042.74,35031.39,719742.983,2348217,5747819,0.0015465698125723128,-0.024806378645525484,5.839791631106484,2021
2021-07-01,35031.39,35044.98,32672.04,33489.96,758966.493,2340550,5725261,0.0019719585181939884,-0.044998824277188376,7.01127129858869,2021
2021-07-02,33489.96,33960.0,32684.0,33760.94,664923.202,2158121,5408686,0.0011636785194727027,0.008058820523009658,3.8297699920685635,2021
2021-07-03,33760.94,34948.16,33296.98,34652.94,510614.258,1717666,3994573,0.0006739561184904735,0.026078057579304925,4.839911847282385,2021
2021-07-04,34653.32,35955.55,34340.75,35280.16,451001.556,1496484,3486378,0.0004830968059644702,0.01793819575436828,4.595075768619543,2021
2021-07-05,35280.17,35281.55,33032.0,33672.72,736706.409,2035774,5192876,0.0012504916446611628,-0.0466327522847898,6.588337583008384,2021
2021-07-06,33672.72,35120.0,33500.0,34206.01,644229.007,1953556,5169120,0.001571135652451518,0.015713345632919484,4.722532993589519,2021
2021-07-07,34206.0,35089.56,33756.48,33845.64,456218.909,1607752,4023843,0.0007831126539843096,-0.010591172106485303,3.8731251442656682,2021
2021-07-08,33845.63,33910.0,32066.0,32852.04,650317.664,2049455,5260499,0.0014358413599327372,-0.029796344058256707,5.591367737090169,2021
2021-07-09,32855.0,34100.0,32250.0,33805.01,485662.879,1640423,4150223,0.0007939219760202143,0.028595172897738053,5.577934104768962,2021
2021-07-10,33805.01,34248.58,33010.0,33497.98,410271.979,1426523,3501607,0.0006469746777025408,-0.009123877851294537,3.6834558129634614,2021
2021-07-11,33497.98,34629.62,33306.03,34253.81,343905.35,1278406,3000523,0.0004891592879942312,0.022312660891808278,3.897092353517384,2021
2021-07-12,34253.88,34662.73,32650.0,33070.87,502747.758,1641940,4018132,0.0006736108945689,-0.035144964917810384,5.982019061035233,2021
2021-07-13,33070.86,33336.0,32186.99,32709.09,466567.713,1502742,3656943,0.0007161316730743758,-0.010999813554684934,3.5075560481919483,2021
2021-07-14,32708.66,33176.47,31556.02,32803.01,521140.41,1585222,4012431,0.0011667328411810042,0.002867258547485818,5.007651068481364,2021
2021-07-15,32803.0,33170.0,31140.0,31866.43,539111.667,1589609,4036910,0.0011238559590246245,-0.02896717488890488,6.315268655310868,2021
2021-07-16,31865.53,32245.0,31018.59,31382.95,516577.743,1544028,3914018,0.0009368272127829982,-0.015288352774218694,3.877629029249162,2021
2021-07-17,31382.96,31945.0,31150.02,31496.65,422650.418,1307015,3259417,0.000653915515324369,0.003616439160554208,2.5200786766475956,2021
2021-07-18,31496.65,32435.93,31075.1,31767.0,412189.401,1273710,3159782,0.0005255935866619148,0.00854682414666641,4.2859903571525235,2021
2021-07-19,31765.23,31890.0,30358.77,30823.62,486305.627,1439384,3696993,0.000707881830885446,-0.030146735924621026,4.920704314923659,2021
2021-07-20,30823.62,31050.0,29242.24,29775.9,602688.19,1665495,4318098,0.0011549316529232256,-0.03458193770700646,5.998456904496501,2021
2021-07-21,29775.89,32883.9,29472.41,32120.0,787077.39,2019946,5398212,0.0018163068305485505,0.07577954759376127,10.952860480732198,2021
2021-07-22,32120.0,32583.48,31700.0,32268.11,397258.936,1320479,3291672,0.0008673263409922243,0.004600546940400463,2.748873058277227,2021
2021-07-23,32268.12,33650.0,31970.82,33634.46,404650.016,1335836,3284595,0.0006313308672960857,0.041471700624809316,5.118944430193724,2021
2021-07-24,33631.74,34471.0,33379.81,34230.0,376046.028,1292886,3121090,0.0005928433388476162,0.017551315898323594,3.2167164655609564,2021
2021-07-25,34230.0,35400.0,33812.0,35370.66,404114.844,1375226,3362822,0.0007784933022108261,0.03278021038245704,4.589605107304755,2021
2021-07-26,35370.67,48168.6,35185.49,37218.09,1162332.857,3107611,9156876,0.008335970003644465,0.050912270476310084,31.407357477653008,2021
2021-07-27,37218.09,39546.34,36384.31,39442.33,675104.157,2060787,5881831,0.002539470199435002,0.05804467166769989,8.33355110837404,2021
2021-07-28,39448.06,40894.0,38753.0,40003.08,736196.2339999999,2425715,6959669,0.0028610049133385436,0.014116846081027035,5.377518086339146,2021
2021-07-29,40003.08,40665.0,39203.83,40012.9,463917.872,1655305,4559744,0.0009997733059284816,0.0002454509724021392,3.659332551342194,2021
2021-07-30,40012.89,42316.6,38320.0,42203.25,561474.309,1920959,5291572,0.0017169472813233324,0.05329533017254384,9.920749095528187,2021
2021-07-31,42202.6,42494.0,41030.19,41448.11,381521.899,1506383,3846882,0.0009322896177041167,-0.018054948857754383,3.5054752292092157,2021
2021-08-01,41448.1,42614.98,39350.4,39846.78,487529.044,1745579,4662543,0.0014039801686285978,-0.03940068447658618,7.969969465984468,2021
2021-08-02,39846.78,40450.0,38658.0,39147.48,451872.12799999997,1582257,4318497,0.0010755467098850881,-0.017705546411169948,4.531290411994032,2021
2021-08-03,39147.47,39774.93,37600.0,38203.26,517219.517,1738063,4801837,0.0016998014143566964,-0.024415200263634418,5.623276392701873,2021
2021-08-04,38201.33,39975.32,37500.0,39731.31,479560.473,1626215,4413240,0.0008694087845862074,0.03921868956234853,6.392133071473989,2021
2021-08-05,39731.31,41350.0,37291.0,40882.4,746249.7119999999,2302856,6512116,0.0021249254887107066,0.028560110739313416,10.332041079755982,2021
2021-08-06,40882.39,43400.0,39849.82,42825.43,653451.154,2131029,6108565,0.0021631941722323623,0.046432432436704474,8.534155281885589,2021
2021-08-07,42825.43,44753.01,42395.2,44601.11,583750.891,2123782,5973520,0.002080484928850014,0.040626661584941104,5.412355674638744,2021
2021-08-08,44601.11,45350.0,43265.0,43787.71,553684.698,2052746,5639557,0.0015805965334282674,-0.01840556220735401,4.70661825024434,2021
2021-08-09,43787.71,46483.0,42785.0,46259.7,626220.503,2232009,6262199,0.0022129399290114933,0.05491798729661568,8.289908048061555,2021
2021-08-10,46259.7,46800.0,44670.05,45589.99,460478.861,1731742,4679043,0.001109054670664159,-0.01458299681898012,4.65799482407464,2021
2021-08-11,45589.99,46754.27,45354.0,45522.12,390660.571,1490716,3948283,0.0007902520247893932,-0.0014898132104139705,3.0407212924036555,2021
2021-08-12,45522.13,46226.67,43800.0,44385.09,468276.056,1684729,4731727,0.0010417910424079342,-0.025294759438272862,5.392308687476093,2021
2021-08-13,44385.09,47980.69,44208.88,47792.52,438025.46,1618521,4397367,0.001246959486331068,0.07396553966635899,8.187296441789746,2021
2021-08-14,47792.52,48300.0,46000.0,47083.74,374368.796,1456842,3874327,0.0010201278469709758,-0.014941423407368148,4.879016416943205,2021
2021-08-15,47083.75,47388.75,45480.0,47006.02,370950.807,1419711,3856811,0.0009578355518879512,-0.0016520398750365928,4.111218987652791,2021
2021-08-16,47006.02,48074.23,45682.03,45926.23,412537.605,1485487,4045954,0.0009767777583258074,-0.023239265073668136,5.104127076587943,2021
2021-08-17,45926.23,47194.0,44412.01,44704.84,474316.4,1750275,4617189,0.0012412018451072714,-0.026954640377708117,6.075683751081833,2021
2021-08-18,44704.85,46050.0,44227.32,44714.09,395836.158,1555002,4068589,0.0012122908493660811,0.00020689131558704332,4.038506501499949,2021
2021-08-19,44714.09,47100.0,43938.38,46772.0,439402.162,1626198,4289786,0.0011656722442786227,0.04499606879961604,6.948480320255312,2021
2021-08-20,46772.0,49500.0,46650.0,49332.74,401499.081,1541249,3984145,0.0009173263711882276,0.05330322471858118,5.929974228129184,2021
2021-08-21,49332.99,49833.0,48250.0,48848.29,347594.451,1376935,3387346,0.0007891128526460205,-0.009868585238262284,3.2281587392054667,2021
2021-08-22,48846.11,49556.2,48075.81,49273.28,294672.223,1201565,2925925,0.0005467573390454932,0.008662573532143725,3.0328239076739045,2021
2021-08-23,49273.28,50600.0,49075.01,49523.91,355733.496,1370605,3345792,0.0005810234486631617,0.005073636965557071,3.0601632361175692,2021
2021-08-24,49523.23,49888.88,47600.0,47719.36,398682.002,1480682,3585585,0.0008197424780716533,-0.03711839768378944,4.696537099492534,2021
2021-08-25,47719.37,49297.8,47130.57,48992.65,389100.384,1375688,3410366,0.0008870798251114445,0.026333101287198346,4.495762023646425,2021
2021-08-26,48992.65,49380.0,46280.0,46853.06,475183.123,1569761,4109457,0.0012527922524564973,-0.044653965473411716,6.4835581591557725,2021
2021-08-27,46854.22,49220.0,46359.97,49083.98,403667.012,1430198,3627060,0.0009149070058770514,0.04651638726337559,5.986367360114542,2021
2021-08-28,49082.13,49333.0,48395.65,48931.99,222793.024,994363,2305599,0.00036289298634388067,-0.0031013338300578397,1.9183294665986208,2021
2021-08-29,48931.99,49769.2,47741.31,48795.41,315105.499,1130211,2921430,0.0006488267454406185,-0.002795123761027085,4.159925796531145,2021
2021-08-30,48795.42,48916.25,46876.49,47024.7,351830.754,1233689,3200639,0.0006966206727577113,-0.03696325547696233,4.259338166419862,2021
2021-08-31,47024.69,48298.0,46731.03,47150.32,365548.209,1293668,3297842,0.0007494961503954867,0.0026678003254954064,3.2981753949191903,2021
2021-09-01,47150.32,49160.79,46550.99,48842.94,350108.374,1261792,3281474,0.0007343067045588807,0.03526904808404829,5.454808359302615,2021
2021-09-02,48842.93,50420.0,48631.2,49299.14,361863.055,1331386,3429775,0.0007446472612481053,0.009296792686464883,3.612262152268165,2021
2021-09-03,49299.14,51111.0,48333.0,50027.08,430326.386,1483107,3937764,0.0010535598633181259,0.014657822138374854,5.588518105455556,2021
2021-09-04,50027.09,50582.08,49360.0,49940.74,274956.842,1059361,2715890,0.0005191979535272458,-0.0017273562926192199,2.445698377266772,2021
2021-09-05,49942.2,51950.0,49462.59,51799.57,288984.124,1122459,2959186,0.0005136655503994838,0.03654474554950049,4.906509127507618,2021
2021-09-06,51799.56,52830.0,51040.0,52683.97,297734.284,1152539,2960058,0.00033339658771729705,0.016929386631110432,3.4469572139689966,2021
2021-09-07,52683.98,52950.0,42088.0,46864.39,764140.139,2542606,6793714,0.01920595827170514,-0.11705312270015789,22.958540761890927,2021
2021-09-08,46864.38,47347.0,44431.0,46062.29,435803.011,1603485,4352909,0.002117709076673974,-0.01726350108753749,6.356603564293257,2021
2021-09-09,46060.02,47400.0,45500.0,46413.88,309015.75,1238368,3136000,0.001153256866686958,0.007603941514316759,4.090990274412615,2021
2021-09-10,46413.88,47037.5,44120.0,44860.83,343533.069,1313343,3380700,0.0010466147138226362,-0.03403352150326988,6.40319615342539,2021
2021-09-11,44860.83,45999.0,44737.4,45193.78,194144.115,941160,2214791,0.00050324116391398,0.007394435822362766,2.7809816293961993,2021
2021-09-12,45194.19,46512.2,44746.51,46046.73,223534.63,981650,2321178,0.0008292436686389653,0.018697283658509534,3.8701190920113393,2021
2021-09-13,46048.02,46933.89,43323.93,44975.96,448942.06799999997,1566344,4145907,0.0031423621592889654,-0.023528625607450948,8.003487754138208,2021
2021-09-14,44975.96,47272.98,44692.9,47087.18,277925.721,1176202,2897568,0.0008729639123581907,0.04587265233572779,5.612423260205576,2021
2021-09-15,47087.18,48440.93,46675.0,48106.12,244226.37,1092289,2516058,0.000413419424325187,0.021408626808980813,3.713642808188994,2021
2021-09-16,48106.13,48488.0,47038.21,47745.55,260044.72699999998,1105919,2620820,0.000695585198151881,-0.007523535078616916,3.035609450372403,2021
2021-09-17,47745.55,48150.0,46750.0,47303.11,226193.34,1000853,2357112,0.0005608018139358857,-0.009309825001698968,2.950688250943863,2021
2021-09-18,47303.11,48850.0,47044.32,48285.15,207900.413,925548,2155659,0.0004593021241607218,0.020548016103928646,3.7664242380461217,2021
2021-09-19,48284.61,48364.64,46840.0,47256.91,212631.933,936503,2174041,0.0004853539587885768,-0.021525173335412262,3.2031429478139293,2021
2021-09-20,47256.92,47345.0,42467.86,43026.6,600764.629,1928418,5157870,0.0031451838445633387,-0.09378035754573588,10.871366288936343,2021
2021-09-21,43026.61,43629.6,39503.58,40726.1,683242.002,2145783,5802228,0.0059718072926341955,-0.05494936452855548,9.934451837827014,2021
2021-09-22,40727.83,43989.98,40551.49,43520.0,400849.752,1465150,3884352,0.0019932310646918355,0.06635143798850329,8.138935606583555,2021
2021-09-23,43520.0,44976.48,43056.0,44828.29,330253.525,1167351,3230032,0.001218538123563379,0.029618810792223726,4.363809248126807,2021
2021-09-24,44828.29,45134.33,40650.0,42798.49,608595.52,1896724,5382969,0.0025756434765966453,-0.04633659174835714,10.464431829029863,2021
2021-09-25,42798.49,42950.0,41630.26,42651.58,277084.795,1007421,2664046,0.0012951139731607237,-0.0034385026190566492,3.120934174684677,2021
2021-09-26,42646.84,43940.0,40725.01,43150.0,354393.91599999997,1287294,3234331,0.0021526944045785145,0.011618098556940737,7.59826669189686,2021
2021-09-27,43150.01,44350.0,42059.13,42122.69,285311.60599999997,1081970,2858510,0.0013347605602747799,-0.024095867155756068,5.303622343105819,2021
2021-09-28,42122.69,42749.0,40854.0,41006.32,359745.538,1247112,3336982,0.0015374471210453323,-0.026860349207236567,4.534106756742638,2021
2021-09-29,41002.96,42576.8,40708.73,41499.71,293307.589,1073544,2890161,0.0011276273375899462,0.011960238093985609,4.486693822540287,2021
2021-09-30,41499.7,44100.0,41387.78,43796.57,389185.646,1325437,3595137,0.001252223775820656,0.05386906455325935,6.347411427462483,2021
2021-10-01,43799.49,48450.0,43260.01,48123.94,449491.768,1567670,4182441,0.0024030261136898583,0.09422426257765792,11.330368665146395,2021
2021-10-02,48123.93,48338.68,47410.0,47626.61,182565.988,821149,2094016,0.0004916821530475168,-0.010388127741606468,1.939889141007561,2021
2021-10-03,47626.62,49304.12,47071.26,48187.3,212410.375,952578,2555217,0.0007078275309207386,0.011703862211238203,4.634502383935972,2021
2021-10-04,48187.99,49544.48,46885.29,49198.22,324424.837,1287246,3491003,0.0014760108869878274,0.020761943121023307,5.5166871747066155,2021
2021-10-05,49199.78,51888.0,49009.21,51455.12,314043.813,1284146,3327967,0.0007987124773047887,0.04485252743820922,5.707930993277642,2021
2021-10-06,51460.22,56416.02,50410.0,55321.6,418731.748,1682618,4406727,0.0024738631390510196,0.07245345759005417,11.256359263021633,2021
2021-10-07,55327.45,55337.8,53374.34,53814.99,262974.545,1265068,3228490,0.00116078891088931,-0.027611376115817876,3.6126113189323945,2021
2021-10-08,53814.99,56208.73,53647.3,53975.0,255210.035,1156200,3022362,0.0008911544393433895,0.0029689235064225272,4.664094129218196,2021
2021-10-09,53974.99,55589.0,53656.66,54960.77,167495.393,817185,2142375,0.0005512631706211679,0.01809868160431094,3.5379740653395295,2021
2021-10-10,54960.79,56789.0,54101.0,54700.0,289072.81799999997,1204517,3209899,0.0010266472464081633,-0.004755948577246372,4.848997503041519,2021
2021-10-11,54700.0,57880.0,54458.0,57500.01,314868.05,1378876,3488893,0.0008683443882869473,0.049921412288398415,6.094213939326819,2021
2021-10-12,57500.01,57756.52,53750.0,56011.84,349147.77499999997,1488164,3760362,0.0009969071475881208,-0.026222024757625917,7.189257645425684,2021
2021-10-13,56011.83,57822.38,54271.24,57393.65,327714.31799999997,1418206,3544345,0.0013699806583711074,0.024370573069475654,6.338146143501003,2021
2021-10-14,57393.65,58586.67,56800.0,57378.19,254719.751,1203468,3039506,0.0009465556578906587,-0.00026940406450748355,3.097087057690461,2021
2021-10-15,57377.12,63997.61,56900.0,61702.33,493366.513,2030469,5189976,0.0015584581857604573,0.07265742760579919,11.755039778009136,2021
2021-10-16,61702.33,62444.23,60220.0,60925.56,213251.899,1084536,2733733,0.0007087064231408694,-0.012668902471395072,3.6269315334286074,2021
2021-10-17,60925.56,61796.47,58850.0,61571.45,240132.514,1157890,2991800,0.0008866864589809636,0.010545497978135643,4.885440938486443,2021
2021-10-18,61571.45,62800.0,59897.61,62037.92,333278.48099999997,1511716,3859785,0.001163521222059285,0.007547521913156885,4.7318468981823925,2021
2021-10-19,62037.92,64500.0,61300.0,64316.7,379243.718,1611082,4058114,0.0009439626475814664,0.03607350659499353,5.088538085956119,2021
2021-10-20,64314.75,67150.0,63518.81,66064.24,324737.868,1551131,3807997,0.001054999780033014,0.026808284393650794,5.559284046278166,2021
2021-10-21,66064.25,66750.0,62000.0,62260.33,478610.458,2006238,5154202,0.0030234795592692905,-0.059303136625244335,7.381991223526739,2021
2021-10-22,62260.33,63796.2,60011.9,60734.27,350359.527,1493085,3806113,0.0012269822146215104,-0.024816346701436842,6.11507515584045,2021
2021-10-23,60734.28,61780.0,59622.0,61325.11,222553.478,1013602,2490240,0.0007124200798259756,0.00968126521358137,3.5555054013154335,2021
2021-10-24,61325.09,61550.0,59504.46,60902.82,245816.821,1014430,2594160,0.0006366637475035748,-0.006909904802409272,3.379858490489445,2021
2021-10-25,60902.82,63795.98,60701.0,63127.04,234201.1,1024611,2616705,0.000558291467723777,0.03586972484252193,4.973000656684954,2021
2021-10-26,63129.25,63362.06,59838.05,60358.75,252256.924,1042978,2733730,0.0008325229675476291,-0.04484327929867682,5.722351336704738,2021
2021-10-27,60358.74,61550.0,57865.0,58449.36,329112.396,1323455,3358588,0.0018226587838516175,-0.03214518627773444,6.173714133042144,2021
2021-10-28,58449.36,62641.26,57550.0,60622.03,333323.116,1318409,3473122,0.004929517176451572,0.03649762003827384,8.477003125488205,2021
2021-10-29,60622.02,63069.71,60222.0,62308.22,218355.773,973526,2463370,0.0011940186672983327,0.027435000937995113,4.620288853962902,2021
2021-10-30,62308.21,62415.85,60631.23,61895.19,156041.523,712795,1843670,0.0005604022117526976,-0.006650888610986172,2.900914266697025,2021
2021-10-31,61895.19,62462.99,60008.0,61348.61,183599.524,803682,1990247,0.0005746835014877823,-0.008869956680367608,4.009633467904267,2021
2021-11-01,61347.14,62543.58,59400.0,60942.87,246158.361,983549,2574208,0.0010137106477968488,-0.006635646061154077,5.15693673870041,2021
2021-11-02,60942.87,64349.55,60659.58,63266.69,217592.062,1030328,2578549,0.0009089008495804203,0.03742209836454258,5.905236261201069,2021
2021-11-03,63266.69,63613.0,60300.0,62946.45,211190.183,959936,2546692,0.0009188749855428476,-0.005074601380227861,5.348574824131195,2021
2021-11-04,62946.45,63149.0,60703.0,61431.86,184677.079,843358,2147665,0.000646609247613017,-0.024355771853619146,3.95038931204761,2021
2021-11-05,61433.9,62671.48,60762.0,61006.0,157569.637,771650,2048592,0.0006069802897075238,-0.00695637309111774,3.094188614465228,2021
2021-11-06,61006.0,61645.75,60100.0,61511.3,154919.118,730610,1861601,0.00047470785240584843,0.008248677779816305,2.539444814219983,2021
2021-11-07,61511.3,63377.58,61368.26,63316.4,142878.20799999998,708854,1799395,0.00042488412435918115,0.02892348155024216,3.22174077581086,2021
2021-11-08,63316.4,67932.89,63308.7,67606.96,274932.146,1262797,3272069,0.0009451850344082704,0.06556655700691394,7.049754562902362,2021
2021-11-09,67606.96,68675.16,66300.0,67009.98,231843.834,1171459,3087341,0.0007805469274843934,-0.008869372806810105,3.5197664601149663,2021
2021-11-10,67010.65,69198.7,62400.51,64920.13,347835.573,1551284,4348447,0.004222773516451689,-0.03168381841316226,10.340862790108906,2021
2021-11-11,64920.13,65646.98,64147.12,64831.3,178279.275,940931,2510140,0.0007512686687748886,-0.001369233678245152,2.3112402891492914,2021
2021-11-12,64831.2,65500.0,62313.0,64156.08,264576.325,1159855,3146724,0.0010078610483401909,-0.010469646995824533,4.988007087912512,2021
2021-11-13,64156.08,65073.24,63430.01,64427.0,124466.493,643080,1585473,0.0004845197043765963,0.0042139354711281385,2.557631149850586,2021
2021-11-14,64426.99,65569.99,63640.0,65568.39,146424.701,701284,1786912,0.00048387174547256343,0.017560920156210358,2.9875918297161146,2021
2021-11-15,65568.38,66395.05,63351.58,63654.49,210026.60199999998,957119,2387155,0.0005366356102060902,-0.029623855520073406,4.692265824957982,2021
2021-11-16,63654.49,63655.77,58397.14,60106.03,475025.706,1848113,4669206,0.0024583950469698013,-0.05735969525528439,8.622305686566847,2021
2021-11-17,60106.03,60848.85,58336.68,60366.96,287388.873,1285020,3416114,0.0017219311450738372,0.004331766116399294,4.216186528485115,2021
2021-11-18,60366.97,60999.0,56505.48,56921.05,412021.67199999996,1712813,4629293,0.002078946228969247,-0.05877671540867979,7.651984599681411,2021
2021-11-19,56921.04,58333.0,55604.0,58069.51,245356.12099999998,1212611,3004657,0.0010212715372097299,0.019975521261811124,4.791282983851729,2021
2021-11-20,58069.52,59873.84,57372.0,59716.29,173697.342,910549,2257300,0.0007943777022431543,0.027964106243066666,4.268330241624177,2021
2021-11-21,59716.28,60052.82,58518.88,58661.39,143887.271,793860,2034106,0.0006098429710408719,-0.017823088356372807,2.5875071076516236,2021
2021-11-22,58648.87,59624.56,55600.0,56268.31,326184.881,1423846,3832413,0.0019224084671931763,-0.04165025991470017,6.988436846981353,2021
2021-11-23,56268.31,57888.0,55250.0,57574.23,267790.325,1191362,3319305,0.0016694489152490196,0.02294357252874235,4.664176881502254,2021
2021-11-24,57574.24,57775.27,55900.0,57165.08,194683.75699999998,934899,2459067,0.0008561504787249326,-0.007131849306471594,3.299644929007216,2021
2021-11-25,57165.09,59449.62,57029.0,58988.21,191912.653,916977,2413373,0.0006054762165732027,0.03139437097780551,4.156932080655626,2021
2021-11-26,58988.36,59186.41,53500.0,53755.65,378650.919,1561191,4127437,0.0016907329540959512,-0.09288881566595641,10.101030082407226,2021
2021-11-27,53755.66,55300.0,53640.69,54738.77,155119.117,783290,1975864,0.0008746063522933649,0.0181234557400618,3.046498666287019,2021
2021-11-28,54738.77,57474.76,53245.0,57315.73,213600.615,960334,2393952,0.0012382897436742676,0.04600287261418856,7.644199144460219,2021
2021-11-29,57315.72,58924.21,56715.0,57827.98,215111.466,990904,2447845,0.0007896614525444505,0.008897635476152743,3.8213315848172273,2021
2021-11-30,57827.97,59224.99,55900.0,56975.0,337624.148,1412856,3850454,0.001684199690354165,-0.014860166461167168,5.7779201036166326,2021
2021-12-01,56978.06,59100.0,56500.0,57209.29,273959.104,1202017,3149322,0.0011583529171418979,0.0041037226539195615,4.499028625965728,2021
2021-12-02,57209.28,57428.49,55800.0,56513.57,249985.255,1016716,2673918,0.0011933811439345638,-0.012235511479998351,2.8766652264989405,2021
2021-12-03,56513.56,57670.0,50604.0,53612.0,374132.016,1416775,3755786,0.001768098151834348,-0.052707862689418405,13.070648307489815,2021
2021-12-04,53611.86,53889.69,40888.89,49135.66,598774.989,2350328,5884109,0.00797935214689154,-0.0871878795118981,27.60807914635236,2021
2021-12-05,49135.66,49699.49,47755.0,49376.6,286434.382,1237338,3163309,0.0017673424208150617,0.004891583655190601,3.9910897993815238,2021
2021-12-06,49373.83,50888.0,47000.0,50424.72,357711.029,1475126,3868686,0.0030222130684599475,0.021004903264124408,7.9479537666444475,2021
2021-12-07,50424.72,51929.0,50012.0,50577.2,224670.618,1055429,2571721,0.0010198496711984544,0.0030193508368974165,3.7614424346361606,2021
2021-12-08,50577.2,51210.6,48533.33,50455.61,238229.884,1030347,2569992,0.0014575525274985557,-0.002406942035985793,5.369576345429538,2021
2021-12-09,50459.61,50773.03,47312.89,47539.76,273086.086,1182322,3003376,0.0013105938608909229,-0.059527526285586774,7.058253386397068,2021
2021-12-10,47539.34,50188.42,46828.23,47136.35,302974.429,1313799,3440326,0.0023704245350054955,-0.00852194796386918,6.929809660002845,2021
2021-12-11,47132.31,49499.05,46724.35,49381.15,210959.992,982876,2548340,0.0014033456551175451,0.04652430685161413,5.768803540887102,2021
2021-12-12,49379.51,50768.0,48616.16,50057.01,183434.285,931837,2352164,0.0005387291993477931,0.013593783467074516,4.33102489156201,2021
2021-12-13,50057.02,50180.0,45600.0,46679.93,348551.322,1512697,4064300,0.0015665023323245323,-0.06984824804813172,9.570882441793577,2021
2021-12-14,46679.93,48657.92,46255.6,48324.04,266213.627,1243105,3361316,0.001643822021403798,0.03461485155734145,5.0632053150378695,2021
2021-12-15,48324.0,49479.75,46518.73,48870.48,345239.891,1583686,4121320,0.0017757310989378761,0.01124437380747878,6.170846777321452,2021
2021-12-16,48870.48,49439.79,47500.0,47624.5,215874.187,1040593,2699044,0.0007654580914188132,-0.025826198506411657,4.002585452700325,2021
2021-12-17,47629.1,47988.27,45373.11,46125.33,326458.135,1569440,3900693,0.0015422396081423823,-0.031985077897445535,5.603696721850795,2021
2021-12-18,46125.33,47336.99,45438.43,46815.99,191006.415,1141700,2717062,0.0007177073457390707,0.014862554428859198,4.093379671072186,2021
2021-12-19,46815.99,48461.17,46399.37,46668.63,241698.541,1158238,2869025,0.0009863306143947682,-0.0031526067507137157,4.347697716670772,2021
2021-12-20,46668.65,47533.42,45530.67,46898.14,273804.259,1407176,3385680,0.0009092924899756782,0.004905811332397647,4.304687778176305,2021
2021-12-21,46896.82,49298.78,46650.0,48875.15,260008.358,1475228,3368367,0.0007143977034497109,0.04129107153734246,5.522640699878884,2021
2021-12-22,48875.88,49599.0,48420.02,48569.69,208463.689,1191180,2632960,0.00046752203747045935,-0.006269413557907555,2.405730767503297,2021
2021-12-23,48569.69,51377.74,48020.0,50817.92,255885.48,1128211,2830824,0.0006626965147391528,0.045249374489589655,6.758741393445325,2021
2021-12-24,50817.94,51805.0,50379.25,50808.55,220208.725,975440,2359503,0.000632359743195355,-0.00018440077720960346,2.7907285749926345,2021
2021-12-25,50809.37,51190.0,50105.0,50403.64,147662.438,680570,1640853,0.00034914786334229724,-0.00800125281735653,2.1423396959199774,2021
2021-12-26,50403.64,51300.0,49350.0,50765.73,184800.616,786573,1947977,0.0005358981118011515,0.00715812594436116,3.875298629723324,2021
2021-12-27,50765.73,52134.0,50450.0,50707.72,216225.263,910545,2265011,0.00045863409331655904,-0.0011433533859257494,3.2834580285505885,2021
2021-12-28,50707.72,50713.56,47290.0,47522.03,336083.33999999997,1351646,3423898,0.0011891341233078966,-0.06488477425289574,6.989447380277601,2021
2021-12-29,47522.02,48125.97,46000.0,46436.54,274795.37799999997,1098115,2740566,0.0011076653729324534,-0.023106743680404662,4.5180551759882945,2021
2021-12-30,46436.53,47911.68,45880.0,47095.02,229931.288,902035,2203374,0.0006953621355579553,0.014080613631442418,4.333002376734994,2021
2021-12-31,47095.02,48575.0,45650.0,46210.56,287186.00299999997,1092301,2742753,0.0010516192141356573,-0.0189589195504265,6.21053882225264,2021
2022-01-01,46210.57,47943.77,46210.55,47704.35,179433.584,747422,1823098,0.0007440781760714053,0.031814245307044686,3.682073888388432,2022
2022-01-02,47704.35,48000.0,46605.68,47280.0,184795.093,736462,1845244,0.0005426452857509757,-0.00893521560699817,2.947858879206259,2022
2022-01-03,47280.01,47575.22,45665.4,46445.81,244781.793,921860,2367718,0.0005541182632869129,-0.01780111642765725,4.097113789992406,2022
2022-01-04,46445.8,47524.36,45445.57,45833.42,292149.75,1092484,2763606,0.0008097359995459323,-0.013272737324365735,4.472707556126055,2022
2022-01-05,45833.41,47075.29,42270.0,43421.69,485477.569,1649249,4438181,0.0017842362460986504,-0.05405443349743244,10.767062032791115,2022
2022-01-06,43421.7,43766.0,42385.83,43080.01,299509.851,1118134,2967072,0.000791498351991282,-0.0079000014339492,3.2043151964098215,2022
2022-01-07,43080.01,43135.0,40456.56,41553.86,473214.849,1553137,4387523,0.00211842134455984,-0.036068667307592506,6.410592664773045,2022
2022-01-08,41553.87,42335.0,40500.0,41688.05,283737.224,1115096,2952768,0.0009462031630700469,0.0032240998852639535,4.431219298174703,2022
2022-01-09,41688.05,42773.85,41170.0,41851.22,223134.952,893908,2349047,0.0007023311708569037,0.003906431250848996,3.821709877238591,2022
2022-01-10,41851.22,42219.84,39610.0,41801.55,453644.116,1529705,4253158,0.002169453622264072,-0.0011875280600310845,6.380864110602761,2022
2022-01-11,41801.55,43118.0,41255.0,42700.68,323760.691,1173653,3210875,0.0009513037176620374,0.021281424983397912,4.4168225779508905,2022
2022-01-12,42700.69,44300.0,42415.0,43880.72,281339.294,983401,2653237,0.0006840110082036613,0.027260198492596643,4.348260379139196,2022
2022-01-13,43880.72,44396.68,42301.16,42534.32,289289.18,1057502,2842230,0.0008194538333743851,-0.031163764193236076,4.835018302355863,2022
2022-01-14,42538.72,43450.0,41666.0,43042.4,272517.077,996590,2711286,0.0007085547271148231,0.011874396914979712,4.192540320521103,2022
2022-01-15,43042.4,43800.0,42530.64,43070.51,184649.157,850437,2162077,0.00035896525889446635,0.0006528638040101953,2.940906002881161,2022
2022-01-16,43070.51,43464.71,42531.69,43060.66,177450.475,743300,2004334,0.00035555036919889964,-0.00022872091585313115,2.1699899341258764,2022
2022-01-17,43060.66,43159.32,41523.68,42176.34,232748.345,916126,2576335,0.0005894584688732869,-0.020750418964521344,3.863451802217229,2022
2022-01-18,42176.34,42680.0,41260.0,42337.58,267472.46499999997,957033,2605464,0.0006453566400615887,0.0038157074156011106,3.383691879044684,2022
2022-01-19,42337.58,42545.0,41115.64,41657.89,333952.095,1074332,3093452,0.0007863099327586056,-0.016184321273431834,3.417375490471307,2022
2022-01-20,41656.9,43495.0,40550.0,40661.69,399818.05199999997,1298699,3649340,0.0008696517380945227,-0.024204414919186235,7.011020839808216,2022
2022-01-21,40662.06,41095.76,35380.92,36425.98,790320.909,2477691,7112977,0.004836251839578213,-0.1100041152094473,14.973226137818365,2022
2022-01-22,36426.46,36817.74,33950.0,35043.73,676272.904,2277730,6139534,0.0047747772177421976,-0.03868554614333242,8.109094023146273,2022
2022-01-23,35043.73,36496.92,34588.8,36230.01,369372.903,1301460,3421563,0.0016411477145020577,0.03329107074679527,5.369794322656209,2022
2022-01-24,36230.0,37528.0,32853.83,36648.31,823000.702,2556586,7379240,0.004269691368192249,0.01147953447914496,13.301899232852286,2022
2022-01-25,36648.3,37561.03,35693.0,36934.26,409535.517,1562926,4251175,0.0017798671615909497,0.007772260182582258,5.101248562593462,2022
2022-01-26,36934.26,38886.58,36232.42,36787.43,554457.384,1934168,5467829,0.003250056371018163,-0.003983364845497661,7.069490580648348,2022
2022-01-27,36787.42,37200.0,35471.53,37131.0,422006.922,1574250,4341962,0.0021024579486271064,0.009295989488466105,4.757835838016079,2022
2022-01-28,37131.0,38000.0,36149.02,37696.21,367509.143,1394452,3780617,0.0013440547346446775,0.015107358670460869,4.993632075601835,2022
2022-01-29,37696.22,38750.94,37252.0,38150.01,238657.764,1019506,2643842,0.0008448639054273571,0.011966460957173908,3.9449378910238657,2022
2022-01-30,38150.0,38420.3,37334.83,37870.01,195029.125,841537,2182990,0.0005186555695383972,-0.00736651387869891,2.865929463388755,2022
2022-01-31,37870.0,38741.73,36620.0,38439.04,318440.392,1222553,3180130,0.0009261548278952167,0.014914103829873682,5.632277442100142,2022
2022-02-01,38439.04,39260.26,37969.0,38680.51,353354.121,1311515,3602863,0.0009979086279642384,0.006262245801949007,3.3442774027557216,2022
2022-02-02,38680.51,38834.18,36529.81,36892.03,337570.934,1237931,3238066,0.0007894811946751628,-0.047340317049181735,6.117214708590495,2022
2022-02-03,36892.05,37395.0,36204.3,37289.86,318656.228,1132060,3020061,0.0010121854682616186,0.010725901268372695,3.2359109335842393,2022
2022-02-04,37287.33,41741.76,37011.0,41550.0,520105.77,1829144,4876035,0.0016898362656448593,0.10817608147551283,12.02869007908784,2022
2022-02-05,41550.0,41922.0,40920.0,41374.69,242184.07,1095248,2728847,0.0006369458520932576,-0.004228180079429933,2.419180771494284,2022
2022-02-06,41374.68,42656.8,41100.0,42361.35,215323.94999999998,847048,2197115,0.0006583138425959253,0.023567048691734982,3.7178577006914417,2022
2022-02-07,42361.34,44541.16,41609.76,43829.99,418053.774,1562699,4078430,0.0009424010344234935,0.03408189636269654,6.807895036152309,2022
2022-02-08,43829.99,45600.0,42641.0,44021.57,468015.421,1737513,4649391,0.001436287719299142,0.004361454792395136,6.709148478015031,2022
2022-02-09,44021.58,44826.0,43089.08,44358.08,300270.062,1225466,3214990,0.0009526168659183398,0.007615138240359087,3.951872748330741,2022
2022-02-10,44358.09,45847.5,43136.96,43471.29,563922.075,1942974,5369837,0.0022048112836456457,-0.020194159110454635,6.094050135377614,2022
2022-02-11,43471.3,43900.0,41914.23,42366.0,414646.19299999997,1586935,4498402,0.001776922355623799,-0.025754566436495097,4.628893267179481,2022
2022-02-12,42365.99,42980.0,41540.0,42199.87,256269.32499999998,1082585,2871604,0.0007445907906267303,-0.003929013293763717,3.407807276639823,2022
2022-02-13,42199.88,42755.97,41850.0,42041.13,192068.012,825067,2148957,0.000449744117075235,-0.0037687156582855152,2.1417037820060947,2022
2022-02-14,42041.12,42273.72,41526.0,42152.91,70261.967,274796,741909,0.00013020786495653364,0.002655296400465801,1.7845879296430351,2022
2022-02-15,42525.14,44777.0,42406.23,44529.6,276735.421,1090377,2782170,0.0006329727464278184,0.05485041537429858,5.439932932612205,2022
2022-02-16,44529.7,44536.8,43277.8,43860.7,255790.287,994360,2543753,0.00043009874982656994,-0.015135433850273827,2.867601226283092,2022
2022-02-17,43860.8,44150.0,40020.1,40491.7,433958.984,1517070,4093325,0.0010975479541522647,-0.0799216878965332,9.821109914687884,2022
2022-02-18,40491.8,40944.1,39422.0,39966.8,377679.782,1365198,3531150,0.0012810585721923673,-0.013047905364949486,3.7883685670009632,2022
2022-02-19,39966.8,40438.7,39610.3,40052.6,185624.675,778369,1963483,0.0003704386954752499,0.0021444807854447134,2.0698061795718514,2022
2022-02-20,40052.6,40100.1,37905.0,38368.1,329740.444,1109277,2965260,0.0006954952087462849,-0.042967205078344506,5.62957985667328,2022
2022-02-21,38367.9,39510.0,36762.0,36986.4,646391.815,1893924,5359508,0.002917272170880463,-0.0366761076731823,7.208910145172691,2022
2022-02-22,36986.4,38450.0,36310.1,38212.0,465313.497,1518454,4341079,0.0017348698324374345,0.03259932490062134,5.726275646695925,2022
2022-02-23,38212.1,39250.0,36963.2,37227.8,408056.255,1333737,3541556,0.001033645234695049,-0.02609380839914799,6.002862111619348,2022
2022-02-24,37227.9,40376.1,34303.7,38315.1,919820.907,2870784,8122647,0.005795696505807203,0.02878828035423453,16.29848056794619,2022
2022-02-25,38316.2,39750.0,37999.2,39205.4,416316.366,1588682,4273206,0.0018381340265773824,0.022970418048245733,4.504473422714387,2022
2022-02-26,39205.4,40441.1,38561.7,39099.3,251892.201,1009399,2697306,0.0008601026485257441,-0.002709928393329619,4.758703866616654,2022
2022-02-27,39099.3,39868.6,36934.6,37672.0,423197.247,1480832,4101060,0.0018808679023624006,-0.03718745107651067,7.644026556999632,2022
2022-02-28,37672.1,44341.0,37414.4,43155.0,615391.161,2109797,5894312,0.00391003444972301,0.13588117273036637,16.985409987871893,2022
2022-03-01,43155.0,44935.0,42765.4,44394.1,448483.646,1753966,4610393,0.001398196262261001,0.028308292053964124,4.9487636678098665,2022
2022-03-02,44393.6,45350.0,43321.0,43885.7,407603.721,1536656,4239890,0.0016595457585378264,-0.01151805102826664,4.577267066893365,2022
2022-03-03,43885.8,44080.0,41831.0,42449.5,365565.832,1441974,3803308,0.0010615005821966515,-0.03327339257234385,5.236847338894916,2022
2022-03-04,42449.6,42525.3,38521.0,39127.7,469138.374,1727780,4908804,0.0019647517273163576,-0.08148447806104464,9.889564579782775,2022
2022-03-05,39127.7,39580.0,38547.6,39375.1,198747.893,860610,2212218,0.0004918925092966508,0.0063029807611822974,2.6430098912455393,2022
2022-03-06,39375.0,39690.0,38056.0,38401.1,311705.26,1163412,3162831,0.0011075718415894447,-0.02504753180838115,4.204050766499358,2022
2022-03-07,38401.1,39550.0,37134.0,37963.8,490254.516,1667450,4747049,0.0018665334617071728,-0.011453030911134476,6.303270222838342,2022
2022-03-08,37963.7,39340.5,37853.0,38709.9,421462.36699999997,1431207,4243987,0.0014844363243854822,0.019462307168819137,3.8544285610052103,2022
2022-03-09,38709.9,42647.5,38638.7,41937.5,462059.811,1666528,4564168,0.0014242816335037765,0.08008503345748608,9.87142906865283,2022
2022-03-10,41939.5,42034.3,38512.0,39407.2,520645.186,1724672,5039014,0.002481498619906163,-0.06223187400638608,8.751607061854255,2022
2022-03-11,39407.1,40242.0,38200.1,38713.0,467078.892,1548499,4566236,0.0016182557977123936,-0.01777307978470688,5.207309293550495,2022
2022-03-12,38713.1,39578.4,38630.0,38792.6,172494.825,709714,1916408,0.00033074491456606335,0.0020540458492490643,2.425433822234303,2022
2022-03-13,38792.7,39300.0,37500.0,37743.7,236623.694,868493,2373595,0.0007623562277639362,-0.027410932439495994,4.688358589885046,2022
2022-03-14,37743.0,39989.0,37522.1,39653.8,360058.358,1204971,3346589,0.0012931257261286216,0.049368207725713376,6.367432357349529,2022
2022-03-15,39651.6,39901.8,38073.8,39271.0,345019.243,1159132,3198153,0.0007689194594316864,-0.0097004490792294,4.689505411892896,2022
2022-03-16,39270.9,41804.0,38700.0,41105.8,650589.661,2134169,6249052,0.004240723320663188,0.04566289777017474,7.715242869652106,2022
2022-03-17,41105.9,41498.4,40442.8,40898.1,243988.794,899147,2446187,0.0005389317176844703,-0.005065623565245758,2.5766242143303675,2022
2022-03-18,40898.0,42322.8,40084.2,41751.5,299134.44299999997,1035920,2791205,0.0006212547499555328,0.02065177159320264,5.434370622664763,2022
2022-03-19,41751.6,42446.6,41500.0,42188.2,186459.954,695525,1729803,0.00028224694609098284,0.010405182292508641,2.2553388084485633,2022
2022-03-20,42188.2,42269.3,40900.0,41261.0,235774.129,803308,2023810,0.00037887213627228565,-0.02222281718956509,3.29309911846353,2022
2022-03-21,41261.0,41544.4,40430.0,40982.0,308396.46,990206,2575120,0.0006973811152103286,-0.006784797983479862,2.7190651188836408,2022
2022-03-22,40982.0,43517.7,40852.0,42349.8,374297.674,1282083,3429191,0.0011776821432346633,0.032830752622095005,6.321197217055705,2022
2022-03-23,42349.9,43051.0,41731.3,42867.9,282631.74,950022,2643858,0.0005565773170899815,0.012159595568922654,3.113401264146914,2022
2022-03-24,42867.8,44200.0,42525.0,43973.4,331440.057,1135930,3127793,0.000541086756950239,0.02546161154677229,3.8632650801727073,2022
2022-03-25,43973.2,45142.0,43575.1,44290.6,348620.122,1212753,3146493,0.0004376478208909102,0.007187559267004318,3.5327190712252268,2022
2022-03-26,44290.6,44785.0,44041.0,44489.2,140712.587,583257,1476070,0.00021502307656830088,0.004473998167952686,1.6752243700135012,2022
2022-03-27,44489.3,47047.0,44416.0,46820.8,269280.228,981887,2526390,0.0014043971273731985,0.051081085544479876,5.754733715880273,2022
2022-03-28,46820.9,48200.0,46651.2,47121.9,317565.782,1255988,3149233,0.0007048647658583725,0.006410312479175673,3.2660370621375905,2022
2022-03-29,47121.8,48100.0,46911.0,47418.5,259040.835,923692,2407067,0.00046361333957649413,0.006274586803217019,2.5029987582232653,2022
2022-03-30,47418.5,47688.6,46535.0,47053.2,235009.892,873517,2279014,0.00043574029438783296,-0.007733571443242937,2.448765798238197,2022
2022-03-31,47053.1,47619.4,45185.0,45506.0,299837.61,1040298,2704524,0.0006594164313558145,-0.033434691076081435,5.247506787741515,2022
2022-04-01,45505.9,46700.0,44206.2,46266.2,360734.553,1146675,3077896,0.0007912840577370879,0.016567487503458267,5.487911393511256,2022
2022-04-02,46266.2,47236.8,45600.0,45794.6,226413.357,789962,2087086,0.000739838060577588,-0.01024549265959962,3.5265533310353465,2022
2022-04-03,45792.3,47448.0,45501.0,46392.4,212589.013,748380,2007773,0.0006971803570242503,0.012969472474411603,4.190007079905588,2022
2022-04-04,46392.3,46895.5,45094.0,46580.9,272796.54099999997,921298,2435925,0.0004997683144228273,0.004054933153581075,3.917252205723794,2022
2022-04-05,46580.9,47188.0,45300.0,45477.4,257524.639,855088,2349083,0.0005158259049471207,-0.023975086604531626,4.083259049060764,2022
2022-04-06,45477.5,45494.2,43100.0,43159.7,384359.375,1322736,3589835,0.0011337306516942041,-0.05230830977692413,5.406184819441685,2022
2022-04-07,43159.8,43888.0,42685.0,43417.1,229567.97999999998,870175,2352054,0.0006680033515505641,0.005946183236369862,2.779336373297759,2022
2022-04-08,43417.1,43968.1,42074.0,42229.2,310095.82899999997,1094794,3039074,0.0007846962842112749,-0.027741447834046085,4.403439826682855,2022
2022-04-09,42229.1,42796.7,42100.3,42727.7,119722.654,513528,1398153,0.00024137353783161474,0.011735496968078962,1.6406130257755633,2022
2022-04-10,42727.8,43399.4,41838.0,42140.4,181904.47,680080,1922058,0.00035922963904194975,-0.013840521355779956,3.6640598659073307,2022
2022-04-11,42140.3,42399.9,39136.7,39505.6,439530.02,1509022,4212901,0.0012758383241120576,-0.06456446648970093,8.008535805470869,2022
2022-04-12,39505.6,40700.0,39224.0,40060.7,349883.631,1154967,3292065,0.000821388321331038,0.013953369864070808,3.693928809961716,2022
2022-04-13,40060.7,41580.0,39569.8,41129.8,324910.931,1094443,3176539,0.0008788660547171377,0.02633711572550368,4.955308137939861,2022
2022-04-14,41129.8,41474.8,39522.0,39915.9,261966.391,895773,2615945,0.00048380100148936756,-0.02995817884194807,4.82285349962332,2022
2022-04-15,39915.9,40888.0,39734.2,40529.5,194680.671,680104,1968852,0.0005034754240570785,0.015255363265408661,2.862434366018189,2022
2022-04-16,40529.6,40700.0,39944.9,40361.0,127705.057,470155,1336108,0.0002128235923200085,-0.004166131837887832,1.8727087959910733,2022
2022-04-17,40360.9,40574.1,39510.0,39649.1,170331.824,581945,1664402,0.00031657544432725667,-0.01779572297502341,2.6576127585324363,2022
2022-04-18,39649.1,41310.0,38465.7,40785.6,362435.319,1130912,3387459,0.0010990650714378398,0.02826082872487312,7.133766630121613,2022
2022-04-19,40785.7,41788.0,40543.7,41472.9,214404.271,798418,2272668,0.00034824489475156233,0.016711123947976247,3.0228812232495774,2022
2022-04-20,41472.9,42166.8,40800.0,41327.7,257382.427,1011471,2731896,0.0004718221943332769,-0.003507224557250055,3.295110013968598,2022
2022-04-21,41326.0,42966.0,39630.0,40449.8,393149.956,1597941,4300495,0.0009962133267635985,-0.021471278209471478,8.082269805051407,2022
2022-04-22,40449.7,40786.1,39133.0,39674.2,314935.75299999997,1363717,3578572,0.0008260940127141993,-0.01936059673845314,4.137523628680814,2022
2022-04-23,39674.3,40000.0,39259.0,39415.1,125046.817,673720,1602703,0.0002344985219283155,-0.006552110764236119,1.869873680754237,2022
2022-04-24,39413.8,39930.6,38884.1,39433.4,180371.762,792961,1944480,0.0003867669607136479,0.0004641813180619181,2.655752055086136,2022
2022-04-25,39433.4,40650.0,38111.0,40411.0,448877.893,1712943,4399875,0.0015781516734423868,0.02448885220223218,6.449588162024406,2022
2022-04-26,40411.0,40800.0,37671.8,38093.7,453132.198,1762598,4384061,0.0012276093630219868,-0.059053111004697456,7.977027746575403,2022
2022-04-27,38093.7,39470.0,37844.5,39209.0,385645.365,1517531,3726498,0.0008556315547129319,0.028857398151567182,4.205523078581353,2022
2022-04-28,39209.0,40376.6,38861.8,39732.5,413543.408,1578239,3928985,0.001185119970929499,0.01326318030785778,3.82386462405344,2022
2022-04-29,39732.5,39924.8,38160.0,38572.2,308116.375,1270356,3106694,0.0007197547405496518,-0.02963768284577384,4.520983811583227,2022
2022-04-30,38572.2,38782.6,37550.0,37614.5,181810.382,834878,2037497,0.00040802979529826964,-0.025142195388678346,3.229831422544404,2022
2022-05-01,37614.4,38680.6,37350.0,38440.5,236549.462,1065584,2621618,0.0005538940008262357,0.0217219769471928,3.5005270778409896,2022
2022-05-02,38440.2,39222.0,38032.2,38525.6,336845.365,1416735,3521802,0.0007415892518659091,0.002211364085724199,3.080464452514559,2022
2022-05-03,38525.5,38674.7,37500.1,37712.9,248986.222,1102801,2698667,0.00040252139045309404,-0.02132074439556142,3.0842039840634885,2022
2022-05-04,37713.0,40071.7,37655.2,39684.0,424498.81799999997,1586650,4133946,0.0006578879746112251,0.050945872795916,6.21992905841945,2022
2022-05-05,39684.1,39845.0,35388.0,36534.7,547209.0,1935648,5070147,0.002030278656976967,-0.08268558988241637,11.862414722857192,2022
2022-05-06,36533.7,36679.3,35200.0,35995.3,431979.24,1433674,3998315,0.0010709407027267794,-0.014874119527803487,4.116648063264583,2022
2022-05-07,35995.2,36138.0,34700.0,35466.7,200264.83299999998,903094,2212165,0.0005407189448094754,-0.014794146288819476,4.060525633682547,2022
2022-05-08,35466.7,35504.0,33665.0,34032.0,426872.584,1900188,4516970,0.0011470914482313772,-0.041292969630735143,5.3186644192994,2022
2022-05-09,34032.1,34243.3,30003.6,30056.6,1078779.712,3415137,9184779,0.004943037414917397,-0.12421898764924144,13.217355067137332,2022
2022-05-10,30056.0,32650.0,29701.4,31002.1,863178.961,3020485,8033585,0.004296674667544163,0.030972673317608113,9.465067297761077,2022
2022-05-11,31002.1,32197.6,27651.0,29074.7,1101875.972,3769187,9995578,0.011298417824575878,-0.06418656391748634,15.223002193142646,2022
2022-05-12,29077.9,30257.0,26631.0,29020.7,964475.589,3722054,9545187,0.011217724679876405,-0.0018590117479764245,12.76516119112385,2022
2022-05-13,29020.8,31072.6,28730.4,29274.3,507620.105,2256667,5507009,0.0031404681973642283,0.008700629550098427,7.837060628904741,2022
2022-05-14,29274.2,30352.2,28602.3,30079.8,315756.895,1571692,3756979,0.0013475821162219415,0.027143852112480715,5.938186834981119,2022
2022-05-15,30079.5,31462.0,29448.0,31324.4,336773.13899999997,1579498,3738894,0.0014610467182411858,0.04054349644499844,6.615447232359303,2022
2022-05-16,31324.3,31327.4,29052.3,29866.7,507243.16599999997,2003543,5014012,0.001869484736976263,-0.047653199184782835,7.539545996652857,2022
2022-05-17,29866.4,30794.0,29420.0,30437.0,398624.519,1698346,4083135,0.0012887330467225913,0.01891482621957863,4.564515063443566,2022
2022-05-18,30437.0,30700.0,28629.6,28700.6,426700.457,1773913,4172681,0.0013008755917464695,-0.05874094513276518,6.982150693944278,2022
2022-05-19,28700.6,30550.0,28670.5,30319.9,448856.724,1881317,4384132,0.0013210672511103805,0.0548862341453038,6.349596604182047,2022
2022-05-20,30319.9,30784.4,28702.0,29188.9,485439.171,1885631,4396626,0.0011689211704686562,-0.038015762598142544,7.004126141313146,2022
2022-05-21,29188.9,29650.0,28927.0,29427.4,202804.089,967826,2179630,0.00046378171691817237,0.008137713099197086,2.4686710415546465,2022
2022-05-22,29427.4,30500.0,29223.6,30284.0,297116.44,1188440,2699817,0.000669671723852267,0.028693307124306955,4.275008159429299,2022
2022-05-23,30284.0,30658.0,28840.7,29097.7,475720.75,1754688,4234598,0.0009518222805710655,-0.03996038698795168,6.110605577706359,2022
2022-05-24,29097.8,29887.3,28637.6,29643.1,382124.449,1473804,3486602,0.0007056289249987322,0.01857025009985591,4.271310130284299,2022
2022-05-25,29643.0,30246.7,29330.0,29536.7,413459.484,1497398,3644948,0.0007267977493865188,-0.0035958254217014485,3.0776204627554007,2022
2022-05-26,29536.7,29877.0,27952.1,29194.0,602137.086,1875697,4998028,0.0015373318412497078,-0.011670349222875132,6.659662267077687,2022
2022-05-27,29194.0,29387.0,28259.6,28623.2,506638.884,1834225,4601526,0.0012517330101248412,-0.019745630907214817,3.911917681032897,2022
2022-05-28,28623.3,29265.7,28520.0,29018.8,193644.283,757962,1892856,0.00035159022175237524,0.013726318007345029,2.5810586268620197,2022
2022-05-29,29018.8,29595.2,28825.0,29452.8,215139.934,872636,2143741,0.0002776243408639943,0.014845086170282684,2.6369119863024735,2022
2022-05-30,29452.6,32307.6,29301.1,31726.5,502712.176,1735609,4335582,0.0013949099183383502,0.07436331182780265,9.767743868850884,2022
2022-05-31,31726.5,32427.5,31222.0,31797.8,383688.265,1485096,3584533,0.0008839734225556086,0.002244811196378649,3.788385369821613,2022
2022-06-01,31797.9,31986.1,29300.0,29796.9,556992.756,1887277,4628699,0.001150297177099808,-0.06499274374842834,8.771391740855607,2022
2022-06-02,29796.9,30750.0,29566.1,30437.1,370924.687,1421022,3538451,0.0009376509630490734,0.02125789781812415,3.926155951593798,2022
2022-06-03,30437.1,30693.2,29220.0,29682.8,357110.377,1340327,3436609,0.0005879484542928605,-0.025094505600558037,4.918772536487529,2022
2022-06-04,29682.8,29988.0,29456.0,29848.4,187520.53399999999,803824,2016136,0.00024653185428622415,0.005563483589854812,1.7899677150093503,2022
2022-06-05,29848.5,30250.0,29524.0,29909.9,205385.831,861431,2136355,0.0003054889922680933,0.002058292210870505,2.4292692569044485,2022
2022-06-06,29910.0,31780.0,29876.2,31361.2,436522.874,1686778,4199213,0.0007110681378637314,0.047381930783387816,6.17749842995653,2022
2022-06-07,31361.2,31599.0,29190.0,31118.1,691714.985,2328756,5975164,0.0036652781291170154,-0.007781816594487623,7.929928965649119,2022
2022-06-08,31118.0,31325.0,29825.0,30192.5,455686.637,1605612,4067735,0.0015617289741840766,-0.030196094294351994,4.906953279815209,2022
2022-06-09,30192.6,30691.9,29914.5,30093.3,307312.175,1121411,2788244,0.0005622369469694226,-0.0032909935518237177,2.565546345283509,2022
2022-06-10,30093.4,30374.1,28805.0,29077.7,445928.659,1586112,3965215,0.0013893874101486255,-0.03433099823775976,5.304128840777033,2022
2022-06-11,29077.7,29427.9,28080.0,28416.7,391367.814,1466471,3598306,0.0008210176005628499,-0.022994556862451887,4.688562478239864,2022
2022-06-12,28416.6,28530.3,26538.7,26564.7,560834.131,1989608,5008490,0.0020153410889136862,-0.06739373373098978,7.236263538053215,2022
2022-06-13,26564.7,26877.0,21900.0,22471.5,1622521.601,4740377,12474569,0.007787129773749048,-0.16733542714095861,20.4784265461096,2022
2022-06-14,22471.4,23424.2,20823.0,22122.7,1247609.796,3845781,10260084,0.008038125105322093,-0.015643608955350885,11.771153096826016,2022
2022-06-15,22122.7,22800.0,20100.2,22567.5,1509499.169,4326881,11845838,0.01013173285060389,0.01990658750211516,12.603077069611206,2022
2022-06-16,22567.5,23000.0,20222.0,20387.4,882634.22,2935839,7395505,0.0033596867692000814,-0.10159375522134795,12.872309525994229,2022
2022-06-17,20387.4,21388.0,20228.0,20457.3,776158.057,2412092,6079948,0.0021162849225370086,0.0034227240371489387,5.576223386874857,2022
2022-06-18,20457.3,20768.4,17593.2,18959.7,1268591.388,3623129,9583930,0.007663135491113856,-0.0760241130890904,16.59201369867346,2022
2022-06-19,18959.7,20821.0,17935.9,20564.2,1089275.6739999999,3276396,8877056,0.0067898930087751585,0.08123602596337243,14.915780183792126,2022
2022-06-20,20564.3,21099.9,19630.0,20570.1,935816.13,3009532,7771043,0.0033584731076396444,0.0002868652215042289,7.22092928459275,2022
2022-06-21,20570.0,21740.0,20337.8,20713.1,787192.746,2617875,6702768,0.0022881300299478855,0.006927785245840923,6.667265818110407,2022
2022-06-22,20713.1,20888.0,19745.7,19977.4,812184.193,2605864,6720501,0.002399528466565241,-0.036164715724984475,5.623908527345488,2022
2022-06-23,19977.5,21250.0,19874.0,21096.6,698753.04,2210423,5727746,0.0016763686182299543,0.05451025543461263,6.694455056125421,2022
2022-06-24,21096.6,21563.5,20732.5,21231.2,645450.7779999999,2120962,5442506,0.001279262147219292,0.00635990784762086,3.9299553184579956,2022
2022-06-25,21231.2,21627.6,20894.0,21481.9,434117.447,1567955,3865063,0.0007073802537945251,0.011738922200120072,3.450824038930652,2022
2022-06-26,21481.9,21888.0,20952.0,21029.1,442787.736,1459046,3675374,0.0007558344917548762,-0.021303527311843595,4.370443423472924,2022
2022-06-27,21029.1,21560.0,20500.0,20730.0,539335.009,1633519,4297480,0.0008364195418937763,-0.014325266345437626,5.0414859896433954,2022
2022-06-28,20730.0,21198.0,20188.0,20268.6,582916.108,1762268,4540284,0.0006681654724229292,-0.02250903595662379,4.881846912704714,2022
2022-06-29,20268.7,20430.0,19817.2,20109.9,608905.99,1525500,4327664,0.0008778279795245881,-0.007860659369290701,3.045416135042577,2022
2022-06-30,20109.9,20165.0,18563.0,19923.5,859981.415,1840746,5502182,0.002430176386898656,-0.009312291588008392,8.277807609824526,2022
2022-07-01,19923.3,20926.4,18948.8,19272.0,915399.363,2281894,6152298,0.0037224278433752563,-0.033246674221196315,9.92709147676575,2022
2022-07-02,19272.0,19456.0,18959.0,19240.9,382851.52499999997,1164757,2976646,0.00047963611542889986,-0.00161504362226772,2.5876752963855236,2022
2022-07-03,19241.0,19645.4,18780.1,19305.9,449508.331,1275182,3298282,0.0011587561054888873,0.003372526985836899,4.504541563867911,2022
2022-07-04,19306.0,20350.0,19046.3,20226.6,633310.187,1757450,4682514,0.0009538027370683336,0.046587821151744535,6.620805490193704,2022
2022-07-05,20226.3,20749.2,19291.6,20170.0,854238.867,2355722,6376734,0.0014456887330407371,-0.0028022178617632676,7.283792370783172,2022
2022-07-06,20170.1,20667.6,19753.0,20554.1,682076.458,1916664,5228369,0.001458067252353648,0.01886408245797,4.5261878101700574,2022
2022-07-07,20554.2,21830.0,20244.9,21613.4,699841.616,2016713,5246264,0.0009326192789217216,0.05025305828625015,7.5382260581159795,2022
2022-07-08,21614.5,22579.9,21175.2,21587.9,848144.495,2474800,6407442,0.0027305737893138855,-0.001180520167748611,6.422944441987885,2022
2022-07-09,21587.8,22000.0,21309.6,21580.0,393372.366,1344377,3425448,0.0008194456974006467,-0.00036601271260394697,3.188477795422622,2022
2022-07-10,21580.0,21594.2,20600.0,20853.8,468176.539,1516554,3946140,0.0007566408131215066,-0.034230773994814,4.71336843185131,2022
2022-07-11,20853.8,20853.9,19870.0,19954.3,561245.987,1766756,4722282,0.0008090387430649058,-0.04409152687734341,4.8329924549059955,2022
2022-07-12,19954.3,20048.9,19228.3,19322.9,640560.723,1946758,5243512,0.0008584011446319493,-0.03215373791819509,4.179113724794065,2022
2022-07-13,19322.9,20401.6,18901.0,20220.1,975938.165,2514040,6940192,0.0031625177308399676,0.0453862381388781,7.639849842832118,2022
2022-07-14,20220.1,20900.0,19600.0,20578.6,765989.53,2277818,6321440,0.0012424375061316488,0.01757454170254924,6.42195927342938,2022
2022-07-15,20578.6,21200.0,20364.3,20823.1,626763.692,2017989,5299398,0.0010806350897838873,0.011811246514943363,4.021781386660236,2022
2022-07-16,20823.1,21580.0,20471.0,21183.5,539206.87,1715067,4376025,0.0009462721791570642,0.01715962936100901,5.275770937150441,2022
2022-07-17,21183.6,21674.1,20742.0,20794.4,485537.728,1696485,4320211,0.0009226212455072406,-0.01853885706808356,4.395736914563096,2022
2022-07-18,20794.4,22800.0,20764.4,22423.9,982867.7339999999,2944826,7506531,0.002430378320902393,0.07544363465594195,9.352055407000181,2022
2022-07-19,22423.5,23817.9,21575.0,23385.9,1124029.082,3320146,8573585,0.003007739663974267,0.04200592230150946,9.890216186216657,2022
2022-07-20,23385.9,24277.0,22912.4,23221.5,946647.815,3054394,7875414,0.0024221016366375104,-0.007054702979889527,5.785115134656684,2022
2022-07-21,23221.5,23441.1,22340.2,23144.5,723543.466,2525555,6390688,0.0015656763747408427,-0.0033214023546062066,4.810314578289923,2022
2022-07-22,23144.5,23750.0,22500.0,22675.1,633907.934,2139553,5619564,0.001313628810252122,-0.02048976517708212,5.406722127027579,2022
2022-07-23,22675.0,22990.0,21933.5,22440.2,505887.673,1741127,4466638,0.0008635859124767539,-0.010413412864055616,4.7044190356604485,2022
2022-07-24,22440.1,22999.0,22256.4,22570.6,462958.953,1569610,4140624,0.0009988436489211101,0.005794181166358214,3.282112902196864,2022
2022-07-25,22570.6,22656.8,21232.0,21300.0,695770.655,2139967,5988694,0.0012598651800535216,-0.057941101721727506,6.49505500325114,2022
2022-07-26,21300.0,21334.4,20689.6,21241.0,552498.9029999999,1827311,4637727,0.0006805129167346588,-0.0027737964706329166,3.06896348821538,2022
2022-07-27,21241.0,23100.0,21031.0,22941.1,753370.303,2192893,5568859,0.0013579813656313558,0.07699678548383915,9.383507782620665,2022
2022-07-28,22941.1,24194.6,22583.1,23836.2,756741.836,2376269,6067958,0.00173006490951265,0.03827537179052065,6.892762883222532,2022
2022-07-29,23836.2,24500.0,23426.3,23771.1,642337.051,2174857,5285059,0.0014788535491263302,-0.0027348763982235624,4.481379470138161,2022
2022-07-30,23771.0,24700.0,23505.0,23629.9,493824.816,1758445,4311161,0.0010853235120268138,-0.005957697839612308,4.959007915783771,2022
2022-07-31,23630.0,24187.3,23222.0,23290.1,385969.85,1446089,3727790,0.0011225088225507423,-0.014484481705961727,4.07275968171498,2022
2022-08-01,23290.1,23497.0,22836.2,23257.6,498378.292,1704406,4196160,0.00068920186592247,-0.0013964172357034954,2.8525757261563642,2022
2022-08-02,23257.6,23448.7,22603.0,22975.1,625227.912,1999935,5225422,0.0013607587502444255,-0.012220939550200427,3.673241542393098,2022
2022-08-03,22975.1,23650.0,22665.3,22801.5,569261.768,1817252,4736297,0.0006470512844682836,-0.007584697519359196,4.2527994365355335,2022
2022-08-04,22801.5,23211.3,22370.0,22608.9,548268.816,1699916,4301796,0.000793886361743201,-0.008482689203031413,3.6918453556157313,2022
2022-08-05,22608.9,23450.0,22580.6,23298.1,593992.13,1768444,4688940,0.0008044185832164234,0.030028178115282245,3.7779364336029917,2022
2022-08-06,23298.0,23341.8,22883.6,22943.3,227659.394,826389,2033387,0.00028567355264668456,-0.015345857296049203,1.9825247915492203,2022
2022-08-07,22943.2,23400.0,22830.9,23167.8,271512.062,913178,2243169,0.00025236544136178897,0.00973742868311156,2.462114078556747,2022
2022-08-08,23167.9,24243.0,23153.1,23804.4,565084.219,1726746,4381367,0.0006104324186510134,0.027107053970565786,4.5999235064968484,2022
2022-08-09,23804.3,23913.4,22850.0,23140.2,498286.94299999997,1647734,4053437,0.00042654807631644054,-0.028299072769394584,4.548785393692299,2022
2022-08-10,23140.1,24235.2,22608.0,23940.9,760738.204,2184234,5430716,0.0012034685024059247,0.03401692863762307,6.950229584845236,2022
2022-08-11,23941.0,24972.0,23840.6,23917.2,760455.245,2337347,5828288,0.0009100585149385851,-0.0009904280335977234,4.636518753381717,2022
2022-08-12,23917.3,24438.8,23560.0,24387.5,477734.045,1670797,3938014,0.0004938524023585659,0.019472840574673356,3.6621674478238204,2022
2022-08-13,24387.5,24879.0,24267.5,24429.0,431093.659,1550447,3636684,0.0005050784893907222,0.001700245203874573,2.488606753293204,2022
2022-08-14,24429.0,25065.0,24138.0,24294.1,437314.32,1504915,3508473,0.00042060260047478644,-0.005537428640803199,3.7685088519760623,2022
2022-08-15,24294.1,25200.0,23762.0,24085.2,739390.721,1664060,4717341,0.0009964736862052336,-0.008635978540990408,5.8756328481282045,2022
2022-08-16,24085.2,24234.0,23650.0,23843.0,460919.994,1196509,3324655,0.00055503136061825,-0.01010687076504091,2.4393490871388783,2022
2022-08-17,23843.0,24437.0,23170.0,23333.1,640600.903,2012283,4655088,0.000717263190204072,-0.021617719875020924,5.324003873392737,2022
2022-08-18,23333.1,23595.0,23101.0,23185.1,347699.006,1406452,3008405,0.00033052841192735677,-0.006363122363634233,2.115891854429976,2022
2022-08-19,23185.0,23200.0,20760.0,20824.9,906609.825,2577590,6096867,0.002281304730643584,-0.10736044484700535,11.112422037457636,2022
2022-08-20,20825.0,21368.9,20742.9,21127.8,490507.042,1656647,3787390,0.0007063503298340758,0.014440322718096255,2.9732574528259925,2022
2022-08-21,21127.7,21804.6,21055.0,21505.6,424282.424,1474048,3349745,0.0006898187830795196,0.017723657496041767,3.498289509615949,2022
2022-08-22,21505.6,21550.0,20858.6,21387.0,588764.597,1813274,4392197,0.0006930209189478266,-0.005530105531146745,3.260948332334178,2022
2022-08-23,21387.0,21667.2,20874.8,21518.2,609745.27,1784397,4519094,0.0007236532088862789,0.0061158278690260914,3.725690645648992,2022
2022-08-24,21518.2,21925.6,21132.3,21354.9,502728.198,1495858,3744140,0.0006533133934473583,-0.007617867134248613,3.6852228223755072,2022
2022-08-25,21355.0,21810.9,21295.3,21548.3,415757.99199999997,1263683,3095016,0.00036368901678434794,0.009015705588785394,2.3923453746709225,2022
2022-08-26,21548.3,21867.6,20100.0,20228.7,896474.356,2285681,5958792,0.0017574041660435586,-0.06319453901085303,8.428627423284265,2022
2022-08-27,20228.7,20367.7,19744.0,20023.9,469598.024,1615637,3707229,0.0004837331845211921,-0.010175828006499188,3.110066499695519,2022
2022-08-28,20024.0,20155.0,19508.0,19547.5,386405.195,1371029,3056487,0.00034207311630605954,-0.0240791590932794,3.2627758721323,2022
2022-08-29,19547.5,20440.0,19539.4,20275.5,598076.669,1809560,4169607,0.0005833598185487745,0.036565859593324035,4.50608254359162,2022
2022-08-30,20275.5,20574.0,19524.4,19803.1,767714.993,2029815,4871684,0.0008233993214624608,-0.02357476950792403,5.236317728880621,2022
2022-08-31,19803.2,20496.0,19787.9,20041.5,711639.339,1917796,4852465,0.000902037738412695,0.01196663261299058,3.515910536950434,2022
2022-09-01,20041.4,20198.3,19555.0,20122.5,691594.721,1537313,4343667,0.0006976696488746687,0.004033468270829843,3.2367434242321727,2022
2022-09-02,20122.6,20434.3,19736.0,19941.0,669047.816,1480276,3954198,0.0006913084873604365,-0.009060678258197896,3.4770482247736094,2022
2022-09-03,19941.0,20050.0,19628.7,19820.7,285240.989,777613,2032791,0.00021786984518604944,-0.006051067588625614,2.123637282275449,2022
2022-09-04,19820.7,20022.4,19570.0,19992.7,396798.184,916437,2433253,0.00024819200072089237,0.008640360786349888,2.285386541392259,2022
2022-09-05,19992.7,20046.7,19620.2,19784.9,446706.41,998560,2695518,0.0002768490922696182,-0.010448186434755868,2.1504903912541278,2022
2022-09-06,19784.9,20174.7,18600.0,18781.5,945489.142,1882030,5177737,0.0010447935914172364,-0.052046677695546606,8.12677634378233,2022
2022-09-07,18781.4,19455.0,18500.0,19287.0,595636.693,1340788,3479725,0.000704836115802417,0.026558951032683353,5.033337435223779,2022
2022-09-08,19287.0,19450.0,19003.8,19309.3,537268.644,1205865,3241570,0.0006011559181874733,0.001155551308359648,2.3208110895348506,2022
2022-09-09,19309.3,21666.0,19283.0,21352.0,992497.1,2163967,5787957,0.0012850528151210263,0.10055856696620502,11.652033278590764,2022
2022-09-10,21352.0,21825.0,21112.2,21639.5,491543.206,1241109,3297829,0.0007437934517763792,0.013374936248681024,3.32050292841788,2022
2022-09-11,21639.5,21883.4,21336.0,21820.3,420979.326,1083492,2862590,0.0006254123807620044,0.008320380813767514,2.5332571654833895,2022
2022-09-12,21820.3,22474.0,21540.0,22386.0,818601.932,1965494,5450349,0.0011174269213196518,0.02559503430240362,4.244741375746803,2022
2022-09-13,22386.0,22850.0,19840.0,20162.5,1218769.927,2670575,7515217,0.0026424352964257228,-0.10461132001574924,14.12510154834869,2022
2022-09-14,20162.6,20528.5,19600.0,20217.0,661802.597,1610316,4375732,0.001003674847684212,0.0026993911808634863,4.62845983160207,2022
2022-09-15,20217.0,20315.0,19453.0,19690.8,665862.067,1564858,4397144,0.0010388473536637741,-0.02637231304522203,4.335822962401018,2022
2022-09-16,19690.8,19878.0,19300.0,19792.5,544608.804,1193669,3356440,0.0005736553744462695,0.0051515564764841315,2.9508496634973933,2022
2022-09-17,19792.4,20182.6,19739.4,20102.0,334678.558,871597,2252934,0.00036815016331329835,0.015516234539095564,2.2204208655706137,2022
2022-09-18,20102.0,20105.3,19325.8,19404.5,499916.474,1080784,2840410,0.0006439736118245926,-0.035314314668653424,3.954247112859587,2022
2022-09-19,19404.5,19686.3,18215.0,19528.6,993776.352,2126434,5806574,0.002210245411969336,0.0063750597974170375,7.767753188670035,2022
2022-09-20,19528.6,19625.0,18690.1,18866.8,794623.932,1688070,4564101,0.0011757623329800672,-0.03447629407744657,4.8810291760525795,2022
2022-09-21,18866.7,20154.1,18084.3,18346.6,1127503.153,2369050,7094547,0.004298356914045064,-0.02795949242441864,10.836358309516129,2022
2022-09-22,18447.5,19504.8,18345.2,19392.5,852898.391,1868446,5135005,0.001292892807552618,0.05544212215344402,6.129262922397508,2022
2022-09-23,19392.5,19492.0,18518.5,19280.7,838493.746,1801155,4776176,0.0010831093194176539,-0.005781797805633815,5.1233892563897045,2022
2022-09-24,19280.7,19304.5,18798.0,18911.0,377158.21499999997,960036,2453806,0.0006193737626827811,-0.019360832232120373,2.6587748156778415,2022
2022-09-25,18910.9,19196.0,18621.0,18799.7,410461.603,993223,2538628,0.00045162682600273274,-0.005902851083362748,3.0411947896373626,2022
2022-09-26,18799.7,19311.5,18671.0,19216.3,777807.518,1761147,4660592,0.000811304560424514,0.021917964943996893,3.3729255398863414,2022
2022-09-27,19216.3,20375.0,18801.5,19070.1,1300566.158,2780008,7464455,0.0017643903154916285,-0.007637213768701301,8.037200523981229,2022
2022-09-28,19070.1,19787.6,18460.0,19407.3,1141222.7719999999,2309548,6549142,0.001674007739853963,0.017527620513185127,6.944924981516943,2022
2022-09-29,19407.4,19648.8,18827.2,19582.5,991678.224,1994625,5608316,0.0014423468965324886,0.008987026309002388,4.27136350206836,2022
2022-09-30,19582.5,20172.7,19066.0,19411.7,1071462.934,2021824,5922595,0.001296863655005541,-0.008760333193835734,5.642356110753498,2022
2022-10-01,19411.6,19474.0,19140.0,19304.0,294457.009,795746,1939854,0.0001939514377861113,-0.005563648742690219,1.7299856531756186,2022
2022-10-02,19304.0,19389.0,18896.0,19049.4,414970.451,924779,2498575,0.0003524005016030794,-0.013276723309024518,2.57556354938615,2022
2022-10-03,19049.3,19723.7,18950.8,19622.0,621816.329,1420788,3795723,0.0004750326834399894,0.029615780727493046,3.997481135344637,2022
2022-10-04,19621.9,20500.0,19480.1,20333.0,796678.762,1784673,4715325,0.0005762113203095011,0.035593796187004756,5.103145447292389,2022
2022-10-05,20332.9,20356.1,19707.0,20150.0,719577.149,1590742,4213991,0.0006347481461259342,-0.009040893535511074,3.240671869256838,2022
2022-10-06,20149.9,20443.9,19843.3,19954.0,782034.669,1601422,4650712,0.0006525327712004549,-0.009774663901376712,2.9818130812907433,2022
2022-10-07,19954.0,20067.0,19304.4,19520.9,673407.102,1407079,4051050,0.00046578743716482984,-0.02194393801186756,3.8743625602255234,2022
2022-10-08,19520.9,19619.6,19200.0,19406.2,253257.201,667729,1749051,0.0001412441478506643,-0.005893083838548918,2.161878753581906,2022
2022-10-09,19406.3,19550.0,19310.0,19430.0,267178.795,668408,1739249,0.00018059200296499843,0.0012256607484495419,1.235218999095181,2022
2022-10-10,19430.0,19513.0,19000.0,19124.0,560920.904,1160870,3300957,0.0003591670491303948,-0.015874172625492733,2.6641930946421093,2022
2022-10-11,19124.1,19260.0,18850.0,19055.0,603358.324,1157910,3341536,0.00034952892768793547,-0.0036145564380323236,2.151749247595979,2022
2022-10-12,19055.0,19240.0,18924.3,19148.0,406770.288,860521,2465034,0.0001901570226708689,0.004868737204438034,1.6544634709089325,2022
2022-10-13,19148.1,19498.6,17917.8,19365.5,1104615.001,2024814,5965822,0.0012467057540205692,0.011294860881077895,8.454803596747974,2022
2022-10-14,19365.4,19947.9,19059.6,19164.6,861453.21,1662130,4735908,0.0007622828909981952,-0.010428305176752417,4.5552962990450165,2022
2022-10-15,19164.6,19218.8,18966.0,19060.4,241520.185,622930,1540108,0.00011435211461885811,-0.005451942869875381,1.3241064167887724,2022
2022-10-16,19060.4,19415.9,19058.0,19251.9,267921.192,645140,1691004,0.00021654187696700447,0.009996872797129797,1.8605357093610813,2022
2022-10-17,19251.8,19666.0,19148.0,19540.6,502319.759,1100862,2887591,0.000313189405404332,0.014884595224970099,2.669298482770194,2022
2022-10-18,19540.7,19706.4,19081.0,19320.9,634343.154,1255439,3459125,0.00032639711260875985,-0.011306940836503188,3.2250380532347154,2022
2022-10-19,19320.9,19349.8,19050.0,19116.7,404370.458,884720,2416553,0.00021375340598820688,-0.010625112965396255,1.5614981932352117,2022
2022-10-20,19116.6,19350.0,18882.4,19034.7,537627.048,989948,2877859,0.00031293007861599316,-0.0042986693159416944,2.4462148193258604,2022
2022-10-21,19034.8,19240.0,18600.0,19150.9,581878.905,1009529,2984842,0.00039770417493199887,0.006086082642374535,3.3829864518404884,2022
2022-10-22,19151.0,19250.0,19103.5,19195.1,174055.042,455040,1079976,3.974564428734731e-05,0.0023053262178684975,0.763949639542153,2022
2022-10-23,19195.1,19690.0,19050.0,19560.7,358611.542,707586,1947148,0.00019549549265042643,0.0188674131581692,3.3043791078324203,2022
2022-10-24,19560.6,19593.3,19146.0,19318.1,476676.536,838889,2450024,0.00025683889069491703,-0.012479971024369263,2.3093854538121357,2022
2022-10-25,19318.1,20415.0,19228.0,20050.2,762770.031,1461000,4031850,0.0008137263394055284,0.037196648502158425,5.990237473982476,2022
2022-10-26,20068.3,21030.0,20041.1,20758.3,841864.982,1687757,4594814,0.0010951533399677388,0.03470703793286134,4.816482478479657,2022
2022-10-27,20758.4,20863.7,20170.0,20285.5,614910.045,1313803,3746823,0.0005362442750733573,-0.023039821588161757,3.3814454840389834,2022
2022-10-28,20285.6,20740.0,19951.0,20582.8,595538.882,1265508,3464429,0.00041340916808500647,0.0145494304632372,3.878493540845712,2022
2022-10-29,20582.7,21088.0,20547.8,20796.7,482217.17,1066294,2764585,0.00038028901454755437,0.010338544701156138,2.5950279069822106,2022
2022-10-30,20796.7,20925.2,20503.0,20615.6,295389.69,719850,1859492,0.00022647625305941243,-0.008746249518328142,2.0382957373994235,2022
2022-10-31,20615.5,20838.7,20225.4,20482.0,478797.266,1085413,2823774,0.0005397442318160529,-0.006501619102690981,2.9872594648989446,2022
2022-11-01,20482.1,20687.0,20320.0,20472.1,314676.187,744796,1937679,0.00018292771923387145,-0.00048346808709531786,1.7899860950631115,2022
2022-11-02,20472.1,20796.0,20050.0,20140.9,648930.281,1212031,3522054,0.0005667778155429342,-0.016310410084505733,3.6531506768891213,2022
2022-11-03,20140.2,20400.0,20026.0,20199.7,372121.061,741193,2000313,0.00023375914797224922,0.00291517933008123,1.8503471564559726,2022
2022-11-04,20199.8,21297.0,20171.6,21137.6,824515.215,1473426,4051389,0.0008068496526215123,0.04538569233022649,5.429054317407352,2022
2022-11-05,21137.6,21473.7,21071.1,21289.9,303983.372,791646,1973421,0.00023209662653716495,0.007179336711539364,1.8926497148921868,2022
2022-11-06,21289.8,21355.8,20863.3,20900.0,277148.646,662091,1654568,0.00020685412488335972,-0.018483622882726536,2.3331730976541576,2022
2022-11-07,20900.0,21062.6,20374.0,20578.6,554408.316,1182617,3049391,0.0003604160092258179,-0.015497458089702931,3.3239377707915905,2022
2022-11-08,20578.5,20685.0,16830.0,18534.0,2046476.313,3600536,10670666,0.00743548614694638,-0.10464481771656331,20.624579171066017,2022
2022-11-09,18533.9,18574.9,15462.6,15905.0,2065606.412,3983719,12234814,0.00859316599621254,-0.15297335796339162,18.33870020520581,2022
2022-11-10,15905.0,18230.0,15730.0,17588.0,1497093.602,3181420,9507944,0.009236305197020242,0.10058332611745513,14.749887162038528,2022
2022-11-11,17588.0,17678.0,16343.0,17058.3,955344.602,2035347,6729390,0.0037513589436961483,-0.030579962520368653,7.8521257527835395,2022
2022-11-12,17058.4,17110.8,16623.8,16806.9,304455.717,821513,2462955,0.0005321861049319767,-0.014847372423291816,2.887443960828076,2022
2022-11-13,16806.9,16950.0,16210.3,16321.2,349742.836,845887,2521646,0.0008558527692810902,-0.02932464013033176,4.462099115574249,2022
2022-11-14,16321.3,17188.0,15805.5,16605.2,934392.4839999999,1869657,6045427,0.0035869400095670232,0.01725102307649351,8.385348518719365,2022
2022-11-15,16605.3,17127.2,16516.7,16888.3,649349.458,1342261,4117920,0.0010018824421903281,0.01690517516002288,3.629585278105343,2022
2022-11-16,16888.3,17007.4,16358.0,16650.6,537241.645,1096199,3478826,0.0006076039191801313,-0.01417482266788106,3.8931469148080837,2022
2022-11-17,16650.7,16741.7,16403.3,16682.1,408989.285,911817,2605870,0.0004055348282311873,0.0018900364733216435,2.042007897080776,2022
2022-11-18,16682.1,16984.4,16541.1,16689.7,388612.842,846780,2336444,0.0003361879753094592,0.00045547439043680527,2.644708287606601,2022
2022-11-19,16689.7,16814.5,16543.8,16692.9,171822.915,466887,1141671,0.00011310122210541989,0.0001917166433891282,1.6230200116699678,2022
2022-11-20,16693.0,16743.9,16167.1,16272.6,327599.214,694706,1896705,0.0003499441196910967,-0.025500767537605995,3.5055699797468387,2022
2022-11-21,16272.7,16304.3,15443.2,15773.0,790219.365,1442890,4284344,0.001281515178011051,-0.031183094277411172,5.4260099695104556,2022
2022-11-22,15772.9,16309.0,15610.3,16220.6,579333.644,1149992,3438309,0.0006659966127798223,0.027982421866447282,4.378614988240033,2022
2022-11-23,16220.5,16703.4,16155.5,16595.8,546714.91,1052992,3319572,0.0006203824062310822,0.022867611929573428,3.3351742547135506,2022
2022-11-24,16595.8,16800.0,16450.0,16592.4,351024.418,726207,2224179,0.0003246963006294378,-0.0002048921009212279,2.1053409197832265,2022
2022-11-25,16592.5,16639.9,16331.7,16516.1,306560.116,615037,1798061,0.0002272802488401051,-0.004609096460120199,1.8695421317436574,2022
2022-11-26,16516.2,16699.1,16369.1,16449.2,253401.65899999999,533458,1518627,0.00014312973941880784,-0.004058818930364083,1.9959414502664707,2022
2022-11-27,16449.2,16594.2,16396.0,16422.6,189370.345,402629,1165521,0.00012576862262048672,-0.0016184088371193894,1.2015834076485248,2022
2022-11-28,16422.5,16475.0,15984.1,16204.5,497137.869,871465,2736780,0.00043369757581286487,-0.013369453529820774,3.0249602245687157,2022
2022-11-29,16204.6,16543.0,16088.0,16433.2,391410.854,711955,2098706,0.0002420530691684556,0.01401469731434446,2.788939915452798,2022
2022-11-30,16433.3,17248.3,16421.5,17153.3,620324.95,1046214,3197448,0.0007799357697249703,0.042886896169346045,4.912213603460366,2022
2022-12-01,17153.4,17348.5,16851.2,16970.5,411051.309,745005,2195426,0.0002577950054394823,-0.010714032355039649,2.908417644417991,2022
2022-12-02,16970.5,17096.3,16760.0,17083.0,335039.21499999997,633894,1885103,0.00023998015023215619,0.006607274393259033,1.9866970773381807,2022
2022-12-03,17083.0,17160.0,16850.1,16879.5,185257.242,400361,1120052,8.564497697954068e-05,-0.011983949088897106,1.8224502560955005,2022
2022-12-04,16879.5,17206.2,16874.1,17099.5,292090.868,552678,1618863,0.00017944115672622552,0.012949355439017651,1.948988198075732,2022
2022-12-05,17099.5,17430.0,16860.6,16958.3,519961.39,1095603,2926850,0.0002893855703567465,-0.00829183382428944,3.321332040281719,2022
2022-12-06,16958.2,17100.0,16899.9,17078.6,321330.613,856476,1999108,0.00015147926869154597,0.007068828297061458,1.1770758756856068,2022
2022-12-07,17078.7,17130.0,16655.0,16828.0,337778.925,734367,1894001,0.00018640923149899655,-0.014782052059539197,2.812084069038562,2022
2022-12-08,16828.0,17294.9,16710.4,17216.0,402157.335,813916,2123523,0.00020481219036236497,0.022795018251098753,3.4380380271873894,2022
2022-12-09,17216.0,17365.4,17052.0,17122.0,290231.183,651935,1628630,0.00011369982459631432,-0.005474997659080216,1.821222186797155,2022
2022-12-10,17122.0,17228.6,17081.0,17120.0,141895.207,398902,868846,3.986185855837315e-05,-0.0001168156066970738,0.8604058955265556,2022
2022-12-11,17120.1,17265.0,17060.0,17077.3,171004.111,445871,1012706,6.677724375623982e-05,-0.002497274474366762,1.1944788778422506,2022
2022-12-12,17077.3,17237.9,16865.0,17200.0,335856.258,717194,1742321,0.0001367098564882531,0.007159287580178031,2.186997955774461,2022
2022-12-13,17200.0,18100.0,17076.0,17777.1,596851.291,1171568,3060185,0.0008398660377137507,0.03300172835142412,5.8237969376064385,2022
2022-12-14,17777.1,18400.0,17659.4,17803.9,627511.699,1208426,3317163,0.0006522096881754575,0.0015064222516585346,4.1082445101229945,2022
2022-12-15,17804.0,17849.5,17258.0,17351.8,437284.037,899001,2399085,0.0002723211231008236,-0.02572128701321219,3.369969254272938,2022
2022-12-16,17351.9,17528.0,16521.1,16624.1,622150.245,1144647,3252339,0.000555620318621906,-0.04284279767107613,5.916125046066336,2022
2022-12-17,16624.1,16790.0,16571.8,16768.0,248465.273,533397,1457086,0.00016138284044397804,0.008618858400430085,1.3081015496480077,2022
2022-12-18,16768.1,16872.0,16656.0,16730.3,185898.213,413226,1129837,0.00010461835407857879,-0.002250861441737584,1.2884931303860299,2022
2022-12-19,16730.4,16809.6,16210.0,16429.2,344728.552,671897,1920621,0.00032264472364468435,-0.018161207251321088,3.6321816029920635,2022
2022-12-20,16429.2,17049.6,16390.3,16887.2,476171.098,843634,2490230,0.00036875705890913445,0.027495699064150614,3.943704661173666,2022
2022-12-21,16887.3,16924.2,16694.2,16819.6,227752.335,452800,1277706,0.00013708131038658785,-0.004011065460542085,1.3683196616216375,2022
2022-12-22,16819.7,16861.9,16556.1,16815.5,306610.961,563553,1576864,0.00020285767552262213,-0.00024379294369758497,1.8302025013744807,2022
2022-12-23,16815.5,16960.0,16690.0,16776.4,264553.42,467381,1351547,0.00011129109889193502,-0.0023279432040439474,1.6047892690013326,2022
2022-12-24,16776.3,16859.9,16774.4,16828.9,82410.79,226196,492881,2.4164580004543147e-05,0.0031245096881260537,0.5084106651122229,2022
2022-12-25,16829.0,16850.0,16700.0,16824.4,144075.843,311714,772341,6.600787767172361e-05,-0.0002674329130751829,0.8941937375661213,2022
2022-12-26,16824.5,16936.8,16781.1,16912.9,148128.699,341914,806616,4.1482211114539946e-05,0.005246430686334236,0.9235516250890067,2022
2022-12-27,16912.8,16968.0,16580.0,16698.2,262828.564,494501,1303236,0.00010281203278300708,-0.012775715180412206,2.313206755523235,2022
2022-12-28,16698.2,16778.3,16455.6,16539.0,344649.858,572870,1597488,0.00016539882014903512,-0.009579700906757083,1.9420540010449363,2022
2022-12-29,16538.9,16659.0,16485.1,16630.3,208591.531,389299,1012505,7.394439805177441e-05,0.005505104453778387,1.0493668301568633,2022
2022-12-30,16630.3,16666.6,16320.0,16601.2,295630.49,485474,1311988,0.00013295714752886882,-0.001751350823045783,2.10153672160754,2022
2022-12-31,16601.2,16640.0,16461.8,16537.6,134462.156,293748,685007,4.07341296910611e-05,-0.003838405620406604,1.0766890108491034,2022
2023-01-01,16537.5,16618.8,16488.0,16610.3,105502.965,257098,594299,3.32711388039516e-05,0.004386408584906576,0.7901741066377298,2023
2023-01-02,16610.4,16799.0,16541.2,16666.0,215161.176,410908,1020015,9.306823691662674e-05,0.003347731089126782,1.5465122473688375,2023
2023-01-03,16665.9,16774.0,16600.3,16667.2,203070.205,387004,966813,7.335360877148721e-05,7.200028803211467e-05,1.0409301073867476,2023
2023-01-04,16667.3,16984.6,16645.7,16842.1,349747.838,633730,1618311,0.000137793940955087,0.010438987879235029,2.015512633010391,2023
2023-01-05,16842.2,16872.8,16740.4,16823.8,176369.347,384634,892815,5.267838603814642e-05,-0.0010871535769076957,0.7877898250811459,2023
2023-01-06,16823.8,17030.0,16664.8,16943.8,316973.629,529462,1370628,0.00013148517658882115,0.007107434650722055,2.167778418702892,2023
2023-01-07,16943.9,16973.6,16900.1,16936.5,77973.105,222489,454642,1.859210128972905e-05,-0.0004309288945467671,0.4339656745484935,2023
2023-01-08,16936.5,17181.1,16905.0,17124.7,157717.318,319261,775585,6.200752816680797e-05,0.011050809440117604,1.6200506286023444,2023
2023-01-09,17124.6,17387.8,17098.2,17169.7,400277.809,670356,1767631,0.00015924850536699545,0.002624336674603711,1.679561606481529,2023
2023-01-10,17169.6,17485.4,17140.4,17428.8,297320.371,534415,1362100,0.0001208127342781494,0.014977807924772435,1.992799688497614,2023
2023-01-11,17428.8,18013.2,17306.4,17935.7,386277.10599999997,650074,1720123,0.0005795201016611694,0.02866912970649871,4.00284471834713,2023
2023-01-12,17935.6,19120.0,17902.4,18838.0,1040334.76,1599738,4582821,0.0020359889378950154,0.049082966348082735,6.580012555193557,2023
2023-01-13,18838.1,19997.8,18711.0,19924.2,806807.832,1398160,3959376,0.0007381015093087907,0.05605896690498113,6.651068129145199,2023
2023-01-14,19924.3,21544.0,19882.6,20962.8,1010666.683,1800579,5289343,0.0032765384403905104,0.05081436501144054,8.025237812419482,2023
2023-01-15,20962.8,21073.8,20556.0,20882.7,428486.559,863614,2666812,0.0006960017123823209,-0.0038283733176438517,2.487769363504161,2023
2023-01-16,20882.7,21498.0,20606.6,21188.3,666148.201,1282037,4013906,0.0012736579820575085,0.014528077540541418,4.234849471920936,2023
2023-01-17,21188.2,21640.0,20827.8,21130.9,547390.593,1039695,3216496,0.0006988616474944803,-0.002712718350053933,3.8254821181961405,2023
2023-01-18,21130.8,21672.0,20386.0,20680.0,813785.517,1486484,4880532,0.0012333350243372734,-0.0215693745496619,6.117271403657288,2023
2023-01-19,20680.1,21183.9,20659.9,21068.3,374733.61699999997,788304,2261529,0.0002536147514940768,0.018602491484619676,2.504683579092614,2023
2023-01-20,21068.3,22750.0,20856.4,22661.1,723645.2,1308810,3903593,0.0008921237226891113,0.07288025698612621,8.690428981657277,2023
2023-01-21,22661.0,23390.0,22422.0,22781.9,764681.1,1448126,4452486,0.0014621582831012324,0.005316562926859447,4.2265960864685805,2023
2023-01-22,22781.8,23080.2,22287.0,22704.6,482529.811,936640,2934952,0.0006670491021937213,-0.003398813908024323,3.497155827583973,2023
2023-01-23,22704.7,23193.1,22500.0,22913.1,525802.84,984471,3132952,0.0008961496253719134,0.009141252272529599,3.033951143253298,2023
2023-01-24,22913.3,23158.7,22450.0,22627.4,505615.816,933161,2961877,0.0005472061846462703,-0.012547238094088087,3.1079905680318474,2023
2023-01-25,22627.5,23837.4,22310.5,23060.6,692786.607,1264462,4069945,0.0010660832503516836,0.01896397227483071,6.6198356178963635,2023
2023-01-26,23060.6,23278.7,22843.8,23001.9,427760.786,875776,2768278,0.0003966052118123054,-0.002548712370190387,1.8859033649473964,2023
2023-01-27,23001.9,23500.0,22516.6,23068.0,509920.307,962456,3045131,0.0005808664127433357,0.002869554540273711,4.274760618619848,2023
2023-01-28,23068.1,23185.0,22870.8,23015.9,186400.943,469211,1452787,0.00011277553816695729,-0.002261094316972745,1.364453009696371,2023
2023-01-29,23016.0,23962.7,22961.5,23740.3,562028.231,1141666,3749129,0.0005688368631495649,0.030988744565231485,4.26795543836346,2023
2023-01-30,23740.2,23804.6,22484.2,22819.9,572537.407,1147092,3732017,0.0005558735007211735,-0.03954106369804222,5.706599899805919,2023
2023-01-31,22819.9,23330.0,22715.3,23119.4,403726.966,852492,2753125,0.00036911273439987224,0.013039129606953637,2.6701379777334218,2023
2023-02-01,23119.5,23852.4,22747.0,23709.4,570158.042,1134124,3721400,0.0005371672967816099,0.025199502068629087,4.745157263269182,2023
2023-02-02,23730.1,24281.4,23365.0,23493.1,615740.338,1222563,4136628,0.0008547142511898649,-0.009164832964044578,3.847144900262775,2023
2023-02-03,23493.0,23719.9,23201.0,23424.7,470831.438,967015,3231984,0.000372741304774474,-0.002915739802752171,2.211897707742274,2023
2023-02-04,23424.7,23591.4,23250.0,23322.6,197118.393,503084,1515159,0.0001394376134178828,-0.004368173663374719,1.4577106806252964,2023
2023-02-05,23322.6,23436.0,22741.0,22929.2,356665.034,755247,2413892,0.00022234909704953268,-0.01701164007958411,3.010383895325001,2023
2023-02-06,22929.3,23159.4,22600.0,22757.7,417160.143,823595,2671329,0.00034518219580433426,-0.007507657798973,2.4450839355217835,2023
2023-02-07,22757.8,23368.6,22742.4,23234.1,447273.494,869225,2811376,0.0004834131921487209,0.020717477448972232,2.7162217243683178,2023
2023-02-08,23234.1,23450.0,22662.9,22955.9,383465.48099999997,770027,2432733,0.00029218459293586097,-0.012046043042190036,3.4141268663719098,2023
2023-02-09,22955.9,23007.8,21684.7,21793.4,732295.35,1270615,4168493,0.0006648409092149617,-0.051967812414281056,5.922634612834646,2023
2023-02-10,21793.3,21933.8,21405.0,21618.6,439986.497,838000,2754970,0.0002901337867138333,-0.008053116404974858,2.4404286435653564,2023
2023-02-11,21618.6,21891.9,21594.4,21851.3,189249.667,418941,1293121,0.00012178761016746422,0.010706361081492588,1.3682683575193424,2023
2023-02-12,21851.2,22080.9,21618.0,21771.1,276787.093,624456,1829939,0.00017331611201653008,-0.0036770141194235606,2.1186680453747035,2023
2023-02-13,21771.0,21888.0,21338.0,21766.2,511595.69299999997,928243,3063623,0.00040388260534882206,-0.0002250943453390164,2.5449020670870532,2023
2023-02-14,21766.1,22320.0,21485.2,22187.4,598791.509,1084342,3582749,0.0005748670894999249,0.019166252308732368,3.8118811509371575,2023
2023-02-15,22187.4,24420.0,22038.5,24332.6,824676.471,1462268,4773998,0.0010292857046105205,0.09229245485662751,10.26115447901259,2023
2023-02-16,24332.7,25290.0,23518.0,23526.6,959463.159,1895643,6066350,0.001590298999897563,-0.03368531912878048,7.264297528064977,2023
2023-02-17,23526.6,25043.2,23350.0,24581.5,922717.148,1747169,5941536,0.0015472307373825744,0.043862431588612694,7.00053494789952,2023
2023-02-18,24581.3,24887.5,24430.6,24636.9,261555.55599999998,696683,2200570,0.0002737507044891135,0.0022511915623688594,1.8529224455003324,2023
2023-02-19,24636.8,25200.0,24179.4,24265.9,543506.628,1107617,3533276,0.000553166829446153,-0.015173246433198173,4.13429635343823,2023
2023-02-20,24265.9,25140.0,23827.0,24849.9,646401.072,1296334,4489943,0.0008514857825906366,0.023781655760815923,5.36408117095895,2023
2023-02-21,24849.9,25347.6,24150.0,24443.4,729290.575,1435818,4820541,0.0007475004021187373,-0.0164934875590923,4.839967090047882,2023
2023-02-22,24443.3,24468.5,23572.0,24171.3,730414.101,1473247,5090139,0.0008144306417781125,-0.011194261876852352,3.732700904954926,2023
2023-02-23,24171.3,24588.0,23590.0,23928.8,751339.414,1435382,5244513,0.0008142046616963439,-0.010083224550735181,4.143562562517941,2023
2023-02-24,23928.7,24138.6,22800.0,23175.6,731577.942,1371315,4944260,0.0008866338252860736,-0.03198275331857481,5.705168299821609,2023
2023-02-25,23175.5,23210.5,22700.0,23146.2,310795.648,728167,2424080,0.0002498901822936983,-0.001269380893996086,2.2239838005557675,2023
2023-02-26,23146.2,23675.0,23050.0,23545.3,371395.056,815096,2819306,0.0003148141467114994,0.017095604982641177,2.675386962948438,2023
2023-02-27,23545.2,23888.0,23088.0,23480.0,576754.966,1123722,4171455,0.000527351712420178,-0.0027772302131658932,3.4063238765319555,2023
2023-02-28,23480.0,23592.8,23010.0,23129.6,456919.838,920782,3350674,0.0004150403055601304,-0.01503581242423202,2.5012676690708386,2023
2023-03-01,23129.7,24022.7,23008.4,23619.8,617250.311,1150255,4206389,0.0006926878201349207,0.020972160797196437,4.3139850017963335,2023
2023-03-02,23619.8,23790.5,23183.0,23457.1,419256.60099999997,849559,3015967,0.0003011881344107917,-0.006912122411709021,2.586708987538293,2023
2023-03-03,23457.1,23468.5,21883.2,22342.8,608518.137,1132680,3866916,0.0009064140958651905,-0.04866909941328146,6.993987729913856,2023
2023-03-04,22342.8,22400.0,22147.5,22335.7,175309.211,479634,1305968,8.948337619580499e-05,-0.00031782625019971533,1.1336335556943804,2023
2023-03-05,22335.8,22650.0,22174.9,22419.4,282261.745,601603,1874867,0.0003609809562540587,0.0037403602084360443,2.119883332643148,2023
2023-03-06,22419.3,22594.5,22240.1,22397.1,298976.397,582871,2012422,0.00016588678496677375,-0.0009951692720502336,1.580954805369204,2023
2023-03-07,22397.1,22550.0,21908.0,22187.1,548494.099,933351,3202168,0.000454530529561826,-0.009420447289944178,2.88831990272125,2023
2023-03-08,22187.1,22276.4,21540.5,21695.4,547867.967,973649,3276230,0.00039555684700322605,-0.0224107823957862,3.3592938024863015,2023
2023-03-09,21695.3,21823.0,20003.5,20348.3,951903.36,1592980,5290521,0.001107247077761345,-0.06410288619276017,8.705720125358553,2023
2023-03-10,20348.4,20351.8,19521.6,20140.3,1238135.265,1938981,6670105,0.001415433178225695,-0.010274587406199132,4.164781522646815,2023
2023-03-11,20140.3,20674.5,19752.5,20447.3,753479.558,1451732,4855620,0.0010508524351927058,0.015128061522950986,4.562099120571488,2023
2023-03-12,20447.3,22184.0,20262.2,21986.2,881522.402,1558299,5400565,0.0017708570027819741,0.07256413938088002,9.061422703679641,2023
2023-03-13,21986.2,24517.2,21804.0,24022.0,1529539.65,2871297,10156144,0.0032292688042305775,0.08855509331910127,11.728147284959512,2023
2023-03-14,24119.5,26489.9,23951.0,24563.3,1538803.811,3217986,10980756,0.004475035768835667,0.022283381941345937,10.075345162870606,2023
2023-03-15,24682.5,25200.0,23888.0,24345.9,1043009.406,2210865,7718301,0.0019513692131363483,-0.008890001545591275,5.346775372054312,2023
2023-03-16,24287.9,25167.9,24120.5,24990.4,735446.946,1656984,6238982,0.0013314892330501653,0.026128293593268737,4.250727167956411,2023
2023-03-17,24990.5,27763.4,24875.3,27384.0,1341159.064,2979674,10192241,0.0022087359345531374,0.09146715010656337,10.984326325146663,2023
2023-03-18,27383.9,27726.4,26555.5,26907.0,740232.316,1827151,6453518,0.001352192992392544,-0.01757242542390891,4.314814536095011,2023
2023-03-19,26907.0,28397.0,26815.9,27955.7,759367.078,1919472,6421005,0.0010151276038529054,0.038234638604379256,5.728851060892614,2023
2023-03-20,27955.8,28483.2,27120.6,27704.1,937223.448,2228624,7758928,0.0013647871368519585,-0.009040697727686009,4.902085306120491,2023
2023-03-21,27704.1,28460.0,27288.0,28091.1,685487.714,1872099,6537638,0.0008094244999974773,0.013872383512117281,4.205254754536174,2023
2023-03-22,28091.1,28881.0,26590.0,27233.8,1080393.27,2535633,8635170,0.0018692715445920776,-0.030993951278842857,8.26487342090108,2023
2023-03-23,27233.8,28777.0,27101.0,28284.1,808174.047,1881865,6394495,0.001228650485981207,0.03784096038961238,6.000582939719756,2023
2023-03-24,28284.0,28369.1,26960.0,27438.9,696075.37,1611007,5519306,0.0013814356436870944,-0.030338094712952568,5.094623862170308,2023
2023-03-25,27439.0,27788.0,27131.8,27447.3,335674.055,866420,3026808,0.00034759338634373184,0.0003060878714720161,2.389780114357047,2023
2023-03-26,27447.2,28186.9,27400.0,27954.3,399756.985,935865,3281476,0.00041857569514924255,0.018303231459773528,2.831431761127981,2023
2023-03-27,27954.3,28019.4,26480.0,27112.0,642434.8219999999,1386761,5064388,0.0008695013939983432,-0.030594599617097984,5.65073963345549,2023
2023-03-28,27112.0,27500.0,26610.0,27249.7,585080.772,1260357,4777546,0.0006736530591032226,0.005066077569589211,3.2898919682927694,2023
2023-03-29,27249.7,28649.9,27223.6,28338.5,655852.971,1438426,5388434,0.0007482259674841601,0.039178792264765505,5.106570858061203,2023
2023-03-30,28338.6,29184.8,27654.1,28015.0,770966.1,1656495,6177264,0.0009838479216606308,-0.01148122312185862,5.3874026723623505,2023
2023-03-31,28015.0,28675.3,27500.0,28454.9,611557.29,1372246,5207648,0.0006910660767339144,0.015580296710806962,4.185012036315983,2023
2023-04-01,28454.8,28845.3,28180.0,28443.8,256487.22199999998,722959,2401480,0.00023836455454000484,-0.0003901670913677435,2.3334561600251305,2023
2023-04-02,28443.7,28516.5,27820.0,28161.2,316658.67,859374,2802195,0.00021733210525431117,-0.009985066618416027,2.4727680622357178,2023
2023-04-03,28161.3,28540.0,27166.0,27786.1,741665.563,1560481,5406685,0.000876806406886582,-0.013409248363361215,4.93404206483913,2023
2023-04-04,27786.1,28450.0,27650.2,28155.2,432370.61199999996,1077718,3984245,0.00046390049267442995,0.013196166560451417,2.851519935710008,2023
2023-04-05,28155.1,28800.0,27775.0,28154.0,543712.838,1269999,4531402,0.0005824838092972221,-4.262180958747308e-05,3.6239051616206606,2023
2023-04-06,28154.0,28175.0,27684.2,28022.8,355916.782,890514,3071514,0.0002671194393341268,-0.0046709758670324675,1.757320658277977,2023
2023-04-07,28022.9,28096.0,27755.0,27890.7,219250.17799999999,612517,1917751,0.00015465725140815674,-0.004725164612658261,1.2211213310581595,2023
2023-04-08,27890.7,28153.6,27850.1,27924.9,159129.56,479963,1314182,7.283911134580993e-05,0.001225464002178711,1.083867570108929,2023
2023-04-09,27924.9,28539.1,27762.8,28309.4,305861.88,748656,2214631,0.00019785065016976184,0.013675141046544326,2.7578081757873765,2023
2023-04-10,28309.4,29840.0,28153.6,29623.1,580061.9249999999,1342133,4123452,0.0005849475163988916,0.04536055740265432,5.817454260335121,2023
2023-04-11,29623.1,30564.0,29573.9,30185.1,628978.491,1497701,4729571,0.0005853547362156259,0.018793962769201755,3.2930630188222954,2023
2023-04-12,30185.1,30480.0,29620.0,29875.0,563668.4299999999,1347909,4387682,0.0005045873661647153,-0.010326414894986868,2.862092197879275,2023
2023-04-13,29874.9,30648.9,29836.7,30362.7,436182.494,1127909,3715786,0.0002497087814185255,0.016192871127790553,2.685759326032201,2023
2023-04-14,30362.7,31059.0,29925.0,30453.1,615391.615,1439047,5129517,0.0005779927259655143,0.0029729138342737826,3.7194370008048843,2023
2023-04-15,30453.0,30599.9,30186.0,30280.4,180234.082,628985,1830086,0.00010450982926531131,-0.005687156692111728,1.3618500241902698,2023
2023-04-16,30280.4,30560.0,30102.0,30286.6,210226.019,657264,1979267,0.00015098596056554843,0.0002047319504558942,1.5100349568148714,2023
2023-04-17,30286.6,30307.4,29219.9,29420.0,455518.548,1063407,3560659,0.0004074735712740789,-0.029030655298791785,3.6541923116622903,2023
2023-04-18,29420.1,30480.0,29078.1,30365.8,533189.27,1240630,4274050,0.00037471746356545615,0.03164225995137393,4.708541728905727,2023
2023-04-19,30365.8,30410.0,28557.3,28795.1,643866.11,1493879,5132636,0.0007429736942759572,-0.053111741346915764,6.285890650199659,2023
2023-04-20,28795.0,29078.0,27983.0,28229.9,639179.286,1449265,5539024,0.0005693640743836685,-0.01982353384947899,3.8384691577033383,2023
2023-04-21,28229.9,28368.9,27100.0,27252.5,687832.833,1445338,5562056,0.0005953496642660729,-0.03523643990789438,4.575974683126638,2023
2023-04-22,27252.6,27888.0,27126.0,27807.2,345549.021,896799,2977249,0.00020230385225646015,0.02014971994912429,2.770381123714196,2023
2023-04-23,27807.2,27807.3,27279.7,27576.0,332082.355,847217,3098041,0.00042954532093678456,-0.008349150754936474,1.9155740306603646,2023
2023-04-24,27575.9,28000.0,26919.3,27497.5,581268.2679999999,1299398,5618420,0.0005654477360701074,-0.002850737765429656,3.9361008708528162,2023
2023-04-25,27497.4,28379.9,27176.6,28286.7,508254.51499999996,1167350,4735859,0.0004461495765642161,0.028296638067741853,4.332483919856722,2023
2023-04-26,28286.7,30048.2,27200.0,28395.9,1284924.668,2416759,8966446,0.0027921405500617976,0.003853039031298522,9.958578571878892,2023
2023-04-27,28396.0,29898.0,28365.3,29459.0,952584.739,1912223,8339857,0.002026407602873488,0.03675469757889083,5.262502139012654,2023
2023-04-28,29459.0,29591.1,28870.0,29300.0,508350.15499999997,1178280,5098353,0.0005141223206830615,-0.005411950104043939,2.4670646767501196,2023
2023-04-29,29300.0,29443.9,29000.4,29212.7,218013.244,621690,2326398,0.00010508362182062597,-0.0029839697972278145,1.5177134918214132,2023
2023-04-30,29212.7,29950.0,29067.4,29223.0,417798.84599999996,1064700,3831415,0.0005471120240149955,0.0003525242311344101,2.9912053275090793,2023
2023-05-01,29223.0,29325.5,27650.0,28054.4,624974.488,1423808,5751299,0.0009385235781960365,-0.04081058804479909,5.883171672422087,2023
2023-05-02,28054.5,28888.0,27854.0,28656.5,513546.269,1262769,5054283,0.0005373928612484272,0.02123481110688097,3.6449701344256376,2023
2023-05-03,28656.4,29258.4,28080.0,29018.4,676466.23,1529290,6377432,0.0006018547292775079,0.012549818026998949,4.110913277929874,2023
2023-05-04,29018.4,29380.0,28660.0,28826.0,426425.584,1125784,4742919,0.00040310148173288725,-0.006652353885097995,2.4811748345705404,2023
2023-05-05,28826.0,29693.0,28618.3,29491.5,578485.177,1397911,5470394,0.0005801482473309332,0.0228243285726073,3.686495445120534,2023
2023-05-06,29491.5,29840.0,28333.0,28837.8,475628.90099999995,1217632,4534010,0.0004668895705546409,-0.022415059666821335,5.1822572288440405,2023
2023-05-07,28837.9,29137.0,28370.0,28419.4,308410.643,901834,3445261,0.0003023308152416235,-0.014615016013634019,2.6676595376720806,2023
2023-05-08,28419.5,28624.6,27250.0,27659.8,658188.777,1532903,6208727,0.0009178674343870612,-0.02709191500058239,4.921296686838947,2023
2023-05-09,27659.8,27815.6,27316.8,27610.2,367664.686,1005689,4277816,0.0003390780821075361,-0.0017948258843887288,1.8095116854504767,2023
2023-05-10,27610.2,28297.0,26666.6,27582.9,722502.676,1631006,6667421,0.0016632390840477062,-0.0009892541722198445,5.9343945960260935,2023
2023-05-11,27583.0,27630.0,26688.8,26956.4,538822.363,1323857,5661571,0.0005050021615897414,-0.022975269525113973,3.4658137189076212,2023
2023-05-12,26956.4,27090.0,25751.0,26785.1,615645.5079999999,1440372,6231218,0.0007698249385799786,-0.006374983211912877,5.069119478985947,2023
2023-05-13,26785.2,27051.5,26674.9,26762.7,242694.92899999997,726787,2852715,0.00025791001583239803,-0.0008366357275768621,1.4019408267802802,2023
2023-05-14,26762.8,27200.0,26557.0,26901.9,247579.427,723799,2846819,0.00017286733706957646,0.005187789052465419,2.39236068804833,2023
2023-05-15,26901.9,27650.0,26694.4,27152.5,450263.076,1093878,4715118,0.00035842784940699415,0.009272207088320883,3.5171922387909396,2023
2023-05-16,27152.5,27284.7,26832.0,27024.8,373172.951,923274,3880211,0.0003052195837851381,-0.004714160229207565,1.6730900444669783,2023
2023-05-17,27024.7,27500.0,26527.5,27395.8,490065.218,1142563,4463922,0.00035063852000042056,0.013634754030348972,3.6004073906917227,2023
2023-05-18,27395.7,27482.7,26335.3,26809.3,544971.9789999999,1176350,4707522,0.0005056907127667795,-0.021640874726765347,4.264647124818238,2023
2023-05-19,26809.4,27180.0,26611.2,26870.1,324097.956,800263,3022112,0.00032279871649271694,0.0022653019966707433,2.1149228921550303,2023
2023-05-20,26870.1,27144.4,26813.5,27089.5,137515.354,496107,1513513,7.479557288457836e-05,0.008132054688369195,1.2265271564933,2023
2023-05-21,27089.6,27288.0,26642.0,26732.8,238776.425,628163,2166741,0.00019609722525069134,-0.013254923050805445,2.3958127187073504,2023
2023-05-22,26732.8,27097.8,26500.0,26840.2,328030.51999999996,776565,2928004,0.0002408905451212965,0.004009487759882191,2.2307810786330036,2023
2023-05-23,26840.2,27527.5,26782.6,27209.9,369176.61799999996,911145,3213050,0.00020526251002325554,0.013680114028412405,2.743308207661645,2023
2023-05-24,27209.9,27212.9,26060.0,26313.8,535191.677,1182087,4225865,0.0004320800149511496,-0.0334873612710318,4.328955388317506,2023
2023-05-25,26313.9,26644.0,25850.0,26461.8,394535.225,931300,3050516,0.00034454374866543466,0.0056086671860207105,3.0253383596494823,2023
2023-05-26,26461.7,26925.0,26313.9,26689.9,324475.546,874993,2735645,0.00022347181655364272,0.00858303310384656,2.295790636444433,2023
2023-05-27,26689.8,26890.0,26528.6,26841.6,163681.935,529367,1542894,7.937692082397732e-05,0.005667706157559849,1.3531073972082914,2023
2023-05-28,26841.6,28252.8,26746.0,28055.7,440115.394,1053366,3490620,0.00040911517325268817,0.04423889703543793,5.480763827452133,2023
2023-05-29,28055.8,28442.0,27513.5,27722.0,411290.549,954961,3347963,0.00032712384584931905,-0.011965498089631765,3.319013264351707,2023
2023-05-30,27722.1,28038.6,27530.0,27680.1,334379.31299999997,866540,3054868,0.00030640791504113,-0.0015125783314555719,1.830581309207183,2023
2023-05-31,27680.0,27825.0,26826.0,27201.1,471381.88999999996,1035100,3775159,0.0003272950505051204,-0.017456329799005132,3.6563330681709894,2023
2023-06-01,27201.1,27347.9,26600.0,26805.3,404787.572,920640,3436492,0.00040722002357607807,-0.014657784502027482,2.7728527682687876,2023
2023-06-02,26805.3,27290.0,26477.6,27227.8,391110.093,914949,3377626,0.00029828444430887865,0.015638881020297646,3.0221242200076546,2023
2023-06-03,27227.8,27340.2,26900.0,27054.9,182464.1,532952,1666845,8.928440001835941e-05,-0.006370375265563055,1.6231859950207403,2023
2023-06-04,27054.9,27460.0,26935.3,27102.4,218271.544,543345,1885379,0.00016306322841828835,0.0017541499365734126,1.9292706344720731,2023
2023-06-05,27102.4,27125.0,25360.1,25714.7,700502.548,1419986,5160197,0.0009896865380151925,-0.05255947203375477,6.727873908170731,2023
2023-06-06,25714.6,27358.1,25321.6,27221.5,731445.649,1457560,5795668,0.0008647943948136564,0.0569442894280936,7.7354859465791055,2023
2023-06-07,27221.5,27394.4,26111.0,26325.9,660044.537,1365934,5598399,0.0008510987578854016,-0.03345385677448931,4.798193146389528,2023
2023-06-08,26325.9,26800.0,26195.4,26485.9,333104.839,847248,3335964,0.00033161949615353624,0.006059270448263376,2.281806468350279,2023
2023-06-09,26486.0,26775.0,26236.0,26468.1,283719.198,736258,2997060,0.000264482406320362,-0.000672281628220972,2.033610290232336,2023
2023-06-10,26468.2,26525.0,25300.0,25826.6,608917.569,1317624,5206226,0.0010515192935105085,-0.024535265733824474,4.728328876657233,2023
2023-06-11,25826.6,26199.0,25621.3,25909.9,279365.56299999997,751779,2860609,0.00026518890435422174,0.0032201664968205534,2.229720531031056,2023
2023-06-12,25910.0,26097.7,25600.0,25894.8,298900.468,835653,3328055,0.0003065343514361031,-0.0005829587055856678,1.9254836354742164,2023
2023-06-13,25894.8,26430.5,25708.0,25918.0,434536.75399999996,1063204,4396395,0.0003383720217678951,0.0008955316659395862,2.7716418824546927,2023
2023-06-14,25918.0,26099.3,24796.8,25115.9,464681.60199999996,1053076,4132452,0.0007318043522056765,-0.03143659629500739,5.1193881458121435,2023
2023-06-15,25115.9,25750.0,24777.0,25586.1,473971.375,1122941,4258512,0.00039989532374082196,0.01854812355638913,3.8518823613055497,2023
2023-06-16,25586.0,26526.9,25142.1,26336.0,533144.956,1203207,4701378,0.00047303859812648406,0.028887589220055077,5.361558057888127,2023
2023-06-17,26335.9,26900.0,26170.8,26508.9,305738.396,798934,2987144,0.00029454518145037323,0.0065437011694502445,2.7482001178749798,2023
2023-06-18,26508.8,26709.4,26230.9,26329.7,241977.484,671906,2592992,0.00016939765588709892,-0.0067829460681245735,1.8077458225946985,2023
2023-06-19,26329.6,27077.0,26241.2,26828.5,400533.758,931287,3819087,0.00040862336720543977,0.018767175712504525,3.1353964304073187,2023
2023-06-20,26828.6,28397.8,26633.9,28290.6,758176.297,1667848,6731059,0.0007878430266595253,0.053064838687820526,6.412683690435584,2023
2023-06-21,28290.7,30822.0,28236.4,29988.5,1123474.427,2324785,9265710,0.0013242893663984881,0.05828438084150811,8.761679496779232,2023
2023-06-22,29988.5,30488.0,29500.1,29875.0,561051.742,1371024,5633897,0.0006926428575983433,-0.0037919645861439477,3.2939510401022014,2023
2023-06-23,29875.0,31500.0,29792.0,30673.4,699073.071,1620144,6452824,0.0009058957507213291,0.026373819245732122,5.574764473693077,2023
2023-06-24,30673.5,30796.5,30222.0,30524.2,279539.288,918861,3251722,0.0002678279516219306,-0.0048760178702824675,1.8830911167223248,2023
2023-06-25,30524.2,31053.2,30252.6,30458.0,301533.154,877406,3399190,0.0002870807838491015,-0.0021711261976253837,2.6119731453986073,2023
2023-06-26,30458.0,30667.3,29890.1,30260.1,415099.35599999997,1094946,4416524,0.0005313085191226192,-0.006518672382085811,2.5669618450805123,2023
2023-06-27,30260.1,30998.5,30213.0,30683.2,406073.348,1131401,4326474,0.0004465956854043418,0.013885260489701068,2.5666520883561463,2023
2023-06-28,30683.2,30701.8,29804.6,30066.3,416656.434,1142575,4000324,0.00041470570958079123,-0.020310330332957705,2.9658540781377396,2023
2023-06-29,30066.3,30837.0,30036.1,30439.9,382072.84599999996,1039005,3628731,0.00034101923371907255,0.012349304632815361,2.631527612867175,2023
2023-06-30,30439.9,31300.0,29500.0,30460.2,809331.3049999999,1640658,6203315,0.0017633349560829484,0.0006666655966700574,5.922783420033332,2023
2023-07-01,30460.2,30668.2,30311.3,30573.6,135520.24599999998,538097,1590686,8.499734422693176e-05,0.0037159780479072424,1.170570684574719,2023
2023-07-02,30573.6,30800.0,30149.9,30612.7,231866.188,610787,2085396,0.00028745750646803523,0.0012780640542846555,2.1333083561420016,2023
2023-07-03,30612.7,31395.2,30559.4,31149.0,370293.236,957606,3142550,0.0002566809217870671,0.017367186453592254,2.6982684389208025,2023
2023-07-04,31149.0,31319.4,30600.0,30756.1,300832.26,779566,2628058,0.00017775520210747885,-0.012693793426675981,2.3237704892645326,2023
2023-07-05,30756.1,30875.2,30175.8,30488.4,294896.578,813687,2593078,0.00019388162991444967,-0.008742065161223778,2.291299401454035,2023
2023-07-06,30488.4,31568.0,29818.0,29874.4,721267.2189999999,1533454,5400645,0.0006771069344912685,-0.020344357033540206,5.7031711274052235,2023
2023-07-07,29874.3,30443.6,29680.0,30327.9,337801.654,887471,2996758,0.000306418361548779,0.015066154557572986,2.540237314170971,2023
2023-07-08,30328.0,30380.0,30026.8,30269.3,138734.493,494326,1435489,7.728705408849525e-05,-0.0019340833657981449,1.1694180956879452,2023
2023-07-09,30269.2,30443.4,30042.0,30147.8,162296.263,546333,1724025,8.564824979458002e-05,-0.004022045539775476,1.3272819318161337,2023
2023-07-10,30147.8,31040.0,29928.8,30396.9,429115.537,1022918,3641213,0.0003494016000783099,0.0082286775083098,3.645546780579893,2023
2023-07-11,30396.9,30804.9,30261.4,30608.4,298904.747,822757,2909176,0.0002115314452149207,0.006933851563038829,1.7800795247727361,2023
2023-07-12,30608.3,30980.5,30186.0,30368.9,425058.257,1010914,3657507,0.00025313675871099436,-0.007855422643537224,2.5979733566049728,2023
2023-07-13,30368.9,31850.0,30233.0,31441.7,696023.51,1438221,5143221,0.0006179525254663053,0.03471597889823208,5.210333898429492,2023
2023-07-14,31441.6,31640.0,29876.6,30293.3,538692.2459999999,1255252,4534212,0.000539631800121913,-0.037208471394015064,5.734657759652018,2023
2023-07-15,30293.3,30380.0,30220.2,30276.4,111622.474,494991,1290744,5.015398727642394e-05,-0.0005580348074563091,0.5273922211246753,2023
2023-07-16,30276.5,30441.6,30050.0,30216.8,173805.94,559420,1678837,8.877853897826486e-05,-0.001970470045701944,1.2947433048784243,2023
2023-07-17,30216.9,30329.7,29630.0,30126.1,344113.42699999997,890631,3054669,0.00038363840435309604,-0.00300615543185323,2.334006886926284,2023
2023-07-18,30126.0,30227.5,29400.0,29845.6,337396.417,873356,3129615,0.0002503614675210792,-0.009354480378474861,2.775743172162882,2023
2023-07-19,29845.7,30178.5,29745.0,29895.5,298418.854,780020,2697671,0.00016647349839045978,0.001670542109359019,1.44686996753945,2023
2023-07-20,29895.5,30420.0,29468.8,29791.0,410263.76399999997,956212,3328318,0.00024982769054926083,-0.003501632924585607,3.176821028623595,2023
2023-07-21,29791.0,30056.2,29705.9,29891.4,221145.074,619948,1993532,0.00013775131031584014,0.00336447913315574,1.1723283216563791,2023
2023-07-22,29891.5,29986.0,29602.2,29783.5,143375.956,456598,1331022,6.043172034288091e-05,-0.003616264713885542,1.2881923180288124,2023
2023-07-23,29783.5,30368.2,29718.9,30070.8,224713.846,616458,1953437,0.00010362423941336252,0.009600052343262888,2.1612801234166077,2023
2023-07-24,30070.9,30091.7,28830.0,29163.8,434182.41699999996,981827,3450766,0.0004101026861701248,-0.03062638708501808,4.283287457087893,2023
2023-07-25,29163.8,29379.5,29033.0,29216.3,196438.618,577183,1797943,0.00012135679018107289,0.0017985585551354433,1.1864038152884255,2023
2023-07-26,29216.2,29670.5,29083.0,29336.0,318527.582,748279,2570927,0.00020571590080127047,0.00408865806307368,1.9999475169139314,2023
2023-07-27,29336.0,29558.4,29065.5,29209.7,223376.53399999999,624234,2016131,0.00010106303945768479,-0.004314584877439742,1.6816063589544101,2023
2023-07-28,29209.8,29535.7,29112.8,29299.9,221299.867,612429,1932211,8.627012560253674e-05,0.0030832571563284006,1.442176116320091,2023
2023-07-29,29300.0,29397.9,29237.5,29339.1,87100.719,362686,895190,2.4735114263768257e-05,0.0013369943498133807,0.5471111311768088,2023
2023-07-30,29339.1,29442.5,29006.0,29271.1,169901.253,505399,1438817,8.59095836481054e-05,-0.0023204162589856026,1.4936503595508126,2023
2023-07-31,29271.2,29525.8,29100.0,29220.8,230381.72199999998,637683,1998716,0.000135332740450401,-0.0017198966831006857,1.452628322052346,2023
2023-08-01,29220.8,29735.0,28550.0,29701.2,442328.643,940529,3339266,0.00029563949686282887,0.016306664577195207,4.0667867056537785,2023
2023-08-02,29701.2,30059.9,28906.3,29170.1,491725.49199999997,1071292,3847942,0.0003409045749237891,-0.01804323697944632,3.9132493198389353,2023
2023-08-03,29170.2,29440.0,28955.4,29180.2,251967.94199999998,650386,2207681,0.0001420625327643746,0.000346185027357393,1.6597578738538947,2023
2023-08-04,29180.1,29323.8,28780.0,29101.1,229395.67299999998,587824,1978005,0.0001225785280954306,-0.0027144229304436607,1.871877152692943,2023
2023-08-05,29101.1,29145.0,28960.0,29057.7,82508.624,401871,918789,2.630751636636827e-05,-0.0014924657336781166,0.6367803979997382,2023
2023-08-06,29057.7,29199.0,28978.5,29075.9,103094.44,440362,1025663,3.629898245075029e-05,0.0006261439372270416,0.7580286393884841,2023
2023-08-07,29075.9,29274.5,28682.3,29202.7,297752.439,797015,2447107,0.00017284197567749728,0.00435151839911363,2.043662214465512,2023
2023-08-08,29202.7,30250.0,29132.4,29759.0,459269.801,1082897,3526450,0.00030937610152207665,0.018870436496822407,3.7645227609925933,2023
2023-08-09,29758.9,30149.7,29362.0,29572.8,362009.701,847674,2785756,0.0002293282725237143,-0.006276587303508663,2.6473651557665527,2023
2023-08-10,29572.9,29729.8,29303.7,29443.7,234546.038,633943,2026750,0.0001100661876348414,-0.004375054634765618,1.4436121861935598,2023
2023-08-11,29443.7,29565.1,29220.0,29415.5,179044.008,443414,1429875,6.645790270549436e-05,-0.0009582190093553322,1.1741205322331212,2023
2023-08-12,29415.5,29470.0,29360.0,29420.7,56238.034999999996,265297,582075,1.0118372048941345e-05,0.00017676192594073825,0.37395930032884533,2023
2023-08-13,29420.8,29463.0,29256.6,29293.3,84190.50499999999,352369,766936,1.847746530292678e-05,-0.004339687295786376,0.7030049593347846,2023
2023-08-14,29293.3,29686.7,29070.0,29419.5,295035.383,684338,2235064,0.00011930912112559155,0.004298898855225275,2.099241949256758,2023
2023-08-15,29419.5,29492.1,29050.0,29188.8,191289.959,524891,1548283,0.00010588563079362752,-0.007872645735719885,1.5103947573769216,2023
2023-08-16,29188.9,29257.4,28705.1,28714.4,280544.614,698947,2257164,0.00014453099548867663,-0.016386334956473902,1.9057725806745134,2023
2023-08-17,28714.4,28775.9,24581.0,26609.7,868508.22,1728827,6081888,0.014202621581789029,-0.07612292812645727,15.756444447628622,2023
2023-08-18,26609.7,26818.0,25600.0,26042.1,522375.316,1202287,4646103,0.0008725376455059443,-0.021561351718874633,4.648095237193356,2023
2023-08-19,26042.0,26269.4,25783.4,26088.3,202219.153,577533,1944552,0.0001928596919136711,0.0017724787109045792,1.8673889698200903,2023
2023-08-20,26088.4,26285.0,25948.5,26175.9,141089.85,436026,1398230,0.00012275413550449089,0.0033522021587231166,1.2884629798406613,2023
2023-08-21,26175.9,26280.0,25800.0,26115.4,232505.26499999998,624504,2113709,0.00017529221305459045,-0.0023139614809792874,1.8433701688837967,2023
2023-08-22,26115.4,26128.2,25280.0,26044.4,313113.576,749309,2670842,0.0003329974265932169,-0.002722404758120689,3.300162154354876,2023
2023-08-23,26044.5,26806.0,25800.0,26419.2,412969.028,938587,3387282,0.0004456645106439251,0.014288244664347971,3.8251251128733186,2023
2023-08-24,26419.2,26568.3,25835.0,26164.6,286753.337,694415,2528622,0.00020312906967720094,-0.009683666435510219,2.7988614051130285,2023
2023-08-25,26164.6,26300.0,25754.4,26051.7,274830.494,667936,2435810,0.00017504296265738426,-0.004324326922203525,2.096345288482854,2023
2023-08-26,26051.7,26129.4,25969.0,26004.3,63925.862,271809,686474,3.158117052695221e-05,-0.001821116224835606,0.6157598191515313,2023
2023-08-27,26004.3,26173.6,25955.6,26087.7,86505.398,379975,945488,3.6343745002499234e-05,0.003202029918540461,0.836388323010441,2023
2023-08-28,26087.6,26244.6,25850.4,26106.5,219992.05099999998,586278,2034199,0.0001442112069092454,0.0007203865875151649,1.5134178867299302,2023
2023-08-29,26106.5,28168.0,25905.2,27700.1,700233.946,1340781,5095886,0.00123634361105078,0.059251697826685046,8.374286109852818,2023
2023-08-30,27700.1,27758.2,26950.0,27290.4,315313.91599999997,773404,2868554,0.0002902136629918061,-0.014901031298593992,2.9547994682737686,2023
2023-08-31,27290.4,27674.3,25617.8,25928.0,502906.277,970770,4108957,0.000514829128244256,-0.05121152615723901,7.721676232076938,2023
2023-09-01,25928.0,26151.6,25312.0,25795.6,361184.924,841278,3414721,0.0004597008386185295,-0.005119531091382967,3.263178252238532,2023
2023-09-02,25795.6,25975.0,25740.6,25855.8,107642.86399999999,378014,1335781,6.917093434443051e-05,0.0023310124123891995,0.906502506567496,2023
2023-09-03,25855.8,26135.2,25777.0,25962.1,133016.832,402342,1530423,0.00011441939009770248,0.004102835086507994,1.3800443247681027,2023
2023-09-04,25962.1,26099.3,25610.0,25814.0,173147.873,454743,1917437,0.00013282120062912725,-0.005720801833765776,1.8925593834181682,2023
2023-09-05,25814.0,25900.0,25531.2,25779.7,186639.94499999998,485160,1993037,0.00014518201340076741,-0.0013296198975147888,1.4341735031466358,2023
2023-09-06,25779.7,26052.0,25326.0,25747.4,251122.66,577248,2404620,0.0002299939726855161,-0.0012537093774227515,2.8263004655738446,2023
2023-09-07,25747.4,26451.0,25602.3,26240.7,257349.902,595974,2609838,0.00028508165451057255,0.018977989411279594,3.2611773573190885,2023
2023-09-08,26240.7,26437.5,25630.0,25899.8,249269.761,619571,2723220,0.00025245647207868167,-0.013076393881382486,3.1019916430517056,2023
2023-09-09,25899.9,25940.6,25781.5,25892.6,67909.81,285984,902910,2.9890098377180717e-05,-0.00027803307227891594,0.6152128463854352,2023
2023-09-10,25892.6,26037.3,25508.7,25828.4,162972.413,389994,1790427,0.00011697851774535806,-0.0024825518830802196,2.0510554881081884,2023
2023-09-11,25828.4,25895.0,24888.0,25150.4,427216.37399999995,918837,4186513,0.0003937506539858877,-0.026600860720758845,3.966414028051891,2023
2023-09-12,25150.4,26580.0,25116.4,25825.8,592049.678,1199427,5168542,0.0007566864201454701,0.026500191268818085,5.663803405717262,2023
2023-09-13,25825.8,26400.0,25750.0,26209.9,335252.718,814680,3465389,0.0003205602284592552,0.01476320972972367,2.492938304252536,2023
2023-09-14,26209.9,26880.0,26106.6,26510.3,380666.47099999996,876704,3806217,0.00034966649584687153,0.011396134730869534,2.9194359730213235,2023
2023-09-15,26510.3,26890.0,26206.6,26591.1,251656.77,628474,2598616,0.00020930759274121274,0.0030432366136992073,2.5743182840368326,2023
2023-09-16,26591.1,26763.5,26430.0,26546.9,140482.465,381994,1446323,9.682238101005562e-05,-0.0016635932927009378,1.2539290318476966,2023
2023-09-17,26547.0,26614.3,26377.4,26514.2,114239.394,316517,1246715,6.0681177863239196e-05,-0.001232541509304852,0.8941082403661488,2023
2023-09-18,26514.2,27397.0,26358.6,26749.9,472539.032,1074244,4379742,0.0004248888977109396,0.008850296484329334,3.8638920898586497,2023
2023-09-19,26749.9,27480.0,26653.2,27196.0,433511.747,1005283,4082920,0.0004130589124811888,0.016539168646941604,3.0549248903822144,2023
2023-09-20,27195.9,27381.0,26740.0,27107.7,348921.447,847927,3431688,0.0003833764800219413,-0.0032520832953206735,2.368877052905278,2023
2023-09-21,27107.7,27149.0,26360.1,26552.6,317992.869,816938,3104803,0.00019380394395652106,-0.020690149038708583,2.9488710035273766,2023
2023-09-22,26552.6,26737.7,26452.9,26566.7,173534.648,500043,1777923,0.0001213363588762518,0.0005308805022341545,1.0708761385500567,2023
2023-09-23,26566.7,26620.6,26492.2,26563.1,57836.484,266219,698719,2.4377614151354088e-05,-0.00013551716759785393,0.48350021138567023,2023
2023-09-24,26563.0,26739.9,26081.0,26232.4,146632.773,405944,1365933,0.00011272255494745164,-0.012527746687343466,2.4949752069383773,2023
2023-09-25,26232.4,26440.0,25965.0,26290.5,268385.836,674982,2519801,0.000216237135414347,0.002212369221727073,1.8128537687203166,2023
2023-09-26,26290.5,26388.0,26073.8,26208.8,180491.169,504291,1788056,0.00011177015247474195,-0.003112424963898519,1.1978382625792345,2023
2023-09-27,26208.7,26849.9,26050.0,26359.6,353002.83999999997,840107,3158728,0.00020259440794045226,0.005737302777038877,3.0244328353776355,2023
2023-09-28,26359.6,27308.7,26325.2,27011.8,429587.858,959504,3925365,0.0003992035330078681,0.024441272556153137,3.6678677409379237,2023
2023-09-29,27011.7,27231.5,26625.0,26890.9,277397.643,714011,2795717,0.0003068802471195795,-0.004485868156486106,2.252376744075742,2023
2023-09-30,26890.9,27085.0,26870.4,26950.9,92317.154,340355,1113176,5.272067257744692e-05,0.002228752561642011,0.795476010275522,2023
2023-10-01,26951.0,28365.2,26939.0,27981.4,240382.946,643516,2313010,0.0006979491765170536,0.03752331175175172,5.15879909283351,2023
2023-10-02,27981.4,28613.0,27255.0,27477.6,593277.72,1333432,5080027,0.0008784783051725405,-0.01816887642982934,4.862416948961719,2023
2023-10-03,27477.7,27665.0,27123.0,27412.0,283077.899,756651,2975893,0.0002727489872190619,-0.0023902535719972917,1.978599992673409,2023
2023-10-04,27412.0,27830.0,27163.9,27759.8,280784.322,742544,2880715,0.000301562742013561,0.012608057278121976,2.422568963598444,2023
2023-10-05,27759.7,28110.0,27333.5,27398.4,370190.087,858169,3222885,0.00033891919403647257,-0.013104313473263574,2.801232877991156,2023
2023-10-06,27398.3,28450.0,27156.0,27916.3,438445.904,1023968,4030623,0.0006452204520646065,0.01872613009401647,4.655014413293934,2023
2023-10-07,27916.3,28018.7,27822.1,27943.0,117049.14499999999,417439,1333428,7.69422739822616e-05,0.0009559733843200746,0.7041475491896363,2023
2023-10-08,27943.0,28082.0,27671.0,27901.2,178380.307,539566,1940245,0.00016253656752421322,-0.001497022351699684,1.4743868322588751,2023
2023-10-09,27901.2,27977.0,27250.0,27578.3,314316.581,794651,3091697,0.00027065230457444555,-0.011640467058414927,2.632922293720783,2023
2023-10-10,27578.4,27727.3,27281.0,27381.2,239779.49599999998,661768,2416501,0.00018387529462022295,-0.007172585085362115,1.6226998220205162,2023
2023-10-11,27381.3,27467.6,26525.0,26864.5,388186.571,1007514,3676146,0.00041716354726167116,-0.019050934080109272,3.491944375246684,2023
2023-10-12,26864.5,26939.0,26534.8,26744.0,220279.03999999998,682791,2306297,0.0001430392702771432,-0.004495563313389184,1.511797173194692,2023
2023-10-13,26744.0,27120.8,26670.1,26849.8,243222.15399999998,635018,2249396,0.0002075339970525058,0.003948223019762054,1.6757873443993574,2023
2023-10-14,26849.7,26986.4,26773.1,26836.3,82164.781,323892,912735,3.4647479763871055e-05,-0.0005029234861364529,0.7935383301409247,2023
2023-10-15,26836.4,27456.1,26790.4,27139.8,160000.462,441958,1521199,9.04085998700056e-05,0.011245836531390552,2.4544751100627,2023
2023-10-16,27139.8,30720.0,27095.4,28486.3,823003.782,1770701,6854221,0.004366920582026684,0.0484219847632783,12.554993649898542,2023
2023-10-17,28486.3,28605.0,28055.0,28381.9,314189.758,899874,3419721,0.00039637659232281654,-0.003671651899828987,1.9414658517556864,2023
2023-10-18,28382.0,29100.0,28126.6,28307.1,297176.62799999997,807340,3101732,0.00034389219088227726,-0.0026389614708204334,3.402242638208528,2023
2023-10-19,28307.2,28933.4,28076.0,28696.9,333673.207,884983,3353875,0.0003360523451949577,0.013676446418925181,3.008151827483074,2023
2023-10-20,28697.0,30243.0,28560.0,29653.0,551005.3269999999,1380955,5390533,0.0006572326569491623,0.032774197769420255,5.725761526853055,2023
2023-10-21,29653.0,30374.6,29443.5,29895.4,258195.95599999998,802739,2913921,0.00022233407068370065,0.00814132164347292,3.113356018584838,2023
2023-10-22,29895.4,30229.7,29606.6,29981.5,198602.758,681712,2402842,0.0002060084801224116,0.0028759023711355525,2.082757537727649,2023
2023-10-23,29981.4,35981.9,29869.4,33074.0,987741.536,2371120,9516564,0.004356795424496073,0.09816695044960788,18.618148926079,2023
2023-10-24,33074.0,35300.0,32833.5,33917.0,921993.063,2560212,10856672,0.0027763692406075568,0.0251688883881247,7.243362830006907,2023
2023-10-25,33917.0,35154.3,33660.6,34487.7,465367.144,1512456,6530411,0.0009288604296769515,0.016686375113069474,4.341892971806109,2023
2023-10-26,34487.8,34828.7,33750.0,34154.0,339552.964,1215589,4528633,0.0005218720549769574,-0.00972302926415125,3.146134221695645,2023
2023-10-27,34154.0,34253.3,33350.0,33893.1,278052.978,961479,3613726,0.0003228570134097466,-0.0076682556186931095,2.672513807016683,2023
2023-10-28,33893.2,34535.8,33867.4,34086.6,138314.932,632823,1952090,0.0001629141090200434,0.005692891336533279,1.9543567392658316,2023
2023-10-29,34086.7,34773.8,33933.0,34528.6,175897.55,766498,2463878,0.00018014260523041835,0.0128836209429668,2.4476237448227502,2023
2023-10-30,34528.6,34888.2,34050.0,34483.8,281841.348,953375,3517907,0.00030992636403753447,-0.0012983175862011365,2.431863055864313,2023
2023-10-31,34483.8,34744.7,34016.8,34651.4,272450.567,841533,3318578,0.0002583125609477492,0.00484848032044205,2.1172522165844714,2023
2023-11-01,34651.4,35734.0,34076.0,35437.4,469214.78699999995,1256040,5043007,0.0007260242256259762,0.02242963075440585,4.750929233038147,2023
2023-11-02,35437.5,35999.9,34300.0,34940.1,410221.727,1167649,4240505,0.0005115938380486283,-0.014132592863457916,4.83708065025801,2023
2023-11-03,34940.1,34944.9,34123.0,34700.4,306048.19899999996,808237,3278797,0.0003581578248387658,-0.006883952487147127,2.3800891556281947,2023
2023-11-04,34700.5,35270.0,34571.6,35069.7,140746.87399999998,409724,1581510,0.00016678012785635308,0.010586295531670231,2.000020848119585,2023
2023-11-05,35069.7,35455.2,34356.0,35025.5,231363.339,618941,2483235,0.00040964054841819575,-0.0012611421569026504,3.14932517893926,2023
2023-11-06,35025.5,35299.9,34743.2,35057.4,202227.215,581655,2332675,0.0002533214364517743,0.0009103505192591399,1.5896261664990128,2023
2023-11-07,35057.5,35921.7,34520.3,35406.5,343525.95,884803,3475930,0.0004768813723502508,0.009908700945693738,3.979401291670154,2023
2023-11-08,35406.5,36150.0,35073.0,35626.7,334779.449,738785,3098481,0.00035405937763440464,0.00619993764491511,3.0245344911982195,2023
2023-11-09,35626.7,38499.9,35304.0,36719.5,778877.937,1857827,7145218,0.001493032529945108,0.03021259235331719,8.665937192052182,2023
2023-11-10,36719.6,37570.0,36350.0,37330.4,299373.892,850610,3260186,0.0005988518237629951,0.016500059009668888,3.30116556063491,2023
2023-11-11,37330.3,37422.2,36588.0,37162.1,159239.28399999999,518890,1853148,0.0002064722788760302,-0.004518583383742225,2.2543793413429865,2023
2023-11-12,37162.1,37258.4,36753.6,37085.5,118890.045,422734,1417328,0.00014637053021960753,-0.0020633670900309653,1.364124271438171,2023
2023-11-13,37085.6,37464.8,36350.0,36486.2,257075.648,711284,2791229,0.0003661786668145146,-0.016291950732171046,3.0207621506735585,2023
2023-11-14,36486.2,36779.9,34446.3,35559.0,397265.8,921708,3817622,0.0007888224592837744,-0.02574081814010043,6.554991064380225,2023
2023-11-15,35559.1,38000.0,35388.0,37885.6,423818.57,1081107,4117459,0.001055862808853404,0.06337780389512027,7.1213380105246165,2023
2023-11-16,37885.5,37956.5,35486.1,36176.0,434444.366,1123521,4430141,0.0008783335112390995,-0.04617517712497943,6.7299696662447825,2023
2023-11-17,36176.0,37020.5,35868.3,36621.9,319943.051,833795,3392377,0.0007052311224767064,0.012250506581086285,3.161791621083987,2023
2023-11-18,36621.9,36900.0,36196.0,36580.9,121720.92199999999,431228,1559774,0.0001314637273237116,-0.0011201758481149682,1.9262935557594796,2023
2023-11-19,36580.9,37528.2,36380.0,37375.9,154713.007,496197,1707461,0.00022678824130312498,0.021499865419899677,3.107347727606186,2023
2023-11-20,37375.8,37784.7,36600.0,37462.5,310504.037,831644,3145401,0.0005932163528190173,0.002314320954297955,3.185601837524853,2023
2023-11-21,37462.6,37675.0,35720.0,35737.0,413908.515,965478,3742944,0.000700543837806442,-0.04715386599813698,5.32859885042608,2023
2023-11-22,35737.0,37880.0,35610.7,37413.4,338189.618,919921,3431728,0.0005696378209765802,0.04584236237580086,6.177711382178848,2023
2023-11-23,37413.5,37650.0,36856.3,37294.3,185369.931,597100,2192283,0.0002213727778424558,-0.0031884290614847544,2.1306386858134285,2023
2023-11-24,37294.4,38425.0,37257.3,37706.3,351031.723,925187,3459708,0.0005984065713421155,0.010986689287207696,3.0860390644958633,2023
2023-11-25,37706.3,37886.5,37570.9,37766.6,82589.329,351097,1090709,5.650011865709712e-05,0.001597924893056657,0.8365033523774136,2023
2023-11-26,37766.7,37807.6,37126.0,37437.9,173758.644,534407,1851041,0.0001804174523620794,-0.008741553846512318,1.819260783007743,2023
2023-11-27,37437.9,37560.0,36700.0,37234.3,266112.699,709313,2709326,0.00034066814454896934,-0.005453180823401738,2.3162899279537585,2023
2023-11-28,37234.4,38395.0,36856.0,37812.1,318426.327,843314,2849494,0.0003927807848842979,0.015398777753398818,4.090881514889107,2023
2023-11-29,37812.0,38500.0,37551.8,37837.1,261631.881,770271,2577159,0.0003085933131402711,0.0006609455462864844,2.4936928147272384,2023
2023-11-30,37837.2,38132.0,37442.9,37716.8,191188.871,607001,2095004,0.00021867863325696833,-0.003184484233450746,1.8236718756642087,2023
2023-12-01,37716.9,38989.0,37600.0,38660.0,342361.994,955990,3053861,0.00033724487544781076,0.024699855244637803,3.627550466780258,2023
2023-12-02,38659.9,39900.0,38613.5,39435.0,213210.31100000002,646278,2036997,0.0003504052954900565,0.019848273069769107,3.2774367637493924,2023
2023-12-03,39435.1,40410.1,39255.2,39979.7,221917.905,691880,2176911,0.00023418893463753523,0.01371807844227213,2.8995834192701455,2023
2023-12-04,39979.8,42440.0,39970.4,41993.1,602492.859,1498290,4914848,0.0009886446445726547,0.04913349378048082,5.995213356699577,2023
2023-12-05,41993.1,44528.1,41393.5,44081.7,575038.041,1436709,4957181,0.0008992903999640918,0.048539411271487864,7.299658688514846,2023
2023-12-06,44081.7,44349.8,43377.0,43774.8,383957.738,1013195,3312344,0.0006679009034472391,-0.006986421000533483,2.217885244845778,2023
2023-12-07,43775.1,44066.7,42815.0,43296.0,346421.958,948691,3139944,0.0003876598065906728,-0.010998057355283919,2.881588670068671,2023
2023-12-08,43296.0,44779.3,43100.0,44209.5,281880.593,819941,2689393,0.00034161336088140874,0.020879446127372248,3.822298196016418,2023
2023-12-09,44209.6,44389.2,43555.0,43734.3,189339.65600000002,616115,2008104,0.00022798514391552343,-0.010807006859614887,1.8971689335644475,2023
2023-12-10,43734.2,44099.2,43552.5,43810.0,144548.259,501007,1625045,0.0001268498763300957,0.0017294105696734619,1.2474534766510943,2023
2023-12-11,43810.1,43833.4,40228.3,41271.0,620753.439,1443318,5535071,0.0018908232497582482,-0.05970202767884025,8.582535581437961,2023
2023-12-12,41271.1,42125.0,40711.0,41515.0,356541.118,918199,3541062,0.0008369649576005408,0.005894733567027188,3.414306247013623,2023
2023-12-13,41514.9,43517.6,40556.0,42875.0,396710.296,995944,3740055,0.0008753528513160281,0.032234097772109394,7.048171887787539,2023
2023-12-14,42875.0,43450.1,41140.0,43032.4,361628.325,933734,3556744,0.0008030948696645911,0.00366441484970359,5.463226897991382,2023
2023-12-15,43032.3,43098.0,41668.0,41968.0,257177.013,741111,2891215,0.00035489418758412946,-0.025045897211288803,3.3743144198517276,2023
2023-12-16,41968.0,42756.7,41638.1,42287.4,160549.459,518299,1874171,0.00020394087407446382,0.007581746214510687,2.6510294745830687,2023
2023-12-17,42287.4,42476.0,41248.3,41396.5,224722.851,635092,2557926,0.0003986492981578778,-0.02129283314435959,2.9329310731364013,2023
2023-12-18,41396.6,42795.3,40553.8,42671.7,375385.675,958411,4005918,0.0007124098434036052,0.030339600849071502,5.3798795835639766,2023
2023-12-19,42671.8,43550.0,41835.4,42298.3,315311.844,844103,3465516,0.000546517565666464,-0.008789040924408908,4.0166832224602445,2023
2023-12-20,42298.2,44384.6,42218.3,43708.9,377008.923,976575,3892858,0.000710352346396898,0.03280484657329019,5.003878609366544,2023
2023-12-21,43708.9,44287.2,43317.2,43896.3,276922.155,744632,3069295,0.0004329931650785044,0.004278291376399679,2.214591147679163,2023
2023-12-22,43896.4,44484.0,43430.4,43999.2,238341.933,678366,2681930,0.0004169485335673815,0.00234141786576636,2.3969917228930844,2023
2023-12-23,43999.2,44023.0,43304.2,43725.2,120792.19900000001,401708,1456500,0.00013625658281437003,-0.006246856998274097,1.6462596621676244,2023
2023-12-24,43725.2,43994.8,42550.0,43008.4,179967.251,526955,2012652,0.00033195100117498376,-0.01652914948384243,3.3391590096675015,2023
2023-12-25,43008.4,43850.0,42755.4,43611.9,184210.274,574170,2121238,0.0003050197820751729,0.013934603441938975,2.527921562311664,2023
2023-12-26,43611.9,43635.1,41597.0,42538.5,295583.678,787583,2919456,0.00046976063987815063,-0.02492050067509055,4.783382306876931,2023
2023-12-27,42538.6,43700.0,42145.7,43453.8,251351.538,735462,2605702,0.0003935629634013726,0.021288756514703522,3.621543946508279,2023
2023-12-28,43453.8,43850.0,42320.5,42600.1,257515.182,721131,2747859,0.000424771741946057,-0.0198417040438148,3.5503116593140183,2023
2023-12-29,42600.1,43171.9,41283.2,42095.1,337421.865,814097,3300161,0.0005127358516908592,-0.011925256324555988,4.473418309560617,2023
2023-12-30,42095.1,42654.6,41550.0,42174.2,183890.67,543136,1910363,0.00024951647688969465,0.0018773153029894019,2.6237601451053494,2023
2023-12-31,42174.3,42951.0,42001.0,42314.0,173508.289,500103,1835399,0.0002713677214101485,0.0033093408922830747,2.2366503522564507,2023
2024-01-01,42314.0,44266.0,42207.9,44230.2,206424.144,608486,2197331,0.00033857373262799977,0.044289813126656696,4.760948070686117,2024
2024-01-02,44230.3,45950.0,44200.9,44979.8,459798.523,1234423,4584899,0.0011112616563579711,0.016805686412871168,3.8808697934395857,2024
2024-01-03,44979.7,45582.3,40333.0,42849.5,595855.225,1463801,5484694,0.006970380141011962,-0.048519523736379355,12.234949084115756,2024
2024-01-04,42849.5,44840.8,42625.0,44143.8,333923.098,967195,3778259,0.0008254143289946453,0.02975851047335354,5.067750365432835,2024
2024-01-05,44143.8,44500.0,42300.0,44145.4,374967.79099999997,993506,4299469,0.0011158337523537432,3.6244523682782415e-05,5.070210311996232,2024
2024-01-06,44145.3,44214.6,43391.3,43956.7,138542.797,525059,1908679,0.00019094870627191674,-0.004283672887510193,1.879609110126092,2024
2024-01-07,43956.6,44486.9,43557.5,43916.9,180710.714,636663,2426450,0.00034219685300951563,-0.0009058466415741151,2.1112859495906,2024
2024-01-08,43916.9,47312.0,43158.1,46972.7,495087.983,1449466,5552927,0.001239695601959967,0.06726737005467065,9.189384593201238,2024
2024-01-09,46972.6,48100.0,44417.2,46114.0,513362.773,1384055,5975796,0.002884592323884295,-0.018449990352475965,7.9655395301270415,2024
2024-01-10,46113.9,47699.3,44291.5,46662.9,668657.4739999999,1748802,7930762,0.002229322052750962,0.011832824863486024,7.412393768237188,2024
2024-01-11,46663.0,49027.5,45600.0,46337.8,596698.379,1706567,8147634,0.0016877185967296116,-0.006991373704085646,7.247364865251687,2024
2024-01-12,46337.9,46536.2,41370.0,42788.9,575943.258,1610959,7339600,0.0023115188373562475,-0.07967931953639962,11.767452387388497,2024
2024-01-13,42789.0,43273.4,42445.7,42846.4,207737.326,726266,3284308,0.0005416016154718359,0.0013429043546597796,1.9312515546021118,2024
2024-01-14,42846.4,43096.1,41713.5,41734.9,181096.968,628114,2586518,0.0004563569152777161,-0.02628391828269727,3.2607688357368083,2024
2024-01-15,41734.9,43376.0,41720.0,42515.0,240059.141,754321,3393913,0.000502967530381773,0.01851924560837226,3.8925662623738124,2024
2024-01-16,42515.0,43589.0,42050.0,43133.0,287207.233,824518,3591913,0.0007161105906145289,0.01443141055580277,3.5945438526671083,2024
2024-01-17,43133.0,43198.0,42200.0,42783.4,209396.081,646650,2896397,0.00038974950139479173,-0.008138188506544353,2.337397684009567,2024
2024-01-18,42783.3,42932.3,40673.6,41323.1,335080.756,954588,4381862,0.0006425461870054997,-0.03472851124839593,5.404522305316585,2024
2024-01-19,41323.2,42197.0,40300.0,41662.2,345941.73,951866,4485546,0.0006895026985041492,0.008172577249242252,4.599765951491825,2024
2024-01-20,41662.1,41883.5,41453.6,41691.8,95866.06199999999,327002,1350118,0.00012767277197856084,0.0007102238943357264,1.03172251827868,2024
2024-01-21,41691.8,41880.9,41500.0,41580.0,67035.552,261385,1011538,7.787703436665577e-05,-0.0026851843523303387,0.9136448506124125,2024
2024-01-22,41579.9,41692.3,39402.0,39567.0,459024.10599999997,1167318,5215198,0.0010137809568900322,-0.04962384491800975,5.649988303935688,2024
2024-01-23,39567.1,40172.7,38545.0,39890.0,414373.386,1063479,4996338,0.0008413088981244222,0.008130228405457629,4.136127054024185,2024
2024-01-24,39889.9,40560.6,39493.3,40078.7,272754.171,736010,3577649,0.0005262639150115459,0.004719355203524955,2.6666114806152494,2024
2024-01-25,40078.8,40300.0,39535.3,39953.3,203728.67899999997,552104,2660878,0.0002814626531752141,-0.0031337490659488765,1.9157525245561313,2024
2024-01-26,39953.3,42239.3,39813.1,41806.4,355418.478,869477,4170436,0.0005329451333159845,0.04533816580351946,5.915506342852931,2024
2024-01-27,41806.4,42187.1,41360.1,42102.2,118437.11399999999,393657,1602331,0.00013064639480748545,0.007050557996667095,1.979783911409584,2024
2024-01-28,42102.2,42836.0,41600.0,42021.2,205736.45299999998,574654,2623969,0.0003434088784310681,-0.0019257430163843736,2.9278703271411044,2024
2024-01-29,42021.2,43340.8,41768.3,43287.7,249502.11,671449,3264398,0.000434471916799004,0.029694277150614568,3.695677602197607,2024
2024-01-30,43287.6,43888.0,42665.6,42918.3,257582.78399999999,695906,3279938,0.00045911002194707706,-0.008570221585340931,2.8247959256245276,2024
2024-01-31,42918.3,43748.6,42257.6,42560.5,313069.11,830588,3894405,0.0006041118795264368,-0.008371715319285045,3.4675393008390167,2024
2024-02-01,42560.5,43288.0,41866.8,43072.6,274321.10699999996,722479,3366630,0.00044008801080889907,0.011960471004003992,3.3382310266140767,2024
2024-02-02,43072.6,43480.0,42512.7,43182.0,205767.574,589968,2609694,0.00032725010591617835,0.00253667766503618,2.2498207432084216,2024
2024-02-03,43182.0,43372.2,42858.3,42992.4,89735.21999999999,311078,1184516,8.746328002227628e-05,-0.004400385867299406,1.1919357632852852,2024
2024-02-04,42992.4,43112.1,42176.7,42570.3,127421.548,410636,1639173,0.00018259525191027204,-0.009866528854843182,2.193576430915364,2024
2024-02-05,42570.3,43580.0,42235.1,42692.9,240655.54899999997,732296,3020351,0.0003397899969450507,0.0028758030309514737,3.1346700635306313,2024
2024-02-06,42692.9,43378.8,42559.8,43079.1,196157.64299999998,548306,2349996,0.00025907275364928057,0.009005330642526843,1.906069672459766,2024
2024-02-07,43079.1,44388.0,42763.4,44326.2,252057.70799999998,661586,2929944,0.0003777164080232205,0.028537963646790843,3.7286566078429937,2024
2024-02-08,44326.3,45600.0,44306.8,45269.1,299738.288,852597,3448195,0.00035886538055790093,0.021048756182688422,2.87695523776649,2024
2024-02-09,45269.2,48230.3,45218.1,47116.1,519919.419,1316707,5650447,0.0008392089659020588,0.039990087981006894,6.449000509606432,2024
2024-02-10,47116.1,48189.6,46836.4,47732.6,179626.604,603749,2285021,0.00023471578573818137,0.012999834096387275,2.84825517515272,2024
2024-02-11,47732.6,48600.0,47539.4,48303.4,209951.626,678184,2680053,0.0002813637580940216,0.011887348943840692,2.2064690004823424,2024
2024-02-12,48303.4,50413.2,47702.0,49943.6,450895.202,1287851,5410318,0.0007228556087458819,0.033392417201552504,5.52797198116775,2024
2024-02-13,49943.6,50428.8,48301.0,49696.4,382348.08499999996,1076109,4735916,0.0007179797404991883,-0.00496187288590022,4.311017606766411,2024
2024-02-14,49696.4,52100.0,49215.7,51823.2,395191.79099999997,1217905,4979944,0.0006759216767792127,0.04190542957516996,5.695227047339417,2024
2024-02-15,51823.1,52859.0,51334.9,51898.5,392724.60299999994,1215212,5071385,0.0007058967982919189,0.00145196257348168,2.9257158340538534,2024
2024-02-16,51898.4,52623.0,51611.7,52148.6,259819.79299999998,839166,3599586,0.000408126231628219,0.004807447428770928,1.9404895558767121,2024
2024-02-17,52148.7,52192.8,50647.5,51679.4,222342.00499999998,747396,2933206,0.0003153776276817671,-0.00903808594901534,3.005468320578073,2024
2024-02-18,51679.5,52450.0,51178.0,52175.9,166636.42599999998,670456,2535098,0.0002620856377458698,0.009561452955292538,2.455058263897094,2024
2024-02-19,52175.9,52532.9,51688.8,51813.8,196387.97799999997,758828,2984130,0.00028778645459780986,-0.006964179403924575,1.6198516374328078,2024
2024-02-20,51813.7,53090.9,50788.0,52297.4,388913.06399999995,1226782,4725341,0.0007065472811722867,0.009290133590820204,4.43454325894201,2024
2024-02-21,52297.3,52402.3,50528.4,51877.8,308127.301,985735,3939518,0.00044170649873823353,-0.008055703644188839,3.6414929048808573,2024
2024-02-22,51877.9,52130.8,50967.5,51316.9,244144.647,809868,3185280,0.0004981926019611385,-0.010870820374945467,2.2567770222865398,2024
2024-02-23,51316.9,51576.3,50512.7,50771.9,215474.56199999998,721412,2838186,0.000310212356642456,-0.010677080688431317,2.0837474837573806,2024
2024-02-24,50771.9,51736.6,50611.4,51602.1,104944.457,456244,1581717,0.00011259208289052827,0.016219317399354338,2.198861405671091,2024
2024-02-25,51602.1,52050.0,51300.4,51764.9,122177.26,475568,1737312,0.00014681115692054744,0.0031499440751971974,1.4506245643697304,2024
2024-02-26,51764.9,54991.8,50922.5,54511.6,393466.23099999997,1196300,4559698,0.0006841475114565331,0.05170120964881164,7.687921410206723,2024
2024-02-27,54511.7,57780.0,54495.0,57074.5,511475.535,1571067,6037486,0.001543861107082454,0.04594390891669242,5.853374069681427,2024
2024-02-28,57074.5,64300.0,56730.1,62487.9,1010118.4419999999,2977328,10470544,0.0028169136844356244,0.09061550602494783,12.525469717088553,2024
2024-02-29,62487.9,63762.8,60452.0,61203.3,584713.8829999999,1889888,7991451,0.001850879775545295,-0.020771828366264344,5.332028648991438,2024
2024-03-01,61203.3,63199.0,60844.8,62430.6,299231.827,1033946,4242562,0.0008476590599372643,0.019854430158332548,3.7962118500300512,2024
2024-03-02,62430.6,62513.1,61605.0,62039.9,159283.629,679347,2445321,0.0002818843432231394,-0.006277813347800532,1.4633098702713154,2024
2024-03-03,62039.9,63330.9,61339.5,63178.5,200312.50299999997,824384,2976490,0.000323424047387316,0.01818632695796829,3.1949354336657207,2024
2024-03-04,63178.5,68600.0,62299.0,68296.4,632882.144,2158163,8622486,0.002507624427324834,0.07789300314754222,9.634716043162266,2024
2024-03-05,68296.5,69350.0,59112.0,63747.4,1053025.132,3293359,11587828,0.005118881113232816,-0.06892865765612832,15.973219727449411,2024
2024-03-06,63747.5,67729.5,62829.3,66128.1,534011.813,1952098,6780080,0.0026490225523896414,0.036665371093853594,7.5100305768305535,2024
2024-03-07,66128.0,68101.3,65609.3,66870.0,296092.788,1209943,4405527,0.0009706579471927047,0.011156666078926847,3.727884835286721,2024
2024-03-08,66870.0,70330.8,66120.0,68180.2,459387.207,1659128,5980692,0.0018068779022182913,0.019403764051125094,6.173855224908918,2024
2024-03-09,68180.2,68608.7,67908.7,68360.1,94899.005,501584,1537614,0.00015650203975097894,0.00263512097307661,1.0255192888913627,2024
2024-03-10,68360.2,69999.8,68155.0,69001.8,233596.523,989401,3375720,0.000513144563931945,0.009343270123434166,2.6707861879613963,2024
2024-03-11,69001.8,72890.0,67000.0,72153.8,474396.897,1855791,6424784,0.0013037706486992012,0.0446673606721113,8.425883600315554,2024
2024-03-12,72153.9,73370.0,68600.0,71503.2,472072.331,1711345,6616949,0.001197245294973811,-0.009057747942403438,6.722259799406334,2024
2024-03-13,71503.3,73755.0,71388.1,73127.6,288446.338,1228966,4413774,0.0005908987121671285,0.022463656532261567,3.26176007435726,2024
2024-03-14,73127.6,73881.4,68600.0,71455.5,513901.23699999996,1807401,7086199,0.0015972145710836734,-0.02313098215525855,7.41685700677352,2024
2024-03-15,71455.6,72500.0,65580.0,69552.2,705810.6849999999,2477276,9432499,0.0037879370505250207,-0.026997328531578546,10.031579044412686,2024
2024-03-16,69552.1,70097.6,64750.0,65351.0,333426.129,1382502,4728369,0.0012350009151066022,-0.062304807616680336,7.935485607023962,2024
2024-03-17,65351.0,68972.4,64559.8,68447.9,314890.309,1267585,4441202,0.001304428049044084,0.04630012976388542,6.611449851245707,2024
2024-03-18,68447.9,69044.4,66601.6,67660.0,317885.91599999997,1294751,4929189,0.0013166656845745057,-0.011577708583297763,3.6021174632968473,2024
2024-03-19,67660.0,68178.6,61582.8,61974.1,700466.795,2372494,8883840,0.002945274404854346,-0.0877786075214253,10.17481218471569,2024
2024-03-20,61974.1,68140.0,60800.0,67876.4,637362.465,2163289,8081289,0.0027150320745604026,0.09097184836125827,11.397462326069924,2024
2024-03-21,67876.4,68293.9,64550.1,65539.9,347218.385,1410720,5314298,0.0014395212194859238,-0.03502928670867078,5.637878425063052,2024
2024-03-22,65539.9,66691.9,62294.0,63826.0,401149.333,1495465,5610913,0.0013581478509542657,-0.0264984866371627,6.821839329759112,2024
2024-03-23,63826.1,66050.0,63020.2,64020.3,239124.0,926696,3255774,0.0007994558114724894,0.0030395897197887933,4.695672104855769,2024
2024-03-24,64020.4,67700.0,63822.0,67260.9,244179.43499999997,982237,3674436,0.0008518181574250574,0.0493788665661512,5.898822142064641,2024
2024-03-25,67260.9,71228.3,66427.6,69920.5,395156.191,1507855,5616354,0.0009255630801007414,0.03877979521895725,6.977757858780563,2024
2024-03-26,69920.6,71649.0,69320.0,70044.1,307861.116,1206303,4470979,0.0008586909798707462,0.0017661613312096591,3.3045732595255117,2024
2024-03-27,70044.2,71888.0,68364.8,69532.6,407757.788,1447469,5478411,0.0009970115440149066,-0.0073293363402004985,5.025128004459942,2024
2024-03-28,69532.6,71636.2,68941.0,70838.7,242199.22499999998,1031316,3691793,0.0006097227778438855,0.018609754189775174,3.834946644243699,2024
2024-03-29,70838.8,70976.9,69000.0,69903.6,187970.841,820508,2898786,0.00034794034424543167,-0.013288311472745562,2.8247967392898508,2024
2024-03-30,69903.6,70388.0,69577.2,69642.1,91126.75,489833,1469267,0.00013503320353106983,-0.003747880530879044,1.1585866624120118,2024
2024-03-31,69642.0,71495.5,69608.0,71363.0,132458.78999999998,572283,1955289,0.00026827460926952804,0.024410258218207304,2.6755007392681525,2024
2024-04-01,71363.0,71388.0,68103.3,69700.0,282812.126,1107015,3855192,0.0005368566744545018,-0.02357920998034757,4.710411786258062,2024
2024-04-02,69700.0,69731.6,64603.2,65505.3,499041.572,1692932,6306952,0.0019516880202448605,-0.06206926236826327,7.638964145174573,2024
2024-04-03,65502.4,66940.0,64500.0,65971.9,275041.23,1092871,3716045,0.0007319912927207669,0.007097838391961986,3.7131471981453834,2024
2024-04-04,65971.8,69329.7,65100.0,68489.9,326385.338,1249308,4218217,0.0007004533155650828,0.037457395351406575,6.294883659940131,2024
2024-04-05,68489.8,68787.1,65966.0,67825.7,313547.293,1215269,4246122,0.0009745868062493385,-0.009745109971630583,4.187676958383136,2024
2024-04-06,67825.8,69708.0,67450.0,68901.6,127343.726,673398,2044067,0.0003004778275939399,0.015738220640988843,3.292850614463093,2024
2024-04-07,68901.5,70395.0,68820.6,69362.7,171783.436,814809,3094007,0.0003864695422622296,0.006669859239334386,2.2619119187346017,2024
2024-04-08,69362.7,72890.4,69040.4,71678.4,297237.44899999996,1335750,5294493,0.0006801946778580244,0.03284018793869947,5.426510259914124,2024
2024-04-09,71678.3,71820.6,68216.0,69189.3,334059.403,1325177,5431596,0.0007933441020330041,-0.03534322059837436,5.149220154217262,2024
2024-04-10,69189.2,71412.2,67546.2,70681.7,337774.756,1318802,5376395,0.0010976235117571044,0.02134047283729501,5.565691489889011,2024
2024-04-11,70681.8,71387.4,69592.6,70055.7,256194.153,1045822,4391518,0.0007535863912632601,-0.008896059305596893,2.54631433358107,2024
2024-04-12,70055.6,71297.0,65102.0,67136.4,415528.149,1471399,5589326,0.0010345930988763386,-0.042564269110926034,9.089898008989676,2024
2024-04-13,67136.4,67975.4,59652.5,63939.7,515005.203,1867356,6679641,0.00422940632079729,-0.04878591908934027,13.060981620354402,2024
2024-04-14,63939.7,65822.1,62139.3,65615.9,395770.133,1528463,5695785,0.0020927997942312027,0.02587759290797642,5.757700918651289,2024
2024-04-15,65615.9,66874.9,62242.5,63392.7,381553.65499999997,1587333,5541862,0.0012765484564430795,-0.03446933177201039,7.178566372937413,2024
2024-04-16,63392.8,64356.3,61521.0,63765.0,405931.439,1663828,5816515,0.0015977484331565902,0.0058557376208625556,4.505625140619788,2024
2024-04-17,63764.9,64483.3,59625.0,61254.5,444032.99199999997,1736975,6013417,0.001790685472604022,-0.040167134365013624,7.8331326340334195,2024
2024-04-18,61254.5,64100.0,60763.8,63445.0,363302.394,1496352,5247504,0.0012970464418910854,0.035136072735030055,5.3450147009177575,2024
2024-04-19,63445.0,65480.0,59541.0,63787.4,574264.058,2060071,7729583,0.002650608027364941,0.005382289834710008,9.507960162470292,2024
2024-04-20,63787.4,65400.0,63045.1,64897.2,197142.262,966281,3203773,0.0005286688301379182,0.01724880079837554,3.667191517061165,2024
2024-04-21,64897.2,65678.7,64214.2,64912.6,160533.948,831615,2772884,0.0003782481860376424,0.0002372702226232093,2.2550301973837326,2024
2024-04-22,64912.7,67222.0,64470.5,66778.0,246268.411,1154095,3973101,0.0006868250715970196,0.028331935275884845,4.179282006636447,2024
2024-04-23,66777.9,67158.9,65750.0,66386.3,178665.56399999998,891112,2963037,0.00034326580216602744,-0.00588297508728175,2.1201782220429175,2024
2024-04-24,66386.2,67068.2,63575.0,64250.0,280545.061,1156791,4159461,0.0006419946566430918,-0.03270898611786066,5.348970081100236,2024
2024-04-25,64250.0,65270.6,62721.3,64478.8,275211.062,1149761,4225388,0.0006027873371359289,0.0035547638280313265,3.9840602321356275,2024
2024-04-26,64478.8,64783.1,63291.5,63748.8,202149.813,865785,3162787,0.0004561017780678555,-0.011386127271402202,2.329372794124402,2024
2024-04-27,63748.7,63901.4,62332.8,63421.0,167349.109,790547,2753952,0.00046442403526448145,-0.005155323449507421,2.4853498376521963,2024
2024-04-28,63420.9,64350.0,62700.0,63088.3,126056.151,627620,2107056,0.00024289657819780405,-0.005259704495996331,2.5975486403260737,2024
2024-04-29,63088.4,64200.0,61726.2,63842.4,228411.163,989787,3576356,0.0005416068268617473,0.011882214033423821,3.9294734584388626,2024
2024-04-30,63842.4,64700.0,59150.0,60651.2,408747.703,1590966,5955376,0.0011256291091336827,-0.05127812557015332,8.968461108245904,2024
2024-05-01,60651.2,60816.7,56537.7,58307.6,564108.4,1980238,7278617,0.0021901840194649526,-0.039406975783601084,7.295675003673352,2024
2024-05-02,58307.7,59637.3,56951.6,59036.7,299229.302,1155781,4078191,0.0009669892760961394,0.01242683935500466,4.60794329234112,2024
2024-05-03,59036.7,63333.0,58781.3,62853.7,353606.459,1339856,4843487,0.0009227950794165384,0.0626505192085105,7.458274320831222,2024
2024-05-04,62853.7,64547.9,62520.0,63864.2,205205.199,913873,3014542,0.0005818582482631652,0.015949150363720577,3.1921078289951956,2024
2024-05-05,63864.3,64644.3,62833.0,63988.0,185495.653,838565,2839676,0.0003843429936658814,0.0019366117859895837,2.841952111146299,2024
2024-05-06,63987.9,65500.0,62655.3,63142.8,305111.04099999997,1194346,4264001,0.0006423066288269624,-0.013296737734750153,4.440186790997201,2024
2024-05-07,63142.7,64392.2,62203.6,62296.0,238974.64599999998,1023920,3591426,0.0006107329118321113,-0.013501609769914324,3.4579631878724113,2024
2024-05-08,62296.0,62994.9,60843.6,61157.9,241651.579,1001022,3494846,0.0005828413230495768,-0.01843817397075398,3.4747133495604174,2024
2024-05-09,61157.9,63447.2,60550.0,63050.1,242451.302,987687,3421818,0.0004679840201223463,0.03047060414856162,4.67385939519535,2024
2024-05-10,63050.0,63446.5,60117.4,60778.1,307214.96,1140738,4062914,0.0006111307163961602,-0.036700121735446345,5.389771398447134,2024
2024-05-11,60778.0,61491.4,60432.6,60809.2,113294.787,583421,1791738,0.00017482913395363287,0.000511566597468871,1.7368633200429817,2024
2024-05-12,60809.2,61849.4,60557.3,61455.8,104043.897,526946,1640142,0.0001847213796322765,0.010577123922894671,2.111237365064387,2024
2024-05-13,61455.7,63440.0,60750.0,62912.1,261927.073,1037864,3639895,0.000551416111350826,0.02342029680789892,4.332749510593479,2024
2024-05-14,62912.2,63099.6,60950.0,61550.5,244345.27399999998,931608,3486503,0.0006515295634192032,-0.02188053797099343,3.4660574455578845,2024
2024-05-15,61550.5,66440.0,61316.1,66175.4,365031.68,1345337,5236031,0.000995344568487138,0.07245081659934982,8.025683354687525,2024
2024-05-16,66175.4,66800.0,64567.0,65217.7,242455.324,978340,3726304,0.00045117252922754873,-0.014577888190382637,3.39996361884735,2024
2024-05-17,65217.7,67400.6,65061.2,66980.0,227063.919,939948,3410178,0.00047197893363053845,0.026663162882774927,3.532555456792455,2024
2024-05-18,66980.0,67340.5,66503.2,66884.9,96931.548,526844,1720137,0.00016857205043349692,-0.0014208357231613178,1.2511771907972433,2024
2024-05-19,66884.9,67750.0,65835.8,66239.4,148170.34999999998,680965,2317479,0.0002700132395273284,-0.009697779577930277,2.8660696434234234,2024
2024-05-20,66239.4,71674.6,66010.0,71466.5,366028.078,1386234,4894781,0.0008920875689296853,0.07595335637129885,8.23301853067569,2024
2024-05-21,71466.5,72132.8,69165.6,70168.8,263674.327,1226547,3771442,0.0005248190715367802,-0.01832504064364926,4.200523536456018,2024
2024-05-22,70168.7,70715.4,68736.8,69219.1,194160.494,910874,2891356,0.0003981772693649699,-0.013626931692481747,2.837865285266408,2024
2024-05-23,69219.2,70133.3,66156.6,67999.9,300093.622,1166945,3796057,0.0008300856959612835,-0.01777060151334453,5.837305808358488,2024
2024-05-24,67999.9,69273.5,66639.0,68584.1,186681.082,823535,2544055,0.00040287460649152633,0.008554494854623229,3.877244593810868,2024
2024-05-25,68584.0,69622.8,68523.7,69314.4,85113.605,478561,1266856,0.00011834436667894977,0.010591947376425992,1.5912429072131955,2024
2024-05-26,69314.5,69590.3,68155.0,68524.3,84069.824,476086,1314260,0.00014658387290948752,-0.011464249931075088,2.084066678887915,2024
2024-05-27,68524.4,70750.0,68268.7,69461.6,170291.356,780519,2389408,0.0004455436463475672,0.013585655004062502,3.570114731342307,2024
2024-05-28,69461.5,69628.0,67273.0,68440.5,227838.44,994722,3195316,0.0006948695541054808,-0.014809327224320157,3.4407817844781468,2024
2024-05-29,68440.4,68983.0,67129.0,67686.7,158236.599,766686,2408051,0.00040248535074389596,-0.011075048996380232,2.7243956059742604,2024
2024-05-30,67686.8,69568.9,67167.0,68402.5,194573.899,825684,2697789,0.00045643041212313913,0.010519667998057258,3.5135572912112987,2024
2024-05-31,68402.6,69080.0,66700.5,67577.9,195751.752,813780,2633330,0.0004045510001537174,-0.012128367147186125,3.5052804133122457,2024
2024-06-01,67577.9,67936.0,67480.0,67799.2,50943.058000000005,339460,851468,6.327005611210526e-05,0.00326938894570894,0.6734827843078016,2024
2024-06-02,67799.2,68545.9,67296.3,67805.9,102194.718,495126,1495288,0.0002029893414768293,9.881634253439131e-05,1.8398336434595282,2024
2024-06-03,67805.9,70372.9,67642.6,68851.4,227676.93,878576,2934117,0.00052647365236104,0.015301347218239059,3.9570283787291145,2024
2024-06-04,68851.3,71146.4,68595.5,70580.0,216100.016,848929,2752219,0.0004332928362657148,0.024796259219645123,3.6512791013607853,2024
2024-06-05,70580.0,71824.4,70423.6,71133.3,203992.03399999999,832792,2649339,0.00038042172892098226,0.0078087633487466945,1.9695816932532306,2024
2024-06-06,71133.3,71714.8,70101.9,70830.0,158483.56399999998,649354,2042004,0.00023909873875093676,-0.004272941830340216,2.274724411526223,2024
2024-06-07,70830.0,72144.0,68405.0,69377.0,299412.37,1084517,3512756,0.0008918078859628661,-0.02072723928564635,5.321820030665104,2024
2024-06-08,69377.0,69613.6,69192.3,69346.5,65739.857,407352,971096,5.458633770038272e-05,-0.0004397236299755747,0.6070365794510894,2024
2024-06-09,69346.6,69879.0,69160.0,69667.1,68024.09999999999,374440,950681,6.572340373637436e-05,0.004612506523141491,1.034251410223721,2024
2024-06-10,69667.1,70222.7,69201.2,69558.7,127381.60399999999,539521,1604534,0.00016201802284003847,-0.00155718296327656,1.4653417071228452,2024
2024-06-11,69558.8,69600.0,66000.0,67320.7,311984.942,1090301,3601045,0.0006936071633394151,-0.032703233042594704,5.310982531394833,2024
2024-06-12,67320.6,70028.0,66920.0,68270.3,329918.46,1063208,3542192,0.0009894499500281595,0.014007058370038905,4.539728595206261,2024
2024-06-13,68270.3,68607.7,66251.1,66786.9,248355.461,887623,2930055,0.0004932201153431694,-0.02196787221069485,3.495270482873601,2024
2024-06-14,66786.8,67366.5,65052.4,66039.7,239411.231,848205,2742009,0.0005180400906746949,-0.011250877186308017,3.4954762741335155,2024
2024-06-15,66039.7,66482.6,65801.0,66213.7,72423.755,351829,933278,7.639842180813877e-05,0.002631313832313964,1.030522350487593,2024
2024-06-16,66213.7,66960.3,66012.1,66653.6,80361.551,353219,971702,0.00011314880305834019,0.0066216684968871675,1.4261847901664617,2024
2024-06-17,66653.5,67280.6,65094.9,66472.1,248420.787,864744,2862439,0.0005732605988160445,-0.0027267479150410168,3.3025728447862432,2024
2024-06-18,66472.1,66558.9,64009.8,65150.0,335559.394,1116494,3702473,0.000953403963788913,-0.020090007183521053,3.905107329684658,2024
2024-06-19,65149.9,65711.9,64600.0,64933.6,150046.045,624705,1865536,0.000251115722020328,-0.003327094262781216,1.7065624632426204,2024
2024-06-20,64933.6,66467.0,64526.0,64854.0,220954.676,795826,2535825,0.00038806667715834904,-0.0012266196459531642,2.9637340538558448,2024
2024-06-21,64854.0,65055.5,63361.2,64124.0,210109.601,821725,2587691,0.0004427743389620124,-0.011319880834692597,2.638906500946141,2024
2024-06-22,64124.1,64520.0,63915.8,64240.0,53855.862,310409,711228,5.299310416686931e-05,0.0018073608110782402,0.940866109171448,2024
2024-06-23,64240.1,64500.0,63137.9,63194.9,72052.29299999999,397750,952389,0.00011532371292143104,-0.01640246794433864,2.1344000648491512,2024
2024-06-24,63194.9,63357.0,58218.0,60273.6,445903.184,1484164,4744004,0.0010578951026376892,-0.04732940477349423,8.459081262912964,2024
2024-06-25,60273.5,62448.1,60230.5,61777.8,264647.317,870316,2761391,0.0007031114655367981,0.02464987970585497,3.615694323723812,2024
2024-06-26,61777.9,62465.1,60696.0,60860.1,170601.18,657909,2072190,0.0003821093678337328,-0.014966289043705672,2.8730202743239412,2024
2024-06-27,60860.1,62379.7,60605.0,61682.0,160172.482,619147,1943987,0.0003441560199792581,0.013414366568090585,2.8862504011888674,2024
2024-06-28,61682.1,62204.0,60038.0,60429.8,195508.125,686240,2261011,0.00038666353679779603,-0.020509793397351928,3.544161127457383,2024
2024-06-29,60429.8,61232.0,60400.1,60982.4,79680.289,408533,1008124,0.00011185731572166918,0.009102937198358418,1.3679168114808582,2024
2024-06-30,60982.5,63058.4,60705.0,62766.0,147777.915,606844,1720176,0.0003242422426793735,0.02882822763776005,3.80352141381269,2024
2024-07-01,62766.1,63849.0,62502.2,62883.6,193937.938,722797,2206156,0.00033986935924380264,0.0018718728008408902,2.1319164525926024,2024
2024-07-02,62883.7,63284.0,61800.0,62123.6,163105.445,595500,1764166,0.00022133324032225224,-0.01215944943891678,2.3729168123172295,2024
2024-07-03,62123.5,62278.2,59299.3,60208.0,295303.265,916993,2907975,0.0005143370492598399,-0.03132071510052192,4.90139432645084,2024
2024-07-04,60208.0,60500.0,56560.0,57045.9,445656.277,1406918,4614925,0.0011586700027825922,-0.053949026909061004,6.73413434484784,2024
2024-07-05,57045.9,57533.4,53329.5,56604.9,577193.595,1757324,6185480,0.0024107460237133413,-0.007760653041897214,7.587599974651245,2024
2024-07-06,56604.9,58472.0,56000.0,58216.0,178580.022,720431,2224590,0.000410547010276004,0.028064677144662653,4.319631644294125,2024
2024-07-07,58216.0,58443.0,55688.0,55830.9,210361.981,793182,2536176,0.000500459306642623,-0.04183275148705334,4.828723640081136,2024
2024-07-08,55831.0,58200.0,54243.1,56686.4,464106.957,1440725,5117256,0.0020283660808210324,0.015206843498699385,7.040955934611462,2024
2024-07-09,56686.4,58290.6,56256.2,58023.2,257237.048,938817,3222670,0.0007987898750712768,0.02330860751131425,3.55245881325356,2024
2024-07-10,58023.1,59449.6,57125.0,57707.0,254252.275,941763,3097574,0.0006421889432376418,-0.005464447254311722,3.9887045556641207,2024
2024-07-11,57707.0,59780.0,57030.0,57315.5,293113.305,1005887,3492873,0.0009486072365106102,-0.006807390064718533,4.709371168734424,2024
2024-07-12,57315.7,58500.0,56500.1,57870.0,238110.595,840912,2923428,0.0005794927339717161,0.009628022337031084,3.4784346175477348,2024
2024-07-13,57870.0,59850.0,57728.6,59174.0,157884.322,626101,1956364,0.0003371572486737475,0.022283140643205357,3.6088714047991792,2024
2024-07-14,59173.9,61412.4,59164.0,60766.0,208060.883,838999,2645790,0.0005618402046779674,0.026548165800331702,3.7298520351323283,2024
2024-07-15,60766.0,64870.7,60622.6,64680.6,352222.181,1238311,4084789,0.0008177174618417648,0.062430889074443385,6.772829713396722,2024
2024-07-16,64680.6,65388.0,62350.0,65010.0,375258.616,1307428,4373415,0.0010507423305897157,0.005079793112649611,4.757508326291609,2024
2024-07-17,65010.0,66100.0,63823.0,64055.7,276656.393,999853,3334173,0.0006962621759896189,-0.014788086859034877,3.505511990457551,2024
2024-07-18,64055.8,65173.8,63206.4,63959.9,215648.157,810702,2570156,0.000504286395749395,-0.0014966928699848836,3.0651985833724757,2024
2024-07-19,63960.0,67362.8,63266.2,66627.9,311859.805,1087212,3482778,0.0006321702523243082,0.040867084255872044,6.274171547106546,2024
2024-07-20,66627.9,67648.7,66159.1,67095.6,123564.406,557655,1624502,0.00028202360472030265,0.006995059313862129,2.2265690639177294,2024
2024-07-21,67095.6,68351.2,65750.0,68138.0,207228.372,789797,2650858,0.0005304433876713244,0.01541659240948512,3.8799448651457125,2024
2024-07-22,68138.0,68459.7,66538.6,67499.2,192991.391,816700,2661310,0.00039409357940485947,-0.009419314510177301,2.84630205784582,2024
2024-07-23,67499.2,67729.3,65416.5,65916.4,270430.68,981812,3400476,0.0005386914625060333,-0.023728473496939628,3.4744357798653285,2024
2024-07-24,65916.3,67087.3,65040.5,65350.8,215079.421,823125,2666558,0.00045302491838257117,-0.008617590689100396,3.098460353032884,2024
2024-07-25,65350.7,66144.0,63456.7,65773.0,319685.441,1096518,3687826,0.0008161526591141098,0.006439738004232254,4.147639995705731,2024
2024-07-26,65773.0,68200.0,65688.2,67882.5,235384.526,872239,2790292,0.0004371040345937215,0.03156884961270734,3.7525259751424613,2024
2024-07-27,67882.5,69381.7,66624.5,67873.8,330982.647,1064258,3655226,0.0012654873310209641,-0.00012817084749627838,4.055076621254105,2024
2024-07-28,67873.7,68300.0,67037.0,68215.5,116913.935,520839,1542508,0.00027570584505397434,0.00502171321435263,1.8665060807542568,2024
2024-07-29,68215.5,70081.0,66365.8,66750.0,372537.81799999997,1232387,4092661,0.0007273734482980247,-0.021717514473795774,5.4469852380387165,2024
2024-07-30,66750.1,66966.6,65254.5,66159.3,246551.044,873195,2850476,0.0005203169975085015,-0.00888882703202043,2.5898978290092063,2024
2024-07-31,66159.3,66826.3,64500.4,64601.8,246389.446,870596,2854932,0.0005329449588866841,-0.02382319607088057,3.542529030010672,2024
2024-08-01,64601.8,65650.0,62271.2,65328.9,372654.58999999997,1297534,4147748,0.0008013861475052025,0.01119223693969218,5.28385611331519,2024
2024-08-02,65329.0,65577.0,61200.2,61483.7,421628.42,1454825,5071376,0.0011926285299891015,-0.06066241208456624,6.90745672291783,2024
2024-08-03,61483.7,62166.0,59800.0,60684.6,290469.956,1035950,3316200,0.0008185327561739984,-0.013082139910665092,3.880256554108369,2024
2024-08-04,60684.5,61089.5,57040.0,58144.5,339512.415,1181482,3601227,0.001000230857486167,-0.042758667605562906,6.858722587653576,2024
2024-08-05,58144.5,58286.9,48888.0,54003.1,1281982.025,4069013,13868038,0.013011829587627234,-0.07388983919241632,17.58454006865701,2024
2024-08-06,54003.5,56999.9,53925.3,55991.2,435953.439,1690535,6034201,0.002162601596033576,0.03615308320583388,5.544975790496455,2024
2024-08-07,55991.3,57699.0,54519.8,55102.9,377442.54,1406967,4841518,0.0013876103404214055,-0.015992189176950333,5.667590389831294,2024
2024-08-08,55102.9,62737.2,54672.4,61659.8,470117.508,1692995,5735604,0.0028780059024010635,0.11242983250601846,13.75955614350182,2024
2024-08-09,61659.8,61726.0,59500.0,60808.6,308674.339,1156349,3963122,0.0014134736776207596,-0.013900952521035848,3.672892343947502,2024
2024-08-10,60808.6,61450.0,60208.5,60889.9,115593.35399999999,535473,1747151,0.00029058620398277204,0.001336088975531169,2.0410297651198306,2024
2024-08-11,60889.8,62000.0,58255.4,58693.1,202539.076,875063,2943796,0.0006406464538905837,-0.03674514223684078,6.229759303335822,2024
2024-08-12,58693.1,60666.0,57615.0,59323.6,367126.29,1449048,4993056,0.0018124637183739608,0.010685030146815322,5.160045887133923,2024
2024-08-13,59323.7,61545.0,58360.0,60550.5,255934.721,1080094,3666636,0.0008693461421918298,0.020470524380010957,5.313789090767425,2024
2024-08-14,60550.4,61839.7,58367.2,58648.1,295662.808,1189958,3825424,0.0008030130560623923,-0.03192254859550836,5.779146482083585,2024
2024-08-15,58648.1,59820.0,55969.0,57511.0,360832.434,1401391,4554641,0.0011379457440185779,-0.01957894515302705,6.654208717245661,2024
2024-08-16,57511.1,59780.2,57062.1,58854.9,268756.529,1187721,3532377,0.0009073421209258831,0.023098858917226295,4.653435397772483,2024
2024-08-17,58854.9,59690.2,58769.4,59468.5,77085.53199999999,455599,1178380,0.00013305121464767428,0.010371667826975184,1.5546541537954681,2024
2024-08-18,59468.5,60250.0,58352.0,58390.0,149669.937,658863,1988859,0.00031270442222944376,-0.018302118303543224,3.2008938304440036,2024
2024-08-19,58390.1,59585.4,57750.0,59398.5,214043.139,878411,2885338,0.0006086388827405345,0.017124331229050327,3.1287228217268073,2024
2024-08-20,59398.4,61386.0,58501.1,58982.9,287049.13,1116514,3787132,0.0007126629298576709,-0.007021402136230037,4.813623864502574,2024
2024-08-21,58982.7,61793.9,58728.9,61120.0,270583.679,1070952,3668348,0.0008074059321804961,0.03559157346999875,5.087271451164561,2024
2024-08-22,61120.0,61392.0,59677.6,60349.9,211099.468,885098,2896464,0.0004707184942677838,-0.012679854316925088,2.8322792894926767,2024
2024-08-23,60349.9,65000.0,60301.5,64019.9,382490.709,1398909,4642357,0.0010742976237966813,0.059034681987286675,7.503029084999991,2024
2024-08-24,64020.0,64472.5,63522.7,64116.5,132741.902,619807,1917096,0.0002512732336555155,0.0015077685700628507,1.4841453964023894,2024
2024-08-25,64116.6,65175.4,63731.3,64190.2,115546.88799999999,566875,1638346,0.00019413832512575095,0.001148809970260345,2.2406289448760237,2024
2024-08-26,64190.1,64455.8,62750.2,62807.6,195977.22199999998,806054,2669531,0.0003965822658817539,-0.021774465808737986,2.681795232037568,2024
2024-08-27,62807.7,63196.0,57928.2,59384.5,339269.805,1224825,4148335,0.0014413016655325879,-0.05604283570404078,8.703669536824226,2024
2024-08-28,59384.4,60197.8,57820.0,59010.0,313789.86199999996,1241447,4006220,0.0013299488558121714,-0.006326328487093136,4.030107020829781,2024
2024-08-29,59010.0,61144.9,58655.0,59323.2,233896.685,1012256,3220101,0.0007239964457186023,0.005293539452365437,4.157363422561092,2024
2024-08-30,59323.3,59914.9,57525.0,59096.3,268276.469,1034661,3445930,0.0006435176159443235,-0.0038321438221728954,4.070558618053016,2024
2024-08-31,59096.4,59436.0,58700.0,58941.9,68866.674,394603,1100926,0.00010061026390463458,-0.0026161037369174522,1.2460376560050124,2024
2024-09-01,58941.9,59052.7,57123.0,57268.1,222909.914,874943,2973388,0.0006024172515980663,-0.028808463289921704,3.3223427900253677,2024
2024-09-02,57268.1,59412.3,57093.0,59112.1,201218.417,826709,2791500,0.0005169565348038074,0.03169189151636864,3.9819758436490216,2024
2024-09-03,59112.2,59790.0,57320.0,57451.9,230196.497,903945,2903076,0.0004075031429289214,-0.028487565204182275,4.2188819932842,2024
2024-09-04,57452.0,58500.0,55555.0,57944.8,326983.311,1214619,3905351,0.0015400813240932826,0.008542757246898347,5.165323320183872,2024
2024-09-05,57944.8,58318.9,55600.0,56145.7,294712.536,1088445,3624082,0.0009697466571859955,-0.03154073556721748,4.774302481193988,2024
2024-09-06,56145.7,57000.0,52510.8,53927.7,479063.11299999995,1727619,5836491,0.001473386745975501,-0.04030583710148683,8.20324051075401,2024
2024-09-07,53927.7,54820.2,53725.0,54134.9,127686.594,603086,1789526,0.00025334493909553524,0.00383481896457738,2.0180296642949362,2024
2024-09-08,54134.9,55300.0,53596.5,54839.6,162078.536,651075,2060226,0.0004595447891692935,0.012933481194098206,3.1289141091035764,2024
2024-09-09,54839.6,58153.2,54557.0,57010.0,313094.361,1193420,3837831,0.0007952272913800021,0.0388141303220042,6.383488085894197,2024
2024-09-10,57010.1,58033.2,56361.0,57609.1,228317.676,959745,3066469,0.0005677567977071306,0.010453850290973676,2.923783061996767,2024
2024-09-11,57609.2,57954.4,55515.2,57306.0,338231.445,1270816,4339590,0.0009397697640466141,-0.005275211053810125,4.299963729748025,2024
2024-09-12,57305.6,58606.6,57283.1,58097.0,261449.688,1025691,3433611,0.0006240546673300882,0.01370869713219669,2.2841676927578,2024
2024-09-13,58097.1,60597.0,57594.0,60456.2,277429.49199999997,1061979,3289248,0.0004818233803465792,0.039805108491176355,5.082699128990834,2024
2024-09-14,60456.2,60572.9,59360.1,59964.0,102580.57699999999,551952,1497202,0.00015994665713476864,-0.008174753753959152,2.0225314840593245,2024
2024-09-15,59963.9,60369.4,58654.0,59100.5,130524.20599999999,585329,1736437,0.000270347657537856,-0.014504997536917585,2.88265800802553,2024
2024-09-16,59100.5,59182.2,57446.3,58187.0,250699.432,987634,3119099,0.0005528400375320658,-0.015577422523632478,2.977022261095803,2024
2024-09-17,58187.0,61345.0,57588.8,60281.0,318442.066,1144575,3715666,0.000737047344124867,0.03535500078134213,6.318556389251693,2024
2024-09-18,60281.0,61765.0,59138.0,61735.3,355729.312,1252633,4185877,0.0009074575487963277,0.02383892761707429,4.346316519513273,2024
2024-09-19,61735.3,63830.1,61534.0,62926.9,302382.412,1191356,3599751,0.0006037920736998869,0.01911784475379541,3.6634998350044543,2024
2024-09-20,62926.9,64126.7,62320.0,63175.7,257172.835,1004661,3091262,0.00048089312908550046,0.00394599830355169,2.8578412298285416,2024
2024-09-21,63175.8,63546.9,62714.2,63320.6,78248.362,411756,1073883,0.00010923483466874984,0.0022909771017260994,1.319031868152427,2024
2024-09-22,63320.6,64000.0,62339.0,63558.4,149129.884,639609,1916442,0.00028008385803623016,0.003748457639838776,2.629585021426682,2024
2024-09-23,63558.5,64724.8,62534.4,63302.0,234343.56399999998,898830,3034337,0.0005080774697608622,-0.004042244059226263,3.442763030885749,2024
2024-09-24,63302.1,64666.0,62688.2,64243.1,236987.628,883718,2854709,0.0004450767379443989,0.014757400784558783,3.1062328903419028,2024
2024-09-25,64243.2,64800.0,62910.0,63118.4,184950.772,742789,2269562,0.0003700300010472847,-0.01766199733829943,2.960046977629068,2024
2024-09-26,63118.3,65800.0,62634.4,65139.2,321186.35599999997,1154648,3601296,0.0005218826810830842,0.03151419085838647,4.930519038969134,2024
2024-09-27,65139.1,66450.0,64788.0,65749.6,226404.021,919852,2828264,0.000292319784612123,0.009327068856912035,2.5329384135104025,2024
2024-09-28,65749.5,66237.0,65368.1,65822.6,92773.553,470946,1280637,0.00011232777398804504,0.0011096570170696651,1.3204847314565114,2024
2024-09-29,65822.7,66059.3,65400.0,65568.1,88131.799,454054,1294673,0.00010484877450985117,-0.00387394721671086,1.0030565015857886,2024
2024-09-30,65568.2,65588.8,62825.0,63309.1,296848.373,1123190,3646635,0.00046812087943083163,-0.03506021849825025,4.305186623675347,2024
2024-10-01,63309.0,64092.6,60128.2,60776.8,429817.83499999996,1482111,5090159,0.0007628370317889809,-0.040820941486305884,6.384996318171359,2024
2024-10-02,60776.7,62355.0,59934.9,60622.6,327001.805,1227904,4403020,0.001051138359539237,-0.0025403763598106366,3.958488818921946,2024
2024-10-03,60622.7,61452.6,59815.0,60727.2,286137.212,1118095,4070646,0.0006385546404068433,0.0017239422875974242,2.700968031590513,2024
2024-10-04,60727.1,62457.1,60434.1,62054.4,234795.83599999998,903227,3191780,0.0004182026979562637,0.021619716559817093,3.2926405894251976,2024
2024-10-05,62054.3,62344.0,61648.0,62023.1,74330.78099999999,409891,1165143,8.859959716604309e-05,-0.0005045233932658988,1.1226648657458067,2024
2024-10-06,62023.1,62961.5,61778.9,62789.3,96413.453,491562,1460205,0.00015314810183741185,0.012277780492539137,1.896154625891822,2024
2024-10-07,62789.2,64448.2,62091.8,62190.7,298949.375,1075835,3730708,0.0006389714919636065,-0.009579205910496214,3.724786523619631,2024
2024-10-08,62190.6,63178.7,61836.0,62131.7,226276.359,846756,3007788,0.00044603807106383483,-0.0009491451971523901,2.1481499896472744,2024
2024-10-09,62131.8,62520.9,60251.9,60606.4,217302.17299999998,827964,2924602,0.000353417997123987,-0.02485582762428784,3.6966793699889506,2024
2024-10-10,60606.3,61297.0,58900.0,60293.2,262947.653,973741,3293428,0.000502615634417994,-0.005181170171642435,3.9889811445932004,2024
2024-10-11,60293.3,63400.0,60057.8,62509.0,263694.038,933006,2988048,0.0004068769613014712,0.036091218487070975,5.415642959552222,2024
2024-10-12,62509.0,63462.6,62458.0,63176.0,102784.406,511664,1502904,0.00016279767805366943,0.01061393581992931,1.595642515682234,2024
2024-10-13,63176.0,63260.0,62020.0,62839.8,129696.156,539726,1736972,0.0002195418965610623,-0.0053358514991117545,1.9796304205199793,2024
2024-10-14,62839.7,66533.0,62420.0,66064.9,338251.68799999997,1195014,4101907,0.0005525090161615964,0.05004896150807703,6.381232833403034,2024
2024-10-15,66064.9,67953.7,64771.7,67044.1,422005.511,1476012,5023772,0.001028231991332297,0.014713019617436984,4.795781134795661,2024
2024-10-16,67044.0,68400.0,66724.2,67592.0,254153.501,1104770,3762374,0.0005349444435857724,0.008139021028862103,2.480511891897119,2024
2024-10-17,67592.0,67925.9,66600.0,67401.5,220272.837,886328,3150922,0.00035137388458827403,-0.002822359987048273,1.9712827586275314,2024
2024-10-18,67401.5,69000.0,67165.0,68407.8,245301.761,969636,3341893,0.00037618778580556466,0.014819580351222328,2.6954226082282915,2024
2024-10-19,68407.8,68684.9,68000.0,68357.1,68632.108,396923,1101059,5.718942541012727e-05,-0.0007414183364673477,1.0021673678039162,2024
2024-10-20,68357.1,69425.8,68069.8,69020.1,105939.492,475421,1491959,0.00013335380651477774,0.009652331645961354,1.9724907049333607,2024
2024-10-21,69020.2,69566.0,66865.9,67368.8,253437.872,966979,3394848,0.00044050817343936524,-0.024215763792810208,3.9586821044637706,2024
2024-10-22,67368.7,67825.0,66536.5,67406.4,218518.977,854226,3051273,0.0004307947312928544,0.0005579661684862458,1.9180189277975948,2024
2024-10-23,67406.5,67449.0,65222.3,66647.2,248215.058,916898,3273578,0.00038865118065150114,-0.011326933660262384,3.3570321751550116,2024
2024-10-24,66647.3,68842.5,66482.0,68173.8,212340.722,879260,2955244,0.000329416929313367,0.02264729157693779,3.4890052448687,2024
2024-10-25,68173.8,68748.0,65557.2,66662.8,348511.871,1147980,4106320,0.0010081794530180177,-0.02241325061870114,4.752460121974952,2024
2024-10-26,66662.7,67450.0,66414.1,67071.8,94169.992,482518,1522633,0.0001341508681502878,0.006116611185985832,1.5477199316728385,2024
2024-10-27,67071.9,68306.1,66909.4,67992.6,88468.80799999999,445975,1363490,0.00011840850263502923,0.013635188341137194,2.0659608963068496,2024
2024-10-28,67992.7,70331.0,67584.2,69940.0,264562.315,1003978,3458400,0.00044642042534198304,0.028238855910244,3.983844098252639,2024
2024-10-29,69939.9,73660.0,69733.0,72739.5,382502.06,1384066,4796294,0.0006451512396124336,0.03924683410290264,5.478624762040854,2024
2024-10-30,72739.5,72984.9,71444.2,72349.0,227108.808,890816,3249471,0.0005491951166888296,-0.005382934456228838,2.133584500340309,2024
2024-10-31,72349.0,72720.3,69705.0,70321.9,256485.32799999998,1006994,3578458,0.0004614535482804016,-0.028418358929839016,4.2348524068203774,2024
2024-11-01,70321.9,71650.0,68822.5,69495.5,352591.088,1293857,4618190,0.0009101722838998342,-0.011821270079012791,4.026242791541335,2024
2024-11-02,69495.4,69913.1,69022.8,69366.6,79314.105,460965,1401664,0.00015173232745047306,-0.0018565186184407168,1.2816157468827845,2024
2024-11-03,69366.6,69393.7,67446.6,68762.5,226477.376,928315,3241078,0.00041676511167456975,-0.008746945453033561,2.845991162035585,2024
2024-11-04,68762.5,69495.3,66810.0,67834.3,244912.166,967581,3684843,0.0005547130914286499,-0.013590571474326296,3.940635444734582,2024
2024-11-05,67834.4,70537.4,67454.2,69353.1,273070.87,1053273,3919866,0.0006658897189091839,0.022142879827617534,4.46942165465299,2024
2024-11-06,69353.1,76420.0,69272.7,75579.9,677440.286,2473282,9334179,0.001754956253868731,0.08597952826425015,9.819355283134309,2024
2024-11-07,75579.9,76900.0,74450.0,75859.4,280675.033,1261532,4431074,0.0005559849636665576,0.0036912521037386625,3.237811738158025,2024
2024-11-08,75859.4,77182.9,75576.3,76482.2,230370.324,1031105,3534735,0.00038923767454184346,0.008176407096939897,2.1035187931648545,2024
2024-11-09,76482.2,76920.0,75683.2,76675.1,117754.03399999999,600496,1816643,0.0001351226038203228,0.002518980185731934,1.6209713572772466,2024
2024-11-10,76675.1,81699.8,76501.1,80410.0,417426.899,1709920,5763782,0.0010699312862525224,0.047561532354528424,6.574643406846527,2024
2024-11-11,80409.9,89800.0,80261.2,88728.9,614141.662,2424460,8091453,0.0014051320872482936,0.09844710705042026,11.229865917323014,2024
2024-11-12,88729.0,90070.1,85159.9,87972.0,639481.5839999999,2632853,9027355,0.0027480940909529812,-0.00856707158102843,5.605759027824718,2024
2024-11-13,87972.0,93421.1,86180.0,90413.3,555288.297,2442500,8571385,0.002577202407809731,0.02737279844082785,8.067909759750886,2024
2024-11-14,90413.3,91846.1,86714.0,87382.7,364621.68,1809715,6465556,0.0018278095496864401,-0.034094057905026176,5.749900312034135,2024
2024-11-15,87382.6,91921.5,87111.0,91074.6,314431.908,1554618,5422261,0.0012492910465149876,0.04138162833510428,5.3751784442042485,2024
2024-11-16,91074.6,91849.8,90120.0,90643.3,129023.44699999999,789707,2572935,0.0003504862308626816,-0.0047469270763613736,1.9012518631464914,2024
2024-11-17,90643.2,91539.6,88736.1,89899.9,167504.792,905902,3269289,0.00045471846358253163,-0.008235194694091064,3.1104869170423193,2024
2024-11-18,89900.0,92700.0,89422.1,90507.4,333557.11,1516441,5685709,0.0011266804267481838,0.00673478618896084,3.6000617362692804,2024
2024-11-19,90507.4,93985.9,90405.6,92335.9,303532.03099999996,1406338,5066640,0.00082351353582642,0.020001399647947338,3.8838558636723204,2024
2024-11-20,92335.9,94849.0,91500.0,94288.0,290044.22699999996,1413252,4993020,0.0006506002453496153,0.02092091312874622,3.5947181081397677,2024
2024-11-21,94288.0,99100.0,94008.7,98366.8,418383.136,2006420,6905515,0.0010085147642756333,0.04234942065702896,5.27421101572314,2024
2024-11-22,98366.8,99660.0,97199.9,98921.4,265774.067,1318389,4555503,0.0005013782927533205,0.005622246651267204,2.499471019397881,2024
2024-11-23,98921.5,98937.3,97173.5,97725.5,120358.42199999999,715799,2258791,0.0002207151638973365,-0.01216306733986805,1.7988275610780098,2024
2024-11-24,97725.6,98666.0,95822.1,97960.4,173118.84,969387,3273568,0.0003668508532518207,0.002400787310950392,2.924706156887112,2024
2024-11-25,97960.5,98999.0,92666.0,93064.0,329375.021,1523809,5330405,0.001056816203056898,-0.05127588686046991,6.610811832142908,2024
2024-11-26,93064.0,95064.0,90866.4,92021.4,344929.233,1680970,6021621,0.001207294313478631,-0.011266269818982266,4.516005310057026,2024
2024-11-27,92021.5,97250.0,91864.0,95905.2,237005.987,1165165,4071168,0.0006106600760678544,0.04133904487300022,5.697576002466748,2024
2024-11-28,95905.2,96627.6,94700.1,95694.4,154007.02599999998,832846,2817181,0.0004314154192936569,-0.0022004230181629225,2.0149358537948814,2024
2024-11-29,95694.4,98713.3,95404.5,97516.3,190520.949,926130,3084809,0.00042477092301309124,0.01885976296772718,3.4093941981179947,2024
2024-11-30,97516.2,97522.1,96150.0,96475.1,93074.218,516881,1665673,0.00013653669637930417,-0.010734599556940339,1.4169546950671748,2024
2024-12-01,96475.2,97933.0,95736.5,97265.1,113222.99,554960,1872343,0.00020778157558570278,0.008155296407199586,2.268394543658108,2024
2024-12-02,97265.0,98266.0,94400.0,95890.5,257613.911,1171691,4234044,0.0007285459998365016,-0.014233324908250466,4.013701421208812,2024
2024-12-03,95890.6,96375.0,93605.0,95913.3,206604.465,1031426,3444560,0.0005719040325532217,0.00023774294468914547,2.9163031023261916,2024
2024-12-04,95913.3,99099.9,94650.8,98669.8,275949.205,1189234,4179149,0.0006400581563579087,0.028334263503726476,4.593410244179776,2024
2024-12-05,98669.8,104630.4,90200.0,97001.5,580277.391,2707003,9642120,0.004165870227547251,-0.017052479607128745,14.840471331238714,2024
2024-12-06,97001.6,101988.8,96429.5,99802.5,282369.608,1364816,4877066,0.0008839585373217093,0.028466790802525566,5.605083193332897,2024
2024-12-07,99802.5,100499.0,98876.9,99899.2,95858.658,600641,1929665,0.00025516107760793424,0.000968444510565547,1.627213511563272,2024
2024-12-08,99899.2,101457.9,98709.4,101200.0,109755.67599999999,621665,2103094,0.0003042330208654388,0.012937079238930949,2.746375411258122,2024
2024-12-09,101200.1,101300.0,94039.7,97349.1,326973.58999999997,1587953,5773645,0.0015897791034970177,-0.03879527007018879,7.436937771971626,2024
2024-12-10,97349.1,98320.6,94265.5,96602.4,291490.744,1447016,5651800,0.0012712527244902177,-0.007699901152832922,4.2118298721436975,2024
2024-12-11,96602.3,101880.0,95650.0,101115.3,221807.705,1183359,4229343,0.0006201756505049026,0.04565786425762042,6.309995422499439,2024
2024-12-12,101115.3,102538.4,99280.2,99982.4,215219.07499999998,1122883,4129177,0.0006422838682915387,-0.011267279389690188,3.229120716819983,2024
2024-12-13,99982.3,101869.5,99149.6,101371.9,152437.318,844124,3042727,0.00041297391327715905,0.013801761938296409,2.7062761707385876,2024
2024-12-14,101371.9,102638.0,100559.8,101381.0,107680.54899999998,648931,2229858,0.0002467249063999007,8.97644374617812e-05,2.045565911922088,2024
2024-12-15,101381.0,105374.6,101200.1,104460.4,157733.916,893251,3101360,0.00035807834263009927,0.029922355343714457,4.042187535286001,2024
2024-12-16,104460.5,107777.0,103264.6,106023.2,274395.756,1460296,5278040,0.0007871846814217506,0.014849885870757973,4.276965143748297,2024
2024-12-17,106023.2,108366.8,105252.0,106074.6,197773.91199999998,1162868,4179052,0.000581648959357608,0.00048468207596918944,2.9164294274397196,2024
2024-12-18,106074.6,106484.6,99951.1,100181.1,328581.935,1645457,6216898,0.001274749952802369,-0.057163072059710274,6.331930736618855,2024
2024-12-19,100181.2,102756.7,95681.2,97434.4,372968.463,1943040,7425449,0.0019932262351391858,-0.02780021705908098,7.134222613343042,2024
2024-12-20,97434.3,98243.0,92272.6,97764.4,396188.795,2002351,7747092,0.0019495734947419336,0.003381171548070938,6.269676202563593,2024
2024-12-21,97764.5,99485.0,96375.0,97261.8,161258.47999999998,951716,3335893,0.0005597121323291017,-0.005154190694982574,3.176004714771773,2024
2024-12-22,97261.7,97437.9,94200.0,95153.5,148114.735,858302,3134938,0.0006337490923170527,-0.02191493480790463,3.3795070422889752,2024
2024-12-23,95153.4,96499.0,92464.4,94861.1,247211.85499999998,1385495,5207668,0.001067775804512882,-0.0030776606723996736,4.270894002292174,2024
2024-12-24,94861.0,99450.0,93525.6,98627.2,211625.489,1141858,3920497,0.0006264042307736383,0.03893336921614399,6.141980968939718,2024
2024-12-25,98626.9,99580.7,97570.0,99379.7,124696.89199999999,786826,2722825,0.00044889802069555463,0.007600781818966951,2.0398301593471797,2024
2024-12-26,99379.6,99950.0,95153.0,95751.0,194857.65099999998,1043382,3878316,0.0006793954165268766,-0.03719679558312983,4.918393853680717,2024
2024-12-27,95750.9,97564.5,93440.0,94258.9,206008.243,1104072,4086656,0.0008145838677525969,-0.01570582029230927,4.319417866531088,2024
2024-12-28,94258.9,95700.0,94100.0,95259.1,67991.349,490953,1613529,0.000181465936331102,0.010555295922944907,1.6860251867574647,2024
2024-12-29,95259.1,95300.0,92961.8,93700.0,95047.934,545679,1990464,0.0002488488826296296,-0.016502358256706984,2.4841154577065487,2024
2024-12-30,93699.9,95031.6,91510.0,92759.3,222343.593,1156332,4401173,0.000651474273044442,-0.010090223241707719,3.7761211942582613,2024
2024-12-31,92759.3,96254.3,92000.0,93548.9,178648.11599999998,966719,3535447,0.0006996664377591813,0.008476328230340613,4.5205070445616125,2024
2025-01-01,93548.8,95161.2,92796.5,94580.9,91236.65999999999,555668,1804360,0.00026651590682139547,0.010971258691304442,2.516337213206095,2025
2025-01-02,94580.9,97822.4,94357.4,96967.5,181645.495,1008062,3485887,0.0006264190104350806,0.024920317890366306,3.6063889558654227,2025
2025-01-03,96967.6,98949.0,96061.5,98145.7,125220.674,772428,2447503,0.00031168817069418905,0.012077238453940708,2.9615954528072135,2025
2025-01-04,98145.7,98760.9,97438.2,98173.2,71914.63399999999,485167,1425236,0.00010370646492348677,0.00028015642080170267,1.3483446552114016,2025
2025-01-05,98173.2,98852.6,97227.0,98340.2,74949.289,461699,1416760,0.00016375490918246806,0.0016996300527249986,1.658140107815744,2025
2025-01-06,98340.2,102444.0,97872.6,102180.4,207493.329,1117688,3872847,0.0006087401082293573,0.03830698281324452,4.564967487864577,2025
2025-01-07,102180.5,102762.1,96153.0,96920.3,258711.30899999998,1276716,4469033,0.0005060730387424981,-0.05285088727549869,6.647593520408386,2025
2025-01-08,96920.2,97242.2,92500.0,95014.1,262012.11299999998,1331635,5034341,0.0010020934571845898,-0.019863689640036597,4.999612910800357,2025
2025-01-09,95014.0,95358.7,91055.8,92505.9,257760.90199999997,1336719,4976061,0.0009333475773087373,-0.02675287537179294,4.617306526596003,2025
2025-01-10,92506.0,95882.5,92173.6,94675.5,261942.954,1349873,4889944,0.0012022262195124178,0.023182828731092897,3.9449727981020746,2025
2025-01-11,94675.6,94988.0,93802.1,94562.5,64661.763,454069,1369972,0.0001279062214344342,-0.0011942634505821559,1.256332401128415,2025
2025-01-12,94562.4,95444.0,93661.1,94499.9,77298.133,495842,1571748,0.00014849248558715947,-0.0006622152504967005,1.88567397651929,2025
2025-01-13,94499.9,95934.5,88909.0,94485.3,361150.49,1751971,6407451,0.0014277653324417845,-0.0001545094539565639,7.605229219324581,2025
2025-01-14,94485.4,97353.9,94305.4,96514.9,212859.661,1136379,4065158,0.0006699600628784373,0.021253133726803597,3.1814340598254747,2025
2025-01-15,96514.9,100658.9,96450.2,100460.0,222417.566,1184890,4026826,0.0006647850386136104,0.040062237750973395,4.27107604496266,2025
2025-01-16,100460.0,100850.0,97293.6,99937.4,216802.52,1083697,3912749,0.0006143958791224428,-0.005215648353617652,3.5901053322262184,2025
2025-01-17,99937.4,105784.0,99902.0,104042.5,249449.96899999998,1330692,4489396,0.0005520897666207504,0.04025547954300457,5.720957378039173,2025
2025-01-18,104042.6,104962.1,102242.8,104524.3,167940.092,954853,3308318,0.0005883172839757533,0.004620110746468953,2.6248955821889153,2025
2025-01-19,104524.3,106450.0,99600.0,101311.5,280949.178,1437805,5347056,0.0021719819067112537,-0.031219651260911974,6.651322674893589,2025
2025-01-20,101311.5,110000.0,99501.0,102247.6,530508.1799999999,2821157,10954393,0.005636423644715539,0.009197393767959028,10.031267142711632,2025
2025-01-21,102247.7,107241.6,100097.2,106114.5,273296.828,1680509,6773872,0.0017702116234218704,0.03712137704250296,6.89425191605236,2025
2025-01-22,106115.4,106390.0,103211.6,103664.9,151243.528,998005,3771385,0.0005069392795628066,-0.023355118242037065,3.0330337696792147,2025
2025-01-23,103664.9,106840.2,101211.0,103864.1,418154.019,2030917,8556453,0.0024607476699410815,0.001919732289726639,5.412681359948141,2025
2025-01-24,103864.0,107076.5,102680.0,104808.1,165746.94999999998,1029758,3964568,0.0006430814478825039,0.009047745121559814,4.192617627265753,2025
2025-01-25,104808.0,105274.7,104040.6,104702.0,65630.163,504311,1653111,0.00015667932699247523,-0.0010128390857548908,1.1791916788010892,2025
2025-01-26,104702.0,105496.9,102450.3,102560.1,75787.087,467784,1627122,0.0001890794641703436,-0.020669251679912293,2.9303765659842154,2025
2025-01-27,102560.0,103216.5,97680.0,102021.3,325689.87399999995,1904176,7400145,0.0014419690556963713,-0.005267353197801583,5.513189418590339,2025
2025-01-28,102021.3,103797.0,100235.0,101279.6,169917.261,1054503,3946858,0.0006759706848138943,-0.007296606072095813,3.4919639523581534,2025
2025-01-29,101279.7,104755.0,101269.7,103698.2,169989.952,1019004,3968545,0.0006457287451795456,0.023599748381068153,3.383703539797176,2025
2025-01-30,103698.1,106450.0,103224.5,104676.9,136967.4,823741,3003472,0.0003836274028895555,0.009393705839480404,3.076916336690782,2025
2025-01-31,104676.9,106000.0,101509.0,102379.7,172237.81699999998,960223,3554639,0.00048019071297620354,-0.022190012396210435,4.329162961043394,2025
2025-02-01,102379.8,102734.9,100215.0,100603.6,90863.091,612925,2078447,0.0002270011601665204,-0.017500408451695648,2.4834005893845332,2025
2025-02-02,100603.6,101426.0,96029.6,97664.5,232934.69299999997,1378839,4938568,0.0008990524409330475,-0.029649906511091118,5.467299126978543,2025
2025-02-03,97664.5,102456.0,91130.3,101293.7,455088.034,2538285,9447064,0.0026437012808015726,0.036486082007758824,11.714308762071486,2025
2025-02-04,101293.6,101729.3,96100.0,97709.9,262746.203,1491497,5493800,0.0013982682394145212,-0.03602133329127177,5.692604784633393,2025
2025-02-05,97710.0,99124.2,96106.1,96553.2,151379.666,954596,3469799,0.0007335127723704796,-0.011908732744746686,3.0920819796472108,2025
2025-02-06,96553.2,99093.0,95613.5,96515.1,161521.01299999998,1000482,3536819,0.0005852776981411182,-0.00039467898660205947,3.574477964282389,2025
2025-02-07,96515.0,100112.4,95555.0,96454.5,223373.629,1189318,4285021,0.0008422541607562751,-0.0006280782257110928,4.659155683209302,2025
2025-02-08,96454.5,96850.0,95600.0,96411.9,69050.432,486204,1556064,0.00015013626414506448,-0.0004417565806473789,1.2990569795649363,2025
2025-02-09,96412.0,97301.7,94650.1,96423.6,101177.286,607065,2020676,0.0003030894279833709,0.00012134695130683326,2.7629526597416727,2025
2025-02-10,96423.6,98328.0,95200.1,97379.2,132932.54499999998,795055,2797120,0.00043125040108649094,0.009861650548913303,3.2327836695743635,2025
2025-02-11,97379.2,98482.2,94814.3,95731.4,154832.90399999998,825869,2870437,0.0003081316110374171,-0.017066282165574265,3.7955579420967793,2025
2025-02-12,95731.4,98090.9,94003.9,97816.3,202448.079,1062551,3777676,0.0009545993888014069,0.02154487650412662,4.2558329010307645,2025
2025-02-13,97816.3,98053.8,95160.1,96560.6,142240.52599999998,829721,2882655,0.0003885711287644939,-0.012920439297015918,2.9955571332328557,2025
2025-02-14,96560.6,98792.8,96225.7,97445.1,144452.957,774703,2698910,0.000508476840325174,0.00911835197030264,2.6328253844286564,2025
2025-02-15,97445.2,97941.2,97170.0,97538.0,47418.593,360572,1122506,9.044925948870417e-05,0.0009529031698605195,0.7905276747191813,2025
2025-02-16,97538.0,97665.8,96002.0,96067.0,56684.873,369751,1178659,9.023748368383339e-05,-0.015196180959318184,1.7182422005290785,2025
2025-02-17,96067.0,97000.0,95150.6,95743.2,105576.98599999999,624233,2123453,0.0002440796934216454,-0.003376257441846775,1.9250078948210612,2025
2025-02-18,95743.1,96737.3,93321.6,95622.0,179173.362,932950,3299676,0.00043975268693800985,-0.001266688156523088,3.594746483114281,2025
2025-02-19,95622.0,96878.7,95012.5,96598.0,124996.87299999999,691931,2363817,0.00031377455428996967,0.010155117964842475,1.9451218600384255,2025
2025-02-20,96597.9,98662.1,96366.0,98252.9,129180.17199999999,714707,2405719,0.00022947943417442077,0.01698672978281124,2.3547438492224475,2025
2025-02-21,98252.8,99431.5,94830.4,96127.9,250618.273,1147677,4068903,0.0005959791752991355,-0.021865170431759395,4.737893190714466,2025
2025-02-22,96128.0,96988.0,95701.9,96503.3,65792.15,405673,1273107,8.998695342420363e-05,0.0038976082299857495,1.334910753896251,2025
2025-02-23,96503.3,96602.9,95180.2,96218.4,69298.691,394150,1246308,8.899945989380981e-05,-0.002956597077931278,1.4836824499255055,2025
2025-02-24,96218.4,96470.0,91300.0,91514.5,217488.75,1094672,3909950,0.0006412455913176968,-0.05012317790170506,5.508129158153951,2025
2025-02-25,91514.5,92500.0,86020.4,88639.1,472296.502,2293788,8369213,0.00193460583189482,-0.03192436015397071,7.262416709222441,2025
2025-02-26,88639.1,89367.1,82222.0,84208.5,401141.821,1811690,6847973,0.0022798684429560217,-0.05127720324589902,8.332969934337072,2025
2025-02-27,84208.6,87066.0,82667.0,84668.1,269408.52999999997,1326894,5083388,0.001031359967372871,0.00544304106906246,5.184596199020337,2025
2025-02-28,84668.2,85084.5,78200.2,84299.6,536343.231,2557486,9672296,0.0037525277872274294,-0.004361787302917364,8.437267523691695,2025
2025-03-01,84299.6,86516.5,83779.0,86007.7,146996.671,883414,3014683,0.000567200540213738,0.020059707091148127,3.2152767767439907,2025
2025-03-02,86007.7,94971.0,85015.0,94222.8,364711.538,1736147,6300424,0.002394117565030585,0.0912253633831348,11.074387033091503,2025
2025-03-03,94222.0,94373.4,85029.0,86192.7,436032.402,2193489,8664891,0.002478735231711198,-0.08907670320377647,10.426687900964284,2025
2025-03-04,86193.3,88931.0,81200.0,87245.9,432434.79799999995,2285508,9150619,0.0029237223158965664,0.012145081265817481,9.09455409799745,2025
2025-03-05,87245.9,91000.0,86328.0,90566.1,279001.08999999997,1562667,5960009,0.0014403604522170458,0.03734940226922845,5.270551145541753,2025
2025-03-06,90566.1,92780.3,87790.5,89887.8,303058.632,1631987,6061685,0.0016261326488396582,-0.007517744915364943,5.528103844245752,2025
2025-03-07,89887.9,91257.7,84600.0,86753.8,452474.19499999995,2189022,8215927,0.0034887782693314518,-0.035488004026076325,7.575310585197456,2025
2025-03-08,86753.8,86876.5,85108.0,86184.7,96106.18699999999,623419,2043283,0.0004110994596820723,-0.006581554186031013,2.056653171147632,2025
2025-03-09,86184.7,86470.6,79933.4,80688.8,221609.348,1210309,4087644,0.000820497025490738,-0.06589288769763968,7.86106838176653,2025
2025-03-10,80690.7,84031.5,77410.1,78567.8,416454.16099999996,2188706,7504986,0.002628572946194427,-0.02663783373190398,8.207446550983711,2025
2025-03-11,78567.8,83600.0,76560.0,82896.0,390779.169,1916518,6700221,0.0020229730894164434,0.05362486378582432,8.796877294595722,2025
2025-03-12,82896.0,84487.0,80578.5,83640.7,306171.124,1457852,5204106,0.0009698975506892404,0.008943433654318156,4.736581182476254,2025
2025-03-13,83640.7,84307.1,79903.4,81085.4,247960.052,1209332,4136157,0.0007072553401823879,-0.03102732347267967,5.364767941594274,2025
2025-03-14,81085.5,85270.2,80772.0,83939.8,233544.70799999998,1125506,3668098,0.0005816930984403333,0.03459695499425841,5.419466742542514,2025
2025-03-15,83939.9,84625.0,83564.5,84302.9,76674.97,461346,1360801,0.00013193404707063076,0.004316390116773761,1.2610942475692808,2025
2025-03-16,84303.0,85136.0,81925.6,82541.6,174630.69999999998,875828,2961719,0.0006612579190087665,-0.021113856687716037,3.843845952421136,2025
2025-03-17,82541.6,84727.1,82384.0,83962.9,182662.082,936382,3126276,0.0004652363006302387,0.017072625935810493,2.804425995474765,2025
2025-03-18,83963.0,83979.8,81113.5,82666.1,188897.74899999998,947494,3234435,0.000495245623732705,-0.01556543197852811,3.472688530649331,2025
2025-03-19,82666.2,86990.0,82501.8,86809.8,251961.74099999998,1148732,4041006,0.0005762383689703863,0.04890991588435156,5.297305823500902,2025
2025-03-20,86809.8,87500.0,83613.6,84183.6,242943.492,1048700,3647609,0.0006173928956508331,-0.030719390588519246,4.543260707793829,2025
2025-03-21,84183.6,84813.6,83122.0,84050.3,144422.271,695479,2379726,0.0003530254840343685,-0.0015846987782612842,2.014649919808782,2025
2025-03-22,84050.3,84509.0,83589.5,83804.9,52218.652,308312,881860,5.7335397680190156e-05,-0.0029239508199569997,1.0940123450768733,2025
2025-03-23,83804.9,86110.9,83761.2,86044.2,90899.873,465211,1395203,0.00015802486464534124,0.02636963938073933,2.7666107293998667,2025
2025-03-24,86044.1,88752.0,85478.3,87463.4,210907.484,1034383,3282516,0.00043634142723631515,0.016359302430387856,3.758342075272224,2025
2025-03-25,87463.4,88500.0,86260.0,87369.8,173505.289,814617,2768708,0.00037745250643695695,-0.0010707349512841802,2.563656079418669,2025
2025-03-26,87369.9,88270.2,85816.3,86873.8,187956.695,785951,2620341,0.0003634279432070132,-0.005693194352209829,2.819359966442906,2025
2025-03-27,86873.9,87722.4,85724.5,87191.2,163451.68899999998,732029,2451436,0.0002889998717600642,0.003646917551318296,2.3038617228820524,2025
2025-03-28,87191.2,87470.0,83531.7,84380.8,222284.56,987370,3429988,0.00039679265126195965,-0.03276352082033718,4.606967690169491,2025
2025-03-29,84380.8,84589.7,81601.0,82604.7,135513.705,684001,2216920,0.00033514953848146214,-0.021273307936358066,3.5970992994201847,2025
2025-03-30,82604.8,83490.0,81501.4,82352.8,109565.92499999999,570594,1944059,0.0002840281711258126,-0.003054122374589241,2.4106666192520496,2025
2025-03-31,82353.1,83895.8,81222.0,82517.5,212064.57599999997,986702,3700495,0.0007146135601513346,0.0019979347982825857,3.23894061936774,2025
2025-04-01,82517.5,85595.5,82383.3,85120.9,197263.17599999998,917236,3204984,0.0004321045997704671,0.031062206787474622,3.8249965200189417,2025
2025-04-02,85121.0,88500.0,82300.0,82485.1,348964.37799999997,1535514,5700524,0.0013773369570355303,-0.03145492787691673,7.263144433085972,2025
2025-04-03,82485.1,83889.2,81172.2,83181.5,239163.51899999997,1111796,4066509,0.0007037404870203359,0.008407296364431716,3.2924056499703895,2025
2025-04-04,83181.7,84686.2,81624.6,83861.3,353109.206,1495980,5495133,0.0013158729158217833,0.008139276316427413,3.6821973277523568,2025
2025-04-05,83861.4,84244.5,82333.8,83506.1,99574.20399999998,507607,1673031,0.00016965070817519256,-0.004244560568929856,2.2941569242406747,2025
2025-04-06,83506.1,83790.5,77111.0,78390.0,281191.75299999997,1267548,4458658,0.0007602416221259647,-0.06322331488008892,8.307369365923439,2025
2025-04-07,78390.1,81200.0,74457.0,79140.0,693843.503,2718755,10521238,0.003590455963433875,0.00952206775664699,8.669346962336695,2025
2025-04-08,79140.1,80832.1,76200.1,76297.9,328409.534,1451476,5357269,0.0009731510323102696,-0.03657302098140924,5.90113888333716,2025
2025-04-09,76298.0,83554.9,74578.5,82588.0,560649.862,2220207,8799174,0.0027000367502453245,0.07921897654676435,11.36516389204805,2025
2025-04-10,82587.9,82706.9,78416.0,79560.2,293662.1,1412275,4989231,0.000861746104882069,-0.037350423713977676,5.327504448117652,2025
2025-04-11,79560.3,84300.0,78935.5,83378.3,295777.871,1347208,4822203,0.000875432147312289,0.04687411585375223,6.575080171847042,2025
2025-04-12,83378.3,85884.2,82756.0,85237.8,158002.837,846753,2750499,0.0004096263168222169,0.022056913755820418,3.7103358082715325,2025
2025-04-13,85237.9,86100.0,82991.5,83713.7,207038.37999999998,1007039,3377742,0.0006862142554862167,-0.018042353508034736,3.6771218519866413,2025
2025-04-14,83713.8,85755.0,83630.9,84553.9,209349.356,1052910,3632120,0.0007780469086292121,0.009986556922935819,2.5081324360127226,2025
2025-04-15,84553.9,86443.0,83560.0,83608.7,184522.182,953817,3121181,0.0004195537379320662,-0.01124161917141997,3.392030050263352,2025
2025-04-16,83608.6,85493.5,83063.9,83990.0,209441.41799999998,1021264,3500261,0.0006055170159272685,0.004550162475826625,2.883015855152478,2025
2025-04-17,83990.1,85441.5,83700.0,84915.0,141033.19499999998,735528,2398235,0.00025734997381937364,0.010953012019196962,2.0592953742122386,2025
2025-04-18,84914.9,85100.0,84260.0,84421.0,55218.842,367609,1026255,6.583257400036562e-05,-0.005834570338304701,0.9919779028458044,2025
2025-04-19,84421.0,85600.0,84317.2,85046.9,73380.56599999999,448663,1278384,0.00010244539356040878,0.007386683211596079,1.5099405737122895,2025
2025-04-20,85046.9,85283.6,83900.0,85138.8,90651.818,499706,1426040,0.00012409432639244383,0.0010799968379551217,1.6356559937070383,2025
2025-04-21,85138.9,88418.2,85100.0,87466.0,274069.871,1201965,3962240,0.0005731088124090487,0.026967280553577666,3.8250795226347387,2025
2025-04-22,87466.0,94142.5,87017.5,93404.9,334005.081,1427813,4829876,0.0009550579244966945,0.06569365996389642,7.870034396125311,2025
2025-04-23,93404.9,94904.3,91898.0,93632.1,232748.42799999999,1148390,3900078,0.0006038505327958009,0.002429467022572851,3.218974910371461,2025
2025-04-24,93632.2,93980.6,91619.0,93931.6,157092.72799999997,811497,2683732,0.00032745612474420645,0.0031935844147827908,2.544970423980885,2025
2025-04-25,93931.5,95769.6,92788.0,94591.8,191830.47699999998,1018531,3288571,0.0004098150469602752,0.007003933716930533,3.1627985765502067,2025
2025-04-26,94591.8,95157.1,93833.0,94575.7,72538.20899999999,458817,1340715,0.00013551138220173822,-0.00017021951486384523,1.401260347343665,2025
2025-04-27,94575.7,95280.5,93547.3,93697.1,83816.18299999999,479824,1503584,0.0001907293807203081,-0.009333333099370122,1.8357981992048165,2025
2025-04-28,93697.0,95578.8,92700.0,94969.0,194420.716,882751,2926262,0.00036719188572197195,0.013483283632979237,3.058256557157973,2025
2025-04-29,94969.0,95426.4,93678.7,94200.1,147831.794,704076,2481112,0.0003151554749273932,-0.008129279405604706,1.848442756643312,2025
2025-04-30,94200.1,95186.5,92848.1,94125.1,170929.31,750276,2588053,0.00033315774929940073,-0.0007964946163880882,2.4873300542311205,2025
2025-05-01,94125.2,97388.0,94086.7,96423.3,184526.755,874631,2825368,0.0003095133589239304,0.024123125119780653,3.4486302171946996,2025
2025-05-02,96423.2,97865.4,96283.1,96831.2,139197.52599999998,694388,2240247,0.0002519664534398215,0.0042213827438306595,1.6300255056122732,2025
2025-05-03,96831.2,96868.4,95700.0,95803.3,71420.629,440466,1207124,7.775557422948612e-05,-0.010672125252472853,1.2135057861456495,2025
2025-05-04,95803.3,96266.6,94116.4,94230.2,94260.877,481977,1550180,0.00019074915403725543,-0.016556406464912854,2.2589111745671584,2025
2025-05-05,94230.2,95165.1,93445.1,94696.7,154902.375,713183,2364149,0.0002846587695151055,0.004938428017249308,1.8239179875780487,2025
2025-05-06,94696.7,96879.5,93327.0,96798.9,173683.066,739708,2556838,0.00033867173576263904,0.02195647788163413,3.735848315168888,2025
2025-05-07,96798.9,97700.0,95718.5,96988.4,185267.142,837892,2739288,0.00037169320737836956,0.00195575314174512,2.0489966837577693,2025
2025-05-08,96988.4,104305.3,96831.5,103228.1,317422.469,1393001,4445990,0.000582732908052538,0.06234971908249243,7.434982110227327,2025
2025-05-09,103228.0,104373.0,102240.0,102941.9,172883.922,933046,3180781,0.00042553379676713607,-0.002776351397766774,2.0648030681560834,2025
2025-05-10,102941.9,105000.1,102784.0,104788.8,104384.537,628087,1979353,0.00020747589005390153,0.017782144538832867,2.133160365378053,2025
2025-05-11,104788.8,104950.0,103283.3,104072.7,139136.421,754020,2552705,0.00037280628866740643,-0.006857202557576159,1.6008348263495489,2025
2025-05-12,104072.7,105863.1,100678.0,102739.3,256542.699,1176282,4171603,0.0007803601466211155,-0.012894981688582163,5.021944480977067,2025
2025-05-13,102739.3,104949.2,101400.0,104082.0,162368.32799999998,849554,3009395,0.0003794453068192551,0.012984338306580412,3.440333240304098,2025
2025-05-14,104082.0,104319.0,102536.0,103458.1,126264.097,664547,2289025,0.0002502061588422945,-0.006012350185935489,1.7239555815304537,2025
2025-05-15,103458.1,104162.8,101270.8,103714.5,176344.106,899735,3256600,0.0004537452285707323,0.002475232061659227,2.8156942832252376,2025
2025-05-16,103714.2,104524.2,103062.3,103412.2,115513.049,657229,2303834,0.00026371341507020157,-0.0029189883742208877,1.4084963794076362,2025
2025-05-17,103412.2,103658.0,102541.6,103079.6,90372.669,547463,1899774,0.00013886967429101277,-0.0032214382133730624,1.0828448829488186,2025
2025-05-18,103079.5,106629.8,103052.2,106407.6,173224.28399999999,918551,3286266,0.0003671556758884477,0.031775497632617444,3.412736641521504,2025
2025-05-19,106407.5,107114.3,102038.8,105531.6,257825.604,1190376,4455918,0.0005711950075571559,-0.008266568794578433,4.8543355505008465,2025
2025-05-20,105531.5,107292.5,104115.2,106800.1,226187.24599999998,1085610,3940207,0.0006009021528129397,0.011948428721748172,3.00607712994149,2025
2025-05-21,106800.0,110830.0,106037.9,109609.5,413589.854,1704107,6189752,0.0010105437429265218,0.025965186734396184,4.420091841044034,2025
2025-05-22,109609.6,111959.5,109153.4,111662.7,246067.033,1271676,4612376,0.0005020178668150826,0.018558670548321388,2.538296645193933,2025
2025-05-23,111662.6,111770.4,106721.9,107271.5,279480.347,1300392,4943362,0.0005808424229678352,-0.0401197162200333,4.6220381561931365,2025
2025-05-24,107271.6,109440.2,106836.0,107698.9,165158.75799999997,782693,2838855,0.000274850204763603,0.003976366636081252,2.4083332978416148,2025
2025-05-25,107699.0,109285.1,106497.0,108955.9,159465.80299999999,797407,2938731,0.00027460443015521046,0.011603842651705776,2.5843248101751226,2025
2025-05-26,108956.0,110400.0,108616.6,109386.8,146992.22,780581,2776585,0.0002551762547877793,0.003947011367104736,1.6285883512249795,2025
2025-05-27,109386.8,110700.0,107438.0,108889.3,223599.905,1006243,4065296,0.00035370995095345494,-0.00455845474134442,2.9909902713824157,2025
2025-05-28,108889.2,109252.6,106723.9,107723.1,158417.759,778318,3009662,0.0002422847047706935,-0.010767723988017508,2.341750659204352,2025
2025-05-29,107723.1,108860.0,105054.2,105539.9,213101.255,974571,3867631,0.0004219749445132304,-0.02047496537443827,3.558624555281499,2025
2025-05-30,105539.9,106266.0,103555.0,103950.0,219701.302,998789,4162110,0.0004371350059367231,-0.015179066164996868,2.5842512174435877,2025
2025-05-31,103949.9,104859.3,103032.1,104544.7,103607.84,572923,2173534,0.0002225897401966101,0.005704716837552581,1.7578861392534173,2025
2025-06-01,104544.6,105823.6,103704.1,105583.3,97420.23999999999,511416,1959949,0.00016448729081508073,0.009885483685120988,2.023190535110146,2025
2025-06-02,105583.3,105900.0,103600.6,105814.3,158252.918,739385,2994803,0.0002821073094046946,0.002185456144649933,2.19521312929573,2025
2025-06-03,105814.4,106775.0,104822.4,105330.1,139216.00699999998,750056,2606908,0.0002469303925105946,-0.0045864427262127805,1.845632722181054,2025
2025-06-04,105330.1,105967.2,104111.7,104641.8,118534.125,639285,2227909,0.00016695389217451912,-0.006556138849331816,1.7665251028977016,2025
2025-06-05,104641.8,105878.3,100305.1,101458.6,246238.674,1117324,4120064,0.0005517695044522251,-0.03089225589375566,5.4073780184820555,2025
2025-06-06,101458.7,105283.0,101003.4,104240.0,174300.906,880559,2910225,0.00023832409976955334,0.027045099314543464,4.149778297075155,2025
2025-06-07,104240.1,105878.3,103800.1,105507.5,79833.173,487757,1510843,0.0001245249321780328,0.012086107620147502,1.9823387195188293,2025
2025-06-08,105507.5,106482.6,104927.4,105676.5,75105.10399999999,464732,1397725,8.574608524665197e-05,0.0016005003795349637,1.4712909080659387,2025
2025-06-09,105676.5,110653.6,105253.2,110227.9,192956.40899999999,984890,3206202,0.00036967591667439587,0.04216749990245283,5.003572508736108,2025
2025-06-10,110228.0,110367.2,108282.0,110235.4,152216.974,834009,2781353,0.0002974999664625779,6.803853523784653e-05,1.907405304312446,2025
2025-06-11,110235.4,110350.0,108001.2,108600.0,134422.321,714966,2592990,0.00027666160386491406,-0.014946671754128005,2.1514794529142565,2025
2025-06-12,108600.1,108782.1,105602.0,105609.5,185790.19,899856,3320828,0.00036026464126952804,-0.02792307815280992,2.96694883410278,2025
2025-06-13,105609.4,106141.1,102614.0,106027.3,245935.413,1189283,4731930,0.0006560246505106325,0.003948278775274261,3.379496534704603,2025
2025-06-14,106027.3,106173.6,104225.4,105359.9,79911.56999999999,463486,1612153,0.00011723708143312628,-0.006314499814527252,1.8519628723905914,2025
2025-06-15,105359.8,106099.4,104399.9,105534.6,78819.39899999999,487711,1615722,0.00013314560891717605,0.001656752925848437,1.61476729678613,2025
2025-06-16,105534.7,108900.0,104920.0,106750.1,166813.21899999998,869667,3134819,0.00030845048063959674,0.011451727642825205,3.7231874940241863,2025
2025-06-17,106750.1,107727.4,103300.0,104508.0,226051.86299999998,1035149,3970409,0.00041713486549273065,-0.021226965377842077,4.196658607916931,2025
2025-06-18,104508.0,105500.0,103426.1,104832.8,172706.399,842443,3219465,0.0003850469374128781,0.0031030765204604904,1.9853604898833195,2025
2025-06-19,104832.8,105185.7,103870.3,104607.1,87710.605,488025,1606233,0.00018136264165974125,-0.002155273062760088,1.258435404392653,2025
2025-06-20,104607.1,106486.2,102255.3,103246.1,199102.13499999998,952334,3108911,0.0003773224541924986,-0.013095968225650623,4.054277196838555,2025
2025-06-21,103246.1,103940.6,100789.9,102079.8,120771.34999999999,660189,2033604,0.00034727052501164473,-0.011360598383740594,3.078142992035412,2025
2025-06-22,102079.8,103362.6,98115.4,100904.7,293562.636,1311726,4876091,0.0008983694088498481,-0.01157835329915713,5.209885759510533,2025
2025-06-23,100904.7,106050.0,99547.6,105290.9,297222.04099999997,1298548,4717211,0.0007303191169427208,0.04255048860468591,6.327475927929722,2025
2025-06-24,105291.0,106239.0,104570.8,106034.9,144449.887,743680,2565480,0.0002886685306424599,0.007041289553310293,1.5826919074251247,2025
2025-06-25,106034.9,108095.7,105755.6,107280.0,159277.823,847925,2665403,0.00028773524782594955,0.011673953767671108,2.1886174263589977,2025
2025-06-26,107280.1,108249.9,106500.0,106913.7,114433.386,652544,2181091,0.0002340807827431648,-0.003420271997628177,1.6297457945163876,2025
2025-06-27,106913.8,107686.0,106313.1,107010.7,118637.45,608303,2005062,0.00019600398371637045,0.0009068624864454478,1.283107111873693,2025
2025-06-28,107010.6,107538.0,106767.0,107241.0,35670.418999999994,308537,747193,2.686325635646997e-05,0.002149808740819381,0.719538346232955,2025
2025-06-29,107240.9,108499.0,107112.6,108309.8,79448.325,526379,1398904,9.094915730328766e-05,0.00991700109131699,1.2860338755525202,2025
2025-06-30,108309.8,108783.9,106686.4,107087.4,114681.386,626454,1865096,0.0001785358042607874,-0.011350315820454426,1.9469655515577178,2025
2025-07-01,107087.3,107499.9,105182.6,105637.9,120434.401,645613,2043731,0.00018029130679950392,-0.013628115076352643,2.1792029950623504,2025
2025-07-02,105637.9,109690.4,105010.0,108800.0,177567.261,898747,2621458,0.0002486234658126336,0.02949412602427337,4.360626833922407,2025
2025-07-03,108800.0,110484.0,108480.6,109545.2,141487.997,780458,2342574,0.0002523055163335617,0.006825915050390208,1.8299358943467976,2025
2025-07-04,109545.1,109732.3,107200.0,107935.4,132305.847,644746,1957162,0.0001381135937771625,-0.014804349458131583,2.334751468584321,2025
2025-07-05,107935.3,108368.1,107688.3,108153.4,36660.948,296736,734951,4.537947792099903e-05,0.0020176897086550127,0.6292822090124703,2025
2025-07-06,108153.4,109684.7,107743.4,109145.8,72388.603,439955,1278877,8.734149860092737e-05,0.009134013375732053,1.7857412061247104,2025
2025-07-07,109145.8,109667.3,107456.0,108203.9,106397.578,567311,1788546,0.00016768805193916958,-0.00866719297339813,2.0369775701498827,2025
2025-07-08,108203.9,109180.0,107400.0,108873.1,95156.027,537188,1658291,0.00013918463362661414,0.00616557368979187,1.6437714278847189,2025
2025-07-09,108873.2,112036.8,108273.5,111199.9,167834.731,828269,2548622,0.00025210202038248816,0.021146498720620244,3.41669553646513,2025
2025-07-10,111199.8,117500.0,110432.2,115979.2,225570.213,1118017,3420723,0.0008772048769929752,0.04208138214801238,6.2036575601005515,2025
2025-07-11,115979.2,118882.8,115186.7,117500.0,199819.357,1100101,3481508,0.00038723234107941167,0.013027468900698835,3.1583843647053507,2025
2025-07-12,117500.0,118176.9,116862.4,117389.3,63722.471999999994,458027,1330505,8.80372081296009e-05,-0.0009425717407793854,1.1185480090122797,2025
2025-07-13,117389.4,119655.0,117164.3,119038.3,90052.381,603751,1810973,0.00016337897160869172,0.01394952822539608,2.103537879911295,2025
2025-07-14,119038.3,123300.0,118862.6,119816.5,221556.12,1202800,4034670,0.0005798953853572539,0.006516115677923651,3.6652205996855605,2025
2025-07-15,119816.5,119919.4,115678.1,117738.5,269977.446,1275967,4738657,0.0007043500764124031,-0.017495342163243777,3.6008516790339673,2025
2025-07-16,117738.6,120100.0,117017.1,118590.7,159165.948,879323,3160880,0.0003739167198367346,0.007212005065714067,2.6004651121460625,2025
2025-07-17,118590.7,120951.5,117412.8,119176.6,164274.40099999998,853385,3301670,0.0004396703376239682,0.004928357986113241,2.969370838647912,2025
2025-07-18,119176.5,120846.1,116788.9,117896.4,162246.906,880509,3368152,0.00036679446961313997,-0.010800153909340082,3.4149803586407854,2025
2025-07-19,117896.5,118456.0,117245.9,117814.4,52531.193,417044,1248912,0.00010379076717695123,-0.0006957678927559385,1.026814490848201,2025
2025-07-20,117814.3,118856.6,116370.1,117216.0,82380.582,510743,1751382,0.00016375673019869804,-0.00509211823683664,2.1142095000151095,2025
2025-07-21,117216.1,119720.6,116454.1,117330.2,141885.848,770043,2862908,0.000330301191249273,0.000973795431555402,2.7663490711456435,2025
2025-07-22,117330.2,120300.1,115865.0,119993.7,186832.44999999998,940038,3400863,0.00045192503646348896,0.022447059375913625,3.7563733965638875,2025
2025-07-23,119993.7,120146.5,117250.0,118713.5,136986.897,710459,2483435,0.0003360589069717042,-0.010726214157530833,2.440342417794579,2025
2025-07-24,118713.4,119469.9,117050.2,118294.3,137377.61299999998,720360,2566930,0.00027272104872666617,-0.003537440009463211,2.046155419159748,2025
2025-07-25,118294.4,118410.8,114667.3,117583.5,260386.754,1185814,4482676,0.0005070773855292618,-0.0060268677386261515,3.212504256032599,2025
2025-07-26,117583.4,118300.0,117114.2,117889.2,57218.604,455778,1160574,7.067059969106913e-05,0.002596480795821421,1.0074243855510865,2025
2025-07-27,117889.3,119766.0,117800.8,119423.4,75978.959,521159,1528886,0.00013294327678962603,0.012929961362372566,1.654477669089709,2025
2025-07-28,119423.5,119812.0,117388.0,118041.4,106712.329,669699,2373905,0.000254269240402849,-0.011639751265732912,2.0439160090927655,2025
2025-07-29,118041.5,119258.7,116923.0,117897.0,115263.46299999999,692297,2551661,0.00026440210320793434,-0.0012240484637473514,1.9779484598303563,2025
2025-07-30,117897.1,118763.5,115700.0,117771.0,124917.85699999999,701216,2695165,0.00023417433447772356,-0.0010693009827864586,2.613348646408579,2025
2025-07-31,117771.1,118910.0,115373.9,115697.3,135037.467,728847,2653586,0.00020316621794492216,-0.017764763231191694,3.0188745799765413,2025
2025-08-01,115697.3,116000.0,112660.0,113244.8,221282.099,1191971,4671690,0.0005360905141123613,-0.021425450518812283,2.9215757639796833,2025
2025-08-02,113244.8,114000.0,111910.0,112508.8,102459.44799999999,651280,2253136,0.00018988186553491255,-0.00652040638667728,1.8503471564559726,2025
2025-08-03,112508.8,114730.0,111850.0,114150.8,63183.869,480980,1586907,0.0001241689523079121,0.014488940466129918,2.5422853874913076,2025
2025-08-04,114150.9,115686.0,114053.8,115002.1,83328.591,580125,2122581,0.0001807279674427492,0.007430007792457616,1.4209357390113375,2025
2025-08-05,115002.1,115073.3,112582.4,114069.6,119316.428,684824,2692070,0.00024526765564892856,-0.008141600651171643,2.188391863764176,2025
2025-08-06,114069.6,115674.2,113304.5,114941.0,98598.67,583562,2207330,0.00020850034899519773,0.007610164818238729,2.069873403167236,2025
2025-08-07,114941.0,117580.0,114211.4,117419.9,134409.055,689264,2477601,0.0001985146613904212,0.021337445758851104,2.906783586571825,2025
2025-08-08,117419.9,117591.8,115850.0,116628.2,89828.61099999999,578700,2041990,0.0001765838638064267,-0.006765301830075288,1.4923054263882563,2025
2025-08-09,116628.2,117906.7,116304.0,116422.1,77924.534,481249,1513938,9.56941724531877e-05,-0.0017687173432481273,1.3686181006592768,2025
2025-08-10,116422.1,119291.9,116413.2,119255.3,130331.779,686128,2420657,0.00022423386038490534,0.024044193406588477,2.442749980881118,2025
2025-08-11,119255.3,122450.0,118050.0,118641.9,217088.254,1081093,4260404,0.00040663707869174556,-0.00515686068903598,3.659451986665484,2025
2025-08-12,118641.8,120270.0,118154.3,120081.0,125708.555,706783,2609039,0.0002578570954285312,0.012056802535775901,1.7747817937988397,2025
2025-08-13,120080.9,123715.9,118829.0,123323.9,188073.873,950320,3654672,0.0004315608491197076,0.02664771248642417,4.030232303763135,2025
2025-08-14,123323.9,124545.6,117004.0,118242.2,259801.56999999998,1242230,4770691,0.0010062562491118961,-0.0420791643070082,6.246379165878315,2025
2025-08-15,118242.2,119184.0,116736.3,117279.2,120542.35699999999,750409,2714933,0.0002322092098355663,-0.008177646418751294,2.075097252409535,2025
2025-08-16,117279.1,117857.1,117089.7,117329.7,46674.42,350940,1042735,5.874683527008683e-05,0.00043050370876862587,0.653256591728064,2025
2025-08-17,117329.8,118558.0,117121.6,117353.8,54386.804,391165,1143753,7.270498303705982e-05,0.00020538299526506876,1.218958098780149,2025
2025-08-18,117353.9,117499.4,114605.0,116183.6,147219.77899999998,809254,3078165,0.00029015265170146743,-0.010021605051976579,2.494179384186757,2025
2025-08-19,116183.6,116687.7,112666.6,112824.2,141024.28699999998,816437,3133574,0.0002932899631938406,-0.0293408434238831,3.506812018136115,2025
2025-08-20,112824.1,114569.0,112301.8,114220.5,130522.37,762800,2930095,0.0003088753722738541,0.012299935683358854,1.9987371468015154,2025
2025-08-21,114220.5,114777.0,111944.0,112462.2,96406.35599999999,639447,2397213,0.00028465256211641617,-0.015513625560380717,2.499236912756989,2025
2025-08-22,112462.2,117397.4,111625.9,116897.5,199447.97699999998,1026265,3835737,0.0006133516915716712,0.03868031726568688,5.041165876696639,2025
2025-08-23,116897.5,116988.0,114510.0,115377.1,78419.415,505923,1536323,0.00010723241788135752,-0.013091588275349508,2.140921000988668,2025
2025-08-24,115377.1,115640.0,110484.0,113446.3,133388.002,740370,2638475,0.0004548900071187132,-0.01687629696626125,4.561120305443624,2025
2025-08-25,113446.2,113621.3,109219.8,110064.0,204839.785,1081309,4182903,0.0006614305990637634,-0.03026758242424421,3.9508623155244873,2025
2025-08-26,110064.1,112330.0,108559.7,111709.9,145041.438,869812,3465884,0.0004983500548005192,0.014843317623689956,3.4140715579466705,2025
2025-08-27,111710.0,112568.5,110306.9,111194.9,114205.12199999999,703556,2613099,0.00031115694826090663,-0.004620814951973529,2.029544426922254,2025
2025-08-28,111194.9,113429.0,110811.0,112507.3,97630.27699999999,634420,2252826,0.00022764749358285505,0.011733590972795582,2.3351043158425586,2025
2025-08-29,112507.3,112585.7,107411.4,108332.4,179725.172,983380,3720115,0.000337616804336815,-0.03781383018827178,4.704838772367928,2025
2025-08-30,108332.4,108879.6,107281.0,108757.9,60656.883,460366,1397811,0.00010904137671574394,0.0039200327686312875,1.4791124235257218,2025
2025-08-31,108758.0,109439.9,108021.0,108208.4,70149.546,437504,1474441,0.00010512237832616635,-0.005065313598421994,1.3049887464339416,2025
2025-09-01,108208.4,109874.8,107211.5,109187.9,150280.626,818586,3269303,0.00035762525523614795,0.009011253900467864,2.4538016750966904,2025
2025-09-02,109187.9,111742.1,108333.0,111188.0,175961.356,874462,3533098,0.0003872473986998328,0.018152211013742203,3.098372074865286,2025
2025-09-03,111187.9,112541.2,110486.9,111659.8,105504.421,619900,2363045,0.00029166913476177795,0.004234286404582122,1.8422414929946715,2025
2025-09-04,111659.7,112136.8,109269.1,110679.4,122300.36899999999,669388,2639637,0.0002566619355392271,-0.00881901485847969,2.590590745921502,2025
2025-09-05,110679.5,113344.3,110153.3,110614.9,193375.40399999998,915809,3788859,0.0003229478919051051,-0.0005829341454024473,2.855705702037355,2025
2025-09-06,110614.8,111256.2,109850.0,110135.3,46282.515999999996,349144,1043405,5.831273275332928e-05,-0.0043451897628852265,1.2719850999931357,2025
2025-09-07,110135.2,111559.5,110120.5,111076.0,53840.583999999995,360788,1136788,7.274029153052132e-05,0.008505041745264563,1.2982860090722892,2025
2025-09-08,111075.5,112867.6,110566.5,112012.6,99117.859,551257,2062136,0.00017277308186047465,0.008396713260045985,2.0598300443524895,2025
2025-09-09,112012.7,113238.0,110714.9,111499.9,137275.133,664514,2548235,0.00023385327619349102,-0.004587670928659193,2.253336981431916,2025
2025-09-10,111499.9,114287.9,110855.8,113896.8,151901.539,714154,2703708,0.00027681645545828376,0.02126908119966764,3.049044577725777,2025
2025-09-11,113896.8,115439.0,113340.7,115427.0,113066.078,597281,2206093,0.00020940134723200382,0.013345520273274403,1.834392508974422,2025
2025-09-12,115427.0,116605.7,114681.5,115978.4,119013.718,646082,2321278,0.00018550446631192082,0.004765671359429291,1.6639436994681005,2025
2025-09-13,115978.4,116245.4,115032.0,115862.7,52529.59,352383,1198605,5.7431743628347226e-05,-0.0009980974866401482,1.049312326664393,2025
2025-09-14,115862.7,116118.6,115057.0,115210.0,55087.99,349957,1196136,7.735036027363023e-05,-0.005649319334553482,0.918442484826785,2025
2025-09-15,115210.0,116759.9,114338.5,115300.6,117911.279,621116,2531767,0.00022118551884999017,0.000786081027642993,2.095634254666769,2025
2025-09-16,115300.5,116910.8,114600.0,116747.3,99446.184,572058,2144042,0.0001579442858905417,0.012469138865654372,1.9963446585260316,2025
2025-09-17,116747.3,117266.4,114623.3,116402.5,158125.06999999998,793724,3267980,0.000306014399972348,-0.0029577572133341334,2.2797170117340446,2025
2025-09-18,116402.6,117875.2,116033.5,117017.1,107215.71699999999,567520,2327863,0.00015819220593408812,0.005266065234550865,1.5747495147689943,2025
2025-09-19,117017.1,117406.8,115049.9,115569.5,88151.64899999999,488398,1845963,9.473182413556876e-05,-0.012447997368763453,2.0278880058350044,2025
2025-09-20,115569.6,116059.2,115343.0,115624.9,32355.677999999996,268051,731518,2.594325157009136e-05,0.0004792503716366525,0.6190107846086044,2025
2025-09-21,115625.0,115778.0,115137.6,115183.9,32793.431,310471,825048,4.0921802373980636e-05,-0.003821349416915254,0.554662952030895,2025
2025-09-22,115183.9,115344.6,111469.2,112604.7,159461.568,811528,3419373,0.0003785204944574987,-0.022646526041006254,3.4175849922834347,2025
2025-09-23,112604.7,113254.8,111405.1,111947.0,102258.264,605574,2460994,0.0001755889450597826,-0.005857910501262609,1.6467040156176296,2025
2025-09-24,111947.0,113895.8,110935.0,113254.0,105314.09599999999,593354,2384763,0.00016817297778511282,0.011607538819538021,2.6339551117438567,2025
2025-09-25,113253.9,113462.1,108574.1,108934.5,178663.74099999998,896062,3988053,0.0004096627820875053,-0.038886299652995504,4.403597126716196,2025
2025-09-26,108934.6,110250.0,108566.0,109588.5,112277.65899999999,630303,2904945,0.00028591556428941107,0.005985657826684587,1.539223135193352,2025
2025-09-27,109588.5,109700.0,109021.9,109577.3,35871.924,251033,875737,3.3918345262923696e-05,-0.00010220572744223944,0.6200587802052205,2025
2025-09-28,109577.2,112300.0,109136.5,112119.6,77247.96299999999,450727,1607459,9.786494097036145e-05,0.022935922410137977,2.8574469402857217,2025
2025-09-29,112119.7,114377.2,111501.0,114257.1,125405.70899999999,670131,2558792,0.00020262264796722278,0.018885013579472698,2.546819891355206,2025
2025-09-30,114257.1,114800.0,112615.3,113988.8,119320.01499999998,666532,2649460,0.00018854938479979908,-0.0023509743095164737,1.921389819214847,2025
2025-10-01,113988.7,118631.8,113899.4,118552.4,172989.429,894412,3495797,0.00027254953800242513,0.039254858974972606,4.070897612507407,2025
2025-10-02,118552.0,120999.0,118226.4,120481.3,145456.938,877845,3287990,0.0002704741481469563,0.01613949723699548,2.3180850812929967,2025
2025-10-03,120481.3,123900.0,119200.0,122182.7,167880.262,1013477,3823032,0.0004102657334181166,0.014022911354572898,3.8672034003847418,2025
2025-10-04,122182.6,122781.1,121432.0,122343.2,70479.20999999999,521383,1615003,8.356404123616066e-05,0.0013127445644744995,1.1048659748521896,2025
2025-10-05,122343.2,125877.3,122088.1,123426.7,162571.0,932460,3659205,0.0004686442265050796,0.008817247511700543,3.056470769756972,2025
2025-10-06,123426.7,126208.5,123018.5,124628.5,140201.329,824739,3633703,0.0003386017758652098,0.009689854543644572,2.5600550679705467,2025
2025-10-07,124628.6,125098.0,120516.0,121286.5,181899.34699999998,940827,4202005,0.0003946544795180778,-0.027181796695696647,3.73149059356346,2025
2025-10-08,121286.6,124170.6,121005.3,123237.5,127099.786,748900,3545539,0.0003494749912183015,0.015957872456452193,2.5822080211751675,2025
2025-10-09,123237.4,123740.1,119572.8,121579.3,163596.37999999998,871275,3938201,0.0003349215165275568,-0.013546663123067404,3.4258007346191484,2025
2025-10-10,121579.4,122497.0,101516.5,112714.9,366126.646,1973165,8224022,0.011047940146433581,-0.07570510306575429,18.786519304248785,2025
2025-10-11,112715.0,113300.1,109501.0,110579.1,163671.59,1206754,4650728,0.0008325698800349594,-0.0191305197396332,3.4106369011157835,2025
2025-10-12,110579.1,115730.3,109509.3,114894.4,217928.03699999998,1151710,5262712,0.000813832689744742,0.038282343661196094,5.525300694025778,2025
2025-10-13,114894.5,115912.0,113600.5,115111.9,195996.783,914275,4656609,0.0005038111710046468,0.0018912531076775707,2.014337483260555,2025
2025-10-14,115112.0,115360.2,109802.0,112983.8,259244.49599999998,1318454,5960214,0.0006427580214381238,-0.01866025313852937,4.938066339253804,2025
2025-10-15,112983.9,113576.1,110096.9,110699.0,131777.09,969885,4671881,0.0005071040488136859,-0.020429639352927964,3.111220971796611,2025
2025-10-16,110699.1,111960.0,107350.0,108129.4,193544.78499999997,1226055,6043222,0.001063175688483048,-0.02348614818442485,4.204714032246276,2025
2025-10-17,108129.4,109199.8,103470.0,106378.6,242789.69199999998,1413753,6936137,0.0008540635873856521,-0.016324229206613694,5.389751619043679,2025
2025-10-18,106378.5,107452.6,106270.0,107117.5,68509.90299999999,501862,2088885,0.0001756757899579767,0.006921933939317171,1.106679471223596,2025
2025-10-19,107117.5,109399.9,106055.8,108586.2,113473.72,683287,3182090,0.0003586604425534542,0.013617964803922078,3.104460521209336,2025
2025-10-20,108586.2,111650.0,107377.2,110469.9,139646.949,928419,4408575,0.0004608002646887099,0.0171987580583135,3.902110925101438,2025
2025-10-21,110469.9,113940.0,107400.0,108253.7,241127.42599999998,1398334,6899664,0.0011016109709386572,-0.020265539223595752,5.911181197748516,2025
2025-10-22,108253.8,109160.0,106360.3,107532.0,180893.98299999998,1076913,5662544,0.0006598396310077166,-0.006689068746958071,2.5982308860045014,2025
2025-10-23,107532.1,111240.0,107462.9,110025.9,129640.71699999998,841459,4205445,0.000550367447364197,0.02292731493271738,3.454435764344468,2025
2025-10-24,110026.0,112086.0,109650.0,110965.4,110759.53199999998,696793,3645127,0.00034275138363684443,0.008502648385629641,2.197295892258235,2025
2025-10-25,110965.4,111903.9,110600.5,111589.4,45269.48299999999,378564,1390771,8.330048287528654e-05,0.0056076223488439325,1.1715857383784791,2025
2025-10-26,111589.4,115521.7,111200.0,114497.8,97335.38699999999,681387,2690149,0.0003055043476759293,0.025729545478631266,3.8128009286235804,2025
2025-10-27,114497.9,116380.2,113792.4,114064.1,118611.612,801020,3606096,0.000250966569459639,-0.003795037760216502,2.248668210457376,2025
2025-10-28,114064.2,116074.3,112121.4,112833.5,131088.84,848833,3953418,0.00038794122931178255,-0.010847290287685496,3.46482904640197,2025
2025-10-29,112833.5,113593.0,109026.4,109985.6,163920.86599999998,1026162,4943718,0.000933453492650481,-0.025563832655837615,4.103182993229142,2025
2025-10-30,109985.6,111565.1,106200.0,108263.5,205753.64399999997,1252476,6330320,0.0008806257165761099,-0.015781377708977473,4.92841682166839,2025
2025-10-31,108263.6,111233.0,108226.6,109557.3,152063.77599999998,984471,4790937,0.0006884317069223817,0.011879629637352451,2.739992314755659,2025
2025-11-01,109557.2,110557.0,109351.5,110047.2,41614.221,385486,1492868,0.00011401199744268337,0.004461664607788407,1.0963760613837137,2025
2025-11-02,110047.3,111216.0,109368.9,110494.9,61109.172999999995,516208,2070247,0.00018250526676715794,0.004060001378203282,1.6747684664207014,2025
2025-11-03,110494.9,110711.0,105300.0,106544.0,174258.047,1268488,5811945,0.0006985232162822436,-0.03641132067826547,5.010978329836567,2025
2025-11-04,106544.0,107271.9,98888.8,101450.3,281742.16,1810201,8565646,0.0014443637368755959,-0.048989021979080505,8.137074625403873,2025
2025-11-05,101450.2,104497.6,98909.7,103837.0,167770.09399999998,1217036,6086022,0.0008023608593187841,0.023253338548327562,5.495679194716265,2025
2025-11-06,103837.0,104210.2,100238.4,101305.6,145029.821,1079560,5320926,0.0007845358302323933,-0.024680670868285404,3.8858664435622186,2025
2025-11-07,101305.6,104070.7,99200.0,103305.2,163967.45799999998,1205361,5603055,0.0008931239802644687,0.019546022608382785,4.7932461578272285,2025
2025-11-08,103305.3,103373.8,101400.1,102269.3,70691.949,624005,2559208,0.0002795323130525251,-0.010078183510081828,1.927746770409804,2025
2025-11-09,102269.3,105440.0,101300.0,104670.6,92367.67,759859,3231981,0.0003842738398962406,0.02320874598435374,4.0055659499559315,2025
2025-11-10,104670.7,106666.0,104205.9,105966.3,120403.53799999999,911375,4212652,0.0004601227818629506,0.012302842883165965,2.3333707508824926,2025
2025-11-11,105966.3,107473.7,102400.0,103005.8,132603.77399999998,999198,4760215,0.0005896397056042256,-0.028335821711188203,4.835945386754171,2025
2025-11-12,103005.8,105297.0,100711.0,101605.8,140876.27599999998,1045809,4703500,0.0005200571699789155,-0.013684677194683914,4.452989959428893,2025
2025-11-13,101605.8,104024.6,97959.0,99654.3,236046.799,1450429,7282484,0.0009190853417261226,-0.019393423372751073,6.007838584850212,2025
2025-11-14,99654.3,99862.8,93955.0,94544.9,287072.783,1809621,9131756,0.0017054061478294301,-0.052632342821194555,6.098129969321175,2025
2025-11-15,94544.9,96800.0,94523.9,95560.3,90220.31899999999,699777,3291291,0.0004623031789830311,0.010682607906316477,2.3794281706280485,2025
2025-11-16,95560.4,96600.0,92922.8,94221.7,135749.509,970312,4603648,0.0007783825929928122,-0.01410694585405281,3.8809700322139795,2025
2025-11-17,94221.7,96012.2,91250.0,92169.7,205161.285,1451248,6449728,0.0009226427453343116,-0.022019072842377696,5.087227426416589,2025
2025-11-18,92169.8,93799.1,89012.0,92916.9,232691.156,1589630,7177907,0.0011703389727574904,0.008074102168711406,5.2384068979549046,2025
2025-11-19,92916.8,92944.8,88564.4,91508.9,226438.44999999998,1408754,6320482,0.0009385731612732944,-0.015269310002992142,4.827579755022958,2025
2025-11-20,91509.0,93150.0,86066.6,86601.3,276513.027,1718622,7702513,0.0010676147167657986,-0.0551214083077749,7.9089681896803405,2025
2025-11-21,86601.4,87465.4,80600.0,85093.5,449804.32399999996,2626350,12106325,0.0031190658552883626,-0.01756417506944352,8.17446370770637,2025
2025-11-22,85093.6,85599.9,83456.0,84689.4,94197.055,850000,3300973,0.0005266574668040535,-0.004760205686913821,2.536456805858174,2025
2025-11-23,84689.4,88100.0,84622.0,86807.7,138930.073,975606,3866798,0.0005129683721691873,0.024704881162548986,4.02782528550658,2025
2025-11-24,86807.6,89177.3,85226.4,88247.1,211113.332,1293720,5760868,0.000952671109524813,0.016445506674411803,4.531527790063953,2025
2025-11-25,88247.1,88477.6,86061.1,87324.1,149637.655,977748,3934906,0.0007221654534245099,-0.01051434977081911,2.7691903523260493,2025
2025-11-26,87324.1,90655.4,86260.9,90438.1,159146.533,938933,3774838,0.0006404203737839807,0.03503915447288364,4.968908046232028,2025
2025-11-27,90438.0,91931.9,90024.4,91292.2,113685.23199999999,781237,2798316,0.0003749290230595669,0.00939971252596905,2.0967340864174027,2025
2025-11-28,91292.2,93080.0,90155.0,90847.8,146920.347,890778,3370293,0.00046079980107162734,-0.004879772502954793,3.192892720575928,2025
2025-11-29,90847.8,91130.0,90092.7,90765.0,54196.679000000004,402631,1422265,0.00014784683915433088,-0.0009118300663484291,1.144791826380918,2025
2025-11-30,90764.9,91934.4,90300.0,90320.6,66139.718,458902,1670692,0.0001872385828353216,-0.004908185876109528,1.7937818811429584,2025
2025-12-01,90320.5,90396.9,83786.0,86241.6,296847.16599999997,1640553,6767987,0.001233733690823769,-0.046212903002004424,7.594404568266855,2025
2025-12-02,86241.5,92273.2,86140.1,91249.1,228101.16499999998,1301533,5320367,0.0007729616589961678,0.05644046953598192,6.877870129095342,2025
2025-12-03,91249.1,94185.0,90954.8,93376.7,201298.31699999998,1363899,5434938,0.0011193223065045154,0.02304872004495273,3.489825341198128,2025
2025-12-04,93376.8,94040.0,90822.5,92034.7,146772.427,1091254,4163902,0.0006924724127342635,-0.014476169595331712,3.481317140448702,2025
2025-12-05,92034.7,92665.5,87976.3,89288.5,179125.057,1229234,4515304,0.0006192957547046326,-0.030292979655506258,5.192877499148198,2025
2025-12-06,89288.6,90257.3,88870.1,89197.1,56826.867,483791,1591701,0.00015524971330941212,-0.0010241723476767106,1.5488727379588458,2025
2025-12-07,89197.1,91722.0,87688.0,90345.4,129592.00499999999,865431,3338858,0.0006091309423386187,0.012791574779758008,4.497720333352991,2025
2025-12-08,90345.4,92262.6,89553.8,90610.8,152474.739,1052250,4053719,0.0005859579591702366,0.0029333086161003052,2.9799296958957893,2025
2025-12-09,90610.8,94555.0,89368.9,92638.4,181930.263,1156076,4479556,0.0007096121119354307,0.022130331275810988,5.640892884257279,2025
2025-12-10,92638.3,94443.7,91520.0,91977.5,160488.78,1042678,4232140,0.0008611786794641962,-0.007159760597671649,3.144636213264793,2025
2025-12-11,91977.5,93547.3,89200.0,92477.5,191148.068,1170223,4805321,0.0006437451424915884,0.005421389766000928,4.7586151146279665,2025
2025-12-12,92477.6,92719.0,89429.0,90229.6,144844.11,864324,3756406,0.0005295237489975493,-0.02460783880548867,3.6128399448145143,2025
2025-12-13,90229.7,90599.0,89711.9,90191.3,36237.733,305227,932723,6.353090453366459e-05,-0.0004245627926167117,0.9839750757811392,2025
2025-12-14,90191.3,90440.0,87504.3,88118.8,92086.654,612769,2328828,0.0002542604506769307,-0.023247066041092168,3.2998712396528096,2025
2025-12-15,88118.8,89972.4,85073.0,86389.9,194216.04499999998,1230135,4934375,0.000731397829596318,-0.019815133218761716,5.59932451899458,2025
2025-12-16,86390.0,88143.9,85226.0,87826.3,142225.04799999998,953775,4227432,0.00045239171366818424,0.01649022937699307,3.366415462118835,2025
2025-12-17,87826.3,90363.2,85261.3,86201.6,208646.748,1269442,5781931,0.001267878753665091,-0.018672261223429132,5.811644617357647,2025
2025-12-18,86201.6,89447.9,84408.6,85469.7,229573.67899999997,1310306,6086801,0.0011944170155416486,-0.008526811814046908,5.798704073096967,2025
2025-12-19,85469.8,89374.6,85062.7,88100.0,178284.49399999998,1086787,5034312,0.0009031610188672887,0.03031060577387734,4.944789385841648,2025
2025-12-20,88100.0,88551.8,87698.5,88320.8,35973.848,287346,923871,6.991917184042201e-05,0.002503107516641734,0.9682896051791681,2025
2025-12-21,88320.7,89050.0,87548.5,88621.3,67624.38799999999,488013,1874966,0.00017637455810549482,0.0033965945798311026,1.7005084217401365,2025
2025-12-22,88621.3,90599.0,87845.0,88581.5,154693.46899999998,956010,4180747,0.0005472506567530682,-0.0004492028418194849,3.086927764340844,2025
2025-12-23,88581.5,88904.9,86536.0,87463.0,133657.94799999997,816752,3476009,0.0004739043112242391,-0.01270718540536997,2.7006746783159308,2025
2025-12-24,87463.1,88033.3,86355.0,87627.3,81543.50799999999,568587,2265487,0.0002712056694318239,0.0018767464356912456,1.9248445194569703,2025
2025-12-25,87627.4,88594.0,86902.1,87182.8,57796.25199999999,434130,1544627,0.00017567323120558194,-0.005085529474484929,1.9281937540562615,2025
2025-12-26,87182.8,89557.6,86619.9,87318.2,149971.737,892215,3606967,0.00039299648590256786,0.0015518538824768058,3.3352412375931504,2025
2025-12-27,87318.3,87956.9,87203.0,87829.4,27294.108999999997,259005,702865,3.942092638589944e-05,0.005837378891790479,0.8608187780229188,2025
2025-12-28,87829.5,88078.3,87402.6,87920.5,37359.96399999999,284330,886145,5.4701988152011494e-05,0.0010367005404745555,0.7701161089607892,2025
2025-12-29,87920.4,90373.4,86760.0,87203.3,190004.20899999997,1029784,3903591,0.0004336335965476663,-0.008190822831801725,4.08042903524723,2025
2025-12-30,87203.2,89355.0,86789.0,88455.3,126745.26,712268,2751660,0.0003146192738389296,0.014255165434288841,2.9137314223740622,2025
2025-12-31,88455.2,89192.8,87189.2,87608.2,96768.35699999999,535466,2111873,0.00017842251276281075,-0.009622738802461228,2.2719848805860274,2025
2026-01-01,87608.3,88881.4,87508.4,88800.0,47941.30299999999,309468,1056983,6.58339072460883e-05,0.013512049130731896,1.5568108026613638,2026
2026-01-02,88800.0,90945.1,88324.4,89951.4,176662.44799999997,908245,3761821,0.00047106219535240885,0.012882874479631212,2.9239627628423306,2026
2026-01-03,89951.5,90716.9,89261.2,90595.8,56891.26899999999,381891,1281323,9.781846202418577e-05,0.00713832988073726,1.6176765337168708,2026
2026-01-04,90595.8,91779.7,90595.7,91497.1,73773.029,490750,1754310,0.00017307883574537843,0.009899423431647847,1.2984389721403116,2026
2026-01-05,91497.2,94760.3,91476.5,93822.4,189416.31199999998,1039087,4067261,0.0003590155059915763,0.025096355682581617,3.526843648459918,2026
2026-01-06,93822.3,94415.4,91209.0,93708.0,187443.05,931136,3608826,0.00045218618822061665,-0.0012200690041836992,3.455061901766581,2026
2026-01-07,93708.1,93708.1,90634.1,91328.0,148986.84999999998,767336,3128555,0.0003276150495034734,-0.025726142614166392,3.3354109685901627,2026
2026-01-08,91328.1,91666.0,89242.0,91059.8,168475.944,871474,3683287,0.00035487285574140195,-0.0029409883041999763,2.6799755456868986,2026
2026-01-09,91059.8,91999.0,89632.8,90603.6,140394.677,761144,3331017,0.0005104668128101065,-0.00502248619131862,2.605638300309025,2026
2026-01-10,90603.7,90800.0,90351.6,90469.6,25270.740999999998,211188,599781,3.3178395684324254e-05,-0.0014800646861221622,0.49505598160157654,2026
2026-01-11,90469.7,91252.5,90175.3,90964.4,43544.38199999999,308653,1038354,9.460487699632265e-05,0.005454338510787693,1.1874835699077866,2026
2026-01-12,90964.4,92488.0,90066.0,91252.6,169237.38299999997,879864,3781380,0.00045280104241257184,0.003163264023845258,2.6536171466926555,2026
2026-01-13,91252.5,96863.7,91011.0,95375.2,200545.91799999998,994662,4318052,0.00048016401833853695,0.044187101380641636,6.232445737620797,2026
2026-01-14,95375.2,97932.1,94413.4,96907.9,182043.49099999998,1011290,4348837,0.0005089232052617406,0.01594245633332214,3.6591369161108354,2026
2026-01-15,96908.0,97155.0,95080.0,95567.3,149204.74099999998,848675,3798595,0.0005293705061258147,-0.013930331585692457,2.1588998810996993,2026
2026-01-16,95567.4,95825.0,94234.5,95503.7,101218.08899999999,589949,2400899,0.0002573022556302965,-0.000665721143962017,1.6737254696329529,2026
2026-01-17,95503.8,95621.9,94977.5,95107.9,38969.233,260443,818622,4.748503347158993e-05,-0.004152953638332235,0.6761851876804894,2026
2026-01-18,95107.9,95490.0,93550.3,93614.0,62580.393,354144,1329656,0.00014343397822986267,-0.01583209160509469,2.0522270405892997,2026
2026-01-19,93614.0,93614.1,91800.0,92589.6,108237.05599999998,656793,2825417,0.0002759230855556907,-0.011003120618585882,1.9568715537522645,2026
2026-01-20,92589.6,92845.0,87787.2,88390.6,188076.19999999998,1033580,4631114,0.0008543370385141079,-0.046411195181642384,5.601573191627503,2026
2026-01-21,88390.7,90599.5,87205.5,89411.4,208082.615,1140210,5516402,0.0009503867099002911,0.011482561680400849,3.8181291949521765,2026
2026-01-22,89411.4,90327.7,88465.6,89518.5,105914.22099999999,677622,3188240,0.00034483323520015385,0.0011971170026949807,2.083039275814233,2026
2026-01-23,89518.4,91195.0,88530.0,89558.7,124825.84999999999,728445,3316867,0.0004627277613678459,0.0004489683854256299,2.9658593393003168,2026
2026-01-24,89558.7,89893.9,89116.9,89180.7,30735.936999999998,223170,704903,3.636134435770261e-05,-0.00422962775445157,0.8681094991421646,2026
2026-01-25,89180.7,89281.6,86021.7,86628.9,124879.36299999998,685533,2890811,0.00031107619697812817,-0.029031170320443778,3.719582961321493,2026
2026-01-26,86628.9,88834.1,86463.2,88300.6,134609.49099999998,753139,3655855,0.0004890396610099789,0.019113424462171125,2.7051695405239924,2026
2026-01-27,88300.6,89499.0,87265.4,89197.8,117926.11399999999,688123,3132674,0.00032536135327763173,0.010109473000865066,2.527340222855191,2026
2026-01-28,89197.8,90592.7,88786.0,89261.7,123884.85899999998,732248,3491891,0.0004018925669673096,0.0007161289001800242,2.014465594005173,2026
2026-01-29,89261.7,89316.8,83338.3,84604.7,226761.59099999996,1085765,5246087,0.0006469034361833941,-0.05358268388028087,6.928137266933194,2026
2026-01-30,84604.7,84697.2,81000.0,84211.4,254794.51599999997,1390283,7256441,0.001299916252804587,-0.004659516616968062,4.46333885879074,2026
2026-01-31,84211.4,84239.5,75500.0,78706.8,271548.511,1562693,7438979,0.0013336094920084992,-0.06760074825079698,10.95312761305242,2026
2026-02-01,78706.7,79396.8,75644.0,76931.5,186984.08,1287711,6762058,0.0015739589572445751,-0.022814140230901003,4.841994070890294,2026
2026-02-02,76931.6,79311.0,74555.0,78692.5,259646.414,1824410,10356254,0.0020713351901869266,0.022632436753957208,6.183972472334079,2026
2026-02-03,78692.5,79163.0,72889.2,75732.4,307725.516,1591278,8904271,0.0016816450616692275,-0.03834177812058748,8.256853805305978,2026
2026-02-04,75732.4,76952.5,71838.0,73137.4,293124.63899999997,1705629,9146258,0.002070772210272506,-0.03486621033350623,6.877476442336248,2026
2026-02-05,73137.5,73316.3,62233.3,62868.1,670089.7409999999,3673537,19581560,0.005428699115584296,-0.15130098297861494,16.389273171670705,2026
2026-02-06,62868.1,71714.4,59800.0,70544.5,559182.769,3030789,16332904,0.004758598177022217,0.11520483551830729,18.168590330405788,2026
2026-02-07,70544.5,71690.0,67250.0,69254.2,266663.65099999995,1511195,8784245,0.0018399145055322747,-0.01845992331765345,6.393424938283239,2026
2026-02-08,69254.3,72300.0,68843.7,70288.1,162753.587,988866,5758737,0.0011137246769978538,0.014818716902556872,4.89854114447085,2026
2026-02-09,70288.2,71434.9,68271.7,70110.5,222442.82799999998,1388525,8000547,0.001204458459575497,-0.002529941106661937,4.529121319409451,2026
2026-02-10,70110.6,70499.9,67883.0,68805.3,183872.60899999997,1172338,6235581,0.0009881510974053616,-0.018791791987725404,3.7825656348709895,2026
2026-02-11,68805.3,69262.7,65718.5,67054.4,256625.52399999998,1580190,8361548,0.0013971639837810877,-0.025776546611721685,5.252605294837875,2026
2026-02-12,67054.8,68385.0,65081.0,66243.1,199993.25899999996,1333365,6480832,0.0011136494650169208,-0.012172921745413845,4.952085439697932,2026
2026-02-13,66243.2,69473.7,65833.9,68821.5,183043.289,1174566,5506424,0.0007390285360133604,0.038184887622493946,5.381336045571918,2026
2026-02-14,68821.5,70557.7,68689.1,69795.4,114534.24599999998,667648,3101501,0.0003419018001866269,0.014051908896515641,2.6840288999290234,2026
2026-02-15,69795.4,70938.5,68029.6,68796.9,151250.12999999998,848767,4131070,0.0007453521777221497,-0.014409419233244236,4.18703999119071,2026
2026-02-16,68796.9,70110.9,67250.0,68862.5,149579.74799999996,832778,4281080,0.0008130720000303908,0.0009530770142198719,4.166125562500938,2026
2026-02-17,68862.6,69228.6,66588.0,67475.9,149185.12199999997,954144,4735651,0.0007968234168095845,-0.02034126571028594,3.888969090677716,2026
2026-02-18,67475.9,68438.0,65826.1,66422.8,163973.39099999997,895092,4414934,0.0007513127004181886,-0.015730126051371585,3.89118097013854,2026
2026-02-19,66422.8,67299.4,65595.7,66974.0,147432.60099999997,824320,4243601,0.0006057026515689343,0.00826411333764554,2.5641176285193827,2026
2026-02-20,66973.9,68283.7,66408.1,67979.3,225303.97099999996,961954,5164151,0.0007760002476296238,0.014898762693912104,2.7852048098850584,2026
2026-02-21,67979.3,68687.0,67488.9,67933.1,87495.49299999999,413451,1846629,0.00015414251585067694,-0.0006798496940607635,1.759681288091719,2026
2026-02-22,67933.2,68220.0,67150.0,67613.5,84343.42199999999,417223,1863706,0.00014264360198105284,-0.004715730121962025,1.5808854021253187,2026
2026-02-23,67613.6,67655.8,63860.0,64625.8,277151.296,1319821,6630619,0.001045405876158297,-0.04519395539048787,5.773989905790012,2026
2026-02-24,64625.8,64980.0,62401.7,64031.3,223150.569,1139295,5758456,0.001029953210892649,-0.00924168555464,4.048701164692861,2026
2026-02-25,64031.4,69999.0,63876.0,67952.5,299238.81799999997,1382457,6996840,0.0013229577337219166,0.05943690537141322,9.153725225441084,2026
2026-02-26,67952.5,68850.0,66462.0,67448.2,177837.05499999996,1001349,5337568,0.0008468815828734537,-0.007449035815717764,3.5299869411812956,2026
2026-02-27,67448.1,68188.8,64875.6,65836.0,205957.36399999997,1051103,5402389,0.0006997800426897845,-0.024193094681457694,4.980873849126508,2026
2026-02-28,65836.0,67735.0,62979.5,66937.1,257922.78599999996,1214298,6409763,0.0013862941717415291,0.016586571284667784,7.27937564195984,2026
2026-03-01,66937.0,68189.0,65011.0,65750.0,219111.43599999996,1072468,5961363,0.0013523856444197892,-0.01789370140861557,4.77267751711963,2026
2026-03-02,65749.9,70100.0,65234.4,68801.8,277378.03199999995,1491874,7594400,0.0013773172812342272,0.04537023632988202,7.193585688180083,2026
2026-03-03,68801.8,69221.6,66080.0,68295.3,257469.89999999997,1457988,7256084,0.0012761882351512393,-0.007388957234445215,4.644682343406706,2026
2026-03-04,68295.2,74046.5,67350.0,72641.4,357143.496,1888509,9113296,0.0014881117854682237,0.06169405708175546,9.479037137914995,2026
2026-03-05,72641.4,73539.1,70612.8,70854.8,226168.27999999997,1267708,6208035,0.0009515300670709872,-0.024902294628224908,4.060580637862435,2026
2026-03-06,70854.8,71387.5,67712.3,68083.0,213382.70299999998,1198209,5538756,0.000836228192701231,-0.03990516350765638,5.285493667571595,2026
2026-03-07,68083.0,68524.9,66850.1,67232.1,94570.16199999998,542705,2310757,0.00022224421200078576,-0.012576737050743247,2.4744383433222903,2026
2026-03-08,67232.1,68171.6,65569.2,65934.3,155747.97299999997,824705,3935975,0.0008808474794993493,-0.019492020361401075,3.892198233462952,2026
2026-03-09,65934.3,69498.0,65770.5,68394.1,237211.54699999996,1281048,6402136,0.001016006441519962,0.03662777191114586,5.512656564363513,2026
2026-03-10,68394.0,71748.1,68345.0,69901.9,265674.484,1375395,6447895,0.0011299432852661234,0.021806266960288312,4.859296584825377,2026
2026-03-11,69901.8,71286.0,68932.9,70150.0,195627.95599999998,1053215,5153969,0.0007362940805653402,0.0035429759899940905,3.3566387024724262,2026
2026-03-12,70150.0,70756.5,69150.0,70480.1,186490.593,1032180,5027652,0.000606979311057553,0.0046945939206732845,2.2966346984052866,2026
2026-03-13,70480.1,73870.0,70342.7,70895.5,300232.121,1349732,6412789,0.000815470499744401,0.005876561379054124,4.892778024428971,2026
2026-03-14,70895.5,71272.3,70256.0,71174.4,79283.014,433220,1886463,0.00015848832768123252,0.003926241354134774,1.4362038816747034,2026
2026-03-15,71174.4,73199.9,70815.7,72778.9,126474.242,636814,3045577,0.0003230885870590929,0.022292874825144082,3.311332731722084,2026
2026-03-16,72778.8,74880.0,72235.6,74846.4,269076.99,1216828,6268523,0.0009592108043363017,0.0280119354891184,3.5953832999743187,2026
2026-03-17,74846.4,75998.9,73330.3,73872.4,218278.973,1070998,5479878,0.0006829881799789816,-0.013098732995123541,3.574497330498628,2026
2026-03-18,73872.3,74633.0,70456.0,71202.9,226755.469,1112238,5356124,0.0005838513093389702,-0.03680573259591924,5.759436714387821,2026
2026-03-19,71202.9,71598.3,68750.0,69887.4,218646.177,1127580,5571163,0.0006775901180285218,-0.018648172444853728,4.059459412128965,2026
2026-03-20,69887.4,71342.2,69350.0,70472.7,186241.517,988054,4888724,0.0005911743178885459,0.008340025300508813,2.832187093383298,2026
2026-03-21,70472.6,71077.7,68511.3,68881.5,74084.886,413693,1878597,0.0002289664932035634,-0.022837763895362073,3.6774949689491403,2026
2026-03-22,68881.5,69555.8,67300.0,67830.6,134880.56399999998,759126,3656404,0.000494508670522018,-0.015374216323458256,3.29690714840185,2026
2026-03-23,67830.7,71789.8,67400.1,70865.9,291099.67799999996,1463820,7419964,0.002275378755011079,0.04377593818045078,6.309590308449586,2026
2026-03-24,70866.0,71377.5,68884.5,70523.9,196191.94999999998,994620,4920785,0.0006310783385122244,-0.00483769928233535,3.5551504636520384,2026
2026-03-25,70524.0,71999.9,70375.0,71297.5,166515.849,824385,4276151,0.0004675089734715615,0.010909604231418513,2.2826643666347413,2026
2026-03-26,71297.5,71408.1,68115.8,68788.0,186473.61399999997,872779,4295874,0.0005320572242534559,-0.03583195256996774,4.7202110296916056,2026
2026-03-27,68788.1,69142.7,65501.0,66364.2,212351.04799999998,1014186,4882340,0.000637299195731426,-0.03587155666326858,5.410707523122637,2026
2026-03-28,66364.1,67284.0,65888.0,66334.8,89373.49199999998,465775,1936311,0.0001855215460153202,-0.00044310809397174467,2.096613608415691,2026
2026-03-29,66334.8,67100.0,64918.2,65977.9,110278.396,520369,2569247,0.00046707072283493474,-0.005394808897406733,3.30560281481627,2026
2026-03-30,65978.0,68148.4,65754.2,66764.4,187059.06499999997,919950,4757179,0.0007414977536297153,0.011850166883689894,3.5764132899310583,2026
2026-03-31,66764.4,68600.0,65938.0,68241.5,243333.08499999996,1095142,5862363,0.0009878324594536656,0.021882879833517777,3.957762815181567,2026
2026-04-01,68241.4,69288.0,67534.9,68086.5,157276.21999999997,847869,4106767,0.0004930873229055879,-0.002273928566236094,2.5627229730816556,2026
2026-04-02,68086.4,68639.1,65676.1,66868.5,188358.92099999997,965869,4638638,0.0005802648927889243,-0.018050951387651892,4.412725863078554,2026
2026-04-03,66868.6,67350.0,66240.0,66930.0,79267.83299999998,456729,1992751,0.00021340506182409506,0.0009192928819263813,1.6618392779368676,2026
2026-04-04,66930.0,67554.5,66745.5,67271.0,50770.33699999999,261649,974725,6.477009639056252e-05,0.005081940281991493,1.2047800230396726,2026
2026-04-05,67271.1,69108.0,66575.5,68997.9,104918.169,487578,2094751,0.00028479914425661595,0.02534683195696097,3.7333856314042935,2026
2026-04-06,68997.9,70332.5,68227.5,68817.9,166757.23599999998,856509,4113878,0.0004457862482152526,-0.0026121838330954716,3.0386287014342876,2026
2026-04-07,68817.9,72743.4,67711.0,71890.2,232828.24699999997,1060966,5373548,0.0007711228707994847,0.04367606950160052,7.168953203093635,2026
2026-04-08,71890.2,72858.5,70671.6,71038.1,183378.492,864273,4083755,0.0005062850042318162,-0.011923602189256144,3.047540905258898,2026
2026-04-09,71038.2,73128.0,70428.0,71750.4,175806.457,872499,4240779,0.0006458590135098091,0.009977076706329413,3.7620418987319915,2026
2026-04-10,71750.4,73450.0,71382.1,72917.4,156569.666,780007,3530906,0.00036763540594028437,0.0161338641248161,2.855776498502806,2026
2026-04-11,72917.4,73773.4,72451.9,73013.4,80169.67,421305,1757326,0.000176184565964296,0.0013156922849510977,1.8075339624717475,2026
2026-04-12,73013.4,73094.4,70458.2,70711.1,134822.989,623405,2700369,0.0004363083536020496,-0.032040423953327846,3.6732130256629962,2026
2026-04-13,70711.2,74870.0,70517.3,74385.0,213029.519,912144,4357102,0.0005776340507993395,0.050651746615685056,5.98952064566678,2026
2026-04-14,74384.9,76009.0,73766.8,74106.9,183261.49,975020,4218005,0.0005218557040999318,-0.0037456632334151863,2.994298843935289,2026
2026-04-15,74106.9,75425.6,73449.0,74776.2,131029.771,743679,3436946,0.00044211244931622435,0.008991007155882969,2.6555452112267486,2026
2026-04-16,74776.3,75500.0,73256.8,75106.8,158397.72499999998,842276,4081084,0.0006439589727691897,0.004411448078126767,3.016157990199162,2026
2026-04-17,75106.8,78300.0,74480.0,77030.6,239395.91499999998,1174212,5543309,0.0006022244833710727,0.02529164489778779,5.00169700279457,2026
2026-04-18,77030.6,77380.0,75395.9,75653.8,105894.39099999999,562391,2448295,0.00020861643458289195,-0.018035075206288553,2.5975452394745626,2026
2026-04-19,75653.8,76200.0,73700.2,73758.4,128978.21099999998,742979,3539624,0.00035667512439006794,-0.025372783262206156,3.3355949796785627,2026
2026-04-20,73758.4,76531.0,73669.0,75790.1,166149.667,936377,4412505,0.0004729627021874007,0.02717279021925556,3.811380095149021,2026
2026-04-21,75790.1,76999.0,74777.9,76288.2,164760.987,926098,4536844,0.000580595229905684,0.006550596385338281,2.927004797668118,2026
2026-04-22,76288.3,79444.0,76078.6,78139.8,191087.096,1033715,4654803,0.00038673116120949033,0.02398125647138727,4.32853545511628,2026
2026-04-23,78139.7,78648.0,76504.6,78216.8,172485.012,907180,4384196,0.00044139594115682156,0.0009849281223139883,2.763133032095786,2026
2026-04-24,78217.4,78546.0,77206.8,77395.4,127783.00499999999,675513,3111521,0.0002883506072309666,-0.010557110932378322,1.7196904372802964,2026
2026-04-25,77395.3,77847.0,77100.0,77585.0,46592.486,304411,1074571,5.4722103250513854e-05,0.0024467622304360503,0.9642081322734462,2026
2026-04-26,77585.0,78994.8,77280.0,78613.5,79943.305,444956,1958460,0.0002549212887322818,0.01316933087657901,2.1946837611534256,2026
2026-04-27,78614.4,79455.0,76400.0,77331.2,169100.883,833370,3759613,0.00038457489675235607,-0.01644594400122834,3.9208127492124856,2026
2026-04-28,77331.2,77450.0,75635.6,76298.1,103918.877,616492,2755530,0.00019459614452539003,-0.013449460134239644,2.3705495044852194,2026
2026-04-29,76298.2,77873.2,74868.0,75749.9,186533.503,831688,3744656,0.00046433322481850316,-0.007210912019964155,3.9355299959148673,2026
2026-04-30,75749.9,76630.3,75273.5,76305.4,99754.45999999999,552700,2581648,0.0002157718771614474,0.007306584792942772,1.7864412655798685,2026
2026-05-01,76305.4,78879.9,76265.4,78192.0,152998.306,744496,3193414,0.0003004297612623426,0.02442363147826221,3.370708023709389,2026
2026-05-02,78191.9,79145.0,77979.3,78652.9,51441.108,314820,1220863,8.103959056526502e-05,0.005877160515414204,1.4838206284223057,2026
2026-05-03,78652.8,79428.9,78027.0,78529.0,72033.621,455581,1769810,0.00015959229635969336,-0.0015765177245192774,1.78073612390353,2026
2026-05-04,78529.0,80771.7,78128.3,79826.1,280916.582,1153301,5588231,0.0007129195032744884,0.016382535331270986,3.3274309486825278,2026
2026-05-05,79826.1,81745.4,79761.2,80861.9,170921.528,826349,3517847,0.0002678523560683256,0.012892242689519051,2.457236840523484,2026
2026-05-06,80861.9,82828.7,80651.2,81390.1,158200.508,839140,3814275,0.00028904688374762526,0.006510882650880845,2.664093612265824,2026
2026-05-07,81390.0,81680.6,79461.5,79969.4,134727.652,733554,3380745,0.0002656616693720869,-0.017609582488267606,2.7543891938022402,2026
2026-05-08,79969.5,80478.0,79137.4,80155.2,106762.91299999999,609718,2837678,0.0002371017253701986,0.00232069380204436,1.6798272902002032,2026
2026-05-09,80155.2,81043.2,80080.0,80634.0,55957.333999999995,329355,1271383,6.8326521628241e-05,0.005955641488840868,1.1956210827132288,2026
2026-05-10,80634.0,82460.5,80225.1,82177.7,94950.803,521909,2249327,0.0002441925991369742,0.018963578925776048,2.7482957316953693,2026
2026-05-11,82177.7,82350.0,80394.0,81699.1,121990.42099999999,689936,3134296,0.0003240448288417882,-0.005840989825349752,2.403891008912339,2026
2026-05-12,81699.1,81757.3,79801.0,80461.0,121313.95599999999,623823,2704822,0.0002252741367207066,-0.01527039091308069,2.4219066721173763,2026
2026-05-13,80461.0,81270.2,78713.8,79288.3,139700.645,741025,2907428,0.00019716709665963187,-0.014682018208374004,3.196091621512694,2026
2026-05-14,79288.2,81999.0,78869.4,81048.9,175883.625,894468,3735245,0.0004165628072579854,0.021962099448415984,3.891373214228435,2026
2026-05-15,81048.8,81623.8,78610.0,79074.0,153823.50499999998,796557,3558190,0.000304642886601635,-0.02466855333056195,3.7621968304609608,2026
2026-05-16,79074.0,79199.7,77601.8,78104.2,86150.451,476461,1893984,0.00011116057649273433,-0.012340290281402488,2.0381888137976687,2026
2026-05-17,78104.3,78564.3,76666.0,77430.4,86217.669,456357,1935246,0.00014504040193849698,-0.008664364266769198,2.4459073217403824,2026
2026-05-18,77430.4,77757.5,76014.2,76963.2,178363.49899999998,924553,4327873,0.00035498108966873433,-0.006052082807030956,2.267484449081152,2026
2026-05-19,76963.2,77384.6,76107.1,76799.9,99046.639,561108,2665616,0.00024452627995176897,-0.002124047465159151,1.6646235583624234,2026
2026-05-20,76800.0,77825.8,76485.0,77510.3,107607.40599999999,571674,2742623,0.0002039516677928524,0.009207492684810248,1.737835257278665,2026
2026-05-21,77510.3,78180.0,76696.7,77586.2,117095.161,597853,2866709,0.0002890426697900685,0.0009787455688421431,1.915517768902875,2026
2026-05-22,77586.3,77862.7,75322.0,75513.1,116206.21299999999,573985,2569349,0.0002395026513779077,-0.02708342518545237,3.317476239886835,2026
2026-05-23,75513.1,77427.0,74203.6,76715.2,153827.753,673642,3004860,0.0002979567034996445,0.01579371230820037,4.252289045881685,2026
2026-05-24,76715.3,77600.0,76056.0,77030.3,91134.27699999999,488661,2234138,0.00021613150222636425,0.004098987497968665,2.0097516132443745,2026
2026-05-25,77030.3,77887.9,76871.4,77281.5,76708.408,444961,1931005,0.00013144620500816592,0.003255748709964479,1.3136717707549648,2026
2026-05-26,77281.5,78077.1,75641.2,75905.5,164920.082,779108,3665650,0.0003866999868332452,-0.017965454109450718,3.16956917353277,2026
2026-05-27,75905.6,76155.5,74210.0,74418.1,144715.46099999998,728534,3448760,0.00027466373472800356,-0.019789953723066134,2.5878390620959597,2026
2026-05-28,74418.0,74565.3,72556.0,73591.4,179445.677,856370,3962599,0.0003867880306745461,-0.011171020739757509,2.7316574046274114,2026
2026-05-29,73591.4,74293.1,72436.0,73428.2,146157.182,684000,3330599,0.00037870457483448833,-0.002220113060205975,2.5314667275840397,2026
2026-05-30,73428.2,74108.8,73130.1,73856.8,52543.685999999994,290265,1170355,7.595021330911674e-05,0.005820025254697825,1.3294236975571374,2026
2026-05-31,73856.9,74250.0,73340.7,73653.2,58241.458999999995,332152,1441196,0.00012308508722584703,-0.002760492567167816,1.2322070498322517,2026
2026-06-01,73653.2,74070.5,70650.9,71391.5,213471.128,919099,4458372,0.00040357533291855637,-0.03118877606906878,4.7266494470783575,2026
2026-06-02,71391.5,71397.0,66150.7,66730.0,346702.152,1456596,7127356,0.0008416421997838454,-0.06752418772424562,7.632037914052766,2026
2026-06-03,66730.1,67493.8,64050.8,64117.7,310901.538,1300320,6966925,0.0011276553679553441,-0.03993417006080868,5.2359223301253355,2026
2026-06-04,64117.7,64739.8,61344.8,63853.4,431174.611,1909907,10874585,0.002453625425344184,-0.004130625989649417,5.386575122470621,2026
2026-06-05,63853.4,63955.0,59080.0,61022.0,478161.88499999995,2287941,13001562,0.0027791651770755323,-0.04535537597468853,7.928725338817733,2026
2026-06-06,61022.0,61500.0,59451.3,60849.7,174760.84299999996,947578,5613152,0.0010212232509224043,-0.002827565625107553,3.3879684799540346,2026
2026-06-07,60849.7,64250.0,60708.0,63298.5,217479.03299999997,1045379,5625457,0.0015324980320872608,0.039454742921634534,5.670623867752983,2026
2026-06-08,63299.0,64179.5,62377.0,63057.9,184441.05299999999,1003974,5553169,0.0008332931826661086,-0.0038082802419996398,2.848722737649948,2026
2026-06-09,63057.9,63499.9,60755.0,61695.0,221399.474,1057930,5499289,0.0006959931823806712,-0.02185046159439885,4.418894773368138,2026
2026-06-10,61694.9,62840.2,60691.9,61483.7,193054.264,1020328,5545622,0.0009012380567449327,-0.0034307913179123517,3.478475007051841,2026
2026-06-11,61483.6,63915.3,61483.6,63597.9,193994.574,860503,4464945,0.0005675754568634418,0.033808351900432854,3.8788296758907133,2026
2026-06-12,63598.0,64362.6,62800.0,63547.0,145723.78199999998,766850,3586119,0.00041771509189861896,-0.000800661335517816,2.4577645596647235,2026
2026-06-13,63547.0,64738.0,63360.0,64418.2,76161.38699999999,394834,1605728,0.00012860124098236609,0.013616412282145163,2.1515607712758213,2026
2026-06-14,64418.3,65775.0,63650.0,65702.1,116733.45799999998,552757,2420457,0.0002910176215758531,0.019734686570419768,3.284050192294099,2026
2026-06-15,65702.1,67255.4,65314.3,66285.9,167952.941,804613,3579313,0.00039229831469614844,0.008846316441090352,2.9286311068076447,2026
2026-06-16,66285.9,66956.7,65328.8,65644.8,129106.42599999999,662329,3186832,0.0003706984878649099,-0.009718815200255193,2.4613161412779574,2026
2026-06-17,65644.8,66419.2,63881.2,64472.9,199486.299,912616,4631138,0.000852179341633955,-0.01801340921779193,3.8961062918510767,2026
2026-06-18,64472.9,64780.0,62232.1,62924.1,187698.716,821139,4005801,0.0005347939699843365,-0.02431574229537148,4.012596994965545,2026
2026-06-19,62924.0,63645.0,62237.2,63512.6,112226.881,556139,2721632,0.0003791793273044265,0.009309073234085474,2.236787561074328,2026
2026-06-20,63512.5,64370.9,63136.2,64270.0,95676.696,493406,2147300,0.00022769513845821157,0.011854647971373922,1.9367370035248423,2026
2026-06-21,64270.1,64568.0,63220.0,63287.1,84982.07599999999,449103,1903594,0.00021107214707226214,-0.01541144247056181,2.109822523459956,2026
2026-06-22,63287.2,65597.2,63286.2,63990.2,161843.00799999997,763970,3838509,0.0004325328603362288,0.011048429722208652,3.586571620833534,2026
2026-06-23,63990.1,64247.2,61870.0,62696.7,172919.239,803124,3993212,0.0004077858955520181,-0.0204211319600045,3.7702733516269156,2026
2026-06-24,62696.7,63209.6,59060.0,61051.2,278097.304,1216960,5937738,0.0007140732349232001,-0.026595958291645516,6.790231203576778,2026
2026-06-25,61051.2,61931.1,58030.0,59771.9,301830.174,1380518,6739577,0.001492807986846286,-0.021177205529603782,6.50623585790531,2026
2026-06-26,59772.0,60734.0,58288.0,60072.0,282095.151,1289006,6983368,0.0011694182982640105,0.005008191943995044,4.110743277970244,2026
2026-06-27,60071.9,60924.7,59819.8,60000.3,81302.593,447371,1933235,0.00021681535822290485,-0.0011942805879829876,1.8301965579364876,2026
2026-06-28,60000.4,60543.3,58888.0,59550.2,103598.69699999999,554515,2643496,0.00038673783380288433,-0.007529907891681731,2.7721476766846225,2026
2026-06-29,59550.2,60758.3,58850.0,60224.7,227776.275,1063389,5844739,0.0008542766206840275,0.011262912850559914,3.191186469635988,2026
2026-06-30,60224.7,60250.0,58160.0,58605.4,191646.30099999998,890137,4297703,0.0004950923010241975,-0.027255724660429692,3.53047391455004,2026
2026-07-01,58605.4,61322.0,57758.6,59999.6,263938.48099999997,1075452,5246380,0.0006759335878414006,0.0235110530251621,5.986641319409733,2026
2026-07-02,59999.6,62180.0,59555.0,61540.6,235950.072,993175,4765923,0.0005203617827729856,0.025359224069411823,4.313314929774357,2026
2026-07-03,61540.5,62957.2,61229.0,62565.5,132498.494,642959,2834351,0.0002892635508994754,0.016516888371105765,2.7834196946110303,2026
2026-07-04,62565.5,63450.0,62302.6,63114.8,79649.52399999999,476889,1885110,0.0001895378673925645,0.008741282407251916,1.8249035690457887,2026
2026-07-05,63114.9,63990.7,62410.1,63617.1,92627.144,490496,2089318,0.00018769483707985592,0.007927011751121427,2.50106390487971,2026
2026-07-06,63617.2,64691.9,61297.0,64023.6,242793.799,1029854,5073937,0.0007784558600262421,0.006369463255998298,5.390509836667735,2026
2026-07-07,64023.5,64298.1,62638.0,63335.4,177205.838,852609,4096702,0.0004519975006950855,-0.010807350849175279,2.615795912526152,2026
2026-07-08,63335.4,63740.2,61520.0,62255.3,163095.72499999998,794301,3867222,0.0004862003840531404,-0.017200742256111567,3.5453121533976644,2026
2026-07-09,62255.1,63484.9,61666.0,63197.0,150854.29299999998,798504,3623198,0.00045109637437016676,0.015013159388908903,2.906935680430885,2026
2026-07-10,63197.1,64680.0,62897.0,64129.5,138788.057,693350,2973359,0.00025901942185632985,0.014647644795626746,2.795356689351922,2026
2026-07-11,64129.5,64497.4,63668.8,63783.0,53674.895,333668,1277015,0.00011959686544564815,-0.005417779303011017,1.293026624118667,2026
2026-07-12,63783.1,64271.9,63602.8,63750.0,60091.945999999996,386678,1549044,0.00011568738861141492,-0.0005175131258035037,1.0465027194007404,2026
2026-07-13,63749.9,64411.8,61806.0,62307.0,195782.223,798181,3928956,0.0003902829330834447,-0.022895405006426728,4.129639900982916,2026
2026-07-14,62307.0,65130.0,62240.9,65014.7,190875.183,766305,3668512,0.0004116471808714951,0.0425396191407561,4.537293263847927,2026
2026-07-15,65014.6,65589.7,64450.9,64721.4,132223.614,660054,3001694,0.0002830671924142347,-0.004521494012584171,1.7514977826098632,2026
2026-07-16,64721.4,64974.5,63712.6,63801.0,130469.46199999998,653579,2952021,0.00028964972287069386,-0.01432303995117934,1.9612540014890254,2026
2026-07-17,63801.1,64356.7,62505.1,63909.9,165852.813,724806,3536821,0.0003462386951713002,0.0017054147515054296,2.919289331308331,2026
2026-07-18,63909.9,64837.4,63859.6,64806.7,49226.738,287959,1078072,6.088501695719699e-05,0.01393471411445013,1.5195673793826425,2026
2026-07-19,64806.7,64948.8,64259.5,64694.7,62795.03,349060,1450757,9.4953910271481e-05,-0.0017297114614116538,1.0669694428045207,2026
2026-07-20,64694.8,65788.0,63736.1,65224.8,179506.147,756466,3998559,0.0005354276024454019,0.008160483095515758,3.1686329830178948,2026
2026-07-21,65224.7,66924.1,65115.3,66522.4,138894.91499999998,665207,2926105,0.00022419577391690585,0.01969896833934648,2.7399596784154343,2026
2026-07-22,66522.3,66711.0,65505.0,66082.0,116810.61499999999,543710,2548708,0.0001938788596796504,-0.00664233794997493,1.8243381259770775,2026
2026-07-23,66082.0,66284.1,64636.0,65069.6,124767.77799999999,574313,2557117,0.0001968655489864855,-0.015438928836598365,2.5178518316114706,2026
2026-07-24,65069.6,65780.0,63666.0,64116.5,147537.47199999998,623454,2732802,0.00025952795295369307,-0.014755725163244193,3.2665172641402673,2026
2026-07-25,64116.5,64417.1,63760.5,64338.1,46247.634,271082,860616,4.095195450862241e-05,0.0034502496575647967,1.0245249455947614,2026
2026-07-26,64338.0,65555.0,64256.4,65375.1,65763.163,352539,1305101,8.479757124494732e-05,0.015989461264373617,2.000815524193014,2026
2026-07-27,65375.2,65722.5,63567.0,63720.8,147831.73299999998,635648,3142344,0.0003111389965774277,-0.025630412129782343,3.3346864852973668,2026
2026-07-28,63720.7,64084.5,62660.1,63903.6,144273.862,630424,3031274,0.000309428516102152,0.0028646579338857947,2.247764357633361,2026
2026-07-29,63903.6,64715.9,63234.0,63958.9,179976.299,767534,4117256,0.00041377551901439284,0.000864991744224497,2.3164789749111354,2026
2026-07-30,63958.9,65157.0,63576.4,64750.0,112855.73199999999,522157,2430250,0.00023491932364545193,0.012293011010690691,2.4557409857812007,2026
2026-07-31,64750.0,65391.3,62410.5,62859.9,174964.935,733924,3354622,0.0002912125050755082,-0.029625260048270263,4.665569164079942,2026
2026-08-01,62859.9,63126.6,62228.8,62792.3,54738.143,311455,1084259,5.6247026338968724e-05,-0.00107598603959147,1.4324318717630842,2026
2026-08-02,62792.3,63779.0,62782.3,63550.0,84040.40699999999,411765,1601195,0.00016765540505603454,0.011994543143678982,1.57507959487636,2026
2026-08-03,63550.0,64058.8,62268.2,63497.2,151843.862,670225,3059275,0.0002464323375821549,-0.0008311871971979912,2.83505494761173,2026
2026-08-04,63497.1,64512.9,63290.2,64075.5,130025.29999999999,575124,2731792,0.00022464694658855272,0.009066265136866036,1.9134704965291016,2026
2026-08-05,64075.6,65022.0,63847.0,64633.9,145120.247,575061,2629385,0.00022203037975062901,0.008676965372810486,1.8236077915578432,2026
2026-08-06,64634.0,64971.7,64111.0,64300.0,99304.784,475844,1974235,0.00013433611667357733,-0.005179409704368254,1.333583440472592,2026
2026-08-07,64299.9,65358.0,64128.3,64885.4,124388.37999999999,552598,2397414,0.00015721485965892586,0.0090630056796428,1.8994086173248388,2026
2026-08-08,64885.5,65163.0,64784.3,64928.5,26438.301999999996,209126,560786,1.8428619262471065e-05,0.0006640275283871233,0.5828533137552372,2026
2026-08-09,64928.6,65482.7,64700.0,64867.8,47848.462,304601,904924,4.820621365885217e-05,-0.0009353117835413371,1.2024784110551945,2026
2026-08-10,64867.8,65373.6,63788.0,63939.3,128825.72799999999,562501,2286748,0.00019501377187448537,-0.01441715685982281,2.4553422356100594,2026
2026-08-11,63939.3,64470.0,63211.6,63572.0,106023.646,490026,1878765,0.00012439581057812832,-0.005761073973665987,1.9712170708114547,2026
2026-08-12,63571.9,64450.0,63283.0,63454.7,114432.813,498411,2120935,0.0001346746283362125,-0.0018468563434517193,1.8272998705669385,2026
2026-08-13,63454.6,63990.7,62800.0,63456.7,122666.09199999999,487976,2091944,0.00020406952027276316,3.151805117873607e-05,1.8782686826634643,2026
2026-08-14,63456.7,63595.1,62484.2,63015.0,105347.757,446611,1957954,0.00010774040027884603,-0.006984990252846046,1.7622698569826376,2026
2026-08-15,63014.9,63170.0,62890.2,63053.9,25131.184999999998,188147,549548,2.146283563958993e-05,0.0006171228785945004,0.4439156204426223,2026
2026-08-16,63053.9,63370.0,62681.1,62876.0,39928.075,257879,756956,3.620882810309369e-05,-0.002825383302058171,1.0930596544033344,2026
2026-08-17,62876.0,64600.8,62723.9,64504.1,138249.331,547648,2236208,0.0001896596603225383,0.025564254806983655,2.9484239381369686,2026
2026-08-18,64504.1,65057.9,63979.2,64694.0,97513.88799999999,410028,1636466,0.0001367662405930572,0.0029396738304132697,1.6719612091211027,2026
2026-08-19,64694.1,70450.0,64131.3,69310.0,326496.48199999996,1206966,5388815,0.0008904164109115085,0.0689207344265057,9.397069406550484,2026
2026-08-20,69310.1,73399.7,68882.1,72998.7,289461.823,1387547,6661451,0.0009122807614659938,0.05185243684075047,6.3523500959046935,2026
2026-08-21,72998.8,79555.5,72992.4,78309.1,450262.072,2141960,10546515,0.0020640946336540206,0.07022218314107498,8.609956516058958,2026
2026-08-22,78309.1,78831.8,76510.0,77084.5,128937.44399999999,808268,3803207,0.0005211331119498383,-0.0157615931666939,2.9895017513832967,2026
2026-08-23,77084.5,78057.6,75588.0,77719.1,131081.334,691535,3238550,0.00042322244945798695,0.008198821666285383,3.2149475271698797,2026
2026-08-24,77719.0,79974.8,76649.0,78953.0,232502.34999999998,1215339,5914733,0.0007148632937902158,0.015751694301782138,4.247502613265746,2026
2026-08-25,78952.9,81270.5,77808.1,78505.4,239701.55999999997,1208651,5743532,0.0008103068613113691,-0.005685326481723152,4.353755820242966,2026
2026-08-26,78505.5,79200.0,77600.0,78989.4,134364.36,721444,3532420,0.0003969703179654658,0.006146254017894037,2.0408871631207033,2026
2026-08-27,78989.4,80845.1,78522.1,80208.9,165462.463,806654,3801694,0.00045018526508030306,0.015320815034783664,2.9154864296862715,2026
2026-08-28,80208.9,81500.0,76853.1,77805.9,222422.10599999997,979963,4680910,0.0005526051105082351,-0.03041721749948678,5.87072127543749,2026
2026-08-29,77805.9,78314.9,77353.0,78200.7,48192.111,308458,1207066,8.335679236238007e-05,0.0050613351332913226,1.2358517623584366,2026
2026-08-30,78200.6,79384.4,76947.2,77634.6,89891.71599999999,506107,2268832,0.0002298025770201332,-0.007265394813313009,3.118240303959789,2026
2026-08-31,77634.6,79228.5,77350.7,78549.6,129516.69099999999,705632,3545613,0.00040954193491685766,0.01171706828622554,2.398645582340894,2026
