construction,fold,side,model,horizon_minutes,observations,pearson_ic,spearman_ic,ic_days,day_mean_ic,day_ic_standard_error,day_ic_t_stat,day_ic_p_value,day_ic_fdr_bh
event_200,1,sell,relative_imbalance_power,5,1310407,-0.0017428457640913096,0.00043491779020993747,365,-0.006161305243593627,0.0016657067327985717,-3.6989135736048517,0.00021652430935421572,0.001124801607034887
event_200,1,sell,relative_imbalance_power,10,1310407,0.0005784746966270577,0.001738836275964826,365,-0.0062580465452431715,0.0018670513986772134,-3.3518341003771686,0.0008027810943106942,0.003184281756981834
event_200,1,sell,relative_imbalance_power,15,1310407,0.0016216240237318085,0.0001783960250846952,365,-0.0064999000718706165,0.0019331895106652407,-3.3622674011064233,0.0007730522335315437,0.0031025507700262623
event_200,1,sell,relative_imbalance_power,30,1310407,0.0029925678744542696,0.0007316314215381797,365,-0.006295856337633915,0.0021176552726464115,-2.9730317389034,0.002948739579604433,0.009461196512099786
event_200,1,sell,normalised_flow_power,5,1310407,-0.0013416251592213344,0.003762254299497593,365,-0.0012935872963198859,0.001463996020380403,-0.8836002819077073,0.37691202681557984,0.5234889261327498
event_200,1,sell,normalised_flow_power,10,1310407,0.000246091976243347,0.00445678792414373,365,-0.0011389087030407434,0.0014780141959051321,-0.7705668228330369,0.440963732709172,0.5788006442733198
event_200,1,sell,normalised_flow_power,15,1310407,0.00037413586544408754,0.003512744053378549,365,-0.0017437943959871835,0.0014916513982134668,-1.1690361421413242,0.2423890700832476,0.37987360646187746
event_200,1,sell,normalised_flow_power,30,1310407,0.0011349850189892046,0.002599288502778214,365,-0.001579173852994739,0.0015296243954790302,-1.032393218663456,0.30188794744114417,0.4551074584539862
event_200,1,sell,normalised_flow_log,5,1310407,-0.0012358813121471624,0.004763113678489485,365,-0.0017931500507375863,0.001460607957192809,-1.2276737518148957,0.2195694636070404,0.352722029890828
event_200,1,sell,normalised_flow_log,10,1310407,0.0004388501597978196,0.005500108124791253,365,-0.0015340683095062984,0.0015053642807273439,-1.0190678290606747,0.30817076595209303,0.4603359376046665
event_200,1,sell,normalised_flow_log,15,1310407,0.0005439148204061462,0.004446807457887691,365,-0.002019626390427629,0.0015192292289362577,-1.3293756807468364,0.18372405706405817,0.30077608250596155
event_200,1,sell,normalised_flow_log,30,1310407,0.0011011646650943084,0.0032098628945401273,365,-0.0018321884779980975,0.001574844163639225,-1.163409383798451,0.24466344408268662,0.3822866313791979
event_200,1,sell,surface_power,5,1310407,-0.0011029682898591128,0.005202318980730232,365,-0.0010520665028256808,0.001520864410749455,-0.6917556196263682,0.4890908115763799,0.617149289055369
event_200,1,sell,surface_power,10,1310407,0.0008079442784223186,0.006065980539444652,365,-0.0007870410049936533,0.00156919122879302,-0.5015583764121753,0.6159782046851354,0.7336550117006201
event_200,1,sell,surface_power,15,1310407,0.000942951827476301,0.004536218000054709,365,-0.001408617905707072,0.0015797367781292405,-0.8916788703085009,0.372565082176655,0.5188232106357545
event_200,1,sell,surface_power,30,1310407,0.0015375531648923059,0.0032505715796499117,365,-0.0014592582862287,0.0016369498049576387,-0.891449622834625,0.3726880063066837,0.5188232106357545
event_200,1,sell,surface_log_activity,5,1310407,-0.001080450015401995,0.005134904157629085,365,-0.001080442684183741,0.0015167376540265105,-0.7123464504988523,0.4762502666895196,0.6041229598598558
event_200,1,sell,surface_log_activity,10,1310407,0.0008275272566903448,0.0060080086690610735,365,-0.0008263186198299361,0.0015653565970411149,-0.527878836932025,0.5975834342104889,0.7178179389915783
event_200,1,sell,surface_log_activity,15,1310407,0.0009721382003708071,0.004498587659191266,365,-0.0014468565701722378,0.0015769780924631254,-0.9174867914064379,0.35888761128382707,0.5094852939717902
event_200,1,sell,surface_log_activity,30,1310407,0.0015770864282757724,0.003228889066559983,365,-0.001507316432455214,0.0016353691736021177,-0.9216979607944727,0.35668614454493247,0.5079483123352453
event_200,1,buy,relative_imbalance_power,5,1305585,-0.0024068232157851864,0.00025809137061699744,365,-0.006315771520333182,0.0016867697848887712,-3.7442996530493673,0.00018089765611608552,0.0009822497164674326
event_200,1,buy,relative_imbalance_power,10,1305585,-0.0007207099442416964,0.0011237115806505477,365,-0.004531362584468224,0.0017015585834606866,-2.6630658670900345,0.00774322556427301,0.02150895990075836
event_200,1,buy,relative_imbalance_power,15,1305585,-0.0019983167049716513,-0.00009032501227987333,365,-0.005405019335845799,0.0018416104673535131,-2.934941689168982,0.003336103740641072,0.010479907038663054
event_200,1,buy,relative_imbalance_power,30,1305585,-0.0011204276604074041,0.0002237539758440683,365,-0.005067768171751761,0.0020378235314776278,-2.486853298861024,0.012887853154435218,0.032835294660981444
event_200,1,buy,normalised_flow_power,5,1305585,-0.0012561668178032042,0.002126243500547497,365,-0.0004290075559352342,0.0013384659517994874,-0.320521829754772,0.748572784784413,0.8309781144692837
event_200,1,buy,normalised_flow_power,10,1305585,-0.0004574298446930305,0.002320469865858093,365,0.000997012461209109,0.0013504372594412488,0.7382886203996094,0.46033908010601976,0.5922785555039968
event_200,1,buy,normalised_flow_power,15,1305585,-0.0009971595434135217,0.0012090780401270791,365,0.00028520353360642065,0.0014054421479165334,0.20292797823746378,0.8391913257519106,0.9007420312185087
event_200,1,buy,normalised_flow_power,30,1305585,-0.0007111970810099833,0.000675979631968611,365,-0.00033659460738147016,0.001563271090483715,-0.21531429157134827,0.8295222878688836,0.8927594129530586
event_200,1,buy,normalised_flow_log,5,1305585,-0.0006842965125064534,0.002903304311652445,365,-0.0006624150870708681,0.0014032502348637764,-0.47205770618322646,0.6368855997488866,0.7514874333320195
event_200,1,buy,normalised_flow_log,10,1305585,0.00012909105539460014,0.002993245659970059,365,0.0009222516881235673,0.001387460635191624,0.6647047597110342,0.5062393488948277,0.6334590392844559
event_200,1,buy,normalised_flow_log,15,1305585,-0.0004629395838890455,0.0017182402910904714,365,0.00012155477401603206,0.0014475785465850677,0.08397110768378525,0.9330794033439878,0.9555950991979543
event_200,1,buy,normalised_flow_log,30,1305585,-0.0003063966346487382,0.0010442807077566353,365,-0.0005873300661431737,0.0015933851984639626,-0.368605197732077,0.712422020759061,0.8028711565366656
event_200,1,buy,surface_power,5,1305585,-0.0010590522917488243,0.003431546713809691,365,-0.00026889663762739736,0.0014178789259463114,-0.18964710787836284,0.8495856702763733,0.906224714961465
event_200,1,buy,surface_power,10,1305585,0.00012525361236887843,0.0036530995300418554,365,0.0015983839197250167,0.0014299292221802498,1.117806318614791,0.26364972229766637,0.408231828073806
event_200,1,buy,surface_power,15,1305585,-0.0007423646503257692,0.0020787025802435706,365,0.0007098614340824796,0.0015016992233585344,0.4727054679397663,0.6364233249944142,0.7514874333320195
event_200,1,buy,surface_power,30,1305585,-0.0005839366335943655,0.0014027210549093893,365,5.7246003064238505e-6,0.0016631926440311346,0.0034419345990786424,0.997253738946556,0.998085476843926
event_200,1,buy,surface_log_activity,5,1305585,-0.001032265663053055,0.0033851833095810712,365,-0.00031824117958839307,0.0014170196261428978,-0.2245848778076842,0.8223022301480263,0.8873765073539852
event_200,1,buy,surface_log_activity,10,1305585,0.00011662434863662773,0.0036107258287657986,365,0.0015173110320566576,0.0014265966789187882,1.0635879463890392,0.2875154051921273,0.4367322610513326
event_200,1,buy,surface_log_activity,15,1305585,-0.0007318240718627076,0.002077239555450228,365,0.0006385716906629035,0.0014993078827475414,0.4259109806670898,0.6701727132792209,0.7767922844023029
event_200,1,buy,surface_log_activity,30,1305585,-0.0005686387022461335,0.0013987467520493206,365,-0.00007071554264268865,0.0016616989813378023,-0.04255616897938814,0.9660553359003352,0.9807668384774976
event_200,2,sell,relative_imbalance_power,5,883856,-0.006814163291442706,-0.007182938297539187,365,-0.02162661511628398,0.002435688396076676,-8.879056594890955,6.742979617485419e-19,1.1559393629975003e-16
event_200,2,sell,relative_imbalance_power,10,883856,-0.0032245372253805844,-0.007183125416979547,365,-0.020236632489824963,0.0025990474496484332,-7.78617277362994,6.9069485127715786e-15,4.362283271224155e-13
event_200,2,sell,relative_imbalance_power,15,883856,-0.00468534568577791,-0.007708074828234891,365,-0.019830798830390572,0.0026398122157641453,-7.5122005694068505,5.814161719276466e-14,3.0334756796225042e-12
event_200,2,sell,relative_imbalance_power,30,883856,-0.0023740178072981623,-0.007451790107333218,365,-0.021183310382011766,0.0027203532255802385,-7.7869705238346265,6.863495601779995e-15,4.362283271224155e-13
event_200,2,sell,normalised_flow_power,5,883856,-0.002344674548513932,0.000045969336403444584,365,-0.0037295105250906135,0.0018502756108805076,-2.015651345755899,0.04383644662218556,0.09196457333325642
event_200,2,sell,normalised_flow_power,10,883856,-0.0014109193154842347,-0.0014034846775063553,365,-0.003803679086533677,0.001898829749353802,-2.003170156686307,0.045159027737064567,0.09401566586237126
event_200,2,sell,normalised_flow_power,15,883856,-0.0034154684540284807,-0.002268300109542107,365,-0.003771240492121234,0.001973556732808819,-1.9108852709564135,0.05601932629255257,0.11166643114794532
event_200,2,sell,normalised_flow_power,30,883856,-0.0021169272590068604,-0.002572627985312007,365,-0.005250933991352182,0.001970293775701657,-2.6650513015411774,0.007697657887853228,0.02148183596610203
event_200,2,sell,normalised_flow_log,5,883856,-0.0037462951055263274,-0.00044230594360696333,365,-0.008372741923046805,0.0019732984187128154,-4.243018614745738,0.00002205331350221145,0.00017296716472322706
event_200,2,sell,normalised_flow_log,10,883856,-0.002476655273881089,-0.0018698081555748587,365,-0.008059403159749063,0.0020123379191873286,-4.004994927990925,0.00006201881183991004,0.0004044705119994133
event_200,2,sell,normalised_flow_log,15,883856,-0.004473682601361954,-0.0028201008824963823,365,-0.007821495707433077,0.002022083326136475,-3.8680382783123677,0.00010971444512570111,0.0006517689809447591
event_200,2,sell,normalised_flow_log,30,883856,-0.0030667801546109576,-0.0029791847516784883,365,-0.00924762028209061,0.002044904170207028,-4.522275623876483,6.117832371640214e-6,0.00005968616947941672
event_200,2,sell,surface_power,5,883856,-0.003721428159583055,-0.0003433467064740308,365,-0.007213508350828727,0.0020671800007004046,-3.4895405085114195,0.0004838517187004356,0.0021155067886527343
event_200,2,sell,surface_power,10,883856,-0.002327398024269608,-0.002008283562324164,365,-0.007023374252118114,0.0021416272722053157,-3.2794568612706714,0.0010400711005705678,0.0038857776130745794
event_200,2,sell,surface_power,15,883856,-0.00425312069084476,-0.003057560869072144,365,-0.006801752295521444,0.0022016396734012003,-3.0894030379702255,0.0020055916023459415,0.006915833111537729
event_200,2,sell,surface_power,30,883856,-0.002495085059827434,-0.0031364505661803173,365,-0.00810974149498389,0.0022236996189547915,-3.646959070306323,0.000265362173591322,0.0013050598701212556
event_200,2,sell,surface_log_activity,5,883856,-0.0035774529831699565,-0.00018994771893280314,365,-0.0068379751885486425,0.002053377490498201,-3.330111107280901,0.0008681133607395363,0.0033604388157659473
event_200,2,sell,surface_log_activity,10,883856,-0.002216814206107335,-0.0018552860195459855,365,-0.006696444494096281,0.002123876198794024,-3.1529354196344617,0.0016163756171499774,0.005654958427346859
event_200,2,sell,surface_log_activity,15,883856,-0.004154481246429112,-0.002913334944188209,365,-0.006498272657455791,0.002184884329725996,-2.974195278461598,0.002937580623408994,0.009461196512099786
event_200,2,sell,surface_log_activity,30,883856,-0.0024200291994838376,-0.0030205271048790168,365,-0.007796799183075608,0.0022058425997583285,-3.5346126618145024,0.000408373304093185,0.0018492376034408378
event_200,2,buy,relative_imbalance_power,5,870442,-0.00008820307285648214,-0.0006417631202597887,365,-0.00327192514502333,0.002262950812486945,-1.4458666653154246,0.14821460326424934,0.25444567083991304
event_200,2,buy,relative_imbalance_power,10,870442,-0.0012477211837126608,0.0004963042808647921,365,-0.0023488003272225015,0.002515752643802284,-0.9336372290053714,0.35049105448129725,0.5024135170367633
event_200,2,buy,relative_imbalance_power,15,870442,0.0012113839095309966,0.0006336315329879573,365,-0.0025539047843938143,0.00259747936013702,-0.9832242841225476,0.32549706543348333,0.4807119943660101
event_200,2,buy,relative_imbalance_power,30,870442,-0.0021543654057709907,-0.0011148045295167953,365,-0.005549072011829917,0.0026400930972590134,-2.1018470968281577,0.035566672019159334,0.07816850993221831
event_200,2,buy,normalised_flow_power,5,870442,-0.000984956972322494,0.005481362993498494,365,0.005030031158364411,0.001813113897751966,2.7742499600278943,0.0055329148187581514,0.015960331207956206
event_200,2,buy,normalised_flow_power,10,870442,-0.000946757656571532,0.005317063101154629,365,0.004001369373642983,0.0019614051628750405,2.0400524325008655,0.04134510372513988,0.08765746372821176
event_200,2,buy,normalised_flow_power,15,870442,0.0019264184508880529,0.006002723129119585,365,0.003965006046697688,0.0018894119583771397,2.098539722434765,0.03585749475953685,0.07866360824761283
event_200,2,buy,normalised_flow_power,30,870442,0.00011086104500426807,0.004421398262771485,365,0.002126558959833267,0.0019022455342479227,1.117920332337134,0.26360102038748034,0.408231828073806
event_200,2,buy,normalised_flow_log,5,870442,-0.0004910195155171977,0.005059508738067957,365,0.0020456078288293117,0.0018482342373747327,1.1067903556071617,0.2683845789623037,0.41239298189634654
event_200,2,buy,normalised_flow_log,10,870442,-0.00013610987395620415,0.0052835004926622044,365,0.0019012862132890044,0.0019932020443902214,0.953885341749518,0.34014168405666145,0.49236431950300813
event_200,2,buy,normalised_flow_log,15,870442,0.0027893372620713054,0.005793907172394133,365,0.0016624597217107932,0.0019678466967427166,0.8448116026835749,0.39821603542005624,0.5436396387987116
event_200,2,buy,normalised_flow_log,30,870442,0.0006367590172838494,0.003945787139245159,365,-0.0007547468592531238,0.001979736242116639,-0.3812360673087364,0.7030280884853106,0.7986806129773973
event_200,2,buy,surface_power,5,870442,-0.00046660467855586695,0.005660490132959589,365,0.003917056648167919,0.0019182615599446324,2.0419825585625446,0.041153261454576734,0.0874051570716674
event_200,2,buy,surface_power,10,870442,-0.0006585278423127981,0.0055807964947224556,365,0.0032404030787292247,0.002100609193026987,1.5426015888561306,0.12292747230279051,0.21757074743856725
event_200,2,buy,surface_power,15,870442,0.0021933249582001546,0.006043081728809192,365,0.0031567805692844504,0.0020765239513751473,1.5202235289383101,0.128454805815432,0.22568926351173996
event_200,2,buy,surface_power,30,870442,-0.00005610199301126053,0.004103469987398567,365,0.0010247306666871846,0.0021060737811880543,0.48655971877164017,0.6265703751969827,0.7437037094326203
event_200,2,buy,surface_log_activity,5,870442,-0.0004102905586860267,0.005656907254908032,365,0.003906091411088179,0.0019158554312312392,2.0388236750086617,0.04146762857034471,0.0877621768684544
event_200,2,buy,surface_log_activity,10,870442,-0.0005964631732507977,0.005601650810919852,365,0.0032552586043388563,0.0020989438736398833,1.5509031209556594,0.12092490239407713,0.2156164678646249
event_200,2,buy,surface_log_activity,15,870442,0.0022495638818677156,0.006047552459227699,365,0.003166985508115357,0.0020740686500471573,1.526943434607794,0.12677507771113225,0.22339220742049734
event_200,2,buy,surface_log_activity,30,870442,-0.000033491687612436955,0.0040775711963471645,365,0.0009939398080096153,0.0021016650758666896,0.47292968771426724,0.6362633436642745,0.7514874333320195
event_200,3,sell,relative_imbalance_power,5,969801,0.0013029014222284414,0.0037680792155575507,366,-0.004159207402686123,0.0017104973080696185,-2.4315778709877045,0.015033216418108512,0.03734960600772301
event_200,3,sell,relative_imbalance_power,10,969801,0.0021787885079949266,0.002822445326934434,366,-0.005866189609125082,0.0017575230366392244,-3.3377597259507583,0.000844567478184371,0.0032883318131476545
event_200,3,sell,relative_imbalance_power,15,969801,0.00184821350513314,-0.0006906233306327401,366,-0.007859119384485582,0.0018210552806662377,-4.315695118058307,0.000015910144582655183,0.0001344519260506072
event_200,3,sell,relative_imbalance_power,30,969801,0.00006835184626843566,-0.00167785129800725,366,-0.010957430835416681,0.0019646120278450124,-5.577401889082351,2.441373946910208e-8,4.882747893820416e-7
event_200,3,sell,normalised_flow_power,5,969801,0.0025336887299757483,0.0071697377522688885,366,0.0049251707990399666,0.0015502230189382037,3.177072420465908,0.0014876988135459701,0.005266190490428212
event_200,3,sell,normalised_flow_power,10,969801,0.0016510117792649082,0.004747411331479691,366,0.00296077875457357,0.0015411321109313066,1.921171282833352,0.054710117282200495,0.10978618852615485
event_200,3,sell,normalised_flow_power,15,969801,0.0007143325428196374,0.0009072912460574648,366,0.0014237630390235287,0.0015765351177323792,0.9030963046807411,0.36647478506822506,0.5154292743035112
event_200,3,sell,normalised_flow_power,30,969801,-0.0017843631462747835,-0.0010455466675352728,366,-0.0026739145089416405,0.0015186993560346376,-1.7606608564866313,0.07829582170439345,0.14772796547998762
event_200,3,sell,normalised_flow_log,5,969801,0.0019186947639299942,0.006854864927953404,366,0.0033515294642440766,0.001547851408883178,2.165278556461894,0.03036635951939641,0.06836703831759042
event_200,3,sell,normalised_flow_log,10,969801,0.0012454956731333597,0.004514383493546318,366,0.0014569660923583762,0.0015203253464028939,0.9583252004615812,0.337898800171733,0.49148916388615715
event_200,3,sell,normalised_flow_log,15,969801,0.0003950838437718534,0.0006380261747160839,366,-0.00024673309670070594,0.001541112441533665,-0.16010064551497954,0.872801792687448,0.916327341404145
event_200,3,sell,normalised_flow_log,30,969801,-0.0019367391717820155,-0.0012303253019967338,366,-0.003849590229527611,0.0015107155884884437,-2.548189916660186,0.010828350364608452,0.028004354391228756
event_200,3,sell,surface_power,5,969801,0.0028429865511347724,0.00736368470764718,366,0.003818310095528787,0.001604468486399685,2.3797975017239557,0.017322154111972386,0.042050065165727776
event_200,3,sell,surface_power,10,969801,0.0023887003655400337,0.0054132605117619475,366,0.0021958237345761243,0.001593924167415769,1.3776212064945446,0.16832026999786623,0.2825353413257036
event_200,3,sell,surface_power,15,969801,0.0011536816037663949,0.001274578064287087,366,0.00041094449490988835,0.001620645957422931,0.2535683336805723,0.799829063253472,0.8701676118804773
event_200,3,sell,surface_power,30,969801,-0.001254324606169732,-0.0004896661446800859,366,-0.003502408879107286,0.0016079950500113931,-2.1781216795925276,0.029396978960092936,0.06655919764549344
event_200,3,sell,surface_log_activity,5,969801,0.002827228123394768,0.0073329257639669606,366,0.003767388822766845,0.0016024545911743188,2.351011282014555,0.018722466173461703,0.0450239667498077
event_200,3,sell,surface_log_activity,10,969801,0.002372653569223914,0.005384030221431495,366,0.0021232747224554857,0.0015910291853160872,1.3345290847280455,0.18203052150139573,0.29886440107801854
event_200,3,sell,surface_log_activity,15,969801,0.001178124626111917,0.0012573826433212986,366,0.0003522340921948697,0.0016169900165953458,0.21783318918475228,0.8275590842198507,0.8914460512242557
event_200,3,sell,surface_log_activity,30,969801,-0.0012356189859177105,-0.0005165314365089118,366,-0.0035680642210014226,0.0016066709293454822,-2.220780967546953,0.026365800280042182,0.06037969529780653
event_200,3,buy,relative_imbalance_power,5,954177,-0.00032304437933950656,-0.0002876049486601037,366,-0.002701708569467615,0.0015154820419611503,-1.782738755499469,0.07462883945379233,0.1426028779371828
event_200,3,buy,relative_imbalance_power,10,954177,0.001073879086753129,0.001033807546484537,366,-0.0015092981634308713,0.0015998972798913188,-0.9433719166854251,0.34549070245026847,0.4973146646724357
event_200,3,buy,relative_imbalance_power,15,954177,0.0004921233127485107,0.0005101706905287722,366,-0.0023842819400949717,0.0017040534166000308,-1.399182629410849,0.16175822419226832,0.2749431572673116
event_200,3,buy,relative_imbalance_power,30,954177,0.002007733075749115,-0.0006409307284616566,366,-0.002823926465731279,0.0018282718322422795,-1.544587853912228,0.12244598597264525,0.2170386752838616
event_200,3,buy,normalised_flow_power,5,954177,0.0026435323222792117,0.0030870249660393686,366,0.0007056178442600968,0.0015143920047311489,0.46594134283307026,0.6412574873035262,0.7527409493092102
event_200,3,buy,normalised_flow_power,10,954177,0.003887328751558897,0.004579882920340504,366,0.0023721092449033813,0.0015761742628904415,1.5049790500660298,0.13232946297684448,0.23013819648146866
event_200,3,buy,normalised_flow_power,15,954177,0.003386893054383173,0.004776515484744716,366,0.0019074395611185064,0.0016242797265426272,1.17432947659736,0.2402630809702989,0.3778711627317938
event_200,3,buy,normalised_flow_power,30,954177,0.004294553575223141,0.0037746851688723704,366,0.002156856458885331,0.0016376471017509576,1.3170459353417714,0.18782322762445508,0.306233523300742
event_200,3,buy,normalised_flow_log,5,954177,0.0029602445508123488,0.003184281208508628,366,0.00036784911817464336,0.0014851281128771465,0.2476884754824332,0.8043754493113964,0.8743211405558656
event_200,3,buy,normalised_flow_log,10,954177,0.004368110652793266,0.0048386269006875865,366,0.00178498084279638,0.001547651925219869,1.1533477351781116,0.2487676844523316,0.38768989784778946
event_200,3,buy,normalised_flow_log,15,954177,0.003854352088548063,0.005066183677017036,366,0.0012081716459928092,0.00161284214832807,0.7490947872643602,0.4538000766649496,0.5887111029427059
event_200,3,buy,normalised_flow_log,30,954177,0.004816089008475817,0.003907510205220715,366,0.001178192831467191,0.0016330306405297622,0.7214762553903951,0.4706165446066913,0.6013033852174827
event_200,3,buy,surface_power,5,954177,0.001761324420450556,0.002711565355521084,366,0.0001846507767568191,0.0015155019889885057,0.1218413292087204,0.9030246817940024,0.9382944932712403
event_200,3,buy,surface_power,10,954177,0.003384461115471525,0.004670343833532894,366,0.0024124811772850384,0.001579625008630102,1.527249292778173,0.12669903322601359,0.22339220742049734
event_200,3,buy,surface_power,15,954177,0.0028638180162210264,0.004756835791531666,366,0.0019512105656066111,0.001637490322173161,1.1915860137830327,0.23342361175679832,0.3705136694552354
event_200,3,buy,surface_power,30,954177,0.003861544721423974,0.003448409056940583,366,0.001819034884341473,0.0016377713609444931,1.110676940456723,0.26670743138147224,0.41190336892891466
event_200,3,buy,surface_log_activity,5,954177,0.0018085845466856252,0.0027402441144408346,366,0.00025196687072281027,0.0015127185356684444,0.16656560013093938,0.8677118626261037,0.9149861468816558
event_200,3,buy,surface_log_activity,10,954177,0.003424448804958684,0.004687173814353124,366,0.0024377117320530696,0.0015771909045857815,1.5456034681440718,0.1222003631128988,0.2169237215021872
event_200,3,buy,surface_log_activity,15,954177,0.0029008865198118876,0.004769170429558839,366,0.0019687034572811297,0.0016358236521152336,1.2034936985630813,0.22878532840744703,0.3650829708629474
event_200,3,buy,surface_log_activity,30,954177,0.0038903965502487385,0.0034519074857543622,366,0.0018115102924674586,0.0016367736119810177,1.1067567800503295,0.2683990990508722,0.41239298189634654
event_200,4,sell,relative_imbalance_power,5,843856,0.006350927612443641,0.004077413850893618,365,-0.001366609485027801,0.0017749558460638133,-0.769939989244481,0.44133549125840627,0.5788006442733198
event_200,4,sell,relative_imbalance_power,10,843856,0.006149280719650679,0.0036134645109949437,365,-0.0018739054598883498,0.0018426440690580343,-1.0169655069881707,0.30916983855090946,0.4603359376046665
event_200,4,sell,relative_imbalance_power,15,843856,0.003912673433083248,0.0019979397253384007,365,-0.003806239923757489,0.0018869096500984139,-2.0171818632434095,0.043676538059368566,0.09178957210375181
event_200,4,sell,relative_imbalance_power,30,843856,0.002986852744979957,0.0007714347627248131,365,-0.006876059334183486,0.0022339234782176474,-3.0780191896589053,0.002083814959836211,0.007124153708841747
event_200,4,sell,normalised_flow_power,5,843856,0.006764451281271328,0.0071486971270754845,365,0.006729606773345375,0.0017151620435765522,3.9235982387485797,0.00008723616895722083,0.0005352917308526306
event_200,4,sell,normalised_flow_power,10,843856,0.005529863952247977,0.005614018014347719,365,0.006134175321965736,0.0017477428261742703,3.5097699902411654,0.00044849447444016984,0.002000222992672778
event_200,4,sell,normalised_flow_power,15,843856,0.0030131885827011933,0.0036649372004952194,365,0.0035057552651971916,0.001790000529471148,1.9585219152046618,0.050168802066517915,0.10255973165216609
event_200,4,sell,normalised_flow_power,30,843856,0.0019025377173229525,0.002629241021838547,365,0.0015187795101107013,0.0019543036594237054,0.7771461219893363,0.43707256524335,0.5757267599253787
event_200,4,sell,normalised_flow_log,5,843856,0.006551937734555616,0.006748885106616268,365,0.005048387326768171,0.001694819835728893,2.978716215341559,0.0028945872731107824,0.00936254643593784
event_200,4,sell,normalised_flow_log,10,843856,0.005167190835177058,0.005240555652811336,365,0.004068288739398674,0.001694189277493634,2.401318904235575,0.016336092779125504,0.040255421619130115
event_200,4,sell,normalised_flow_log,15,843856,0.0026194251697878555,0.003133244263389766,365,0.0014982620729054343,0.0017144603892375065,0.8738971645602003,0.3821742589890998,0.5271369089504825
event_200,4,sell,normalised_flow_log,30,843856,0.0017127003121926278,0.002146386131469583,365,-0.0003802254830436239,0.001907672672637999,-0.19931379659479753,0.8420172875641826,0.9022432556129807
event_200,4,sell,surface_power,5,843856,0.0068527194229278205,0.0071120447886786654,365,0.005239749540720111,0.0017405333589399494,3.010427530048213,0.002608801946435813,0.008576883111569795
event_200,4,sell,surface_power,10,843856,0.005963280679336036,0.005922775916254071,365,0.00502079967090217,0.0017845982152485378,2.8134061930589414,0.0049019686358585226,0.014382304066088574
event_200,4,sell,surface_power,15,843856,0.0035226860908789954,0.004146498943991671,365,0.0025413344537364396,0.001822803705546722,1.3941898658661138,0.1632602773900936,0.27710372400015887
event_200,4,sell,surface_power,30,843856,0.0020936077348266287,0.0024480636120610515,365,-0.00007978077974874494,0.0020339374022855317,-0.039224796033100834,0.9687111644704169,0.9816631974887565
event_200,4,sell,surface_log_activity,5,843856,0.006886792392406864,0.007134484098286321,365,0.00525327975699459,0.001739935141033361,3.0192388400608006,0.0025341066852208037,0.008400353652665647
event_200,4,sell,surface_log_activity,10,843856,0.005982295007209588,0.005943054167932033,365,0.005008659669424804,0.0017818141873005959,2.8109887692682474,0.004938950983048812,0.014455466291850181
event_200,4,sell,surface_log_activity,15,843856,0.003522423270456791,0.004140549933317786,365,0.0025078656155615876,0.001820533319199702,1.3775444750794419,0.16834397420656508,0.2825353413257036
event_200,4,sell,surface_log_activity,30,843856,0.002108022765622194,0.0024511566926896885,365,-0.00010488149253574482,0.0020325148738292807,-0.051601832727623254,0.9588459589820253,0.9750975854054496
event_200,4,buy,relative_imbalance_power,5,833911,-0.0007614329131090979,0.0027294434362891296,365,-0.00006462233833739131,0.0017418135984773164,-0.03710060502104461,0.9704047896249838,0.9816631974887565
event_200,4,buy,relative_imbalance_power,10,833911,-0.00027753474043370276,0.001647867960609918,365,-0.0004474152973688519,0.0017373420652268402,-0.2575286158805083,0.7967707277636391,0.867626926784362
event_200,4,buy,relative_imbalance_power,15,833911,-0.00013531143900197374,0.0013751230814172746,365,-0.0009794882548227746,0.0018995522431895086,-0.5156416509914626,0.6061047142947542,0.7244272283557528
event_200,4,buy,relative_imbalance_power,30,833911,-0.0008780082528922707,0.0004879838188970721,365,-0.0015259993666637659,0.0020824394691066075,-0.7327941048478296,0.4636840173901519,0.5957396369038355
event_200,4,buy,normalised_flow_power,5,833911,-0.00021179558812422621,0.00474390040655702,365,0.002959200917194755,0.0016538690486099926,1.7892595061754368,0.07357303226427545,0.1408096311277999
event_200,4,buy,normalised_flow_power,10,833911,0.0014633946330373027,0.004983079820295146,365,0.003756977790335344,0.001693590327048011,2.2183509968930277,0.02653090955024455,0.060526789848466656
event_200,4,buy,normalised_flow_power,15,833911,0.002129585272233126,0.004712733428561694,365,0.0036731256655482213,0.0017849196724550377,2.05786608900785,0.039602989775212497,0.08471227759403742
event_200,4,buy,normalised_flow_power,30,833911,0.0017230424498401464,0.004096740354994188,365,0.004159294707255377,0.0018306855183717365,2.2719875508464016,0.023087262257303075,0.05442969490916246
event_200,4,buy,normalised_flow_log,5,833911,0.000724132488221145,0.004947227899226915,365,0.002999300170401882,0.0015991609317750088,1.875546176001668,0.06071762316900887,0.11964063678622436
event_200,4,buy,normalised_flow_log,10,833911,0.0023399633020158663,0.005238384255767796,365,0.003393049019847615,0.001613787852828,2.1025372163395826,0.03550624311288474,0.07816850993221831
event_200,4,buy,normalised_flow_log,15,833911,0.0029703340036415127,0.004998964429042774,365,0.0031792846239071964,0.001720026302400003,1.848393027171182,0.06454550670318894,0.12635335733087558
event_200,4,buy,normalised_flow_log,30,833911,0.0024998059770370623,0.004395191072320724,365,0.003151074297559114,0.001781932660231428,1.7683464520762917,0.07700300264647848,0.14574700816368166
event_200,4,buy,surface_power,5,833911,-0.0006259461351106403,0.004326278285787319,365,0.002248969433967515,0.0016657893537662953,1.3500923324324703,0.17698636755515906,0.29253945050439517
event_200,4,buy,surface_power,10,833911,0.0012895734700877856,0.004835746883870355,365,0.00339792777869284,0.0017263704100155207,1.9682495477099213,0.04903933185240778,0.10059350123570827
event_200,4,buy,surface_power,15,833911,0.0018610792745581467,0.0045357067338808055,365,0.0032145824495505315,0.0018283047038095128,1.7582312416811743,0.07870817148469306,0.14804044793359195
event_200,4,buy,surface_power,30,833911,0.0014974744602142514,0.0038210913045534354,365,0.0034689299388557717,0.0018906814529214507,1.8347511335109554,0.06654257209925424,0.12920887786262958
event_200,4,buy,surface_log_activity,5,833911,-0.0005831236311615044,0.004358382331515968,365,0.002304696065860697,0.001663665389908313,1.3853122628148873,0.16595700566820953,0.2797028185419262
event_200,4,buy,surface_log_activity,10,833911,0.0013186446248004966,0.004848566754815732,365,0.003425405277865395,0.0017241827694560838,1.986683394908293,0.046957493083115726,0.09665350205787113
event_200,4,buy,surface_log_activity,15,833911,0.0018763955598083749,0.004543497002579404,365,0.0032294417004085107,0.001826040408496597,1.7685488696645835,0.07696918989754738,0.14574700816368166
event_200,4,buy,surface_log_activity,30,833911,0.0015059274608699646,0.0038212979351494153,365,0.0034682302240244636,0.0018882767007536159,1.836717162606669,0.06625166027904693,0.1288524997323441
event_200,5,sell,relative_imbalance_power,5,331151,0.0024459662786322847,-0.0027728263605152938,151,-0.00027695546285196325,0.0033668681160285295,-0.08225907677626908,0.9344406960913678,0.9559495612187906
event_200,5,sell,relative_imbalance_power,10,331151,0.0029537844773525183,-0.002745057627759246,151,-0.0029184229081970765,0.0035032027536372663,-0.8330727946496871,0.4048036757715357,0.5498177493156099
event_200,5,sell,relative_imbalance_power,15,331149,0.002912735651607043,-0.0024584270035151543,151,-0.0031244607770644158,0.003306910385882781,-0.9448277735020447,0.34474681015294517,0.4973146646724357
event_200,5,sell,relative_imbalance_power,30,331130,0.0039011561710820294,-0.000019027308152555166,151,-0.005929234515453533,0.003559273869321888,-1.6658550966136163,0.09574227911111124,0.17594293251659035
event_200,5,sell,normalised_flow_power,5,331151,0.0029154771218831066,0.0003629831281997935,151,0.0035879580495267976,0.002863141001761984,1.2531545066480343,0.21014948265402392,0.33940697063906955
event_200,5,sell,normalised_flow_power,10,331151,0.0015080315596962908,-0.0003986069614294956,151,0.0010664250954629407,0.002855627541725219,0.37344684482860224,0.7088158999628791,0.8028711565366656
event_200,5,sell,normalised_flow_power,15,331149,0.0008784172793564939,-0.0003864682250215664,151,0.0004927698288144648,0.002882753547055566,0.17093720318817338,0.8642731432416206,0.9137689620175725
event_200,5,sell,normalised_flow_power,30,331130,-0.00016370495329723705,-0.000519114122120763,151,-0.0017679685782419768,0.0029545830072390386,-0.5983817594260402,0.5495852339135507,0.6743377103233751
event_200,5,sell,normalised_flow_log,5,331151,0.0030440472121202023,0.00022339685399282624,151,0.0029753986003438386,0.002910521822658522,1.0222904281906593,0.3066434621793207,0.45920893569408766
event_200,5,sell,normalised_flow_log,10,331151,0.0019835219955236074,-0.0005625864747750238,151,0.0002871218681215331,0.002956939494096233,0.0971010291873726,0.9226461635522768,0.9495500825580894
event_200,5,sell,normalised_flow_log,15,331149,0.001178259141760839,-0.0005151456223893225,151,-0.0002787376785217636,0.002846924588652292,-0.09790834630211102,0.9220050724419981,0.9495500825580894
event_200,5,sell,normalised_flow_log,30,331130,0.00026131630734750047,-0.00045189652636250124,151,-0.0028785543064690886,0.002998516236976889,-0.9599929028135774,0.3370587868794459,0.49148916388615715
event_200,5,sell,surface_power,5,331151,0.0026478381210772732,-0.00042697834913305054,151,0.002585854238747176,0.0030516933315314168,0.8473506207288296,0.39679971910429085,0.5429414628564982
event_200,5,sell,surface_power,10,331151,0.001808456350998663,-0.0009362737970060283,151,0.00011185896290015292,0.003079956590290508,0.03631835697060982,0.9710285128492949,0.9816631974887565
event_200,5,sell,surface_power,15,331149,0.0015735036735165344,-0.0009022242798363012,151,-0.00004715289937293511,0.0030093785436194095,-0.015668650084885584,0.9874987375344714,0.9913982886747915
event_200,5,sell,surface_power,30,331130,0.0012674898423521953,-0.000043775775534685726,151,-0.0023126177823892496,0.0031690602666005823,-0.7297487544690876,0.4655437737263695,0.5971920590695441
event_200,5,sell,surface_log_activity,5,331151,0.0026539338007775448,-0.00040454552113625955,151,0.002599481597855483,0.003051225045456093,0.8519468604017426,0.3942435864913286,0.5405984042903796
event_200,5,sell,surface_log_activity,10,331151,0.00180304296242137,-0.0009265482266600233,151,0.00009717918645305998,0.0030787935439601,0.03156404775620752,0.9748197148289403,0.9846213872079416
event_200,5,sell,surface_log_activity,15,331149,0.0015792942139164078,-0.0008742363137685676,151,-0.00004819519132065133,0.0030061142536086153,-0.01603238841065226,0.987208552796915,0.9913982886747915
event_200,5,sell,surface_log_activity,30,331130,0.0012964476000139758,6.640298296266479e-6,151,-0.0023044306066816217,0.003167783159493132,-0.7274584435414282,0.4669451636226524,0.5973712114575511
event_200,5,buy,relative_imbalance_power,5,336124,0.0027742507568211615,-0.00276759193996195,151,-0.002787925317114882,0.0031099979611720176,-0.8964395963990404,0.3700180274101357,0.5175077306435464
event_200,5,buy,relative_imbalance_power,10,336118,0.0014018230789321633,-0.003142727712698725,151,-0.003623118081949401,0.003293093205788668,-1.100217289805405,0.2712374590927459,0.41568959247930404
event_200,5,buy,relative_imbalance_power,15,336111,5.466855979911625e-6,-0.004014785650772264,151,-0.003867825501076948,0.003121805454093535,-1.238970703957602,0.21535634756357036,0.3472443228564155
event_200,5,buy,relative_imbalance_power,30,336093,-0.0026231098436884227,-0.007244361944711812,151,-0.008041676092940103,0.003396843664620793,-2.3673965854527594,0.01791372559030391,0.04325245615365129
event_200,5,buy,normalised_flow_power,5,336124,0.00393104423060166,0.0009759097587224687,151,0.004547138114877224,0.0028364714567860765,1.6030967292120946,0.10891330002937138,0.19772459914560614
event_200,5,buy,normalised_flow_power,10,336118,0.004831475156609635,0.0021535519976181396,151,0.0047510146924553825,0.0031001510151383426,1.5325107290760063,0.12539645204527283,0.2216137591374483
event_200,5,buy,normalised_flow_power,15,336111,0.004736035696721224,0.0022492812861778662,151,0.005112177128711527,0.0028974246474814487,1.7643865676214308,0.07766691811485697,0.14677212872098955
event_200,5,buy,normalised_flow_power,30,336093,0.0033748651823494115,-0.000029525255665540817,151,0.002791769538587276,0.0028911505034343067,0.9656258071902589,0.33423145686643907,0.4907467556386073
event_200,5,buy,normalised_flow_log,5,336124,0.00397152812746925,0.0005850291984081894,151,0.002400758887837997,0.0027330817528550804,0.8784072724242784,0.37972273917304533,0.5249623122208
event_200,5,buy,normalised_flow_log,10,336118,0.004746188402360874,0.0020509323649825855,151,0.0023269910517921912,0.0029940242770695818,0.7772118180917847,0.43703381082885284,0.5757267599253787
event_200,5,buy,normalised_flow_log,15,336111,0.00454886635592581,0.0020153348316508347,151,0.002618306839784127,0.002771587200375093,0.9446958188541852,0.3448141922599688,0.4973146646724357
event_200,5,buy,normalised_flow_log,30,336093,0.0030087619339609004,-0.0002991666764506819,151,0.00002144678916225102,0.002863086684475234,0.007490792814113463,0.9940232679598732,0.9965145543457375
event_200,5,buy,surface_power,5,336124,0.003465303855582693,0.00048719615073662356,151,0.0021672834841281515,0.0029153443009292436,0.7434056702796121,0.45723611237400613,0.5912649167158048
event_200,5,buy,surface_power,10,336118,0.0036677464672534247,0.0010016157574802929,151,0.0022884128887742244,0.003192231815251175,0.7168692692808605,0.473454765359149,0.6031270896294892
event_200,5,buy,surface_power,15,336111,0.003290113455303881,0.0007034242083870462,151,0.0025419247489541466,0.002980570236255577,0.852831689062127,0.3937526479631447,0.5405984042903796
event_200,5,buy,surface_power,30,336093,0.0016144632987736207,-0.0018590117424022805,151,-0.00005034163871185099,0.003073071215108116,-0.016381539895449472,0.9869300068038682,0.9913982886747915
event_200,5,buy,surface_log_activity,5,336124,0.003500618215196153,0.0005078344561189647,151,0.002168216227947151,0.0029177748027364543,0.7431060909545435,0.4574174522855558,0.5912649167158048
event_200,5,buy,surface_log_activity,10,336118,0.003693321637044334,0.0010201673571285945,151,0.002281930767308267,0.0031963038013838765,0.7139279959308871,0.47527170481774517,0.6035705702114535
event_200,5,buy,surface_log_activity,15,336111,0.003315651158189923,0.0007174505592267603,151,0.002540890941453704,0.0029849339514210356,0.8512385810895627,0.39463683513197717,0.5405984042903796
event_200,5,buy,surface_log_activity,30,336093,0.0016423949898300347,-0.0018418852610166665,151,-0.000045885337789395534,0.0030748109410520287,-0.014922978573016308,0.9880936277125423,0.9913982886747915
event_500,1,sell,relative_imbalance_power,5,523615,0.0018745106996038339,0.0005542233118736064,365,-0.005518542223607319,0.0023706970255900762,-2.327814209929981,0.019921971204580634,0.04743326477281103
event_500,1,sell,relative_imbalance_power,10,523615,0.003701365659798437,0.0008099967957085121,365,-0.007453434602426958,0.0025786375846251195,-2.8904544969278936,0.0038468521729370293,0.011766421908618607
event_500,1,sell,relative_imbalance_power,15,523615,0.005543206783412284,-0.0003651882750599725,365,-0.006993337275435842,0.0026255006953810685,-2.6636204239971915,0.007730473670403252,0.02150895990075836
event_500,1,sell,relative_imbalance_power,30,523615,0.006664474987119536,0.002329576410791799,365,-0.006546852780659207,0.002679643516765518,-2.4431804975915714,0.014558454003142434,0.03639613500785609
event_500,1,sell,normalised_flow_power,5,523615,0.0016201491533031577,0.0033651941493289535,365,0.0003205204757848141,0.0020815301780876976,0.15398310298785883,0.8776230585436868,0.9205836278430282
event_500,1,sell,normalised_flow_power,10,523615,0.0020984095170554946,0.002507784078853088,365,-0.0017141523798706372,0.002092860794384836,-0.819047489670466,0.412759319353631,0.5546001659326932
event_500,1,sell,normalised_flow_power,15,523615,0.0028887825555757012,0.00208411686868174,365,-0.00186125178305014,0.0020624257327598867,-0.9024576029506087,0.3668138335459987,0.5154292743035112
event_500,1,sell,normalised_flow_power,30,523615,0.003031199538554668,0.0024465362772738684,365,-0.0016498963463069112,0.0020094917872670276,-0.8210515498303292,0.4116169057873377,0.5543662030805895
event_500,1,sell,normalised_flow_log,5,523615,0.0018864776044862273,0.004774506557292561,365,-0.00006418582295274249,0.0020981905699720476,-0.030591035853143492,0.9755956911585355,0.9846213872079416
event_500,1,sell,normalised_flow_log,10,523615,0.0025106370978473158,0.003989606937266482,365,-0.001965243210282963,0.0021581024422684426,-0.9106348113008205,0.3624878221882119,0.5123502787112536
event_500,1,sell,normalised_flow_log,15,523615,0.003228706280827135,0.003433322664567929,365,-0.0019128407515809792,0.0021250318547222763,-0.9001468600718794,0.36804210126072545,0.5165503175589129
event_500,1,sell,normalised_flow_log,30,523615,0.0030517526725655866,0.003249113010336034,365,-0.001679108023348387,0.0020842266107785256,-0.8056264202102218,0.4204582870192091,0.5613466564228253
event_500,1,sell,surface_power,5,523615,0.0022768063307785883,0.005617176162542047,365,0.0013264208849660822,0.0021655926837703377,0.6124978602424711,0.5402084132772407,0.6662385364159187
event_500,1,sell,surface_power,10,523615,0.003176423127179247,0.00503964279652826,365,-0.0005871724539279053,0.002177458409686057,-0.2696595495537217,0.7874221827865657,0.8605706915700172
event_500,1,sell,surface_power,15,523615,0.0039094468745555664,0.003910879442561182,365,-0.0007309818403366973,0.0021668604730452666,-0.3373460587009502,0.7358560426154872,0.8221855224754048
event_500,1,sell,surface_power,30,523615,0.0038116956831511345,0.003916733874260792,365,-0.0007647252590922299,0.002122233747637335,-0.36033978818006834,0.7185930483013383,0.8066526267180598
event_500,1,sell,surface_log_activity,5,523615,0.0023203301440939805,0.005458737436468015,365,0.0011704559582033712,0.0021548298952344756,0.5431778911142354,0.5870073273643283,0.7079485355147678
event_500,1,sell,surface_log_activity,10,523615,0.0031915093841848653,0.004861990021650469,365,-0.0007507475745812234,0.002173523835593081,-0.34540572423783417,0.7297893743707284,0.8169284041463378
event_500,1,sell,surface_log_activity,15,523615,0.003966868986833764,0.0037742321841486323,365,-0.0008651519031066267,0.0021627194474006304,-0.4000296497756339,0.689134678654789,0.7875824898911874
event_500,1,sell,surface_log_activity,30,523615,0.0038917983214803815,0.0038209399342008163,365,-0.0008953215368954896,0.002119646116704765,-0.4223919879075713,0.6727389250291516,0.7773180859921802
event_500,1,buy,relative_imbalance_power,5,522783,-0.0016104767112055047,-0.0019516862001937106,365,-0.009357180860148738,0.0022122091119511724,-4.229790398022404,0.000023390915012792577,0.00017986750700903025
event_500,1,buy,relative_imbalance_power,10,522783,0.0002113364792958506,-0.00011946470606930839,365,-0.006822403261233171,0.0022439271305205797,-3.040385388829631,0.0023627559883465533,0.00787585329448851
event_500,1,buy,relative_imbalance_power,15,522783,-0.0023934330817554595,-0.002010166953013545,365,-0.008988624897467124,0.0023917646811854563,-3.7581560461090153,0.00017117012596205676,0.000938643211124507
event_500,1,buy,relative_imbalance_power,30,522783,-0.0007409970370924218,-0.0014048087895677413,365,-0.008101034050855362,0.0025540420074182967,-3.1718483984702086,0.0015147205718564168,0.0053148090240576025
event_500,1,buy,normalised_flow_power,5,522783,-0.0005408724749100649,-0.0008418312182205776,365,-0.0019251272978477335,0.0018759998569674952,-1.0261873372206176,0.3048032889446742,0.457777154860587
event_500,1,buy,normalised_flow_power,10,522783,0.00028462173803040864,0.00026749697281692233,365,0.00003755709855837966,0.0018999412337615386,0.019767505379112923,0.9842288397671377,0.9908344024501385
event_500,1,buy,normalised_flow_power,15,522783,-0.0012863701315397045,-0.0009492230155573023,365,-0.0016485582492374135,0.00190229701090083,-0.866614540101044,0.3861532440889375,0.5320136543131171
event_500,1,buy,normalised_flow_power,30,522783,-0.00044748736364043514,-0.0013184531131128663,365,-0.0020832837208401545,0.00201585067835923,-1.033451407490068,0.3013926995291011,0.4551074584539862
event_500,1,buy,normalised_flow_log,5,522783,0.00018672235249748365,0.0005338909697920516,365,-0.002225782060845051,0.001891586940405381,-1.1766744701504706,0.23932546146522155,0.37738574738274094
event_500,1,buy,normalised_flow_log,10,522783,0.0010479583667403075,0.0015040744327782577,365,-0.00004804862598625545,0.001917990547626365,-0.025051544725138854,0.9800138497457515,0.9874194959654926
event_500,1,buy,normalised_flow_log,15,522783,-0.0006208685684307903,-0.000016199724578277957,365,-0.001871538269383983,0.0019444010213129092,-0.9625268907338222,0.33578500205245715,0.4908615830948686
event_500,1,buy,normalised_flow_log,30,522783,0.00008690891546928498,-0.0006247476614240231,365,-0.002456069441504409,0.002058158736564402,-1.193333341044541,0.23273884979269896,0.3699160526506473
event_500,1,buy,surface_power,5,522783,0.00010409290462811109,0.0016003790855195275,365,-0.0007530889891253478,0.0019265597691019323,-0.39089832623069926,0.6958723912130158,0.7924625998533705
event_500,1,buy,surface_power,10,522783,0.001305260338176884,0.002605611701500966,365,0.001677436392271326,0.0019568767681978254,0.8572008312082684,0.391333903193204,0.5379160181349882
event_500,1,buy,surface_power,15,522783,-0.0007282344192617504,0.0005231255071281127,365,-0.00032275803297362934,0.0019845506421616002,-0.16263532213119883,0.8708055741993519,0.916236723235262
event_500,1,buy,surface_power,30,522783,-0.000015968958422769723,0.000014609984174510719,365,-0.0008926222973210378,0.002098892090788488,-0.4252826056368184,0.6706306722006548,0.7767922844023029
event_500,1,buy,surface_log_activity,5,522783,0.00007272825966237786,0.001384032832519518,365,-0.000995285005806627,0.0019186722038910715,-0.5187363447430919,0.6039446130846295,0.7225658381869944
event_500,1,buy,surface_log_activity,10,522783,0.0012037500757134543,0.0024609403742715022,365,0.0013812898209136651,0.001946710559869166,0.7095506899631235,0.4779828070136684,0.605041527865403
event_500,1,buy,surface_log_activity,15,522783,-0.0007916144966607434,0.0004892754855760374,365,-0.0005728848518990919,0.0019766028038789183,-0.2898330664991738,0.7719439496857395,0.8498465501127407
event_500,1,buy,surface_log_activity,30,522783,-0.000027639925704578212,-0.000029533479148373217,365,-0.001150997142858798,0.0020957361740079677,-0.5492089878171956,0.5828620370909243,0.7064994388980901
event_500,2,sell,relative_imbalance_power,5,354231,-0.008829950759836447,-0.01243614174867629,365,-0.02623416981048264,0.003128044488287963,-8.386763650168254,4.9970824027933595e-17,3.997665922234688e-15
event_500,2,sell,relative_imbalance_power,10,354231,-0.005803688089841336,-0.011696317174272969,365,-0.02524392043689993,0.003293687260403857,-7.664334358752881,1.7976103525084944e-14,1.0785662115050968e-12
event_500,2,sell,relative_imbalance_power,15,354231,-0.006459613146264062,-0.012488454285335553,365,-0.025933206698684607,0.0032989358413845603,-7.861082465853736,3.808279515949659e-15,2.68819730537623e-13
event_500,2,sell,relative_imbalance_power,30,354231,-0.0037944631383745567,-0.011396640807404728,365,-0.02682799870569812,0.003117997582939247,-8.604239737866678,7.682425881443379e-18,9.218911057732054e-16
event_500,2,sell,normalised_flow_power,5,354231,-0.003855186046865303,-0.005148904235743593,365,-0.003350854912866469,0.0024628085585103993,-1.3605827790744702,0.17364557677535433,0.28860760682884373
event_500,2,sell,normalised_flow_power,10,354231,-0.00401210780567721,-0.005854234331451027,365,-0.004296573308342336,0.002541826103627762,-1.6903490377292734,0.09096119867334349,0.16844666420989535
event_500,2,sell,normalised_flow_power,15,354231,-0.005133636582440457,-0.006602461747678266,365,-0.005354734405079399,0.002600908323579588,-2.0587939822922188,0.03951397839523067,0.08469367456351025
event_500,2,sell,normalised_flow_power,30,354231,-0.003448502302123571,-0.006347311513075499,365,-0.0061455616401241645,0.0023531705178674264,-2.6116091432649826,0.009011721750571999,0.02438408244309762
event_500,2,sell,normalised_flow_log,5,354231,-0.005635250199252167,-0.006147497692555564,365,-0.009922095746867159,0.0025970288411366507,-3.8205566259805264,0.00013315082928478273,0.0007713252638070705
event_500,2,sell,normalised_flow_log,10,354231,-0.00533306671633917,-0.006680474976282594,365,-0.010425654240368218,0.002663092053308846,-3.9148681426218523,0.00009045362663964379,0.0005509865582110281
event_500,2,sell,normalised_flow_log,15,354231,-0.006482733736695307,-0.007464786747789239,365,-0.011104570081788048,0.0026624715552322573,-4.170775105546379,0.000030356533655989352,0.0002207747902253771
event_500,2,sell,normalised_flow_log,30,354231,-0.004603318391347931,-0.006955775640363408,365,-0.011857556035972376,0.0024369349824187696,-4.865766268496507,1.1401419654134986e-6,0.000014401793247328404
event_500,2,sell,surface_power,5,354231,-0.004689622605035818,-0.004149838754602218,365,-0.005869379112027654,0.0026222404203056758,-2.23830700899022,0.02520104136435795,0.05793342842381138
event_500,2,sell,surface_power,10,354231,-0.0045021196656601144,-0.005275950013959234,365,-0.006706980062468294,0.0027353473699417165,-2.4519664800786174,0.014207789638935004,0.03568105886067954
event_500,2,sell,surface_power,15,354231,-0.005438015402160117,-0.006505939931457202,365,-0.007696693404062277,0.002787105221306348,-2.761536717460114,0.005753004738724228,0.01655540932006972
event_500,2,sell,surface_power,30,354231,-0.003497799257911817,-0.0061167307348524115,365,-0.00848440672542247,0.002541355422278012,-3.3385360627035965,0.0008422109731452553,0.0032883318131476545
event_500,2,sell,surface_log_activity,5,354231,-0.004692969049432846,-0.004232388795893593,365,-0.006116425781304908,0.002615647466511981,-2.338398373486197,0.0193665920387813,0.04629464232378
event_500,2,sell,surface_log_activity,10,354231,-0.004452396150151396,-0.005291371912890789,365,-0.006980673866380732,0.002729771445664627,-2.557237485016304,0.010550715960897425,0.02734526814919419
event_500,2,sell,surface_log_activity,15,354231,-0.0054162954931029,-0.006521313503989322,365,-0.00797028124251054,0.002780634618097211,-2.866353310369345,0.004152305439991776,0.012488136661629403
event_500,2,sell,surface_log_activity,30,354231,-0.0034629539576552216,-0.006120418229854687,365,-0.008731049103790398,0.002537610802588061,-3.4406572886928783,0.0005803030413655595,0.002451984681826308
event_500,2,buy,relative_imbalance_power,5,347488,0.004754622489991917,-0.0024380159969391397,365,-0.009520431681298179,0.0029043915016470087,-3.2779436504683948,0.0010456626751482675,0.0038857776130745794
event_500,2,buy,relative_imbalance_power,10,347488,0.0027492339959027364,0.0006490005082430815,365,-0.006597528894982863,0.0030520973775044246,-2.1616377457712024,0.03064610963135668,0.06873893749089348
event_500,2,buy,relative_imbalance_power,15,347488,0.00353632430568616,0.00045332198682984355,365,-0.0058873715692123,0.003196911872655075,-1.8415808141507402,0.06553648956425126,0.12787607719853905
event_500,2,buy,relative_imbalance_power,30,347488,-0.0005213370670874867,-0.00201520046735828,365,-0.009505030090165005,0.0032890384881616224,-2.88991148153993,0.003853503175072594,0.011766421908618607
event_500,2,buy,normalised_flow_power,5,347488,0.0033818376637121204,0.0033607093833040694,365,0.0013465737406236063,0.002397787596051635,0.5615900853107126,0.5743953370965429,0.6983529934304472
event_500,2,buy,normalised_flow_power,10,347488,0.003080665784929611,0.004923070281779554,365,0.002154630501280092,0.002445794796577433,0.8809530972488832,0.37834320668348714,0.5236584175549995
event_500,2,buy,normalised_flow_power,15,347488,0.004077067377172367,0.005557109993840333,365,0.002354042235657262,0.002466625053182699,0.9543575472161159,0.33990268753871455,0.49236431950300813
event_500,2,buy,normalised_flow_power,30,347488,0.0023541315499873254,0.003997856277611802,365,0.000904325561747775,0.002480539057889467,0.3645681606469878,0.7154337854739846,0.8053663626348796
event_500,2,buy,normalised_flow_log,5,347488,0.004142942454902666,0.0031325388241568316,365,-0.002072528138640832,0.0024692092167108207,-0.8393489399823322,0.40127352762496765,0.5465700716798652
event_500,2,buy,normalised_flow_log,10,347488,0.004165083437885397,0.005126227176277887,365,-0.00029082861245213526,0.002525033311448783,-0.1151781289908081,0.9083039338298633,0.9412475998236924
event_500,2,buy,normalised_flow_log,15,347488,0.005274058024964933,0.005592909850243688,365,-0.00016161713614708923,0.002558415023266271,-0.06317080484492944,0.9496304926909661,0.9679876820536003
event_500,2,buy,normalised_flow_log,30,347488,0.0029772612761462054,0.0036455455155318395,365,-0.002712790969768829,0.0026406491069273794,-1.0273197459867711,0.30426992739325087,0.45754876299736974
event_500,2,buy,surface_power,5,347488,0.004409610562118358,0.004762797803502424,365,0.0012894937664054596,0.002504948711779786,0.5147785103708826,0.606707803747943,0.7244272283557528
event_500,2,buy,surface_power,10,347488,0.003736276823103526,0.006253497927697135,365,0.002258393615821848,0.0025775743755914187,0.8761701067514936,0.3809375648817712,0.526035762782653
event_500,2,buy,surface_power,15,347488,0.004691717733225015,0.00656181191121636,365,0.0024429918792647455,0.0025904059118175564,0.9430923038430769,0.3456336919473428,0.4973146646724357
event_500,2,buy,surface_power,30,347488,0.002286244279450767,0.004480356336366374,365,0.0004844226659008415,0.002638506704615875,0.18359728442356407,0.8543293936252829,0.9096674998672046
event_500,2,buy,surface_log_activity,5,347488,0.004527563437335477,0.004879284321197045,365,0.0013831613411731958,0.0025062603216958633,0.5518825515448764,0.5810288236062066,0.705703024622923
event_500,2,buy,surface_log_activity,10,347488,0.0038633797570813743,0.006380143068207013,365,0.0023527280615547007,0.002581635876029038,0.911332261609862,0.3621203328113631,0.5123502787112536
event_500,2,buy,surface_log_activity,15,347488,0.004794150409856493,0.0066590735136071565,365,0.002508030608556038,0.002593606636227091,0.9670050089802592,0.33354152965185535,0.4905135513720328
event_500,2,buy,surface_log_activity,30,347488,0.0023097936426581633,0.004524139606168393,365,0.00047470188758173067,0.0026422079697791764,0.1796610611319154,0.8574186646633132,0.9109211703165605
event_500,3,sell,relative_imbalance_power,5,389395,0.0012297173597226089,0.002073377829809763,366,-0.005963464220945704,0.0023154206842648326,-2.5755424322985,0.010008299234916293,0.026337629565569193
event_500,3,sell,relative_imbalance_power,10,389395,0.0021731289097397955,-0.00003008927961093382,366,-0.00836498934491455,0.002313877723509433,-3.6151388899787937,0.0003001866412980125,0.0014351552572016532
event_500,3,sell,relative_imbalance_power,15,389395,0.00288756086430215,-0.0021214035705140904,366,-0.009000778639617816,0.0024328750606694813,-3.6996468849251025,0.00021589965564206825,0.001124801607034887
event_500,3,sell,relative_imbalance_power,30,389395,0.002587718336357414,-0.0016303803176964612,366,-0.01229156205396017,0.0025521778936119974,-4.816107092191918,1.463859804295721e-6,0.000017236553670364655
event_500,3,sell,normalised_flow_power,5,389395,0.0026953321998349606,0.0055742331537430995,366,0.00433338174145016,0.0021301455811945586,2.0343124806615585,0.041920099613451924,0.08840794294576856
event_500,3,sell,normalised_flow_power,10,389395,0.00135730545058094,0.001981389111534829,366,0.002085968086087444,0.002122371530557391,0.9828477512321387,0.32568237618297186,0.4807119943660101
event_500,3,sell,normalised_flow_power,15,389395,0.0015375179424543836,-0.0001219930439667465,366,0.0021631933862946554,0.002115019407146417,1.0227770861040157,0.3064132543641553,0.45920893569408766
event_500,3,sell,normalised_flow_power,30,389395,0.00020151537662408976,-0.0011995982724947946,366,-0.002068453977556062,0.0020340414868035795,-1.0169182836120814,0.309192304757801,0.4603359376046665
event_500,3,sell,normalised_flow_log,5,389395,0.0021487475478859184,0.005374645082459116,366,0.002413092446860109,0.0021298619868498755,1.132980663422769,0.25722237366662903,0.39931028253551726
event_500,3,sell,normalised_flow_log,10,389395,0.00110907222017014,0.001957176728961006,366,0.00023835459222507527,0.0021071368745360776,0.11311775476263408,0.90993719907173,0.9421265219034306
event_500,3,sell,normalised_flow_log,15,389395,0.0014451857092954144,-0.00009221293258792379,366,0.00017692832526478754,0.002094219584863659,0.08448413267814331,0.9326715180240153,0.9555950991979543
event_500,3,sell,normalised_flow_log,30,389395,0.000265550178612062,-0.0010991210742213188,366,-0.003588712999973989,0.0020525382910000943,-1.7484268214189551,0.08039014689075366,0.15049637483448422
event_500,3,sell,surface_power,5,389395,0.003806257292498654,0.006483835931137218,366,0.004094928526458047,0.00221087303460988,1.8521771546146784,0.06400038818054815,0.12549095721676107
event_500,3,sell,surface_power,10,389395,0.003000934800285226,0.003393028717166113,366,0.002286252708966199,0.0021703922863263525,1.0533822495452903,0.29216583616192277,0.4429597536002042
event_500,3,sell,surface_power,15,389395,0.002732524635598568,0.0010848283542736843,366,0.0020985927040902213,0.0021746215001792915,0.9650381475200158,0.33452570509365065,0.4907467556386073
event_500,3,sell,surface_power,30,389395,0.001491839939288074,0.00019481498883075002,366,-0.002286541521049293,0.0021078350443052454,-1.0847820028549484,0.27801821833799956,0.42445529517251845
event_500,3,sell,surface_log_activity,5,389395,0.0036801879238737623,0.006363373141767892,366,0.0038746082314657488,0.002203448383855004,1.7584293146395364,0.07867448888391557,0.14804044793359195
event_500,3,sell,surface_log_activity,10,389395,0.002890224813796652,0.003294734233588308,366,0.0020651612785785012,0.002164414314888672,0.9541432360581685,0.3400111431211067,0.49236431950300813
event_500,3,sell,surface_log_activity,15,389395,0.0027284535734164736,0.001023849084874944,366,0.001908978104378761,0.0021653935642381235,0.8815848240735027,0.37800136482969354,0.5236584175549995
event_500,3,sell,surface_log_activity,30,389395,0.0014762384208124213,0.0001280733931531085,366,-0.002475051167354384,0.0021059010368159447,-1.1752931994831926,0.23987743429067354,0.3777597390404308
event_500,3,buy,relative_imbalance_power,5,380197,-0.002391934342576048,-0.0036789631063200373,366,-0.006025801564302952,0.0022773041094352004,-2.6460241033848684,0.008144401299633553,0.022429855427221618
event_500,3,buy,relative_imbalance_power,10,380197,-0.0003373486361297179,-0.0021337924794278935,366,-0.004622988642455237,0.0022288100442948602,-2.074195894032699,0.03806112141695217,0.08244286227498666
event_500,3,buy,relative_imbalance_power,15,380197,-0.0015767880453698754,-0.003939689828307216,366,-0.007114972392201198,0.002383271340767715,-2.9853807539636996,0.0028322554139723548,0.009185693234504935
event_500,3,buy,relative_imbalance_power,30,380197,-0.0010039182541451794,-0.005077446165609798,366,-0.008115922988383524,0.0023748896209202174,-3.417389556504433,0.0006322474088012888,0.0026435431726883154
event_500,3,buy,normalised_flow_power,5,380197,0.0010646220861167126,0.0008618244365449465,366,-0.00161926727129703,0.0021940416559934764,-0.7380294110978559,0.46049657690435747,0.5922785555039968
event_500,3,buy,normalised_flow_power,10,380197,0.0027878528608924853,0.0027884402696281073,366,0.00038244016692833314,0.0021987558449368654,0.17393480399790112,0.8619166998731473,0.9120811638869284
event_500,3,buy,normalised_flow_power,15,380197,0.0017318812512493135,0.0013347366572843767,366,-0.0016778156535212352,0.0022165416491111574,-0.7569520086365381,0.4490786149186344,0.585746101888669
event_500,3,buy,normalised_flow_power,30,380197,0.0016005933741910557,0.00022730243487118832,366,-0.0016670517431600555,0.0021355639940686317,-0.7806142769732802,0.4350293921950396,0.5749287121520347
event_500,3,buy,normalised_flow_log,5,380197,0.00151267887030572,0.0012153510631405847,366,-0.0019969835258235903,0.002192645899948625,-0.910764262423942,0.3624195962235252,0.5123502787112536
event_500,3,buy,normalised_flow_log,10,380197,0.0034521911941108414,0.003370998223606359,366,-0.00005797671777852127,0.002168661025882855,-0.026733877303355483,0.9786719926013542,0.9868961269929623
event_500,3,buy,normalised_flow_log,15,380197,0.0025135904565620434,0.002106424555381144,366,-0.002040387281494248,0.0022152317155662714,-0.9210717177605374,0.35701298500519735,0.5079483123352453
event_500,3,buy,normalised_flow_log,30,380197,0.0023978495945375213,0.0007561615685509619,366,-0.0023754217449076347,0.0021443575776933063,-1.1077544946878146,0.267967857474749,0.41239298189634654
event_500,3,buy,surface_power,5,380197,0.0004488108347380802,0.0008314676195718711,366,-0.0015872034774628207,0.0022124385616137878,-0.7174000241186762,0.47312730473818865,0.6031270896294892
event_500,3,buy,surface_power,10,380197,0.00245140706120262,0.0029962931092662438,366,0.0008343853364007922,0.002192323723107972,0.38059403709681916,0.7035045065975909,0.7986806129773973
event_500,3,buy,surface_power,15,380197,0.0013187495645419905,0.0015988104651294026,366,-0.0011823862195615706,0.0022246921550939155,-0.5314830714237208,0.5950840692013858,0.715531946935534
event_500,3,buy,surface_power,30,380197,0.0012874840270356348,0.00014373571022759755,366,-0.0015252926530137738,0.0021550990603279203,-0.70775988031923,0.47909438460179693,0.6058095484954229
event_500,3,buy,surface_log_activity,5,380197,0.0005257953781686207,0.0009151200301743431,366,-0.0015128896858863598,0.0022123077525929304,-0.6838513692831302,0.4940690250432679,0.6195222884555084
event_500,3,buy,surface_log_activity,10,380197,0.0025372317980281956,0.003064206536914209,366,0.0008948680403182305,0.002187610542265247,0.4090618613455777,0.6824942639216562,0.782976210999988
event_500,3,buy,surface_log_activity,15,380197,0.0014085441907502846,0.001675731547079237,366,-0.001113179812771484,0.0022212800345280067,-0.5011433927591306,0.6162702098285209,0.7336550117006201
event_500,3,buy,surface_log_activity,30,380197,0.001365743827045179,0.00019580509936224964,366,-0.00150626988230826,0.0021533848985155154,-0.6994893868470246,0.48424624335882455,0.6116794652953573
event_500,4,sell,relative_imbalance_power,5,339396,0.004530172227659224,0.0024440918810141508,365,-0.004764657368087991,0.0023880108504226918,-1.9952410883077096,0.04601659169634659,0.09518504779553269
event_500,4,sell,relative_imbalance_power,10,339396,0.00460802493361837,0.0015900441216906984,365,-0.004300089378488363,0.0023979151237273092,-1.793261711367132,0.07293108662682503,0.14002768632350404
event_500,4,sell,relative_imbalance_power,15,339396,0.0017543701396799832,0.000494130543487101,365,-0.007142076982386119,0.0024720778306378654,-2.88909875484918,0.003863477196095309,0.011766935622625308
event_500,4,sell,relative_imbalance_power,30,339396,0.0019394291420610573,-0.0005422638303590903,365,-0.009001604141413084,0.002795239090983027,-3.220334235611813,0.0012804121770034935,0.004641977680979433
event_500,4,sell,normalised_flow_power,5,339396,0.0043493922650123884,0.004957458617189186,365,0.00434912873165124,0.002252516291744537,1.930786803891621,0.05350942292903932,0.10788862672310445
event_500,4,sell,normalised_flow_power,10,339396,0.003461905275556253,0.003282040132073937,365,0.004895398883876293,0.002305214636874329,2.123619556100871,0.03370196893188489,0.07461690538424698
event_500,4,sell,normalised_flow_power,15,339396,0.000636089345503748,0.002641410188065952,365,0.0019455704676963565,0.002410360793683561,0.8071698115878732,0.41956865570838586,0.561295860479446
event_500,4,sell,normalised_flow_power,30,339396,-0.000047190215081004656,0.000913085267539619,365,0.00036304866300923875,0.002500703659131636,0.1451786027038912,0.8845698595070108,0.9254436193621735
event_500,4,sell,normalised_flow_log,5,339396,0.004301020069078861,0.0049470106015689266,365,0.0025860107815925066,0.002246340377486869,1.1512105678684588,0.24964561863874798,0.38855349204474393
event_500,4,sell,normalised_flow_log,10,339396,0.0031725642786064987,0.0031025925620422187,365,0.0026903048423451803,0.0022317889208285577,1.2054477093408984,0.22803051299760235,0.3643630034582195
event_500,4,sell,normalised_flow_log,15,339396,0.00029356792930155243,0.0021899094652909623,365,-0.0003904355237511094,0.0023331770128317323,-0.16734072108710057,0.8671019650507932,0.9149861468816558
event_500,4,sell,normalised_flow_log,30,339396,-0.00003186227765455873,0.000583719882467627,365,-0.0018554626315081023,0.002466399091720116,-0.7522961866702869,0.4518729605731418,0.5881209898999676
event_500,4,sell,surface_power,5,339396,0.005064507672059684,0.0055670532333886085,365,0.0036744211183954816,0.002308787014376178,1.5914941895964756,0.11149840202318777,0.2008980216634014
event_500,4,sell,surface_power,10,339396,0.004524487672035232,0.004400013947219354,365,0.004693481720993257,0.0023539393718849744,1.993883859988644,0.04616474818083336,0.09518504779553269
event_500,4,sell,surface_power,15,339396,0.0015401585981294423,0.003464475005825082,365,0.0015334879868123064,0.002448318266764251,0.6263433997243326,0.5310897256992332,0.6576962547358925
event_500,4,sell,surface_power,30,339396,0.0006967344551430148,0.0014611398833471612,365,-0.0002482939720593606,0.0025908508823996442,-0.09583491421528316,0.9236516874341966,0.9497703726829786
event_500,4,sell,surface_log_activity,5,339396,0.005082379986385011,0.005554934507116857,365,0.0035604498092236857,0.0023001894785014756,1.5478941376356712,0.1216477863117166,0.2162627312208295
event_500,4,sell,surface_log_activity,10,339396,0.0044890427480520235,0.0043391017358007005,365,0.00449832612713827,0.002343994997193509,1.919085208169883,0.05497355114002664,0.1101306533690016
event_500,4,sell,surface_log_activity,15,339396,0.001456358077935314,0.0033649623870585957,365,0.0012971332051887126,0.002438841639816673,0.5318644654952741,0.5948198700198701,0.715531946935534
event_500,4,sell,surface_log_activity,30,339396,0.00068636570272337,0.0014025043161106472,365,-0.0004548827418869325,0.0025827711074483247,-0.17612197247178385,0.8601981192023616,0.9110659691463671
event_500,4,buy,relative_imbalance_power,5,331711,-0.0001463235219935398,0.0005678722846920972,365,-0.0023105107534291927,0.0024079648665320283,-0.9595284323050819,0.337292603338023,0.49148916388615715
event_500,4,buy,relative_imbalance_power,10,331711,0.0007706892277638935,-0.00006734899578209436,365,-0.004312319555833938,0.0023155184870754697,-1.8623559172185469,0.0625529384798897,0.1230549609440453
event_500,4,buy,relative_imbalance_power,15,331711,0.0010023052682531257,-0.00116737447656738,365,-0.00431674175787304,0.002393114641236496,-1.8038173698367526,0.07125994191689505,0.1374789876210194
event_500,4,buy,relative_imbalance_power,30,331711,0.0004670600029587691,-0.0013478743680978348,365,-0.00539320360079066,0.00258833547685424,-2.083657102805447,0.03719136884118618,0.08085080182866561
event_500,4,buy,normalised_flow_power,5,331711,0.00002504519570935481,0.0021150042020851093,365,0.0010993715033045422,0.0023648137458480395,0.46488714184562535,0.6420122789933727,0.7527409493092102
event_500,4,buy,normalised_flow_power,10,331711,0.002467210696270381,0.0033455551852537998,365,0.0007770440386338942,0.002358929980392925,0.3294053003236928,0.7418493620684161,0.8250409958128816
event_500,4,buy,normalised_flow_power,15,331711,0.0033843073278725486,0.002507123821928241,365,0.00139674021718762,0.0023013819494661436,0.6069136926669755,0.5439081906158783,0.6687395786260799
event_500,4,buy,normalised_flow_power,30,331711,0.0032349989260815793,0.002839506887475047,365,0.0013716899146784852,0.0023782636316099608,0.5767610858809301,0.5641008606001995,0.6893289538902642
event_500,4,buy,normalised_flow_log,5,331711,0.0012494412309805246,0.0027068410009474554,365,0.0011359950858885006,0.0022795525182220232,0.4983412651420463,0.6182435274460413,0.7352747600944
event_500,4,buy,normalised_flow_log,10,331711,0.003589371098253842,0.003823564286035969,365,0.00029950427999174477,0.002248144589746397,0.13322287247793543,0.8940171224562425,0.9336993446018199
event_500,4,buy,normalised_flow_log,15,331711,0.004460024803317383,0.002942793496821685,365,0.000804686849310658,0.0022207191833175013,0.3623541667742734,0.7170873851411345,0.8064712860068991
event_500,4,buy,normalised_flow_log,30,331711,0.004091766951700629,0.0032201774426097144,365,0.00012840938671155648,0.00230786648357299,0.0556398680883635,0.9556287035398541,0.9726500799387828
event_500,4,buy,surface_power,5,331711,-0.000051278831409534846,0.0022208180428008664,365,0.0007417114265868159,0.002374948171221351,0.31230636338702933,0.754807704462087,0.8363520271048055
event_500,4,buy,surface_power,10,331711,0.002563568648711982,0.0036791390944049696,365,0.0007174282957185857,0.002362889072695018,0.303623349910504,0.7614148602403122,0.8413423870058698
event_500,4,buy,surface_power,15,331711,0.0032645984107334924,0.0025326004445999717,365,0.001219413981805321,0.002321574757243235,0.5252529465186466,0.5994073626609672,0.7192888351931606
event_500,4,buy,surface_power,30,331711,0.003040581298360169,0.0026407119208992406,365,0.000999992222336759,0.002423586165506512,0.412608487607771,0.6798934817257594,0.7814867606043211
event_500,4,buy,surface_log_activity,5,331711,0.00004817419703085954,0.00229726622518321,365,0.0008391686009022231,0.0023712937665681384,0.353886394310694,0.7234240238641299,0.8113166622775289
event_500,4,buy,surface_log_activity,10,331711,0.002641511871947978,0.003732425669731257,365,0.0007820036936589013,0.0023557545388617597,0.33195465858541673,0.7399234966259913,0.8236625194352408
event_500,4,buy,surface_log_activity,15,331711,0.0033241885228112024,0.002568213081088856,365,0.0012688452585622031,0.002316220814394581,0.5478084173480915,0.5838234582870345,0.7067644177042208
event_500,4,buy,surface_log_activity,30,331711,0.0030611016175236608,0.002650241714000778,365,0.001034124204716397,0.0024174441949078073,0.42777583321042695,0.6688143332068169,0.7761868470485302
event_500,5,sell,relative_imbalance_power,5,132459,0.002111729197031838,-0.010700589973582787,151,-0.003766179522106263,0.004170416569462317,-0.9030703430645126,0.36648856272286406,0.5154292743035112
event_500,5,sell,relative_imbalance_power,10,132459,0.002156943490393506,-0.009118256175274883,151,-0.005177897447155289,0.0044429634229245325,-1.1654152767584556,0.24385093647558834,0.38151385107002084
event_500,5,sell,relative_imbalance_power,15,132459,0.0027866900005033223,-0.007373038384456903,151,-0.005098443792361496,0.004442811523947262,-1.147571479204171,0.25114550934865154,0.3903816207491993
event_500,5,sell,relative_imbalance_power,30,132452,0.0033723846108800718,-0.007553278404021625,151,-0.009014198601424252,0.004771038839046973,-1.8893576232602751,0.05884392511545445,0.11652262399099891
event_500,5,sell,normalised_flow_power,5,132459,0.00218533310084564,-0.007558365364939448,151,0.0011872780848560705,0.0038231524539110717,0.3105495004891811,0.7561431228300871,0.837058807560982
event_500,5,sell,normalised_flow_power,10,132459,0.0002685081190768121,-0.007160032737124775,151,-0.0009271603024681264,0.003939271705282922,-0.23536337979041153,0.8139267064578085,0.8815090683658575
event_500,5,sell,normalised_flow_power,15,132459,0.0003929711972838423,-0.005059625845719747,151,-0.0005407785497948572,0.004133287717108665,-0.13083496403031553,0.8959058634241754,0.9342449821371857
event_500,5,sell,normalised_flow_power,30,132452,-0.0015409550264399827,-0.008350311732650691,151,-0.003387448529055918,0.004432704663270605,-0.7641945011866726,0.4447513429632547,0.5826436807378882
event_500,5,sell,normalised_flow_log,5,132459,0.002339842058694251,-0.007358990147711081,151,0.0001413687966568011,0.003819829400820921,0.03700919120273263,0.9704776772423173,0.9816631974887565
event_500,5,sell,normalised_flow_log,10,132459,0.0006686458454247334,-0.00726608398736573,151,-0.0020494748732195586,0.00394542614347754,-0.519455896192022,0.6034428609356034,0.7225658381869944
event_500,5,sell,normalised_flow_log,15,132459,0.0006319162176918625,-0.0055713995590258355,151,-0.0017248171230597833,0.004087282742709783,-0.4219960378655541,0.673027909454896,0.7773180859921802
event_500,5,sell,normalised_flow_log,30,132452,-0.001111079949256143,-0.008429010177765515,151,-0.005229398300509454,0.0044094336118532095,-1.1859569189231147,0.23563931324339651,0.3735365599631121
event_500,5,sell,surface_power,5,132459,0.0024364116694910545,-0.007789324206069239,151,0.0008632442569601929,0.0039500778025855325,0.21853854534084224,0.8270095291689397,0.8914460512242557
event_500,5,sell,surface_power,10,132459,0.0010622504865348149,-0.007021225174675867,151,-0.0010699692721191376,0.004070394959174469,-0.2628662041032357,0.7926537057004023,0.8646518730349593
event_500,5,sell,surface_power,15,132459,0.0013481336211477067,-0.0051536525796486545,151,-0.0007594794661362558,0.004250674054415414,-0.17867271317765276,0.8581946961053172,0.9109211703165605
event_500,5,sell,surface_power,30,132452,0.0002255882737905271,-0.007540034383520909,151,-0.0035788054069291835,0.004569156344453868,-0.7832529983950337,0.4334785580912765,0.5739848276998915
event_500,5,sell,surface_log_activity,5,132459,0.00239629928160355,-0.007675122642252834,151,0.0009111018708623522,0.003952437608412544,0.2305164460845941,0.8176904854338154,0.8834126276926152
event_500,5,sell,surface_log_activity,10,132459,0.0009710501282451092,-0.00698395924278922,151,-0.0010970827156479065,0.004067743176043883,-0.2697030437194128,0.7873887187457624,0.8605706915700172
event_500,5,sell,surface_log_activity,15,132459,0.0012702004658989884,-0.00510838184671646,151,-0.0007590323752475797,0.004258749927349422,-0.1782289141640184,0.8585432030233584,0.9109211703165605
event_500,5,sell,surface_log_activity,30,132452,0.00014509265929382167,-0.007491203636122498,151,-0.0035626282174019094,0.004572052770334921,-0.7792185253235677,0.435850999200604,0.5753808570305003
event_500,5,buy,relative_imbalance_power,5,134451,0.0026211911513380815,-0.007344644344385303,151,-0.0064003884964555745,0.004567240887542793,-1.4013687156096177,0.16110384240133835,0.274219306215044
event_500,5,buy,relative_imbalance_power,10,134448,0.0020711244411384644,-0.004946131847399122,151,-0.006122298545929427,0.004474940269832819,-1.368129668054352,0.17127149162828448,0.2862476183202526
event_500,5,buy,relative_imbalance_power,15,134445,-0.00017790780985562455,-0.0063361078617113166,151,-0.0075669186392655005,0.004344017213526998,-1.741917277791301,0.08152292018445241,0.15237929006439702
event_500,5,buy,relative_imbalance_power,30,134437,-0.0013090013798283653,-0.005984274530582206,151,-0.008837583677916162,0.004539409754189284,-1.946857445455375,0.05155182764655284,0.10449694793220171
event_500,5,buy,normalised_flow_power,5,134451,0.0025014467269821408,-0.003601987954547139,151,0.0019952837624368225,0.004186792870646217,0.4765661507704003,0.6336710917873374,0.7499066174998076
event_500,5,buy,normalised_flow_power,10,134448,0.005170952649765158,0.0008571498228362605,151,0.0034873972560386167,0.00431662513389564,0.8078990294186914,0.4191487100934775,0.561295860479446
event_500,5,buy,normalised_flow_power,15,134445,0.00472172889601153,0.0004445265915865582,151,0.003420257113498475,0.004150044677154674,0.8241494681554727,0.4098546351766395,0.5532346031630679
event_500,5,buy,normalised_flow_power,30,134437,0.005244585267077017,0.0021907425661907426,151,0.004070954986679538,0.004186672288904276,0.9723605541013044,0.33087120856362046,0.4877708234353127
event_500,5,buy,normalised_flow_log,5,134451,0.0028533055697741905,-0.0037882522782674917,151,-0.0006837407340955687,0.004211215255985563,-0.16236185816522714,0.8710209050337595,0.916236723235262
event_500,5,buy,normalised_flow_log,10,134448,0.005195805484635211,0.0008432814491179373,151,0.0008345793311750816,0.004339235541147868,0.19233326314300708,0.8474811645425406,0.905589846349999
event_500,5,buy,normalised_flow_log,15,134445,0.004540350188793385,0.0002340173321729269,151,0.00025937970883961814,0.0041564706693214114,0.06240383476156339,0.9502412412159509,0.9679876820536003
event_500,5,buy,normalised_flow_log,30,134437,0.004819404064766495,0.0015095000773455082,151,0.0007496273001347908,0.004205664918353612,0.17824227908966336,0.8585327073987163,0.9109211703165605
event_500,5,buy,surface_power,5,134451,0.0030429878635382995,-0.0030321286595418077,151,0.0003394816187626445,0.004328947324264645,0.07842128659311233,0.9374929414198272,0.9574617290638355
event_500,5,buy,surface_power,10,134448,0.004925475439943848,0.0006797197405325485,151,0.0019518550053753952,0.004376940227725979,0.44594052096285386,0.6556402110127348,0.765091941619564
event_500,5,buy,surface_power,15,134445,0.004066543298253125,0.000045439114444190564,151,0.0015210729623046065,0.0042146774253299,0.3608990223458314,0.7181749344592576,0.8066526267180598
event_500,5,buy,surface_power,30,134437,0.0039051707934260544,0.0010182901461437905,151,0.001601373437244686,0.004334260248172781,0.36946868567012936,0.7117784098164495,0.8028711565366656
event_500,5,buy,surface_log_activity,5,134451,0.003120463262065055,-0.002979817647320626,151,0.00044972128791920306,0.004327288007367489,0.10392682140720085,0.9172274219512033,0.9469401379839452
event_500,5,buy,surface_log_activity,10,134448,0.005014324175720898,0.0008025413196983086,151,0.002038396748313101,0.004389019031924107,0.4644310570281319,0.642338943410526,0.7527409493092102
event_500,5,buy,surface_log_activity,15,134445,0.004186426406075712,0.00019814074106584066,151,0.0016618981967787781,0.004227348468152265,0.3931301640494233,0.6942233463201156,0.7918897486541242
event_500,5,buy,surface_log_activity,30,134437,0.004052107492457852,0.001152156444183319,151,0.001808387867569307,0.004334378413697762,0.417219655269215,0.6765177497438521,0.7790991359814036
event_1000,1,sell,relative_imbalance_power,5,261279,0.0029389261251867253,0.0003341218660821302,365,-0.007242672905587034,0.003106282390229436,-2.331620888161451,0.019720643968575827,0.047047261952864794
event_1000,1,sell,relative_imbalance_power,10,261279,0.00605312651511506,-0.00036763343086257817,365,-0.008322015013613076,0.0031182105139323344,-2.6688432280084555,0.007611296737621409,0.021290340524815134
event_1000,1,sell,relative_imbalance_power,15,261279,0.007173847343118123,-0.0013190628955122516,365,-0.008184355809799383,0.0031716618708774653,-2.580462906512514,0.009866795565195987,0.026079635855143578
event_1000,1,sell,relative_imbalance_power,30,261279,0.008789508340878684,0.001776842105608615,365,-0.008931583242748386,0.003420470018459526,-2.611215182283894,0.009022110503946119,0.02438408244309762
event_1000,1,sell,normalised_flow_power,5,261279,0.0022074157346688855,0.0024755406505149735,365,-0.0009485487381322572,0.002809872500487858,-0.337577145570686,0.7356818673303102,0.8221855224754048
event_1000,1,sell,normalised_flow_power,10,261279,0.0035526268290495618,0.0010018080641859162,365,-0.002349598033130481,0.0024499007570505235,-0.9590584542531435,0.3375292984077442,0.49148916388615715
event_1000,1,sell,normalised_flow_power,15,261279,0.0035182828556627735,0.000763955318771873,365,-0.003438103530586562,0.0026050474333767413,-1.3197853853010224,0.1869066824227968,0.3051537672208927
event_1000,1,sell,normalised_flow_power,30,261279,0.004170330971049516,0.0015389957162361774,365,-0.00394539591070674,0.0026193621877024266,-1.506242981298987,0.13200480941983755,0.22990677983135713
event_1000,1,sell,normalised_flow_log,5,261279,0.002626351973102227,0.003973404814661085,365,-0.001372700124446709,0.002808218497348252,-0.48881528475897584,0.6249724758320419,0.7425415554440101
event_1000,1,sell,normalised_flow_log,10,261279,0.004146161336574704,0.0025493896001106014,365,-0.0028336529607308754,0.002555221978656533,-1.1089654771288144,0.26744507525265576,0.41239298189634654
event_1000,1,sell,normalised_flow_log,15,261279,0.004063696430510526,0.002125575558538659,365,-0.003417220191201649,0.002633440153709826,-1.2976259158149779,0.1944159122710608,0.31612343458709075
event_1000,1,sell,normalised_flow_log,30,261279,0.00426681305975629,0.0024746954698846675,365,-0.0040635941758328025,0.0027336649234771864,-1.4865004635110741,0.13714679435001817,0.23714143115276917
event_1000,1,sell,surface_power,5,261279,0.0031832420317701475,0.005248402861170896,365,0.000587676896871129,0.0028951973920471044,0.20298336081865592,0.839148037630254,0.9007420312185087
event_1000,1,sell,surface_power,10,261279,0.004965010724460662,0.003952071253372556,365,-0.0008583337247189314,0.0025632248390652754,-0.3348647811293596,0.737727090370063,0.8230857710624523
event_1000,1,sell,surface_power,15,261279,0.004785349867324521,0.0028605951422387933,365,-0.0017884217604443467,0.002696969476005161,-0.6631227295510275,0.5072519544762663,0.6339399559839423
event_1000,1,sell,surface_power,30,261279,0.005183411178122424,0.0033595788398962105,365,-0.0024975242688662,0.002723833730063896,-0.916915097019381,0.35918713225011206,0.5094852939717902
event_1000,1,sell,surface_log_activity,5,261279,0.0032213413269158637,0.004972176413334399,365,0.0002947013697227285,0.002881231028360391,0.10228314453854567,0.9185319338444269,0.9469401379839452
event_1000,1,sell,surface_log_activity,10,261279,0.00494661033679873,0.003598811791657514,365,-0.0011999027349057913,0.0025605283368899967,-0.46861529224987464,0.639344644597633,0.7521701701148623
event_1000,1,sell,surface_log_activity,15,261279,0.004835166804472307,0.002643013008777483,365,-0.002055337333446594,0.0026945421526177902,-0.7627779478045282,0.4455958347490504,0.5831134151568818
event_1000,1,sell,surface_log_activity,30,261279,0.005218636120892532,0.0031605556343581084,365,-0.002813183050363976,0.00272301432781188,-1.0331135688972128,0.3015507541291037,0.4551074584539862
event_1000,1,buy,relative_imbalance_power,5,261920,-0.0013350446563918433,-0.002492484131752465,365,-0.011328135489794664,0.003060330286163599,-3.7016055231069545,0.00021423952179289155,0.0011226525159452833
event_1000,1,buy,relative_imbalance_power,10,261920,-0.0010038785449575408,-0.0030397580160338093,365,-0.01158651346167511,0.003143412828378446,-3.6859662075159574,0.00022783658384395027,0.0011707634284456262
event_1000,1,buy,relative_imbalance_power,15,261920,-0.004052744259077378,-0.004794511436863824,365,-0.013677913056410806,0.00315770454099023,-4.331600021109488,0.000014802967406058684,0.00012872145570485812
event_1000,1,buy,relative_imbalance_power,30,261920,-0.0010740623076138146,-0.0028613125919049152,365,-0.010714482435764446,0.003196468279893066,-3.3519752106293033,0.000802372029731099,0.003184281756981834
event_1000,1,buy,normalised_flow_power,5,261920,-0.0006411978197315714,-0.002477594338954496,365,-0.002884278602493042,0.0025893812131297872,-1.1138872051237338,0.26532757913039784,0.41030038009855335
event_1000,1,buy,normalised_flow_power,10,261920,-0.001918723617249121,-0.003918701476669446,365,-0.00333607934656078,0.0026487802300754096,-1.2594775922447154,0.2078578788602222,0.33615829465265046
event_1000,1,buy,normalised_flow_power,15,261920,-0.003421502106285952,-0.004240970429959411,365,-0.005142959099880725,0.0025764873031371453,-1.9961127282166806,0.04592165389344506,0.0951744122143939
event_1000,1,buy,normalised_flow_power,30,261920,-0.001490221176675102,-0.003975641674506304,365,-0.0036634131095606716,0.0026350433718922103,-1.3902667214657627,0.1644478993009641,0.2779401114945872
event_1000,1,buy,normalised_flow_log,5,261920,0.00013506735510299226,-0.0010664993684897748,365,-0.0031457783230681166,0.0025889405759165784,-1.2150832476926967,0.22433434223080656,0.35989466668043835
event_1000,1,buy,normalised_flow_log,10,261920,-0.0008568059346077507,-0.002533943307680628,365,-0.0034147893514166654,0.002678331196276565,-1.2749690389911188,0.20232020081016583,0.32808681212459323
event_1000,1,buy,normalised_flow_log,15,261920,-0.0025010356336839096,-0.0031799273226054466,365,-0.005112413370997623,0.00264099628341384,-1.9357896878177907,0.05289346442856531,0.10685548369407133
event_1000,1,buy,normalised_flow_log,30,261920,-0.0008551697373303272,-0.003100598881998504,365,-0.00399424542926177,0.0026676770543413316,-1.4972747255000765,0.13432178854518134,0.23292795701476535
event_1000,1,buy,surface_power,5,261920,0.00041649873711713064,0.0005829000778799705,365,-0.0011014811753273905,0.002622070710693929,-0.4200806526060025,0.6744265359216168,0.7781844645249425
event_1000,1,buy,surface_power,10,261920,-0.00032829790511345247,-0.000864808827612095,365,-0.0010910893772401878,0.002694135933396528,-0.40498675798612693,0.6854872446393308,0.7849090587473253
event_1000,1,buy,surface_power,15,261920,-0.0024278642789781727,-0.002318080294521285,365,-0.003218169127910539,0.002650848509693705,-1.2140147262818821,0.2247421007611553,0.36006745115271876
event_1000,1,buy,surface_power,30,261920,-0.00072609339218417,-0.002238218504109692,365,-0.002011733160442759,0.002709122610260941,-0.7425773764624812,0.4577375896908189,0.5912649167158048
event_1000,1,buy,surface_log_activity,5,261920,0.00022617347057419355,-0.000016295909213873995,365,-0.0017908827370038893,0.0026072188143123234,-0.6868939143783566,0.49214958215556825,0.6190560781831047
event_1000,1,buy,surface_log_activity,10,261920,-0.0006056227476103456,-0.0013996993138393591,365,-0.0018460808034651017,0.0026765975343883515,-0.689711762693887,0.4903754672398794,0.6181203368569909
event_1000,1,buy,surface_log_activity,15,261920,-0.002622911389183677,-0.0026481672000293072,365,-0.003924259525687261,0.0026375491500322933,-1.4878431841314554,0.13679225410348198,0.23686970407529345
event_1000,1,buy,surface_log_activity,30,261920,-0.000833113661945196,-0.0025824766080344234,365,-0.002739342268911951,0.0026929352738335583,-1.01723286687553,0.3090426642093868,0.4603359376046665
event_1000,2,sell,relative_imbalance_power,5,177438,-0.010745055785215025,-0.0170157026855755,365,-0.03605296185311469,0.003915934413490261,-9.206732811692008,3.362022420405835e-20,1.5693118342462332e-17
event_1000,2,sell,relative_imbalance_power,10,177438,-0.006375091336152595,-0.01595690035548686,365,-0.03353311171129948,0.003986609297090496,-8.411436690265232,4.050187721581308e-17,3.7386348199212075e-15
event_1000,2,sell,relative_imbalance_power,15,177438,-0.007961073321338694,-0.017775254378461197,365,-0.03625493562220914,0.0039449815748422365,-9.190140672243572,3.9232795856155825e-20,1.5693118342462332e-17
event_1000,2,sell,relative_imbalance_power,30,177438,-0.005302740093466093,-0.015580830187285441,365,-0.0377937651851876,0.0038409183570944465,-9.839773114515662,7.58817680350365e-23,9.105812164204379e-20
event_1000,2,sell,normalised_flow_power,5,177438,-0.005208542084572531,-0.011050256627473873,365,-0.009432208718539094,0.003048779327860186,-3.093765636740648,0.001976335394553131,0.00683458926070247
event_1000,2,sell,normalised_flow_power,10,177438,-0.004156009494359624,-0.009748337343638459,365,-0.007979131499807654,0.0030845378431499392,-2.586815888003287,0.009686733530006908,0.02571699167258471
event_1000,2,sell,normalised_flow_power,15,177438,-0.005857444677101158,-0.01141608162229022,365,-0.011070637488452459,0.0031193435633904637,-3.5490279488225425,0.0003866560387260766,0.0017914565500822082
event_1000,2,sell,normalised_flow_power,30,177438,-0.0044831885516833205,-0.009708259603201678,365,-0.012604438748066084,0.002980878421825101,-4.228431007376936,0.000023532665500348125,0.00017986750700903025
event_1000,2,sell,normalised_flow_log,5,177438,-0.00702258201287142,-0.011732698658097571,365,-0.01711948371575156,0.003274184951176528,-5.228624519088311,1.7077579796678985e-7,2.8462632994464975e-6
event_1000,2,sell,normalised_flow_log,10,177438,-0.005829934792315931,-0.010622718644807424,365,-0.015813777892226936,0.0032798055320543825,-4.821559613115722,1.4244013886932167e-6,0.0000170928166643186
event_1000,2,sell,normalised_flow_log,15,177438,-0.007443382647540185,-0.012101841371265092,365,-0.017956282564610848,0.0032493672405236886,-5.526085922413897,3.274538093502436e-8,6.256416080494609e-7
event_1000,2,sell,normalised_flow_log,30,177438,-0.005774446297033678,-0.010385846059409922,365,-0.019500010551886753,0.0031665321621415082,-6.158159637544626,7.359515169225893e-10,1.7662836406142142e-8
event_1000,2,sell,surface_power,5,177438,-0.005665046855464889,-0.009304124370983264,365,-0.011444726857158218,0.003221229627536868,-3.5529062440387076,0.00038100022936775915,0.0017720940900826005
event_1000,2,sell,surface_power,10,177438,-0.004585344014255679,-0.009040261612965804,365,-0.010444792710625199,0.003252842830992845,-3.2109736785029974,0.00132286051030817,0.004752792252604204
event_1000,2,sell,surface_power,15,177438,-0.005976339886591966,-0.010797920064738219,365,-0.013315968285407582,0.0032874444563215947,-4.0505530853309555,0.00005109671570359048,0.00034274314487646755
event_1000,2,sell,surface_power,30,177438,-0.004248056475298324,-0.009147567853047127,365,-0.014946745542416989,0.0031680863716307193,-4.717909737645001,2.3828016271381858e-6,0.000025728777736121793
event_1000,2,sell,surface_log_activity,5,177438,-0.00558835501884176,-0.009516040068752197,365,-0.012167571344056617,0.003218866986029542,-3.7800789522729743,0.00015677863623273264,0.0008750435510664148
event_1000,2,sell,surface_log_activity,10,177438,-0.004471249535313701,-0.009214798287562777,365,-0.011225898740196362,0.0032551774248403813,-3.448628838026188,0.000563440601627907,0.0023891474273974853
event_1000,2,sell,surface_log_activity,15,177438,-0.005957051660952926,-0.010926207895636,365,-0.014050500766421628,0.0032869287490129295,-4.274659367240929,0.000019142973770460236,0.0001552133008415695
event_1000,2,sell,surface_log_activity,30,177438,-0.004201081939499266,-0.009246696196750911,365,-0.01563652632289485,0.0031763510019876193,-4.922795469741917,8.531660874545345e-7,0.000011008594676832703
event_1000,2,buy,relative_imbalance_power,5,173421,0.005155827939192865,-0.006749813400010442,365,-0.013640531974547374,0.0036208106316038746,-3.76725914785142,0.00016504964713467754,0.0009127169426802445
event_1000,2,buy,relative_imbalance_power,10,173421,0.00361383298721041,-0.0008554133480346093,365,-0.00808804167786259,0.0035586899019156453,-2.272758206189528,0.02304075488943953,0.05442698005379416
event_1000,2,buy,relative_imbalance_power,15,173421,0.0030886054261299715,-0.0032197153221095744,365,-0.009764424243603001,0.003816601134416563,-2.5584083585657873,0.010515253124466727,0.02731234577783566
event_1000,2,buy,relative_imbalance_power,30,173421,-0.0027900899269250293,-0.0060498103469683855,365,-0.015021326117778785,0.003955680396220619,-3.797406416385568,0.00014621795080546992,0.0008199137428344108
event_1000,2,buy,normalised_flow_power,5,173421,0.00405038819502999,-0.0001365999130671051,365,3.727410504571224e-6,0.0029046652073232092,0.0012832496134748054,0.9989761152267624,0.9989761152267624
event_1000,2,buy,normalised_flow_power,10,173421,0.0042612943670403665,0.005306290194428739,365,0.0023538534272591538,0.002922531353381248,0.805415970828112,0.4205796786100055,0.5613466564228253
event_1000,2,buy,normalised_flow_power,15,173421,0.004021703105115335,0.004076215190057548,365,0.0008529091986066945,0.0030403093379066633,0.2805336904283384,0.7790680814866076,0.8561187708644039
event_1000,2,buy,normalised_flow_power,30,173421,0.0007179186485570424,0.001831717243566782,365,-0.002191268652520523,0.003184547648346738,-0.6880941642239591,0.49139348520652176,0.6187536015192299
event_1000,2,buy,normalised_flow_log,5,173421,0.004979630099973754,-0.000038957810457853945,365,-0.00409141606594661,0.0030557047588933087,-1.3389435134526566,0.18058906256482665,0.29767427895301096
event_1000,2,buy,normalised_flow_log,10,173421,0.005471400055427496,0.005416585647360596,365,-0.0004806592334164988,0.002982134432272447,-0.1611795994891574,0.8719519482788909,0.916236723235262
event_1000,2,buy,normalised_flow_log,15,173421,0.005450770512412283,0.004362768402834581,365,-0.0021137658526738765,0.0031594959877937886,-0.6690199515492583,0.5034827509304043,0.6306673289316129
event_1000,2,buy,normalised_flow_log,30,173421,0.0014033565655705578,0.001699054037471445,365,-0.006501758990094389,0.0033333984839472195,-1.9504895743503725,0.05111779481121567,0.10414491302794364
event_1000,2,buy,surface_power,5,173421,0.005278069332654647,0.0015689773444613397,365,0.00025898828587703226,0.003006350797974281,0.08614706109863893,0.9313495133006401,0.9555950991979543
event_1000,2,buy,surface_power,10,173421,0.004937447997701865,0.00624428075306406,365,0.0025043235236547733,0.003007592125830291,0.8326672696562594,0.40503240866249923,0.5498177493156099
event_1000,2,buy,surface_power,15,173421,0.004630451219091455,0.004981913992617448,365,0.0008652147234456797,0.0031492838213473496,0.27473380378765516,0.7835207584390826,0.8592933227290449
event_1000,2,buy,surface_power,30,173421,0.0005868684718108615,0.002218093195577889,365,-0.0025241554969446015,0.0033182323580890722,-0.7606928100713931,0.4468405702890429,0.5841053206392717
event_1000,2,buy,surface_log_activity,5,173421,0.005364944771036048,0.0018052408437280072,365,0.0005777984403657323,0.002999669830478659,0.19262067928107032,0.8472560484860582,0.905589846349999
event_1000,2,buy,surface_log_activity,10,173421,0.00502702492789392,0.006467324847639006,365,0.0028055093754018336,0.003005338521139291,0.9335086066571614,0.35055742878759905,0.5024135170367633
event_1000,2,buy,surface_log_activity,15,173421,0.00474338675579177,0.0052424292065166855,365,0.001201526356761577,0.0031413145094953804,0.3824915821480701,0.7020967715919376,0.7985934842751897
event_1000,2,buy,surface_log_activity,30,173421,0.0007013109736069077,0.0024382074768902265,365,-0.0021681229687985307,0.003318273696535659,-0.6533888301806124,0.5135056379606624,0.6372355383172646
event_1000,3,sell,relative_imbalance_power,5,195430,0.00040526181596521366,-0.0032123297794736704,366,-0.011433406323099976,0.002815814013298009,-4.060426672040264,0.00004898311967628696,0.00033397581597468384
event_1000,3,sell,relative_imbalance_power,10,195430,0.0023470279395511632,-0.004803847019010241,366,-0.013747940559480355,0.0027920981866110424,-4.923874319823672,8.484734122588736e-7,0.000011008594676832703
event_1000,3,sell,relative_imbalance_power,15,195430,0.004327025499379105,-0.004534510673234051,366,-0.012256452990351396,0.002964477242123527,-4.134439899282816,0.000035582135139349695,0.0002509346311985368
event_1000,3,sell,relative_imbalance_power,30,195430,0.004130753577261155,-0.0042393721247445115,366,-0.015180856972940795,0.003145522587724516,-4.826179609132195,1.3917700270002511e-6,0.000016869939721215164
event_1000,3,sell,normalised_flow_power,5,195430,0.001898806846517419,0.00032560784195861833,366,-0.0004726751887845153,0.002672932859615536,-0.17683765871040358,0.85963590781081,0.9110659691463671
event_1000,3,sell,normalised_flow_power,10,195430,0.0011714729244454278,-0.0033616496880632223,366,-0.0023269945723153663,0.0026230059502100767,-0.8871480341586709,0.37499920590625196,0.5214357440179633
event_1000,3,sell,normalised_flow_power,15,195430,0.002847793759696163,-0.0029336235101097116,366,0.00049701121677236,0.002658697566406399,0.1869378537266802,0.8517093593371448,0.9076831538228896
event_1000,3,sell,normalised_flow_power,30,195430,0.0011704410218245397,-0.004619315040625942,366,-0.004251078102235751,0.002631695575610496,-1.6153380891137432,0.10623749946692922,0.1940410949167657
event_1000,3,sell,normalised_flow_log,5,195430,0.001456362259140958,0.0005021022670485735,366,-0.002322745594745658,0.002632859337221567,-0.8822140863768402,0.3776610457982833,0.5236584175549995
event_1000,3,sell,normalised_flow_log,10,195430,0.0011176432839711517,-0.003016866653816973,366,-0.004007258924347761,0.002552554717624295,-1.5699012823033167,0.11643807924094009,0.20854581356586283
event_1000,3,sell,normalised_flow_log,15,195430,0.0028392418853195986,-0.0026029354053002016,366,-0.0015498170348135299,0.0026117931961428206,-0.593391941254135,0.5529188808462071,0.6770435275667842
event_1000,3,sell,normalised_flow_log,30,195430,0.0013473223083481885,-0.004137489803466999,366,-0.005613212200601641,0.0026263855878160183,-2.137238426315509,0.03257860409729222,0.07239689799398272
event_1000,3,sell,surface_power,5,195430,0.003808044050451341,0.001809537310489998,366,-0.00012006161322644072,0.0027283015568820585,-0.04400599080537447,0.9648996285231881,0.9804229925722487
event_1000,3,sell,surface_power,10,195430,0.0034862172798443354,-0.0012849713914133253,366,-0.0017282634705955207,0.0026399387968808947,-0.654660431006005,0.5126864067289368,0.6372355383172646
event_1000,3,sell,surface_power,15,195430,0.004395404560884107,-0.001232209150534293,366,0.0007251048625848594,0.002677328867779614,0.27083145119419333,0.7865206690128617,0.8605706915700172
event_1000,3,sell,surface_power,30,195430,0.002790187606947426,-0.0028864666099544124,366,-0.0042406745357449005,0.002666132239090427,-1.5905717179248549,0.11170599357145684,0.20097030327698384
event_1000,3,sell,surface_log_activity,5,195430,0.0036075637008910807,0.001743896622183669,366,-0.00022723876275813258,0.002715038760704489,-0.0836963236205031,0.9332978802166686,0.9555950991979543
event_1000,3,sell,surface_log_activity,10,195430,0.0033320239345891473,-0.0013196267004729582,366,-0.0017199092125354204,0.002627655293502279,-0.6545414144649977,0.512763054455623,0.6372355383172646
event_1000,3,sell,surface_log_activity,15,195430,0.00432482973107416,-0.0012505920131203776,366,0.0007413916797187098,0.002664507076060801,0.2782472174233371,0.7808225910932347,0.8572617651526823
event_1000,3,sell,surface_log_activity,30,195430,0.002695852744357043,-0.0029291247180474526,366,-0.004265401782281036,0.0026603536652691382,-1.6033213320340705,0.10886372919424048,0.19772459914560614
event_1000,3,buy,relative_imbalance_power,5,189366,-0.004108988954245297,-0.004779180410516262,366,-0.008521617852297556,0.0029539257910758667,-2.8848449334923365,0.0039160649860959145,0.011896906286873664
event_1000,3,buy,relative_imbalance_power,10,189366,-0.0018527353786074949,-0.0038317807469415194,366,-0.008585992365186527,0.0030277697489642704,-2.8357481172812418,0.004571848734785043,0.013546218473437161
event_1000,3,buy,relative_imbalance_power,15,189366,-0.0034946145030793296,-0.0061968122892702236,366,-0.010868671597988296,0.0029857193717189147,-3.640218736207305,0.00027240652875089696,0.0013234325283444385
event_1000,3,buy,relative_imbalance_power,30,189366,-0.0025463675777831827,-0.006626009755803709,366,-0.011249396168177696,0.00303891317604806,-3.7017826823229343,0.00021408995498306684,0.0011226525159452833
event_1000,3,buy,normalised_flow_power,5,189366,0.0003258536938697619,0.0006500519811433133,366,-0.00291616995440936,0.0028837461826871774,-1.0112436288314282,0.31189983893354756,0.4626450021263993
event_1000,3,buy,normalised_flow_power,10,189366,0.002076226933135898,0.0021338850526637075,366,-0.0022734462825969868,0.0029425870405084087,-0.7726012013579009,0.4397584332947472,0.5786295174930883
event_1000,3,buy,normalised_flow_power,15,189366,0.0003010627634645456,-0.00030480932095972913,366,-0.004518921604215086,0.00283738648355075,-1.5926352051131352,0.11124205100264624,0.20073753564387292
event_1000,3,buy,normalised_flow_power,30,189366,0.0004177346012722161,-0.0002291025790209468,366,-0.004290173270313408,0.002818835140259757,-1.5219667191739588,0.1280174199434626,0.22525059227588728
event_1000,3,buy,normalised_flow_log,5,189366,0.0010149994776328453,0.0008572031419114523,366,-0.003320922657524832,0.002875376021052052,-1.1549524768971824,0.24810988799423656,0.3871675755436721
event_1000,3,buy,normalised_flow_log,10,189366,0.003093971218365513,0.0026615089328144363,366,-0.0028321538275462277,0.002928835763491173,-0.966989635557543,0.3335492149329823,0.4905135513720328
event_1000,3,buy,normalised_flow_log,15,189366,0.0013751757095039193,0.0004019575075309499,366,-0.004930872720540953,0.002819449055610049,-1.7488781046529855,0.0803120920940146,0.15049637483448422
event_1000,3,buy,normalised_flow_log,30,189366,0.001480233589300953,0.0001730271797528336,366,-0.005013898511974215,0.0028259466561356495,-1.774236785782251,0.07602399185132867,0.14434935161644685
event_1000,3,buy,surface_power,5,189366,-0.0002207144498282797,0.0002955250789425432,366,-0.0026669198325376038,0.002896922605102981,-0.9206044468843513,0.3572569796757892,0.5079483123352453
event_1000,3,buy,surface_power,10,189366,0.0017839249000124783,0.0022492417819901032,366,-0.0017775837624209728,0.00297015325712385,-0.59848216860779,0.5495182533893159,0.6743377103233751
event_1000,3,buy,surface_power,15,189366,-0.00011461730513772236,-0.00015418351162416446,366,-0.0038851670926085195,0.002864509890335184,-1.356311285821361,0.17500014614325587,0.2904566740966903
event_1000,3,buy,surface_power,30,189366,0.0000221030656927636,-0.0005325654296250201,366,-0.003988059659681684,0.002840898109188226,-1.4038024266985254,0.16037769116162542,0.27337106448004334
event_1000,3,buy,surface_log_activity,5,189366,-0.00007993896828557308,0.00037056667493724456,366,-0.00262629199104197,0.0028885185701479806,-0.9092176239349652,0.363235263082007,0.5128027243510687
event_1000,3,buy,surface_log_activity,10,189366,0.0019703411352453037,0.002285742942671746,366,-0.0017970677040839375,0.002958812877123965,-0.6073610527985566,0.5436113294183595,0.6687395786260799
event_1000,3,buy,surface_log_activity,15,189366,0.00007500913120025787,-0.00009969670370938243,366,-0.003930182979678283,0.0028511399181514584,-1.3784602273137208,0.16806123942791473,0.2825353413257036
event_1000,3,buy,surface_log_activity,30,189366,0.0001929209388910217,-0.0004807733759996149,366,-0.00404539979805821,0.002835358649037135,-1.4267682853567731,0.15364669549818674,0.2633943351397487
event_1000,4,sell,relative_imbalance_power,5,170575,0.004810766505698205,-0.003742254163165888,365,-0.01168093295785532,0.0031224082349677585,-3.7410012012653864,0.00018328864470267572,0.0009907494308252743
event_1000,4,sell,relative_imbalance_power,10,170575,0.004991379171462783,-0.003318264022545316,365,-0.010055034751987048,0.0032681702009254997,-3.0766557840652253,0.0020933688389411904,0.007134287792912839
event_1000,4,sell,relative_imbalance_power,15,170575,0.0016362315563959102,-0.004854605679288243,365,-0.012859535233821325,0.0032442335252467216,-3.9638130651656365,0.00007376202080163162,0.00046586539453662075
event_1000,4,sell,relative_imbalance_power,30,170575,0.0025168087805561737,-0.004964346079260322,365,-0.014451078712750327,0.0035944022556185563,-4.020440030094366,0.00005808953585500127,0.000385123994618793
event_1000,4,sell,normalised_flow_power,5,170575,0.0047419740656368505,-0.0007335958989693799,365,-0.0007361440407753051,0.0030339548690958254,-0.24263513220771463,0.8082880627568939,0.8769852398808976
event_1000,4,sell,normalised_flow_power,10,170575,0.0038887068377140926,-0.0008141815222062053,365,0.0014633530323018675,0.0031343770160507096,0.4668720529815781,0.6405914212064424,0.7527409493092102
event_1000,4,sell,normalised_flow_power,15,170575,0.00026791124567179114,-0.00159328349137009,365,-0.001204636150122801,0.0032489818625917794,-0.37077343028373755,0.7108062926006437,0.8028711565366656
event_1000,4,sell,normalised_flow_power,30,170575,-0.0002497537793007404,-0.0031463427966650077,365,-0.002331779517633652,0.0034069742138691243,-0.6844136090438944,0.49371402483062193,0.6195222884555084
event_1000,4,sell,normalised_flow_log,5,170575,0.004519449776439214,-0.001202876919068428,365,-0.003612603067593618,0.0030038218885808,-1.2026688670613708,0.22910448615871604,0.36510675085054345
event_1000,4,sell,normalised_flow_log,10,170575,0.0034130097845211,-0.0012572052952803624,365,-0.0019068782443454116,0.0030505910253042926,-0.6250848535670896,0.5319153683166702,0.6580396309072208
event_1000,4,sell,normalised_flow_log,15,170575,-0.00008664435711663034,-0.002186966210611827,365,-0.0047069313220149895,0.0030981943411140717,-1.5192498609762601,0.1286996150400577,0.22570203347303003
event_1000,4,sell,normalised_flow_log,30,170575,0.000036892250501145765,-0.003440748626737772,365,-0.005643659438492076,0.0033182501718342005,-1.7007938359790633,0.08898170715923723,0.16503562378838435
event_1000,4,sell,surface_power,5,170575,0.005616873017958434,-0.00015230137571805463,365,-0.001563424096153466,0.0030787463148592158,-0.5078119261102414,0.611585245227042,0.7295251434119786
event_1000,4,sell,surface_power,10,170575,0.00510827005230223,0.00010432673358323347,365,0.0009216211791211489,0.0031796249872231806,0.28985216269985853,0.7719293398691056,0.8498465501127407
event_1000,4,sell,surface_power,15,170575,0.0013799506896902572,-0.0010267731442329614,365,-0.0018646362477546922,0.0032698506173912925,-0.5702512028645244,0.5685073322938852,0.6933016247486404
event_1000,4,sell,surface_power,30,170575,0.0007988630768584481,-0.0024956525581620644,365,-0.00329851613878178,0.003449004268248907,-0.9563676592538601,0.33888651796192326,0.4923290817848764
event_1000,4,sell,surface_log_activity,5,170575,0.0055014039434590385,-0.00034414513752335546,365,-0.0019235796081081467,0.003068811386105516,-0.6268158469488967,0.5307799545872987,0.6576962547358925
event_1000,4,sell,surface_log_activity,10,170575,0.004940523633374951,-0.00015509768005697616,365,0.00047604610937829596,0.0031657337723226585,0.15037465043342133,0.8804690398672154,0.9227623125245925
event_1000,4,sell,surface_log_activity,15,170575,0.001197044999279691,-0.0012552732292731177,365,-0.0023201663778938462,0.00324900564226319,-0.714115835230642,0.475155554893451,0.6035705702114535
event_1000,4,sell,surface_log_activity,30,170575,0.0007429991611930591,-0.002639738131526736,365,-0.0036908552319473453,0.003432263276161472,-1.0753415268525304,0.28222185053630566,0.4297794678217853
event_1000,4,buy,relative_imbalance_power,5,164979,-0.0014783410054729986,-0.0017240403373356534,365,-0.004682008500605423,0.003216688042989367,-1.4555370113709531,0.14552065160337413,0.25089767517823125
event_1000,4,buy,relative_imbalance_power,10,164979,0.0001277254065567819,-0.002728436757297404,365,-0.007747412826896862,0.003242280874439221,-2.3894946572871607,0.016871569251910332,0.041150168907098376
event_1000,4,buy,relative_imbalance_power,15,164979,0.000191807492987663,-0.0033492302081486666,365,-0.008223761944110338,0.0032320957818773722,-2.544405394859165,0.010946395949360303,0.02823418263685209
event_1000,4,buy,relative_imbalance_power,30,164979,-0.0000655581865053737,-0.0032444083019172684,365,-0.008694072959170471,0.0033339219310697873,-2.6077614110120213,0.009113645281706507,0.024521018695174458
event_1000,4,buy,normalised_flow_power,5,164979,-0.0022076372421268842,-0.001543526090920979,365,-0.0005914641006702926,0.0030685202831699804,-0.1927522212951683,0.8471530235648922,0.905589846349999
event_1000,4,buy,normalised_flow_power,10,164979,0.001142466660814714,-0.00046650819913612184,365,-0.00142372344513976,0.0031627442865288877,-0.45015445959505523,0.6525990707495524,0.7625305597852609
event_1000,4,buy,normalised_flow_power,15,164979,0.002035690881488525,-0.00036070581750717487,365,-0.001124442747987554,0.0030305599234350983,-0.3710346524720797,0.710611722000011,0.8028711565366656
event_1000,4,buy,normalised_flow_power,30,164979,0.0025166602534954494,0.0004916351833391396,365,-0.0007285650709015385,0.0030937676659332936,-0.23549443577294388,0.8138249970462783,0.8815090683658575
event_1000,4,buy,normalised_flow_log,5,164979,-0.0007423054971045604,-0.0006132279423090548,365,-0.0009373631311460592,0.0029472795684507024,-0.31804350736866244,0.7504519348472198,0.8322941976124435
event_1000,4,buy,normalised_flow_log,10,164979,0.00241557106330392,0.000316795296381745,365,-0.0026060339662888517,0.0030278039484993636,-0.8607010264255884,0.38940272764898276,0.5358753132784166
event_1000,4,buy,normalised_flow_log,15,164979,0.0032624972668414253,0.0003158180375037537,365,-0.0023933887563740374,0.0029032880645739442,-0.8243717823175309,0.40972834308857053,0.5532346031630679
event_1000,4,buy,normalised_flow_log,30,164979,0.003535789969920031,0.0009314474337851161,365,-0.0025168736404184463,0.0029892774031121186,-0.8419672385701455,0.3998062917626615,0.5451903978581748
event_1000,4,buy,surface_power,5,164979,-0.001791025838287674,-0.0007501959554780237,365,-0.0003985661628645858,0.0031032126757900022,-0.1284366250415372,0.897803448569864,0.9352119255936083
event_1000,4,buy,surface_power,10,164979,0.001512062555497871,0.00043845699471879723,365,-0.0013198708584862776,0.0031924659288943306,-0.41343302885096034,0.6792893799338993,0.7814867606043211
event_1000,4,buy,surface_power,15,164979,0.002320334058056062,0.00016529410833248555,365,-0.0011301706564046396,0.0030674815384156397,-0.3684360092313302,0.7125481514262908,0.8028711565366656
event_1000,4,buy,surface_power,30,164979,0.002682856693287003,0.0008811963240894485,365,-0.0007304054969605867,0.0031383473730638403,-0.23273570772617233,0.8159666397113996,0.882921521779693
event_1000,4,buy,surface_log_activity,5,164979,-0.0016386821630349486,-0.0006117319447728515,365,-0.00037283579346087813,0.003087709234161598,-0.12074834940282639,0.9038903618512948,0.9382944932712403
event_1000,4,buy,surface_log_activity,10,164979,0.0016006855471873418,0.000501715715133509,365,-0.001414328835825333,0.0031757643191333467,-0.44535069158132545,0.656066339938776,0.765091941619564
event_1000,4,buy,surface_log_activity,15,164979,0.002402245525180032,0.00019234404427589794,365,-0.0012404170189914633,0.003050051061763572,-0.4066872960068547,0.6842376722750074,0.7842265584813839
event_1000,4,buy,surface_log_activity,30,164979,0.0027308578115811206,0.0008302806161033441,365,-0.0009013305949392149,0.0031201293387637034,-0.2888760359198287,0.7726762428478828,0.8498730443789729
event_1000,5,sell,relative_imbalance_power,5,66109,0.002686680679705654,-0.01278072676982121,151,-0.005179135276203676,0.005146711094544148,-1.0062999809128397,0.31427128966745554,0.4655870958036379
event_1000,5,sell,relative_imbalance_power,10,66109,0.004426201528192032,-0.00928359653956874,151,-0.006100281729545095,0.005589128825896824,-1.0914548437817146,0.2750727912368544,0.420493438833408
event_1000,5,sell,relative_imbalance_power,15,66109,0.0028361139437962537,-0.009475317872462372,151,-0.006849948280981769,0.005425149087645287,-1.262628578554861,0.20672269234547921,0.33477359084288133
event_1000,5,sell,relative_imbalance_power,30,66105,0.0034529966348721265,-0.009579098354121398,151,-0.012091418139378259,0.005372165765326337,-2.250752986331902,0.024401186734753787,0.05641892886648275
event_1000,5,sell,normalised_flow_power,5,66109,0.002757611411777774,-0.010185933699276424,151,0.002835296049589103,0.0049687223615032545,0.5706287941456448,0.5682512957737323,0.6933016247486404
event_1000,5,sell,normalised_flow_power,10,66109,0.002841924500897053,-0.007450617253378711,151,0.0013772956886818322,0.005199040286146018,0.26491344803615746,0.7910761383161518,0.863777403074961
event_1000,5,sell,normalised_flow_power,15,66109,0.0010043956255184837,-0.006826520179813516,151,0.001186498822630197,0.005152955325514674,0.23025598858877944,0.8178928578054129,0.8834126276926152
event_1000,5,sell,normalised_flow_power,30,66105,-0.0021957759940983133,-0.011132632315132205,151,-0.004696822190606926,0.00524426605962046,-0.8956109658072623,0.37046057696135143,0.5175235068144607
event_1000,5,sell,normalised_flow_log,5,66109,0.002407511495112734,-0.010263060911201324,151,0.0007210226520840523,0.004931557926335986,0.14620585682134585,0.8837588821714812,0.9254019708601898
event_1000,5,sell,normalised_flow_log,10,66109,0.0030206965084699777,-0.007281007445475956,151,-0.0005264033450935837,0.005118462326486697,-0.10284404016604456,0.918086751558262,0.9469401379839452
event_1000,5,sell,normalised_flow_log,15,66109,0.0009825661796058179,-0.006931454411495059,151,-0.0012164051710903982,0.0049594909422943185,-0.24526815055088597,0.8062488108645731,0.8755643194909392
event_1000,5,sell,normalised_flow_log,30,66105,-0.0018135380124161525,-0.011148077510102754,151,-0.006956719651167054,0.004999009613633193,-1.3916195784450656,0.16403762694924123,0.2776377324951897
event_1000,5,sell,surface_power,5,66109,0.003331093840083041,-0.010400291596997867,151,0.00224413773208564,0.004969505276081779,0.4515817183828482,0.6515703425970056,0.7620705761368487
event_1000,5,sell,surface_power,10,66109,0.0036513916490191417,-0.007413745596727719,151,0.0008442776672360626,0.005225425326671579,0.16157109028555178,0.8716436247510474,0.916236723235262
event_1000,5,sell,surface_power,15,66109,0.001904722314306965,-0.006970773018292933,151,0.0005947030929799357,0.005163270398839725,0.11517953681325224,0.9083028179762211,0.9412475998236924
event_1000,5,sell,surface_power,30,66105,-0.0002839743579268667,-0.010016107598229887,151,-0.004908781058871315,0.005261638323742353,-0.9329377575652011,0.35085210606400635,0.5024135170367633
event_1000,5,sell,surface_log_activity,5,66109,0.0032133306178720087,-0.010331236968985752,151,0.00210838039308506,0.0049778792962391575,0.4235499230923427,0.6718940826539354,0.7773180859921802
event_1000,5,sell,surface_log_activity,10,66109,0.0035456698734615015,-0.0073581966793433646,151,0.0006322348643808947,0.005217937083996486,0.12116567413585176,0.9035598118307709,0.9382944932712403
event_1000,5,sell,surface_log_activity,15,66109,0.0017950573113247323,-0.006950261820435502,151,0.00039313930986661623,0.005151288415932503,0.07631863683863425,0.939165599031823,0.9583322439100235
event_1000,5,sell,surface_log_activity,30,66105,-0.00026948760183664053,-0.009937802285113387,151,-0.005043546768753556,0.00524040241926678,-0.9624350126643962,0.33583113310073925,0.4908615830948686
event_1000,5,buy,relative_imbalance_power,5,67346,-0.0007138244115391486,-0.015065938878294565,151,-0.019481186332599945,0.006242200698699726,-3.1208843279675307,0.0018030884401500115,0.00627161196573917
event_1000,5,buy,relative_imbalance_power,10,67344,-0.0015160699831546552,-0.012264365265961806,151,-0.01569581829597771,0.005453965797348024,-2.877872520507877,0.004003668930246986,0.012125429935015674
event_1000,5,buy,relative_imbalance_power,15,67343,-0.003774138802659015,-0.01194403721924489,151,-0.018262215644144774,0.005649128829480009,-3.2327490123509497,0.0012260522976823235,0.004466807161884537
event_1000,5,buy,relative_imbalance_power,30,67339,-0.003005545178949355,-0.009715222803893258,151,-0.016486524524660137,0.005635254699316394,-2.9256041482313297,0.0034378808004169015,0.010687712332902284
event_1000,5,buy,normalised_flow_power,5,67346,-0.0009582124339779196,-0.011850623982705675,151,-0.009177071708190071,0.005496960064918891,-1.669481240505516,0.09502204512720643,0.17515584355245425
event_1000,5,buy,normalised_flow_power,10,67344,0.0022061539374238315,-0.0054807185713909015,151,-0.004180488493316792,0.005528660296653929,-0.7561485548039403,0.4495601331995535,0.585746101888669
event_1000,5,buy,normalised_flow_power,15,67343,0.0025618372330924065,-0.0036775206240393216,151,-0.004073480038122298,0.005434163185657792,-0.7496057624609618,0.45349217921419027,0.5887111029427059
event_1000,5,buy,normalised_flow_power,30,67339,0.004777854117987109,0.00010257151037752966,151,-0.0006884318212182568,0.005271550458770829,-0.13059380282945804,0.8960966453665838,0.9342449821371857
event_1000,5,buy,normalised_flow_log,5,67346,-0.0010397548087897979,-0.012167469411202423,151,-0.012601068641828441,0.005678729185307606,-2.2189944670069464,0.026487100958696178,0.060526789848466656
event_1000,5,buy,normalised_flow_log,10,67344,0.0018811748457404104,-0.0057777253539568465,151,-0.007343153726709804,0.005373450130233039,-1.3665621804870722,0.17176257830293104,0.2866691153873675
event_1000,5,buy,normalised_flow_log,15,67343,0.0020879457236578827,-0.004244152584576491,151,-0.008060767366861354,0.0053759979640792144,-1.499399259583235,0.13377008557043457,0.23230695033939436
event_1000,5,buy,normalised_flow_log,30,67339,0.004307647591018928,-0.0007414803473491992,151,-0.004291143882663391,0.005212285818777429,-0.8232748609457305,0.4103517060680176,0.5532831991928326
event_1000,5,buy,surface_power,5,67346,-0.00036876942607811297,-0.01125411126381345,151,-0.010815050582517877,0.00576253996895869,-1.8767853482623553,0.06054751938769752,0.11950168300203459
event_1000,5,buy,surface_power,10,67344,0.0019390600542060108,-0.005891515247566375,151,-0.005741889531733517,0.005558526296726756,-1.032987742653073,0.3016096348524344,0.4551074584539862
event_1000,5,buy,surface_power,15,67343,0.0018718047403943926,-0.004234358241885978,151,-0.005887563836421387,0.005511229838216196,-1.068284939886847,0.28539199974074314,0.4340562733699515
event_1000,5,buy,surface_power,30,67339,0.0034833881396246122,-0.001118629571481987,151,-0.003064251608884067,0.00538439920385516,-0.5690981468629039,0.5692895359072425,0.6935507036433411
event_1000,5,buy,surface_log_activity,5,67346,-0.00039085634193219873,-0.011375827493360266,151,-0.011112815754187074,0.005766304120655438,-1.9271990380077135,0.053954829823294026,0.10845191924280206
event_1000,5,buy,surface_log_activity,10,67344,0.0018885187515425774,-0.005978842263148943,151,-0.005980389184287448,0.005559623029579245,-1.0756824972609784,0.2820692778217982,0.4297794678217853
event_1000,5,buy,surface_log_activity,15,67343,0.0018426241969374316,-0.004277633556316297,151,-0.006095245840758565,0.005516034495769078,-1.105005025881139,0.26915741137459687,0.4130292757666448
event_1000,5,buy,surface_log_activity,30,67339,0.003530282797767462,-0.0011193544525502394,151,-0.003146560699057193,0.005387212984288167,-0.5840795060886125,0.5591668222358025,0.6839961128266697
time_1m,1,sell,relative_imbalance_power,5,262688,-0.0033785310204658774,-0.018786876452035826,365,-0.013042615942404473,0.0034875226827181392,-3.739793867731691,0.0001841712228817021,0.0009910559078835986
time_1m,1,sell,relative_imbalance_power,10,262688,-0.005118482453329073,-0.02276331948323229,365,-0.0197535962235235,0.003574958016666694,-5.525546350874866,3.28461844225967e-8,6.256416080494609e-7
time_1m,1,sell,relative_imbalance_power,15,262688,-0.0015748909852788733,-0.019537346296024,365,-0.01875288396200153,0.0037165841652814207,-5.045731006762107,4.517906599444585e-7,6.61157063333354e-6
time_1m,1,sell,relative_imbalance_power,30,262688,0.00007789309506541335,-0.015187945203727106,365,-0.01902402628489885,0.003862759184609581,-4.924983768259853,8.436735717967012e-7,0.000011008594676832703
time_1m,1,sell,normalised_flow_power,5,262688,-0.0021758539901644966,-0.01129541380324799,365,-0.006622917936886838,0.0031326426097534462,-2.114163267864154,0.03450132497920669,0.07610586392472063
time_1m,1,sell,normalised_flow_power,10,262688,-0.00367249914601055,-0.014390005864533258,365,-0.011878705431458905,0.0029730277720216255,-3.9954909077023246,0.00006456033503200904,0.0004187697407481668
time_1m,1,sell,normalised_flow_power,15,262688,-0.0002887378743760122,-0.012700520659458415,365,-0.010984922420250622,0.0029824035273354707,-3.68324484583236,0.00023028377582603408,0.0011759171531542166
time_1m,1,sell,normalised_flow_power,30,262688,0.0012353277804468044,-0.009585315909969241,365,-0.010588486273992016,0.002961064398819244,-3.5759054339427023,0.00034901780906084514,0.001629655139583713
time_1m,1,sell,normalised_flow_log,5,262688,-0.001510636283049366,-0.01040131440911261,365,-0.006612394973204508,0.0032710094225972615,-2.021515110144227,0.04322646978072238,0.091003094275205
time_1m,1,sell,normalised_flow_log,10,262688,-0.003130002481349578,-0.013489847550912672,365,-0.012233444844340228,0.0030783576211760033,-3.9740167809569735,0.00007067058069302513,0.0004487020996382548
time_1m,1,sell,normalised_flow_log,15,262688,0.00041394031953125384,-0.011876987441094791,365,-0.011196133290070623,0.0030644724538559753,-3.653527143304131,0.0002586624304019429,0.0012933121520097147
time_1m,1,sell,normalised_flow_log,30,262688,0.00152129182944466,-0.008965176439814196,365,-0.011171395391498626,0.0030449767583828734,-3.6687949623075387,0.00024369642155286058,0.0012287214532077004
time_1m,1,sell,surface_power,5,262688,-0.0021440022730995294,-0.010909346199357703,365,-0.005725374063055619,0.00304101768300048,-1.88271646530071,0.059738802849710906,0.11809977499119124
time_1m,1,sell,surface_power,10,262688,-0.003686363800168338,-0.01376570534516731,365,-0.010619696769777639,0.0028467998592938497,-3.7303980942347876,0.000191177458326974,0.0010196131110771947
time_1m,1,sell,surface_power,15,262688,-0.000386566425304602,-0.012241109901838592,365,-0.009790614442613541,0.0028373998049995458,-3.450558650692199,0.0005594275977762137,0.0023805429692604838
time_1m,1,sell,surface_power,30,262688,0.0013364442196594922,-0.00897051045222786,365,-0.009018791198899603,0.0027902871773433364,-3.2322089540211754,0.0012283719695182476,0.004466807161884537
time_1m,1,sell,surface_log_activity,5,262688,-0.0017769501638976353,-0.010319368926958512,365,-0.005315547557920246,0.0030600393907173544,-1.7370846839570064,0.08237222437567285,0.1537273238737285
time_1m,1,sell,surface_log_activity,10,262688,-0.0033900540056436643,-0.013233322769276454,365,-0.010366630299868975,0.0028659775212585632,-3.617135941567532,0.00029788087535979305,0.0014298282017270066
time_1m,1,sell,surface_log_activity,15,262688,-0.00009853554454783977,-0.011748087254407017,365,-0.009498774956357653,0.002859170239674203,-3.322213845314793,0.0008930622120222065,0.0034458992103750734
time_1m,1,sell,surface_log_activity,30,262688,0.001428466688567914,-0.008654938295878899,365,-0.008944447159472286,0.002817288113786942,-3.174842897927589,0.0014991764413929205,0.005291210969622073
time_1m,1,buy,relative_imbalance_power,5,261690,-0.004767078868108791,-0.016180583700764924,365,-0.012975329311958026,0.0034022956956214876,-3.8136983004317795,0.0001369025808312349,0.0007749202688560467
time_1m,1,buy,relative_imbalance_power,10,261690,-0.00712768414155331,-0.016951298614041085,365,-0.017173784920219436,0.003331217681743102,-5.155407589945619,2.5307982829691856e-7,3.944101220211717e-6
time_1m,1,buy,relative_imbalance_power,15,261690,-0.005429827597923353,-0.014738060918924942,365,-0.016739128865545905,0.003549184244325892,-4.716331335096756,2.4013525887047005e-6,0.000025728777736121793
time_1m,1,buy,relative_imbalance_power,30,261690,-0.0017063342744683024,-0.011765390164863875,365,-0.014717845795297745,0.003765832608694742,-3.9082580997669543,0.000092963963802429,0.0005634179624389637
time_1m,1,buy,normalised_flow_power,5,261690,0.0021693700967845893,-0.006112999890333491,365,-0.0019710993764496796,0.003015561883345831,-0.6536424894264489,0.5133421631195476,0.6372355383172646
time_1m,1,buy,normalised_flow_power,10,261690,-0.0009681963407921716,-0.007028464548881746,365,-0.005686498397278497,0.002835719346321715,-2.0053107175978475,0.04492983975704329,0.09376662210165555
time_1m,1,buy,normalised_flow_power,15,261690,-0.001422909011161797,-0.007202612720509387,365,-0.007147264337269766,0.0028396265616531225,-2.516973335081392,0.011836778703458825,0.030415705447859934
time_1m,1,buy,normalised_flow_power,30,261690,-0.0007367318123668472,-0.007328623712268966,365,-0.007739665751156837,0.0028875879007341397,-2.6803221294801474,0.007355134200844358,0.020670166372396322
time_1m,1,buy,normalised_flow_log,5,261690,0.001278412902205936,-0.0054067072107421826,365,-0.0037287758183783223,0.0031528184908792846,-1.1826801413291665,0.23693593746661826,0.3741531260245015
time_1m,1,buy,normalised_flow_log,10,261690,-0.0017368046570636671,-0.006404358837376782,365,-0.007601831326143544,0.002956704178915416,-2.57104900123355,0.01013909797412534,0.026455389963610642
time_1m,1,buy,normalised_flow_log,15,261690,-0.0019572490496326833,-0.006833523354165096,365,-0.009060848849317253,0.0030043440042252833,-3.015915899302528,0.0025620431055603716,0.00844629595239683
time_1m,1,buy,normalised_flow_log,30,261690,-0.0008687162561386631,-0.0070524728121997985,365,-0.009333501182596902,0.0029678685931917134,-3.1448498777903917,0.0016617207689555327,0.005796700356821625
time_1m,1,buy,surface_power,5,261690,0.0038189516193065506,-0.004930744203657546,365,0.0004932865356885777,0.0029582819937677652,0.16674763823320027,0.8675686203478861,0.9149861468816558
time_1m,1,buy,surface_power,10,261690,0.0003979898986635479,-0.005860504244298385,365,-0.003306754856450921,0.0027961493173636167,-1.182610254722997,0.23696364648218432,0.3741531260245015
time_1m,1,buy,surface_power,15,261690,-0.00020619296654566895,-0.006296342377170269,365,-0.004836746584323681,0.002719326120812847,-1.7786563175724968,0.0752961249046249,0.1434295230804525
time_1m,1,buy,surface_power,30,261690,-0.0003579479456910217,-0.006703242971156057,365,-0.006118005844217922,0.0027476993637868367,-2.2265921537304507,0.025974543829247104,0.05959742369999336
time_1m,1,buy,surface_log_activity,5,261690,0.003891660585674209,-0.0046402389533334075,365,0.0005903519201447537,0.002963374535520206,0.1992161007893389,0.842093705238782,0.9022432556129807
time_1m,1,buy,surface_log_activity,10,261690,0.0003920798586426796,-0.005684305206720936,365,-0.0032898376998285687,0.0028068369371349712,-1.172080093539959,0.2411649012499876,0.378793038612546
time_1m,1,buy,surface_log_activity,15,261690,-0.0003727032009081779,-0.006217747517170031,365,-0.0049198912778906445,0.0027409168974505843,-1.794980096794177,0.072656871088091,0.1397247520924827
time_1m,1,buy,surface_log_activity,30,261690,-0.0002294918166938952,-0.006562446908420332,365,-0.005911828388478135,0.0027619495660527013,-2.1404548660630143,0.032318024581219386,0.0720848131923109
time_1m,2,sell,relative_imbalance_power,5,266864,-0.014523940189608498,-0.027713953185525643,365,-0.032592804139166376,0.0037453011975221748,-8.702318564052792,3.2517125694364885e-18,4.335616759248651e-16
time_1m,2,sell,relative_imbalance_power,10,266864,-0.009610291903211077,-0.021267596363844544,365,-0.028196873921677423,0.003847689238849773,-7.328261762144437,2.3315698364082916e-13,1.1191535214759799e-11
time_1m,2,sell,relative_imbalance_power,15,266864,-0.014560466652464627,-0.020794273817077755,365,-0.03156575498123195,0.0037319377501001533,-8.45827478777877,2.7136208158121028e-17,2.713620815812103e-15
time_1m,2,sell,relative_imbalance_power,30,266864,-0.010468282813461145,-0.019978439622175933,365,-0.030414610807194556,0.003992153783910201,-7.61859699137249,2.5644775745630236e-14,1.4654157568931564e-12
time_1m,2,sell,normalised_flow_power,5,266864,-0.008792140078797354,-0.015346248066244768,365,-0.014394479132911522,0.0031844844018320004,-4.520191439666192,6.17837355876458e-6,0.00005979071185901207
time_1m,2,sell,normalised_flow_power,10,266864,-0.004942516935235882,-0.010890597798662693,365,-0.012139556779248703,0.003042482003209352,-3.990017612739642,0.00006606838905114565,0.00042624767129771386
time_1m,2,sell,normalised_flow_power,15,266864,-0.008624586799197094,-0.011631733590792712,365,-0.014895868075220486,0.002918072547564459,-5.104694222785235,3.3132982422854827e-7,4.969947363428224e-6
time_1m,2,sell,normalised_flow_power,30,266864,-0.005513540260917632,-0.010770163013785139,365,-0.015185132799237624,0.002838722127937288,-5.349284683341535,8.83025473270433e-8,1.5137579541778853e-6
time_1m,2,sell,normalised_flow_log,5,266864,-0.009764341014667584,-0.014366068010881746,365,-0.01866496815303001,0.003421141338210431,-5.455772301647581,4.876044445733736e-8,8.86553535587952e-7
time_1m,2,sell,normalised_flow_log,10,266864,-0.005920107615625071,-0.009857834674754661,365,-0.016003564984143424,0.0032536417921733563,-4.918662227243344,8.713768312164792e-7,0.000011123959547444416
time_1m,2,sell,normalised_flow_log,15,266864,-0.010253112984470836,-0.011004832903660364,365,-0.019135297821345938,0.003089333072460629,-6.193989891191896,5.865999062389548e-10,1.4664997655973868e-8
time_1m,2,sell,normalised_flow_log,30,266864,-0.006161894867039353,-0.009903622537877244,365,-0.018630861047788595,0.002986634869172147,-6.238077925124073,4.4297998971528165e-10,1.1310127396985915e-8
time_1m,2,sell,surface_power,5,266864,-0.007944361611564697,-0.014610814898543732,365,-0.012398428552120795,0.003116583242916836,-3.978211902505451,0.00006943547756526839,0.00044320517594852166
time_1m,2,sell,surface_power,10,266864,-0.004170668156982986,-0.010359850533195273,365,-0.010340199177471768,0.0029439779268751807,-3.5123222504752745,0.00044420903155390726,0.001988995663674212
time_1m,2,sell,surface_power,15,266864,-0.0075725568609989,-0.011144437183393486,365,-0.013002530863994928,0.0028342001898809597,-4.587724928682984,4.481025215992435e-6,0.00004556974795924511
time_1m,2,sell,surface_power,30,266864,-0.00480401510362487,-0.010312393111290985,365,-0.013617399967923485,0.002727938306824121,-4.991828419967799,5.981037662444552e-7,8.34563394759705e-6
time_1m,2,sell,surface_log_activity,5,266864,-0.007720556149586051,-0.014021294597795303,365,-0.01172080855125923,0.003118926233216189,-3.757962732954063,0.0001713023860302225,0.000938643211124507
time_1m,2,sell,surface_log_activity,10,266864,-0.004143082842790262,-0.00985524234533661,365,-0.009886816637991366,0.00295814585868803,-3.3422343286264717,0.0008310686903991873,0.0032590929035262247
time_1m,2,sell,surface_log_activity,15,266864,-0.007549320626412784,-0.010678859048928692,365,-0.012545203546814078,0.002843188743959901,-4.412370994878632,0.000010224471742434296,0.00009660918181827681
time_1m,2,sell,surface_log_activity,30,266864,-0.004705619413820517,-0.009905420876148967,365,-0.013080243143633635,0.0027286425676359216,-4.793681407296329,1.63748250348285e-6,0.000018894028886340577
time_1m,2,buy,relative_imbalance_power,5,258054,-0.010838394046908584,-0.021617622647390308,365,-0.02067775125573371,0.003288849799103448,-6.287228824305244,3.2318284928200184e-10,8.430856937791353e-9
time_1m,2,buy,relative_imbalance_power,10,258054,-0.006638704742479098,-0.013839957572518428,365,-0.017342915430638664,0.0034367543624176655,-5.046306369838542,4.504329312293453e-7,6.61157063333354e-6
time_1m,2,buy,relative_imbalance_power,15,258054,0.0009259347334131355,-0.011190230244144665,365,-0.01699456580824942,0.0038882471179775453,-4.37075249915933,0.00001238190789627273,0.00011307089879460627
time_1m,2,buy,relative_imbalance_power,30,258054,-0.0021704850527021853,-0.0115474027278719,365,-0.021905843115095868,0.003996485674092849,-5.481276526799564,4.2226786584403476e-8,7.795714446351411e-7
time_1m,2,buy,normalised_flow_power,5,258054,-0.012020779545431987,-0.009379316153949196,365,-0.00855085484778771,0.0027922198945984503,-3.0623859046092106,0.002195801668085126,0.007401578656466717
time_1m,2,buy,normalised_flow_power,10,258054,-0.010056136238468138,-0.005208413333449231,365,-0.007704582204651536,0.0027549128831195696,-2.7966699970298623,0.0051632240495944485,0.01500210377606135
time_1m,2,buy,normalised_flow_power,15,258054,-0.0036548403276828447,-0.0021818273686534063,365,-0.006646856088081014,0.0029411669943713967,-2.2599383512739366,0.02382507726182266,0.05550917249685416
time_1m,2,buy,normalised_flow_power,30,258054,-0.005515910858388578,-0.0034294730671444646,365,-0.009468477357320282,0.002899081245683762,-3.2660269081514124,0.001090678849264969,0.004027121904978347
time_1m,2,buy,normalised_flow_log,5,258054,-0.010925585389462754,-0.007906384413707186,365,-0.010196175401664027,0.002884642889285707,-3.5346404366152915,0.0004083303856918856,0.0018492376034408378
time_1m,2,buy,normalised_flow_log,10,258054,-0.009614474462323438,-0.0038981335347562118,365,-0.009055034944876004,0.002853498224858828,-3.1733101727525996,0.0015071142020285763,0.005303627690423142
time_1m,2,buy,normalised_flow_log,15,258054,-0.0025857269010959184,-0.000993205703587986,365,-0.008283171034660674,0.0031306727920791294,-2.6458118062091343,0.008149514138557188,0.022429855427221618
time_1m,2,buy,normalised_flow_log,30,258054,-0.005139901382468433,-0.0027288979589439218,365,-0.012351113497109526,0.0030469379434382143,-4.053615047759171,0.0000504321799947981,0.00034191308471049557
time_1m,2,buy,surface_power,5,258054,-0.012073010888559731,-0.008783770205554394,365,-0.007292061056510943,0.0027713212773944574,-2.63125791873788,0.008506944864716433,0.023253607830659953
time_1m,2,buy,surface_power,10,258054,-0.010442625095445215,-0.004969457298027275,365,-0.0067905015823128126,0.0027146559077182225,-2.501422579195498,0.012369548453499819,0.03171679090640979
time_1m,2,buy,surface_power,15,258054,-0.0045052173016014545,-0.001916564661655621,365,-0.005672425461442035,0.0028323411666097862,-2.0027338261060303,0.04520586600215684,0.09401566586237126
time_1m,2,buy,surface_power,30,258054,-0.005788496411196699,-0.0031482115529409094,365,-0.007761718898633112,0.0027854063727669495,-2.786566073273834,0.005326975713234317,0.015403303267183569
time_1m,2,buy,surface_log_activity,5,258054,-0.011682850016244178,-0.008058173499916258,365,-0.0066717054521319916,0.0027783737482951873,-2.4012987655911147,0.016336991940430305,0.040255421619130115
time_1m,2,buy,surface_log_activity,10,258054,-0.00997777154862436,-0.004333060472125785,365,-0.0061678960049602145,0.0027221412182496475,-2.265825139272608,0.023462091540862557,0.05498927704889662
time_1m,2,buy,surface_log_activity,15,258054,-0.00426116207933948,-0.001302648709187603,365,-0.0051870774958368586,0.0028414717023631715,-1.8254897599447897,0.06792715506941799,0.1314719130375832
time_1m,2,buy,surface_log_activity,30,258054,-0.00567897063757667,-0.0026541347732399116,365,-0.007180568110795009,0.0027858376422656684,-2.577525697066535,0.009951048223052854,0.026244522786073463
time_1m,3,sell,relative_imbalance_power,5,269312,-0.01875703721547145,-0.015384945206559234,366,-0.02537323726887254,0.002980525382877078,-8.513008281908993,1.6947796352703027e-17,1.8488505112039666e-15
time_1m,3,sell,relative_imbalance_power,10,269312,-0.016839242870499625,-0.01767105139221025,366,-0.026840396407102063,0.0030470142020012324,-8.808753300025218,1.2654534081284585e-18,1.8981801121926877e-16
time_1m,3,sell,relative_imbalance_power,15,269312,-0.009899122429870176,-0.015814229815144337,366,-0.024461444416202592,0.0032955427102706824,-7.422584553362815,1.1485661747895517e-13,5.7428308739477586e-12
time_1m,3,sell,relative_imbalance_power,30,269312,-0.007249775540678888,-0.016100491660893224,366,-0.02529560801224726,0.003714575310262492,-6.809825053852451,9.771750311417367e-12,3.6644063667815126e-10
time_1m,3,sell,normalised_flow_power,5,269312,-0.00985071054833154,-0.005636727186355591,366,-0.011136039927513398,0.0027127931873902025,-4.105008807629246,0.000040429947619760725,0.000280438943027242
time_1m,3,sell,normalised_flow_power,10,269312,-0.006828029764148675,-0.007832020353736197,366,-0.009983620566775823,0.002682657506453597,-3.7215412488394417,0.00019801051211570453,0.0010513832501718825
time_1m,3,sell,normalised_flow_power,15,269312,-0.0030859787551464793,-0.006994171561585621,366,-0.00869002488418209,0.0026215149673103366,-3.314886618060403,0.000916803025992477,0.003514899780162851
time_1m,3,sell,normalised_flow_power,30,269312,-0.0033688962078369687,-0.009914397396139779,366,-0.01225866898948264,0.0025666547329972166,-4.776127007611793,1.7870354957833012e-6,0.000020423262808952014
time_1m,3,sell,normalised_flow_log,5,269312,-0.011989381860775172,-0.006003270889550045,366,-0.013318260443922088,0.0027912111216864674,-4.771498773577225,1.828600944928676e-6,0.000020701142772777464
time_1m,3,sell,normalised_flow_log,10,269312,-0.00873896931604631,-0.008067764188949424,366,-0.01246899370846514,0.0027268210186137,-4.572721723703122,4.814293411857431e-6,0.00004854749659015897
time_1m,3,sell,normalised_flow_log,15,269312,-0.0043815502151026,-0.00724342712847593,366,-0.011330113023407404,0.0026745944652348886,-4.236198485669254,0.000022733583769470827,0.00017714480859327915
time_1m,3,sell,normalised_flow_log,30,269312,-0.004085516177954563,-0.010133787507947448,366,-0.014502603775685102,0.002668002837089253,-5.435752756360335,5.456557433764523e-8,9.772938687339445e-7
time_1m,3,sell,surface_power,5,269312,-0.00906918003411271,-0.005168122219084576,366,-0.010209021046694326,0.002703242900577996,-3.7765829495053795,0.00015899462466605697,0.0008833034703669832
time_1m,3,sell,surface_power,10,269312,-0.00612051682802217,-0.007429054666627523,366,-0.009047847180598752,0.0026768759580467157,-3.380002406686359,0.0007248519508855437,0.0029385889900765284
time_1m,3,sell,surface_power,15,269312,-0.002571694461329113,-0.006608955956935466,366,-0.007816470664188776,0.0026106149826722416,-2.994110857430148,0.002752459175514027,0.008972210030638715
time_1m,3,sell,surface_power,30,269312,-0.0030488461125883835,-0.009608917453432293,366,-0.01151425007191416,0.0025340170290540447,-4.543872412811867,5.523009481483739e-6,0.000054773647750251954
time_1m,3,sell,surface_log_activity,5,269312,-0.009259079963723748,-0.00519807449782203,366,-0.01037329405383679,0.0026900961403500488,-3.8561053258442155,0.00011520786436276064,0.0006793939399685955
time_1m,3,sell,surface_log_activity,10,269312,-0.006126273412089244,-0.007369671108694455,366,-0.009112614787921901,0.002671916786579699,-3.4105159388541035,0.0006484009415931975,0.0026757284413466828
time_1m,3,sell,surface_log_activity,15,269312,-0.002690481892024404,-0.006615338095145997,366,-0.008010548148875642,0.002604292569410297,-3.0759017796105415,0.0020986696590818603,0.007134287792912839
time_1m,3,sell,surface_log_activity,30,269312,-0.0030361782731622602,-0.009500190732294236,366,-0.011615360337613925,0.0025456156928598556,-4.5628884085659935,5.045463511267423e-6,0.00005045463511267423
time_1m,3,buy,relative_imbalance_power,5,257713,-0.008676661411780669,-0.01123079142638269,366,-0.01404664890949098,0.0032612299429333517,-4.307162989205403,0.000016536176411502457,0.00013876511673988076
time_1m,3,buy,relative_imbalance_power,10,257713,-0.007427907444087608,-0.01251681074499555,366,-0.015105489956571946,0.003331973917435824,-4.533495858874137,5.801540414739179e-6,0.00005706433194825422
time_1m,3,buy,relative_imbalance_power,15,257713,-0.0071727021201840905,-0.013629782587746678,366,-0.016758440936273628,0.003586241849868179,-4.672981253868761,2.968588712955427e-6,0.00003124830224163607
time_1m,3,buy,relative_imbalance_power,30,257713,-0.0038455034728872477,-0.011401530879231958,366,-0.01696395473066121,0.004034838839374145,-4.204369841272901,0.00002618105446208267,0.0001939337367561679
time_1m,3,buy,normalised_flow_power,5,257713,-0.00411366050868452,-0.0042089043736937195,366,-0.005091206273863769,0.002637686319313533,-1.9301788224722543,0.05358468460580854,0.10788862672310445
time_1m,3,buy,normalised_flow_power,10,257713,-0.004693978248536299,-0.0049835729272987945,366,-0.005778769383416758,0.0025760991012690375,-2.2432247969691934,0.024882322027436336,0.0574207431402377
time_1m,3,buy,normalised_flow_power,15,257713,-0.005467908911356997,-0.006733782068643871,366,-0.0066656552581350614,0.0025805066097272355,-2.583080094818914,0.009792258682062174,0.025939758098177945
time_1m,3,buy,normalised_flow_power,30,257713,-0.002695269584078896,-0.0046759253993371615,366,-0.005896420359208296,0.0026099222255343184,-2.2592322106461036,0.023868944173647287,0.05550917249685416
time_1m,3,buy,normalised_flow_log,5,257713,-0.004944916261850134,-0.0035698427916942554,366,-0.006018853023916955,0.002758927326068098,-2.1815917248152963,0.029139678163830954,0.06610134933194167
time_1m,3,buy,normalised_flow_log,10,257713,-0.0041142850579000585,-0.003944716919658692,366,-0.006277303680452997,0.0026780117790736655,-2.3440164563519357,0.01907732964345735,0.04569420273882
time_1m,3,buy,normalised_flow_log,15,257713,-0.00458111788876522,-0.005746367600190065,366,-0.006987903302059554,0.0027148167139330634,-2.57398713739901,0.01005340106475916,0.026340788815962864
time_1m,3,buy,normalised_flow_log,30,257713,-0.0016755240270229885,-0.0042530830494883366,366,-0.007101683906991257,0.002774652703677784,-2.559485696201915,0.010482716964145761,0.027286898822071394
time_1m,3,buy,surface_power,5,257713,-0.0034447652780877627,-0.004127390386408372,366,-0.004393607058856993,0.0026360175901369025,-1.666759385558125,0.09556225915082109,0.17588145855979342
time_1m,3,buy,surface_power,10,257713,-0.004337283303556042,-0.005002927619007302,366,-0.005174629253430256,0.0025718739941350305,-2.012007300991657,0.044219167371345486,0.09260558611800102
time_1m,3,buy,surface_power,15,257713,-0.0052540275660382905,-0.006753210044847008,366,-0.006056433527585591,0.0025544006393363006,-2.370980273931974,0.017740977905830794,0.04292172073991321
time_1m,3,buy,surface_power,30,257713,-0.0026598246147264215,-0.004635392793473949,366,-0.005157617210630542,0.00256776768166133,-2.008599628177264,0.044579610788268956,0.09319779258871559
time_1m,3,buy,surface_log_activity,5,257713,-0.0035876162290581683,-0.003984564761458033,366,-0.0044592691988236885,0.0026416765428016096,-1.6880451208059126,0.0914025678385414,0.16900320709745711
time_1m,3,buy,surface_log_activity,10,257713,-0.004306994000878887,-0.004825321550964205,366,-0.00514354703131766,0.0025795806221951666,-1.9939469955161218,0.04615784734232652,0.09518504779553269
time_1m,3,buy,surface_log_activity,15,257713,-0.0051389440240706945,-0.0065888769074983105,366,-0.005956340852586086,0.00257029652552862,-2.3173749773330434,0.02048331420670195,0.048577029739214114
time_1m,3,buy,surface_log_activity,30,257713,-0.0025190380738939777,-0.0044560767984196505,366,-0.005055331174099828,0.0025856600952924936,-1.9551414291861753,0.050566379480950156,0.10319669281826563
time_1m,4,sell,relative_imbalance_power,5,267105,-0.013447576642161169,-0.009401255964366228,365,-0.020769269741755234,0.0030318433078149894,-6.850377025824392,7.365560520196444e-12,2.8511847174953973e-10
time_1m,4,sell,relative_imbalance_power,10,267105,-0.014929272665765792,-0.012113854738429899,365,-0.023455263052200647,0.0032563434450749605,-7.202945097107443,5.892570442837896e-13,2.5253873326448124e-11
time_1m,4,sell,relative_imbalance_power,15,267105,-0.0146324129413456,-0.011780937162212454,365,-0.022824805456719326,0.0034249749029747053,-6.664225608454887,2.6606448601039053e-11,9.675072218559655e-10
time_1m,4,sell,relative_imbalance_power,30,267105,-0.008131971854706542,-0.009957228987714095,365,-0.021316008542982875,0.0038422646080928545,-5.547772138880171,2.8933260394297376e-8,5.691788930025714e-7
time_1m,4,sell,normalised_flow_power,5,267105,-0.00967816397538909,-0.0032932885014489545,365,-0.009515540432389924,0.00265998387390313,-3.577292526374337,0.0003471715812805101,0.0016273667872523912
time_1m,4,sell,normalised_flow_power,10,267105,-0.010433799104579743,-0.005107824002584132,365,-0.010842868449079779,0.002648398967616762,-4.094121989043458,0.000042377116594221614,0.0002922559765118732
time_1m,4,sell,normalised_flow_power,15,267105,-0.011875161797415393,-0.005582966910839557,365,-0.011695856755504731,0.0027690608338199374,-4.223763021981074,0.000024025667933689082,0.00018139512123375946
time_1m,4,sell,normalised_flow_power,30,267105,-0.006977113516491542,-0.004736970190846829,365,-0.008483675927618551,0.0028286286358774433,-2.999218709735966,0.002706729304724055,0.008850341050868845
time_1m,4,sell,normalised_flow_log,5,267105,-0.010417977874138819,-0.0037618473725786077,365,-0.01141714846683973,0.0026978601467258206,-4.231927470627349,0.000023169713145515996,0.0001793784243523819
time_1m,4,sell,normalised_flow_log,10,267105,-0.01216565821546947,-0.005557279775862211,365,-0.013582605345008584,0.0027153743917697755,-5.002111453277708,5.670578952082452e-7,8.005523226469344e-6
time_1m,4,sell,normalised_flow_log,15,267105,-0.012923538090352094,-0.006084820285067055,365,-0.01389964935340242,0.0028159012604948093,-4.93612810520209,7.968877418606319e-7,0.00001074455382283998
time_1m,4,sell,normalised_flow_log,30,267105,-0.006884332383937899,-0.005123370978736147,365,-0.010505926359888798,0.002885283292916335,-3.6412113797220256,0.00027135822048953947,0.0013234325283444385
time_1m,4,sell,surface_power,5,267105,-0.0095772446055272,-0.0032180499403868055,365,-0.00926713086226926,0.002659278589191867,-3.4848288930440585,0.0004924518417965986,0.002133365379624254
time_1m,4,sell,surface_power,10,267105,-0.01027442167653598,-0.005066857399543123,365,-0.01057966692481221,0.0026387301867929498,-4.009378062889592,0.00006087888011084863,0.00039920577121867955
time_1m,4,sell,surface_power,15,267105,-0.011762308748822432,-0.005572617172279656,365,-0.01148613045801502,0.0027598093916318,-4.161928897279237,0.00003155706192933108,0.00022812333924817645
time_1m,4,sell,surface_power,30,267105,-0.006924118418941654,-0.004684489122716149,365,-0.008240522519313967,0.0028165289786822784,-2.9257723182274233,0.003436023065077304,0.010687712332902284
time_1m,4,sell,surface_log_activity,5,267105,-0.009260501419863655,-0.0031674203356615444,365,-0.009199646140106078,0.0026614793501218157,-3.4565912148388493,0.0005470540278621347,0.0023361737844646326
time_1m,4,sell,surface_log_activity,10,267105,-0.010197354702729686,-0.005045739396419591,365,-0.010630507665479958,0.0026427007150096747,-4.0225923446806355,0.00005756107447598775,0.000383740496506585
time_1m,4,sell,surface_log_activity,15,267105,-0.011746410491473756,-0.005664029626597147,365,-0.01159560958901566,0.002764286612813816,-4.194792803056079,0.000027312113329029282,0.00020107077297444871
time_1m,4,sell,surface_log_activity,30,267105,-0.006930052817627925,-0.004689263141832187,365,-0.00832108372503364,0.002827742772965033,-2.9426593552243645,0.003254062617966328,0.01027598721463051
time_1m,4,buy,relative_imbalance_power,5,258477,0.0016003642655137576,-0.011240508382730455,365,-0.01072473272412474,0.003663131328376345,-2.927749993849769,0.003414244593182904,0.010680852265635019
time_1m,4,buy,relative_imbalance_power,10,258477,0.0018912130336756728,-0.010449517738520223,365,-0.013135196137504744,0.003601234803107111,-3.647414527420379,0.00026489238639392534,0.0013050598701212556
time_1m,4,buy,relative_imbalance_power,15,258477,0.001713194375335404,-0.009813488171923042,365,-0.012862894858199083,0.003767125181141514,-3.4145121915755845,0.0006389633389593904,0.0026555512768962073
time_1m,4,buy,relative_imbalance_power,30,258477,0.0025251699650005685,-0.00719343052185625,365,-0.012405572039908082,0.0038598961909301985,-3.213965201721774,0.0013091553812693165,0.004717677049619159
time_1m,4,buy,normalised_flow_power,5,258477,0.003012758105787907,-0.001960690603532483,365,-0.002959170534801349,0.0029658842724425596,-0.997736345378142,0.3184072240496712,0.4711327606160363
time_1m,4,buy,normalised_flow_power,10,258477,0.005132601777540446,-0.0002663177558760469,365,-0.00200560720781465,0.002782401220512479,-0.7208188355542935,0.4710209850870281,0.6013033852174827
time_1m,4,buy,normalised_flow_power,15,258477,0.005505279442047457,-0.00039318628714240183,365,-0.0012282781406254219,0.0027888066100836316,-0.4404314505653685,0.6596246503904449,0.768095761257541
time_1m,4,buy,normalised_flow_power,30,258477,0.005233857862258101,0.000537671050886191,365,-0.0010796346965676615,0.0026834173314634175,-0.4023357395470336,0.6874369554964266,0.7863911788328998
time_1m,4,buy,normalised_flow_log,5,258477,0.004737751958305467,-0.0014955838156630991,365,-0.002821115552036284,0.0030618058864416483,-0.9213894207104396,0.3568471501255679,0.5079483123352453
time_1m,4,buy,normalised_flow_log,10,258477,0.006439853519299346,0.000056819268020126423,365,-0.002721542942813914,0.002825233752838567,-0.9632983253437091,0.3353978334701837,0.4908615830948686
time_1m,4,buy,normalised_flow_log,15,258477,0.006711589332851927,-0.00012163518163213924,365,-0.002254260871545251,0.002867376418457633,-0.7861754239988561,0.4317647218535552,0.5728074913624591
time_1m,4,buy,normalised_flow_log,30,258477,0.0062795463535106595,0.0006914782588887746,365,-0.002169922084774672,0.0027614636510270513,-0.7857869445312555,0.4319923164025212,0.5728074913624591
time_1m,4,buy,surface_power,5,258477,0.0029075198761689966,-0.0016993134912193367,365,-0.002711357960534317,0.0029385679312064344,-0.9226800346320951,0.356173973385889,0.5079483123352453
time_1m,4,buy,surface_power,10,258477,0.00506032091255187,0.00002707566355148557,365,-0.001643190394319212,0.00276276435272785,-0.5947631373977977,0.552001811336349,0.6766110047023685
time_1m,4,buy,surface_power,15,258477,0.005468460791981945,-0.00010655578465084483,365,-0.0008252248607017553,0.002766375720044948,-0.2983054162607916,0.7654700707993141,0.8450451563561885
time_1m,4,buy,surface_power,30,258477,0.005142962230817337,0.0007316802999551981,365,-0.0007298136102529659,0.0026638131081404355,-0.2739732783890522,0.7841051569902534,0.8592933227290449
time_1m,4,buy,surface_log_activity,5,258477,0.003077873582211493,-0.0016475612428846526,365,-0.0027289566176265613,0.002950349420926665,-0.9249604803655537,0.354986464662981,0.5077279589935366
time_1m,4,buy,surface_log_activity,10,258477,0.0052856860728326596,0.00007765626974382805,365,-0.0016746069396748854,0.0027579627718852286,-0.6071898274863927,0.54372494233705,0.6687395786260799
time_1m,4,buy,surface_log_activity,15,258477,0.005580161458954499,-0.0001881326039208711,365,-0.0009587586732522048,0.0027684014641455802,-0.3463221233153441,0.7291006441560753,0.8169194892505046
time_1m,4,buy,surface_log_activity,30,258477,0.005152129924474046,0.0007029777756380611,365,-0.0008876455052615823,0.0026650370446449794,-0.3330706066713715,0.7390809863158805,0.8234885641402568
time_1m,5,sell,relative_imbalance_power,5,107677,-0.0058674805423963505,-0.020948721592905215,151,-0.013116241933204553,0.006390621999808467,-2.052420239156323,0.0401288392598094,0.08553216183263106
time_1m,5,sell,relative_imbalance_power,10,107676,-0.002920113792360631,-0.016922581190131753,151,-0.01641275181759186,0.007053426738454638,-2.326918875914743,0.019969583361798004,0.04745247531516358
time_1m,5,sell,relative_imbalance_power,15,107675,-0.0046348866138543904,-0.015670452979623245,151,-0.01768716603751026,0.0067151087380271195,-2.633935908937597,0.008440141795166632,0.023176590741876335
time_1m,5,sell,relative_imbalance_power,30,107668,-0.006973684059243448,-0.0176318227844489,151,-0.023151029287426364,0.006667925952120564,-3.471998557522039,0.0005165991125946122,0.002221931667073601
time_1m,5,sell,normalised_flow_power,5,107677,-0.001797721603630968,-0.012568238934757411,151,-0.0037211150807672116,0.004754550604715065,-0.7826428594696204,0.433836865603168,0.5739848276998915
time_1m,5,sell,normalised_flow_power,10,107676,-0.0005466837563230934,-0.009558608575753478,151,-0.006553960354654307,0.004914380535288426,-1.3336289909974695,0.18232547689507264,0.2988942244181519
time_1m,5,sell,normalised_flow_power,15,107675,-0.0002010870155728775,-0.005775123811268685,151,-0.005732422302219498,0.004251902837864753,-1.34820162191153,0.177593543106651,0.29313927335348167
time_1m,5,sell,normalised_flow_power,30,107668,-0.00267800205465338,-0.0066487095336337405,151,-0.009002254845827926,0.004418089317610847,-2.0375900527733197,0.04159094766539471,0.08786819929308741
time_1m,5,sell,normalised_flow_log,5,107677,-0.002788545831558789,-0.011710464561306673,151,-0.005699235466094512,0.005538597681002373,-1.0290033315911598,0.30347810931555974,0.4569306539255605
time_1m,5,sell,normalised_flow_log,10,107676,-0.0002636305125605977,-0.008657287261067658,151,-0.008255705401510044,0.0057035416079670625,-1.4474700052995073,0.14776533132905634,0.2544022921016752
time_1m,5,sell,normalised_flow_log,15,107675,-0.00008229226113095451,-0.005099412633987732,151,-0.007876612341402788,0.005042584564333145,-1.5620188895026352,0.11828353897405326,0.21122060531080938
time_1m,5,sell,normalised_flow_log,30,107668,-0.002150984690655348,-0.005944870358011528,151,-0.011365535014038884,0.004776844058046501,-2.379297895415669,0.01734565188086271,0.042050065165727776
time_1m,5,sell,surface_power,5,107677,-0.0018196161952279384,-0.012581348760871528,151,-0.003746583579407969,0.00475075947086898,-0.7886283450849315,0.4303292590870622,0.5718661250326409
time_1m,5,sell,surface_power,10,107676,-0.0005477129384536442,-0.00956694989314774,151,-0.006557071948282716,0.004906467831250916,-1.3364139282680214,0.18141401628444895,0.29862389511843446
time_1m,5,sell,surface_power,15,107675,-0.00019778971439160886,-0.005769463607126352,151,-0.005730837315772874,0.00424009948756805,-1.351580860915094,0.17650943633715568,0.29253945050439517
time_1m,5,sell,surface_power,30,107668,-0.0026803848641041746,-0.006629179951282806,151,-0.009004871147024902,0.004404740777259005,-2.0443589310671033,0.04091810136974084,0.08705979014838477
time_1m,5,sell,surface_log_activity,5,107677,-0.0020439762199343826,-0.012376636852887623,151,-0.003919313842774718,0.004786349419760833,-0.81885242782182,0.4128706145179631,0.5546001659326932
time_1m,5,sell,surface_log_activity,10,107676,-0.0007606929165605303,-0.009490701541087165,151,-0.0067255371343573804,0.004936929578431399,-1.3622914865425875,0.1731059133197106,0.2881097031673408
time_1m,5,sell,surface_log_activity,15,107675,-0.0003314002756755773,-0.005715538357804973,151,-0.005840273815046814,0.004265327749344671,-1.3692438561008868,0.17092306134040233,0.28606370098812106
time_1m,5,sell,surface_log_activity,30,107668,-0.0027801247659651977,-0.006692008209895499,151,-0.009209005587299457,0.004416166463717217,-2.0852940356663923,0.037042618493098485,0.08067357929531431
time_1m,5,buy,relative_imbalance_power,5,109758,-0.013346748836757155,-0.022761358832376854,151,-0.024040602578873617,0.005652695777702944,-4.252944705374339,0.0000210977685620099,0.00016766438592325748
time_1m,5,buy,relative_imbalance_power,10,109754,-0.009736308743682854,-0.014999581862562455,151,-0.020793251402656317,0.005464471612831894,-3.805171455887658,0.00014170599611528786,0.0007983436400861287
time_1m,5,buy,relative_imbalance_power,15,109750,-0.01272548050350844,-0.015562658882236515,151,-0.022643035128075924,0.0053630557996697525,-4.222039817200903,0.00002421013277616295,0.0001815759958212221
time_1m,5,buy,relative_imbalance_power,30,109741,-0.007783489919008613,-0.010659638043137043,151,-0.019330320151169745,0.005905323644050263,-3.273371844851458,0.0010627256992520803,0.003936021108341038
time_1m,5,buy,normalised_flow_power,5,109758,-0.009953756558941372,-0.01778797379824903,151,-0.012618313970776816,0.004740775465782035,-2.6616561070764204,0.0077757275408264675,0.021549360390281203
time_1m,5,buy,normalised_flow_power,10,109754,-0.006289604760114176,-0.012968833863021683,151,-0.009486407991724894,0.004607977371591865,-2.0586923994480757,0.03952371479630478,0.08469367456351025
time_1m,5,buy,normalised_flow_power,15,109750,-0.007401937872872116,-0.013118516556499274,151,-0.010569165287834671,0.004301911655511995,-2.4568531699837464,0.014015995943012317,0.035408831856031116
time_1m,5,buy,normalised_flow_power,30,109741,-0.005178891290409042,-0.011663785288971345,151,-0.009494137298873386,0.004234973095176012,-2.2418412314562284,0.024971635376290515,0.057516242709306366
time_1m,5,buy,normalised_flow_log,5,109758,-0.011369080107407932,-0.017740116749359325,151,-0.01563020493242889,0.004896524037029363,-3.1921021553713165,0.0014124136988594156,0.005029366286739759
time_1m,5,buy,normalised_flow_log,10,109754,-0.008024917669400299,-0.013485730546785873,151,-0.013151254164886288,0.004642951585073539,-2.832520202701615,0.004618264772906847,0.01365004366376408
time_1m,5,buy,normalised_flow_log,15,109750,-0.00976838912536656,-0.01402581225564291,151,-0.015002665666984948,0.0043991943304677135,-3.4103211951970978,0.0006488641470265706,0.0026757284413466828
time_1m,5,buy,normalised_flow_log,30,109741,-0.0065585878913309165,-0.0128384596623955,151,-0.01268110092941215,0.0045364902445763555,-2.7953550532976816,0.005184274359293796,0.015026882200851582
time_1m,5,buy,surface_power,5,109758,-0.00997242635702458,-0.017836673456287856,151,-0.012638185964665871,0.004735075050583701,-2.6690571595286414,0.00760645043021578,0.021290340524815134
time_1m,5,buy,surface_power,10,109754,-0.006290349983037799,-0.013021745696832005,151,-0.009492007666186542,0.004602360404646521,-2.062421634038798,0.03916761137190545,0.08438264568453598
time_1m,5,buy,surface_power,15,109750,-0.007395922910885408,-0.01316543940716281,151,-0.010573444494537676,0.004296871096733903,-2.4607311358664363,0.013865422882023111,0.035102336410185085
time_1m,5,buy,surface_power,30,109741,-0.00518505874426488,-0.011738031664012808,151,-0.009522308863500438,0.004228086178975751,-2.252155812445433,0.024312427306360986,0.05632222542014128
time_1m,5,buy,surface_log_activity,5,109758,-0.009849060574497916,-0.01761771216613967,151,-0.01244860401494366,0.004729680568816609,-2.632017920410715,0.008487938567542371,0.023253607830659953
time_1m,5,buy,surface_log_activity,10,109754,-0.006139493398392353,-0.012824423234200749,151,-0.009224884917597915,0.004620279106829755,-1.9966077166120926,0.04586781393423638,0.0951744122143939
time_1m,5,buy,surface_log_activity,15,109750,-0.007233248722612248,-0.012943455140522562,151,-0.01026583728913423,0.004307681420756553,-2.3831468222483485,0.01716534663722118,0.04178177680459517
time_1m,5,buy,surface_log_activity,30,109741,-0.005120041498744035,-0.011542881404060063,151,-0.009274041691735471,0.004232463715601839,-2.1911686230289966,0.028439592291378154,0.06463543702585944
time_2m,1,sell,relative_imbalance_power,5,131213,0.0007190228090683829,-0.022328947569298506,365,-0.012711151438949735,0.004427253111756551,-2.871114688517656,0.0040902709494739595,0.012332475224544602
time_2m,1,sell,relative_imbalance_power,10,131213,-0.0008304449006718426,-0.0259457564048258,365,-0.02205897433152067,0.004561238980986676,-4.83618035000414,1.3235784207721353e-6,0.00001620708270333227
time_2m,1,sell,relative_imbalance_power,15,131213,0.0021669445123841833,-0.022850136432318202,365,-0.021827658507785026,0.004580799537551709,-4.765032464060021,1.8882324543021273e-6,0.00002117643873983694
time_2m,1,sell,relative_imbalance_power,30,131213,0.005183684632804674,-0.015065011014989204,365,-0.020766653957698625,0.0047303870606191754,-4.390053856392126,0.000011332259082207815,0.00010541636355542153
time_2m,1,sell,normalised_flow_power,5,131213,0.0031475014991693435,-0.014363334733036555,365,-0.004682763643375223,0.00400648630334296,-1.1687956201093177,0.2424859854581651,0.37987360646187746
time_2m,1,sell,normalised_flow_power,10,131213,0.001903071788262605,-0.01787841370266183,365,-0.011978556095453733,0.003933653127473179,-3.04514803600598,0.002325658074349254,0.0077737874351507105
time_2m,1,sell,normalised_flow_power,15,131213,0.003851523642302396,-0.016192528414469023,365,-0.01209704058119275,0.003789583137230829,-3.1921823966190774,0.0014120213640944508,0.005029366286739759
time_2m,1,sell,normalised_flow_power,30,131213,0.007554654747022454,-0.00869006039905254,365,-0.0098610096835772,0.0037642830601861224,-2.6196249128750773,0.008802652790754772,0.023952796709536792
time_2m,1,sell,normalised_flow_log,5,131213,0.003837251031114255,-0.013064001728515566,365,-0.0044005546629593715,0.004179172026779713,-1.0529728459994134,0.2923534373761348,0.4429597536002042
time_2m,1,sell,normalised_flow_log,10,131213,0.003011592038405183,-0.016523417988906632,365,-0.011899549102504476,0.004064859224773309,-2.9274197320248145,0.0034178727250032057,0.010680852265635019
time_2m,1,sell,normalised_flow_log,15,131213,0.0050724737018125726,-0.015155978401086524,365,-0.0118733962378335,0.0038623400675888773,-3.074145732912028,0.0021110628171366838,0.007135986987504283
time_2m,1,sell,normalised_flow_log,30,131213,0.007892381397820482,-0.008230173520121684,365,-0.01050554867726614,0.0038840608215341336,-2.70478480126288,0.006834865180430568,0.019343958057822363
time_2m,1,sell,surface_power,5,131213,0.0033992187071803627,-0.01387569952961041,365,-0.0032234672571837845,0.0038859653357277454,-0.8295151857241435,0.40681294744409524,0.5509881906692035
time_2m,1,sell,surface_power,10,131213,0.0019774686296921474,-0.01726194833887947,365,-0.009813637642551994,0.003773024645525091,-2.6010001429996574,0.009295241523991821,0.024897968367835234
time_2m,1,sell,surface_power,15,131213,0.0037947251038978305,-0.01567056253160277,365,-0.009925782836322733,0.0036110780333561193,-2.748703502011491,0.0059831481194114605,0.017094708912604173
time_2m,1,sell,surface_power,30,131213,0.007793271961487481,-0.007965348996243907,365,-0.007258413934966663,0.0035322905393456805,-2.0548745506962764,0.03989112313410062,0.08517677537530383
time_2m,1,sell,surface_log_activity,5,131213,0.0037697884479353703,-0.013352662167057988,365,-0.0029020116658043525,0.003878221067196417,-0.7482842301979009,0.45428873443745466,0.5887111029427059
time_2m,1,sell,surface_log_activity,10,131213,0.0023983903445437935,-0.01660638826945314,365,-0.009278383869006977,0.0037538676104636065,-2.471686492923784,0.01344773897269482,0.03411688534298897
time_2m,1,sell,surface_log_activity,15,131213,0.004103653443955067,-0.015151605214390261,365,-0.00936040935653733,0.00359833310590923,-2.601318188459412,0.009286627526489342,0.024897968367835234
time_2m,1,sell,surface_log_activity,30,131213,0.007837678936366922,-0.0077860074060878155,365,-0.006876831415885726,0.0035280659955430034,-1.9491787921691968,0.05127407672245761,0.10418202508520288
time_2m,1,buy,relative_imbalance_power,5,130978,-0.014932362779986285,-0.027669883908267728,365,-0.023612042772686703,0.00438973661791207,-5.378920155787732,7.493393013130456e-8,1.3223634729053746e-6
time_2m,1,buy,relative_imbalance_power,10,130978,-0.016309099929175227,-0.026941565853552667,365,-0.028809027515464138,0.0041127504093958645,-7.004808132690938,2.473245320600876e-12,9.892981282403505e-11
time_2m,1,buy,relative_imbalance_power,15,130978,-0.010568251106965153,-0.02575162214898508,365,-0.026846639814954717,0.004253085240594058,-6.312274101330934,2.749646565656978e-10,7.499036088155394e-9
time_2m,1,buy,relative_imbalance_power,30,130978,-0.0062917962682217535,-0.021007309410350696,365,-0.024224023848454124,0.004516029572916499,-5.364009127338375,8.139478812189457e-8,1.4155615325546883e-6
time_2m,1,buy,normalised_flow_power,5,130978,-0.007475520510932109,-0.017128328500841547,365,-0.010166359098636965,0.004142571028934168,-2.454118234214717,0.014123053695099192,0.03560433704646855
time_2m,1,buy,normalised_flow_power,10,130978,-0.009769194399605203,-0.017154818386893467,365,-0.015464828460159178,0.003614403956159775,-4.278666316144203,0.0000188016476719691,0.00015348283813852327
time_2m,1,buy,normalised_flow_power,15,130978,-0.0067768102572246195,-0.016841156828016932,365,-0.015580356371864276,0.003561757791919421,-4.374344714627006,0.000012179778630634679,0.0001124287258212432
time_2m,1,buy,normalised_flow_power,30,130978,-0.006455239609209181,-0.01620093549018768,365,-0.016022986125670446,0.0036894784689243953,-4.34288647043973,0.000014062281181756,0.0001240789516037294
time_2m,1,buy,normalised_flow_log,5,130978,-0.008711958591632592,-0.016204139876505808,365,-0.012263407590349721,0.004289634118359669,-2.858846990670425,0.004251838146432228,0.01266056023751532
time_2m,1,buy,normalised_flow_log,10,130978,-0.010911155463108245,-0.01632153350440753,365,-0.017644363945522434,0.003737315975667042,-4.721132508035594,2.345350756536961e-6,0.00002558564461676685
time_2m,1,buy,normalised_flow_log,15,130978,-0.007258909000693263,-0.016371273910174455,365,-0.01734256796460748,0.003721079473908123,-4.660628209155977,3.152457186838164e-6,0.000032447419662222524
time_2m,1,buy,normalised_flow_log,30,130978,-0.006655188834823231,-0.015989696380443834,365,-0.017776443962712413,0.003800748086223018,-4.677090814607948,2.909734167582499e-6,0.00003089983186813273
time_2m,1,buy,surface_power,5,130978,-0.005015914067238557,-0.015794809576156848,365,-0.006657406229524823,0.004087304385307263,-1.6288011858026457,0.10335511360576664,0.18906423220567067
time_2m,1,buy,surface_power,10,130978,-0.007467678722454197,-0.015957262893193342,365,-0.011752899933082019,0.003567203639619477,-3.294709559764783,0.0009852345260793205,0.0037413969344784323
time_2m,1,buy,surface_power,15,130978,-0.005037627701489667,-0.01525894513669109,365,-0.012114384148999199,0.0034428684309138202,-3.5186892534791836,0.00043368436561566447,0.0019491432162501772
time_2m,1,buy,surface_power,30,130978,-0.005993294230955927,-0.01517461214627438,365,-0.013511675726887034,0.0035411640953125615,-3.8156028252891296,0.0001358508690812803,0.0007749202688560467
time_2m,1,buy,surface_log_activity,5,130978,-0.004697776325277693,-0.015281640895576966,365,-0.006200845534993659,0.004086025560769271,-1.5175738484186654,0.1291218636626147,0.22582452635742004
time_2m,1,buy,surface_log_activity,10,130978,-0.007445169926953791,-0.015591368677500203,365,-0.0116150618353366,0.0035726129186725154,-3.2511391801305014,0.0011494357305335261,0.0042181127726000954
time_2m,1,buy,surface_log_activity,15,130978,-0.005284192618620501,-0.015321701382627352,365,-0.01209322808802861,0.0034523375687899515,-3.502910085431565,0.0004602047815889656,0.002037807150947449
time_2m,1,buy,surface_log_activity,30,130978,-0.005982166929302642,-0.015132930331377388,365,-0.013206413518049404,0.0035606894062180415,-3.7089484679531464,0.00020812177606202735,0.0011002032214732723
time_2m,2,sell,relative_imbalance_power,5,133847,-0.0215960072501032,-0.036956201147126,365,-0.041721647180261064,0.004643456469629315,-8.985041090218658,2.5863763790998753e-19,5.748000092997127e-17
time_2m,2,sell,relative_imbalance_power,10,133847,-0.013289866163449049,-0.02699972337829413,365,-0.035407991928225586,0.004872396676915176,-7.267058549642387,3.6739959206999845e-13,1.6956904249384542e-11
time_2m,2,sell,relative_imbalance_power,15,133847,-0.022206813765014013,-0.029439780483243024,365,-0.041872938669454164,0.004656957581794836,-8.991479508670107,2.4392437313631573e-19,5.748000092997127e-17
time_2m,2,sell,relative_imbalance_power,30,133847,-0.016395335800772366,-0.025649372388329778,365,-0.03951384111923389,0.004703556498894812,-8.400843304107944,4.43283589929829e-17,3.799573627969962e-15
time_2m,2,sell,normalised_flow_power,5,133847,-0.016799069507945377,-0.022732352854245345,365,-0.02048011605873193,0.003954767769782652,-5.178588794825109,2.2357065532238686e-7,3.5300629787745295e-6
time_2m,2,sell,normalised_flow_power,10,133847,-0.009617526478633507,-0.014598692724574917,365,-0.01697792381848559,0.003989774768076902,-4.255358962698804,0.00002087138943251353,0.00016697111546010824
time_2m,2,sell,normalised_flow_power,15,133847,-0.016051769154897578,-0.017523497490800795,365,-0.021568826972687104,0.003855914675489658,-5.593699235564154,2.2228188103110207e-8,4.520987410802076e-7
time_2m,2,sell,normalised_flow_power,30,133847,-0.011869252056261942,-0.014235838735094456,365,-0.020371670777870114,0.003617013466768368,-5.6321799642264665,1.7794585141608313e-8,3.746228450864908e-7
time_2m,2,sell,normalised_flow_log,5,133847,-0.018051566125062132,-0.021520682411471318,365,-0.02501717659559875,0.004147893141870899,-6.031297273081341,1.6264867308588971e-9,3.7534309173666854e-8
time_2m,2,sell,normalised_flow_log,10,133847,-0.01063127140660284,-0.013638978866944224,365,-0.02087307749931657,0.004149575801718867,-5.030171395030397,4.900415775143764e-7,7.08493847008737e-6
time_2m,2,sell,normalised_flow_log,15,133847,-0.018404268252270733,-0.016866507706450113,365,-0.02623557371176634,0.003997177186066919,-6.563525330629942,5.2550303155258895e-11,1.7150334313566715e-9
time_2m,2,sell,normalised_flow_log,30,133847,-0.013101785717659008,-0.01342095604930385,365,-0.024625121235425367,0.003765998604017024,-6.538802539427083,6.201333520728604e-11,1.9531366474885753e-9
time_2m,2,sell,surface_power,5,133847,-0.015277600242315996,-0.021472766167136913,365,-0.016815622450128756,0.0038919818604601247,-4.3205808898967355,0.00001556189962948778,0.00013338771110989525
time_2m,2,sell,surface_power,10,133847,-0.008279454652120847,-0.013698452654407292,365,-0.013674148513070333,0.003856768808706519,-3.5454934405716587,0.00039187874086246666,0.001808671111672923
time_2m,2,sell,surface_power,15,133847,-0.014127777977881527,-0.016536356630892948,365,-0.018040001746467575,0.0037458964975522584,-4.815937054922832,1.4651070619809957e-6,0.000017236553670364655
time_2m,2,sell,surface_power,30,133847,-0.010614066610487635,-0.0132951944612857,365,-0.01728666757540024,0.0034966470928299315,-4.943783892531651,7.662063728377814e-7,0.000010448268720515202
time_2m,2,sell,surface_log_activity,5,133847,-0.015295976322230955,-0.021010896216078944,365,-0.01684807787831336,0.0039032474288168643,-4.316425793027494,0.000015857595685379845,0.0001344519260506072
time_2m,2,sell,surface_log_activity,10,133847,-0.008637413545596103,-0.013254101485995646,365,-0.013928216186086797,0.003880672388470287,-3.589124458809863,0.0003317904202681355,0.0015675137965423724
time_2m,2,sell,surface_log_activity,15,133847,-0.01438098623544089,-0.01623963368657584,365,-0.018213081574677888,0.003765650353853553,-4.836636400944568,1.320546653680963e-6,0.00001620708270333227
time_2m,2,sell,surface_log_activity,30,133847,-0.010654511407192181,-0.012992814582317214,365,-0.017312617615289315,0.003510657542616121,-4.931445863098357,8.162319025829471e-7,0.000010883092034439296
time_2m,2,buy,relative_imbalance_power,5,128614,-0.016011693462341384,-0.03144321137363715,365,-0.02821990512298276,0.0044797743020413994,-6.2994033226457775,2.9879359211113375e-10,7.967829122963567e-9
time_2m,2,buy,relative_imbalance_power,10,128614,-0.005612312302394481,-0.018365869911044913,365,-0.019866416784880058,0.004567607865683141,-4.349413822087985,0.000013650191207354139,0.00012133503295425901
time_2m,2,buy,relative_imbalance_power,15,128614,0.0022614855814485206,-0.018301403323150146,365,-0.02065933069443316,0.004840004023697725,-4.268453206501591,0.000019683310648386417,0.00015852330723532685
time_2m,2,buy,relative_imbalance_power,30,128614,-0.003674205082576344,-0.017874034754765105,365,-0.028675811275897845,0.004758992946867021,-6.025604911807222,1.6847828813506191e-9,3.814602750227817e-8
time_2m,2,buy,normalised_flow_power,5,128614,-0.01779875889702298,-0.01959200307645464,365,-0.013417164903245926,0.004086603947279847,-3.2832065637720413,0.0010263343158815742,0.0038487536845559036
time_2m,2,buy,normalised_flow_power,10,128614,-0.011482681218313865,-0.011740337806130046,365,-0.008561206635760234,0.003955652283209681,-2.1642970672876056,0.03044155767047935,0.06840799476512213
time_2m,2,buy,normalised_flow_power,15,128614,-0.003849202978612627,-0.011151075871598306,365,-0.007369883631746571,0.003992826771766724,-1.8457809599602502,0.06492401627968727,0.1268873282339165
time_2m,2,buy,normalised_flow_power,30,128614,-0.008471631151099765,-0.011532653854673672,365,-0.012465814085673113,0.003803018422321337,-3.2778737048725795,0.001045921807519241,0.0038857776130745794
time_2m,2,buy,normalised_flow_log,5,128614,-0.017520607417670014,-0.01801729944990954,365,-0.01535524216914506,0.0041664496924510895,-3.6854500360261624,0.0002282988685468971,0.0011707634284456262
time_2m,2,buy,normalised_flow_log,10,128614,-0.010888838222286003,-0.010258072320411864,365,-0.009632141734081324,0.004098679203420679,-2.3500599232168558,0.018770388968748046,0.04504893352499531
time_2m,2,buy,normalised_flow_log,15,128614,-0.00215938032785601,-0.009749435374265704,365,-0.009001955150029913,0.0041421388504273805,-2.173262528150427,0.029760564050636738,0.06725551197884008
time_2m,2,buy,normalised_flow_log,30,128614,-0.008024297717873236,-0.010660713746479115,365,-0.0159306898163399,0.003862915898999703,-4.124006380896134,0.00003723385717424565,0.00025977109656450455
time_2m,2,buy,surface_power,5,128614,-0.017652623124293096,-0.018880899708895726,365,-0.011391961044595037,0.004065914950995349,-2.8018198073243634,0.005081524756710718,0.014800557543817625
time_2m,2,buy,surface_power,10,128614,-0.012015632936806242,-0.011437409262349612,365,-0.007088632702125063,0.003871144763286119,-1.8311463754477881,0.06707869814462068,0.13003947944029856
time_2m,2,buy,surface_power,15,128614,-0.004983762420804656,-0.011050460562321488,365,-0.005491596076715943,0.0038855371388565067,-1.4133428353568873,0.15755494487426186,0.2689415844226376
time_2m,2,buy,surface_power,30,128614,-0.008755518667812623,-0.011426889065253569,365,-0.009593572037665619,0.00373149018140223,-2.5709760903244607,0.01014123281938408,0.026455389963610642
time_2m,2,buy,surface_log_activity,5,128614,-0.017258450827871606,-0.017880596984740087,365,-0.010564813296204076,0.004074407920798907,-2.592968966674435,0.009515135605686856,0.02543020651853948
time_2m,2,buy,surface_log_activity,10,128614,-0.011860278565795086,-0.010880914952648904,365,-0.006509845332331145,0.003886517504249704,-1.6749816063385714,0.09393784061437307,0.17342370574961183
time_2m,2,buy,surface_log_activity,15,128614,-0.004903706448199897,-0.010352520195612436,365,-0.004826774688507836,0.003898796553504418,-1.238016557742493,0.21570992140698939,0.3472443228564155
time_2m,2,buy,surface_log_activity,30,128614,-0.008790331959459925,-0.010944968640944715,365,-0.008960761823264083,0.0037492929516994493,-2.389987109223466,0.016848964168401658,0.041150168907098376
time_2m,3,sell,relative_imbalance_power,5,135301,-0.016342063250795694,-0.01676584942168482,366,-0.02510223078772286,0.003805313303660825,-6.596626554658131,4.20618471446479e-11,1.4845357815758082e-9
time_2m,3,sell,relative_imbalance_power,10,135301,-0.013135100234743076,-0.017874173259095388,366,-0.027690803937307436,0.0038160687344526733,-7.256369280591336,3.9761862314088814e-13,1.7671938806261696e-11
time_2m,3,sell,relative_imbalance_power,15,135301,-0.0074054918302300125,-0.017421600296774847,366,-0.02519072660573824,0.0039671302312120115,-6.349861269374597,2.1550918801739396e-10,6.157405371925542e-9
time_2m,3,sell,relative_imbalance_power,30,135301,-0.006784900332962411,-0.018418632075387888,366,-0.02809181706923823,0.004395946978866352,-6.390390330977715,1.6546283921012074e-10,4.842814806149875e-9
time_2m,3,sell,normalised_flow_power,5,135301,-0.006822389755487399,-0.006111565072271572,366,-0.009075702897980164,0.0034791725926281857,-2.608580820971669,0.009091853889380589,0.02451735880282406
time_2m,3,sell,normalised_flow_power,10,135301,-0.005441367958168732,-0.00975153760980696,366,-0.009640262991762754,0.0033956415193524252,-2.839010813367963,0.004525362334045436,0.01344167029914486
time_2m,3,sell,normalised_flow_power,15,135301,-0.0018772110735091698,-0.009632115189304786,366,-0.008087489957949008,0.003316696501819051,-2.4384172484619566,0.014751735772539505,0.03680266720799877
time_2m,3,sell,normalised_flow_power,30,135301,-0.003995433594952512,-0.012285414547871248,366,-0.013923887685255525,0.0033687046313989263,-4.133306184066762,0.000035758184945791496,0.0002509346311985368
time_2m,3,sell,normalised_flow_log,5,135301,-0.008816689408692839,-0.005811233214358172,366,-0.011358081595589715,0.003551779404021247,-3.1978567088739642,0.001384530584088143,0.004959512540017228
time_2m,3,sell,normalised_flow_log,10,135301,-0.006953946871546901,-0.009604312155132202,366,-0.012433956162739663,0.003427677433551713,-3.627516417102226,0.0002861605849659018,0.0013790871564621774
time_2m,3,sell,normalised_flow_log,15,135301,-0.0027142969240058056,-0.009347385776549628,366,-0.010844317408870903,0.0033351579590309042,-3.2515153831040533,0.001147915635311878,0.0042181127726000954
time_2m,3,sell,normalised_flow_log,30,135301,-0.004543519246462884,-0.012246109510226188,366,-0.01620203319607529,0.0034279054252052913,-4.726511144952308,2.284102612079409e-6,0.000025146083802709092
time_2m,3,sell,surface_power,5,135301,-0.005723481261088915,-0.005484080095824529,366,-0.007843615434768688,0.003463499422725627,-2.2646504235869327,0.023534140019680103,0.05499748354368099
time_2m,3,sell,surface_power,10,135301,-0.004748194541618024,-0.00919637589383969,366,-0.008406354802245351,0.0033801624510914614,-2.4869676898312747,0.012883709952549782,0.032835294660981444
time_2m,3,sell,surface_power,15,135301,-0.0013452463747748381,-0.009228387840111662,366,-0.006917313093227593,0.0033063503072683917,-2.092129523608305,0.03642693077731123,0.07976700170214138
time_2m,3,sell,surface_power,30,135301,-0.0036066183632291206,-0.01178745392769473,366,-0.012839377025587526,0.0033301524298097007,-3.8554922923817103,0.00011549696979466125,0.0006793939399685955
time_2m,3,sell,surface_log_activity,5,135301,-0.005705583792030962,-0.005436665832334845,366,-0.007849257196555399,0.0034590319400598295,-2.269206336504552,0.023255781117134115,0.05471948498149203
time_2m,3,sell,surface_log_activity,10,135301,-0.004528608137359358,-0.009116944799671333,366,-0.008373503886683755,0.00337931613285175,-2.4778693550690365,0.013216953059800645,0.033602423033391476
time_2m,3,sell,surface_log_activity,15,135301,-0.0012652844609083067,-0.009213496098034093,366,-0.007015271022764782,0.0033084099063137645,-2.120435865391664,0.03396930478034577,0.07507028680739397
time_2m,3,sell,surface_log_activity,30,135301,-0.00341242626016566,-0.01161993730914691,366,-0.012803067725044729,0.003343375230391404,-3.829384033435545,0.00012846440192884422,0.0007483363219155974
time_2m,3,buy,relative_imbalance_power,5,128213,-0.011503314430105493,-0.01536075882283024,366,-0.018084530858150292,0.004139568924149388,-4.368699057684215,0.000012498886126263224,0.00011307089879460627
time_2m,3,buy,relative_imbalance_power,10,128213,-0.007375685775045416,-0.01399071443141525,366,-0.01958920059431417,0.0042037809129229844,-4.659900456299791,3.163623417066696e-6,0.000032447419662222524
time_2m,3,buy,relative_imbalance_power,15,128213,-0.008239789647327248,-0.016946590263836797,366,-0.021908161332746135,0.00437093747648708,-5.012233977401506,5.380172697918468e-7,7.685960997026383e-6
time_2m,3,buy,relative_imbalance_power,30,128213,-0.00008412646798099785,-0.011337564310556983,366,-0.020229680715408205,0.004720108226443239,-4.285851032414135,0.000018204094752253428,0.00015065457726002836
time_2m,3,buy,normalised_flow_power,5,128213,-0.008546288317837235,-0.008686986453202252,366,-0.010034379053297258,0.00350932267990704,-2.859349215947011,0.004245111770408488,0.01266056023751532
time_2m,3,buy,normalised_flow_power,10,128213,-0.0071938580346096025,-0.007327261872379589,366,-0.010374013187234346,0.0033618866017330975,-3.085771299331275,0.002030249145188792,0.006980799353084672
time_2m,3,buy,normalised_flow_power,15,128213,-0.008094635093451917,-0.010648219736581468,366,-0.011019383176724885,0.0033537911058403643,-3.2856498299895582,0.001017474129254058,0.0038372056251022584
time_2m,3,buy,normalised_flow_power,30,128213,-0.00011206393389113665,-0.006346766450759567,366,-0.0075989071760165765,0.003525348462020388,-2.155505266467083,0.03112231695314558,0.06967643056149472
time_2m,3,buy,normalised_flow_log,5,128213,-0.009836243746380138,-0.008102733270282115,366,-0.01083295776795293,0.003618957711270572,-2.9933916426311624,0.002758954584421405,0.008972210030638715
time_2m,3,buy,normalised_flow_log,10,128213,-0.006684288937381845,-0.006184294217901723,366,-0.010661233920387215,0.0034675673755294937,-3.074557107562836,0.0021081535688187935,0.007135986987504283
time_2m,3,buy,normalised_flow_log,15,128213,-0.0073620761974470764,-0.009282355452512148,366,-0.011204472345886838,0.003485766727389574,-3.2143494450868375,0.0013074045666611846,0.004717677049619159
time_2m,3,buy,normalised_flow_log,30,128213,0.0009143357355960743,-0.005926443867135837,366,-0.008818726652213138,0.003686069198569168,-2.3924473950831766,0.01673642709721014,0.04107098674161998
time_2m,3,buy,surface_power,5,128213,-0.007643097950145938,-0.008599782993354375,366,-0.009284371031767144,0.0035074837081408025,-2.6470175785045833,0.00812051317084559,0.022429855427221618
time_2m,3,buy,surface_power,10,128213,-0.006929008755801749,-0.007652714440767545,366,-0.009751207159126255,0.0033731310689782347,-2.8908473936294516,0.003842046370723676,0.011766421908618607
time_2m,3,buy,surface_power,15,128213,-0.007939707150106414,-0.010944734860046405,366,-0.010362351657936928,0.0033278827616641284,-3.1137970896412135,0.0018469646112003137,0.006405657611099353
time_2m,3,buy,surface_power,30,128213,-0.0002504796093054951,-0.006622464872603621,366,-0.0067187599289280425,0.0035085088800193356,-1.9149901450131188,0.055493760428694944,0.1108028494416538
time_2m,3,buy,surface_log_activity,5,128213,-0.007954014436705174,-0.008418426151767123,366,-0.009469417968287574,0.0035155246485257226,-2.693600220456053,0.007068489113565764,0.019911236939621872
time_2m,3,buy,surface_log_activity,10,128213,-0.006931207840968796,-0.007402090991470915,366,-0.009759337093135569,0.0033747474733975954,-2.8918718126515577,0.0038295416064320895,0.011766421908618607
time_2m,3,buy,surface_log_activity,15,128213,-0.00777276298009461,-0.010563939135924023,366,-0.01017816954620343,0.003335782163747265,-3.0512092956243104,0.002279216378853,0.007661231525556303
time_2m,3,buy,surface_log_activity,30,128213,-0.00006125500689689153,-0.0062773371055516855,366,-0.0065473517484042135,0.00352358467654977,-1.8581508178243247,0.06314760000233474,0.12402147299967545
time_2m,4,sell,relative_imbalance_power,5,134581,-0.009788213499034581,-0.016555377945882226,365,-0.027232095012956477,0.004199900006703609,-6.483986516224283,8.93302087318821e-11,2.679906261956463e-9
time_2m,4,sell,relative_imbalance_power,10,134581,-0.01293218033324092,-0.014221191978325018,365,-0.02772033738620426,0.004223991839442742,-6.562592552229296,5.28801974668307e-11,1.7150334313566715e-9
time_2m,4,sell,relative_imbalance_power,15,134581,-0.013047025799569928,-0.015212244737717873,365,-0.026686039596575395,0.004332898017900222,-6.158935540677182,7.323552598189684e-10,1.7662836406142142e-8
time_2m,4,sell,relative_imbalance_power,30,134581,-0.007188175731144668,-0.013734432656990047,365,-0.026930412744238137,0.0046856459588579865,-5.747427991935135,9.061116723181945e-9,1.9769709214215152e-7
time_2m,4,sell,normalised_flow_power,5,134581,-0.0062123973599728845,-0.009800416449277843,365,-0.014175922403929536,0.0037734513286141976,-3.7567524182525105,0.00017213264066300046,0.0009389053127072752
time_2m,4,sell,normalised_flow_power,10,134581,-0.008391680808711029,-0.007348220231321329,365,-0.0127570825644331,0.0036080343156456546,-3.535743135566667,0.0004066298644899393,0.0018492376034408378
time_2m,4,sell,normalised_flow_power,15,134581,-0.010326928235922392,-0.008288567820679646,365,-0.01241141064406298,0.003662169947181194,-3.3890864768895166,0.0007012589124364986,0.002862281275251015
time_2m,4,sell,normalised_flow_power,30,134581,-0.00636733045709728,-0.006879481515993397,365,-0.010335591024463176,0.0036831864441524216,-2.8061547198818526,0.005013661248831098,0.014638427003886418
time_2m,4,sell,normalised_flow_log,5,134581,-0.007507679431978227,-0.010207108204668984,365,-0.016914641042356054,0.003872292524908935,-4.368120676201713,0.000012532024616402195,0.00011307089879460627
time_2m,4,sell,normalised_flow_log,10,134581,-0.01067223666275602,-0.008021409971754307,365,-0.015867022948575043,0.003668390046789195,-4.325336931513828,0.000015229889747493447,0.00013148106256828874
time_2m,4,sell,normalised_flow_log,15,134581,-0.011850779835068817,-0.008520144023485523,365,-0.014847291599932443,0.0037295717078936557,-3.980964240078313,0.00006863627546361684,0.00044044668746706
time_2m,4,sell,normalised_flow_log,30,134581,-0.006847764094753027,-0.0072075567278165505,365,-0.013087262093638155,0.003750721722299711,-3.4892650168709007,0.0004843506934172334,0.0021155067886527343
time_2m,4,sell,surface_power,5,134581,-0.006074934213970849,-0.009686650541466845,365,-0.013900134491710119,0.0037644112283206086,-3.692512227977625,0.0002220496607075948,0.001148532727797904
time_2m,4,sell,surface_power,10,134581,-0.008196093298802581,-0.007345692854073568,365,-0.012545527329833014,0.003595721636874607,-3.4890151676862167,0.0004848036390662516,0.0021155067886527343
time_2m,4,sell,surface_power,15,134581,-0.010164175074224152,-0.008258270557534109,365,-0.012207452861083466,0.0036460880642252536,-3.3480959993426245,0.0008136882024334403,0.0032119271148688434
time_2m,4,sell,surface_power,30,134581,-0.006318933999209521,-0.0068315312481275715,365,-0.010100229555405993,0.003663331467757667,-2.7571159323970114,0.005831367256601146,0.016740767243831042
time_2m,4,sell,surface_log_activity,5,134581,-0.00603416813990059,-0.009633617242073329,365,-0.013785232598952094,0.0037746714987017846,-3.652035045617406,0.0002601703684440488,0.001295454116733853
time_2m,4,sell,surface_log_activity,10,134581,-0.008367468988617007,-0.007439763546723808,365,-0.012547075054906886,0.0036044437491072777,-3.4810017656717362,0.0004995421982298541,0.002156297258546133
time_2m,4,sell,surface_log_activity,15,134581,-0.010469753508021115,-0.008403042138047389,365,-0.01227871469651414,0.0036497739281681663,-3.3642397962650983,0.0007675482239905486,0.0030907982174116053
time_2m,4,sell,surface_log_activity,30,134581,-0.006598257817302395,-0.006884010633573313,365,-0.010091858847529288,0.003669666362682135,-2.750075306615399,0.005958157001091328,0.017063934132003803
time_2m,4,buy,relative_imbalance_power,5,128211,0.0013133966835511218,-0.012521983848828425,365,-0.013801133953138964,0.004598301730661432,-3.0013545786073874,0.0026878138555809943,0.008812504444527849
time_2m,4,buy,relative_imbalance_power,10,128211,0.0026077991102228444,-0.013435972888518955,365,-0.015011761847980174,0.004555323382673803,-3.2954327468994826,0.0009827022211457868,0.0037413969344784323
time_2m,4,buy,relative_imbalance_power,15,128211,-0.0025375229434116,-0.014359154207381809,365,-0.019336736950173055,0.004731522643328563,-4.086789477260098,0.00004373836639032284,0.00029992022667649947
time_2m,4,buy,relative_imbalance_power,30,128211,0.00388557739740769,-0.009923262709562772,365,-0.01581382951394971,0.004813372495625312,-3.2853949135086236,0.0010183952317253683,0.0038372056251022584
time_2m,4,buy,normalised_flow_power,5,128211,0.003256477672622799,-0.000598752796418756,365,-0.0025887788405404458,0.003930013687740377,-0.6587200570359603,0.5100755508853055,0.6362688784432086
time_2m,4,buy,normalised_flow_power,10,128211,0.004979222963885692,-0.0009073677048011819,365,-0.00275555611464145,0.003718104639297324,-0.7411184950303648,0.4586215964478181,0.5917698018681523
time_2m,4,buy,normalised_flow_power,15,128211,0.00041303699414631056,-0.003438053029842431,365,-0.006328744589952463,0.00369978964043866,-1.7105687633640987,0.08716074944735212,0.16190851290529806
time_2m,4,buy,normalised_flow_power,30,128211,0.0057420417276844524,-0.00009749447420569351,365,-0.002068236112741322,0.0036427001446837927,-0.5677755595007551,0.5701873774436022,0.6939400131159459
time_2m,4,buy,normalised_flow_log,5,128211,0.005084662596249116,-0.0000332628187832012,365,-0.0029012211873155097,0.004064114119885509,-0.7138631204079575,0.4753118240415196,0.6035705702114535
time_2m,4,buy,normalised_flow_log,10,128211,0.007267898250194768,-0.00018082424234397554,365,-0.002694188672798433,0.0037865331502527156,-0.7115185754067995,0.476762944177859,0.6041346705527253
time_2m,4,buy,normalised_flow_log,15,128211,0.002354377272971372,-0.002916492031104157,365,-0.00682201161555443,0.003811367962505933,-1.789911570508409,0.07346812846696149,0.1408096311277999
time_2m,4,buy,normalised_flow_log,30,128211,0.007551044123269509,0.0002959131641934587,365,-0.0029691424246466127,0.0037364662429684495,-0.7946391674845606,0.4268234278108601,0.5684662745538648
time_2m,4,buy,surface_power,5,128211,0.0030200555175614093,-0.0001265052787191672,365,-0.002127046350878238,0.0038926031956178727,-0.5464328738343472,0.5847684180109787,0.7067644177042208
time_2m,4,buy,surface_power,10,128211,0.004690505481851362,-0.000527297317576249,365,-0.002292209989831829,0.0036773524965602314,-0.6233315930349199,0.5330666407929936,0.6587847260057593
time_2m,4,buy,surface_power,15,128211,0.00031077266276273235,-0.0030137360746902387,365,-0.005735827595071378,0.0036569009531723165,-1.568494107037714,0.11676586416755427,0.20882121758728037
time_2m,4,buy,surface_power,30,128211,0.005394467501688152,0.00016627296909596133,365,-0.001582730956712721,0.0036041858788696916,-0.4391368841412478,0.6605623546814853,0.768095761257541
time_2m,4,buy,surface_log_activity,5,128211,0.003314814276240728,0.00002470807939577383,365,-0.0021312341894870503,0.003901089237623941,-0.5463177229919338,0.5848475556502427,0.7067644177042208
time_2m,4,buy,surface_log_activity,10,128211,0.004900098320328195,-0.00043196786165549154,365,-0.0024413334444727216,0.0036852869956263373,-0.6624540903788694,0.5076802480838071,0.6339399559839423
time_2m,4,buy,surface_log_activity,15,128211,0.0005121588127699944,-0.002847618334166459,365,-0.005847095608337994,0.003663863744392119,-1.5958823843510863,0.1105150551708756,0.2000272491780554
time_2m,4,buy,surface_log_activity,30,128211,0.0055299322114622145,0.0003052325237907165,365,-0.001693779021679582,0.003604365239188981,-0.46992435818205247,0.6384090608717528,0.7521701701148623
time_2m,5,sell,relative_imbalance_power,5,53880,-0.012673156535792575,-0.035001570945730316,151,-0.02334921111854569,0.007853003399174868,-2.973284224096865,0.0029463148328592636,0.009461196512099786
time_2m,5,sell,relative_imbalance_power,10,53880,-0.016798628590573118,-0.02722094619029888,151,-0.03267564329686658,0.008279812082651418,-3.9464232968923807,0.0000793273186801997,0.0004983915309750766
time_2m,5,sell,relative_imbalance_power,15,53879,-0.018244238072891064,-0.028978905052699396,151,-0.033907892563119796,0.008123895714419177,-4.1738463607966265,0.000029949976883318494,0.0002191461723169646
time_2m,5,sell,relative_imbalance_power,30,53875,-0.016537735781236844,-0.029153132393197095,151,-0.038331107713589795,0.007920334904137842,-4.839581681522629,1.301127073551145e-6,0.00001620708270333227
time_2m,5,sell,normalised_flow_power,5,53880,-0.01022564955615879,-0.02563206553048315,151,-0.011725051741358182,0.006146811766017972,-1.9075013499158937,0.056455696397714555,0.11234964457256627
time_2m,5,sell,normalised_flow_power,10,53880,-0.01584737060870286,-0.019270770298959454,151,-0.02108216848194995,0.006212715433842058,-3.3933903309188502,0.0006903319431292638,0.0028272980605976673
time_2m,5,sell,normalised_flow_power,15,53879,-0.015058149698916218,-0.018541791931422063,151,-0.019334983015339573,0.005769220023097593,-3.3514032985273965,0.0008040311436379131,0.003184281756981834
time_2m,5,sell,normalised_flow_power,30,53875,-0.013247406327417624,-0.016784313761718322,151,-0.020836875335263915,0.005738629647207598,-3.630984506101223,0.00028234213607344975,0.0013661716261618535
time_2m,5,sell,normalised_flow_log,5,53880,-0.010514499075433744,-0.023785622669041665,151,-0.013475611241159929,0.006864544730885381,-1.9630742852515233,0.04963754300630924,0.10164684574670833
time_2m,5,sell,normalised_flow_log,10,53880,-0.014997201516526225,-0.017816259237259515,151,-0.02223693178000814,0.00697812634083584,-3.1866622491309897,0.0014392473743064663,0.00510975399162059
time_2m,5,sell,normalised_flow_log,15,53879,-0.014549984937071192,-0.016827710751646855,151,-0.021336706360335873,0.006587930825665906,-3.238756891194158,0.0012005185418565694,0.0043921410067923276
time_2m,5,sell,normalised_flow_log,30,53875,-0.012022473122847592,-0.015491748094974512,151,-0.02304889034890735,0.006034454770836315,-3.819548115647407,0.00013369637905989221,0.0007713252638070705
time_2m,5,sell,surface_power,5,53880,-0.010204949767202291,-0.025571401308319433,151,-0.011556816985879926,0.006082017766017646,-1.900161661883313,0.05741190773757665,0.11406339285611256
time_2m,5,sell,surface_power,10,53880,-0.01589815675408644,-0.019227047168656697,151,-0.020870570777872806,0.006142944229440681,-3.3974866120139082,0.0006800791559045182,0.0027948458461829516
time_2m,5,sell,surface_power,15,53879,-0.015018119626242023,-0.01846487274621301,151,-0.019000773679350047,0.005682658614955288,-3.343641588700212,0.0008268648761320104,0.003253238856912828
time_2m,5,sell,surface_power,30,53875,-0.013239302460212043,-0.016609441350950167,151,-0.020484726343508976,0.00566883331403792,-3.6135700608416146,0.000302009699816246,0.0014381414276964097
time_2m,5,sell,surface_log_activity,5,53880,-0.010427374324809259,-0.025252240134328183,151,-0.011677449012942842,0.006088916850674019,-1.9178204103165237,0.05513378683486717,0.11026757366973435
time_2m,5,sell,surface_log_activity,10,53880,-0.015889427745534934,-0.018881815205985666,151,-0.020725159333748366,0.0061429919127840545,-3.373789128814847,0.0007414113976702374,0.002995601606748434
time_2m,5,sell,surface_log_activity,15,53879,-0.014908699985382887,-0.018151124500979218,151,-0.018757743987845552,0.005673218623013171,-3.3063672025180835,0.0009451413903688811,0.003612005313511648
time_2m,5,sell,surface_log_activity,30,53875,-0.013118138681546088,-0.016306390345051838,151,-0.02020695758618498,0.005639542186590248,-3.583084746530181,0.0003395603818277588,0.001597931208601218
time_2m,5,buy,relative_imbalance_power,5,54837,-0.0018455674011259918,-0.022386831607324794,151,-0.01880754634854038,0.007268827931668001,-2.587424895092344,0.009669627300714382,0.02571699167258471
time_2m,5,buy,relative_imbalance_power,10,54835,0.00288613318558825,-0.013767565509280462,151,-0.01614783130450893,0.00712028071130555,-2.267864422658151,0.023337471370083403,0.05480423805107649
time_2m,5,buy,relative_imbalance_power,15,54833,-0.0025990817875144517,-0.012847649454807427,151,-0.01957216926977009,0.006698413589103192,-2.9219111375280846,0.003478907820364589,0.01078731107089795
time_2m,5,buy,relative_imbalance_power,30,54829,-0.00020656618316695923,-0.009559846558652309,151,-0.01628209192767716,0.007375919792094802,-2.2074659685328486,0.02728152201162775,0.06212111273994934
time_2m,5,buy,normalised_flow_power,5,54837,0.0006965684027698876,-0.017253383524340297,151,-0.006176886585352544,0.006583186239138926,-0.9382822179067615,0.3480993956022429,0.5002626044583132
time_2m,5,buy,normalised_flow_power,10,54835,0.0066728677322441116,-0.01121141959582273,151,-0.002468398592135687,0.006318484977437798,-0.39066304675090713,0.6960463168712104,0.7924625998533705
time_2m,5,buy,normalised_flow_power,15,54833,0.003991190909456803,-0.00980953614543703,151,-0.004277018746849881,0.005642463582256484,-0.7580055563494579,0.44844765641544765,0.5855682129472658
time_2m,5,buy,normalised_flow_power,30,54829,0.003949792884865976,-0.009336081032499013,151,-0.002157893236025011,0.005825097518592584,-0.37044757261787176,0.7110490331682239,0.8028711565366656
time_2m,5,buy,normalised_flow_log,5,54837,8.786191002110484e-6,-0.018222532982228222,151,-0.008878660060216714,0.006829532535368192,-1.3000392068178426,0.1935875318793241,0.31520357972210167
time_2m,5,buy,normalised_flow_log,10,54835,0.00505792089084204,-0.012228803578944345,151,-0.006178516030983045,0.006484204605392559,-0.9528564268074932,0.34066281987389424,0.492524558853823
time_2m,5,buy,normalised_flow_log,15,54833,0.0012124756603203,-0.011131127999262934,151,-0.009492301161244549,0.005779853932823167,-1.6423081398889328,0.10052616104620078,0.1844516716444051
time_2m,5,buy,normalised_flow_log,30,54829,0.0024257102606866318,-0.010751802145319468,151,-0.0055376556984215,0.006130247118000231,-0.9033331922560338,0.3663490853506554,0.5154292743035112
time_2m,5,buy,surface_power,5,54837,0.000773696365146538,-0.017181753079871763,151,-0.005895478965646033,0.006557274041381885,-0.8990746655455649,0.36861289142970494,0.516747044060334
time_2m,5,buy,surface_power,10,54835,0.0068386465693963845,-0.011160426674834828,151,-0.0021018912654846575,0.0062844599272199675,-0.3344585357893217,0.7380335747193323,0.8230857710624523
time_2m,5,buy,surface_power,15,54833,0.004243230865413919,-0.009804386304711168,151,-0.0038384643775765514,0.005606672666322041,-0.6846243050059442,0.4935810258184011,0.6195222884555084
time_2m,5,buy,surface_power,30,54829,0.004101016869141315,-0.009458459679694702,151,-0.0018883132558848088,0.00578271289596395,-0.3265445284691133,0.7440124050940984,0.8266804501045538
time_2m,5,buy,surface_log_activity,5,54837,0.0007524141332521311,-0.017101250084650372,151,-0.005872425290488684,0.006546858504465546,-0.8969836886627628,0.3697276209306674,0.5175077306435464
time_2m,5,buy,surface_log_activity,10,54835,0.007017177008760137,-0.011045014317225208,151,-0.0019102050217623065,0.006276209404992853,-0.3043564831094863,0.7608563175263843,0.8413423870058698
time_2m,5,buy,surface_log_activity,15,54833,0.004482729990623362,-0.009529221162365226,151,-0.0034772378786475247,0.005598778889001603,-0.6210707633906222,0.5345530647537109,0.659942055251495
time_2m,5,buy,surface_log_activity,30,54829,0.0040860023622975,-0.00949674833747573,151,-0.0017118462237050217,0.005773552113384429,-0.2964979253822904,0.766849851087358,0.8457902769345861
time_5m,1,sell,relative_imbalance_power,5,52361,-0.0050454164749388535,-0.03317778608997919,365,-0.02839028439990551,0.006539894935124727,-4.3410918189871595,0.000014177645783264757,0.00012418375868553073
time_5m,1,sell,relative_imbalance_power,10,52361,-0.0009371373293904809,-0.03478798371341897,365,-0.033548947636738116,0.006439637143917212,-5.209757457907076,1.8908765319123885e-7,3.0662862679660356e-6
time_5m,1,sell,relative_imbalance_power,15,52361,0.0033581219116779375,-0.0314350309756764,365,-0.032569453110029276,0.006269636043453806,-5.194791672801388,2.0494921522350696e-7,3.279187443576111e-6
time_5m,1,sell,relative_imbalance_power,30,52361,0.005915028925437673,-0.01770540489260653,365,-0.03072364894459049,0.006167253308977793,-4.981739423588368,6.301525377518277e-7,8.69175914140452e-6
time_5m,1,sell,normalised_flow_power,5,52361,-0.0004891186150388414,-0.027551067332900622,365,-0.017957026413295628,0.006117253940418002,-2.9354717963643333,0.0033304088541429556,0.010479907038663054
time_5m,1,sell,normalised_flow_power,10,52361,0.001533669825838209,-0.02771684063963752,365,-0.02271250362152345,0.00595530255921108,-3.8138286670916437,0.00013683034624811474,0.0007749202688560467
time_5m,1,sell,normalised_flow_power,15,52361,0.004310885531017671,-0.025583346628919538,365,-0.02220547381328369,0.005693219416869768,-3.9003369073543714,0.00009605891896056644,0.00057924976257628
time_5m,1,sell,normalised_flow_power,30,52361,0.00992209830845293,-0.012644295854286157,365,-0.01610951086388687,0.0054634581872302366,-2.948592322265721,0.003192247755614545,0.010134119859093793
time_5m,1,sell,normalised_flow_log,5,52361,0.00027030011054825237,-0.026560257004149483,365,-0.017634287563760107,0.006240434369945808,-2.8258109160938494,0.004716109402637459,0.013904990867727151
time_5m,1,sell,normalised_flow_log,10,52361,0.0028767294658237027,-0.026681341448460735,365,-0.021949308684913318,0.006015669276243334,-3.6486893938125906,0.00026358155106603664,0.0013050598701212556
time_5m,1,sell,normalised_flow_log,15,52361,0.005629128802092146,-0.024630672073798026,365,-0.02109082769152339,0.005746182168540811,-3.6704070760219576,0.00024216449574728676,0.0012261493455558825
time_5m,1,sell,normalised_flow_log,30,52361,0.010087641568199602,-0.012124944521350255,365,-0.01618844138099522,0.005566221687306153,-2.908335724017818,0.00363358024927124,0.011208987915489686
time_5m,1,sell,surface_power,5,52361,-0.00008527961645323494,-0.02612907818012378,365,-0.014584203074476883,0.005983524343631765,-2.4373934552466188,0.01479357303789333,0.036830472293510365
time_5m,1,sell,surface_power,10,52361,0.0013463767245968808,-0.02636098479816009,365,-0.019279582016895305,0.005777443167413614,-3.3370439930309495,0.000846745441885521,0.0032883318131476545
time_5m,1,sell,surface_power,15,52361,0.003342178515159101,-0.024765228679087224,365,-0.019251081954559542,0.005498788261216683,-3.500968038783871,0.0004635714359803335,0.002045168099913236
time_5m,1,sell,surface_power,30,52361,0.010296300129749764,-0.012373330633998167,365,-0.011685865060561566,0.005160976115981684,-2.2642741989009894,0.023557255451210023,0.05499748354368099
time_5m,1,sell,surface_log_activity,5,52361,0.0002897776166894308,-0.02555320356147258,365,-0.014383358101441703,0.005997775274553873,-2.398115541685007,0.016479666069771918,0.04052376902402931
time_5m,1,sell,surface_log_activity,10,52361,0.001847653971890529,-0.02572887734792249,365,-0.019001686402160264,0.005784492979298509,-3.2849355112303407,0.0010200571620063504,0.0038372056251022584
time_5m,1,sell,surface_log_activity,15,52361,0.003872555272078197,-0.0241008242282637,365,-0.01886811784575034,0.005514646841499146,-3.421455333052856,0.0006228695532216824,0.0026134386848462197
time_5m,1,sell,surface_log_activity,30,52361,0.01056267244254885,-0.011648831067614149,365,-0.011283504168767862,0.005209673859899164,-2.1658753450232795,0.030320713800599502,0.06836703831759042
time_5m,1,buy,relative_imbalance_power,5,52417,-0.02781225702453609,-0.033539759369922505,365,-0.036082453044034034,0.0061135566538244685,-5.902039530698038,3.5903510502390755e-9,7.978557889420167e-8
time_5m,1,buy,relative_imbalance_power,10,52417,-0.023192870193403183,-0.03380484992630973,365,-0.03641545864064224,0.006438016874366634,-5.65631612207055,1.5465650019430458e-8,3.314067861306526e-7
time_5m,1,buy,relative_imbalance_power,15,52417,-0.018347688099942583,-0.031213348478867718,365,-0.033238257463564944,0.006314503664195696,-5.263795736160783,1.4111122552711606e-7,2.3849784596132293e-6
time_5m,1,buy,relative_imbalance_power,30,52417,-0.008602808198535546,-0.024293082704106746,365,-0.030346683968821935,0.0063065153129091235,-4.811957549156153,1.4945910446598558e-6,0.00001741271119992065
time_5m,1,buy,normalised_flow_power,5,52417,-0.02015087501293298,-0.02444641509431439,365,-0.02033256139655799,0.005955181034479281,-3.4142641976518626,0.0006395452658525033,0.0026555512768962073
time_5m,1,buy,normalised_flow_power,10,52417,-0.018089382866046597,-0.02468222686632085,365,-0.022622592116773595,0.0059266508491944625,-3.8170954713568808,0.00013503192935821194,0.0007749202688560467
time_5m,1,buy,normalised_flow_power,15,52417,-0.018046886209607645,-0.0257557903778179,365,-0.02373113287953208,0.005708141955963194,-4.1574181340638505,0.00003218645596903026,0.00023127992313075636
time_5m,1,buy,normalised_flow_power,30,52417,-0.011358412635953606,-0.02032221371476761,365,-0.020598545725295292,0.005633209381502291,-3.656627036256546,0.00025555578905997,0.0012831253007195146
time_5m,1,buy,normalised_flow_log,5,52417,-0.022391555154176686,-0.02326546211968828,365,-0.02225089776524163,0.006053424280189461,-3.675753876704181,0.00023714807293906675,0.001205837659012204
time_5m,1,buy,normalised_flow_log,10,52417,-0.019528491515761706,-0.023562630606608737,365,-0.023928093325762744,0.00608379662826434,-3.9330856680180064,0.00008386233257909803,0.0005214238295073452
time_5m,1,buy,normalised_flow_log,15,52417,-0.019048440984142996,-0.024989080960835887,365,-0.024728070551421937,0.005854631176710168,-4.223676915770658,0.000024034853563473127,0.00018139512123375946
time_5m,1,buy,normalised_flow_log,30,52417,-0.012072932951679794,-0.02000942873828785,365,-0.022158817309944717,0.005713706288732628,-3.8781862752801426,0.00010523812642103296,0.0006282873219166146
time_5m,1,buy,surface_power,5,52417,-0.013985654540781337,-0.021868995931912768,365,-0.012756307990510881,0.0059897959534182775,-2.1296732125292293,0.033198602025151715,0.07363830393748995
time_5m,1,buy,surface_power,10,52417,-0.013138894138898108,-0.023073545022852863,365,-0.01573497331556745,0.005766834228589958,-2.728528806595294,0.006361753349354944,0.018047527232212607
time_5m,1,buy,surface_power,15,52417,-0.015563135278639012,-0.025139602764378308,365,-0.018873881911504856,0.005511980180801623,-3.4241563453444734,0.0006167112954838185,0.002596679138879236
time_5m,1,buy,surface_power,30,52417,-0.010842418991882726,-0.020035771073680333,365,-0.016263114819318473,0.005377340383931001,-3.0243789044705474,0.002491441892322061,0.008281801304117653
time_5m,1,buy,surface_log_activity,5,52417,-0.013846737206114797,-0.021225322131794046,365,-0.011895772142745932,0.0060029780100040704,-1.9816451306204046,0.04751897229849085,0.0976417239010086
time_5m,1,buy,surface_log_activity,10,52417,-0.013130047035957024,-0.022963267140938014,365,-0.015117038133564017,0.005763355251238812,-2.622957890772856,0.00871700456536549,0.02377364881463315
time_5m,1,buy,surface_log_activity,15,52417,-0.015598745758124238,-0.024808324550153145,365,-0.018412749395073768,0.005493658918264868,-3.351636799630309,0.000803353374022182,0.003184281756981834
time_5m,1,buy,surface_log_activity,30,52417,-0.010970400987124903,-0.01956508384722747,365,-0.015808803984904994,0.005344876370242409,-2.9577492330637405,0.0030989411454897127,0.009883268936353294
time_5m,2,sell,relative_imbalance_power,5,53764,-0.049071206024107014,-0.04245961028757869,365,-0.04719737708435513,0.006610548110995749,-7.139707069955168,9.353002257742318e-13,3.8702078307899246e-11
time_5m,2,sell,relative_imbalance_power,10,53764,-0.05136285311995036,-0.038841798500195424,365,-0.049853888101924405,0.006633449634163762,-7.515529754709471,5.668094292294735e-14,3.0334756796225042e-12
time_5m,2,sell,relative_imbalance_power,15,53764,-0.050787930544209506,-0.04472329659960532,365,-0.05448631867360016,0.006071955630558141,-8.973438211469889,2.8740000464985635e-19,5.748000092997127e-17
time_5m,2,sell,relative_imbalance_power,30,53764,-0.034381645399912425,-0.038336157649922695,365,-0.0511149682556732,0.006334011136728218,-8.069920805677052,7.034378041951414e-16,5.2757835314635606e-14
time_5m,2,sell,normalised_flow_power,5,53764,-0.04868286321441178,-0.03135035738778267,365,-0.02218017393895753,0.006087686278326963,-3.6434489106184946,0.00026900906705752643,0.0013175954304858438
time_5m,2,sell,normalised_flow_power,10,53764,-0.05052649659333675,-0.02730076111748485,365,-0.02401326295108847,0.006116342976616535,-3.926081817663572,0.00008634079727934682,0.0005340667872949287
time_5m,2,sell,normalised_flow_power,15,53764,-0.04866024727297804,-0.03506208729498194,365,-0.028630547008885728,0.005580407070854503,-5.1305481204799745,2.8889969123381576e-7,4.444610634366396e-6
time_5m,2,sell,normalised_flow_power,30,53764,-0.03372599321789444,-0.030440164536072643,365,-0.02585433051525891,0.005545106202342453,-4.6625492049795385,3.1231638093679243e-6,0.000032447419662222524
time_5m,2,sell,normalised_flow_log,5,53764,-0.05153541014337168,-0.030657378080962153,365,-0.027437039255114124,0.006112398781177334,-4.488751509408122,7.164180611593824e-6,0.00006823029153898881
time_5m,2,sell,normalised_flow_log,10,53764,-0.05421062245548804,-0.026971648755108008,365,-0.029499991929733956,0.006217655390735144,-4.744552419822358,2.089678619536605e-6,0.000023218651328184495
time_5m,2,sell,normalised_flow_log,15,53764,-0.052396423944145995,-0.0345124451363172,365,-0.03395222081562521,0.005593346714798022,-6.070108388918501,1.2782394944330126e-9,3.007622339842382e-8
time_5m,2,sell,normalised_flow_log,30,53764,-0.036012680620644465,-0.029569606990112702,365,-0.03099255875868392,0.005651977857372109,-5.483489061843907,4.170180730380932e-8,7.795714446351411e-7
time_5m,2,sell,surface_power,5,53764,-0.045980268796551954,-0.02865512583715716,365,-0.016651530179322718,0.006064812741924675,-2.745596754243452,0.0060400954087341495,0.017216423967888313
time_5m,2,sell,surface_power,10,53764,-0.047242682008872494,-0.0238820546438218,365,-0.01818825987153351,0.006029510083956283,-3.0165402525704414,0.002556772689973157,0.00844629595239683
time_5m,2,sell,surface_power,15,53764,-0.04485186013084912,-0.031202259668985287,365,-0.022504277691083582,0.00555603600815498,-4.050419698153952,0.00005112585244407308,0.00034274314487646755
time_5m,2,sell,surface_power,30,53764,-0.031464079374207025,-0.02735439720331772,365,-0.02004355906098538,0.005368598311665715,-3.733480863604873,0.00018885154858994972,0.0010117047245890164
time_5m,2,sell,surface_log_activity,5,53764,-0.04550873172513479,-0.027913724566480124,365,-0.015928569268146377,0.006089604438050773,-2.6156985121425995,0.008904514329420639,0.024175152025576397
time_5m,2,sell,surface_log_activity,10,53764,-0.046674375193812984,-0.023022993340428573,365,-0.017328510641045253,0.006056707381386375,-2.861044714542371,0.0042224749387172085,0.012635835228081422
time_5m,2,sell,surface_log_activity,15,53764,-0.04438658229634607,-0.030449090928374466,365,-0.021690834522380173,0.005568013006574629,-3.895614916266889,0.00009794990718049684,0.000587699443082981
time_5m,2,sell,surface_log_activity,30,53764,-0.030941410406318492,-0.02672545491819097,365,-0.019045817993201878,0.005376812537329777,-3.542213506788983,0.00039678417510709637,0.0018220632284027388
time_5m,2,buy,relative_imbalance_power,5,51223,-0.017619339231611037,-0.027111216180926885,365,-0.027295347387941187,0.006578739503057311,-4.149023893597905,0.000033389596262655686,0.0002384971161618263
time_5m,2,buy,relative_imbalance_power,10,51223,-0.008739689910088754,-0.023048032336654343,365,-0.027171141671433783,0.006450855587704302,-4.212021382593578,0.000025309557901728106,0.00018864266759052004
time_5m,2,buy,relative_imbalance_power,15,51223,-0.005884714828231124,-0.027570175135962285,365,-0.0332455933309107,0.006506757532957599,-5.109394834910831,3.2319232325714124e-7,4.9092504798553095e-6
time_5m,2,buy,relative_imbalance_power,30,51223,-0.0029418092745153424,-0.023780044493612835,365,-0.040777018573088596,0.0064371243527292475,-6.334663793748171,2.3785936528389186e-10,6.637935775364424e-9
time_5m,2,buy,normalised_flow_power,5,51223,-0.02592646044024337,-0.024025542652054022,365,-0.01795723836426699,0.0062410979586178805,-2.877256291013849,0.004011496403501019,0.012125429935015674
time_5m,2,buy,normalised_flow_power,10,51223,-0.01883592168993056,-0.016162142153982435,365,-0.014062694374050113,0.005958260171994317,-2.360201462861452,0.01826501284817783,0.044012079152235734
time_5m,2,buy,normalised_flow_power,15,51223,-0.015457799450010338,-0.019947633996208775,365,-0.01797997398804216,0.00590079005740584,-3.0470451944780224,0.002311029597489269,0.007746467924545036
time_5m,2,buy,normalised_flow_power,30,51223,-0.012014441610706366,-0.018486446912781528,365,-0.022687565298276386,0.0056576360990857584,-4.010078573618859,0.00006069854563535465,0.00039920577121867955
time_5m,2,buy,normalised_flow_log,5,51223,-0.0269251368551778,-0.021738979266164384,365,-0.017980258400455175,0.006381471460096057,-2.817572485105892,0.004838819114464906,0.014231820924896782
time_5m,2,buy,normalised_flow_log,10,51223,-0.018691984852909124,-0.014586431568533812,365,-0.014909632193370485,0.006089122273565719,-2.4485683688922832,0.01434252072703725,0.0359311583975881
time_5m,2,buy,normalised_flow_log,15,51223,-0.014811861632750705,-0.01890402640080065,365,-0.019599842979015784,0.00591069272661523,-3.3159976140799445,0.0009131660842218349,0.0035121772470070576
time_5m,2,buy,normalised_flow_log,30,51223,-0.01113592908328231,-0.017566414002724257,365,-0.025234800351744805,0.005732997688998905,-4.4016763516524815,0.000010741770797275456,0.0001007041012244574
time_5m,2,buy,surface_power,5,51223,-0.02558056067257084,-0.02361535686651666,365,-0.01362565552766382,0.006323498594650435,-2.1547653286727817,0.031180202676268892,0.06967643056149472
time_5m,2,buy,surface_power,10,51223,-0.02076539343861058,-0.01471088948484753,365,-0.009067157805576672,0.005851564292120254,-1.5495271611022974,0.12125504744562768,0.21588435746996026
time_5m,2,buy,surface_power,15,51223,-0.017110066935012762,-0.018777684475993435,365,-0.012156021777711521,0.005824239731230259,-2.087143101704674,0.036875200922687715,0.08045498383131865
time_5m,2,buy,surface_power,30,51223,-0.014589682958717452,-0.018172904066619863,365,-0.016397820481736793,0.005545147641603584,-2.9571476796593927,0.0031049936575043265,0.009883268936353294
time_5m,2,buy,surface_log_activity,5,51223,-0.02545251121862671,-0.02275229747478969,365,-0.013094988358536438,0.006329941779962164,-2.0687375672220973,0.038570719886752064,0.08339615110649094
time_5m,2,buy,surface_log_activity,10,51223,-0.02008445109902882,-0.0139233027629142,365,-0.008142990548915858,0.005846573269008794,-1.3927800395626257,0.16368631616174742,0.2774344341724532
time_5m,2,buy,surface_log_activity,15,51223,-0.01663452562466731,-0.01802071430328335,365,-0.01135196013465984,0.005824860836026509,-1.9488809182270013,0.05130964735446242,0.10418202508520288
time_5m,2,buy,surface_log_activity,30,51223,-0.014119028830279413,-0.017338187620331576,365,-0.01524567797313962,0.005554770759642186,-2.7446097476976137,0.00605828936844291,0.017227363133013016
time_5m,3,sell,relative_imbalance_power,5,54482,-0.022760265615894174,-0.019895983804696683,366,-0.03174254910094704,0.005663256575887804,-5.6049992924735,2.082558150479494e-8,4.3087410009920565e-7
time_5m,3,sell,relative_imbalance_power,10,54482,-0.011745390705391587,-0.02064656225768541,366,-0.02909603338039632,0.0055725453735910695,-5.221318343729555,1.7765384260225122e-7,2.920337138667143e-6
time_5m,3,sell,relative_imbalance_power,15,54482,-0.016721254488080053,-0.02514423787943383,366,-0.03658413325256796,0.005597916597566957,-6.535312310381446,6.34769410433787e-11,1.9531366474885753e-9
time_5m,3,sell,relative_imbalance_power,30,54482,-0.011086296662033679,-0.02340632710841871,366,-0.038672182039878614,0.0058874446467873124,-6.568585245380001,5.0795550303069236e-11,1.7150334313566715e-9
time_5m,3,sell,normalised_flow_power,5,54482,-0.012807272379274297,-0.011391718593971811,366,-0.010217626755104877,0.005744662330576724,-1.7786296508186754,0.07530049961723756,0.1434295230804525
time_5m,3,sell,normalised_flow_power,10,54482,-0.010500720123315486,-0.010556139342144647,366,-0.009497181430232255,0.005505428689654852,-1.7250575687372411,0.08451709827229588,0.1572411130647365
time_5m,3,sell,normalised_flow_power,15,54482,-0.013873269329377918,-0.014372680982257113,366,-0.01637615739098139,0.005314925064903674,-3.08116430448266,0.002061928347126152,0.007069468618718234
time_5m,3,sell,normalised_flow_power,30,54482,-0.009746597334605825,-0.014096930552193278,366,-0.019978287523351627,0.005204247507622267,-3.838842694182193,0.00012361559268951594,0.0007236034694020445
time_5m,3,sell,normalised_flow_log,5,54482,-0.01550464173398788,-0.012219594519496443,366,-0.013003757935209389,0.0056730555601867735,-2.2921964710638703,0.021894308502500428,0.05182084852662824
time_5m,3,sell,normalised_flow_log,10,54482,-0.010763931780992756,-0.01034985145867903,366,-0.01133596387895106,0.005420994149322941,-2.0911226920189305,0.03651706703874071,0.07981872576773927
time_5m,3,sell,normalised_flow_log,15,54482,-0.014980133421965941,-0.01376986163622506,366,-0.01897781718301283,0.005261858262415049,-3.606675861752029,0.0003101446873235423,0.0014710419952104774
time_5m,3,sell,normalised_flow_log,30,54482,-0.009756701007580573,-0.013399847521472509,366,-0.021546262039115884,0.005198275173824388,-4.144886778524314,0.00003399816518962412,0.00024140709010383993
time_5m,3,sell,surface_power,5,54482,-0.011306625671051018,-0.010589402452829836,366,-0.008235939568938144,0.005802712057302074,-1.4193259096105106,0.15580402175494054,0.2663316611195565
time_5m,3,sell,surface_power,10,54482,-0.010616273349649112,-0.009839493892868735,366,-0.007877977912093215,0.005542396893086719,-1.4214027006834842,0.1551997218061781,0.2656771272003049
time_5m,3,sell,surface_power,15,54482,-0.013265565383193118,-0.013477266464829689,366,-0.014488654652997403,0.005359529597332557,-2.7033444614632636,0.006864556679088518,0.019382277682132288
time_5m,3,sell,surface_power,30,54482,-0.009533487692024733,-0.013447187612297089,366,-0.0182592196152665,0.005203763143764524,-3.5088490983963876,0.0004500501733513751,0.002000222992672778
time_5m,3,sell,surface_log_activity,5,54482,-0.010839280017291706,-0.010494937181270293,366,-0.007653831644008949,0.005799243482242926,-1.3197982922159943,0.1869023719542463,0.3051537672208927
time_5m,3,sell,surface_log_activity,10,54482,-0.010020065703991079,-0.009522790873115026,366,-0.0070821548759099325,0.005543981964147138,-1.2774491190105126,0.2014437328877411,0.3271075500206892
time_5m,3,sell,surface_log_activity,15,54482,-0.012727630914932113,-0.01355211844323364,366,-0.013882525439221667,0.005363833299837765,-2.5881724250530977,0.009648666957937166,0.02571699167258471
time_5m,3,sell,surface_log_activity,30,54482,-0.008876930426957488,-0.013394601347231347,366,-0.017702959293420657,0.005236382690373841,-3.380761174305385,0.0007228534168372425,0.0029385889900765284
time_5m,3,buy,relative_imbalance_power,5,50924,-0.008933234659673788,-0.006906009024547069,366,-0.015350842934032435,0.006364532944016375,-2.411935497712295,0.01586808852425809,0.03926124995692724
time_5m,3,buy,relative_imbalance_power,10,50924,0.0017898758993104777,-0.010522788133181088,366,-0.015594622943466896,0.006431330038620618,-2.4247897168734958,0.01531725614421823,0.037976668126160906
time_5m,3,buy,relative_imbalance_power,15,50924,0.0021592867043840488,-0.01212902517178208,366,-0.018815013316526224,0.006389507264433208,-2.944673593417573,0.003232955293272586,0.010236270057855153
time_5m,3,buy,relative_imbalance_power,30,50924,0.006290896536896816,-0.010376505220048272,366,-0.02349436163223867,0.006658066595270706,-3.5287063137708716,0.00041759629100710346,0.001883893042137309
time_5m,3,buy,normalised_flow_power,5,50924,-0.004280624023497453,0.0007104551684501072,366,-0.002137529127791137,0.0056416078683470565,-0.3788865120853242,0.7047721405910943,0.7993634864927346
time_5m,3,buy,normalised_flow_power,10,50924,-0.00014472316405132139,-0.004614376102686526,366,-0.004086775833275727,0.005615995730160997,-0.7277028027865985,0.46679553425960263,0.5973712114575511
time_5m,3,buy,normalised_flow_power,15,50924,-0.0005960287066414295,-0.006442880278293363,366,-0.005525563728071507,0.005463704276860264,-1.0113218886082889,0.31186239307926233,0.4626450021263993
time_5m,3,buy,normalised_flow_power,30,50924,0.005410938955876406,-0.006185975875360249,366,-0.00632509123282554,0.005276856306551817,-1.198647616190007,0.23066499485356248,0.3671060926051392
time_5m,3,buy,normalised_flow_log,5,50924,-0.006126228615119484,0.0015156863107797158,366,-0.0023301672068372975,0.005853369286838371,-0.39808990218280077,0.6905639174921114,0.788464986670346
time_5m,3,buy,normalised_flow_log,10,50924,0.0005634319326770232,-0.003320438149694175,366,-0.003156444897628612,0.005744479162251512,-0.549474514307658,0.5826798498276793,0.7064994388980901
time_5m,3,buy,normalised_flow_log,15,50924,0.00009570960774285752,-0.005350268446980524,366,-0.005693798870392465,0.0056222046657203525,-1.0127341868410866,0.31118714382817925,0.4626450021263993
time_5m,3,buy,normalised_flow_log,30,50924,0.006289193445019865,-0.00590328703781751,366,-0.0076082732876239165,0.005484319441555075,-1.38727755899401,0.16535714329798806,0.2790837861569419
time_5m,3,buy,surface_power,5,50924,-0.0029415012904216394,0.0010722296577245873,366,-0.0005007690343306287,0.005587480445747086,-0.08962340704239768,0.9285864831269941,0.9540272086921173
time_5m,3,buy,surface_power,10,50924,-0.0003229093665122628,-0.004140909981718493,366,-0.002992713754825804,0.0055078737667857616,-0.5433519142854769,0.5868875267603031,0.7079485355147678
time_5m,3,buy,surface_power,15,50924,-0.0013024943560976505,-0.0064486368391895345,366,-0.004527478236136404,0.005358445702995867,-0.8449237870610735,0.3981533924364409,0.5436396387987116
time_5m,3,buy,surface_power,30,50924,0.004792309556555496,-0.006500055512229391,366,-0.004204816928936381,0.005143468850347713,-0.8175060550142388,0.41363929042480035,0.5546001659326932
time_5m,3,buy,surface_log_activity,5,50924,-0.002340331755651681,0.001566201704793693,366,0.00003367606353702182,0.005583868788157777,0.006030955384990732,0.9951880229819865,0.9968494387131752
time_5m,3,buy,surface_log_activity,10,50924,0.00012334208534282658,-0.003971576614742022,366,-0.0025819998757830357,0.0055026453566190325,-0.4692288360319632,0.6389060759677845,0.7521701701148623
time_5m,3,buy,surface_log_activity,15,50924,-0.0006063541144484159,-0.005837298936309255,366,-0.003925848678655022,0.005382935746590729,-0.7293136800195785,0.4658098060742444,0.5971920590695441
time_5m,3,buy,surface_log_activity,30,50924,0.005185377312811945,-0.006225644635630983,366,-0.003807811439042662,0.005143732113358139,-0.7402818333314588,0.4591290017381472,0.5917881869879448
time_5m,4,sell,relative_imbalance_power,5,54276,-0.010959740317834168,-0.011871604878092568,365,-0.01415114341733483,0.0059181038461854196,-2.3911617276631785,0.016795152811752215,0.04113098647776053
time_5m,4,sell,relative_imbalance_power,10,54276,-0.02477691203050119,-0.016034982381838304,365,-0.023074006162160522,0.005855986957040442,-3.9402420687463238,0.00008139942937373927,0.0005087464335858705
time_5m,4,sell,relative_imbalance_power,15,54276,-0.02092755319032912,-0.014848325303124953,365,-0.025034005965148706,0.005890483746022414,-4.249906636624382,0.00002138596366385195,0.00016883655524093643
time_5m,4,sell,relative_imbalance_power,30,54276,-0.012332022539200026,-0.014905489273032686,365,-0.027131581901737506,0.00621448352730408,-4.3658627112827055,0.000012662199492444423,0.0001133928312756217
time_5m,4,sell,normalised_flow_power,5,54276,-0.013022992375988219,-0.0023655046327167944,365,-0.00019601954118872575,0.005354754646033963,-0.03660663357076668,0.9707986542524439,0.9816631974887565
time_5m,4,sell,normalised_flow_power,10,54276,-0.02173382032749043,-0.004921739466420532,365,-0.004911528724917712,0.005508524630610209,-0.8916232665321921,0.37259489501004855,0.5188232106357545
time_5m,4,sell,normalised_flow_power,15,54276,-0.021096454695086676,-0.006269709208624251,365,-0.008327679430748568,0.005505898178818772,-1.5125015320452544,0.13040632318692147,0.22745288927951418
time_5m,4,sell,normalised_flow_power,30,54276,-0.014003359886279617,-0.00870324867412479,365,-0.007286403868571346,0.005395703601155658,-1.3504084744408005,0.17688499401814708,0.29253945050439517
time_5m,4,sell,normalised_flow_log,5,54276,-0.01270895915150756,-0.00238881297758791,365,-0.0014286336155834322,0.005452709663170342,-0.2620043434978691,0.7933180935095752,0.8646518730349593
time_5m,4,sell,normalised_flow_log,10,54276,-0.02276097259472119,-0.004560668848844949,365,-0.005743481253923686,0.005621282467368581,-1.021738595643337,0.3069046386888819,0.45920893569408766
time_5m,4,sell,normalised_flow_log,15,54276,-0.021148741631207297,-0.005963776978945092,365,-0.008698301061002873,0.005508598837327275,-1.5790405723614491,0.11432675120106302,0.20507040574181706
time_5m,4,sell,normalised_flow_log,30,54276,-0.013958079293122334,-0.008250707924675827,365,-0.00885974731450289,0.005427813616383349,-1.632286578109567,0.10261912937094593,0.18800451182463376
time_5m,4,sell,surface_power,5,54276,-0.012944174226508037,-0.0018252417621865294,365,0.000419689962184202,0.005353594878590947,0.0783940458144385,0.9375146097083389,0.9574617290638355
time_5m,4,sell,surface_power,10,54276,-0.02109012745433492,-0.004945478417951542,365,-0.0045127149341452535,0.00551806096603724,-0.8178080963440371,0.41346677425655476,0.5546001659326932
time_5m,4,sell,surface_power,15,54276,-0.020846563883091977,-0.006292026505457687,365,-0.008132749680047017,0.0055153799649188,-1.4745583680138619,0.14033131459958703,0.24229867268993444
time_5m,4,sell,surface_power,30,54276,-0.014173141724291499,-0.00916150214445478,365,-0.0071711288871670435,0.0053738682997134055,-1.3344444796962158,0.1820582309900263,0.29886440107801854
time_5m,4,sell,surface_log_activity,5,54276,-0.013190155657703097,-0.0017195640341554016,365,0.0005631680837986953,0.00533261408341982,0.10560825797420803,0.9158931724804151,0.9469401379839452
time_5m,4,sell,surface_log_activity,10,54276,-0.021289466884267732,-0.004880991016975267,365,-0.004366947318495344,0.005510074250030185,-0.792538742734986,0.42804661077768763,0.5694633402807374
time_5m,4,sell,surface_log_activity,15,54276,-0.02134938941395739,-0.006539715391479025,365,-0.008345272483729786,0.0054950136494485245,-1.5186991363647133,0.12883824410752132,0.22570203347303003
time_5m,4,sell,surface_log_activity,30,54276,-0.014932452037615784,-0.009532892342698126,365,-0.007793101451491821,0.005387288390794291,-1.4465721688128936,0.14801678572288976,0.25444567083991304
time_5m,4,buy,relative_imbalance_power,5,50841,-0.002730027798624924,-0.01164122428251381,365,-0.02151854199112786,0.0062095919689431674,-3.4653713317640378,0.0005294998280403345,0.0022692849773157196
time_5m,4,buy,relative_imbalance_power,10,50841,0.00026496485460516405,-0.013454429007089543,365,-0.021042050573973254,0.005941518056976501,-3.541527665520731,0.00039781713820126463,0.0018220632284027388
time_5m,4,buy,relative_imbalance_power,15,50841,-0.003784794098407708,-0.015463804553860658,365,-0.025330295250027217,0.005913673753821036,-4.283343367337504,0.00001841057179696065,0.0001513197681941971
time_5m,4,buy,relative_imbalance_power,30,50841,0.0014327310566232872,-0.013718674473660552,365,-0.026862804476979304,0.005960779043297017,-4.506592893623011,6.587685232618137e-6,0.00006324177823313412
time_5m,4,buy,normalised_flow_power,5,50841,0.0031894358394167015,-0.0006848730486769019,365,-0.004294642668072301,0.005731295230893484,-0.7493319564001565,0.45365715140330143,0.5887111029427059
time_5m,4,buy,normalised_flow_power,10,50841,0.0039084147422634215,-0.004450971554376815,365,-0.005830405770275477,0.005321281729673132,-1.0956769565052928,0.273220170498364,0.41819413851790405
time_5m,4,buy,normalised_flow_power,15,50841,-0.0015149854468725556,-0.00809743768708675,365,-0.009264694457422755,0.005038910871208169,-1.838630349736942,0.06596957416936815,0.1285121574727951
time_5m,4,buy,normalised_flow_power,30,50841,0.00263946097419223,-0.008128024926231112,365,-0.010016522849407078,0.004856533139988108,-2.062484196171182,0.039161660648365876,0.08438264568453598
time_5m,4,buy,normalised_flow_log,5,50841,0.0025833136282092154,-0.0007932567394836,365,-0.006718821483137109,0.005673208812861811,-1.1843071011073618,0.23629151887542982,0.3740762831801
time_5m,4,buy,normalised_flow_log,10,50841,0.00498771114641728,-0.00394325143717875,365,-0.0073324976140958014,0.0053321783989111185,-1.3751410897266991,0.1690877076690734,0.2833872195571063
time_5m,4,buy,normalised_flow_log,15,50841,0.00009676108485589766,-0.007534635845050522,365,-0.0106187999757447,0.005114696919634268,-2.0761347431910018,0.03788149064556108,0.08220214968295352
time_5m,4,buy,normalised_flow_log,30,50841,0.0046547181402426955,-0.007520458506171632,365,-0.011137586122290067,0.004931757392421637,-2.258340229672406,0.023924455994786518,0.055530652212270444
time_5m,4,buy,surface_power,5,50841,0.0035006987001358924,-0.00008367487018315532,365,-0.0027433581923053856,0.00568866863080745,-0.48224960361524755,0.6296286431865166,0.7462027886054258
time_5m,4,buy,surface_power,10,50841,0.003893157419310604,-0.003952335076167711,365,-0.004375217720925812,0.005289139839114204,-0.827207798245423,0.40811929239001254,0.5521343301781455
time_5m,4,buy,surface_power,15,50841,-0.0015545183539349477,-0.007357052015899021,365,-0.007973882171755087,0.004987018443786885,-1.5989277484404352,0.10983665759140797,0.19909968143457638
time_5m,4,buy,surface_power,30,50841,0.001870816296832526,-0.008250340128849131,365,-0.009167840289185164,0.004733821674790836,-1.9366678592915616,0.05278595702894175,0.10681812552231046
time_5m,4,buy,surface_log_activity,5,50841,0.0038700357928185786,0.000041161271610775654,365,-0.0027457013303430248,0.005698365849282914,-0.48184012802346576,0.6299195207144136,0.7462027886054258
time_5m,4,buy,surface_log_activity,10,50841,0.004399140436092558,-0.0037011148032884186,365,-0.00438831306075153,0.005284444162572736,-0.8304209346806829,0.40630083340954304,0.5509163842841261
time_5m,4,buy,surface_log_activity,15,50841,-0.001146400029869981,-0.0069673795725321555,365,-0.00800137609118761,0.00496517989516776,-1.6114977221620417,0.10707128329077377,0.19497047033221326
time_5m,4,buy,surface_log_activity,30,50841,0.002418991526921699,-0.007828689720573654,365,-0.008924947754212008,0.004715482647603903,-1.8926901912675,0.05839908159113887,0.11583288910639115
time_5m,5,sell,relative_imbalance_power,5,21519,-0.004390304529686869,-0.02559764974388962,151,-0.018375670733836395,0.01022733963562641,-1.796720495115435,0.07238000358274355,0.1394157372380293
time_5m,5,sell,relative_imbalance_power,10,21519,-0.00922899688968656,-0.029840614028565183,151,-0.030505687032332595,0.010657160968755193,-2.862459065952891,0.004203675563356105,0.012611026690068316
time_5m,5,sell,relative_imbalance_power,15,21519,-0.009164252053320616,-0.03192180103199385,151,-0.032470414938685556,0.01096794933135858,-2.9604818510465805,0.003071582185998562,0.009829062995195398
time_5m,5,sell,relative_imbalance_power,30,21517,-0.011146314146574868,-0.038420254253986964,151,-0.04557428950810658,0.010610500189197044,-4.295206511989653,0.00001745307921425046,0.0001454423267854205
time_5m,5,sell,normalised_flow_power,5,21519,-0.004511534977261032,-0.016038875454667322,151,-0.004121271159120063,0.009383464569290331,-0.43920570368091166,0.6605124926088737,0.768095761257541
time_5m,5,sell,normalised_flow_power,10,21519,-0.01018829250978582,-0.021976966045679686,151,-0.01649759318394583,0.009435040770996663,-1.7485449808186806,0.08036970386606325,0.15049637483448422
time_5m,5,sell,normalised_flow_power,15,21519,-0.007175289563477749,-0.020415156421552415,151,-0.015291606495316114,0.009587649342623673,-1.5949275937047929,0.11072842826829161,0.20011161735233424
time_5m,5,sell,normalised_flow_power,30,21517,-0.009302181297367098,-0.026875630167692656,151,-0.02282751676275304,0.00897366114864244,-2.5438353849817976,0.010964274257310894,0.02823418263685209
time_5m,5,sell,normalised_flow_log,5,21519,-0.004126528276363858,-0.015319407317826238,151,-0.005072264660236278,0.009371639797740545,-0.5412355542579833,0.5883452341395523,0.7088496796862076
time_5m,5,sell,normalised_flow_log,10,21519,-0.00910525131770519,-0.020754410416883928,151,-0.01760381901428894,0.009671652552930812,-1.8201459283144366,0.06873678492351265,0.132824705166208
time_5m,5,sell,normalised_flow_log,15,21519,-0.006031767386446017,-0.01992228815739121,151,-0.01596347329161103,0.009905687975650465,-1.6115461471077455,0.1070607375478658,0.19497047033221326
time_5m,5,sell,normalised_flow_log,30,21517,-0.007433889314145039,-0.025413634342807263,151,-0.023873884486673883,0.009274013988231614,-2.574277385926846,0.010044970466264125,0.026340788815962864
time_5m,5,sell,surface_power,5,21519,-0.005290790737279493,-0.015798999825034802,151,-0.004295050266904733,0.009463528199838438,-0.4538529580308175,0.6499346639952701,0.7608991188237308
time_5m,5,sell,surface_power,10,21519,-0.011255043691249751,-0.022199849963481785,151,-0.016489961654735468,0.009291124431737043,-1.774807966020594,0.0759296005748245,0.14434935161644685
time_5m,5,sell,surface_power,15,21519,-0.007868375297434706,-0.02004545222338791,151,-0.015010479275226257,0.00946508282093342,-1.5858793376882427,0.11276668379168579,0.2025748810629086
time_5m,5,sell,surface_power,30,21517,-0.009969992951488177,-0.026256265747275007,151,-0.021711984799238804,0.008708033302890977,-2.493328176872113,0.012655181829099965,0.032379996151215264
time_5m,5,sell,surface_log_activity,5,21519,-0.00512158320109973,-0.015315819081438862,151,-0.003906768528183506,0.009496854875809898,-0.4113749845893412,0.6807975938486285,0.7817771412615829
time_5m,5,sell,surface_log_activity,10,21519,-0.01100982526766584,-0.02175621536608491,151,-0.01598027120001091,0.00924450972669647,-1.7286228986122196,0.08387660862296817,0.15629181730987857
time_5m,5,sell,surface_log_activity,15,21519,-0.007512496399112218,-0.01951952836936832,151,-0.014295054215302536,0.009423678775383032,-1.5169292752894694,0.12928454133962297,0.22582452635742004
time_5m,5,sell,surface_log_activity,30,21517,-0.009711795128958315,-0.026103718926105513,151,-0.02119023226541338,0.008642598877843296,-2.451835676388728,0.014212955112837352,0.03568105886067954
time_5m,5,buy,relative_imbalance_power,5,21968,-0.0011079026598689423,-0.01658938645098426,151,-0.02047637398929008,0.009935787640455713,-2.0608707361977108,0.039315373800425664,0.08454919096865733
time_5m,5,buy,relative_imbalance_power,10,21967,-0.020705375369439276,-0.026704618531349596,151,-0.033001619678252346,0.00841221158781648,-3.9230610563872452,0.00008743098270592967,0.0005352917308526306
time_5m,5,buy,relative_imbalance_power,15,21966,-0.01380172334538666,-0.020286234181432217,151,-0.028993309067621945,0.008312290563665526,-3.488004761810994,0.0004866394120203186,0.0021158235305231243
time_5m,5,buy,relative_imbalance_power,30,21964,-0.0057059323290661965,-0.012121907853663046,151,-0.024643084396111178,0.008468755088598368,-2.909882755883281,0.0036156436270813326,0.011182402970354636
time_5m,5,buy,normalised_flow_power,5,21968,0.005808333525425944,-0.008442037910811278,151,-0.0009533153443908832,0.009118689487600537,-0.10454521405594386,0.9167366892084177,0.9469401379839452
time_5m,5,buy,normalised_flow_power,10,21967,-0.008686403302453363,-0.01811625889943231,151,-0.009697060847698398,0.008035870071453824,-1.2067219556156956,0.2275392407291617,0.36406278516665874
time_5m,5,buy,normalised_flow_power,15,21966,-0.0020672663299351694,-0.013020734848277973,151,-0.004156015478508797,0.007999559513235808,-0.5195305406044408,0.6033908211925576,0.7225658381869944
time_5m,5,buy,normalised_flow_power,30,21964,-0.0016754612418821604,-0.0069317280632385505,151,-0.0048555190313582155,0.007409433051495539,-0.6553158652777307,0.5122644081585841,0.6372355383172646
time_5m,5,buy,normalised_flow_log,5,21968,0.0011380906871205087,-0.009580894970275117,151,-0.007084050221803435,0.009190618567441348,-0.7707914510672181,0.4408305552892578,0.5788006442733198
time_5m,5,buy,normalised_flow_log,10,21967,-0.015198952303223245,-0.019724105319274453,151,-0.017032985181927657,0.007963047402051893,-2.1390033641566233,0.0324353959165704,0.07221238422984133
time_5m,5,buy,normalised_flow_log,15,21966,-0.00723513770452475,-0.01431876774964469,151,-0.010937998853756166,0.008026719284849737,-1.3626985653281045,0.17297753018303388,0.2881097031673408
time_5m,5,buy,normalised_flow_log,30,21964,-0.004307532472784762,-0.008497494047901472,151,-0.009260329490675135,0.0074825845198621555,-1.237584348842842,0.21587022070907164,0.3472443228564155
time_5m,5,buy,surface_power,5,21968,0.007422983312243156,-0.007150277885446376,151,0.0018605521460745011,0.009067891460250544,0.20518023999628845,0.8374313072128889,0.9004637711966548
time_5m,5,buy,surface_power,10,21967,-0.006002973344500355,-0.016766107303151347,151,-0.006519334207858305,0.008101870571772815,-0.8046702486919355,0.42100999231711894,0.5613466564228253
time_5m,5,buy,surface_power,15,21966,-0.00004719994925929495,-0.012547036179812749,151,-0.0011269015654031037,0.008067360710848409,-0.1396865227419083,0.8889076752921842,0.9291717860197046
time_5m,5,buy,surface_power,30,21964,-0.0008637633836570524,-0.006926597542002894,151,-0.003095272247685146,0.007392686840650428,-0.4186938138194984,0.6754399173201682,0.7786050920117212
time_5m,5,buy,surface_log_activity,5,21968,0.007075589865250897,-0.007050099165153851,151,0.00112925715848636,0.0090850405423376,0.12429852714733178,0.9010789134250411,0.9378097971466168
time_5m,5,buy,surface_log_activity,10,21967,-0.006236869808141576,-0.016580171460439653,151,-0.006801076298662281,0.008135485651116839,-0.8359766817029085,0.40316802136311763,0.5485279202219288
time_5m,5,buy,surface_log_activity,15,21966,-0.00030785122804164003,-0.012551019093868607,151,-0.0015450937399176447,0.008116861336305186,-0.19035605955306056,0.8490301274559022,0.906224714961465
time_5m,5,buy,surface_log_activity,30,21964,-0.0008172829303847503,-0.006692628463386135,151,-0.003216347218080705,0.007476594766325253,-0.4301887849488919,0.6670583194586103,0.7748983381900604
