source,cell,instrument,period,tau_minutes,gross_bps,gross_ordinary_bps,t,trades_per_day,best10_share,by_year,threshold_bps,net_target_bps,net_target_ordinary_bps,pass_gross,pass_gross_and_net,robust_candidate
H-006,"200 ev, bar_return top 0.01",BTCUSDT,2023-01..2026-05,5.0,0.9811841681125505,0.46066563547454537,4.94122067237832,57.59208400646204,0.3702533904881583,2023 1.0 | 2024 1.8 | 2025 -0.1 | 2026 0.2,2.0,-3.0188158318874496,-3.5393343645254545,false,false,false
H-006,"200 ev, bar_return top 0.05",BTCUSDT,2023-01..2026-05,5.0,0.30206936391938766,0.1751853665611917,4.125626614686893,278.73113964686996,0.3631261078418511,2023 0.3 | 2024 0.5 | 2025 0.1 | 2026 0.0,2.0,-3.6979306360806126,-3.8248146334388085,false,false,false
H-006,"200 ev, bar_return top 0.2",BTCUSDT,2023-01..2026-05,5.0,0.06962854363222165,0.07109022740565292,4.56563774649713,1057.0898155573377,0.31466936353926855,2023 0.2 | 2024 0.2 | 2025 0.0 | 2026 -0.1,2.0,-3.9303714563677783,-3.928909772594347,false,false,false
H-006,"200 ev, components top 0.01",BTCUSDT,2023-01..2026-05,5.0,0.10875935889699809,0.5964643102538457,5.635570365112173,63.71669341894061,0.3049100961290179,2023 0.9 | 2024 1.1 | 2025 0.4 | 2026 1.1,2.0,-3.891240641103002,-3.403535689746154,false,false,false
H-006,"200 ev, components top 0.05",BTCUSDT,2023-01..2026-05,5.0,0.32713916924075404,0.49709054289440674,7.464262825942139,291.51643945469124,0.1889936003107485,2023 0.7 | 2024 0.8 | 2025 0.4 | 2026 0.2,2.0,-3.672860830759246,-3.502909457105593,false,false,false
H-006,"200 ev, components top 0.2",BTCUSDT,2023-01..2026-05,5.0,0.288235601432935,0.35337222627236964,10.550962307807637,1079.4546912590217,0.15292164979673273,2023 0.5 | 2024 0.6 | 2025 0.3 | 2026 0.1,2.0,-3.711764398567065,-3.6466277737276305,false,false,false
H-006,"200 ev, full_impact top 0.01",BTCUSDT,2023-01..2026-05,5.0,15.432837164603649,6.140247421092882,15.610655028938938,123.830078125,0.6483215136473237,2023 17.8 | 2024 27.6 | 2025 7.0 | 2026 5.7,2.0,11.432837164603649,2.140247421092882,true,true,true
H-006,"200 ev, full_impact top 0.05",BTCUSDT,2023-01..2026-05,5.0,5.139789542941081,2.554619246548412,19.648009567268243,300.5846007604563,0.5260595256387907,2023 5.2 | 2024 8.5 | 2025 2.7 | 2026 3.4,2.0,1.139789542941081,-1.445380753451588,true,true,false
H-006,"200 ev, full_impact top 0.2",BTCUSDT,2023-01..2026-05,5.0,1.90391411859502,1.2675655866511386,16.140221938472205,1011.354267310789,0.3542347147973952,2023 2.1 | 2024 2.7 | 2025 1.0 | 2026 1.1,2.0,-2.09608588140498,-2.7324344133488614,false,false,false
H-006,"200 ev, full_impact_flow top 0.01",BTCUSDT,2023-01..2026-05,5.0,15.34640118976716,6.030970631508318,15.565479827172037,122.55555555555556,0.6522910898656825,2023 17.8 | 2024 27.3 | 2025 6.5 | 2026 5.9,2.0,11.34640118976716,2.0309706315083176,true,true,true
H-006,"200 ev, full_impact_flow top 0.05",BTCUSDT,2023-01..2026-05,5.0,5.171738586494367,2.5810582272825675,19.679432700733127,296.7161654135338,0.5235060393765337,2023 5.2 | 2024 8.6 | 2025 2.6 | 2026 3.5,2.0,1.1717385864943672,-1.4189417727174325,true,true,false
H-006,"200 ev, full_impact_flow top 0.2",BTCUSDT,2023-01..2026-05,5.0,1.9139504163850332,1.2755312639480467,16.1866000737187,1009.5088566827698,0.3533379430835895,2023 2.1 | 2024 2.7 | 2025 1.1 | 2026 1.1,2.0,-2.086049583614967,-2.7244687360519535,false,false,false
H-006,"200 ev, pretrend_only top 0.01",BTCUSDT,2023-01..2026-05,5.0,15.50928704868374,5.181606653774688,13.690552561716057,163.65036674816625,0.7022140375486982,2023 18.0 | 2024 27.8 | 2025 6.9 | 2026 4.3,2.0,11.50928704868374,1.181606653774688,true,true,true
H-006,"200 ev, pretrend_only top 0.05",BTCUSDT,2023-01..2026-05,5.0,5.144724346502205,2.4936993555274376,18.698382307966455,314.1874376869392,0.5344167024592276,2023 5.1 | 2024 8.5 | 2025 2.7 | 2026 3.3,2.0,1.1447243465022048,-1.5063006444725624,true,true,false
H-006,"200 ev, pretrend_only top 0.2",BTCUSDT,2023-01..2026-05,5.0,1.8995164144250896,1.2327602228191439,16.220812180024964,1004.8334680679062,0.3651795761828791,2023 2.1 | 2024 2.6 | 2025 1.0 | 2026 1.1,2.0,-2.1004835855749104,-2.767239777180856,false,false,false
H-006,"200 ev, residual top 0.01",BTCUSDT,2023-01..2026-05,5.0,-0.5348411480432197,-0.18343606114030528,0.13238662663595194,57.24655312246553,3.2592581728106182,2023 -0.0 | 2024 -0.3 | 2025 0.2 | 2026 1.0,2.0,-4.53484114804322,-4.183436061140306,false,false,false
H-006,"200 ev, residual top 0.05",BTCUSDT,2023-01..2026-05,5.0,0.03445269565370771,0.016178799302170588,1.443906325862161,275.7465918203689,0.8673748749854496,2023 0.0 | 2024 0.1 | 2025 0.2 | 2026 0.3,2.0,-3.965547304346292,-3.9838212006978293,false,false,false
H-006,"200 ev, residual top 0.2",BTCUSDT,2023-01..2026-05,5.0,0.12901933452012504,0.03651879985030142,1.9259440010926934,1054.0970328789094,0.5245241130539167,2023 0.0 | 2024 0.1 | 2025 0.1 | 2026 0.1,2.0,-3.870980665479875,-3.9634812001496984,false,false,false
H-006,"200 ev, return_pretrend top 0.01",BTCUSDT,2023-01..2026-05,5.0,15.211484716584648,5.709769113356607,14.143932801357291,143.3400900900901,0.6642641993027179,2023 17.1 | 2024 27.4 | 2025 7.1 | 2026 5.2,2.0,11.211484716584648,1.7097691133566073,true,true,true
H-006,"200 ev, return_pretrend top 0.05",BTCUSDT,2023-01..2026-05,5.0,5.148832234059126,2.5107895344206006,18.731882414763962,311.701581027668,0.5319870097212347,2023 5.1 | 2024 8.5 | 2025 2.7 | 2026 3.4,2.0,1.1488322340591264,-1.4892104655793994,true,true,false
H-006,"200 ev, return_pretrend top 0.2",BTCUSDT,2023-01..2026-05,5.0,1.8973835164246668,1.2398807715098508,16.23119558191475,1005.7948303715671,0.36269630606146885,2023 2.1 | 2024 2.7 | 2025 1.0 | 2026 1.1,2.0,-2.102616483575333,-2.760119228490149,false,false,false
H-006,"200 ev, return_pretrend_flow top 0.01",BTCUSDT,2023-01..2026-05,5.0,15.580536226413676,5.981262343553879,15.015229677513732,131.5030800821355,0.6595320151191391,2023 18.2 | 2024 27.6 | 2025 7.0 | 2026 5.4,2.0,11.580536226413676,1.9812623435538788,true,true,true
H-006,"200 ev, return_pretrend_flow top 0.05",BTCUSDT,2023-01..2026-05,5.0,5.128394607670379,2.5290181792613393,19.553373661151735,300.8528015194682,0.5290236220087253,2023 5.2 | 2024 8.4 | 2025 2.7 | 2026 3.4,2.0,1.128394607670379,-1.4709818207386607,true,true,false
H-006,"200 ev, return_pretrend_flow top 0.2",BTCUSDT,2023-01..2026-05,5.0,1.8986778224853265,1.2538970785329806,16.07890061225406,1010.9919419822724,0.35778722255644296,2023 2.1 | 2024 2.7 | 2025 1.0 | 2026 1.1,2.0,-2.1013221775146738,-2.7461029214670196,false,false,false
H-006,"200 ev, bar_return top 0.01",BTCUSDT,2023-01..2026-05,10.0,0.9030047252787757,0.3829577904222333,3.533257712600811,57.59208400646204,0.440573213944163,2023 1.0 | 2024 1.6 | 2025 -0.3 | 2026 0.8,2.8284271247461903,-3.096995274721224,-3.617042209577767,false,false,false
H-006,"200 ev, bar_return top 0.05",BTCUSDT,2023-01..2026-05,10.0,0.2022695135763756,0.14753732879035109,3.365386770875771,278.73113964686996,0.36549551409388753,2023 0.2 | 2024 0.5 | 2025 0.0 | 2026 0.2,2.8284271247461903,-3.7977304864236245,-3.852462671209649,false,false,false
H-006,"200 ev, bar_return top 0.2",BTCUSDT,2023-01..2026-05,10.0,0.04425499735560537,0.09390928074720974,5.96567570347105,1057.0898155573377,0.3028475281700983,2023 0.1 | 2024 0.3 | 2025 0.1 | 2026 -0.0,2.8284271247461903,-3.9557450026443948,-3.90609071925279,false,false,false
H-006,"200 ev, components top 0.01",BTCUSDT,2023-01..2026-05,10.0,-0.07738317892839079,0.38079313509333157,4.183689403755683,62.791332263242374,0.4658780676156074,2023 0.4 | 2024 1.0 | 2025 1.0 | 2026 0.9,2.8284271247461903,-4.0773831789283905,-3.619206864906668,false,false,false
H-006,"200 ev, components top 0.05",BTCUSDT,2023-01..2026-05,10.0,0.312958647074272,0.48319876660980726,7.6642452310569285,289.9366479550922,0.24587186751591536,2023 0.6 | 2024 1.0 | 2025 0.5 | 2026 0.3,2.8284271247461903,-3.687041352925728,-3.5168012333901926,false,false,false
H-006,"200 ev, components top 0.2",BTCUSDT,2023-01..2026-05,10.0,0.375413239744474,0.45405686890682423,12.020679094796368,1077.8949478748998,0.14241273228113416,2023 0.4 | 2024 0.8 | 2025 0.5 | 2026 0.3,2.8284271247461903,-3.624586760255526,-3.5459431310931757,false,false,false
H-006,"200 ev, full_impact top 0.01",BTCUSDT,2023-01..2026-05,10.0,15.548333444365875,3.667476280647212,13.79582939244334,112.17970049916805,0.7877707020942633,2023 16.2 | 2024 33.8 | 2025 4.0 | 2026 7.6,2.8284271247461903,11.548333444365875,-0.3325237193527881,true,true,false
H-006,"200 ev, full_impact top 0.05",BTCUSDT,2023-01..2026-05,10.0,5.30389532762811,1.4691877883620805,16.83882135538933,316.7928772258669,0.7391003147734764,2023 4.5 | 2024 8.9 | 2025 3.5 | 2026 5.0,2.8284271247461903,1.3038953276281102,-2.5308122116379197,true,true,false
H-006,"200 ev, full_impact top 0.2",BTCUSDT,2023-01..2026-05,10.0,1.9991297057257689,0.9840109269815912,13.760540859364415,1047.254428341385,0.5297834594543779,2023 1.7 | 2024 2.9 | 2025 1.6 | 2026 1.6,2.8284271247461903,-2.000870294274231,-3.015989073018409,false,false,false
H-006,"200 ev, full_impact_flow top 0.01",BTCUSDT,2023-01..2026-05,10.0,15.777916388343602,3.5966781265609002,13.137442330296603,112.53356282271945,0.7946112311802604,2023 16.9 | 2024 33.3 | 2025 3.9 | 2026 7.8,2.8284271247461903,11.777916388343602,-0.40332187343909975,true,true,false
H-006,"200 ev, full_impact_flow top 0.05",BTCUSDT,2023-01..2026-05,10.0,5.4199989159878355,1.5360045140271954,16.943231545406256,313.3023474178404,0.7321687440730282,2023 4.6 | 2024 9.0 | 2025 3.5 | 2026 5.0,2.8284271247461903,1.4199989159878355,-2.463995485972805,true,true,false
H-006,"200 ev, full_impact_flow top 0.2",BTCUSDT,2023-01..2026-05,10.0,2.013126961036729,0.9911906882366506,13.715218337106837,1043.549477071601,0.530054410603992,2023 1.7 | 2024 2.9 | 2025 1.7 | 2026 1.6,2.8284271247461903,-1.986873038963271,-3.0088093117633496,false,false,false
H-006,"200 ev, pretrend_only top 0.01",BTCUSDT,2023-01..2026-05,10.0,18.007444793848034,2.626470082856943,10.39147096053659,144.5855421686747,0.8710557476648022,2023 22.5 | 2024 34.2 | 2025 5.5 | 2026 5.1,2.8284271247461903,14.007444793848034,-1.373529917143057,true,true,false
H-006,"200 ev, pretrend_only top 0.05",BTCUSDT,2023-01..2026-05,10.0,5.22978559770201,1.0504202339687287,15.333635483048585,332.58909853249475,0.8091242118493795,2023 4.1 | 2024 8.9 | 2025 3.3 | 2026 4.9,2.8284271247461903,1.2297855977020102,-2.9495797660312713,true,true,false
H-006,"200 ev, pretrend_only top 0.2",BTCUSDT,2023-01..2026-05,10.0,2.0667508551898757,0.9547361904321614,14.197760708049985,1007.2686688311688,0.5495521704863918,2023 1.9 | 2024 2.8 | 2025 1.5 | 2026 1.6,2.8284271247461903,-1.9332491448101243,-3.045263809567839,false,false,false
H-006,"200 ev, residual top 0.01",BTCUSDT,2023-01..2026-05,10.0,-0.5116563423863714,-0.234175441275283,0.9622571437891598,57.24655312246553,3.200143231191631,2023 -0.0 | 2024 -0.3 | 2025 0.1 | 2026 1.5,2.8284271247461903,-4.511656342386371,-4.2341754412752834,false,false,false
H-006,"200 ev, residual top 0.05",BTCUSDT,2023-01..2026-05,10.0,0.12223217267057554,0.07330843251960993,2.248356735675606,275.7465918203689,0.6588767079391742,2023 0.1 | 2024 0.2 | 2025 0.2 | 2026 0.6,2.8284271247461903,-3.8777678273294245,-3.92669156748039,false,false,false
H-006,"200 ev, residual top 0.2",BTCUSDT,2023-01..2026-05,10.0,0.16194709341748917,0.052163343166534704,2.0338986619054,1054.0970328789094,0.54920199046781,2023 0.1 | 2024 0.2 | 2025 0.1 | 2026 0.1,2.8284271247461903,-3.8380529065825106,-3.9478366568334655,false,false,false
H-006,"200 ev, return_pretrend top 0.01",BTCUSDT,2023-01..2026-05,10.0,16.83250926712267,3.2662103474196917,11.822803751501151,135.53862660944205,0.8281394481358104,2023 19.0 | 2024 33.6 | 2025 5.5 | 2026 5.7,2.8284271247461903,12.83250926712267,-0.7337896525803083,true,true,false
H-006,"200 ev, return_pretrend top 0.05",BTCUSDT,2023-01..2026-05,10.0,5.459908820031992,1.3602219129223339,15.494860675567985,327.391215526047,0.7639894896201054,2023 4.8 | 2024 8.9 | 2025 3.3 | 2026 4.9,2.8284271247461903,1.459908820031992,-2.639778087077666,true,true,false
H-006,"200 ev, return_pretrend top 0.2",BTCUSDT,2023-01..2026-05,10.0,2.0071592872412425,0.9416083780138177,14.135482572858521,1017.182995951417,0.5466583470754566,2023 1.7 | 2024 2.8 | 2025 1.5 | 2026 1.6,2.8284271247461903,-1.9928407127587575,-3.0583916219861824,false,false,false
H-006,"200 ev, return_pretrend_flow top 0.01",BTCUSDT,2023-01..2026-05,10.0,16.188697120814613,3.8361045532916975,12.465516318526355,120.90391459074733,0.7884180763517249,2023 17.6 | 2024 33.7 | 2025 4.6 | 2026 7.0,2.8284271247461903,12.188697120814613,-0.16389544670830247,true,true,false
H-006,"200 ev, return_pretrend_flow top 0.05",BTCUSDT,2023-01..2026-05,10.0,5.2871441413413205,1.4098537635382866,16.3411040602412,320.0209523809524,0.747923648895569,2023 4.5 | 2024 8.9 | 2025 3.4 | 2026 4.9,2.8284271247461903,1.2871441413413205,-2.590146236461713,true,true,false
H-006,"200 ev, return_pretrend_flow top 0.2",BTCUSDT,2023-01..2026-05,10.0,1.9531676376760567,0.9290187735440265,13.8855913753362,1038.9451612903226,0.5426457991798603,2023 1.6 | 2024 2.8 | 2025 1.6 | 2026 1.5,2.8284271247461903,-2.0468323623239435,-3.0709812264559737,false,false,false
H-006,"200 ev, bar_return top 0.01",BTCUSDT,2023-01..2026-05,15.0,0.858308486288426,0.28711045583822203,3.282596288110727,57.59208400646204,0.5404441048556058,2023 1.0 | 2024 1.4 | 2025 -0.4 | 2026 0.6,3.4641016151377544,-3.141691513711574,-3.712889544161778,false,false,false
H-006,"200 ev, bar_return top 0.05",BTCUSDT,2023-01..2026-05,15.0,0.10899192542980093,0.04434428125430146,3.1667935804310443,278.73113964686996,0.6636603315338364,2023 0.3 | 2024 0.4 | 2025 -0.2 | 2026 -0.0,3.4641016151377544,-3.891008074570199,-3.9556557187456987,false,false,false
H-006,"200 ev, bar_return top 0.2",BTCUSDT,2023-01..2026-05,15.0,0.03862690142799796,0.07801171845906218,5.741830995434104,1057.0898155573377,0.3476168450427031,2023 0.2 | 2024 0.2 | 2025 0.1 | 2026 -0.1,3.4641016151377544,-3.961373098572002,-3.921988281540938,false,false,false
H-006,"200 ev, components top 0.01",BTCUSDT,2023-01..2026-05,15.0,-0.06293867206868554,0.34086365127136276,3.840651424472649,62.170144462279296,0.5250762993354064,2023 0.5 | 2024 0.7 | 2025 1.0 | 2026 1.1,3.4641016151377544,-4.062938672068686,-3.6591363487286372,false,false,false
H-006,"200 ev, components top 0.05",BTCUSDT,2023-01..2026-05,15.0,0.2660427751939306,0.4058674866491985,6.011244917548093,289.654370489174,0.28835285443445,2023 0.5 | 2024 0.7 | 2025 0.6 | 2026 0.4,3.4641016151377544,-3.7339572248060695,-3.5941325133508015,false,false,false
H-006,"200 ev, components top 0.2",BTCUSDT,2023-01..2026-05,15.0,0.3272009256720723,0.39014491777195237,9.157354425784657,1074.803528468324,0.18507867702726835,2023 0.4 | 2024 0.6 | 2025 0.4 | 2026 0.3,3.4641016151377544,-3.6727990743279277,-3.6098550822280475,false,false,false
H-006,"200 ev, full_impact top 0.01",BTCUSDT,2023-01..2026-05,15.0,12.625271122702836,-2.222390072766584,9.420668153007913,112.87568555758683,1.1561175322304553,2023 18.5 | 2024 29.9 | 2025 -6.3 | 2026 9.7,3.4641016151377544,8.625271122702836,-6.222390072766585,true,true,false
H-006,"200 ev, full_impact top 0.05",BTCUSDT,2023-01..2026-05,15.0,6.134942638044509,0.19131555837886585,13.697446617817276,302.97575169738116,0.9706977494943319,2023 6.2 | 2024 9.7 | 2025 2.8 | 2026 6.4,3.4641016151377544,2.1349426380445093,-3.8086844416211343,true,true,false
H-006,"200 ev, full_impact top 0.2",BTCUSDT,2023-01..2026-05,15.0,2.003815306113734,0.3672066820479049,11.445023998028955,1028.1767554479418,0.8251642621678428,2023 1.2 | 2024 2.6 | 2025 2.2 | 2026 2.4,3.4641016151377544,-1.9961846938862662,-3.6327933179520953,false,false,false
H-006,"200 ev, full_impact_flow top 0.01",BTCUSDT,2023-01..2026-05,15.0,12.699684621577196,-2.1420658732783067,9.170652858144168,117.47976878612717,1.1496340720040283,2023 18.8 | 2024 29.7 | 2025 -6.4 | 2026 9.5,3.4641016151377544,8.699684621577196,-6.142065873278307,true,true,false
H-006,"200 ev, full_impact_flow top 0.05",BTCUSDT,2023-01..2026-05,15.0,6.198616382114466,0.13757707207795086,13.51556562591571,300.3482056256062,0.9791194724297729,2023 6.2 | 2024 9.7 | 2025 3.0 | 2026 6.4,3.4641016151377544,2.1986163821144658,-3.862422927922049,true,true,false
H-006,"200 ev, full_impact_flow top 0.2",BTCUSDT,2023-01..2026-05,15.0,2.0518006911266418,0.40786801383587834,11.356155305144366,1020.7961321514907,0.8104729413346746,2023 1.3 | 2024 2.6 | 2025 2.2 | 2026 2.4,3.4641016151377544,-1.9481993088733582,-3.5921319861641217,false,false,false
H-006,"200 ev, pretrend_only top 0.01",BTCUSDT,2023-01..2026-05,15.0,11.762432940159043,-6.305720593902903,7.1280463808928864,159.75342465753425,1.4812278705059316,2023 18.8 | 2024 30.0 | 2025 -7.7 | 2026 5.2,3.4641016151377544,7.762432940159043,-10.305720593902903,true,true,false
H-006,"200 ev, pretrend_only top 0.05",BTCUSDT,2023-01..2026-05,15.0,5.782656096779861,-0.5799050191951916,11.990156933652868,338.734649122807,1.095638994918079,2023 4.7 | 2024 9.7 | 2025 3.1 | 2026 6.3,3.4641016151377544,1.7826560967798608,-4.579905019195191,true,true,false
H-006,"200 ev, pretrend_only top 0.2",BTCUSDT,2023-01..2026-05,15.0,1.9644558810319181,0.22420844489507571,10.060274673283653,1012.1954397394137,0.8890881395507824,2023 0.9 | 2024 2.5 | 2025 2.2 | 2026 2.4,3.4641016151377544,-2.035544118968082,-3.775791555104924,false,false,false
H-006,"200 ev, residual top 0.01",BTCUSDT,2023-01..2026-05,15.0,-0.6950121339779773,-0.4633332138859545,0.7628689311029483,57.24655312246553,-5.681977755620106,2023 0.1 | 2024 -0.4 | 2025 -0.4 | 2026 1.4,3.4641016151377544,-4.695012133977977,-4.463333213885955,false,false,false
H-006,"200 ev, residual top 0.05",BTCUSDT,2023-01..2026-05,15.0,0.08275945125723688,0.01716931652624896,1.4154001777164555,275.7465918203689,0.9030626693617025,2023 0.1 | 2024 0.2 | 2025 0.1 | 2026 0.5,3.4641016151377544,-3.9172405487427633,-3.9828306834737512,false,false,false
H-006,"200 ev, residual top 0.2",BTCUSDT,2023-01..2026-05,15.0,0.15951125912970995,0.04085504618174504,1.3250019947392202,1054.0970328789094,0.6323465363827057,2023 0.1 | 2024 0.2 | 2025 0.1 | 2026 0.0,3.4641016151377544,-3.84048874087029,-3.959144953818255,false,false,false
H-006,"200 ev, return_pretrend top 0.01",BTCUSDT,2023-01..2026-05,15.0,12.531336586029878,-3.6877112857745558,7.435797128432024,146.7199017199017,1.2653799590056405,2023 20.5 | 2024 30.0 | 2025 -7.9 | 2026 6.1,3.4641016151377544,8.531336586029878,-7.687711285774556,true,true,false
H-006,"200 ev, return_pretrend top 0.05",BTCUSDT,2023-01..2026-05,15.0,5.867292283268747,-0.45668798620841283,11.961773287467606,327.0866807610994,1.0741364809206322,2023 5.0 | 2024 9.6 | 2025 3.1 | 2026 6.4,3.4641016151377544,1.867292283268747,-4.456687986208413,true,true,false
H-006,"200 ev, return_pretrend top 0.2",BTCUSDT,2023-01..2026-05,15.0,1.9400363945962793,0.22307202473504043,10.559494882684177,1014.5422764227642,0.8887919968475988,2023 0.9 | 2024 2.5 | 2025 2.2 | 2026 2.4,3.4641016151377544,-2.0599636054037207,-3.7769279752649596,false,false,false
H-006,"200 ev, return_pretrend_flow top 0.01",BTCUSDT,2023-01..2026-05,15.0,12.462550108729666,-3.287305530568172,8.631672602757577,116.54511278195488,1.2350254449810556,2023 19.4 | 2024 30.0 | 2025 -7.6 | 2026 8.6,3.4641016151377544,8.462550108729666,-7.287305530568172,true,true,false
H-006,"200 ev, return_pretrend_flow top 0.05",BTCUSDT,2023-01..2026-05,15.0,6.144416185857279,0.13120276715843415,13.402874925667232,312.4880478087649,0.979781474200456,2023 6.1 | 2024 9.6 | 2025 3.0 | 2026 6.5,3.4641016151377544,2.1444161858572786,-3.868797232841566,true,true,false
H-006,"200 ev, return_pretrend_flow top 0.2",BTCUSDT,2023-01..2026-05,15.0,1.927931447152843,0.26816636371018365,11.271418522885215,1027.706882591093,0.8665596940481366,2023 1.0 | 2024 2.5 | 2025 2.2 | 2026 2.3,3.4641016151377544,-2.072068552847157,-3.7318336362898163,false,false,false
H-006,"200 ev, bar_return top 0.01",BTCUSDT,2023-01..2026-05,30.0,0.9978113182988628,0.3460762694061686,4.038867912405421,57.59208400646204,0.5539272841427862,2023 1.3 | 2024 0.7 | 2025 0.2 | 2026 0.4,4.898979485566356,-3.002188681701137,-3.6539237305938315,false,false,false
H-006,"200 ev, bar_return top 0.05",BTCUSDT,2023-01..2026-05,30.0,0.22542296286131222,0.11141336920414098,4.220939712639992,278.73113964686996,0.5322567663952126,2023 0.4 | 2024 0.2 | 2025 0.1 | 2026 -0.1,4.898979485566356,-3.774577037138688,-3.888586630795859,false,false,false
H-006,"200 ev, bar_return top 0.2",BTCUSDT,2023-01..2026-05,30.0,0.06116584393735608,0.08470447021172967,5.236680271902545,1057.0898155573377,0.36054953466975265,2023 0.2 | 2024 0.2 | 2025 0.1 | 2026 -0.3,4.898979485566356,-3.938834156062644,-3.9152955297882706,false,false,false
H-006,"200 ev, components top 0.01",BTCUSDT,2023-01..2026-05,30.0,-0.39050188171216316,0.06834220037058625,3.2455171670950573,61.684590690208665,0.826554156680828,2023 0.3 | 2024 0.5 | 2025 0.2 | 2026 0.8,4.898979485566356,-4.390501881712163,-3.9316577996294138,false,false,false
H-006,"200 ev, components top 0.05",BTCUSDT,2023-01..2026-05,30.0,0.1898521848587381,0.34524187486124847,4.866363080587003,287.1186848436247,0.32144208995750206,2023 0.6 | 2024 0.4 | 2025 0.5 | 2026 0.3,4.898979485566356,-3.8101478151412618,-3.6547581251387515,false,false,false
H-006,"200 ev, components top 0.2",BTCUSDT,2023-01..2026-05,30.0,0.3550675191917595,0.4058280804568727,8.121258277930318,1068.242983159583,0.19968989785211425,2023 0.5 | 2024 0.6 | 2025 0.4 | 2026 0.2,4.898979485566356,-3.6449324808082406,-3.594171919543127,false,false,false
H-006,"200 ev, full_impact top 0.01",BTCUSDT,2023-01..2026-05,30.0,16.949483068353256,-4.849633235709317,7.147172375288704,124.4090909090909,1.2549549916560787,2023 29.7 | 2024 45.9 | 2025 -13.7 | 2026 -5.6,4.898979485566356,12.949483068353256,-8.849633235709316,true,true,false
H-006,"200 ev, full_impact top 0.05",BTCUSDT,2023-01..2026-05,30.0,6.847174303962735,-0.8132199416280654,11.509787107977909,315.3391393442623,1.1125279254062868,2023 9.6 | 2024 11.9 | 2025 2.4 | 2026 -3.0,4.898979485566356,2.847174303962735,-4.813219941628065,true,true,false
H-006,"200 ev, full_impact top 0.2",BTCUSDT,2023-01..2026-05,30.0,2.3247111733921284,0.02879600886272767,11.118543085900216,1012.6040485829959,0.988195977738011,2023 2.5 | 2024 2.3 | 2025 3.1 | 2026 0.2,4.898979485566356,-1.6752888266078716,-3.9712039911372723,false,false,false
H-006,"200 ev, full_impact_flow top 0.01",BTCUSDT,2023-01..2026-05,30.0,16.886652147097568,-4.976285428320323,7.311069156717385,124.79578947368421,1.262184369950692,2023 30.7 | 2024 45.2 | 2025 -14.4 | 2026 -5.5,4.898979485566356,12.886652147097568,-8.976285428320324,true,true,false
H-006,"200 ev, full_impact_flow top 0.05",BTCUSDT,2023-01..2026-05,30.0,6.966746287104325,-0.8671242710087311,11.907571837648323,308.0528992878942,1.1180477499496535,2023 9.9 | 2024 12.0 | 2025 2.5 | 2026 -3.0,4.898979485566356,2.966746287104325,-4.8671242710087315,true,true,false
H-006,"200 ev, full_impact_flow top 0.2",BTCUSDT,2023-01..2026-05,30.0,2.399059903659371,0.09956537370165774,10.99174424233858,1000.8193548387097,0.9603752544678908,2023 2.6 | 2024 2.4 | 2025 3.1 | 2026 0.3,4.898979485566356,-1.6009400963406288,-3.9004346262983423,false,false,false
H-006,"200 ev, pretrend_only top 0.01",BTCUSDT,2023-01..2026-05,30.0,17.3089007659888,-5.632160652689863,6.492504902971392,166.08426966292134,1.2903919592411226,2023 33.0 | 2024 45.6 | 2025 -12.6 | 2026 -14.6,4.898979485566356,13.308900765988799,-9.632160652689862,true,true,false
H-006,"200 ev, pretrend_only top 0.05",BTCUSDT,2023-01..2026-05,30.0,6.816456897806576,-1.2896569087835394,10.358393746837496,338.3541899441341,1.1793440539869398,2023 10.2 | 2024 11.9 | 2025 2.5 | 2026 -5.4,4.898979485566356,2.8164568978065763,-5.28965690878354,true,true,false
H-006,"200 ev, pretrend_only top 0.2",BTCUSDT,2023-01..2026-05,30.0,2.1839607392139535,-0.21370157023353134,10.328037065325605,1001.5204248366013,1.0945347698421202,2023 1.8 | 2024 2.3 | 2025 3.1 | 2026 0.6,4.898979485566356,-1.8160392607860465,-4.213701570233531,false,false,false
H-006,"200 ev, residual top 0.01",BTCUSDT,2023-01..2026-05,30.0,-1.0377707802800016,-0.816756819729249,0.5362620339290751,57.24655312246553,-0.9131662926012185,2023 -0.2 | 2024 -0.9 | 2025 -0.9 | 2026 1.6,4.898979485566356,-5.037770780280002,-4.816756819729249,false,false,false
H-006,"200 ev, residual top 0.05",BTCUSDT,2023-01..2026-05,30.0,-0.0139948233886581,-0.10596275251803962,0.39951524287796664,275.7465918203689,2.3484623063274794,2023 0.1 | 2024 0.1 | 2025 -0.0 | 2026 0.4,4.898979485566356,-4.013994823388658,-4.10596275251804,false,false,false
H-006,"200 ev, residual top 0.2",BTCUSDT,2023-01..2026-05,30.0,0.14123312950366051,0.009828721641047717,0.3330703652491027,1054.0970328789094,0.8949032656055663,2023 0.1 | 2024 0.2 | 2025 0.1 | 2026 -0.0,4.898979485566356,-3.8587668704963396,-3.9901712783589525,false,false,false
H-006,"200 ev, return_pretrend top 0.01",BTCUSDT,2023-01..2026-05,30.0,16.868056778117676,-5.931750136424121,6.798272999962414,156.10263157894738,1.3141690060561373,2023 32.1 | 2024 45.6 | 2025 -13.4 | 2026 -14.6,4.898979485566356,12.868056778117676,-9.931750136424121,true,true,false
H-006,"200 ev, return_pretrend top 0.05",BTCUSDT,2023-01..2026-05,30.0,6.93502814549814,-1.0820667873831193,10.216817487993316,333.2074643249177,1.1486776883693746,2023 10.5 | 2024 11.9 | 2025 2.5 | 2026 -5.1,4.898979485566356,2.9350281454981397,-5.08206678738312,true,true,false
H-006,"200 ev, return_pretrend top 0.2",BTCUSDT,2023-01..2026-05,30.0,2.233901810908401,-0.1488607298444829,10.62055879326092,1000.8428338762214,1.064100243851428,2023 2.0 | 2024 2.3 | 2025 3.1 | 2026 0.6,4.898979485566356,-1.7660981890915992,-4.148860729844483,false,false,false
H-006,"200 ev, return_pretrend_flow top 0.01",BTCUSDT,2023-01..2026-05,30.0,16.585287510037844,-5.576875788849499,6.502560257108215,131.53275109170306,1.3003962008253187,2023 29.3 | 2024 45.4 | 2025 -13.3 | 2026 -10.1,4.898979485566356,12.585287510037844,-9.576875788849499,true,true,false
H-006,"200 ev, return_pretrend_flow top 0.05",BTCUSDT,2023-01..2026-05,30.0,6.964388022962252,-0.8367327093120263,11.3006697859053,323.7584388185654,1.1140859668155279,2023 10.1 | 2024 11.9 | 2025 2.5 | 2026 -3.9,4.898979485566356,2.964388022962252,-4.8367327093120265,true,true,false
H-006,"200 ev, return_pretrend_flow top 0.2",BTCUSDT,2023-01..2026-05,30.0,2.2007486959612708,-0.1463544015320716,10.969408748571682,1008.3027597402597,1.0636073866321862,2023 2.1 | 2024 2.3 | 2025 3.1 | 2026 0.1,4.898979485566356,-1.7992513040387292,-4.146354401532071,false,false,false
H-006,"500 ev, bar_return top 0.01",BTCUSDT,2023-01..2026-05,5.0,1.2509511978083208,0.9147275233873754,5.427966885240121,23.94235588972431,0.28731384185590625,2023 1.9 | 2024 2.2 | 2025 0.3 | 2026 0.1,2.0,-2.7490488021916795,-3.0852724766126247,false,false,false
H-006,"500 ev, bar_return top 0.05",BTCUSDT,2023-01..2026-05,5.0,0.329876345348996,0.2758201894041208,4.679750073616918,111.54494382022472,0.3780330368923178,2023 0.7 | 2024 0.8 | 2025 0.0 | 2026 -0.0,2.0,-3.670123654651004,-3.724179810595879,false,false,false
H-006,"500 ev, bar_return top 0.2",BTCUSDT,2023-01..2026-05,5.0,0.14741376412930512,0.22162269305705637,9.727988992536432,422.41700080192464,0.1770538499724242,2023 0.4 | 2024 0.3 | 2025 0.1 | 2026 0.2,2.0,-3.852586235870695,-3.778377306942944,false,false,false
H-006,"500 ev, components top 0.01",BTCUSDT,2023-01..2026-05,5.0,0.356610304426329,0.6497497133778083,4.430512416747218,24.029079159935378,0.2843943562290676,2023 1.0 | 2024 0.9 | 2025 0.6 | 2026 0.9,2.0,-3.643389695573671,-3.3502502866221917,false,false,false
H-006,"500 ev, components top 0.05",BTCUSDT,2023-01..2026-05,5.0,0.4920756615811117,0.5793261077783248,5.932086100557099,110.76182838813152,0.21629174356606695,2023 1.0 | 2024 0.9 | 2025 0.3 | 2026 0.3,2.0,-3.5079243384188885,-3.420673892221675,false,false,false
H-006,"500 ev, components top 0.2",BTCUSDT,2023-01..2026-05,5.0,0.5451701087310408,0.5484111354246016,10.78698684909288,422.04891740176424,0.14158337629252277,2023 0.6 | 2024 0.8 | 2025 0.5 | 2026 0.4,2.0,-3.4548298912689592,-3.4515888645753985,false,false,false
H-006,"500 ev, full_impact top 0.01",BTCUSDT,2023-01..2026-05,5.0,14.844270820853234,6.901499163180733,15.54050649762652,48.42300194931774,0.5885623269919791,2023 14.9 | 2024 29.0 | 2025 7.0 | 2026 6.8,2.0,10.844270820853234,2.901499163180733,true,true,true
H-006,"500 ev, full_impact top 0.05",BTCUSDT,2023-01..2026-05,5.0,5.227323006661694,2.7153219843775442,19.986725074543024,117.60800744878958,0.5034087287427588,2023 5.0 | 2024 8.9 | 2025 2.8 | 2026 3.5,2.0,1.2273230066616936,-1.2846780156224558,true,true,false
H-006,"500 ev, full_impact top 0.2",BTCUSDT,2023-01..2026-05,5.0,1.9247565855927091,1.312096353646416,16.095596725672717,407.5333869670153,0.3387114092131715,2023 2.0 | 2024 2.8 | 2025 1.1 | 2026 1.2,2.0,-2.075243414407291,-2.687903646353584,false,false,false
H-006,"500 ev, full_impact_flow top 0.01",BTCUSDT,2023-01..2026-05,5.0,15.032857425835978,7.080649920533856,15.619761481713168,48.09411764705882,0.5825953190873969,2023 15.5 | 2024 28.7 | 2025 6.8 | 2026 6.8,2.0,11.032857425835978,3.0806499205338556,true,true,true
H-006,"500 ev, full_impact_flow top 0.05",BTCUSDT,2023-01..2026-05,5.0,5.313122381834623,2.7653957679291215,19.573490485607504,119.59866539561487,0.5011045102590188,2023 5.1 | 2024 9.0 | 2025 2.8 | 2026 3.6,2.0,1.3131223818346234,-1.2346042320708785,true,true,false
H-006,"500 ev, full_impact_flow top 0.2",BTCUSDT,2023-01..2026-05,5.0,1.9414534253538103,1.3191828886096253,16.207356440316275,405.2244569589702,0.3413277995249216,2023 2.1 | 2024 2.8 | 2025 1.0 | 2026 1.2,2.0,-2.05854657464619,-2.6808171113903745,false,false,false
H-006,"500 ev, pretrend_only top 0.01",BTCUSDT,2023-01..2026-05,5.0,16.59105250321554,5.606366371295559,13.032750724410585,66.77692307692308,0.7005496985944833,2023 19.4 | 2024 29.9 | 2025 7.1 | 2026 4.0,2.0,12.59105250321554,1.6063663712955591,true,true,true
H-006,"500 ev, pretrend_only top 0.05",BTCUSDT,2023-01..2026-05,5.0,5.142230749818659,2.49727713475102,18.269660504576777,127.2530612244898,0.5316885219857852,2023 4.8 | 2024 8.7 | 2025 2.8 | 2026 3.4,2.0,1.1422307498186592,-1.50272286524898,true,true,false
H-006,"500 ev, pretrend_only top 0.2",BTCUSDT,2023-01..2026-05,5.0,1.8786314514309344,1.2228747744518529,16.201269278021215,399.93851132686086,0.3628866234080097,2023 2.0 | 2024 2.7 | 2025 1.0 | 2026 1.1,2.0,-2.1213685485690656,-2.777125225548147,false,false,false
H-006,"500 ev, residual top 0.01",BTCUSDT,2023-01..2026-05,5.0,-0.2157721862607195,-0.20155647427336165,1.0481842266525059,24.101401483924153,2.7243115481754283,2023 0.0 | 2024 -0.1 | 2025 0.1 | 2026 0.9,2.0,-4.215772186260719,-4.201556474273362,false,false,false
H-006,"500 ev, residual top 0.05",BTCUSDT,2023-01..2026-05,5.0,0.09655464684702283,-0.05011314392347705,0.14748212680511774,112.32477947072975,1.4827220301051887,2023 -0.1 | 2024 0.1 | 2025 0.3 | 2026 0.4,2.0,-3.903445353152977,-4.050113143923477,false,false,false
H-006,"500 ev, residual top 0.2",BTCUSDT,2023-01..2026-05,5.0,0.13126509042493945,0.015695665260894727,0.9606383423225393,425.18444266238976,0.7791409673062984,2023 0.0 | 2024 0.1 | 2025 0.1 | 2026 0.1,2.0,-3.8687349095750605,-3.984304334739105,false,false,false
H-006,"500 ev, return_pretrend top 0.01",BTCUSDT,2023-01..2026-05,5.0,14.590472268876463,6.192041190913764,14.286705655927323,57.83916083916084,0.6232345673180756,2023 15.2 | 2024 28.0 | 2025 7.3 | 2026 5.0,2.0,10.590472268876463,2.1920411909137636,true,true,true
H-006,"500 ev, return_pretrend top 0.05",BTCUSDT,2023-01..2026-05,5.0,5.154006981818558,2.5775757859108768,18.631624571544908,127.28658536585365,0.5202402057170873,2023 4.9 | 2024 8.8 | 2025 2.7 | 2026 3.4,2.0,1.1540069818185579,-1.4224242140891232,true,true,false
H-006,"500 ev, return_pretrend top 0.2",BTCUSDT,2023-01..2026-05,5.0,1.9063063667225144,1.2674483471447517,16.71318455567836,401.1185483870968,0.35395236428566895,2023 2.1 | 2024 2.7 | 2025 1.1 | 2026 1.1,2.0,-2.0936936332774856,-2.732551652855248,false,false,false
H-006,"500 ev, return_pretrend_flow top 0.01",BTCUSDT,2023-01..2026-05,5.0,14.436055698173657,6.649494640930242,15.452399864281022,49.55424063116371,0.5927428367591835,2023 14.3 | 2024 28.9 | 2025 7.3 | 2026 5.8,2.0,10.436055698173657,2.649494640930242,true,true,true
H-006,"500 ev, return_pretrend_flow top 0.05",BTCUSDT,2023-01..2026-05,5.0,5.0813997083850175,2.573996889577377,19.4638176515875,120.61174242424242,0.51619436405562,2023 4.8 | 2024 8.8 | 2025 2.8 | 2026 3.2,2.0,1.0813997083850175,-1.4260031104226232,true,true,false
H-006,"500 ev, return_pretrend_flow top 0.2",BTCUSDT,2023-01..2026-05,5.0,1.9003739542844944,1.2780725700926854,16.101632429791046,406.5261464199517,0.3460298581447936,2023 2.0 | 2024 2.7 | 2025 1.1 | 2026 1.1,2.0,-2.099626045715506,-2.7219274299073146,false,false,false
H-006,"500 ev, bar_return top 0.01",BTCUSDT,2023-01..2026-05,10.0,1.1247387755706444,0.7095533135501748,5.303242278947828,23.94235588972431,0.38616138437435593,2023 1.8 | 2024 1.9 | 2025 0.4 | 2026 -0.7,2.8284271247461903,-2.8752612244293556,-3.290446686449825,false,false,false
H-006,"500 ev, bar_return top 0.05",BTCUSDT,2023-01..2026-05,10.0,0.34845263128583254,0.3133745253532222,4.0606225648377645,111.54494382022472,0.3368204583670761,2023 0.5 | 2024 0.8 | 2025 0.2 | 2026 0.0,2.8284271247461903,-3.6515473687141675,-3.6866254746467777,false,false,false
H-006,"500 ev, bar_return top 0.2",BTCUSDT,2023-01..2026-05,10.0,0.17988223767181244,0.24710150822953747,9.517163706149443,422.41700080192464,0.17596119987670403,2023 0.3 | 2024 0.4 | 2025 0.2 | 2026 0.2,2.8284271247461903,-3.8201177623281874,-3.7528984917704626,false,false,false
H-006,"500 ev, components top 0.01",BTCUSDT,2023-01..2026-05,10.0,0.08326148838403669,0.3636953733048178,3.5902550160136064,23.637025060630556,0.41914558216599057,2023 0.4 | 2024 0.9 | 2025 0.9 | 2026 0.9,2.8284271247461903,-3.9167385116159634,-3.636304626695182,false,false,false
H-006,"500 ev, components top 0.05",BTCUSDT,2023-01..2026-05,10.0,0.5304244313882084,0.5638625747046829,6.0415660327304845,110.73857257417802,0.26727157600667206,2023 0.7 | 2024 1.0 | 2025 0.7 | 2026 0.5,2.8284271247461903,-3.4695755686117917,-3.436137425295317,false,false,false
H-006,"500 ev, components top 0.2",BTCUSDT,2023-01..2026-05,10.0,0.6744217029631359,0.6565448546639763,11.65153952826262,421.8765036086608,0.14914974705138664,2023 0.6 | 2024 1.1 | 2025 0.8 | 2026 0.4,2.8284271247461903,-3.325578297036864,-3.3434551453360237,false,false,false
H-006,"500 ev, full_impact top 0.01",BTCUSDT,2023-01..2026-05,10.0,13.87294427885328,3.811754991804603,13.444383044954074,44.92616372391653,0.7514487466283374,2023 12.3 | 2024 35.4 | 2025 3.4 | 2026 7.5,2.8284271247461903,9.87294427885328,-0.18824500819539702,true,true,false
H-006,"500 ev, full_impact top 0.05",BTCUSDT,2023-01..2026-05,10.0,5.397015688904071,1.653909564976228,16.66670307439637,126.94833948339483,0.7099575848276606,2023 4.6 | 2024 9.3 | 2025 3.5 | 2026 4.5,2.8284271247461903,1.3970156889040712,-2.346090435023772,true,true,false
H-006,"500 ev, full_impact top 0.2",BTCUSDT,2023-01..2026-05,10.0,2.019472767375179,0.9794177837807827,13.484609851709621,420.94212218649517,0.5338351261658344,2023 1.6 | 2024 3.0 | 2025 1.7 | 2026 1.6,2.8284271247461903,-1.980527232624821,-3.0205822162192173,false,false,false
H-006,"500 ev, full_impact_flow top 0.01",BTCUSDT,2023-01..2026-05,10.0,14.643584257848305,3.860590542531239,12.903281014611768,46.85640138408304,0.7614341163822603,2023 13.1 | 2024 34.9 | 2025 4.2 | 2026 8.0,2.8284271247461903,10.643584257848305,-0.1394094574687612,true,true,false
H-006,"500 ev, full_impact_flow top 0.05",BTCUSDT,2023-01..2026-05,10.0,5.6351349563212265,1.8170089779171201,16.909781549830125,127.48956356736242,0.6938762137623967,2023 4.8 | 2024 9.6 | 2025 3.5 | 2026 4.6,2.8284271247461903,1.6351349563212265,-2.18299102208288,true,true,false
H-006,"500 ev, full_impact_flow top 0.2",BTCUSDT,2023-01..2026-05,10.0,2.097052218276017,1.0348093383040287,13.71557358979159,416.20353982300884,0.5261089940915998,2023 1.6 | 2024 3.0 | 2025 1.8 | 2026 1.7,2.8284271247461903,-1.902947781723983,-2.9651906616959716,false,false,false
H-006,"500 ev, pretrend_only top 0.01",BTCUSDT,2023-01..2026-05,10.0,19.573951884017752,3.1855407418188584,10.07594747369422,59.440806045340054,0.8573894126325559,2023 25.2 | 2024 37.0 | 2025 5.4 | 2026 4.4,2.8284271247461903,15.573951884017752,-0.8144592581811416,true,true,false
H-006,"500 ev, pretrend_only top 0.05",BTCUSDT,2023-01..2026-05,10.0,5.556770860449324,1.2109306730510379,14.645548546094554,135.57605177993528,0.7924681053520206,2023 4.7 | 2024 9.3 | 2025 3.2 | 2026 4.9,2.8284271247461903,1.5567708604493236,-2.789069326948962,true,true,false
H-006,"500 ev, pretrend_only top 0.2",BTCUSDT,2023-01..2026-05,10.0,2.0393035281614567,0.9240996220770125,14.1087515720862,401.47436940602114,0.55787520300401,2023 1.8 | 2024 2.8 | 2025 1.6 | 2026 1.5,2.8284271247461903,-1.9606964718385433,-3.0759003779229874,false,false,false
H-006,"500 ev, residual top 0.01",BTCUSDT,2023-01..2026-05,10.0,-0.24352245995005267,-0.2582380237410374,1.1900071183211556,24.101401483924153,3.8092798237679397,2023 -0.2 | 2024 0.2 | 2025 -0.2 | 2026 1.8,2.8284271247461903,-4.243522459950053,-4.258238023741037,false,false,false
H-006,"500 ev, residual top 0.05",BTCUSDT,2023-01..2026-05,10.0,0.15918618838843654,0.0035030149955146694,1.6569831797872778,112.32477947072975,0.9794175516580264,2023 -0.2 | 2024 0.3 | 2025 0.3 | 2026 0.5,2.8284271247461903,-3.8408138116115635,-3.996496985004485,false,false,false
H-006,"500 ev, residual top 0.2",BTCUSDT,2023-01..2026-05,10.0,0.17356823337705346,0.04041119643051556,1.0649930769940423,425.18444266238976,0.652584574009767,2023 0.0 | 2024 0.1 | 2025 0.2 | 2026 0.2,2.8284271247461903,-3.8264317666229464,-3.9595888035694844,false,false,false
H-006,"500 ev, return_pretrend top 0.01",BTCUSDT,2023-01..2026-05,10.0,15.817890582092906,3.607774957507507,12.096405439020371,52.039256198347104,0.7983502378599157,2023 16.0 | 2024 35.0 | 2025 4.3 | 2026 7.1,2.8284271247461903,11.817890582092906,-0.3922250424924929,true,true,false
H-006,"500 ev, return_pretrend top 0.05",BTCUSDT,2023-01..2026-05,10.0,5.403773876564191,1.2857778593637923,15.489130717436904,132.01331967213116,0.774545043899697,2023 4.6 | 2024 9.3 | 2025 3.2 | 2026 4.8,2.8284271247461903,1.4037738765641912,-2.714222140636208,true,true,false
H-006,"500 ev, return_pretrend top 0.2",BTCUSDT,2023-01..2026-05,10.0,2.0062381610047026,0.956705096654066,14.378079361030487,408.53796445880454,0.5411870965219028,2023 1.6 | 2024 2.9 | 2025 1.6 | 2026 1.6,2.8284271247461903,-1.9937618389952974,-3.043294903345934,false,false,false
H-006,"500 ev, return_pretrend_flow top 0.01",BTCUSDT,2023-01..2026-05,10.0,14.325068673172307,3.8955072259615906,12.664562539984905,45.057755775577554,0.7540260938332658,2023 13.4 | 2024 35.2 | 2025 3.2 | 2026 6.9,2.8284271247461903,10.325068673172307,-0.1044927740384094,true,true,false
H-006,"500 ev, return_pretrend_flow top 0.05",BTCUSDT,2023-01..2026-05,10.0,5.398559484284017,1.5257396629361981,16.040540091052932,127.35014005602241,0.732700088887889,2023 4.6 | 2024 9.2 | 2025 3.5 | 2026 4.9,2.8284271247461903,1.398559484284017,-2.474260337063802,true,true,false
H-006,"500 ev, return_pretrend_flow top 0.2",BTCUSDT,2023-01..2026-05,10.0,1.957909466800999,0.9356651559849395,13.63752003227624,420.20772946859904,0.5409759599647793,2023 1.5 | 2024 2.9 | 2025 1.7 | 2026 1.5,2.8284271247461903,-2.042090533199001,-3.0643348440150606,false,false,false
H-006,"500 ev, bar_return top 0.01",BTCUSDT,2023-01..2026-05,15.0,1.149949112660257,0.49085230440099853,4.201982461139194,23.94235588972431,0.5732877164864619,2023 1.6 | 2024 1.2 | 2025 0.9 | 2026 -0.3,3.4641016151377544,-2.850050887339743,-3.5091476955990015,false,false,false
H-006,"500 ev, bar_return top 0.05",BTCUSDT,2023-01..2026-05,15.0,0.4467278821547237,0.2916475873019378,4.357274873873153,111.54494382022472,0.4781607429067155,2023 0.6 | 2024 0.9 | 2025 0.4 | 2026 0.2,3.4641016151377544,-3.5532721178452764,-3.708352412698062,false,false,false
H-006,"500 ev, bar_return top 0.2",BTCUSDT,2023-01..2026-05,15.0,0.20418752145453298,0.2606909426387109,8.746575557218435,422.41700080192464,0.18902040808896012,2023 0.3 | 2024 0.3 | 2025 0.3 | 2026 0.3,3.4641016151377544,-3.795812478545467,-3.739309057361289,false,false,false
H-006,"500 ev, components top 0.01",BTCUSDT,2023-01..2026-05,15.0,0.010698065745183484,0.25129042640121935,3.3084260927158513,23.4357316087308,0.530222936100417,2023 0.7 | 2024 0.1 | 2025 0.3 | 2026 1.1,3.4641016151377544,-3.9893019342548164,-3.7487095735987808,false,false,false
H-006,"500 ev, components top 0.05",BTCUSDT,2023-01..2026-05,15.0,0.4189741912973636,0.3978014119570485,4.5956316857729025,110.22694466720128,0.38414174899650666,2023 0.7 | 2024 0.6 | 2025 0.7 | 2026 0.7,3.4641016151377544,-3.5810258087026363,-3.6021985880429517,false,false,false
H-006,"500 ev, components top 0.2",BTCUSDT,2023-01..2026-05,15.0,0.6501357192675408,0.6188060730337185,9.435605911312035,420.9310344827586,0.17581255292543418,2023 0.6 | 2024 1.0 | 2025 0.8 | 2026 0.6,3.4641016151377544,-3.3498642807324592,-3.3811939269662816,false,false,false
H-006,"500 ev, full_impact top 0.01",BTCUSDT,2023-01..2026-05,15.0,11.372495712688306,-1.230086006707419,9.666869498974961,43.054577464788736,1.0963225497122195,2023 12.8 | 2024 32.0 | 2025 -5.3 | 2026 10.5,3.4641016151377544,7.3724957126883055,-5.230086006707419,true,true,false
H-006,"500 ev, full_impact top 0.05",BTCUSDT,2023-01..2026-05,15.0,6.2967861523711575,0.5658942204904858,14.38421780948796,120.58413001912047,0.915778958654926,2023 6.7 | 2024 10.2 | 2025 2.4 | 2026 5.9,3.4641016151377544,2.2967861523711575,-3.4341057795095145,true,true,false
H-006,"500 ev, full_impact top 0.2",BTCUSDT,2023-01..2026-05,15.0,2.1264305567824144,0.5180419341029906,11.620696802630684,412.4323671497585,0.766854598571016,2023 1.5 | 2024 2.6 | 2025 2.3 | 2026 2.3,3.4641016151377544,-1.8735694432175856,-3.4819580658970093,false,false,false
H-006,"500 ev, full_impact_flow top 0.01",BTCUSDT,2023-01..2026-05,15.0,12.623745187004458,-1.0332780309426421,9.272101650975062,45.67178502879079,1.0727902151013033,2023 15.7 | 2024 32.3 | 2025 -6.3 | 2026 11.2,3.4641016151377544,8.623745187004458,-5.033278030942642,true,true,false
H-006,"500 ev, full_impact_flow top 0.05",BTCUSDT,2023-01..2026-05,15.0,6.678182723345755,0.6831079994928432,14.426205180060055,119.33624878522838,0.9038014949328601,2023 7.0 | 2024 10.5 | 2025 3.0 | 2026 5.7,3.4641016151377544,2.6781827233457554,-3.3168920005071567,true,true,false
H-006,"500 ev, full_impact_flow top 0.2",BTCUSDT,2023-01..2026-05,15.0,2.196798778074275,0.5516777761261659,11.557720182991622,407.7578692493947,0.7591532752777896,2023 1.6 | 2024 2.7 | 2025 2.4 | 2026 2.3,3.4641016151377544,-1.803201221925725,-3.4483222238738342,false,false,false
H-006,"500 ev, pretrend_only top 0.01",BTCUSDT,2023-01..2026-05,15.0,12.041257929726992,-6.977637135723892,6.638311520898386,67.13623188405798,1.5133649500145194,2023 18.3 | 2024 31.9 | 2025 -7.4 | 2026 3.8,3.4641016151377544,8.041257929726992,-10.977637135723892,true,true,false
H-006,"500 ev, pretrend_only top 0.05",BTCUSDT,2023-01..2026-05,15.0,6.076832769301198,-0.44940788893954364,11.582165288130534,137.06958473625141,1.0702169141586175,2023 5.1 | 2024 10.2 | 2025 3.2 | 2026 6.3,3.4641016151377544,2.0768327693011983,-4.449407888939543,true,true,false
H-006,"500 ev, pretrend_only top 0.2",BTCUSDT,2023-01..2026-05,15.0,1.9475062800042875,0.20129035927984942,9.84319849429925,403.38775510204084,0.8997910004278621,2023 0.8 | 2024 2.6 | 2025 2.2 | 2026 2.4,3.4641016151377544,-2.0524937199957125,-3.7987096407201504,false,false,false
H-006,"500 ev, residual top 0.01",BTCUSDT,2023-01..2026-05,15.0,-0.38571684998158434,-0.39914605940416514,0.9897301720282062,24.101401483924153,-15.720848602474195,2023 0.1 | 2024 0.1 | 2025 -0.8 | 2026 2.1,3.4641016151377544,-4.385716849981584,-4.399146059404165,false,false,false
H-006,"500 ev, residual top 0.05",BTCUSDT,2023-01..2026-05,15.0,0.0943118243329622,-0.06187050423774935,1.1800071039645745,112.32477947072975,1.5306057156685824,2023 -0.2 | 2024 0.3 | 2025 0.1 | 2026 0.8,3.4641016151377544,-3.905688175667038,-4.061870504237749,false,false,false
H-006,"500 ev, residual top 0.2",BTCUSDT,2023-01..2026-05,15.0,0.18243827196866583,0.048814084510566444,1.1737980993189676,425.18444266238976,0.6364980902486955,2023 0.1 | 2024 0.1 | 2025 0.2 | 2026 0.2,3.4641016151377544,-3.8175617280313343,-3.9511859154894338,false,false,false
H-006,"500 ev, return_pretrend top 0.01",BTCUSDT,2023-01..2026-05,15.0,11.360947587015039,-3.055528026712485,7.859964034155154,56.83451536643026,1.2370692606799516,2023 14.3 | 2024 32.3 | 2025 -6.2 | 2026 7.7,3.4641016151377544,7.360947587015039,-7.055528026712485,true,true,false
H-006,"500 ev, return_pretrend top 0.05",BTCUSDT,2023-01..2026-05,15.0,6.134648873360197,-0.14068949813614678,12.40244865761458,130.76702127659576,1.0217037544251302,2023 5.5 | 2024 10.1 | 2025 3.1 | 2026 6.3,3.4641016151377544,2.134648873360197,-4.140689498136147,true,true,false
H-006,"500 ev, return_pretrend top 0.2",BTCUSDT,2023-01..2026-05,15.0,1.9767140037976987,0.28523930390324115,11.30484535708826,404.9497161394972,0.8619140640719091,2023 1.1 | 2024 2.6 | 2025 2.2 | 2026 2.4,3.4641016151377544,-2.0232859962023015,-3.714760696096759,false,false,false
H-006,"500 ev, return_pretrend_flow top 0.01",BTCUSDT,2023-01..2026-05,15.0,10.201975012561828,-2.1378648866328107,9.350382306711596,43.563478260869566,1.186338658125757,2023 11.2 | 2024 31.8 | 2025 -5.7 | 2026 9.3,3.4641016151377544,6.201975012561828,-6.13786488663281,true,true,false
H-006,"500 ev, return_pretrend_flow top 0.05",BTCUSDT,2023-01..2026-05,15.0,6.268160088961693,0.43588242304912955,13.888812357304337,123.8188899707887,0.9346774035582257,2023 6.4 | 2024 10.1 | 2025 2.8 | 2026 6.0,3.4641016151377544,2.268160088961693,-3.5641175769508706,true,true,false
H-006,"500 ev, return_pretrend_flow top 0.2",BTCUSDT,2023-01..2026-05,15.0,1.984437391811609,0.37589944628982447,11.571712472034802,412.5181305398872,0.8188230745233891,2023 1.2 | 2024 2.5 | 2025 2.2 | 2026 2.2,3.4641016151377544,-2.0155626081883913,-3.6241005537101754,false,false,false
H-006,"500 ev, bar_return top 0.01",BTCUSDT,2023-01..2026-05,30.0,1.510738602249581,0.7270682294292725,4.8501791251897135,23.94235588972431,0.530200574057881,2023 2.1 | 2024 1.5 | 2025 1.4 | 2026 -0.5,4.898979485566356,-2.489261397750419,-3.2729317705707275,false,false,false
H-006,"500 ev, bar_return top 0.05",BTCUSDT,2023-01..2026-05,30.0,0.5180088834351271,0.29384219257204536,4.707812576292189,111.54494382022472,0.5407111310278658,2023 0.7 | 2024 0.8 | 2025 0.6 | 2026 0.4,4.898979485566356,-3.481991116564873,-3.706157807427955,false,false,false
H-006,"500 ev, bar_return top 0.2",BTCUSDT,2023-01..2026-05,30.0,0.2044122901855594,0.2511779455693161,7.743565670543774,422.41700080192464,0.22319622410795056,2023 0.4 | 2024 0.3 | 2025 0.3 | 2026 0.4,4.898979485566356,-3.7955877098144404,-3.748822054430684,false,false,false
H-006,"500 ev, components top 0.01",BTCUSDT,2023-01..2026-05,30.0,-0.3516581309847837,-0.1955948216365764,2.9430097263865385,23.13338722716249,2.1143661095283637,2023 0.4 | 2024 0.2 | 2025 -1.1 | 2026 1.5,4.898979485566356,-4.3516581309847835,-4.195594821636576,false,false,false
H-006,"500 ev, components top 0.05",BTCUSDT,2023-01..2026-05,30.0,0.33433052903679833,0.315425793328111,3.8374810774954953,109.62630312750602,0.4562640143304289,2023 0.9 | 2024 0.2 | 2025 0.3 | 2026 0.7,4.898979485566356,-3.6656694709632016,-3.684574206671889,false,false,false
H-006,"500 ev, components top 0.2",BTCUSDT,2023-01..2026-05,30.0,0.7373691659841364,0.7055709008910372,9.311850762941255,418.5477145148356,0.15862899227136257,2023 0.8 | 2024 0.9 | 2025 0.9 | 2026 0.6,4.898979485566356,-3.2626308340158636,-3.294429099108963,false,false,false
H-006,"500 ev, full_impact top 0.01",BTCUSDT,2023-01..2026-05,30.0,15.181924222614006,-5.838195533319259,7.048614832272702,48.02982107355865,1.3414096098992452,2023 24.2 | 2024 47.2 | 2025 -15.4 | 2026 -2.0,4.898979485566356,11.181924222614006,-9.838195533319258,true,true,false
H-006,"500 ev, full_impact top 0.05",BTCUSDT,2023-01..2026-05,30.0,7.131100805308042,-0.49159471961561096,11.928510934427797,126.25635808748729,1.0652911868540227,2023 9.0 | 2024 12.8 | 2025 2.5 | 2026 -1.4,4.898979485566356,3.1311008053080416,-4.491594719615611,true,true,false
H-006,"500 ev, full_impact top 0.2",BTCUSDT,2023-01..2026-05,30.0,2.466515998341106,0.18549613752960417,11.328292955973582,406.7651821862348,0.928123609948734,2023 2.8 | 2024 2.4 | 2025 3.2 | 2026 0.2,4.898979485566356,-1.533484001658894,-3.8145038624703957,false,false,false
H-006,"500 ev, full_impact_flow top 0.01",BTCUSDT,2023-01..2026-05,30.0,15.878934854941761,-5.093517686420339,6.946319911399452,49.17372881355932,1.2844485604098508,2023 27.3 | 2024 46.3 | 2025 -15.2 | 2026 -2.2,4.898979485566356,11.878934854941761,-9.093517686420338,true,true,false
H-006,"500 ev, full_impact_flow top 0.05",BTCUSDT,2023-01..2026-05,30.0,7.458536363446046,-0.47031404742093,12.006400901350965,121.68888888888888,1.0598570088517378,2023 9.9 | 2024 13.0 | 2025 2.8 | 2026 -1.5,4.898979485566356,3.458536363446046,-4.47031404742093,true,true,false
H-006,"500 ev, full_impact_flow top 0.2",BTCUSDT,2023-01..2026-05,30.0,2.599920139684631,0.29283255053269175,11.056911367414283,398.7283751010509,0.891896551770772,2023 3.0 | 2024 2.5 | 2025 3.2 | 2026 0.6,4.898979485566356,-1.400079860315369,-3.7071674494673084,false,false,false
H-006,"500 ev, pretrend_only top 0.01",BTCUSDT,2023-01..2026-05,30.0,16.91318575319332,-7.18759379327136,6.395424854026624,71.24620060790274,1.3788508004319011,2023 32.5 | 2024 47.3 | 2025 -14.5 | 2026 -14.1,4.898979485566356,12.913185753193321,-11.187593793271361,true,true,false
H-006,"500 ev, pretrend_only top 0.05",BTCUSDT,2023-01..2026-05,30.0,7.22342951852464,-1.390313715843163,10.036622160104269,139.12993039443157,1.1817302662196603,2023 10.6 | 2024 12.8 | 2025 2.6 | 2026 -5.4,4.898979485566356,3.2234295185246404,-5.390313715843163,true,true,false
H-006,"500 ev, pretrend_only top 0.2",BTCUSDT,2023-01..2026-05,30.0,2.3211001055511633,-0.13695549324909723,9.989837727959541,398.2068683565004,1.056946466112481,2023 2.2 | 2024 2.3 | 2025 3.1 | 2026 0.7,4.898979485566356,-1.6788998944488367,-4.136955493249097,false,false,false
H-006,"500 ev, residual top 0.01",BTCUSDT,2023-01..2026-05,30.0,-0.5513625720540168,-0.7415001950504987,0.686596023020989,24.101401483924153,-2.395884957558254,2023 0.2 | 2024 -0.7 | 2025 -1.2 | 2026 2.8,4.898979485566356,-4.551362572054017,-4.741500195050499,false,false,false
H-006,"500 ev, residual top 0.05",BTCUSDT,2023-01..2026-05,30.0,0.048760581354354474,-0.1908239188740627,1.1765059880693425,112.32477947072975,4.04364347773892,2023 -0.1 | 2024 0.3 | 2025 -0.0 | 2026 0.3,4.898979485566356,-3.9512394186456454,-4.190823918874063,false,false,false
H-006,"500 ev, residual top 0.2",BTCUSDT,2023-01..2026-05,30.0,0.15029420519332526,-0.012124376499242112,-0.05051983860558765,425.18444266238976,1.1210976825938959,2023 0.0 | 2024 0.0 | 2025 0.2 | 2026 0.2,4.898979485566356,-3.849705794806675,-4.0121243764992425,false,false,false
H-006,"500 ev, return_pretrend top 0.01",BTCUSDT,2023-01..2026-05,30.0,14.033639064726533,-8.086387532464176,6.5966402797143955,62.439153439153436,1.5123899354357409,2023 25.7 | 2024 47.3 | 2025 -15.8 | 2026 -15.5,4.898979485566356,10.033639064726533,-12.086387532464176,true,true,false
H-006,"500 ev, return_pretrend top 0.05",BTCUSDT,2023-01..2026-05,30.0,7.039864210916443,-1.2741037019439296,10.513608444263392,135.59910414333706,1.1706707848251119,2023 9.6 | 2024 12.9 | 2025 2.7 | 2026 -4.5,4.898979485566356,3.039864210916443,-5.27410370194393,true,true,false
H-006,"500 ev, return_pretrend top 0.2",BTCUSDT,2023-01..2026-05,30.0,2.33924805794944,-0.059009443715735944,10.695262576780793,400.50448979591835,1.0241436299031432,2023 2.4 | 2024 2.3 | 2025 3.1 | 2026 0.7,4.898979485566356,-1.66075194205056,-4.059009443715736,false,false,false
H-006,"500 ev, return_pretrend_flow top 0.01",BTCUSDT,2023-01..2026-05,30.0,14.735877565864639,-6.558649490128161,7.383739532476345,50.87291666666667,1.397243111821359,2023 23.2 | 2024 47.0 | 2025 -15.2 | 2026 -5.7,4.898979485566356,10.735877565864639,-10.558649490128161,true,true,false
H-006,"500 ev, return_pretrend_flow top 0.05",BTCUSDT,2023-01..2026-05,30.0,7.134110517386604,-0.7350275503443401,11.536800212572064,130.39368421052632,1.0975167157510493,2023 9.2 | 2024 13.0 | 2025 2.6 | 2026 -3.1,4.898979485566356,3.1341105173866044,-4.73502755034434,true,true,false
H-006,"500 ev, return_pretrend_flow top 0.2",BTCUSDT,2023-01..2026-05,30.0,2.299962224349214,-0.02679919489295841,11.149826399645823,405.03892944038927,1.011128289477188,2023 2.5 | 2024 2.3 | 2025 3.1 | 2026 -0.2,4.898979485566356,-1.7000377756507858,-4.026799194892958,false,false,false
H-006,"1000 ev, bar_return top 0.01",BTCUSDT,2023-01..2026-05,5.0,1.810841601551391,1.3951885207050987,5.6841733726752555,12.686514886164623,0.3242654299042494,2023 2.5 | 2024 4.3 | 2025 0.8 | 2026 -0.1,2.0,-2.189158398448609,-2.6048114792949013,false,false,false
H-006,"1000 ev, bar_return top 0.05",BTCUSDT,2023-01..2026-05,5.0,0.5816167412648338,0.4822837565558013,4.5533885869725585,55.77831325301205,0.33168796202427303,2023 0.7 | 2024 1.4 | 2025 0.4 | 2026 0.1,2.0,-3.418383258735166,-3.5177162434441986,false,false,false
H-006,"1000 ev, bar_return top 0.2",BTCUSDT,2023-01..2026-05,5.0,0.2770396315158438,0.3018112361318829,8.86951062507324,210.93424218123496,0.1721530307753157,2023 0.5 | 2024 0.5 | 2025 0.2 | 2026 0.2,2.0,-3.722960368484156,-3.6981887638681172,false,false,false
H-006,"1000 ev, components top 0.01",BTCUSDT,2023-01..2026-05,5.0,0.6863513241885284,0.7624292087049477,2.701296390251681,11.964824120603016,0.30462370639264236,2023 1.5 | 2024 1.0 | 2025 -0.2 | 2026 1.6,2.0,-3.3136486758114714,-3.2375707912950524,false,false,false
H-006,"1000 ev, components top 0.05",BTCUSDT,2023-01..2026-05,5.0,0.7255099975601433,0.7018646578010141,6.505339632167983,53.64365971107544,0.20013044155626647,2023 0.9 | 2024 1.2 | 2025 0.4 | 2026 0.7,2.0,-3.2744900024398564,-3.298135342198986,false,false,false
H-006,"1000 ev, components top 0.2",BTCUSDT,2023-01..2026-05,5.0,0.699009547502423,0.6298861974858536,9.744291867677727,207.67522052927026,0.16600044142793155,2023 0.8 | 2024 0.9 | 2025 0.5 | 2026 0.4,2.0,-3.300990452497577,-3.3701138025141466,false,false,false
H-006,"1000 ev, full_impact top 0.01",BTCUSDT,2023-01..2026-05,5.0,14.44132921630618,7.6185607051087985,15.604643298926764,23.4105461393597,0.5290985339560275,2023 12.3 | 2024 29.8 | 2025 8.9 | 2026 6.1,2.0,10.44132921630618,3.6185607051087985,true,true,true
H-006,"1000 ev, full_impact top 0.05",BTCUSDT,2023-01..2026-05,5.0,5.284100499263341,2.8035468872656852,19.688722081884837,59.97920604914934,0.4932349726145821,2023 4.8 | 2024 9.1 | 2025 3.0 | 2026 3.7,2.0,1.2841004992633414,-1.1964531127343148,true,true,false
H-006,"1000 ev, full_impact top 0.2",BTCUSDT,2023-01..2026-05,5.0,1.9859214170144641,1.3519216589209901,15.872733864338503,204.62540192926045,0.3359979583335158,2023 2.1 | 2024 2.8 | 2025 1.1 | 2026 1.4,2.0,-2.014078582985536,-2.64807834107901,false,false,false
H-006,"1000 ev, full_impact_flow top 0.01",BTCUSDT,2023-01..2026-05,5.0,15.192553770400064,7.959255820464583,15.076134762197217,24.912423625254583,0.5321720399625232,2023 13.5 | 2024 30.5 | 2025 9.2 | 2026 5.1,2.0,11.192553770400064,3.959255820464583,true,true,true
H-006,"1000 ev, full_impact_flow top 0.05",BTCUSDT,2023-01..2026-05,5.0,5.487731012880348,2.9491090053216205,19.355199767199917,60.77215189873418,0.48503086142278223,2023 5.1 | 2024 9.1 | 2025 3.1 | 2026 3.8,2.0,1.4877310128803476,-1.0508909946783795,true,true,false
H-006,"1000 ev, full_impact_flow top 0.2",BTCUSDT,2023-01..2026-05,5.0,1.9775247615837852,1.3469383130893204,16.12584374559998,203.3553585817889,0.339477768220981,2023 2.1 | 2024 2.8 | 2025 1.1 | 2026 1.4,2.0,-2.022475238416215,-2.6530616869106796,false,false,false
H-006,"1000 ev, pretrend_only top 0.01",BTCUSDT,2023-01..2026-05,5.0,16.617387149882237,5.96235210769559,12.505979783245802,34.53083109919571,0.6828294692561525,2023 18.4 | 2024 29.8 | 2025 8.9 | 2026 2.8,2.0,12.617387149882237,1.9623521076955903,true,true,true
H-006,"1000 ev, pretrend_only top 0.05",BTCUSDT,2023-01..2026-05,5.0,5.165972076215217,2.5022055861065184,17.47971758044595,64.58896982310094,0.5354262115436397,2023 4.8 | 2024 8.7 | 2025 2.8 | 2026 3.8,2.0,1.1659720762152173,-1.4977944138934816,true,true,false
H-006,"1000 ev, pretrend_only top 0.2",BTCUSDT,2023-01..2026-05,5.0,1.856430637385799,1.19212105747039,15.78544261854346,200.0251419302514,0.3699620231972618,2023 2.0 | 2024 2.6 | 2025 1.0 | 2026 1.2,2.0,-2.143569362614201,-2.80787894252961,false,false,false
H-006,"1000 ev, residual top 0.01",BTCUSDT,2023-01..2026-05,5.0,-0.556464072426439,-0.866373973920051,0.6979184946055299,13.113891285591027,-0.7244973317613066,2023 -1.3 | 2024 -0.2 | 2025 -0.2 | 2026 0.8,2.0,-4.556464072426439,-4.866373973920051,false,false,false
H-006,"1000 ev, residual top 0.05",BTCUSDT,2023-01..2026-05,5.0,-0.040853795599677944,-0.2504493085898939,-0.3543622747253271,57.06174819566961,-2.2949923592764008,2023 -0.4 | 2024 -0.1 | 2025 0.2 | 2026 0.2,2.0,-4.040853795599678,-4.250449308589894,false,false,false
H-006,"1000 ev, residual top 0.2",BTCUSDT,2023-01..2026-05,5.0,0.1246402869622859,-0.005451194699389638,0.13528585569395374,214.4338412189254,1.0770752251439024,2023 -0.0 | 2024 0.1 | 2025 0.2 | 2026 -0.0,2.0,-3.875359713037714,-4.00545119469939,false,false,false
H-006,"1000 ev, return_pretrend top 0.01",BTCUSDT,2023-01..2026-05,5.0,15.089465684332982,7.349404778886996,14.346813235648142,27.619909502262445,0.5793777716563728,2023 14.0 | 2024 29.7 | 2025 9.5 | 2026 4.4,2.0,11.089465684332982,3.3494047788869956,true,true,true
H-006,"1000 ev, return_pretrend top 0.05",BTCUSDT,2023-01..2026-05,5.0,5.295908782631369,2.724140256916302,18.636235505848997,63.2657200811359,0.5084113013062425,2023 4.9 | 2024 9.1 | 2025 2.9 | 2026 3.7,2.0,1.2959087826313693,-1.2758597430836982,true,true,false
H-006,"1000 ev, return_pretrend top 0.2",BTCUSDT,2023-01..2026-05,5.0,1.9321158065959685,1.2889299556955391,16.384314575944924,202.15533980582524,0.35195957764266944,2023 2.0 | 2024 2.7 | 2025 1.1 | 2026 1.4,2.0,-2.0678841934040317,-2.711070044304461,false,false,false
H-006,"1000 ev, return_pretrend_flow top 0.01",BTCUSDT,2023-01..2026-05,5.0,13.573396844268107,7.192268824983032,15.381351461662078,23.72865275142315,0.5307207946280017,2023 10.2 | 2024 29.3 | 2025 9.5 | 2026 5.5,2.0,9.573396844268107,3.1922688249830324,true,true,true
H-006,"1000 ev, return_pretrend_flow top 0.05",BTCUSDT,2023-01..2026-05,5.0,5.215665335735224,2.7615215701640317,19.433318847684355,61.338095238095235,0.4939553636736369,2023 4.7 | 2024 9.1 | 2025 3.0 | 2026 3.8,2.0,1.215665335735224,-1.2384784298359683,true,true,false
H-006,"1000 ev, return_pretrend_flow top 0.2",BTCUSDT,2023-01..2026-05,5.0,1.9661849835582346,1.3313558381701491,15.904244445872726,204.91143317230274,0.3379162166165606,2023 2.1 | 2024 2.8 | 2025 1.1 | 2026 1.3,2.0,-2.0338150164417654,-2.668644161829851,false,false,false
H-006,"1000 ev, bar_return top 0.01",BTCUSDT,2023-01..2026-05,10.0,1.8133603783912413,1.2275524934626882,6.098114666830714,12.686514886164623,0.39799323314434554,2023 2.6 | 2024 4.2 | 2025 0.9 | 2026 -1.0,2.8284271247461903,-2.1866396216087587,-2.7724475065373118,false,false,false
H-006,"1000 ev, bar_return top 0.05",BTCUSDT,2023-01..2026-05,10.0,0.5913284051034369,0.4760663268685821,4.319835977369579,55.77831325301205,0.33511706078650905,2023 0.6 | 2024 1.4 | 2025 0.5 | 2026 -0.1,2.8284271247461903,-3.408671594896563,-3.5239336731314177,false,false,false
H-006,"1000 ev, bar_return top 0.2",BTCUSDT,2023-01..2026-05,10.0,0.3118270869103886,0.34609558198119883,9.819664182606958,210.93424218123496,0.15630793067010298,2023 0.3 | 2024 0.6 | 2025 0.4 | 2026 0.2,2.8284271247461903,-3.6881729130896113,-3.653904418018801,false,false,false
H-006,"1000 ev, components top 0.01",BTCUSDT,2023-01..2026-05,10.0,0.4124321751898165,0.3830344007256389,2.3726005221006683,12.090452261306533,0.5317695920339792,2023 0.9 | 2024 0.9 | 2025 -0.1 | 2026 1.7,2.8284271247461903,-3.5875678248101837,-3.6169655992743612,false,false,false
H-006,"1000 ev, components top 0.05",BTCUSDT,2023-01..2026-05,10.0,0.722024017209392,0.6524356578870325,6.017359772107824,53.77367576243981,0.2472673241329939,2023 0.6 | 2024 1.2 | 2025 1.0 | 2026 0.8,2.8284271247461903,-3.277975982790608,-3.3475643421129675,false,false,false
H-006,"1000 ev, components top 0.2",BTCUSDT,2023-01..2026-05,10.0,0.8419846624632387,0.7441554064234726,10.73626192355519,207.98075380914193,0.17076141091365302,2023 0.7 | 2024 1.2 | 2025 0.9 | 2026 0.4,2.8284271247461903,-3.1580153375367614,-3.2558445935765272,false,false,false
H-006,"1000 ev, full_impact top 0.01",BTCUSDT,2023-01..2026-05,10.0,12.99797534393514,4.516054732828274,13.115210637661965,23.018032786885247,0.6816330937232036,2023 9.8 | 2024 34.6 | 2025 4.6 | 2026 7.8,2.8284271247461903,8.99797534393514,0.5160547328282741,true,true,true
H-006,"1000 ev, full_impact top 0.05",BTCUSDT,2023-01..2026-05,10.0,5.754778634015715,1.9203756851308909,16.76345814340557,63.02297794117647,0.6816769165740352,2023 4.8 | 2024 9.8 | 2025 3.8 | 2026 5.1,2.8284271247461903,1.7547786340157154,-2.0796243148691094,true,true,false
H-006,"1000 ev, full_impact top 0.2",BTCUSDT,2023-01..2026-05,10.0,2.154402495640051,1.061238027453969,13.478597100878815,210.82703137570394,0.5248233632001814,2023 1.6 | 2024 3.0 | 2025 2.0 | 2026 2.0,2.8284271247461903,-1.845597504359949,-2.9387619725460308,false,false,false
H-006,"1000 ev, full_impact_flow top 0.01",BTCUSDT,2023-01..2026-05,10.0,14.8639443251925,4.329131051155355,12.806030259432049,23.925992779783392,0.7370671490559785,2023 11.4 | 2024 34.9 | 2025 7.6 | 2026 7.5,2.8284271247461903,10.8639443251925,0.3291310511553549,true,true,true
H-006,"1000 ev, full_impact_flow top 0.05",BTCUSDT,2023-01..2026-05,10.0,5.952000124165904,1.9367578829179826,16.810315382397967,64.1572265625,0.6901943092749573,2023 4.8 | 2024 9.9 | 2025 4.0 | 2026 5.3,2.8284271247461903,1.9520001241659042,-2.0632421170820177,true,true,false
H-006,"1000 ev, full_impact_flow top 0.2",BTCUSDT,2023-01..2026-05,10.0,2.243128172814195,1.12323352524769,13.583474820602465,206.26472962066183,0.5170647656234834,2023 1.7 | 2024 3.1 | 2025 2.1 | 2026 2.0,2.8284271247461903,-1.756871827185805,-2.8767664747523103,false,false,false
H-006,"1000 ev, pretrend_only top 0.01",BTCUSDT,2023-01..2026-05,10.0,20.419562091517747,1.5964575505015453,9.626100763356629,31.981283422459892,0.9320990789412826,2023 20.9 | 2024 37.4 | 2025 12.8 | 2026 3.4,2.8284271247461903,16.419562091517747,-2.4035424494984547,true,true,false
H-006,"1000 ev, pretrend_only top 0.05",BTCUSDT,2023-01..2026-05,10.0,5.6115439758570895,0.995210177967942,14.070962440219251,68.2609649122807,0.8308065360430107,2023 4.3 | 2024 9.5 | 2025 3.5 | 2026 5.4,2.8284271247461903,1.6115439758570895,-3.004789822032058,true,true,false
H-006,"1000 ev, pretrend_only top 0.2",BTCUSDT,2023-01..2026-05,10.0,2.1092751302314903,0.9294358279105737,13.689652742653237,200.6115635179153,0.570909497038377,2023 1.7 | 2024 2.8 | 2025 1.7 | 2026 2.0,2.8284271247461903,-1.8907248697685097,-3.0705641720894263,false,false,false
H-006,"1000 ev, residual top 0.01",BTCUSDT,2023-01..2026-05,10.0,-0.4058158678968027,-0.8709762324559228,0.9263734523370306,13.113891285591027,-0.9257652691021254,2023 -1.6 | 2024 0.1 | 2025 -0.3 | 2026 1.9,2.8284271247461903,-4.405815867896803,-4.870976232455923,false,false,false
H-006,"1000 ev, residual top 0.05",BTCUSDT,2023-01..2026-05,10.0,0.04207507493406776,-0.22518852348706703,1.3580189620198972,57.06174819566961,-31.493460161539772,2023 -0.7 | 2024 0.2 | 2025 0.3 | 2026 0.7,2.8284271247461903,-3.957924925065932,-4.225188523487067,false,false,false
H-006,"1000 ev, residual top 0.2",BTCUSDT,2023-01..2026-05,10.0,0.1549532392381573,-0.00700378069406945,-0.02264666137795133,214.4338412189254,1.0768574414835523,2023 -0.0 | 2024 0.2 | 2025 0.1 | 2026 0.0,2.8284271247461903,-3.845046760761843,-4.0070037806940695,false,false,false
H-006,"1000 ev, return_pretrend top 0.01",BTCUSDT,2023-01..2026-05,10.0,15.242045168996322,3.2226793493051042,12.282195585315254,25.476190476190474,0.8131442908797901,2023 12.5 | 2024 35.3 | 2025 8.2 | 2026 5.5,2.8284271247461903,11.242045168996322,-0.7773206506948958,true,true,false
H-006,"1000 ev, return_pretrend top 0.05",BTCUSDT,2023-01..2026-05,10.0,5.607792655443909,1.5212367981146067,15.813536556366643,65.68024439918534,0.7422321851101841,2023 4.3 | 2024 9.6 | 2025 3.7 | 2026 5.6,2.8284271247461903,1.6077926554439088,-2.4787632018853936,true,true,false
H-006,"1000 ev, return_pretrend top 0.2",BTCUSDT,2023-01..2026-05,10.0,2.031463052865586,0.9192516118470665,14.05514826258937,206.39046079223928,0.5653050967516238,2023 1.5 | 2024 2.9 | 2025 1.8 | 2026 1.9,2.8284271247461903,-1.9685369471344139,-3.0807483881529336,false,false,false
H-006,"1000 ev, return_pretrend_flow top 0.01",BTCUSDT,2023-01..2026-05,10.0,12.423843582589175,4.019357584381084,12.676806828104505,22.217041800643088,0.7037859910608952,2023 9.7 | 2024 35.1 | 2025 3.2 | 2026 5.3,2.8284271247461903,8.423843582589175,0.01935758438108426,true,true,true
H-006,"1000 ev, return_pretrend_flow top 0.05",BTCUSDT,2023-01..2026-05,10.0,5.654339263992235,1.6965085740717465,15.97277450223502,63.44,0.7140524674127763,2023 4.7 | 2024 9.6 | 2025 3.8 | 2026 5.0,2.8284271247461903,1.6543392639922354,-2.3034914259282537,true,true,false
H-006,"1000 ev, return_pretrend_flow top 0.2",BTCUSDT,2023-01..2026-05,10.0,2.0055184513991278,0.9247117029700966,13.392797878834537,212.0805152979066,0.5557828179360625,2023 1.4 | 2024 2.9 | 2025 1.8 | 2026 1.9,2.8284271247461903,-1.9944815486008722,-3.0752882970299034,false,false,false
H-006,"1000 ev, bar_return top 0.01",BTCUSDT,2023-01..2026-05,15.0,1.7138065312890776,0.7507659639024319,5.620442679171284,12.686514886164623,0.6101020609830146,2023 2.4 | 2024 3.2 | 2025 1.2 | 2026 -0.5,3.4641016151377544,-2.2861934687109224,-3.249234036097568,false,false,false
H-006,"1000 ev, bar_return top 0.05",BTCUSDT,2023-01..2026-05,15.0,0.5936695050647501,0.35285566699850923,4.191401557389342,55.77831325301205,0.5064941006474913,2023 0.7 | 2024 1.1 | 2025 0.5 | 2026 0.4,3.4641016151377544,-3.4063304949352498,-3.6471443330014908,false,false,false
H-006,"1000 ev, bar_return top 0.2",BTCUSDT,2023-01..2026-05,15.0,0.3350717779993827,0.332150404767402,8.953680318516884,210.93424218123496,0.2181826092513754,2023 0.4 | 2024 0.5 | 2025 0.4 | 2026 0.4,3.4641016151377544,-3.664928222000617,-3.667849595232598,false,false,false
H-006,"1000 ev, components top 0.01",BTCUSDT,2023-01..2026-05,15.0,0.5918737993069816,0.5908720925805966,2.7734921215048756,11.924937447873228,0.45178398582361495,2023 1.6 | 2024 0.1 | 2025 -0.1 | 2026 2.6,3.4641016151377544,-3.4081262006930184,-3.4091279074194034,false,false,false
H-006,"1000 ev, components top 0.05",BTCUSDT,2023-01..2026-05,15.0,0.5955705313864914,0.5062871016253195,4.359395156319953,53.63402889245586,0.32652241536509485,2023 0.7 | 2024 0.7 | 2025 0.8 | 2026 1.0,3.4641016151377544,-3.4044294686135084,-3.4937128983746804,false,false,false
H-006,"1000 ev, components top 0.2",BTCUSDT,2023-01..2026-05,15.0,0.8072978644463642,0.6910545931665609,8.31202600798509,207.77546110665597,0.20009676367094278,2023 0.7 | 2024 0.9 | 2025 1.0 | 2026 0.8,3.4641016151377544,-3.1927021355536356,-3.308945406833439,false,false,false
H-006,"1000 ev, full_impact top 0.01",BTCUSDT,2023-01..2026-05,15.0,9.00414862865608,-1.7594078069581482,9.551771737113018,21.68439716312057,1.1711289418932926,2023 7.7 | 2024 31.7 | 2025 -5.5 | 2026 8.2,3.4641016151377544,5.004148628656081,-5.759407806958148,true,true,false
H-006,"1000 ev, full_impact top 0.05",BTCUSDT,2023-01..2026-05,15.0,7.020614770387742,0.7973689631193782,14.19659635267426,61.60916179337232,0.8936020723081313,2023 6.6 | 2024 10.5 | 2025 4.8 | 2026 6.4,3.4641016151377544,3.020614770387742,-3.202631036880622,true,true,false
H-006,"1000 ev, full_impact top 0.2",BTCUSDT,2023-01..2026-05,15.0,2.241498869544735,0.6205599284689255,11.58225675938414,206.45359160613398,0.7346508266042792,2023 1.6 | 2024 2.7 | 2025 2.4 | 2026 2.9,3.4641016151377544,-1.7585011304552651,-3.3794400715310746,false,false,false
H-006,"1000 ev, full_impact_flow top 0.01",BTCUSDT,2023-01..2026-05,15.0,11.895921495228244,-1.2847921341949844,9.411788712445913,23.642126789366053,1.094598541978076,2023 13.2 | 2024 32.7 | 2025 -6.4 | 2026 11.1,3.4641016151377544,7.895921495228244,-5.284792134194984,true,true,false
H-006,"1000 ev, full_impact_flow top 0.05",BTCUSDT,2023-01..2026-05,15.0,7.515740176513661,1.0759330743278708,14.079157423586034,60.65261044176707,0.8659801317537835,2023 7.1 | 2024 10.9 | 2025 5.2 | 2026 6.9,3.4641016151377544,3.5157401765136607,-2.924066925672129,true,true,false
H-006,"1000 ev, full_impact_flow top 0.2",BTCUSDT,2023-01..2026-05,15.0,2.3220753408971286,0.6461862732520138,11.373335381746747,202.539644012945,0.7337524158343142,2023 1.8 | 2024 2.7 | 2025 2.5 | 2026 2.8,3.4641016151377544,-1.6779246591028714,-3.353813726747986,false,false,false
H-006,"1000 ev, pretrend_only top 0.01",BTCUSDT,2023-01..2026-05,15.0,11.233549944958597,-7.742195155502663,6.582443087578355,35.36666666666667,1.6052146597217614,2023 17.1 | 2024 33.5 | 2025 -8.0 | 2026 0.1,3.4641016151377544,7.233549944958597,-11.742195155502664,true,true,false
H-006,"1000 ev, pretrend_only top 0.05",BTCUSDT,2023-01..2026-05,15.0,7.1082067083136575,-0.24343658601081566,10.946510274976257,70.20441347270615,1.0323606939976355,2023 5.6 | 2024 10.5 | 2025 5.1 | 2026 9.1,3.4641016151377544,3.1082067083136575,-4.243436586010816,true,true,false
H-006,"1000 ev, pretrend_only top 0.2",BTCUSDT,2023-01..2026-05,15.0,1.9603845799735038,0.19866983809485966,9.448186603937037,201.37040065412918,0.9018276235512211,2023 0.8 | 2024 2.5 | 2025 2.2 | 2026 2.9,3.4641016151377544,-2.039615420026496,-3.8013301619051405,false,false,false
H-006,"1000 ev, residual top 0.01",BTCUSDT,2023-01..2026-05,15.0,-0.21150188012144813,-0.7365402795470966,1.610404440852414,13.113891285591027,-2.7298757020799007,2023 -1.1 | 2024 0.8 | 2025 -0.5 | 2026 2.2,3.4641016151377544,-4.211501880121448,-4.736540279547096,false,false,false
H-006,"1000 ev, residual top 0.05",BTCUSDT,2023-01..2026-05,15.0,0.14951086548305917,-0.15286296808296188,0.829782724766794,57.06174819566961,2.3987925828055396,2023 -0.3 | 2024 0.2 | 2025 0.3 | 2026 0.8,3.4641016151377544,-3.8504891345169407,-4.152862968082962,false,false,false
H-006,"1000 ev, residual top 0.2",BTCUSDT,2023-01..2026-05,15.0,0.06699756099220311,-0.09253585470031278,-1.4155885281684235,214.4338412189254,10.22353475052508,2023 -0.0 | 2024 0.1 | 2025 0.1 | 2026 -0.2,3.4641016151377544,-3.933002439007797,-4.092535854700313,false,false,false
H-006,"1000 ev, return_pretrend top 0.01",BTCUSDT,2023-01..2026-05,15.0,9.282122079495128,-3.1316483819363974,8.396920647734452,27.49772727272727,1.2957528096499455,2023 9.8 | 2024 31.8 | 2025 -5.5 | 2026 3.2,3.4641016151377544,5.282122079495128,-7.131648381936397,true,true,false
H-006,"1000 ev, return_pretrend top 0.05",BTCUSDT,2023-01..2026-05,15.0,6.9173950797670045,0.34027338830956894,13.044658722762772,65.45735607675905,0.9535523554902263,2023 5.2 | 2024 10.6 | 2025 5.0 | 2026 9.2,3.4641016151377544,2.9173950797670045,-3.6597266116904312,true,true,false
H-006,"1000 ev, return_pretrend top 0.2",BTCUSDT,2023-01..2026-05,15.0,2.1185384823125797,0.4533522115305695,11.655701393543568,203.38280616382806,0.7965426257072963,2023 1.4 | 2024 2.5 | 2025 2.2 | 2026 3.1,3.4641016151377544,-1.8814615176874203,-3.5466477884694303,false,false,false
H-006,"1000 ev, return_pretrend_flow top 0.01",BTCUSDT,2023-01..2026-05,15.0,7.958931666235497,-2.3219551026290612,9.04098744347409,21.839931153184164,1.254941660479462,2023 6.2 | 2024 32.1 | 2025 -5.3 | 2026 5.3,3.4641016151377544,3.9589316662354967,-6.321955102629062,true,true,false
H-006,"1000 ev, return_pretrend_flow top 0.05",BTCUSDT,2023-01..2026-05,15.0,6.969796819532798,0.7140447998300967,14.063532732904639,63.09162561576355,0.9038599373278442,2023 6.4 | 2024 10.5 | 2025 5.1 | 2026 6.0,3.4641016151377544,2.9697968195327977,-3.2859552001699033,true,true,false
H-006,"1000 ev, return_pretrend_flow top 0.2",BTCUSDT,2023-01..2026-05,15.0,2.0888104717154814,0.4803261439349691,11.68841562819448,207.76413570274636,0.7804020322209627,2023 1.5 | 2024 2.5 | 2025 2.2 | 2026 2.8,3.4641016151377544,-1.9111895282845186,-3.519673856065031,false,false,false
H-006,"1000 ev, bar_return top 0.01",BTCUSDT,2023-01..2026-05,30.0,2.2042550245257866,1.0066268211659644,4.522321614005185,12.686514886164623,0.5869103953393876,2023 3.6 | 2024 2.3 | 2025 1.6 | 2026 -0.3,4.898979485566356,-1.7957449754742134,-2.9933731788340356,false,false,false
H-006,"1000 ev, bar_return top 0.05",BTCUSDT,2023-01..2026-05,30.0,0.6307749975991032,0.35982694737447385,4.157322779723343,55.77831325301205,0.5166486694480988,2023 0.9 | 2024 0.8 | 2025 0.4 | 2026 0.6,4.898979485566356,-3.369225002400897,-3.640173052625526,false,false,false
H-006,"1000 ev, bar_return top 0.2",BTCUSDT,2023-01..2026-05,30.0,0.3327221105463945,0.32190090798079973,7.291505643374662,210.93424218123496,0.24154389706061932,2023 0.5 | 2024 0.5 | 2025 0.3 | 2026 0.3,4.898979485566356,-3.6672778894536053,-3.6780990920192003,false,false,false
H-006,"1000 ev, components top 0.01",BTCUSDT,2023-01..2026-05,30.0,-0.02028876703988838,-0.2146614746951736,1.6759643348807745,11.7771236333053,1.5805011189886704,2023 1.2 | 2024 -0.8 | 2025 -1.3 | 2026 2.5,4.898979485566356,-4.020288767039888,-4.214661474695173,false,false,false
H-006,"1000 ev, components top 0.05",BTCUSDT,2023-01..2026-05,30.0,0.7088978495560668,0.5847618065076671,4.509230675168636,53.309791332263245,0.31988273020760316,2023 1.1 | 2024 0.5 | 2025 0.6 | 2026 1.5,4.898979485566356,-3.2911021504439333,-3.415238193492333,false,false,false
H-006,"1000 ev, components top 0.2",BTCUSDT,2023-01..2026-05,30.0,0.9220499809889222,0.7810472585682694,8.059847710568718,206.79149959903768,0.1967187504866516,2023 1.0 | 2024 0.9 | 2025 1.1 | 2026 0.9,4.898979485566356,-3.0779500190110776,-3.2189527414317305,false,false,false
H-006,"1000 ev, full_impact top 0.01",BTCUSDT,2023-01..2026-05,30.0,14.09754527114577,-5.01120411633306,7.852140165450015,25.1840490797546,1.318014311921385,2023 19.5 | 2024 47.0 | 2025 -13.3 | 2026 -3.5,4.898979485566356,10.09754527114577,-9.01120411633306,true,true,false
H-006,"1000 ev, full_impact top 0.05",BTCUSDT,2023-01..2026-05,30.0,8.066844528635507,-0.4164739853377253,12.258243492156868,64.78008298755186,1.0486307652883977,2023 8.3 | 2024 12.8 | 2025 5.8 | 2026 0.8,4.898979485566356,4.066844528635507,-4.416473985337725,true,true,false
H-006,"1000 ev, full_impact top 0.2",BTCUSDT,2023-01..2026-05,30.0,2.7285113536023426,0.42577173310869043,11.561686949856025,203.08811641067098,0.8501697084304621,2023 2.8 | 2024 2.4 | 2025 3.2 | 2026 2.2,4.898979485566356,-1.2714886463976574,-3.5742282668913097,false,false,false
H-006,"1000 ev, full_impact_flow top 0.01",BTCUSDT,2023-01..2026-05,30.0,15.895256476896902,-3.793723571718531,7.3981845556290695,25.113289760348582,1.211842515200179,2023 21.5 | 2024 47.7 | 2025 -13.3 | 2026 8.8,4.898979485566356,11.895256476896902,-7.793723571718531,true,true,false
H-006,"1000 ev, full_impact_flow top 0.05",BTCUSDT,2023-01..2026-05,30.0,9.030963899815488,0.1844317212572654,12.050859348107956,61.89637305699482,0.9806602133761283,2023 10.0 | 2024 13.2 | 2025 6.4 | 2026 2.6,4.898979485566356,5.030963899815488,-3.8155682787427345,true,true,false
H-006,"1000 ev, full_impact_flow top 0.2",BTCUSDT,2023-01..2026-05,30.0,2.880356096116985,0.5680351746360872,11.112773480688919,198.22267206477733,0.8102406147005985,2023 3.1 | 2024 2.6 | 2025 3.2 | 2026 2.3,4.898979485566356,-1.119643903883015,-3.431964825363913,false,false,false
H-006,"1000 ev, pretrend_only top 0.01",BTCUSDT,2023-01..2026-05,30.0,15.140223059657078,-9.108263977638702,5.932683316015403,37.5928338762215,1.5325320974156693,2023 29.3 | 2024 47.3 | 2025 -14.8 | 2026 -22.4,4.898979485566356,11.140223059657078,-13.108263977638702,true,true,false
H-006,"1000 ev, pretrend_only top 0.05",BTCUSDT,2023-01..2026-05,30.0,8.872888728717163,-1.0314509519928743,9.599211738300433,71.40621266427718,1.1095248716874868,2023 9.3 | 2024 13.0 | 2025 5.1 | 2026 7.2,4.898979485566356,4.872888728717163,-5.031450951992874,true,true,false
H-006,"1000 ev, pretrend_only top 0.2",BTCUSDT,2023-01..2026-05,30.0,2.661952501186378,0.11729143350208844,9.841342878136912,198.78559738134206,0.9575093447250997,2023 2.4 | 2024 2.3 | 2025 3.1 | 2026 3.6,4.898979485566356,-1.338047498813622,-3.8827085664979117,false,false,false
H-006,"1000 ev, residual top 0.01",BTCUSDT,2023-01..2026-05,30.0,0.06468104805586544,-0.710375881978499,2.519700361135094,13.113891285591027,8.20123937945604,2023 -0.5 | 2024 1.4 | 2025 -0.8 | 2026 2.5,4.898979485566356,-3.9353189519441347,-4.710375881978499,false,false,false
H-006,"1000 ev, residual top 0.05",BTCUSDT,2023-01..2026-05,30.0,0.22026746511994721,-0.16882533447300324,1.057718480180603,57.06174819566961,1.9017722747734371,2023 -0.4 | 2024 0.1 | 2025 0.6 | 2026 1.1,4.898979485566356,-3.779732534880053,-4.168825334473003,false,false,false
H-006,"1000 ev, residual top 0.2",BTCUSDT,2023-01..2026-05,30.0,0.024830085422817644,-0.17502277540943317,-1.5274177922134922,214.4338412189254,-3.7947513136142286,2023 -0.1 | 2024 -0.0 | 2025 0.2 | 2026 -0.5,4.898979485566356,-3.975169914577182,-4.175022775409433,false,false,false
H-006,"1000 ev, return_pretrend top 0.01",BTCUSDT,2023-01..2026-05,30.0,14.177012420026063,-6.872094621439978,6.930921170446104,30.7890625,1.4320198450958708,2023 21.2 | 2024 47.2 | 2025 -10.9 | 2026 -12.9,4.898979485566356,10.177012420026063,-10.872094621439977,true,true,false
H-006,"1000 ev, return_pretrend top 0.05",BTCUSDT,2023-01..2026-05,30.0,8.735281419523043,-0.4892236828646261,10.87135767284401,68.14702581369248,1.0528232482071842,2023 9.3 | 2024 13.2 | 2025 5.2 | 2026 5.3,4.898979485566356,4.735281419523043,-4.489223682864626,true,true,false
H-006,"1000 ev, return_pretrend top 0.2",BTCUSDT,2023-01..2026-05,30.0,2.6957343120956647,0.23511406805880417,11.115752944243848,200.23615635179152,0.9163371093603215,2023 2.6 | 2024 2.3 | 2025 3.1 | 2026 3.3,4.898979485566356,-1.3042656879043353,-3.764885931941196,false,false,false
H-006,"1000 ev, return_pretrend_flow top 0.01",BTCUSDT,2023-01..2026-05,30.0,13.145059535111113,-5.968639532382805,7.50969367888223,27.20524017467249,1.4042318853784168,2023 17.7 | 2024 47.3 | 2025 -12.6 | 2026 -7.5,4.898979485566356,9.145059535111113,-9.968639532382806,true,true,false
H-006,"1000 ev, return_pretrend_flow top 0.05",BTCUSDT,2023-01..2026-05,30.0,7.811121058752959,-0.6887430335922203,11.635753696014019,66.70074547390841,1.0833396370125752,2023 8.2 | 2024 13.1 | 2025 5.3 | 2026 -1.3,4.898979485566356,3.811121058752959,-4.68874303359222,true,true,false
H-006,"1000 ev, return_pretrend_flow top 0.2",BTCUSDT,2023-01..2026-05,30.0,2.690025321546408,0.280297097260622,11.433096204941908,203.53652597402598,0.9001269517515665,2023 2.6 | 2024 2.3 | 2025 3.2 | 2026 3.3,4.898979485566356,-1.309974678453592,-3.719702902739378,false,false,false
H-006,"2000 ev, bar_return top 0.01",BTCUSDT,2023-01..2026-05,5.0,2.2215032610379506,1.4798234060465636,4.605771586981469,7.152941176470589,0.454244518447948,2023 3.2 | 2024 7.5 | 2025 0.2 | 2026 -0.5,2.0,-1.7784967389620494,-2.5201765939534364,true,false,false
H-006,"2000 ev, bar_return top 0.05",BTCUSDT,2023-01..2026-05,5.0,0.708345226628783,0.6400696203272831,6.594130782582495,28.149193548387096,0.2616218097622183,2023 1.1 | 2024 1.9 | 2025 -0.1 | 2026 0.3,2.0,-3.291654773371217,-3.3599303796727167,false,false,false
H-006,"2000 ev, bar_return top 0.2",BTCUSDT,2023-01..2026-05,5.0,0.5256109749300478,0.5068881891645228,9.733275439535022,105.70545746388443,0.1541404286108112,2023 0.7 | 2024 0.6 | 2025 0.6 | 2026 0.4,2.0,-3.4743890250699523,-3.4931118108354773,false,false,false
H-006,"2000 ev, components top 0.01",BTCUSDT,2023-01..2026-05,5.0,1.2782544708308439,1.1562213942129722,4.169894685909211,6.162239089184061,0.28948450144514865,2023 2.2 | 2024 2.0 | 2025 -0.7 | 2026 2.3,2.0,-2.721745529169156,-2.843778605787028,false,false,false
H-006,"2000 ev, components top 0.05",BTCUSDT,2023-01..2026-05,5.0,1.0957037047630922,0.9279103385802586,5.692342892011019,26.436041834271922,0.21118468453593517,2023 1.3 | 2024 1.9 | 2025 0.3 | 2026 0.8,2.0,-2.904296295236908,-3.0720896614197413,false,false,false
H-006,"2000 ev, components top 0.2",BTCUSDT,2023-01..2026-05,5.0,0.8063238473738453,0.7130658047735505,9.224097601492254,102.65437048917401,0.1786839131063537,2023 0.9 | 2024 1.1 | 2025 0.6 | 2026 0.8,2.0,-3.193676152626155,-3.2869341952264497,false,false,false
H-006,"2000 ev, full_impact top 0.01",BTCUSDT,2023-01..2026-05,5.0,13.378366178486484,7.5051691148277815,15.316621919374793,11.726256983240223,0.5039686250589986,2023 10.2 | 2024 29.4 | 2025 8.6 | 2026 8.0,2.0,9.378366178486484,3.5051691148277815,true,true,true
H-006,"2000 ev, full_impact top 0.05",BTCUSDT,2023-01..2026-05,5.0,5.195335321859257,2.86396341088295,18.313042919520985,30.983558994197292,0.4767517415091248,2023 4.8 | 2024 8.9 | 2025 3.0 | 2026 3.9,2.0,1.1953353218592566,-1.13603658911705,true,true,false
H-006,"2000 ev, full_impact top 0.2",BTCUSDT,2023-01..2026-05,5.0,1.9874627101757618,1.3740827039966128,15.626829268245103,102.89371980676329,0.33105979751377873,2023 2.1 | 2024 2.9 | 2025 1.0 | 2026 1.5,2.0,-2.0125372898242384,-2.6259172960033874,false,false,false
H-006,"2000 ev, full_impact_flow top 0.01",BTCUSDT,2023-01..2026-05,5.0,14.093897141986002,8.020489738118684,14.835457495997511,12.508163265306122,0.4909610219277914,2023 11.2 | 2024 30.0 | 2025 9.1 | 2026 6.9,2.0,10.093897141986002,4.020489738118684,true,true,true
H-006,"2000 ev, full_impact_flow top 0.05",BTCUSDT,2023-01..2026-05,5.0,5.416501453798084,3.040078001646958,18.38740751929032,31.216350947158524,0.468910891258696,2023 5.0 | 2024 9.0 | 2025 3.3 | 2026 4.0,2.0,1.4165014537980838,-0.959921998353042,true,true,false
H-006,"2000 ev, full_impact_flow top 0.2",BTCUSDT,2023-01..2026-05,5.0,2.041279817867047,1.4175792200793813,15.584192047113227,101.60161943319838,0.329698433591654,2023 2.1 | 2024 2.9 | 2025 1.1 | 2026 1.6,2.0,-1.9587201821329532,-2.5824207799206187,true,false,false
H-006,"2000 ev, pretrend_only top 0.01",BTCUSDT,2023-01..2026-05,5.0,16.826272695877783,6.027410483974273,12.016998025882637,17.567123287671233,0.6937784874172906,2023 18.5 | 2024 29.6 | 2025 10.6 | 2026 3.0,2.0,12.826272695877783,2.027410483974273,true,true,true
H-006,"2000 ev, pretrend_only top 0.05",BTCUSDT,2023-01..2026-05,5.0,4.975790667678272,2.316354431547314,15.854317037276465,33.3745963401507,0.558570357844186,2023 4.7 | 2024 8.4 | 2025 2.8 | 2026 3.7,2.0,0.9757906676782717,-1.683645568452686,true,true,false
H-006,"2000 ev, pretrend_only top 0.2",BTCUSDT,2023-01..2026-05,5.0,1.8208495692717976,1.1751657659732626,15.008245717077884,100.26444263628967,0.37400171114393677,2023 1.9 | 2024 2.5 | 2025 1.0 | 2026 1.3,2.0,-2.1791504307282024,-2.8248342340267376,false,false,false
H-006,"2000 ev, residual top 0.01",BTCUSDT,2023-01..2026-05,5.0,-0.6056200375679665,-0.8855448199245106,-0.16243931050992585,7.343575418994414,-1.1776435729854695,2023 0.2 | 2024 -2.0 | 2025 0.1 | 2026 -1.0,2.0,-4.605620037567967,-4.885544819924511,false,false,false
H-006,"2000 ev, residual top 0.05",BTCUSDT,2023-01..2026-05,5.0,-0.1495933513885972,-0.3389303601712849,-0.49489937584953486,29.292839903459374,-1.7853138250184148,2023 0.0 | 2024 -0.3 | 2025 -0.1 | 2026 -0.1,2.0,-4.149593351388598,-4.338930360171285,false,false,false
H-006,"2000 ev, residual top 0.2",BTCUSDT,2023-01..2026-05,5.0,-0.047793899009403736,-0.12068244544317082,0.10383838137915852,108.54691259021652,-1.6823825157287147,2023 -0.0 | 2024 -0.0 | 2025 -0.1 | 2026 0.1,2.0,-4.047793899009403,-4.120682445443171,false,false,false
H-006,"2000 ev, return_pretrend top 0.01",BTCUSDT,2023-01..2026-05,5.0,13.898257376355504,7.608477750403248,14.683281301799168,12.960084033613445,0.5284076239061776,2023 12.7 | 2024 26.7 | 2025 10.1 | 2026 6.4,2.0,9.898257376355504,3.6084777504032477,true,true,true
H-006,"2000 ev, return_pretrend top 0.05",BTCUSDT,2023-01..2026-05,5.0,4.979539769315466,2.652534845521225,18.417908751162106,31.887423935091277,0.49731672614346645,2023 4.4 | 2024 8.8 | 2025 2.9 | 2026 4.1,2.0,0.9795397693154664,-1.3474651544787748,true,true,false
H-006,"2000 ev, return_pretrend top 0.2",BTCUSDT,2023-01..2026-05,5.0,1.9458125865621212,1.3505052612478132,16.285952153349353,101.79983857949959,0.3329077328694588,2023 2.0 | 2024 2.9 | 2025 1.0 | 2026 1.5,2.0,-2.054187413437879,-2.6494947387521868,false,false,false
H-006,"2000 ev, return_pretrend_flow top 0.01",BTCUSDT,2023-01..2026-05,5.0,11.958510709508852,6.397909406117261,14.822943739827075,11.636861313868613,0.5257669339313416,2023 7.9 | 2024 26.8 | 2025 10.0 | 2026 6.4,2.0,7.958510709508852,2.397909406117261,true,true,true
H-006,"2000 ev, return_pretrend_flow top 0.05",BTCUSDT,2023-01..2026-05,5.0,5.103941734611568,2.761020884145709,18.159010901728198,31.601554907677357,0.4868094312643187,2023 4.5 | 2024 8.8 | 2025 3.1 | 2026 4.2,2.0,1.1039417346115679,-1.238979115854291,true,true,false
H-006,"2000 ev, return_pretrend_flow top 0.2",BTCUSDT,2023-01..2026-05,5.0,1.9436516469371137,1.3278556042419167,15.566006752918703,103.36180499597099,0.337986954357183,2023 2.0 | 2024 2.9 | 2025 1.0 | 2026 1.5,2.0,-2.0563483530628863,-2.6721443957580835,false,false,false
H-006,"2000 ev, bar_return top 0.01",BTCUSDT,2023-01..2026-05,10.0,2.6128560272176427,1.798884244476847,5.449954752397382,7.152941176470589,0.43072619193265155,2023 4.1 | 2024 7.8 | 2025 0.5 | 2026 -1.3,2.8284271247461903,-1.3871439727823573,-2.201115755523153,false,false,false
H-006,"2000 ev, bar_return top 0.05",BTCUSDT,2023-01..2026-05,10.0,0.6392873066661949,0.541988331201198,6.6948568934904875,28.149193548387096,0.3217424558160877,2023 0.9 | 2024 1.8 | 2025 0.1 | 2026 0.1,2.8284271247461903,-3.360712693333805,-3.458011668798802,false,false,false
H-006,"2000 ev, bar_return top 0.2",BTCUSDT,2023-01..2026-05,10.0,0.5359098246374988,0.5266813146644728,9.712882943415154,105.70545746388443,0.13891466051505671,2023 0.5 | 2024 0.8 | 2025 0.7 | 2026 0.3,2.8284271247461903,-3.464090175362501,-3.4733186853355273,false,false,false
H-006,"2000 ev, components top 0.01",BTCUSDT,2023-01..2026-05,10.0,1.2657579000713288,1.0225798668066137,3.8152577840974846,6.447069943289225,0.3666690192233282,2023 2.0 | 2024 1.2 | 2025 -0.2 | 2026 4.2,2.8284271247461903,-2.734242099928671,-2.9774201331933865,false,false,false
H-006,"2000 ev, components top 0.05",BTCUSDT,2023-01..2026-05,10.0,1.0232474506663167,0.8329726378216564,5.86111276985207,26.479485116653258,0.23886102345220522,2023 0.8 | 2024 1.6 | 2025 0.9 | 2026 1.5,2.8284271247461903,-2.9767525493336833,-3.1670273621783434,false,false,false
H-006,"2000 ev, components top 0.2",BTCUSDT,2023-01..2026-05,10.0,0.8924560534775731,0.7416439573879972,9.053632661080199,102.99358460304731,0.21473371016651918,2023 0.7 | 2024 1.3 | 2025 1.0 | 2026 0.6,2.8284271247461903,-3.107543946522427,-3.258356042612003,false,false,false
H-006,"2000 ev, full_impact top 0.01",BTCUSDT,2023-01..2026-05,10.0,11.208019808421309,3.9594890359821986,12.440093161245198,11.601990049751244,0.6769619572573854,2023 8.0 | 2024 32.2 | 2025 3.8 | 2026 5.7,2.8284271247461903,7.208019808421309,-0.04051096401780141,true,true,false
H-006,"2000 ev, full_impact top 0.05",BTCUSDT,2023-01..2026-05,10.0,5.706162339855378,2.0695205960942906,15.603846104778896,31.75188679245283,0.6549055524574382,2023 4.9 | 2024 9.7 | 2025 3.7 | 2026 4.5,2.8284271247461903,1.7061623398553776,-1.9304794039057094,true,true,false
H-006,"2000 ev, full_impact top 0.2",BTCUSDT,2023-01..2026-05,10.0,2.1263061251051827,1.0182147133022692,12.959082928295624,104.99436392914654,0.5402232400255285,2023 1.4 | 2024 3.2 | 2025 2.2 | 2026 1.9,2.8284271247461903,-1.8736938748948173,-2.981785286697731,false,false,false
H-006,"2000 ev, full_impact_flow top 0.01",BTCUSDT,2023-01..2026-05,10.0,14.647989822137724,4.563916405177987,12.10949468996736,12.137176938369782,0.721001845472487,2023 10.1 | 2024 33.6 | 2025 9.1 | 2026 8.3,2.8284271247461903,10.647989822137724,0.563916405177987,true,true,true
H-006,"2000 ev, full_impact_flow top 0.05",BTCUSDT,2023-01..2026-05,10.0,5.9315320351985905,2.08209473894416,15.476648246904618,31.686175580222,0.6664924051310294,2023 5.0 | 2024 10.1 | 2025 3.5 | 2026 4.7,2.8284271247461903,1.9315320351985905,-1.9179052610558398,true,true,false
H-006,"2000 ev, full_impact_flow top 0.2",BTCUSDT,2023-01..2026-05,10.0,2.3143004751420753,1.1672303204252148,13.092742153122218,101.27669902912622,0.5155699526580515,2023 1.7 | 2024 3.2 | 2025 2.3 | 2026 1.9,2.8284271247461903,-1.6856995248579247,-2.832769679574785,false,false,false
H-006,"2000 ev, pretrend_only top 0.01",BTCUSDT,2023-01..2026-05,10.0,17.79385063979245,-1.2082507852489508,8.361182076814021,16.918539325842698,1.0589030449796568,2023 15.2 | 2024 36.8 | 2025 11.8 | 2026 3.8,2.8284271247461903,13.79385063979245,-5.208250785248951,true,true,false
H-006,"2000 ev, pretrend_only top 0.05",BTCUSDT,2023-01..2026-05,10.0,5.197639956165159,0.4210884899677576,12.527828483121262,34.635955056179775,0.9235761357190774,2023 3.2 | 2024 9.4 | 2025 3.6 | 2026 5.5,2.8284271247461903,1.1976399561651592,-3.5789115100322424,true,true,false
H-006,"2000 ev, pretrend_only top 0.2",BTCUSDT,2023-01..2026-05,10.0,2.0364863035836756,0.863454180232735,12.793103368684106,100.5220588235294,0.5926809640030045,2023 1.6 | 2024 2.7 | 2025 1.7 | 2026 2.2,2.8284271247461903,-1.9635136964163244,-3.136545819767265,false,false,false
H-006,"2000 ev, residual top 0.01",BTCUSDT,2023-01..2026-05,10.0,-0.8020639797537574,-1.4292838988324512,-1.110035303693386,7.343575418994414,-0.7312473562080009,2023 0.1 | 2024 -2.6 | 2025 -0.6 | 2026 -1.4,2.8284271247461903,-4.802063979753758,-5.429283898832451,false,false,false
H-006,"2000 ev, residual top 0.05",BTCUSDT,2023-01..2026-05,10.0,-0.12289252398200291,-0.43429934167571593,-1.037529973899552,29.292839903459374,-1.3973089127399905,2023 0.0 | 2024 -0.3 | 2025 -0.3 | 2026 -0.3,2.8284271247461903,-4.122892523982003,-4.434299341675716,false,false,false
H-006,"2000 ev, residual top 0.2",BTCUSDT,2023-01..2026-05,10.0,-0.025268782981243045,-0.1866729373880647,-1.2615402370638469,108.54691259021652,-1.6430075187285362,2023 -0.1 | 2024 -0.0 | 2025 -0.1 | 2026 -0.2,2.8284271247461903,-4.025268782981243,-4.186672937388065,false,false,false
H-006,"2000 ev, return_pretrend top 0.01",BTCUSDT,2023-01..2026-05,10.0,12.669939219086224,3.3857895234314315,12.197280000159285,12.117537313432836,0.762877154616687,2023 9.6 | 2024 33.1 | 2025 5.4 | 2026 6.6,2.8284271247461903,8.669939219086224,-0.6142104765685685,true,true,false
H-006,"2000 ev, return_pretrend top 0.05",BTCUSDT,2023-01..2026-05,10.0,5.366393632162663,1.569236171752334,15.317396258881269,32.98779247202442,0.7220393619857544,2023 4.3 | 2024 9.5 | 2025 3.3 | 2026 5.0,2.8284271247461903,1.366393632162663,-2.430763828247666,true,true,false
H-006,"2000 ev, return_pretrend top 0.2",BTCUSDT,2023-01..2026-05,10.0,1.9836390372322652,0.9147966866000146,13.415415714658515,104.01694915254237,0.5575786004328425,2023 1.3 | 2024 2.9 | 2025 1.9 | 2026 1.9,2.8284271247461903,-2.0163609627677346,-3.0852033133999854,false,false,false
H-006,"2000 ev, return_pretrend_flow top 0.01",BTCUSDT,2023-01..2026-05,10.0,10.789389575790633,3.1909265668487294,12.081355006180004,10.965189873417721,0.7297323996538357,2023 8.6 | 2024 32.7 | 2025 1.6 | 2026 4.5,2.8284271247461903,6.789389575790633,-0.8090734331512706,true,true,false
H-006,"2000 ev, return_pretrend_flow top 0.05",BTCUSDT,2023-01..2026-05,10.0,5.538737191986465,1.8814501261087062,14.922888233017598,32.306742640075974,0.6748908829190758,2023 4.6 | 2024 9.7 | 2025 3.7 | 2026 4.7,2.8284271247461903,1.5387371919864652,-2.118549873891294,true,true,false
H-006,"2000 ev, return_pretrend_flow top 0.2",BTCUSDT,2023-01..2026-05,10.0,2.0286714055139825,0.948967223343057,12.905624857436385,106.2308930008045,0.551455609228944,2023 1.3 | 2024 3.0 | 2025 1.9 | 2026 2.0,2.8284271247461903,-1.9713285944860175,-3.051032776656943,false,false,false
H-006,"2000 ev, bar_return top 0.01",BTCUSDT,2023-01..2026-05,15.0,2.898576897177913,1.580581037245766,4.722784970937258,7.152941176470589,0.5463378048172498,2023 4.6 | 2024 7.1 | 2025 1.1 | 2026 -0.8,3.4641016151377544,-1.1014231028220869,-2.419418962754234,false,false,false
H-006,"2000 ev, bar_return top 0.05",BTCUSDT,2023-01..2026-05,15.0,0.5968769062825622,0.4564792509614488,6.464416925599727,28.149193548387096,0.41216346534174336,2023 0.7 | 2024 1.5 | 2025 0.3 | 2026 0.5,3.4641016151377544,-3.4031230937174377,-3.543520749038551,false,false,false
H-006,"2000 ev, bar_return top 0.2",BTCUSDT,2023-01..2026-05,15.0,0.5917899737372111,0.5666029397301833,9.41514799795167,105.70545746388443,0.17942499254321223,2023 0.6 | 2024 0.6 | 2025 0.9 | 2026 0.7,3.4641016151377544,-3.408210026262789,-3.433397060269817,false,false,false
H-006,"2000 ev, components top 0.01",BTCUSDT,2023-01..2026-05,15.0,0.9947094174301302,0.6537619380256648,2.4040367747809257,6.287593984962406,0.5125399519516598,2023 1.9 | 2024 0.7 | 2025 -1.0 | 2026 5.5,3.4641016151377544,-3.0052905825698697,-3.346238061974335,false,false,false
H-006,"2000 ev, components top 0.05",BTCUSDT,2023-01..2026-05,15.0,0.865500901926132,0.6202041339267347,4.15739976697911,26.439259855189057,0.3520343624095771,2023 1.0 | 2024 1.0 | 2025 0.5 | 2026 1.8,3.4641016151377544,-3.134499098073868,-3.379795866073265,false,false,false
H-006,"2000 ev, components top 0.2",BTCUSDT,2023-01..2026-05,15.0,0.9454469830011734,0.7771673481965268,8.108639512744809,102.58299919807538,0.22328750063107083,2023 0.9 | 2024 1.1 | 2025 1.1 | 2026 1.1,3.4641016151377544,-3.0545530169988266,-3.2228326518034733,false,false,false
H-006,"2000 ev, full_impact top 0.01",BTCUSDT,2023-01..2026-05,15.0,8.49437740688793,-1.1519756846814204,9.451492691895393,11.3796992481203,1.1208802792451413,2023 7.1 | 2024 29.8 | 2025 -4.6 | 2026 6.5,3.4641016151377544,4.49437740688793,-5.15197568468142,true,true,false
H-006,"2000 ev, full_impact top 0.05",BTCUSDT,2023-01..2026-05,15.0,6.4151456099713435,0.6386100535682088,13.105229540526556,30.82724580454097,0.9064391341179656,2023 5.4 | 2024 10.6 | 2025 4.3 | 2026 5.6,3.4641016151377544,2.4151456099713435,-3.361389946431791,true,true,false
H-006,"2000 ev, full_impact top 0.2",BTCUSDT,2023-01..2026-05,15.0,2.3247440248253315,0.7200744568755061,11.501388809237538,102.32634971796938,0.7054477656530367,2023 1.9 | 2024 2.6 | 2025 2.5 | 2026 3.0,3.4641016151377544,-1.6752559751746685,-3.279925543124494,false,false,false
H-006,"2000 ev, full_impact_flow top 0.01",BTCUSDT,2023-01..2026-05,15.0,12.376056193913971,0.7694633963902668,8.6287475965365,12.160520607375272,0.9458202488927633,2023 12.3 | 2024 32.9 | 2025 -4.1 | 2026 12.0,3.4641016151377544,8.376056193913971,-3.230536603609733,true,true,false
H-006,"2000 ev, full_impact_flow top 0.05",BTCUSDT,2023-01..2026-05,15.0,7.01037390819003,1.071930292040909,13.13684556294922,30.06332992849847,0.8569214951650856,2023 6.4 | 2024 10.9 | 2025 4.4 | 2026 6.2,3.4641016151377544,3.0103739081900303,-2.928069707959091,true,true,false
H-006,"2000 ev, full_impact_flow top 0.2",BTCUSDT,2023-01..2026-05,15.0,2.4187417276985896,0.7684663382218277,11.326323442507475,99.28802588996764,0.6982650987371946,2023 1.8 | 2024 2.8 | 2025 2.6 | 2026 3.1,3.4641016151377544,-1.5812582723014104,-3.2315336617781725,false,false,false
H-006,"2000 ev, pretrend_only top 0.01",BTCUSDT,2023-01..2026-05,15.0,9.853406620968556,-8.276669217930875,6.085082160172035,18.75862068965517,1.7309671205918067,2023 13.2 | 2024 34.0 | 2025 -7.5 | 2026 -0.5,3.4641016151377544,5.853406620968556,-12.276669217930875,true,true,false
H-006,"2000 ev, pretrend_only top 0.05",BTCUSDT,2023-01..2026-05,15.0,6.996826099851707,-0.3339867678520748,9.717202175600024,35.551764705882356,1.0445793846699853,2023 5.7 | 2024 10.3 | 2025 5.1 | 2026 8.7,3.4641016151377544,2.996826099851707,-4.333986767852075,true,true,false
H-006,"2000 ev, pretrend_only top 0.2",BTCUSDT,2023-01..2026-05,15.0,1.910907004942461,0.1794880468095155,8.763070759489088,101.07901234567902,0.9106528726010845,2023 0.9 | 2024 2.4 | 2025 2.2 | 2026 2.8,3.4641016151377544,-2.089092995057539,-3.8205119531904845,false,false,false
H-006,"2000 ev, residual top 0.01",BTCUSDT,2023-01..2026-05,15.0,-1.0673416763089516,-1.8983424265310633,-0.21052821193529014,7.343575418994414,-0.6713553337585351,2023 -0.0 | 2024 -2.3 | 2025 -1.7 | 2026 -0.5,3.4641016151377544,-5.067341676308952,-5.898342426531063,false,false,false
H-006,"2000 ev, residual top 0.05",BTCUSDT,2023-01..2026-05,15.0,0.05011501093947392,-0.37607286895914194,0.4988104143894141,29.292839903459374,50.33513542912434,2023 0.5 | 2024 0.1 | 2025 -0.5 | 2026 -0.1,3.4641016151377544,-3.949884989060526,-4.376072868959142,false,false,false
H-006,"2000 ev, residual top 0.2",BTCUSDT,2023-01..2026-05,15.0,0.0021345703147129325,-0.12692679178464267,0.041614069257120204,108.54691259021652,-16.101894332519517,2023 0.2 | 2024 -0.1 | 2025 -0.1 | 2026 -0.1,3.4641016151377544,-3.997865429685287,-4.126926791784642,false,false,false
H-006,"2000 ev, return_pretrend top 0.01",BTCUSDT,2023-01..2026-05,15.0,8.117800952147547,-2.4430259080371255,8.49641660385415,12.947807933194154,1.2618284894023004,2023 8.1 | 2024 31.3 | 2025 -5.9 | 2026 4.6,3.4641016151377544,4.117800952147547,-6.443025908037125,true,true,false
H-006,"2000 ev, return_pretrend top 0.05",BTCUSDT,2023-01..2026-05,15.0,6.3660455575327815,0.4733298562291411,12.66182032898025,32.794708994709,0.9307858447451712,2023 4.7 | 2024 10.4 | 2025 4.6 | 2026 7.8,3.4641016151377544,2.3660455575327815,-3.526670143770859,true,true,false
H-006,"2000 ev, return_pretrend top 0.2",BTCUSDT,2023-01..2026-05,15.0,2.0487546935703076,0.47283726637622653,11.58781052114735,101.93290218270008,0.7813469099583709,2023 1.3 | 2024 2.5 | 2025 2.2 | 2026 2.8,3.4641016151377544,-1.9512453064296924,-3.5271627336237734,false,false,false
H-006,"2000 ev, return_pretrend_flow top 0.01",BTCUSDT,2023-01..2026-05,15.0,7.243371995143253,-1.9276120380896038,9.145477828769312,11.656363636363636,1.2328230242383689,2023 5.6 | 2024 30.4 | 2025 -4.7 | 2026 4.8,3.4641016151377544,3.243371995143253,-5.927612038089604,true,true,false
H-006,"2000 ev, return_pretrend_flow top 0.05",BTCUSDT,2023-01..2026-05,15.0,6.05534372130314,0.42159891548053885,13.093984011144647,32.08140703517588,0.9347211965439246,2023 5.1 | 2024 10.2 | 2025 4.3 | 2026 4.9,3.4641016151377544,2.0553437213031396,-3.578401084519461,true,true,false
H-006,"2000 ev, return_pretrend_flow top 0.2",BTCUSDT,2023-01..2026-05,15.0,2.155517592928233,0.5733536352813005,11.606039436994488,103.91041162227603,0.7474449926816178,2023 1.7 | 2024 2.5 | 2025 2.2 | 2026 2.9,3.4641016151377544,-1.8444824070717671,-3.4266463647186995,false,false,false
H-006,"2000 ev, bar_return top 0.01",BTCUSDT,2023-01..2026-05,30.0,3.1996006600319835,1.501959760374242,3.7714214974997,7.152941176470589,0.5967280381491883,2023 5.7 | 2024 6.6 | 2025 0.9 | 2026 -1.6,4.898979485566356,-0.8003993399680165,-2.498040239625758,false,false,false
H-006,"2000 ev, bar_return top 0.05",BTCUSDT,2023-01..2026-05,30.0,0.8496894307883944,0.5840941689950011,6.330908325130176,28.149193548387096,0.40850560445852147,2023 1.3 | 2024 1.8 | 2025 -0.0 | 2026 1.0,4.898979485566356,-3.1503105692116056,-3.415905831004999,false,false,false
H-006,"2000 ev, bar_return top 0.2",BTCUSDT,2023-01..2026-05,30.0,0.5735684907796049,0.5217332911103019,8.117942126804168,105.70545746388443,0.18908301296900693,2023 0.7 | 2024 0.3 | 2025 0.9 | 2026 0.8,4.898979485566356,-3.426431509220395,-3.478266708889698,false,false,false
H-006,"2000 ev, components top 0.01",BTCUSDT,2023-01..2026-05,30.0,0.6109961332820995,0.009297277142248856,2.2866623502876178,6.200374531835206,0.9897568461329384,2023 1.7 | 2024 -0.3 | 2025 -1.7 | 2026 5.7,4.898979485566356,-3.3890038667179008,-3.990702722857751,false,false,false
H-006,"2000 ev, components top 0.05",BTCUSDT,2023-01..2026-05,30.0,0.9482815393339321,0.690392588588318,4.182604923738217,26.362027353177794,0.32218501500767066,2023 1.4 | 2024 0.7 | 2025 0.4 | 2026 1.6,4.898979485566356,-3.051718460666068,-3.3096074114116822,false,false,false
H-006,"2000 ev, components top 0.2",BTCUSDT,2023-01..2026-05,30.0,1.0412245959441186,0.8746019997956671,7.844695758353288,102.1812349639134,0.20140468318903357,2023 1.0 | 2024 0.9 | 2025 1.3 | 2026 1.2,4.898979485566356,-2.9587754040558814,-3.125398000204333,false,false,false
H-006,"2000 ev, full_impact top 0.01",BTCUSDT,2023-01..2026-05,30.0,13.940139414196873,-3.2794298843930734,7.831778165894936,13.042462845010617,1.2103689585502484,2023 14.9 | 2024 46.0 | 2025 -5.9 | 2026 -3.9,4.898979485566356,9.940139414196873,-7.279429884393073,true,true,false
H-006,"2000 ev, full_impact top 0.05",BTCUSDT,2023-01..2026-05,30.0,8.08864522066646,-0.28886586627245886,11.439541416276976,32.506806282722515,1.0338230694821169,2023 8.0 | 2024 12.8 | 2025 6.3 | 2026 0.6,4.898979485566356,4.088645220666461,-4.288865866272459,true,true,false
H-006,"2000 ev, full_impact top 0.2",BTCUSDT,2023-01..2026-05,30.0,2.7907516798847007,0.47640573264948544,11.556650461435664,100.93301049233253,0.8359778315442122,2023 3.0 | 2024 2.6 | 2025 3.3 | 2026 1.6,4.898979485566356,-1.2092483201152993,-3.5235942673505147,false,false,false
H-006,"2000 ev, full_impact_flow top 0.01",BTCUSDT,2023-01..2026-05,30.0,16.47649587612324,-2.68856270222436,6.828692515830316,13.56280193236715,1.1435647643091784,2023 16.3 | 2024 46.6 | 2025 -5.6 | 2026 14.8,4.898979485566356,12.476495876123241,-6.68856270222436,true,true,false
H-006,"2000 ev, full_impact_flow top 0.05",BTCUSDT,2023-01..2026-05,30.0,9.094549311392274,0.2916197647466181,11.601700564630791,30.893617021276597,0.9698156712419077,2023 10.2 | 2024 13.6 | 2025 6.2 | 2026 2.6,4.898979485566356,5.094549311392274,-3.708380235253382,true,true,false
H-006,"2000 ev, full_impact_flow top 0.2",BTCUSDT,2023-01..2026-05,30.0,3.0092787954613804,0.6570272401901046,10.529407569245143,97.40827922077922,0.7904510046707233,2023 3.5 | 2024 2.7 | 2025 3.3 | 2026 2.2,4.898979485566356,-0.9907212045386196,-3.3429727598098955,false,false,false
H-006,"2000 ev, pretrend_only top 0.01",BTCUSDT,2023-01..2026-05,30.0,15.013402268577765,-8.838790592542265,5.375539781969237,19.328859060402685,1.5177094567826572,2023 26.9 | 2024 48.9 | 2025 -14.4 | 2026 -20.1,4.898979485566356,11.013402268577765,-12.838790592542265,true,true,false
H-006,"2000 ev, pretrend_only top 0.05",BTCUSDT,2023-01..2026-05,30.0,9.01583021662079,-0.9950715655787677,8.894965403277169,36.55799755799756,1.1035594917445446,2023 9.7 | 2024 12.7 | 2025 5.4 | 2026 7.7,4.898979485566356,5.01583021662079,-4.995071565578768,true,true,false
H-006,"2000 ev, pretrend_only top 0.2",BTCUSDT,2023-01..2026-05,30.0,2.8157175249694792,0.18727709660622202,9.206646613708298,99.67871815940838,0.9362316898752996,2023 2.6 | 2024 2.4 | 2025 3.1 | 2026 4.0,4.898979485566356,-1.1842824750305208,-3.812722903393778,false,false,false
H-006,"2000 ev, residual top 0.01",BTCUSDT,2023-01..2026-05,30.0,0.15766837103749023,-0.9692832773385656,1.0657216576519324,7.343575418994414,4.471637531147835,2023 -0.6 | 2024 -0.6 | 2025 1.3 | 2026 1.4,4.898979485566356,-3.84233162896251,-4.969283277338565,false,false,false
H-006,"2000 ev, residual top 0.05",BTCUSDT,2023-01..2026-05,30.0,0.20514830306539467,-0.38275160091077187,-0.10900491883921716,29.292839903459374,2.791520604809903,2023 0.3 | 2024 0.1 | 2025 0.4 | 2026 -0.3,4.898979485566356,-3.7948516969346056,-4.382751600910772,false,false,false
H-006,"2000 ev, residual top 0.2",BTCUSDT,2023-01..2026-05,30.0,-0.09437961071304106,-0.2468764463028388,-0.8153025986885016,108.54691259021652,-1.8303556557611091,2023 0.2 | 2024 -0.4 | 2025 -0.1 | 2026 -0.1,4.898979485566356,-4.094379610713041,-4.246876446302839,false,false,false
H-006,"2000 ev, return_pretrend top 0.01",BTCUSDT,2023-01..2026-05,30.0,12.826732889849735,-6.265035366519559,6.955678556710424,14.852579852579852,1.4291090072140065,2023 14.3 | 2024 47.8 | 2025 -8.2 | 2026 -7.2,4.898979485566356,8.826732889849735,-10.265035366519559,true,true,false
H-006,"2000 ev, return_pretrend top 0.05",BTCUSDT,2023-01..2026-05,30.0,8.223780520596659,-0.5535369733045878,10.597354250769015,34.10626398210291,1.063446241082895,2023 8.9 | 2024 12.6 | 2025 5.7 | 2026 1.7,4.898979485566356,4.223780520596659,-4.553536973304588,true,true,false
H-006,"2000 ev, return_pretrend top 0.2",BTCUSDT,2023-01..2026-05,30.0,2.6893170581266954,0.296591812664736,11.012503598227521,101.04738562091504,0.8943706567293406,2023 2.7 | 2024 2.4 | 2025 3.1 | 2026 2.7,4.898979485566356,-1.3106829418733046,-3.7034081873352642,false,false,false
H-006,"2000 ev, return_pretrend_flow top 0.01",BTCUSDT,2023-01..2026-05,30.0,13.189383134924038,-4.861962684443406,7.580063216671332,13.964285714285714,1.32453890011046,2023 14.1 | 2024 48.0 | 2025 -7.8 | 2026 -4.6,4.898979485566356,9.189383134924038,-8.861962684443405,true,true,false
H-006,"2000 ev, return_pretrend_flow top 0.05",BTCUSDT,2023-01..2026-05,30.0,7.643620615265168,-0.6750356809633067,11.053336418174931,33.936285097192226,1.0835426058650814,2023 7.5 | 2024 12.7 | 2025 5.6 | 2026 0.2,4.898979485566356,3.643620615265168,-4.6750356809633065,true,true,false
H-006,"2000 ev, return_pretrend_flow top 0.2",BTCUSDT,2023-01..2026-05,30.0,2.714846080816782,0.35829285074018347,11.016242022424484,102.33279088689991,0.8735201098720473,2023 2.7 | 2024 2.4 | 2025 3.2 | 2026 2.6,4.898979485566356,-1.2851539191832182,-3.6417071492598163,false,false,false
H-006,"4000 ev, bar_return top 0.01",BTCUSDT,2023-01..2026-05,5.0,3.1458048032894985,2.100276227932092,5.516623671771872,4.089017341040463,0.4254177954157588,2023 3.6 | 2024 10.0 | 2025 0.5 | 2026 -0.8,2.0,-0.8541951967105015,-1.899723772067908,true,false,false
H-006,"4000 ev, bar_return top 0.05",BTCUSDT,2023-01..2026-05,5.0,1.5274865394919757,1.1854565010664015,7.540626871179286,14.109060402684564,0.24721152954962441,2023 1.7 | 2024 3.0 | 2025 0.4 | 2026 1.0,2.0,-2.4725134605080243,-2.8145434989335985,false,false,false
H-006,"4000 ev, bar_return top 0.2",BTCUSDT,2023-01..2026-05,5.0,0.684689949762988,0.5576443927631005,8.867170804596162,52.84055600981194,0.21845726513213093,2023 0.7 | 2024 1.1 | 2025 0.4 | 2026 0.3,2.0,-3.315310050237012,-3.4423556072368995,false,false,false
H-006,"4000 ev, components top 0.01",BTCUSDT,2023-01..2026-05,5.0,2.083671518484124,1.3446427713955518,5.057477811265071,3.618771726535342,0.416780430808438,2023 3.2 | 2024 2.9 | 2025 -2.1 | 2026 6.3,2.0,-1.916328481515876,-2.6553572286044482,true,false,false
H-006,"4000 ev, components top 0.05",BTCUSDT,2023-01..2026-05,5.0,1.66864867663352,1.2279100037075654,6.724407813004297,13.274395329441202,0.27739097193088824,2023 1.9 | 2024 1.9 | 2025 1.1 | 2026 1.7,2.0,-2.33135132336648,-2.7720899962924346,false,false,false
H-006,"4000 ev, components top 0.2",BTCUSDT,2023-01..2026-05,5.0,0.9645790747673367,0.7959371295405654,8.574476444588853,51.04163265306122,0.20547131120090653,2023 0.9 | 2024 1.4 | 2025 0.8 | 2026 0.8,2.0,-3.035420925232663,-3.2040628704594347,false,false,false
H-006,"4000 ev, full_impact top 0.01",BTCUSDT,2023-01..2026-05,5.0,12.592949119054868,6.851217612134148,13.258435224182868,6.319838056680162,0.49599847512911827,2023 8.8 | 2024 27.1 | 2025 8.3 | 2026 10.3,2.0,8.592949119054868,2.851217612134148,true,true,true
H-006,"4000 ev, full_impact top 0.05",BTCUSDT,2023-01..2026-05,5.0,4.8617864966791196,2.5556576089082297,16.41769847216935,16.04503582395087,0.49247474120530593,2023 3.9 | 2024 8.3 | 2025 2.9 | 2026 5.1,2.0,0.8617864966791196,-1.4443423910917703,true,true,false
H-006,"4000 ev, full_impact top 0.2",BTCUSDT,2023-01..2026-05,5.0,1.9720381354324799,1.3624100680816122,14.79662766386725,51.64545454545455,0.33475392455131336,2023 1.9 | 2024 3.0 | 2025 1.2 | 2026 1.4,2.0,-2.02796186456752,-2.637589931918388,false,false,false
H-006,"4000 ev, full_impact_flow top 0.01",BTCUSDT,2023-01..2026-05,5.0,13.16040870171883,7.263648602216104,12.686605059429358,6.688888888888889,0.4899012161325443,2023 9.9 | 2024 25.7 | 2025 9.9 | 2026 5.8,2.0,9.16040870171883,3.2636486022161044,true,true,true
H-006,"4000 ev, full_impact_flow top 0.05",BTCUSDT,2023-01..2026-05,5.0,5.004425822209002,2.6273303136091792,16.725252501455046,16.58887677208288,0.4950080915573322,2023 3.8 | 2024 8.5 | 2025 3.2 | 2026 4.9,2.0,1.0044258222090017,-1.3726696863908208,true,true,false
H-006,"4000 ev, full_impact_flow top 0.2",BTCUSDT,2023-01..2026-05,5.0,1.9998197862476432,1.3816675590743195,15.109749883333235,50.82244556113903,0.34046142786412265,2023 1.9 | 2024 2.9 | 2025 1.3 | 2026 1.7,2.0,-2.0001802137523566,-2.6183324409256805,false,false,false
H-006,"4000 ev, pretrend_only top 0.01",BTCUSDT,2023-01..2026-05,5.0,16.61643999814501,5.7064153078966875,9.36546086867128,9.867507886435332,0.7095288226351949,2023 17.1 | 2024 28.0 | 2025 12.2 | 2026 3.8,2.0,12.616439998145012,1.7064153078966875,true,true,true
H-006,"4000 ev, pretrend_only top 0.05",BTCUSDT,2023-01..2026-05,5.0,4.7814264703370455,1.8989414455048992,13.568539050433616,17.848056537102472,0.6209326303264815,2023 4.1 | 2024 8.4 | 2025 2.3 | 2026 4.6,2.0,0.7814264703370455,-2.1010585544951006,true,true,false
H-006,"4000 ev, pretrend_only top 0.2",BTCUSDT,2023-01..2026-05,5.0,1.725125902967651,1.0355749201277151,13.54062519703486,50.98141891891892,0.41310565500297325,2023 1.7 | 2024 2.4 | 2025 1.1 | 2026 1.3,2.0,-2.274874097032349,-2.964425079872285,false,false,false
H-006,"4000 ev, residual top 0.01",BTCUSDT,2023-01..2026-05,5.0,-0.7001637855428382,-1.3537929966256266,-1.5645504388312892,4.173724212812161,-2.1396174999255497,2023 -0.0 | 2024 0.8 | 2025 -1.2 | 2026 -1.7,2.0,-4.700163785542838,-5.353792996625627,false,false,false
H-006,"4000 ev, residual top 0.05",BTCUSDT,2023-01..2026-05,5.0,0.17854002713035685,-0.057168410511121114,2.201593982943849,14.983484723369116,1.2075794199246337,2023 -0.0 | 2024 0.4 | 2025 0.5 | 2026 0.0,2.0,-3.821459972869643,-4.057168410511121,false,false,false
H-006,"4000 ev, residual top 0.2",BTCUSDT,2023-01..2026-05,5.0,-0.07099702015442802,-0.1499457180292249,1.1785649527995419,54.55872756933116,-3.3642351322041497,2023 -0.0 | 2024 -0.1 | 2025 -0.0 | 2026 0.2,2.0,-4.070997020154428,-4.149945718029225,false,false,false
H-006,"4000 ev, return_pretrend top 0.01",BTCUSDT,2023-01..2026-05,5.0,13.61325653353719,7.623547270702986,13.364050982682013,6.633047210300429,0.4904204113420969,2023 12.6 | 2024 26.9 | 2025 8.1 | 2026 8.1,2.0,9.61325653353719,3.6235472707029857,true,true,true
H-006,"4000 ev, return_pretrend top 0.05",BTCUSDT,2023-01..2026-05,5.0,4.467502221594021,2.2937374881827153,16.18941929284907,16.568230277185503,0.5119847389280575,2023 3.2 | 2024 8.2 | 2025 2.8 | 2026 4.9,2.0,0.467502221594021,-1.7062625118172847,true,true,false
H-006,"4000 ev, return_pretrend top 0.2",BTCUSDT,2023-01..2026-05,5.0,1.8792171368888526,1.2681180640184007,15.317673643717292,51.89416666666666,0.3460939707724444,2023 1.7 | 2024 2.9 | 2025 1.0 | 2026 1.5,2.0,-2.120782863111147,-2.7318819359815993,false,false,false
H-006,"4000 ev, return_pretrend_flow top 0.01",BTCUSDT,2023-01..2026-05,5.0,11.383681472546462,6.4124913998169415,13.34734105325757,6.182857142857143,0.4764416436151917,2023 7.8 | 2024 27.3 | 2025 7.0 | 2026 7.3,2.0,7.383681472546462,2.4124913998169415,true,true,true
H-006,"4000 ev, return_pretrend_flow top 0.05",BTCUSDT,2023-01..2026-05,5.0,4.522238921304729,2.314571593147614,16.19347786847943,16.2103134479272,0.506241402124429,2023 3.8 | 2024 7.8 | 2025 2.6 | 2026 4.7,2.0,0.5222389213047292,-1.685428406852386,true,true,false
H-006,"4000 ev, return_pretrend_flow top 0.2",BTCUSDT,2023-01..2026-05,5.0,1.9336566623314602,1.321160296421396,14.9838256476135,52.17107438016529,0.33821501045260277,2023 1.8 | 2024 3.0 | 2025 1.1 | 2026 1.4,2.0,-2.06634333766854,-2.6788397035786042,false,false,false
H-006,"4000 ev, bar_return top 0.01",BTCUSDT,2023-01..2026-05,10.0,2.8347070651592383,1.767194383864318,5.245250036434591,4.089017341040463,0.471384313866825,2023 4.0 | 2024 8.0 | 2025 0.9 | 2026 -2.5,2.8284271247461903,-1.1652929348407617,-2.232805616135682,true,false,false
H-006,"4000 ev, bar_return top 0.05",BTCUSDT,2023-01..2026-05,10.0,1.4926902743080783,1.1370994895987612,6.8224192065573765,14.109060402684564,0.2627348146859569,2023 1.5 | 2024 2.8 | 2025 0.7 | 2026 0.9,2.8284271247461903,-2.507309725691922,-2.862900510401239,false,false,false
H-006,"4000 ev, bar_return top 0.2",BTCUSDT,2023-01..2026-05,10.0,0.6644401304041021,0.5620209320206409,8.519197578419599,52.84055600981194,0.1963604076251374,2023 0.4 | 2024 1.2 | 2025 0.5 | 2026 0.4,2.8284271247461903,-3.335559869595898,-3.4379790679793594,false,false,false
H-006,"4000 ev, components top 0.01",BTCUSDT,2023-01..2026-05,10.0,2.0447744412955844,1.0033570743386613,4.151189079753692,3.584204413472706,0.5644394147421303,2023 4.2 | 2024 -0.5 | 2025 -0.6 | 2026 6.9,2.8284271247461903,-1.9552255587044156,-2.9966429256613387,false,false,false
H-006,"4000 ev, components top 0.05",BTCUSDT,2023-01..2026-05,10.0,1.853072062161214,1.3603337395855126,6.337501818697269,13.070656691604322,0.2746352186992653,2023 1.9 | 2024 2.5 | 2025 1.1 | 2026 1.2,2.8284271247461903,-2.146927937838786,-2.6396662604144874,false,false,false
H-006,"4000 ev, components top 0.2",BTCUSDT,2023-01..2026-05,10.0,1.1486636209587375,0.9176151917166468,8.947752323146952,50.756734693877554,0.21107939170885998,2023 0.6 | 2024 1.7 | 2025 1.4 | 2026 0.9,2.8284271247461903,-2.8513363790412622,-3.0823848082833534,false,false,false
H-006,"4000 ev, full_impact top 0.01",BTCUSDT,2023-01..2026-05,10.0,10.170268545303427,3.2332703534350875,10.768410446439832,6.222641509433962,0.6965840761259051,2023 5.2 | 2024 27.2 | 2025 3.6 | 2026 13.8,2.8284271247461903,6.170268545303427,-0.7667296465649125,true,true,false
H-006,"4000 ev, full_impact top 0.05",BTCUSDT,2023-01..2026-05,10.0,4.939476229109592,2.048209668772116,14.459977603931714,15.775896414342629,0.5944740284077638,2023 4.0 | 2024 9.1 | 2025 1.8 | 2026 5.6,2.8284271247461903,0.9394762291095917,-1.9517903312278841,true,true,false
H-006,"4000 ev, full_impact top 0.2",BTCUSDT,2023-01..2026-05,10.0,2.3241775786399983,1.1705298348009427,12.838684858868442,51.675720164609054,0.5085023556682615,2023 1.4 | 2024 3.2 | 2025 2.5 | 2026 2.2,2.8284271247461903,-1.6758224213600017,-2.8294701651990573,false,false,false
H-006,"4000 ev, full_impact_flow top 0.01",BTCUSDT,2023-01..2026-05,10.0,15.26743110241383,4.778557495535527,10.236433931595558,6.758186397984887,0.7112761484914008,2023 11.4 | 2024 29.7 | 2025 6.7 | 2026 12.3,2.8284271247461903,11.26743110241383,0.7785574955355274,true,true,true
H-006,"4000 ev, full_impact_flow top 0.05",BTCUSDT,2023-01..2026-05,10.0,6.053747455032753,2.342484775654862,14.620668724499017,15.20629750271444,0.6269973953125101,2023 5.1 | 2024 9.3 | 2025 3.8 | 2026 4.8,2.8284271247461903,2.0537474550327532,-1.657515224345138,true,true,false
H-006,"4000 ev, full_impact_flow top 0.2",BTCUSDT,2023-01..2026-05,10.0,2.410054039239213,1.2297096299442138,13.029881674183816,48.97240802675585,0.5033910056704007,2023 1.7 | 2024 3.2 | 2025 2.3 | 2026 2.3,2.8284271247461903,-1.589945960760787,-2.770290370055786,false,false,false
H-006,"4000 ev, pretrend_only top 0.01",BTCUSDT,2023-01..2026-05,10.0,13.446593859550312,-2.6175729223084856,6.402334930084565,9.52317880794702,1.1766885695221025,2023 13.6 | 2024 33.1 | 2025 -0.7 | 2026 10.8,2.8284271247461903,9.446593859550312,-6.617572922308486,true,true,false
H-006,"4000 ev, pretrend_only top 0.05",BTCUSDT,2023-01..2026-05,10.0,4.847319004327546,-0.15722145048309782,9.827525057298603,18.284313725490197,1.0307591178425775,2023 2.2 | 2024 8.6 | 2025 3.8 | 2026 6.9,2.8284271247461903,0.847319004327546,-4.157221450483098,true,true,false
H-006,"4000 ev, pretrend_only top 0.2",BTCUSDT,2023-01..2026-05,10.0,1.8751958331118264,0.6048239725309322,10.292985966162195,51.34127659574468,0.6871156295461933,2023 1.3 | 2024 2.3 | 2025 1.8 | 2026 2.3,2.8284271247461903,-2.1248041668881736,-3.3951760274690677,false,false,false
H-006,"4000 ev, residual top 0.01",BTCUSDT,2023-01..2026-05,10.0,-0.7763174817330392,-1.8976168093289225,-0.646862962429327,4.173724212812161,-1.6942057623931035,2023 0.6 | 2024 -2.1 | 2025 -0.1 | 2026 -4.5,2.8284271247461903,-4.776317481733039,-5.897616809328922,false,false,false
H-006,"4000 ev, residual top 0.05",BTCUSDT,2023-01..2026-05,10.0,-0.1688838457450948,-0.5455522101825487,0.038921804678517115,14.983484723369116,-1.4993567135364827,2023 -0.3 | 2024 -0.0 | 2025 -0.2 | 2026 -0.5,2.8284271247461903,-4.1688838457450945,-4.5455522101825485,false,false,false
H-006,"4000 ev, residual top 0.2",BTCUSDT,2023-01..2026-05,10.0,0.013541718900991059,-0.16684460870643308,0.6903604056895012,54.55872756933116,11.22304113406071,2023 0.0 | 2024 0.1 | 2025 -0.2 | 2026 0.2,2.8284271247461903,-3.986458281099009,-4.166844608706433,false,false,false
H-006,"4000 ev, return_pretrend top 0.01",BTCUSDT,2023-01..2026-05,10.0,10.760630141463505,3.1705797187915525,10.840502784114465,6.410714285714286,0.7221726031831529,2023 7.2 | 2024 30.0 | 2025 2.7 | 2026 10.4,2.8284271247461903,6.760630141463505,-0.8294202812084475,true,true,false
H-006,"4000 ev, return_pretrend top 0.05",BTCUSDT,2023-01..2026-05,10.0,5.198067756611828,1.7217882359003944,14.331124573263708,16.728042328042328,0.6790907180825827,2023 4.2 | 2024 8.9 | 2025 2.4 | 2026 6.5,2.8284271247461903,1.1980677566118283,-2.2782117640996056,true,true,false
H-006,"4000 ev, return_pretrend top 0.2",BTCUSDT,2023-01..2026-05,10.0,2.034605286560458,0.9207256413015317,12.954229725933386,52.32365145228216,0.5615297001419867,2023 1.3 | 2024 2.8 | 2025 2.0 | 2026 2.1,2.8284271247461903,-1.965394713439542,-3.079274358698468,false,false,false
H-006,"4000 ev, return_pretrend_flow top 0.01",BTCUSDT,2023-01..2026-05,10.0,9.196493987819073,2.1790952488939834,10.839364079502968,5.89328743545611,0.7726019067219922,2023 6.3 | 2024 27.0 | 2025 1.5 | 2026 6.9,2.8284271247461903,5.196493987819073,-1.8209047511060166,true,true,false
H-006,"4000 ev, return_pretrend_flow top 0.05",BTCUSDT,2023-01..2026-05,10.0,4.624216354069718,1.6002219965596665,13.830822041939204,16.019801980198018,0.6629198483498162,2023 3.9 | 2024 8.8 | 2025 1.4 | 2026 5.2,2.8284271247461903,0.6242163540697181,-2.3997780034403338,true,true,false
H-006,"4000 ev, return_pretrend_flow top 0.2",BTCUSDT,2023-01..2026-05,10.0,2.1808096349233277,1.0594025569441543,12.808297910573836,52.78006589785832,0.5291769581464373,2023 1.3 | 2024 3.1 | 2025 2.3 | 2026 2.0,2.8284271247461903,-1.8191903650766723,-2.9405974430558457,false,false,false
H-006,"4000 ev, bar_return top 0.01",BTCUSDT,2023-01..2026-05,15.0,3.2243288559482957,1.642952319495911,4.050602395646468,4.089017341040463,0.5718586676384064,2023 4.4 | 2024 7.8 | 2025 2.1 | 2026 -2.5,3.4641016151377544,-0.7756711440517043,-2.357047680504089,false,false,false
H-006,"4000 ev, bar_return top 0.05",BTCUSDT,2023-01..2026-05,15.0,1.3648590053560687,0.9526824574907642,5.9607496388648125,14.109060402684564,0.32946173236544035,2023 1.7 | 2024 1.8 | 2025 0.7 | 2026 1.3,3.4641016151377544,-2.6351409946439315,-3.047317542509236,false,false,false
H-006,"4000 ev, bar_return top 0.2",BTCUSDT,2023-01..2026-05,15.0,0.6205614430914679,0.4677182063919371,7.274310097159216,52.84055600981194,0.2795821119714642,2023 0.4 | 2024 1.0 | 2025 0.4 | 2026 1.1,3.4641016151377544,-3.379438556908532,-3.532281793608063,false,false,false
H-006,"4000 ev, components top 0.01",BTCUSDT,2023-01..2026-05,15.0,1.6703416444643384,0.23503319557031163,2.828924817379276,3.618436406067678,0.8748404852447534,2023 4.3 | 2024 -0.6 | 2025 -3.5 | 2026 7.2,3.4641016151377544,-2.3296583555356616,-3.7649668044296885,false,false,false
H-006,"4000 ev, components top 0.05",BTCUSDT,2023-01..2026-05,15.0,1.3269841983352402,0.8271944255112403,4.512519416883726,13.0,0.395343879822485,2023 1.7 | 2024 1.4 | 2025 0.4 | 2026 2.0,3.4641016151377544,-2.67301580166476,-3.1728055744887596,false,false,false
H-006,"4000 ev, components top 0.2",BTCUSDT,2023-01..2026-05,15.0,0.9518042970592818,0.7091889835148334,6.432242606235331,50.692244897959185,0.2779827821008904,2023 0.7 | 2024 1.1 | 2025 1.0 | 2026 1.6,3.4641016151377544,-3.0481957029407183,-3.2908110164851667,false,false,false
H-006,"4000 ev, full_impact top 0.01",BTCUSDT,2023-01..2026-05,15.0,6.98458812258405,-1.7198012619123506,7.940495424734963,6.322295805739515,1.2290883711905614,2023 4.0 | 2024 24.1 | 2025 -4.1 | 2026 12.2,3.4641016151377544,2.98458812258405,-5.719801261912351,true,true,false
H-006,"4000 ev, full_impact top 0.05",BTCUSDT,2023-01..2026-05,15.0,5.253436865189389,0.3998694575480073,11.098947583002273,15.63230605738576,0.9265680445823645,2023 3.4 | 2024 9.9 | 2025 2.4 | 2026 6.2,3.4641016151377544,1.2534368651893892,-3.6001305424519927,true,true,false
H-006,"4000 ev, full_impact top 0.2",BTCUSDT,2023-01..2026-05,15.0,2.4709005976999707,0.8630225847809018,11.52124689515164,50.6368899917287,0.6611340093148401,2023 1.7 | 2024 2.7 | 2025 2.7 | 2026 3.7,3.4641016151377544,-1.5290994023000293,-3.136977415219098,false,false,false
H-006,"4000 ev, full_impact_flow top 0.01",BTCUSDT,2023-01..2026-05,15.0,10.5852343234011,0.20390543453006582,7.474365921688722,6.892183288409703,0.9826158785348387,2023 7.9 | 2024 26.3 | 2025 -3.5 | 2026 20.4,3.4641016151377544,6.5852343234010995,-3.796094565469934,true,true,false
H-006,"4000 ev, full_impact_flow top 0.05",BTCUSDT,2023-01..2026-05,15.0,6.464072903980159,0.6717783025888915,10.663948994700089,15.584971098265896,0.8997350639827999,2023 4.3 | 2024 10.5 | 2025 4.0 | 2026 6.7,3.4641016151377544,2.464072903980159,-3.3282216974111085,true,true,false
H-006,"4000 ev, full_impact_flow top 0.2",BTCUSDT,2023-01..2026-05,15.0,2.5407834286919924,0.8625903129605148,11.19171571252196,48.51426174496644,0.672393364387608,2023 1.9 | 2024 2.8 | 2025 2.7 | 2026 3.4,3.4641016151377544,-1.4592165713080076,-3.137409687039485,false,false,false
H-006,"4000 ev, pretrend_only top 0.01",BTCUSDT,2023-01..2026-05,15.0,-0.5944212707807267,-9.819153413375894,4.119056514388816,10.548736462093864,-14.529943861113843,2023 -11.1 | 2024 29.5 | 2025 -8.2 | 2026 0.4,3.4641016151377544,-4.594421270780726,-13.819153413375894,false,false,false
H-006,"4000 ev, pretrend_only top 0.05",BTCUSDT,2023-01..2026-05,15.0,6.460544244929615,-1.0293043760312608,7.615681277381797,18.91062176165803,1.1511688813867569,2023 4.6 | 2024 9.6 | 2025 4.5 | 2026 9.9,3.4641016151377544,2.460544244929615,-5.029304376031261,true,true,false
H-006,"4000 ev, pretrend_only top 0.2",BTCUSDT,2023-01..2026-05,15.0,2.0299164537776497,0.1684918339435182,8.016484565917741,51.31484641638225,0.919067658719764,2023 1.0 | 2024 2.2 | 2025 2.4 | 2026 3.3,3.4641016151377544,-1.9700835462223503,-3.831508166056482,false,false,false
H-006,"4000 ev, residual top 0.01",BTCUSDT,2023-01..2026-05,15.0,-0.21216733759236392,-1.9012236759165155,-1.127927117655842,4.173724212812161,-14.072778281775603,2023 2.2 | 2024 -1.5 | 2025 -0.6 | 2026 -3.4,3.4641016151377544,-4.212167337592364,-5.9012236759165155,false,false,false
H-006,"4000 ev, residual top 0.05",BTCUSDT,2023-01..2026-05,15.0,-0.42910957217573364,-0.7669263174135553,-0.2825040508795812,14.983484723369116,-0.9794972724785079,2023 -0.1 | 2024 -0.5 | 2025 -0.5 | 2026 -0.6,3.4641016151377544,-4.429109572175734,-4.766926317413556,false,false,false
H-006,"4000 ev, residual top 0.2",BTCUSDT,2023-01..2026-05,15.0,0.0036633450789109365,-0.17956340667978588,1.1998335805861764,54.55872756933116,6.6745378355477705,2023 0.1 | 2024 -0.2 | 2025 0.1 | 2026 0.3,3.4641016151377544,-3.9963366549210892,-4.179563406679786,false,false,false
H-006,"4000 ev, return_pretrend top 0.01",BTCUSDT,2023-01..2026-05,15.0,6.005823133392919,-3.485575283290198,7.662031249329549,6.993071593533488,1.5230989702551703,2023 2.4 | 2024 27.3 | 2025 -4.6 | 2026 9.9,3.4641016151377544,2.0058231333929193,-7.485575283290197,true,true,false
H-006,"4000 ev, return_pretrend top 0.05",BTCUSDT,2023-01..2026-05,15.0,5.8522148774486284,0.4169579673427726,11.68248287717544,16.90427927927928,0.9315709994660011,2023 4.0 | 2024 10.4 | 2025 3.3 | 2026 7.2,3.4641016151377544,1.8522148774486284,-3.5830420326572274,true,true,false
H-006,"4000 ev, return_pretrend top 0.2",BTCUSDT,2023-01..2026-05,15.0,2.262862509851872,0.5742477019765057,11.543029988341322,51.597489539748956,0.7542174515839413,2023 1.7 | 2024 2.6 | 2025 2.3 | 2026 3.1,3.4641016151377544,-1.737137490148128,-3.4257522980234945,false,false,false
H-006,"4000 ev, return_pretrend_flow top 0.01",BTCUSDT,2023-01..2026-05,15.0,6.534702715437379,-2.1346604070984494,7.753904506091013,6.49895178197065,1.302937121000753,2023 3.4 | 2024 25.2 | 2025 -3.0 | 2026 7.7,3.4641016151377544,2.534702715437379,-6.134660407098449,true,true,false
H-006,"4000 ev, return_pretrend_flow top 0.05",BTCUSDT,2023-01..2026-05,15.0,5.410037592609555,0.4283766948638527,11.490733712796386,16.317021276595746,0.9238660674505541,2023 3.7 | 2024 10.3 | 2025 2.8 | 2026 5.6,3.4641016151377544,1.4100375926095552,-3.5716233051361472,true,true,false
H-006,"4000 ev, return_pretrend_flow top 0.2",BTCUSDT,2023-01..2026-05,15.0,2.3802731614317865,0.7308560319288953,11.536376654870006,51.809444904722454,0.701527461363479,2023 1.9 | 2024 2.6 | 2025 2.3 | 2026 3.5,3.4641016151377544,-1.6197268385682135,-3.2691439680711047,false,false,false
H-006,"4000 ev, bar_return top 0.01",BTCUSDT,2023-01..2026-05,30.0,3.2331709277438017,1.4242300924696987,3.519041953637266,4.089017341040463,0.6182194336336324,2023 4.8 | 2024 5.6 | 2025 2.9 | 2026 -3.5,4.898979485566356,-0.7668290722561983,-2.5757699075303013,false,false,false
H-006,"4000 ev, bar_return top 0.05",BTCUSDT,2023-01..2026-05,30.0,1.3433461564782156,0.9589182320079384,5.117730361991826,14.109060402684564,0.3135563169020653,2023 2.3 | 2024 1.5 | 2025 -0.0 | 2026 1.9,4.898979485566356,-2.6566538435217844,-3.0410817679920616,false,false,false
H-006,"4000 ev, bar_return top 0.2",BTCUSDT,2023-01..2026-05,30.0,0.5914314164501456,0.3560262164067255,5.544948679770288,52.84055600981194,0.41748785816826595,2023 0.6 | 2024 0.9 | 2025 -0.0 | 2026 1.3,4.898979485566356,-3.4085685835498545,-3.6439737835932746,false,false,false
H-006,"4000 ev, components top 0.01",BTCUSDT,2023-01..2026-05,30.0,1.066887284378111,-0.18890264441137536,3.08187182337051,3.5689655172413794,1.1654571477506737,2023 3.6 | 2024 -1.8 | 2025 -3.7 | 2026 7.2,4.898979485566356,-2.9331127156218892,-4.1889026444113755,false,false,false
H-006,"4000 ev, components top 0.05",BTCUSDT,2023-01..2026-05,30.0,1.305771164010896,0.7798656860783745,4.150805388229841,13.002493765586035,0.4195933894795211,2023 1.7 | 2024 1.0 | 2025 0.3 | 2026 3.5,4.898979485566356,-2.694228835989104,-3.2201343139216254,false,false,false
H-006,"4000 ev, components top 0.2",BTCUSDT,2023-01..2026-05,30.0,1.0913866413597626,0.7787317441192969,6.014994999625654,50.46367346938776,0.30278242521124,2023 1.1 | 2024 1.2 | 2025 1.3 | 2026 0.4,4.898979485566356,-2.9086133586402374,-3.221268255880703,false,false,false
H-006,"4000 ev, full_impact top 0.01",BTCUSDT,2023-01..2026-05,30.0,13.200765946324173,-2.9932046166158015,6.9818721097442555,7.493540051679586,1.206198865690948,2023 11.6 | 2024 41.5 | 2025 -3.0 | 2026 1.5,4.898979485566356,9.200765946324173,-6.9932046166158015,true,true,false
H-006,"4000 ev, full_impact top 0.05",BTCUSDT,2023-01..2026-05,30.0,8.41415619330693,-0.5384241555897576,9.197840003112692,16.618346545866366,1.0605814243141303,2023 7.2 | 2024 13.7 | 2025 6.7 | 2026 2.4,4.898979485566356,4.41415619330693,-4.538424155589758,true,true,false
H-006,"4000 ev, full_impact top 0.2",BTCUSDT,2023-01..2026-05,30.0,2.8138039053728687,0.39671804125572346,10.7062998777933,50.298084929225645,0.8634291812676901,2023 3.0 | 2024 2.6 | 2025 3.2 | 2026 1.7,4.898979485566356,-1.1861960946271313,-3.6032819587442764,false,false,false
H-006,"4000 ev, full_impact_flow top 0.01",BTCUSDT,2023-01..2026-05,30.0,16.7023527470457,-2.188196102122044,5.461417818306254,7.88855421686747,1.1178170623009254,2023 15.6 | 2024 39.2 | 2025 -0.7 | 2026 17.9,4.898979485566356,12.702352747045701,-6.188196102122044,true,true,false
H-006,"4000 ev, full_impact_flow top 0.05",BTCUSDT,2023-01..2026-05,30.0,9.588094886598444,0.2972902291684498,9.634093174288768,16.22248803827751,0.9709312318255261,2023 9.4 | 2024 14.3 | 2025 7.0 | 2026 3.9,4.898979485566356,5.588094886598444,-3.70270977083155,true,true,false
H-006,"4000 ev, full_impact_flow top 0.2",BTCUSDT,2023-01..2026-05,30.0,3.2313820728840468,0.7910293993054408,9.698369118591177,48.410472972972975,0.7624725173472849,2023 3.6 | 2024 2.9 | 2025 3.5 | 2026 2.7,4.898979485566356,-0.7686179271159532,-3.2089706006945593,false,false,false
H-006,"4000 ev, pretrend_only top 0.01",BTCUSDT,2023-01..2026-05,30.0,12.444723560723292,-10.550326015239936,4.221050405401993,11.284584980237154,1.756635903687758,2023 22.5 | 2024 43.9 | 2025 -15.3 | 2026 -14.2,4.898979485566356,8.444723560723292,-14.550326015239936,true,true,false
H-006,"4000 ev, pretrend_only top 0.05",BTCUSDT,2023-01..2026-05,30.0,9.023281942140946,-1.3540503683413156,7.019502149225835,19.44281914893617,1.14070380571286,2023 8.7 | 2024 12.6 | 2025 5.6 | 2026 10.3,4.898979485566356,5.023281942140946,-5.354050368341316,true,true,false
H-006,"4000 ev, pretrend_only top 0.2",BTCUSDT,2023-01..2026-05,30.0,2.9521788490842615,0.11161007398766035,7.884099553762908,50.87275832621691,0.9634051335270087,2023 2.9 | 2024 2.3 | 2025 3.1 | 2026 4.5,4.898979485566356,-1.0478211509157385,-3.88838992601234,false,false,false
H-006,"4000 ev, residual top 0.01",BTCUSDT,2023-01..2026-05,30.0,0.44112424875823564,-1.8667039629803857,-0.04311955842734224,4.173724212812161,4.930588201636556,2023 -1.0 | 2024 1.0 | 2025 1.4 | 2026 0.8,4.898979485566356,-3.5588757512417644,-5.866703962980385,false,false,false
H-006,"4000 ev, residual top 0.05",BTCUSDT,2023-01..2026-05,30.0,-0.37560169746966054,-1.0591877801829386,-0.05461274867217011,14.983484723369116,-1.8112158021806164,2023 -0.5 | 2024 -0.4 | 2025 -0.3 | 2026 0.0,4.898979485566356,-4.37560169746966,-5.059187780182938,false,false,false
H-006,"4000 ev, residual top 0.2",BTCUSDT,2023-01..2026-05,30.0,-0.16340811634207192,-0.5191976343862805,-1.204239970891175,54.55872756933116,-2.2994862584043987,2023 0.3 | 2024 -0.4 | 2025 -0.1 | 2026 -0.8,4.898979485566356,-4.1634081163420715,-4.5191976343862805,false,false,false
H-006,"4000 ev, return_pretrend top 0.01",BTCUSDT,2023-01..2026-05,30.0,10.057329394780677,-7.158879826171772,6.142152756690627,8.32033426183844,1.6421884968246272,2023 9.0 | 2024 37.9 | 2025 -3.5 | 2026 -7.5,4.898979485566356,6.057329394780677,-11.158879826171772,true,true,false
H-006,"4000 ev, return_pretrend top 0.05",BTCUSDT,2023-01..2026-05,30.0,8.115567896745418,-0.7406622991372803,9.208104248817811,18.015795868772784,1.0864717262496306,2023 7.9 | 2024 13.3 | 2025 5.0 | 2026 3.1,4.898979485566356,4.115567896745418,-4.740662299137281,true,true,false
H-006,"4000 ev, return_pretrend top 0.2",BTCUSDT,2023-01..2026-05,30.0,3.002917804153607,0.46367374745473794,10.8996974057504,51.17457627118644,0.8502858938776273,2023 3.0 | 2024 2.6 | 2025 3.3 | 2026 3.5,4.898979485566356,-0.9970821958463931,-3.536326252545262,false,false,false
H-006,"4000 ev, return_pretrend_flow top 0.01",BTCUSDT,2023-01..2026-05,30.0,10.728052892011492,-5.583635193535407,6.639134272775992,7.960835509138382,1.474158479775464,2023 9.4 | 2024 40.4 | 2025 -4.7 | 2026 -2.6,4.898979485566356,6.728052892011492,-9.583635193535407,true,true,false
H-006,"4000 ev, return_pretrend_flow top 0.05",BTCUSDT,2023-01..2026-05,30.0,7.713693512482947,-0.7787500676181154,9.4493104020756,17.668235294117647,1.0964384340748081,2023 6.6 | 2024 13.0 | 2025 5.9 | 2026 1.8,4.898979485566356,3.713693512482947,-4.778750067618115,true,true,false
H-006,"4000 ev, return_pretrend_flow top 0.2",BTCUSDT,2023-01..2026-05,30.0,2.7517290791083506,0.29634160068952387,10.613152131793372,51.539108494533224,0.8956834309288317,2023 2.7 | 2024 2.5 | 2025 3.3 | 2026 2.4,4.898979485566356,-1.2482709208916494,-3.703658399310476,false,false,false
H-006,"8000 ev, bar_return top 0.01",BTCUSDT,2023-01..2026-05,5.0,4.963485170621666,2.2820192293602437,4.529601291181342,2.4564831261101245,0.56585512306178,2023 3.6 | 2024 10.7 | 2025 3.1 | 2026 -1.8,2.0,0.9634851706216656,-1.7179807706397563,true,true,false
H-006,"8000 ev, bar_return top 0.05",BTCUSDT,2023-01..2026-05,5.0,1.9715399417582469,1.1438478045031768,6.229682633842713,7.274325908558031,0.43602467781749416,2023 1.7 | 2024 3.1 | 2025 2.0 | 2026 -0.6,2.0,-2.028460058241753,-2.856152195496823,false,false,false
H-006,"8000 ev, bar_return top 0.2",BTCUSDT,2023-01..2026-05,5.0,0.7089651871876431,0.42685410918784333,5.485858966201518,25.062305295950157,0.4027233204736956,2023 0.3 | 2024 0.9 | 2025 0.9 | 2026 0.8,2.0,-3.2910348128123568,-3.5731458908121567,false,false,false
H-006,"8000 ev, components top 0.01",BTCUSDT,2023-01..2026-05,5.0,2.3705956154512093,0.05285380771373907,2.8534763037762825,2.196660482374768,0.9796702065469033,2023 2.2 | 2024 2.8 | 2025 4.9 | 2026 -3.9,2.0,-1.6294043845487907,-3.9471461922862607,true,false,false
H-006,"8000 ev, components top 0.05",BTCUSDT,2023-01..2026-05,5.0,2.7725530953839206,1.781889870663235,6.482271730472745,6.688282138794084,0.38344530308136365,2023 1.7 | 2024 3.9 | 2025 3.2 | 2026 2.5,2.0,-1.2274469046160794,-2.218110129336765,true,false,false
H-006,"8000 ev, components top 0.2",BTCUSDT,2023-01..2026-05,5.0,1.4430561805256896,1.09555989041759,8.164503014930165,24.285714285714285,0.26009309202104364,2023 1.2 | 2024 1.9 | 2025 1.1 | 2026 1.7,2.0,-2.55694381947431,-2.90444010958241,false,false,false
H-006,"8000 ev, full_impact top 0.01",BTCUSDT,2023-01..2026-05,5.0,12.077010334685527,5.918315292972415,9.647683975920685,3.831081081081081,0.556119333813164,2023 4.3 | 2024 23.0 | 2025 15.9 | 2026 15.8,2.0,8.077010334685527,1.918315292972415,true,true,true
H-006,"8000 ev, full_impact top 0.05",BTCUSDT,2023-01..2026-05,5.0,5.574665777411859,3.007495884759729,13.114995929967918,8.756756756756756,0.49233735981232407,2023 2.6 | 2024 9.9 | 2025 4.7 | 2026 7.4,2.0,1.5746657774118589,-0.9925041152402709,true,true,false
H-006,"8000 ev, full_impact top 0.2",BTCUSDT,2023-01..2026-05,5.0,2.4626269474208997,1.617728975872176,13.367223291456495,25.244565217391305,0.36834471670619306,2023 2.1 | 2024 3.3 | 2025 2.0 | 2026 2.2,2.0,-1.5373730525791003,-2.382271024127824,true,false,false
H-006,"8000 ev, full_impact_flow top 0.01",BTCUSDT,2023-01..2026-05,5.0,13.292979910663936,7.106693034712119,8.762926342623922,4.139097744360902,0.5374878108794915,2023 3.3 | 2024 25.9 | 2025 20.4 | 2026 16.1,2.0,9.292979910663936,3.1066930347121193,true,true,true
H-006,"8000 ev, full_impact_flow top 0.05",BTCUSDT,2023-01..2026-05,5.0,5.592813352380673,2.890889714802038,12.936290018049649,9.0,0.5177945955307172,2023 2.5 | 2024 9.7 | 2025 4.9 | 2026 7.4,2.0,1.5928133523806727,-1.109110285197962,true,true,false
H-006,"8000 ev, full_impact_flow top 0.2",BTCUSDT,2023-01..2026-05,5.0,2.4541653511886223,1.6166244571409754,13.682537338226696,25.1135611907387,0.36746169636883236,2023 1.9 | 2024 3.4 | 2025 2.0 | 2026 2.2,2.0,-1.5458346488113777,-2.3833755428590244,true,false,false
H-006,"8000 ev, pretrend_only top 0.01",BTCUSDT,2023-01..2026-05,5.0,20.81889052038455,7.028844104343805,6.713510463313359,5.989583333333333,0.7250239453088632,2023 18.7 | 2024 32.0 | 2025 16.7 | 2026 12.6,2.0,16.81889052038455,3.028844104343805,true,true,true
H-006,"8000 ev, pretrend_only top 0.05",BTCUSDT,2023-01..2026-05,5.0,5.590781265576057,1.9428041929503421,9.749815493682604,10.258241758241759,0.6803760680297081,2023 4.1 | 2024 8.3 | 2025 4.7 | 2026 6.9,2.0,1.590781265576057,-2.057195807049658,true,true,false
H-006,"8000 ev, pretrend_only top 0.2",BTCUSDT,2023-01..2026-05,5.0,1.8867174637331539,0.972765530859353,10.106824937446543,26.186127167630058,0.5058639738372689,2023 1.6 | 2024 2.7 | 2025 1.3 | 2026 1.4,2.0,-2.113282536266846,-3.027234469140647,false,false,false
H-006,"8000 ev, residual top 0.01",BTCUSDT,2023-01..2026-05,5.0,-0.47449735944605836,-2.552828511951192,-0.02689774813463621,2.5807560137457046,-6.043469735626607,2023 1.8 | 2024 -2.7 | 2025 -0.3 | 2026 1.0,2.0,-4.474497359446058,-6.552828511951192,false,false,false
H-006,"8000 ev, residual top 0.05",BTCUSDT,2023-01..2026-05,5.0,-0.04085414531395102,-0.41464651485508475,1.127394275180658,7.804767309875142,-9.594562837652722,2023 0.8 | 2024 -1.0 | 2025 0.1 | 2026 0.5,2.0,-4.040854145313951,-4.414646514855085,false,false,false
H-006,"8000 ev, residual top 0.2",BTCUSDT,2023-01..2026-05,5.0,0.1344029271441068,-0.12044236172976329,1.2077721646645179,26.345511482254697,2.2899079231510524,2023 0.3 | 2024 -0.3 | 2025 0.3 | 2026 0.5,2.0,-3.865597072855893,-4.120442361729763,false,false,false
H-006,"8000 ev, return_pretrend top 0.01",BTCUSDT,2023-01..2026-05,5.0,13.731530273222154,6.071137804103102,8.982622115872257,4.171532846715328,0.6015861102285968,2023 6.1 | 2024 29.6 | 2025 11.0 | 2026 20.3,2.0,9.731530273222154,2.0711378041031017,true,true,true
H-006,"8000 ev, return_pretrend top 0.05",BTCUSDT,2023-01..2026-05,5.0,4.736300314325998,2.1596847799850916,12.969415211875983,9.153724247226624,0.5685802771195511,2023 1.3 | 2024 9.0 | 2025 4.2 | 2026 7.3,2.0,0.7363003143259981,-1.8403152200149084,true,true,false
H-006,"8000 ev, return_pretrend top 0.2",BTCUSDT,2023-01..2026-05,5.0,2.220110950123843,1.4066363835589126,13.964550154026576,25.856666666666666,0.3871555275316662,2023 1.7 | 2024 3.1 | 2025 1.7 | 2026 2.2,2.0,-1.7798890498761568,-2.5933636164410876,true,false,false
H-006,"8000 ev, return_pretrend_flow top 0.01",BTCUSDT,2023-01..2026-05,5.0,11.024204171318859,5.279627233966616,9.558973517859224,3.561349693251534,0.5713699632070133,2023 3.0 | 2024 21.1 | 2025 16.4 | 2026 15.1,2.0,7.024204171318859,1.2796272339666164,true,true,true
H-006,"8000 ev, return_pretrend_flow top 0.05",BTCUSDT,2023-01..2026-05,5.0,5.21380857149796,2.730245822944523,12.731885758729872,8.702467343976778,0.5072183544614542,2023 2.4 | 2024 9.6 | 2025 4.7 | 2026 5.5,2.0,1.2138085714979603,-1.2697541770554772,true,true,false
H-006,"8000 ev, return_pretrend_flow top 0.2",BTCUSDT,2023-01..2026-05,5.0,2.3932918408920365,1.5572887813981822,13.327877139863956,25.68295331161781,0.3750482394481393,2023 1.9 | 2024 3.3 | 2025 1.9 | 2026 2.5,2.0,-1.6067081591079635,-2.4427112186018176,true,false,false
H-006,"8000 ev, bar_return top 0.01",BTCUSDT,2023-01..2026-05,10.0,5.443716146795354,2.574257838121959,4.52038111617676,2.4564831261101245,0.5551638701409729,2023 3.9 | 2024 9.8 | 2025 4.3 | 2026 2.2,2.8284271247461903,1.4437161467953539,-1.4257421618780408,true,true,false
H-006,"8000 ev, bar_return top 0.05",BTCUSDT,2023-01..2026-05,10.0,2.209360777511706,1.3483239323934342,6.670542232416003,7.274325908558031,0.40395694200990545,2023 1.6 | 2024 3.2 | 2025 2.1 | 2026 1.8,2.8284271247461903,-1.790639222488294,-2.651676067606566,false,false,false
H-006,"8000 ev, bar_return top 0.2",BTCUSDT,2023-01..2026-05,10.0,0.8514805898755425,0.518191548311284,5.846464118322989,25.062305295950157,0.39498252507766923,2023 -0.3 | 2024 1.5 | 2025 1.3 | 2026 1.3,2.8284271247461903,-3.1485194101244574,-3.4818084516887158,false,false,false
H-006,"8000 ev, components top 0.01",BTCUSDT,2023-01..2026-05,10.0,2.3549480938510357,-0.16175281378171072,1.9389639415487279,2.236889692585895,1.0629174098777827,2023 2.6 | 2024 -0.1 | 2025 8.8 | 2026 0.3,2.8284271247461903,-1.6450519061489643,-4.16175281378171,false,false,false
H-006,"8000 ev, components top 0.05",BTCUSDT,2023-01..2026-05,10.0,3.074003611923008,1.8353444600266324,5.833588713903575,6.623435722411831,0.41483656589286744,2023 1.4 | 2024 4.8 | 2025 3.2 | 2026 2.5,2.8284271247461903,-0.9259963880769919,-2.1646555399733676,true,false,false
H-006,"8000 ev, components top 0.2",BTCUSDT,2023-01..2026-05,10.0,1.6044723518239719,1.1174883784439094,8.218717335626803,24.223371251292658,0.2857974870583255,2023 0.5 | 2024 2.2 | 2025 1.8 | 2026 1.9,2.8284271247461903,-2.395527648176028,-2.8825116215560906,false,false,false
H-006,"8000 ev, full_impact top 0.01",BTCUSDT,2023-01..2026-05,10.0,12.678597350223516,3.286117466221318,8.069133409086577,3.7209302325581395,0.751707639217894,2023 3.3 | 2024 28.6 | 2025 7.1 | 2026 22.4,2.8284271247461903,8.678597350223516,-0.713882533778682,true,true,false
H-006,"8000 ev, full_impact top 0.05",BTCUSDT,2023-01..2026-05,10.0,6.587882701309184,2.739559751967939,11.589559285774122,8.722135007849294,0.6031751229097229,2023 2.8 | 2024 9.8 | 2025 6.4 | 2026 10.3,2.8284271247461903,2.5878827013091836,-1.2604402480320611,true,true,false
H-006,"8000 ev, full_impact top 0.2",BTCUSDT,2023-01..2026-05,10.0,3.1258347367495474,1.6884899286420016,12.873499332984686,25.125545851528383,0.4638805989856016,2023 1.4 | 2024 4.0 | 2025 3.8 | 2026 3.0,2.8284271247461903,-0.8741652632504526,-2.3115100713579984,true,false,false
H-006,"8000 ev, full_impact_flow top 0.01",BTCUSDT,2023-01..2026-05,10.0,17.74029690154671,5.407692159178959,7.303153992789429,4.146017699115045,0.7231043190792505,2023 7.6 | 2024 30.5 | 2025 13.1 | 2026 17.1,2.8284271247461903,13.74029690154671,1.4076921591789588,true,true,true
H-006,"8000 ev, full_impact_flow top 0.05",BTCUSDT,2023-01..2026-05,10.0,7.965463883953107,2.915915125718924,11.155457984488002,8.432659932659933,0.6516948336345247,2023 4.2 | 2024 12.0 | 2025 6.1 | 2026 8.2,2.8284271247461903,3.965463883953107,-1.0840848742810758,true,true,false
H-006,"8000 ev, full_impact_flow top 0.2",BTCUSDT,2023-01..2026-05,10.0,3.1504536572253268,1.6449405608334051,11.928168508316748,24.286353467561522,0.48286284244270905,2023 1.6 | 2024 3.8 | 2025 3.6 | 2026 2.9,2.8284271247461903,-0.8495463427746732,-2.355059439166595,true,false,false
H-006,"8000 ev, pretrend_only top 0.01",BTCUSDT,2023-01..2026-05,10.0,8.034429165290135,-2.8670069629020403,5.1979279979985185,5.623595505617978,1.320583521452089,2023 -8.6 | 2024 35.5 | 2025 -0.5 | 2026 21.9,2.8284271247461903,4.034429165290135,-6.867006962902041,true,true,false
H-006,"8000 ev, pretrend_only top 0.05",BTCUSDT,2023-01..2026-05,10.0,5.910106797724725,-0.9923044540080006,7.326613574917203,10.458015267175572,1.1587147571718843,2023 1.7 | 2024 9.3 | 2025 6.0 | 2026 11.2,2.8284271247461903,1.9101067977247252,-4.992304454008001,true,true,false
H-006,"8000 ev, pretrend_only top 0.2",BTCUSDT,2023-01..2026-05,10.0,2.236161267030488,0.5710087836050678,8.320563286782487,26.771597633136096,0.7533514559063974,2023 0.5 | 2024 2.9 | 2025 3.0 | 2026 3.2,2.8284271247461903,-1.763838732969512,-3.428991216394932,false,false,false
H-006,"8000 ev, residual top 0.01",BTCUSDT,2023-01..2026-05,10.0,0.7552489953410945,-1.8508476173645667,0.23893668950039132,2.5807560137457046,2.877050311142146,2023 4.0 | 2024 -2.5 | 2025 0.8 | 2026 4.6,2.8284271247461903,-3.2447510046589056,-5.8508476173645665,false,false,false
H-006,"8000 ev, residual top 0.05",BTCUSDT,2023-01..2026-05,10.0,0.05129936036194359,-0.6357376763698244,0.8167909155943901,7.804767309875142,-379.9238551056078,2023 1.1 | 2024 -0.9 | 2025 -0.7 | 2026 2.1,2.8284271247461903,-3.9487006396380564,-4.635737676369825,false,false,false
H-006,"8000 ev, residual top 0.2",BTCUSDT,2023-01..2026-05,10.0,0.30189389667197947,-0.04529169269479972,1.3047278451766342,26.345511482254697,1.1570616375262668,2023 0.4 | 2024 0.4 | 2025 -0.2 | 2026 0.9,2.8284271247461903,-3.6981061033280205,-4.0452916926948,false,false,false
H-006,"8000 ev, return_pretrend top 0.01",BTCUSDT,2023-01..2026-05,10.0,14.60048731955166,4.854295108987141,7.670439812578849,4.223880597014926,0.6996067396765266,2023 6.0 | 2024 31.4 | 2025 7.3 | 2026 31.4,2.8284271247461903,10.60048731955166,0.8542951089871407,true,true,true
H-006,"8000 ev, return_pretrend top 0.05",BTCUSDT,2023-01..2026-05,10.0,6.169243194569728,2.1065970402794143,11.287015651267838,9.453333333333333,0.6712296755157829,2023 3.2 | 2024 9.7 | 2025 4.7 | 2026 10.1,2.8284271247461903,2.169243194569728,-1.8934029597205857,true,true,false
H-006,"8000 ev, return_pretrend top 0.2",BTCUSDT,2023-01..2026-05,10.0,2.6382873684674744,1.2574063423056474,12.300580326757723,26.10167597765363,0.5306209292880291,2023 0.6 | 2024 3.5 | 2025 3.4 | 2026 3.5,2.8284271247461903,-1.3617126315325256,-2.7425936576943526,false,false,false
H-006,"8000 ev, return_pretrend_flow top 0.01",BTCUSDT,2023-01..2026-05,10.0,9.96331602973004,1.641928566794835,8.043472618494082,3.63914373088685,0.8433962684216993,2023 2.7 | 2024 22.1 | 2025 6.8 | 2026 15.6,2.8284271247461903,5.96331602973004,-2.358071433205165,true,true,false
H-006,"8000 ev, return_pretrend_flow top 0.05",BTCUSDT,2023-01..2026-05,10.0,6.715056541840677,2.800698508430071,11.322293493815621,8.640601503759399,0.5970841195057041,2023 4.4 | 2024 9.4 | 2025 6.3 | 2026 6.7,2.8284271247461903,2.715056541840677,-1.199301491569929,true,true,false
H-006,"8000 ev, return_pretrend_flow top 0.2",BTCUSDT,2023-01..2026-05,10.0,2.8631356613402517,1.3584304833161436,12.40111910700713,25.70382513661202,0.5272513096035583,2023 1.1 | 2024 3.8 | 2025 3.5 | 2026 2.9,2.8284271247461903,-1.1368643386597483,-2.641569516683856,true,false,false
H-006,"8000 ev, bar_return top 0.01",BTCUSDT,2023-01..2026-05,15.0,6.443178242788731,2.778507238218308,3.9723926471973763,2.4564831261101245,0.6063775696197873,2023 6.6 | 2024 9.5 | 2025 5.0 | 2026 3.2,3.4641016151377544,2.443178242788731,-1.221492761781692,true,true,false
H-006,"8000 ev, bar_return top 0.05",BTCUSDT,2023-01..2026-05,15.0,2.4626916746379894,1.5979893729797066,6.799481575319682,7.274325908558031,0.4048738669087957,2023 1.9 | 2024 3.4 | 2025 2.3 | 2026 3.6,3.4641016151377544,-1.5373083253620106,-2.402010627020293,false,false,false
H-006,"8000 ev, bar_return top 0.2",BTCUSDT,2023-01..2026-05,15.0,0.8692576465648917,0.4715845271155306,6.396058946760986,25.062305295950157,0.46412551184607787,2023 -0.4 | 2024 1.3 | 2025 1.3 | 2026 2.3,3.4641016151377544,-3.1307423534351084,-3.528415472884469,false,false,false
H-006,"8000 ev, components top 0.01",BTCUSDT,2023-01..2026-05,15.0,3.3547393519567033,-0.3226139353902027,2.1132354007717273,2.2161654135338344,1.086634977358386,2023 6.1 | 2024 -1.8 | 2025 8.1 | 2026 5.0,3.4641016151377544,-0.6452606480432967,-4.322613935390203,false,false,false
H-006,"8000 ev, components top 0.05",BTCUSDT,2023-01..2026-05,15.0,2.735048810418339,1.4268794439422596,5.633430111399692,6.7331042382588775,0.5056083873031392,2023 1.0 | 2024 4.2 | 2025 2.3 | 2026 6.3,3.4641016151377544,-1.264951189581661,-2.5731205560577406,false,false,false
H-006,"8000 ev, components top 0.2",BTCUSDT,2023-01..2026-05,15.0,1.8602069879198802,1.380237338853551,8.182057619621581,24.366080661840744,0.26847255847558676,2023 0.8 | 2024 2.2 | 2025 2.4 | 2026 2.9,3.4641016151377544,-2.13979301208012,-2.6197626611464493,false,false,false
H-006,"8000 ev, full_impact top 0.01",BTCUSDT,2023-01..2026-05,15.0,10.285117407999262,-2.9824040289000653,5.269794251847572,4.244979919678715,1.2600387102412143,2023 1.9 | 2024 24.0 | 2025 4.3 | 2026 23.3,3.4641016151377544,6.285117407999262,-6.982404028900065,true,true,false
H-006,"8000 ev, full_impact top 0.05",BTCUSDT,2023-01..2026-05,15.0,7.97925778644769,0.8577753644125943,9.391661031661751,8.898477157360405,0.8995893329333055,2023 3.0 | 2024 10.9 | 2025 9.3 | 2026 11.5,3.4641016151377544,3.9792577864476897,-3.1422246355874055,true,true,false
H-006,"8000 ev, full_impact top 0.2",BTCUSDT,2023-01..2026-05,15.0,3.495118735310235,1.2231662243662949,11.494106445255317,24.956666666666667,0.6618072739238973,2023 2.0 | 2024 3.7 | 2025 4.4 | 2026 4.8,3.4641016151377544,-0.5048812646897649,-2.776833775633705,true,false,false
H-006,"8000 ev, full_impact_flow top 0.01",BTCUSDT,2023-01..2026-05,15.0,13.646447694190288,-1.6802499411730314,5.586403691504583,4.807106598984771,1.1046844875122521,2023 1.0 | 2024 29.9 | 2025 8.9 | 2026 20.0,3.4641016151377544,9.646447694190288,-5.680249941173031,true,true,false
H-006,"8000 ev, full_impact_flow top 0.05",BTCUSDT,2023-01..2026-05,15.0,8.948314065131129,0.9216203015741455,9.34682064854858,8.868131868131869,0.9038172618087538,2023 3.6 | 2024 11.7 | 2025 9.6 | 2026 11.5,3.4641016151377544,4.948314065131129,-3.0783796984258545,true,true,false
H-006,"8000 ev, full_impact_flow top 0.2",BTCUSDT,2023-01..2026-05,15.0,3.5471441129157673,1.0757992922409836,10.552894646992138,23.758737316798197,0.7079091004133528,2023 2.4 | 2024 3.5 | 2025 4.3 | 2026 4.8,3.4641016151377544,-0.45285588708423274,-2.9242007077590166,true,false,false
H-006,"8000 ev, pretrend_only top 0.01",BTCUSDT,2023-01..2026-05,15.0,3.593191330897594,-10.317538441697199,4.01660082088749,6.652439024390244,3.930595186652215,2023 -9.2 | 2024 35.5 | 2025 -7.6 | 2026 -3.9,3.4641016151377544,-0.4068086691024062,-14.317538441697199,true,false,false
H-006,"8000 ev, pretrend_only top 0.05",BTCUSDT,2023-01..2026-05,15.0,9.746307476154147,-0.10332630646936534,6.2047402924363455,11.00597609561753,1.0098985871123396,2023 8.5 | 2024 10.4 | 2025 8.6 | 2026 16.4,3.4641016151377544,5.746307476154147,-4.1033263064693655,true,true,false
H-006,"8000 ev, pretrend_only top 0.2",BTCUSDT,2023-01..2026-05,15.0,2.7766016558046975,0.07206257222389964,6.685834233143197,26.694312796208532,0.9749963236673789,2023 1.1 | 2024 2.8 | 2025 3.7 | 2026 5.1,3.4641016151377544,-1.2233983441953025,-3.9279374277761003,false,false,false
H-006,"8000 ev, residual top 0.01",BTCUSDT,2023-01..2026-05,15.0,4.018011032881472,0.21545335850237313,0.7798388135236348,2.5807560137457046,0.9517161989195502,2023 3.3 | 2024 8.2 | 2025 1.6 | 2026 1.6,3.4641016151377544,0.01801103288147221,-3.7845466414976268,true,true,false
H-006,"8000 ev, residual top 0.05",BTCUSDT,2023-01..2026-05,15.0,0.9758776480095196,0.3252296529383054,2.155667168675858,7.804767309875142,0.7114559581132459,2023 0.5 | 2024 1.6 | 2025 0.9 | 2026 1.9,3.4641016151377544,-3.0241223519904805,-3.6747703470616946,false,false,false
H-006,"8000 ev, residual top 0.2",BTCUSDT,2023-01..2026-05,15.0,0.4005522629945308,0.025776294724687586,3.1108324244516843,26.345511482254697,0.9385365461864366,2023 0.2 | 2024 0.4 | 2025 0.4 | 2026 1.2,3.4641016151377544,-3.599447737005469,-3.974223705275312,false,false,false
H-006,"8000 ev, return_pretrend top 0.01",BTCUSDT,2023-01..2026-05,15.0,9.819907115724629,-4.35562345754708,5.136649744908983,4.741666666666666,1.3914399922410963,2023 -0.0 | 2024 31.6 | 2025 3.1 | 2026 14.8,3.4641016151377544,5.819907115724629,-8.355623457547079,true,true,false
H-006,"8000 ev, return_pretrend top 0.05",BTCUSDT,2023-01..2026-05,15.0,7.9636885041093946,0.5379133429542856,9.022279836718338,9.633802816901408,0.9359312706732467,2023 3.3 | 2024 10.7 | 2025 9.0 | 2026 13.4,3.4641016151377544,3.9636885041093946,-3.4620866570457145,true,true,false
H-006,"8000 ev, return_pretrend top 0.2",BTCUSDT,2023-01..2026-05,15.0,3.4614026898155097,1.2791237084800582,11.311111505215267,25.981879954699888,0.6445981837232762,2023 1.9 | 2024 3.3 | 2025 4.5 | 2026 6.4,3.4641016151377544,-0.5385973101844903,-2.720876291519942,false,false,false
H-006,"8000 ev, return_pretrend_flow top 0.01",BTCUSDT,2023-01..2026-05,15.0,8.580054568580492,-3.3445358005699295,5.346309216087622,4.114391143911439,1.3541232450356913,2023 1.0 | 2024 19.4 | 2025 5.0 | 2026 20.8,3.4641016151377544,4.580054568580492,-7.344535800569929,true,true,false
H-006,"8000 ev, return_pretrend_flow top 0.05",BTCUSDT,2023-01..2026-05,15.0,7.819273193842606,0.6696110089552202,9.145145831973803,9.171717171717171,0.9199106595312184,2023 4.4 | 2024 9.8 | 2025 9.4 | 2026 9.2,3.4641016151377544,3.819273193842606,-3.3303889910447797,true,true,false
H-006,"8000 ev, return_pretrend_flow top 0.2",BTCUSDT,2023-01..2026-05,15.0,3.373234810084939,1.0748057322885007,11.17433175093293,25.486095661846495,0.690265761146273,2023 1.8 | 2024 3.4 | 2025 4.5 | 2026 5.3,3.4641016151377544,-0.6267651899150608,-2.9251942677114995,false,false,false
H-006,"8000 ev, bar_return top 0.01",BTCUSDT,2023-01..2026-05,30.0,5.874711228345993,1.137427499416352,2.7103575168381333,2.4564831261101245,0.8153233325930286,2023 8.3 | 2024 6.3 | 2025 2.5 | 2026 3.6,4.898979485566356,1.8747112283459932,-2.862572500583648,true,true,false
H-006,"8000 ev, bar_return top 0.05",BTCUSDT,2023-01..2026-05,30.0,2.3575340427935347,1.3820385921515255,6.12116705954938,7.274325908558031,0.44054950710808094,2023 3.5 | 2024 2.4 | 2025 0.4 | 2026 3.8,4.898979485566356,-1.6424659572064653,-2.6179614078484743,false,false,false
H-006,"8000 ev, bar_return top 0.2",BTCUSDT,2023-01..2026-05,30.0,0.7528726794450943,0.33714276859985753,5.565421928921189,25.062305295950157,0.5303907656895076,2023 -0.2 | 2024 0.9 | 2025 0.8 | 2026 2.9,4.898979485566356,-3.2471273205549056,-3.6628572314001424,false,false,false
H-006,"8000 ev, components top 0.01",BTCUSDT,2023-01..2026-05,30.0,4.626772220177159,-0.9326429843800146,2.933666962306698,2.1645101663585953,1.2066652063350076,2023 9.4 | 2024 0.8 | 2025 2.4 | 2026 1.6,4.898979485566356,0.6267722201771591,-4.932642984380014,false,false,false
H-006,"8000 ev, components top 0.05",BTCUSDT,2023-01..2026-05,30.0,2.610787727969042,1.1642689380217983,4.574464401988436,6.7291428571428575,0.5669191720320282,2023 2.5 | 2024 3.3 | 2025 1.9 | 2026 2.5,4.898979485566356,-1.3892122720309579,-2.8357310619782017,false,false,false
H-006,"8000 ev, components top 0.2",BTCUSDT,2023-01..2026-05,30.0,1.9230316485444956,1.2863636980028632,7.358496504065684,24.185492227979275,0.3251821455899947,2023 1.2 | 2024 1.8 | 2025 2.4 | 2026 3.2,4.898979485566356,-2.0769683514555046,-2.713636301997137,false,false,false
H-006,"8000 ev, full_impact top 0.01",BTCUSDT,2023-01..2026-05,30.0,19.796099392415,-3.0728991439139324,4.907136404044052,5.278606965174129,1.139158145573964,2023 8.1 | 2024 43.1 | 2025 12.9 | 2026 15.7,4.898979485566356,15.796099392415002,-7.072899143913933,true,true,false
H-006,"8000 ev, full_impact top 0.05",BTCUSDT,2023-01..2026-05,30.0,10.569202979415214,-1.317491158004011,6.9997605443710125,9.740331491712707,1.1190035917025467,2023 6.2 | 2024 14.1 | 2025 9.5 | 2026 15.0,4.898979485566356,6.5692029794152145,-5.317491158004011,true,true,false
H-006,"8000 ev, full_impact top 0.2",BTCUSDT,2023-01..2026-05,30.0,4.8185946660089645,1.2901430974396972,10.544271971009808,25.35141242937853,0.7407032001547762,2023 3.6 | 2024 3.8 | 2025 6.2 | 2026 8.1,4.898979485566356,0.8185946660089645,-2.7098569025603028,false,false,false
H-006,"8000 ev, full_impact_flow top 0.01",BTCUSDT,2023-01..2026-05,30.0,16.37508780067319,-7.866371549513538,3.616281061515715,5.662921348314606,1.429007587683157,2023 -0.5 | 2024 38.3 | 2025 12.6 | 2026 21.1,4.898979485566356,12.375087800673189,-11.866371549513538,true,true,false
H-006,"8000 ev, full_impact_flow top 0.05",BTCUSDT,2023-01..2026-05,30.0,10.901408365715124,-0.9874236009673112,6.415175677411703,9.673151750972762,1.0852761367825774,2023 7.0 | 2024 15.5 | 2025 9.2 | 2026 9.9,4.898979485566356,6.901408365715124,-4.987423600967311,true,true,false
H-006,"8000 ev, full_impact_flow top 0.2",BTCUSDT,2023-01..2026-05,30.0,5.201891948904383,1.7055234702548694,9.202965032208395,24.73847926267281,0.6841403077262869,2023 4.6 | 2024 4.2 | 2025 6.2 | 2026 7.8,4.898979485566356,1.2018919489043833,-2.294476529745131,true,true,false
H-006,"8000 ev, pretrend_only top 0.01",BTCUSDT,2023-01..2026-05,30.0,27.80064833739741,-13.400338496734797,3.2645676202095704,7.724832214765101,1.4096123338491149,2023 8.9 | 2024 49.7 | 2025 45.9 | 2026 2.7,4.898979485566356,23.80064833739741,-17.400338496734797,true,true,false
H-006,"8000 ev, pretrend_only top 0.05",BTCUSDT,2023-01..2026-05,30.0,11.853098033869992,-1.3587164259623021,4.687887526562839,11.65553235908142,1.105076675829462,2023 10.6 | 2024 13.3 | 2025 9.3 | 2026 20.8,4.898979485566356,7.853098033869992,-5.358716425962302,true,true,false
H-006,"8000 ev, pretrend_only top 0.2",BTCUSDT,2023-01..2026-05,30.0,4.724396218048532,0.6354972075439168,5.922703506320265,26.856294536817103,0.8704665113892865,2023 4.2 | 2024 3.3 | 2025 5.6 | 2026 8.8,4.898979485566356,0.7243962180485317,-3.3645027924560833,false,false,false
H-006,"8000 ev, residual top 0.01",BTCUSDT,2023-01..2026-05,30.0,1.1751461448772968,-2.943420931937477,0.25838623264545,2.5807560137457046,3.028220647997105,2023 2.4 | 2024 0.2 | 2025 2.2 | 2026 -0.8,4.898979485566356,-2.8248538551227034,-6.943420931937477,false,false,false
H-006,"8000 ev, residual top 0.05",BTCUSDT,2023-01..2026-05,30.0,-0.1498136974553551,-1.1586612151120814,0.3433413158697714,7.804767309875142,-18.77836355482439,2023 1.3 | 2024 -1.3 | 2025 -0.7 | 2026 2.6,4.898979485566356,-4.149813697455355,-5.158661215112081,false,false,false
H-006,"8000 ev, residual top 0.2",BTCUSDT,2023-01..2026-05,30.0,0.1730934754435806,-0.31301582908061976,1.1338539454780119,26.345511482254697,2.1968494815302035,2023 0.7 | 2024 0.5 | 2025 -0.9 | 2026 1.5,4.898979485566356,-3.8269065245564193,-4.313015829080619,false,false,false
H-006,"8000 ev, return_pretrend top 0.01",BTCUSDT,2023-01..2026-05,30.0,19.02686687391939,-4.37793773967841,4.69518129483406,5.849740932642487,1.2031708222614406,2023 5.3 | 2024 48.8 | 2025 11.6 | 2026 20.1,4.898979485566356,15.026866873919388,-8.37793773967841,true,true,false
H-006,"8000 ev, return_pretrend top 0.05",BTCUSDT,2023-01..2026-05,30.0,10.362975591169816,-0.7392696788551884,6.8470178821127226,10.506641366223908,1.0681701622608963,2023 5.8 | 2024 14.7 | 2025 9.0 | 2026 16.8,4.898979485566356,6.362975591169816,-4.739269678855188,true,true,false
H-006,"8000 ev, return_pretrend top 0.2",BTCUSDT,2023-01..2026-05,30.0,4.951263804234507,1.3152164986906274,10.277391814491454,26.328323699421965,0.7429421254891686,2023 4.0 | 2024 3.7 | 2025 6.3 | 2026 8.4,4.898979485566356,0.9512638042345074,-2.6847835013093726,true,true,false
H-006,"8000 ev, return_pretrend_flow top 0.01",BTCUSDT,2023-01..2026-05,30.0,20.875014844922422,-2.348546445892107,5.292219674908335,5.3619047619047615,1.097825684994906,2023 9.5 | 2024 44.7 | 2025 13.5 | 2026 18.9,4.898979485566356,16.875014844922422,-6.348546445892107,true,true,false
H-006,"8000 ev, return_pretrend_flow top 0.05",BTCUSDT,2023-01..2026-05,30.0,8.896296364384995,-2.04473324660635,7.3168926111510535,9.947272727272727,1.218930953196973,2023 3.6 | 2024 14.3 | 2025 8.9 | 2026 8.8,4.898979485566356,4.896296364384995,-6.04473324660635,true,true,false
H-006,"8000 ev, return_pretrend_flow top 0.2",BTCUSDT,2023-01..2026-05,30.0,4.640272405326116,1.0334373826871543,10.29984490819677,26.083143507972665,0.7846998449974967,2023 3.4 | 2024 3.7 | 2025 6.0 | 2026 7.9,4.898979485566356,0.6402724053261162,-2.966562617312846,false,false,false
H-012,benchmark top 0.01,BTCUSDT,2023-01..2026-05,5.0,1.0869127234524214,0.3201427795985444,6.266350331733632,3.857304643261608,0.7109048727395887,2023 1.9 | 2024 1.3 | 2025 0.2 | 2026 1.3,2.0,-2.9130872765475786,-3.6798572204014555,false,false,false
H-012,benchmark top 0.05,BTCUSDT,2023-01..2026-05,5.0,0.31595755213021026,0.1067480416549649,8.154367399553273,14.783101045296167,0.6665240786629196,2023 0.6 | 2024 0.5 | 2025 -0.0 | 2026 0.2,2.0,-3.68404244786979,-3.893251958345035,false,false,false
H-012,benchmark top 0.2,BTCUSDT,2023-01..2026-05,5.0,0.1924249260705209,0.11765682399131995,6.618135636553686,58.224936815501266,0.39427242252609135,2023 0.5 | 2024 -0.0 | 2025 0.2 | 2026 0.3,2.0,-3.807575073929479,-3.88234317600868,false,false,false
H-012,benchmark top 0.01,BTCUSDT,2023-01..2026-05,15.0,1.8793735712675348,0.12210368106326547,6.151850986175972,3.825864276568502,0.9378780200950572,2023 4.3 | 2024 1.3 | 2025 1.4 | 2026 1.2,3.4641016151377544,-2.120626428732465,-3.8778963189367346,false,false,false
H-012,benchmark top 0.05,BTCUSDT,2023-01..2026-05,15.0,0.6362962117890165,0.2381900743029568,8.332031142022888,14.384070796460177,0.6341829483108655,2023 2.0 | 2024 0.2 | 2025 0.3 | 2026 0.6,3.4641016151377544,-3.3637037882109837,-3.761809925697043,false,false,false
H-012,benchmark top 0.2,BTCUSDT,2023-01..2026-05,15.0,0.2589677925339688,0.09830099272698611,6.162548477615215,58.11457455770851,0.6288479340235068,2023 0.4 | 2024 0.3 | 2025 -0.1 | 2026 0.7,3.4641016151377544,-3.741032207466031,-3.901699007273014,false,false,false
H-012,benchmark top 0.01,BTCUSDT,2023-01..2026-05,30.0,4.518232759444978,1.452947887256235,6.628140403166306,4.366336633663367,0.6933740912452072,2023 9.6 | 2024 6.6 | 2025 3.7 | 2026 -3.0,4.898979485566356,0.5182327594449783,-2.5470521127437653,false,false,false
H-012,benchmark top 0.05,BTCUSDT,2023-01..2026-05,30.0,0.5990629998801729,-0.46793852879103087,6.710462913214231,14.688972667295005,1.7371121912647374,2023 0.8 | 2024 1.4 | 2025 0.2 | 2026 -0.8,4.898979485566356,-3.400937000119827,-4.467938528791031,false,false,false
H-012,benchmark top 0.2,BTCUSDT,2023-01..2026-05,30.0,0.3424190939110107,0.005997728027877197,6.403108494675483,58.22849915682968,0.9829866978667003,2023 0.4 | 2024 0.8 | 2025 -0.4 | 2026 0.8,4.898979485566356,-3.6575809060889894,-3.9940022719721227,false,false,false
H-012,flow_W15_H15 top 0.01,BTCUSDT,2023-01..2026-05,15.0,3.293619381905834,1.6495381818810249,7.19520709929443,3.791770573566085,0.5189346245889072,2023 4.3 | 2024 2.1 | 2025 3.7 | 2026 4.2,3.4641016151377544,-0.7063806180941659,-2.3504618181189754,false,false,false
H-012,flow_W15_H15 top 0.05,BTCUSDT,2023-01..2026-05,15.0,0.46803866709681513,0.002392051031149323,7.994285243002158,14.461538461538462,0.9950176282514672,2023 1.9 | 2024 0.1 | 2025 -0.2 | 2026 0.8,3.4641016151377544,-3.531961332903185,-3.9976079489688505,false,false,false
H-012,flow_W15_H15 top 0.2,BTCUSDT,2023-01..2026-05,15.0,0.2463044120948204,0.08711964407458796,5.407367300162658,58.16933445661331,0.6535875270484357,2023 0.2 | 2024 0.4 | 2025 0.0 | 2026 0.5,3.4641016151377544,-3.7536955879051797,-3.912880355925412,false,false,false
H-012,flow_W15_H30 top 0.01,BTCUSDT,2023-01..2026-05,30.0,4.284856596605935,1.6722563249288147,5.697154919961104,4.2592592592592595,0.6326699154906521,2023 6.0 | 2024 4.8 | 2025 4.7 | 2026 0.7,4.898979485566356,0.2848565966059349,-2.3277436750711855,false,false,false
H-012,flow_W15_H30 top 0.05,BTCUSDT,2023-01..2026-05,30.0,0.9702976812985489,0.031018722321030902,6.747151626437954,14.483870967741936,0.9693926603040948,2023 0.6 | 2024 1.7 | 2025 1.1 | 2026 -0.7,4.898979485566356,-3.0297023187014513,-3.968981277678969,false,false,false
H-012,flow_W15_H30 top 0.2,BTCUSDT,2023-01..2026-05,30.0,0.3763241387148978,0.01243861982072761,5.060757193287502,58.399662731871835,0.9677988890341727,2023 0.1 | 2024 0.9 | 2025 0.0 | 2026 0.4,4.898979485566356,-3.6236758612851023,-3.9875613801792724,false,false,false
H-012,flow_W15_H5 top 0.01,BTCUSDT,2023-01..2026-05,5.0,1.8823206959510894,1.0398067432467237,7.870202237912869,4.017688679245283,0.45926719633275126,2023 2.2 | 2024 2.7 | 2025 1.1 | 2026 1.0,2.0,-2.1176793040489104,-2.9601932567532763,false,false,false
H-012,flow_W15_H5 top 0.05,BTCUSDT,2023-01..2026-05,5.0,0.46938892744512023,0.24737088571457447,8.76947662667615,14.714038128249566,0.4817461772879146,2023 0.5 | 2024 0.6 | 2025 0.3 | 2026 0.2,2.0,-3.53061107255488,-3.7526291142854253,false,false,false
H-012,flow_W15_H5 top 0.2,BTCUSDT,2023-01..2026-05,5.0,0.26632845782736253,0.18065328460836122,8.08797565607087,57.618365627632684,0.3301597197544378,2023 0.5 | 2024 0.1 | 2025 0.2 | 2026 0.3,2.0,-3.7336715421726376,-3.8193467153916387,false,false,false
H-012,flow_W240_H15 top 0.01,BTCUSDT,2023-01..2026-05,15.0,1.0587122532726934,-0.37579215988629866,6.041600675626463,3.86875,1.3406164134197147,2023 4.3 | 2024 -0.4 | 2025 0.8 | 2026 0.5,3.4641016151377544,-2.9412877467273066,-4.3757921598862985,false,false,false
H-012,flow_W240_H15 top 0.05,BTCUSDT,2023-01..2026-05,15.0,0.6621552793962323,0.2361178886693992,8.723813658822296,14.423043095866316,0.6531734254128023,2023 2.0 | 2024 0.3 | 2025 0.2 | 2026 0.8,3.4641016151377544,-3.337844720603768,-3.763882111330601,false,false,false
H-012,flow_W240_H15 top 0.2,BTCUSDT,2023-01..2026-05,15.0,0.2634269195605162,0.10650859139700186,6.216142787177641,57.88711036225779,0.6043599704103814,2023 0.5 | 2024 0.2 | 2025 -0.0 | 2026 0.6,3.4641016151377544,-3.736573080439484,-3.893491408602998,false,false,false
H-012,flow_W240_H30 top 0.01,BTCUSDT,2023-01..2026-05,30.0,4.214534633704789,0.20139405595205653,5.077161175536518,4.712854757929883,0.9549904697345842,2023 7.5 | 2024 3.6 | 2025 5.5 | 2026 -1.4,4.898979485566356,0.21453463370478865,-3.7986059440479436,false,false,false
H-012,flow_W240_H30 top 0.05,BTCUSDT,2023-01..2026-05,30.0,0.9997987272498866,-0.1641410990763884,7.319099506208269,14.643592142188961,1.154064019329144,2023 1.8 | 2024 2.0 | 2025 0.3 | 2026 -0.8,4.898979485566356,-3.0002012727501133,-4.164141099076389,false,false,false
H-012,flow_W240_H30 top 0.2,BTCUSDT,2023-01..2026-05,30.0,0.44529553776298564,0.10947517381961938,6.4897716150469735,58.0185497470489,0.7611937515558201,2023 0.9 | 2024 0.5 | 2025 -0.1 | 2026 0.8,4.898979485566356,-3.5547044622370145,-3.8905248261803806,false,false,false
H-012,flow_W240_H5 top 0.01,BTCUSDT,2023-01..2026-05,5.0,1.112926188651022,0.3325360829185047,6.153463040360413,3.868629671574179,0.7060164261673222,2023 1.4 | 2024 1.7 | 2025 0.2 | 2026 1.6,2.0,-2.8870738113489782,-3.6674639170814953,false,false,false
H-012,flow_W240_H5 top 0.05,BTCUSDT,2023-01..2026-05,5.0,0.21602649922818024,0.025179894133682223,8.012246880257731,14.872062663185378,0.8850027520171638,2023 0.5 | 2024 0.4 | 2025 -0.1 | 2026 -0.0,2.0,-3.7839735007718196,-3.9748201058663177,false,false,false
H-012,flow_W240_H5 top 0.2,BTCUSDT,2023-01..2026-05,5.0,0.16880520263638848,0.08981261682941652,6.618658852997073,58.33866891322662,0.47345233129346737,2023 0.5 | 2024 -0.1 | 2025 0.1 | 2026 0.2,2.0,-3.8311947973636116,-3.9101873831705833,false,false,false
H-012,flow_W60_H15 top 0.01,BTCUSDT,2023-01..2026-05,15.0,1.5453554793653688,-0.19637438990755948,6.045163539408526,4.198162729658793,1.1220291043466109,2023 5.5 | 2024 0.9 | 2025 0.5 | 2026 -0.1,3.4641016151377544,-2.4546445206346315,-4.196374389907559,false,false,false
H-012,flow_W60_H15 top 0.05,BTCUSDT,2023-01..2026-05,15.0,0.3793751355434461,-0.15032990123453133,7.53002106919638,14.864768683274022,1.3886672944972864,2023 1.8 | 2024 0.0 | 2025 -0.2 | 2026 0.4,3.4641016151377544,-3.6206248644565537,-4.150329901234532,false,false,false
H-012,flow_W60_H15 top 0.2,BTCUSDT,2023-01..2026-05,15.0,0.21432499279484912,0.026826288277822984,5.395632136574175,58.48357203032856,0.8776679621812563,2023 0.5 | 2024 0.3 | 2025 -0.2 | 2026 0.5,3.4641016151377544,-3.785675007205151,-3.973173711722177,false,false,false
H-012,flow_W60_H30 top 0.01,BTCUSDT,2023-01..2026-05,30.0,3.8635119157903746,0.7177720423628835,3.9186704286894085,4.869127516778524,0.8245247338828281,2023 5.9 | 2024 4.8 | 2025 6.8 | 2026 -7.3,4.898979485566356,-0.13648808420962544,-3.2822279576371165,false,false,false
H-012,flow_W60_H30 top 0.05,BTCUSDT,2023-01..2026-05,30.0,-0.0789364217611949,-1.2368249963025393,5.626838398534312,15.286522148916116,-14.022324453630189,2023 0.5 | 2024 0.4 | 2025 -0.3 | 2026 -1.9,4.898979485566356,-4.0789364217611945,-5.2368249963025395,false,false,false
H-012,flow_W60_H30 top 0.2,BTCUSDT,2023-01..2026-05,30.0,0.04357673365578658,-0.3419964261872717,4.679035756346803,58.757601351351354,8.6678709003988,2023 0.2 | 2024 0.5 | 2025 -0.6 | 2026 0.2,4.898979485566356,-3.9564232663442134,-4.341996426187272,false,false,false
H-012,flow_W60_H5 top 0.01,BTCUSDT,2023-01..2026-05,5.0,1.4608300147105797,0.5231240433353583,6.972140854348883,4.132142857142857,0.6511846769164746,2023 1.6 | 2024 2.4 | 2025 0.1 | 2026 2.1,2.0,-2.53916998528942,-3.4768759566646414,false,false,false
H-012,flow_W60_H5 top 0.05,BTCUSDT,2023-01..2026-05,5.0,0.2591054726288112,0.07062461575622332,8.085475612653514,14.993891797556719,0.7307602781636854,2023 0.5 | 2024 0.4 | 2025 0.0 | 2026 0.0,2.0,-3.740894527371189,-3.9293753842437766,false,false,false
H-012,flow_W60_H5 top 0.2,BTCUSDT,2023-01..2026-05,5.0,0.18568445871056355,0.10947586972671829,6.659849607073834,58.07497893850042,0.4159448989918119,2023 0.5 | 2024 -0.0 | 2025 0.1 | 2026 0.3,2.0,-3.8143155412894365,-3.8905241302732816,false,false,false
H-012,interaction_primary top 0.01,BTCUSDT,2023-01..2026-05,15.0,2.1604217654961837,0.48197815016331635,6.437099609196254,4.299867899603699,0.7870493025121995,2023 4.4 | 2024 -0.0 | 2025 2.6 | 2026 3.3,3.4641016151377544,-1.8395782345038163,-3.5180218498366838,false,false,false
H-012,interaction_primary top 0.05,BTCUSDT,2023-01..2026-05,15.0,0.5240779462738279,-0.000016574423707635547,8.159686163890653,14.991103202846976,1.0000309727116936,2023 1.1 | 2024 0.4 | 2025 -0.1 | 2026 1.4,3.4641016151377544,-3.475922053726172,-4.000016574423707,false,false,false
H-012,interaction_primary top 0.2,BTCUSDT,2023-01..2026-05,15.0,0.2373534481409607,0.04706761287620233,5.298654926788548,58.73378264532435,0.8056746593467848,2023 0.3 | 2024 0.1 | 2025 0.0 | 2026 1.0,3.4641016151377544,-3.7626465518590395,-3.9529323871237976,false,false,false
H-012,scaling_z_primary top 0.01,BTCUSDT,2023-01..2026-05,15.0,2.5357335033225867,0.7831477016490794,5.648471363629256,3.8199233716475094,0.7045788980920645,2023 4.6 | 2024 0.9 | 2025 2.7 | 2026 3.4,3.4641016151377544,-1.4642664966774133,-3.2168522983509207,false,false,false
H-012,scaling_z_primary top 0.05,BTCUSDT,2023-01..2026-05,15.0,0.4705172171758199,0.09197807931521527,7.825606044719704,14.363957597173146,0.8089893833999641,2023 1.6 | 2024 0.0 | 2025 0.3 | 2026 0.2,3.4641016151377544,-3.52948278282418,-3.9080219206847846,false,false,false
H-012,scaling_z_primary top 0.2,BTCUSDT,2023-01..2026-05,15.0,0.24224450639231138,0.08697378875117794,5.741377828796112,58.187026116259474,0.648805898682164,2023 0.4 | 2024 0.3 | 2025 -0.1 | 2026 0.7,3.4641016151377544,-3.7577554936076885,-3.913026211248822,false,false,false
H-007,"delay_10s, hold 15 min",BTCUSDT,2023..2026-05,15.0,9.000080375620046,2.5649280354997583,3.2495348783000035,0.9534883720930233,0.7277140242146102,2023 3.4 | 2024 26.5 | 2025 2.6 | 2026 12.6,3.4641016151377544,5.000080375620046,-1.4350719645002417,true,true,false
H-007,"delay_30s, hold 5 min",BTCUSDT,2023..2026-05,5.0,4.5109805305411115,0.13263506994359026,3.185693492416247,0.9534883720930233,0.9719821069406225,2023 -0.9 | 2024 17.9 | 2025 3.9 | 2026 7.6,2.0,0.5109805305411115,-3.86736493005641,true,true,false
H-007,"delay_300s, hold 15 min",BTCUSDT,2023..2026-05,15.0,0.46453409444112015,-4.110634488761129,-0.3320067438305565,0.9534883720930233,9.4619387463489,2023 2.4 | 2024 -2.6 | 2025 -6.0 | 2026 5.7,3.4641016151377544,-3.5354659055588797,-8.110634488761129,false,false,false
H-007,"delay_60s, hold 5 min",BTCUSDT,2023..2026-05,5.0,3.905553323914794,-0.587734760277254,2.2482628542449734,0.9534883720930233,1.144032073388688,2023 1.8 | 2024 13.1 | 2025 -1.6 | 2026 3.8,2.0,-0.09444667608520607,-4.587734760277254,true,false,false
H-007,"delay_10s, hold 5 min",BTCUSDT,2023..2026-05,5.0,8.701743242416466,3.838332457871178,4.709684341116738,0.9534883720930233,0.5781918818588422,2023 1.9 | 2024 26.7 | 2025 9.3 | 2026 8.0,2.0,4.701743242416466,-0.16166754212882184,true,true,false
H-007,"delay_10s, hold 60 min",BTCUSDT,2023..2026-05,60.0,5.277849734945648,-2.4951954100264597,1.7699423735762962,0.9534883720930233,1.4520913020995174,2023 1.8 | 2024 14.2 | 2025 4.7 | 2026 6.8,6.928203230275509,1.2778497349456481,-6.49519541002646,false,false,false
H-007,"delay_1s, hold 5 min",BTCUSDT,2023..2026-05,5.0,12.226547908693144,7.476832652151246,6.619041830560808,0.9534883720930233,0.41573444554263905,2023 7.2 | 2024 34.3 | 2025 2.0 | 2026 7.9,2.0,8.226547908693144,3.476832652151246,true,true,true
H-007,"delay_10s, hold 30 min",BTCUSDT,2023..2026-05,30.0,6.123538995030904,-0.14382624303225416,1.9708299333076398,0.9534883720930233,1.0223614633447555,2023 4.8 | 2024 15.9 | 2025 -7.2 | 2026 12.2,4.898979485566356,2.123538995030904,-4.1438262430322546,true,true,false
H-007,"delay_30s, hold 15 min",BTCUSDT,2023..2026-05,15.0,4.3566786030735765,-0.9869678568188134,1.874413082141669,0.9534883720930233,1.2164432084017167,2023 0.2 | 2024 17.7 | 2025 -4.0 | 2026 12.2,3.4641016151377544,0.35667860307357646,-4.986967856818813,true,true,false
H-007,"exhaustion_30s, hold 30 min",BTCUSDT,2023..2026-05,30.0,-0.8774932101313069,-6.462781440242854,0.15168087879878397,0.9534883720930233,-6.042945285570901,2023 -0.1 | 2024 6.1 | 2025 -21.7 | 2026 10.6,4.898979485566356,-4.877493210131307,-10.462781440242853,false,false,false
H-007,"exhaustion_60s, hold 30 min",BTCUSDT,2023..2026-05,30.0,1.3625286800673788,-5.902309074307082,0.38018181049417255,0.9534883720930233,5.13514080203434,2023 5.1 | 2024 2.4 | 2025 -19.2 | 2026 7.7,4.898979485566356,-2.6374713199326214,-9.902309074307082,false,false,false
H-007,"trigger, hold 15 min",BTCUSDT,2023..2026-05,15.0,11.919657539563365,5.4110949891733595,4.7561549010271325,0.9534883720930233,0.5689442257028845,2023 7.6 | 2024 32.9 | 2025 -3.2 | 2026 13.3,3.4641016151377544,7.9196575395633655,1.4110949891733595,true,true,true
H-007,"trigger, hold 5 min",BTCUSDT,2023..2026-05,5.0,11.664752812665618,7.270071837024693,6.775189186576672,0.9534883720930233,0.40505452049453294,2023 6.7 | 2024 33.0 | 2025 0.9 | 2026 9.1,2.0,7.664752812665618,3.270071837024693,true,true,true
H-007,"delay_120s, hold 60 min",BTCUSDT,2023..2026-05,60.0,1.3260500038940122,-8.71255527800898,0.2714878842598638,0.9534883720930233,7.255329881875116,2023 5.2 | 2024 -3.6 | 2025 -6.8 | 2026 1.4,6.928203230275509,-2.673949996105988,-12.71255527800898,false,false,false
H-007,"delay_60s, hold 30 min",BTCUSDT,2023..2026-05,30.0,2.0607850230976,-4.177891935408221,0.6521057967719872,0.9534883720930233,2.940371648779695,2023 4.8 | 2024 4.1 | 2025 -16.8 | 2026 9.7,4.898979485566356,-1.9392149769024,-8.177891935408221,false,false,false
H-007,"delay_60s, hold 60 min",BTCUSDT,2023..2026-05,60.0,0.9453034490019624,-7.648641318334362,0.4434936852465847,0.9534883720930233,8.703314429766483,2023 1.7 | 2024 1.2 | 2025 -4.5 | 2026 4.0,6.928203230275509,-3.0546965509980377,-11.648641318334363,false,false,false
H-007,"delay_120s, hold 5 min",BTCUSDT,2023..2026-05,5.0,4.519985850315521,-1.0097047681860858,2.039947442575577,0.9534883720930233,1.2134291863071267,2023 6.5 | 2024 6.2 | 2025 -4.1 | 2026 1.5,2.0,0.5199858503155212,-5.009704768186086,true,true,false
H-007,"exhaustion_60s, hold 15 min",BTCUSDT,2023..2026-05,15.0,5.176484467121519,-1.9075617467540216,1.4659678990701557,0.9534883720930233,1.3499095347881511,2023 4.9 | 2024 12.5 | 2025 -6.2 | 2026 7.3,3.4641016151377544,1.1764844671215187,-5.907561746754022,true,true,false
H-007,"delay_120s, hold 30 min",BTCUSDT,2023..2026-05,30.0,2.015340353491577,-6.056597588812521,0.4032695058634885,0.9534883720930233,3.868760716973579,2023 6.9 | 2024 -0.6 | 2025 -16.8 | 2026 7.2,4.898979485566356,-1.984659646508423,-10.056597588812522,false,false,false
H-007,"exhaustion_60s, hold 60 min",BTCUSDT,2023..2026-05,60.0,-0.1673707177782661,-9.54892436187926,0.13119097988688108,0.9534883720930233,-53.317471712770406,2023 1.7 | 2024 -0.9 | 2025 -6.9 | 2026 0.1,6.928203230275509,-4.167370717778266,-13.54892436187926,false,false,false
H-007,"exhaustion_60s, hold 5 min",BTCUSDT,2023..2026-05,5.0,2.7221442696209635,-2.1770689459211225,1.6701815237801116,0.9534883720930233,1.760077074341611,2023 1.8 | 2024 10.0 | 2025 -2.7 | 2026 -0.5,2.0,-1.2778557303790365,-6.177068945921123,true,false,false
H-007,"delay_300s, hold 30 min",BTCUSDT,2023..2026-05,30.0,-2.813539917355685,-8.755929092953625,-0.889054064990868,0.9534883720930233,-1.97858201068244,2023 0.6 | 2024 -10.0 | 2025 -11.8 | 2026 6.9,4.898979485566356,-6.813539917355685,-12.755929092953625,false,false,false
H-007,"delay_300s, hold 5 min",BTCUSDT,2023..2026-05,5.0,-0.9029987839837011,-4.109375105556565,-0.9752200816242649,0.9534883720930233,-3.3364732868354885,2023 -1.2 | 2024 0.3 | 2025 -2.2 | 2026 0.6,2.0,-4.902998783983701,-8.109375105556566,false,false,false
H-007,"delay_1s, hold 30 min",BTCUSDT,2023..2026-05,30.0,10.00911769354428,3.3929142616033463,3.24990138448533,0.9534883720930233,0.6798341616570475,2023 9.7 | 2024 24.0 | 2025 -10.6 | 2026 11.0,4.898979485566356,6.00911769354428,-0.6070857383966537,true,true,false
H-007,"delay_300s, hold 60 min",BTCUSDT,2023..2026-05,60.0,-2.228231824561344,-10.324392438463628,-0.5892332821991216,0.9534883720930233,-3.423012209922972,2023 -0.1 | 2024 -11.6 | 2025 2.7 | 2026 -1.5,6.928203230275509,-6.228231824561345,-14.324392438463628,false,false,false
H-007,"delay_1s, hold 60 min",BTCUSDT,2023..2026-05,60.0,9.123892837772503,1.3293262899505565,3.0176033313051134,0.9534883720930233,0.8616549879902676,2023 6.8 | 2024 23.0 | 2025 -0.2 | 2026 5.8,6.928203230275509,5.1238928377725035,-2.6706737100494435,true,true,false
H-007,"delay_30s, hold 30 min",BTCUSDT,2023..2026-05,30.0,1.5717803186594286,-4.1208892532805015,0.8124810521570288,0.9534883720930233,3.502724838259218,2023 1.3 | 2024 8.0 | 2025 -13.4 | 2026 11.7,4.898979485566356,-2.4282196813405714,-8.120889253280502,false,false,false
H-007,"trigger, hold 60 min",BTCUSDT,2023..2026-05,60.0,8.60406210487428,1.2974861789810619,3.2181630740087366,0.9534883720930233,0.8569372895433388,2023 6.4 | 2024 21.5 | 2025 -1.2 | 2026 7.4,6.928203230275509,4.604062104874281,-2.702513821018938,true,true,false
H-007,"delay_1s, hold 15 min",BTCUSDT,2023..2026-05,15.0,12.527107063867014,5.747993583432408,4.544408682637094,0.9534883720930233,0.5635382036205366,2023 8.2 | 2024 34.1 | 2025 -1.8 | 2026 11.6,3.4641016151377544,8.527107063867014,1.7479935834324083,true,true,true
H-007,"exhaustion_30s, hold 5 min",BTCUSDT,2023..2026-05,5.0,0.6393785869261656,-2.8974081742621323,1.481051408737308,0.9534883720930233,5.348659295981579,2023 -4.1 | 2024 14.9 | 2025 -3.6 | 2026 3.8,2.0,-3.3606214130738343,-6.897408174262132,false,false,false
H-007,"delay_120s, hold 15 min",BTCUSDT,2023..2026-05,15.0,4.754397485936283,-2.4011749914520255,1.0045677629910827,0.9534883720930233,1.48125624606611,2023 7.3 | 2024 6.5 | 2025 -8.8 | 2026 6.3,3.4641016151377544,0.7543974859362832,-6.4011749914520255,true,true,false
H-007,"delay_60s, hold 15 min",BTCUSDT,2023..2026-05,15.0,5.553391677976901,-0.5387345393546163,1.6412971108879386,0.9534883720930233,1.092114627902968,2023 5.4 | 2024 12.5 | 2025 -7.2 | 2026 10.4,3.4641016151377544,1.5533916779769008,-4.538734539354616,true,true,false
H-007,"exhaustion_30s, hold 15 min",BTCUSDT,2023..2026-05,15.0,2.290456065831633,-2.8841074219709766,0.965627637976728,0.9534883720930233,2.205174332997462,2023 -0.7 | 2024 14.8 | 2025 -9.8 | 2026 10.2,3.4641016151377544,-1.7095439341683671,-6.884107421970977,false,false,false
H-007,"exhaustion_30s, hold 60 min",BTCUSDT,2023..2026-05,60.0,-1.6719150838897932,-9.130049237278943,0.07726800316073422,0.9534883720930233,-4.199043796293896,2023 -3.0 | 2024 3.3 | 2025 -7.0 | 2026 3.3,6.928203230275509,-5.671915083889793,-13.130049237278943,false,false,false
H-007,"delay_30s, hold 60 min",BTCUSDT,2023..2026-05,60.0,0.5396664582048822,-6.677681390435519,0.6537052853402324,0.9534883720930233,12.853378080776004,2023 -1.7 | 2024 5.0 | 2025 -0.6 | 2026 5.9,6.928203230275509,-3.4603335417951175,-10.67768139043552,false,false,false
H-007,"trigger, hold 30 min",BTCUSDT,2023..2026-05,30.0,9.44423469051238,3.1776308393134327,3.4203567417733827,0.9534883720930233,0.6819311581611185,2023 9.3 | 2024 22.5 | 2025 -11.7 | 2026 13.0,4.898979485566356,5.4442346905123795,-0.8223691606865673,true,true,false
H-008,"delay_300s, hold 15 min",BTCUSDT,2023..2026-05,15.0,-0.5575673882253043,-5.451718968978568,-0.5463120903383994,1.0272654370489174,-8.434207782061986,2023 1.8 | 2024 3.9 | 2025 -10.9 | 2026 -0.3,3.4641016151377544,-4.557567388225304,-9.451718968978568,false,false,false
H-008,"delay_1s, hold 30 min",BTCUSDT,2023..2026-05,30.0,5.613437364245167,-0.19384504176269524,3.3380556965928574,1.0272654370489174,1.0333731600175267,2023 4.9 | 2024 20.5 | 2025 -10.5 | 2026 7.5,4.898979485566356,1.6134373642451667,-4.193845041762695,true,true,false
H-008,"delay_30s, hold 60 min",BTCUSDT,2023..2026-05,60.0,2.3662506632374685,-3.439411591781932,1.6170070522319198,1.0272654370489174,2.4092753901778377,2023 -2.1 | 2024 20.8 | 2025 -8.6 | 2026 2.0,6.928203230275509,-1.6337493367625315,-7.439411591781932,false,false,false
H-008,"delay_10s, hold 30 min",BTCUSDT,2023..2026-05,30.0,3.7050497585666573,-1.9176683878137255,2.480461901435106,1.0272654370489174,1.498996261685534,2023 2.0 | 2024 16.6 | 2025 -9.7 | 2026 9.0,4.898979485566356,-0.2949502414333427,-5.917668387813725,false,false,false
H-008,"delay_10s, hold 15 min",BTCUSDT,2023..2026-05,15.0,6.922564325813125,1.4579028556079574,3.8073204744534137,1.0272654370489174,0.7961390038390149,2023 0.8 | 2024 21.3 | 2025 2.4 | 2026 10.6,3.4641016151377544,2.9225643258131253,-2.5420971443920424,true,true,false
H-008,"exhaustion_30s, hold 60 min",BTCUSDT,2023..2026-05,60.0,-0.3363993059851319,-6.37277714151489,0.9223918462555246,1.0272654370489174,-17.308179219034486,2023 -2.8 | 2024 16.4 | 2025 -14.0 | 2026 -0.3,6.928203230275509,-4.336399305985132,-10.37277714151489,false,false,false
H-008,"delay_30s, hold 15 min",BTCUSDT,2023..2026-05,15.0,3.945395565912829,-1.2756369333551334,2.3795440990376324,1.0272654370489174,1.312722197557476,2023 -1.2 | 2024 15.9 | 2025 0.7 | 2026 6.3,3.4641016151377544,-0.05460443408717097,-5.275636933355133,true,false,false
H-008,"delay_300s, hold 5 min",BTCUSDT,2023..2026-05,5.0,0.023471575014058926,-3.4123372483143912,-0.14264837292911647,1.0272654370489174,140.4801696441446,2023 -1.2 | 2024 3.7 | 2025 0.4 | 2026 -3.9,2.0,-3.976528424985941,-7.412337248314391,false,false,false
H-008,"exhaustion_60s, hold 30 min",BTCUSDT,2023..2026-05,30.0,-0.22456974465923082,-6.934550307946395,0.3702256135870083,1.0272654370489174,-28.62578120520184,2023 3.4 | 2024 6.2 | 2025 -15.8 | 2026 0.4,4.898979485566356,-4.224569744659231,-10.934550307946395,false,false,false
H-008,"exhaustion_60s, hold 5 min",BTCUSDT,2023..2026-05,5.0,1.2330581142310773,-2.8305222948824844,1.0364359748287226,1.0272654370489174,3.198763239615104,2023 1.8 | 2024 4.5 | 2025 0.3 | 2026 -7.5,2.0,-2.7669418857689227,-6.830522294882485,false,false,false
H-008,"trigger, hold 30 min",BTCUSDT,2023..2026-05,30.0,5.6408882531233715,-0.15203487434981583,3.3969549087938153,1.0272654370489174,1.0260475714558732,2023 5.5 | 2024 20.1 | 2025 -11.1 | 2026 6.8,4.898979485566356,1.6408882531233715,-4.152034874349816,true,true,false
H-008,"exhaustion_30s, hold 5 min",BTCUSDT,2023..2026-05,5.0,0.24054231319502856,-3.481835423392992,1.9212235925867003,1.0272654370489174,14.966452134671975,2023 -2.8 | 2024 5.3 | 2025 1.0 | 2026 0.7,2.0,-3.7594576868049714,-7.481835423392992,false,false,false
H-008,"trigger, hold 60 min",BTCUSDT,2023..2026-05,60.0,7.113119227215931,0.8365134343413094,3.355956656724395,1.0272654370489174,0.8857034679014758,2023 3.7 | 2024 28.4 | 2025 -7.7 | 2026 3.3,6.928203230275509,3.1131192272159307,-3.1634865656586904,true,true,false
H-008,"delay_10s, hold 5 min",BTCUSDT,2023..2026-05,5.0,6.398136340158635,1.8021567385209947,5.47392690409822,1.0272654370489174,0.7284455665646077,2023 0.5 | 2024 16.1 | 2025 7.5 | 2026 8.2,2.0,2.3981363401586346,-2.1978432614790053,true,true,false
H-008,"delay_30s, hold 5 min",BTCUSDT,2023..2026-05,5.0,3.984795704150366,-0.3077680089497545,3.9288637178819714,1.0272654370489174,1.0744620935073594,2023 -0.7 | 2024 11.6 | 2025 5.7 | 2026 3.9,2.0,-0.015204295849633898,-4.307768008949754,true,false,false
H-008,"delay_300s, hold 30 min",BTCUSDT,2023..2026-05,30.0,-2.4637521947034253,-8.372264918753306,-0.3633442589023742,1.0272654370489174,-2.2708444020249963,2023 0.7 | 2024 0.6 | 2025 -15.3 | 2026 3.0,4.898979485566356,-6.463752194703425,-12.372264918753306,false,false,false
H-008,"delay_1s, hold 15 min",BTCUSDT,2023..2026-05,15.0,8.726509733054357,3.1834124994710358,4.878812820062481,1.0272654370489174,0.6460235750858256,2023 3.6 | 2024 25.3 | 2025 1.0 | 2026 8.9,3.4641016151377544,4.726509733054357,-0.8165875005289642,true,true,false
H-008,"delay_120s, hold 15 min",BTCUSDT,2023..2026-05,15.0,3.2033943151448856,-3.3972254272557247,0.9032927678576727,1.0272654370489174,2.013319157883065,2023 7.5 | 2024 3.1 | 2025 -4.2 | 2026 -0.6,3.4641016151377544,-0.7966056848551144,-7.397225427255725,false,false,false
H-008,"delay_120s, hold 30 min",BTCUSDT,2023..2026-05,30.0,0.6923703774988602,-5.992038596616287,0.5432599090450778,1.0272654370489174,9.296317430804836,2023 6.8 | 2024 1.8 | 2025 -14.5 | 2026 1.5,4.898979485566356,-3.30762962250114,-9.992038596616286,false,false,false
H-008,"trigger, hold 5 min",BTCUSDT,2023..2026-05,5.0,8.552219567470994,4.096435475443909,7.298116858699442,1.0272654370489174,0.5370876247436205,2023 4.1 | 2024 19.5 | 2025 6.5 | 2026 7.3,2.0,4.552219567470994,0.09643547544390874,true,true,true
H-008,"exhaustion_60s, hold 15 min",BTCUSDT,2023..2026-05,15.0,2.252912254328876,-4.212175021469054,0.7707027417215375,1.0272654370489174,2.7879241479452204,2023 3.6 | 2024 5.8 | 2025 -3.7 | 2026 -0.1,3.4641016151377544,-1.747087745671124,-8.212175021469054,false,false,false
H-008,"exhaustion_30s, hold 30 min",BTCUSDT,2023..2026-05,30.0,-1.2692105612211435,-6.874720533038814,0.7225247988705278,1.0272654370489174,-4.200886217975651,2023 -0.6 | 2024 9.2 | 2025 -17.1 | 2026 4.2,4.898979485566356,-5.2692105612211435,-10.874720533038815,false,false,false
H-008,"delay_30s, hold 30 min",BTCUSDT,2023..2026-05,30.0,0.9918187304268105,-4.39646676628253,1.4297368381505315,1.0272654370489174,5.273555188499779,2023 0.1 | 2024 12.4 | 2025 -12.2 | 2026 5.6,4.898979485566356,-3.0081812695731895,-8.39646676628253,false,false,false
H-008,"delay_120s, hold 5 min",BTCUSDT,2023..2026-05,5.0,2.6678146610942313,-2.0269325508923193,1.5308732521182498,1.0272654370489174,1.7295240671739514,2023 6.5 | 2024 0.1 | 2025 0.9 | 2026 -5.1,2.0,-1.3321853389057687,-6.026932550892319,true,false,false
H-008,"delay_60s, hold 60 min",BTCUSDT,2023..2026-05,60.0,1.6819650434806903,-5.0084717529560745,1.1244494474586761,1.0272654370489174,3.868496294237022,2023 0.8 | 2024 15.5 | 2025 -11.6 | 2026 0.6,6.928203230275509,-2.31803495651931,-9.008471752956074,false,false,false
H-008,"delay_120s, hold 60 min",BTCUSDT,2023..2026-05,60.0,1.59901918565177,-6.060078421880595,0.7106811081279143,1.0272654370489174,4.638987396091723,2023 5.5 | 2024 9.1 | 2025 -13.2 | 2026 -3.6,6.928203230275509,-2.4009808143482303,-10.060078421880595,false,false,false
H-008,"exhaustion_30s, hold 15 min",BTCUSDT,2023..2026-05,15.0,1.3946540009625366,-3.9491547376668668,1.3019994345052217,1.0272654370489174,3.727744593713398,2023 -1.1 | 2024 10.2 | 2025 -4.3 | 2026 3.9,3.4641016151377544,-2.6053459990374632,-7.949154737666866,false,false,false
H-008,"delay_300s, hold 60 min",BTCUSDT,2023..2026-05,60.0,-1.5472840436154036,-8.65294265316483,-0.0943456801580319,1.0272654370489174,-4.387159182945936,2023 -0.3 | 2024 7.7 | 2025 -14.6 | 2026 -2.0,6.928203230275509,-5.547284043615404,-12.65294265316483,false,false,false
H-008,"delay_1s, hold 5 min",BTCUSDT,2023..2026-05,5.0,8.561373142079013,4.029925409513845,7.08808967015536,1.0272654370489174,0.5447229500598497,2023 3.4 | 2024 20.1 | 2025 6.9 | 2026 8.0,2.0,4.561373142079013,0.029925409513844592,true,true,true
H-008,"delay_60s, hold 5 min",BTCUSDT,2023..2026-05,5.0,2.1366509177327755,-1.9368146696132154,2.2388532460133184,1.0272654370489174,1.8717984052141718,2023 0.9 | 2024 4.8 | 2025 1.9 | 2026 2.0,2.0,-1.8633490822672245,-5.936814669613216,true,false,false
H-008,"exhaustion_60s, hold 60 min",BTCUSDT,2023..2026-05,60.0,-0.3748572109079254,-7.6777752789664335,0.37181453764318567,1.0272654370489174,-18.666429009117397,2023 1.0 | 2024 12.3 | 2025 -15.8 | 2026 -4.9,6.928203230275509,-4.374857210907925,-11.677775278966433,false,false,false
H-008,"delay_60s, hold 15 min",BTCUSDT,2023..2026-05,15.0,4.1584347127141745,-1.6814852084055627,1.8111020560283515,1.0272654370489174,1.386678586871889,2023 3.3 | 2024 9.8 | 2025 -1.0 | 2026 5.4,3.4641016151377544,0.15843471271417453,-5.6814852084055625,true,true,false
H-008,"delay_60s, hold 30 min",BTCUSDT,2023..2026-05,30.0,0.9049086576711651,-5.408862984415624,0.9943597911387244,1.0272654370489174,6.729945271543534,2023 2.8 | 2024 7.9 | 2025 -13.3 | 2026 5.4,4.898979485566356,-3.0950913423288346,-9.408862984415624,false,false,false
H-008,"delay_10s, hold 60 min",BTCUSDT,2023..2026-05,60.0,5.300021128655224,-0.7640749990725603,2.567015271457804,1.0272654370489174,1.1398879763254193,2023 -0.1 | 2024 25.2 | 2025 -5.9 | 2026 6.5,6.928203230275509,1.3000211286552243,-4.764074999072561,false,false,false
H-008,"trigger, hold 15 min",BTCUSDT,2023..2026-05,15.0,8.693139482368231,3.178216450455774,4.92512891999802,1.0272654370489174,0.6466717696925266,2023 4.3 | 2024 24.8 | 2025 0.4 | 2026 8.0,3.4641016151377544,4.693139482368231,-0.821783549544226,true,true,false
H-008,"delay_1s, hold 60 min",BTCUSDT,2023..2026-05,60.0,7.225694420304296,0.9172612811233639,3.344530160740928,1.0272654370489174,0.8766231458640206,2023 3.1 | 2024 29.2 | 2025 -7.2 | 2026 4.3,6.928203230275509,3.225694420304296,-3.082738718876636,true,true,false
H-009,all top 0.01,BTCUSDT,2023-01..2026-05,60.0,5.520828940295251,-2.5827639729257714,0.752212109656427,4.53125,1.8087359507813765,2023 5.8 | 2024 -6.8 | 2025 -0.2 | 2026 -13.8,6.928203230275509,1.5208289402952513,-6.582763972925772,false,false,false
H-009,all top 0.05,BTCUSDT,2023-01..2026-05,60.0,3.9857965517952056,-0.23633707676993804,0.9639522416015522,5.314741035856573,1.1119268733508616,2023 3.5 | 2024 -2.5 | 2025 1.2 | 2026 2.8,6.928203230275509,-0.014203448204794356,-4.236337076769938,false,false,false
H-009,all top 0.2,BTCUSDT,2023-01..2026-05,60.0,3.9965835327720822,1.0326129636120163,4.050278513157651,7.679337231968811,0.4975383451162877,2023 3.1 | 2024 1.8 | 2025 0.7 | 2026 1.1,6.928203230275509,-0.0034164672279177744,-2.9673870363879837,false,false,false
H-009,baseline top 0.01,BTCUSDT,2023-01..2026-05,60.0,8.041033933070437,-7.7182133085243825,0.4376402118734132,2.3333333333333335,2.6342187035432767,2023 17.4 | 2024 -0.5 | 2025 1.9 | 2026 14.4,6.928203230275509,4.0410339330704375,-11.718213308524383,true,true,false
H-009,baseline top 0.05,BTCUSDT,2023-01..2026-05,60.0,8.049779739002846,0.8914299946895021,2.2761086691358425,3.2121896162528216,0.7907811608244574,2023 8.9 | 2024 2.1 | 2025 5.5 | 2026 2.7,6.928203230275509,4.049779739002846,-3.108570005310498,true,true,false
H-009,baseline top 0.2,BTCUSDT,2023-01..2026-05,60.0,1.6090263654671733,-0.07018792974388621,2.98216111431279,6.048923679060666,1.085931555428553,2023 0.8 | 2024 1.6 | 2025 0.6 | 2026 -1.0,6.928203230275509,-2.390973634532827,-4.070187929743886,false,false,false
H-009,baseline_basis top 0.01,BTCUSDT,2023-01..2026-05,60.0,13.028055431339444,-0.9982874887840124,1.3390626104378158,3.1538461538461537,1.130205123247667,2023 5.6 | 2024 6.7 | 2025 3.5 | 2026 17.2,6.928203230275509,9.028055431339444,-4.998287488784013,true,true,false
H-009,baseline_basis top 0.05,BTCUSDT,2023-01..2026-05,60.0,8.134994796941621,1.5860895883645474,3.8792834306195005,4.0961098398169336,0.634547326542441,2023 5.7 | 2024 1.2 | 2025 4.4 | 2026 5.4,6.928203230275509,4.134994796941621,-2.4139104116354524,true,true,false
H-009,baseline_basis top 0.2,BTCUSDT,2023-01..2026-05,60.0,2.950824613643527,0.3109962405896277,2.7409057860465538,6.609437751004016,0.7967773674766317,2023 2.3 | 2024 2.1 | 2025 1.3 | 2026 -2.1,6.928203230275509,-1.049175386356473,-3.6890037594103724,false,false,false
H-009,baseline_funding top 0.01,BTCUSDT,2023-01..2026-05,60.0,7.440519980204069,-2.7661997212131064,1.7620828273940152,2.8037974683544302,1.6455274064969745,2023 3.8 | 2024 2.4 | 2025 -12.3 | 2026 24.6,6.928203230275509,3.440519980204069,-6.766199721213106,true,true,false
H-009,baseline_funding top 0.05,BTCUSDT,2023-01..2026-05,60.0,5.231008019760417,0.4888490748070965,3.6864392526855645,4.026476578411406,0.8230996104898108,2023 4.4 | 2024 -1.2 | 2025 9.4 | 2026 -0.4,6.928203230275509,1.2310080197604174,-3.5111509251929034,false,false,false
H-009,baseline_funding top 0.2,BTCUSDT,2023-01..2026-05,60.0,3.4232824325996383,0.8124271919509105,3.887855163206196,6.932562620423892,0.5380357190225791,2023 3.0 | 2024 2.6 | 2025 1.7 | 2026 -1.6,6.928203230275509,-0.5767175674003617,-3.1875728080490893,false,false,false
H-009,baseline_positioning top 0.01,BTCUSDT,2023-01..2026-05,60.0,-2.0725788831394683,-11.12388346770192,-0.19309151121538035,2.96875,-8.202497046472917,2023 -0.9 | 2024 -5.5 | 2025 5.2 | 2026 -13.4,6.928203230275509,-6.072578883139468,-15.12388346770192,false,false,false
H-009,baseline_positioning top 0.05,BTCUSDT,2023-01..2026-05,60.0,8.050444723570216,1.1524370083512983,1.8586302362880383,3.607843137254902,0.7309937806141098,2023 5.0 | 2024 2.2 | 2025 6.0 | 2026 1.2,6.928203230275509,4.050444723570216,-2.8475629916487017,true,true,false
H-009,baseline_positioning top 0.2,BTCUSDT,2023-01..2026-05,60.0,4.161362612491815,1.0245384709706113,3.9150858242221025,6.767164179104477,0.5187626006319928,2023 2.6 | 2024 3.6 | 2025 0.8 | 2026 -0.1,6.928203230275509,0.16136261249181505,-2.9754615290293884,false,false,false
H-009,basis_only top 0.01,BTCUSDT,2023-01..2026-05,60.0,7.652633409711406,-2.7359842692577425,0.8502449562744684,4.723684210526316,1.5687731677285488,,6.928203230275509,3.652633409711406,-6.7359842692577425,true,true,false
H-009,basis_only top 0.05,BTCUSDT,2023-01..2026-05,60.0,6.202241648717836,0.6283637977458589,0.971485977197045,6.404929577464789,0.8171786743317135,2023 3.5 | 2024 1.6 | 2025 6.1 | 2026 2.9,6.928203230275509,2.202241648717836,-3.371636202254141,false,false,false
H-009,basis_only top 0.2,BTCUSDT,2023-01..2026-05,60.0,3.7396695512295137,0.7946092811108525,1.5798993667576366,6.431623931623932,0.5923366499970352,2023 2.2 | 2024 1.5 | 2025 2.4 | 2026 1.4,6.928203230275509,-0.2603304487704863,-3.2053907188891477,false,false,false
H-009,funding_only top 0.01,BTCUSDT,2023-01..2026-05,60.0,6.070702886195987,-4.338973111676176,1.6935884199138491,3.6422764227642275,2.1909330621986545,2023 6.2 | 2024 0.0 | 2025 -10.1 | 2026 -13.6,6.928203230275509,2.0707028861959866,-8.338973111676175,false,false,false
H-009,funding_only top 0.05,BTCUSDT,2023-01..2026-05,60.0,2.8244532754135667,-0.9215036453580195,1.6476521901685364,5.307065217391305,1.6025647522795352,2023 2.6 | 2024 -0.1 | 2025 4.6 | 2026 -1.1,6.928203230275509,-1.1755467245864333,-4.92150364535802,false,false,false
H-009,funding_only top 0.2,BTCUSDT,2023-01..2026-05,60.0,1.199522201559092,-0.1483910200591988,2.0448160763173697,6.674846625766871,1.2340826618121568,2023 1.8 | 2024 0.3 | 2025 0.7 | 2026 -1.1,6.928203230275509,-2.800477798440908,-4.148391020059199,false,false,false
H-009,positioning_only top 0.01,BTCUSDT,2023-01..2026-05,60.0,17.770990711336786,-4.748224181144038,1.2955164700058346,3.5698924731182795,1.3717124277073078,2023 17.6 | 2024 26.0 | 2025 -9.9 | 2026 0.5,6.928203230275509,13.770990711336786,-8.748224181144039,true,true,false
H-009,positioning_only top 0.05,BTCUSDT,2023-01..2026-05,60.0,2.4648806170018007,-2.0141303284056797,0.749003591516945,4.213963963963964,2.5288649313295597,2023 3.2 | 2024 4.8 | 2025 -2.9 | 2026 -4.8,6.928203230275509,-1.5351193829981993,-6.014130328405679,false,false,false
H-009,positioning_only top 0.2,BTCUSDT,2023-01..2026-05,60.0,2.358929758696376,0.11036733772733044,0.7534213577922986,6.769155206286837,0.9091268589962449,2023 1.1 | 2024 2.8 | 2025 0.0 | 2026 0.7,6.928203230275509,-1.6410702413036242,-3.8896326622726694,false,false,false
H-009,all top 0.01,BTCUSDT,2023-01..2026-05,240.0,25.199814219825377,-3.9200573258330205,1.6329944013575022,6.984848484848484,1.2559868010204476,2023 9.8 | 2024 56.3 | 2025 -32.6 | 2026 30.0,10.0,21.199814219825377,-7.920057325833021,true,true,false
H-009,all top 0.05,BTCUSDT,2023-01..2026-05,240.0,18.86707453621967,2.0595911382727055,1.997982687637934,7.516129032258065,0.795060421960866,2023 9.8 | 2024 7.6 | 2025 17.9 | 2026 0.3,10.0,14.867074536219668,-1.9404088617272945,true,true,false
H-009,all top 0.2,BTCUSDT,2023-01..2026-05,240.0,13.781673797287606,3.6858922037736965,3.3179802206559295,9.097055616139585,0.4815996599857118,2023 7.7 | 2024 8.3 | 2025 7.1 | 2026 2.5,10.0,9.781673797287606,-0.31410779622630347,true,true,false
H-009,baseline top 0.01,BTCUSDT,2023-01..2026-05,240.0,36.470980716919186,-19.35400861959028,-0.09493023068479307,5.113636363636363,1.6868075361105197,2023 -0.1 | 2024 14.6 | 2025 23.9 | 2026 20.1,10.0,32.470980716919186,-23.35400861959028,true,true,false
H-009,baseline top 0.05,BTCUSDT,2023-01..2026-05,240.0,23.29275753725478,1.3880620511048014,1.9652507024073316,6.636363636363637,0.8918727313851516,2023 -10.1 | 2024 11.4 | 2025 28.0 | 2026 0.3,10.0,19.29275753725478,-2.6119379488951986,true,true,false
H-009,baseline top 0.2,BTCUSDT,2023-01..2026-05,240.0,1.6736372519683698,-3.3943683185183766,1.3705227096803179,7.770304568527918,5.44083542834309,2023 -4.8 | 2024 1.9 | 2025 3.5 | 2026 0.2,10.0,-2.32636274803163,-7.394368318518376,false,false,false
H-009,baseline_basis top 0.01,BTCUSDT,2023-01..2026-05,240.0,25.038395967976683,-7.629469968508204,-0.04192939945246002,5.188679245283019,1.4810628677305775,2023 5.9 | 2024 22.6 | 2025 34.2 | 2026 68.3,10.0,21.038395967976683,-11.629469968508204,true,true,false
H-009,baseline_basis top 0.05,BTCUSDT,2023-01..2026-05,240.0,21.701257841736474,2.928813324886495,1.6283204941754592,6.774294670846395,0.7556092834532182,2023 2.0 | 2024 11.6 | 2025 41.2 | 2026 10.8,10.0,17.701257841736474,-1.071186675113505,true,true,false
H-009,baseline_basis top 0.2,BTCUSDT,2023-01..2026-05,240.0,6.262321797072367,-0.35534855540016397,2.2783619581511867,7.951668584579977,1.1075348897076978,2023 3.0 | 2024 0.4 | 2025 10.2 | 2026 -0.7,10.0,2.2623217970723672,-4.355348555400164,false,false,false
H-009,baseline_funding top 0.01,BTCUSDT,2023-01..2026-05,240.0,12.933882177138795,-12.87134266535671,-0.18572291447144063,4.588235294117647,2.546602700863134,2023 3.4 | 2024 3.5 | 2025 18.8 | 2026 52.2,10.0,8.933882177138795,-16.87134266535671,true,true,false
H-009,baseline_funding top 0.05,BTCUSDT,2023-01..2026-05,240.0,13.105177125636601,-1.0623194045585884,2.3333902660257917,6.402666666666667,1.1505287347726465,2023 1.9 | 2024 7.1 | 2025 42.5 | 2026 -7.8,10.0,9.105177125636601,-5.062319404558588,true,true,false
H-009,baseline_funding top 0.2,BTCUSDT,2023-01..2026-05,240.0,5.4350263521930655,-0.31895201339213625,3.057925032780945,8.43082114735658,1.1123144122015676,2023 4.0 | 2024 -1.8 | 2025 11.1 | 2026 -0.8,10.0,1.4350263521930655,-4.318952013392137,false,false,false
H-009,baseline_positioning top 0.01,BTCUSDT,2023-01..2026-05,240.0,50.407195051495705,-18.589454102096305,1.7475029371999184,4.872727272727273,1.4871299526434723,2023 18.8 | 2024 88.9 | 2025 -5.1 | 2026 40.2,10.0,46.407195051495705,-22.589454102096305,true,true,false
H-009,baseline_positioning top 0.05,BTCUSDT,2023-01..2026-05,240.0,23.841543341447554,1.2500855191232354,3.4678268986107383,6.34113712374582,0.9029793596450275,2023 8.2 | 2024 19.9 | 2025 17.5 | 2026 0.3,10.0,19.841543341447554,-2.7499144808767646,true,true,false
H-009,baseline_positioning top 0.2,BTCUSDT,2023-01..2026-05,240.0,16.751546756731305,4.593161547195183,3.2883856093839854,8.448402948402949,0.46476151043180264,2023 7.1 | 2024 19.0 | 2025 4.0 | 2026 2.5,10.0,12.751546756731305,0.5931615471951828,true,true,false
H-009,basis_only top 0.01,BTCUSDT,2023-01..2026-05,240.0,10.330961582712147,-12.687593868968484,-0.27438658179212033,5.916666666666667,2.7984717244011392,,10.0,6.330961582712147,-16.687593868968484,true,true,false
H-009,basis_only top 0.05,BTCUSDT,2023-01..2026-05,240.0,10.653514976801894,-1.2029729802007652,0.9019834649366124,7.137037037037037,1.1965072663943292,2023 4.2 | 2024 2.7 | 2025 29.9 | 2026 7.1,10.0,6.653514976801894,-5.202972980200765,true,true,false
H-009,basis_only top 0.2,BTCUSDT,2023-01..2026-05,240.0,5.7814955329324675,0.043129446512692106,0.5918034120534439,6.825806451612904,0.986302004714939,2023 2.4 | 2024 1.7 | 2025 10.4 | 2026 0.2,10.0,1.7814955329324675,-3.956870553487308,false,false,false
H-009,funding_only top 0.01,BTCUSDT,2023-01..2026-05,240.0,11.636856682181692,-13.364190254573252,1.0511256824097783,4.62280701754386,2.737495294240682,2023 7.8 | 2024 1.2 | 2025 27.1 | 2026 1.7,10.0,7.636856682181692,-17.364190254573252,true,true,false
H-009,funding_only top 0.05,BTCUSDT,2023-01..2026-05,240.0,-4.326561158379772,-8.17327026125237,0.31833231173969306,6.0652818991097925,-2.884388765949624,2023 -2.9 | 2024 -5.3 | 2025 24.7 | 2026 -4.1,10.0,-8.326561158379771,-12.17327026125237,false,false,false
H-009,funding_only top 0.2,BTCUSDT,2023-01..2026-05,240.0,2.6801919696367005,-1.5576594594518212,1.22285083400268,7.66785290628707,2.0545569951095093,2023 2.8 | 2024 -2.5 | 2025 11.3 | 2026 -1.7,10.0,-1.3198080303632995,-5.557659459451822,false,false,false
H-009,positioning_only top 0.01,BTCUSDT,2023-01..2026-05,240.0,64.22920950945486,-20.605024495291644,1.6896913462946908,5.135593220338983,1.3889640097931917,2023 26.3 | 2024 117.3 | 2025 -16.0 | 2026 22.8,10.0,60.22920950945486,-24.605024495291644,true,true,false
H-009,positioning_only top 0.05,BTCUSDT,2023-01..2026-05,240.0,21.555540950664774,-2.3586736747851647,1.0870414692468537,5.303370786516854,1.2013319346844016,2023 14.7 | 2024 22.9 | 2025 -6.5 | 2026 3.7,10.0,17.555540950664774,-6.358673674785164,true,true,false
H-009,positioning_only top 0.2,BTCUSDT,2023-01..2026-05,240.0,14.029135562807273,3.1291312307525083,1.7087668873065818,8.19182746878547,0.5667442316376161,2023 6.9 | 2024 17.5 | 2025 -2.3 | 2026 6.4,10.0,10.029135562807273,-0.8708687692474917,true,true,false
H-009,all top 0.01,BTCUSDT,2023-01..2026-05,480.0,68.35975433844575,2.5525533455721607,2.587224499548285,6.89922480620155,0.9381437685938689,2023 22.2 | 2024 120.0 | 2025 0.4 | 2026 71.8,10.0,64.35975433844575,-1.4474466544278393,true,true,false
H-009,all top 0.05,BTCUSDT,2023-01..2026-05,480.0,46.36453920180333,8.747800056459406,2.2594636761584734,8.524725274725276,0.6444505949961596,2023 23.4 | 2024 19.7 | 2025 41.0 | 2026 10.0,10.0,42.36453920180333,4.747800056459406,true,true,false
H-009,all top 0.2,BTCUSDT,2023-01..2026-05,480.0,24.002689672701486,5.895814791419148,2.81040570821851,9.942690058479533,0.5227866551555554,2023 14.3 | 2024 14.8 | 2025 12.5 | 2026 1.1,10.0,20.002689672701486,1.8958147914191477,true,true,false
H-009,baseline top 0.01,BTCUSDT,2023-01..2026-05,480.0,83.37753653065666,-35.275876171846114,1.1309673039504604,5.209302325581396,1.51325339573824,2023 -21.8 | 2024 21.5 | 2025 80.6 | 2026 59.6,10.0,79.37753653065666,-39.275876171846114,true,true,false
H-009,baseline top 0.05,BTCUSDT,2023-01..2026-05,480.0,11.609487363920199,-17.894150818530697,0.23560302905535568,7.663414634146341,3.9199423098523782,2023 -51.7 | 2024 -0.3 | 2025 42.8 | 2026 10.8,10.0,7.6094873639201985,-21.894150818530697,true,true,false
H-009,baseline top 0.2,BTCUSDT,2023-01..2026-05,480.0,7.821240785442354,-5.304901372717568,0.5313170888158043,8.366758241758241,2.37021201238591,2023 -4.8 | 2024 6.9 | 2025 7.8 | 2026 -1.0,10.0,3.8212407854423542,-9.304901372717568,false,false,false
H-009,baseline_basis top 0.01,BTCUSDT,2023-01..2026-05,480.0,47.20152381927963,-12.955096895963928,0.13572360938583208,5.891089108910891,1.4241387504087473,2023 11.5 | 2024 41.6 | 2025 83.1 | 2026 59.1,10.0,43.20152381927963,-16.955096895963926,true,true,false
H-009,baseline_basis top 0.05,BTCUSDT,2023-01..2026-05,480.0,32.88915498395967,0.15005940351113356,0.8302987526969069,7.193979933110368,0.9918342055959768,2023 2.0 | 2024 -0.6 | 2025 79.8 | 2026 40.5,10.0,28.88915498395967,-3.8499405964888664,true,true,false
H-009,baseline_basis top 0.2,BTCUSDT,2023-01..2026-05,480.0,6.1376995521050715,-4.009098591999614,0.7441420880783064,8.253504672897197,2.200734101669705,2023 1.1 | 2024 0.2 | 2025 16.3 | 2026 -5.5,10.0,2.1376995521050715,-8.009098591999614,false,false,false
H-009,baseline_funding top 0.01,BTCUSDT,2023-01..2026-05,480.0,23.026173864043137,-19.45442646195913,-0.3254532704582648,5.409448818897638,2.355489247739047,2023 11.1 | 2024 -8.4 | 2025 54.0 | 2026 105.5,10.0,19.026173864043137,-23.45442646195913,true,true,false
H-009,baseline_funding top 0.05,BTCUSDT,2023-01..2026-05,480.0,18.058269592790204,-5.568322848513784,0.9141337030289567,7.286549707602339,1.5698189586668039,2023 5.2 | 2024 0.4 | 2025 75.2 | 2026 -10.0,10.0,14.058269592790204,-9.568322848513784,true,true,false
H-009,baseline_funding top 0.2,BTCUSDT,2023-01..2026-05,480.0,8.641192941915103,-1.9106620803546828,1.6208237414371136,8.944444444444445,1.4243797615861762,2023 7.0 | 2024 -2.3 | 2025 16.9 | 2026 -2.8,10.0,4.641192941915103,-5.910662080354683,false,false,false
H-009,baseline_positioning top 0.01,BTCUSDT,2023-01..2026-05,480.0,116.96028069498749,-42.98099086590459,2.180658104753829,6.395348837209302,1.4160902768274264,2023 2.7 | 2024 169.5 | 2025 21.0 | 2026 185.0,10.0,112.96028069498749,-46.98099086590459,true,true,false
H-009,baseline_positioning top 0.05,BTCUSDT,2023-01..2026-05,480.0,39.050642200816306,1.2338451964699528,3.013182323918706,7.48582995951417,0.9417309353077099,2023 5.9 | 2024 44.6 | 2025 29.1 | 2026 9.7,10.0,35.050642200816306,-2.766154803530047,true,true,false
H-009,baseline_positioning top 0.2,BTCUSDT,2023-01..2026-05,480.0,31.427432678198755,8.36642106206938,3.566482230416881,8.883631713554987,0.48176186347775934,2023 11.8 | 2024 37.8 | 2025 9.4 | 2026 1.5,10.0,27.427432678198755,4.36642106206938,true,true,false
H-009,basis_only top 0.01,BTCUSDT,2023-01..2026-05,480.0,50.278464441412,-13.494439882263753,1.4239512102158338,5.964285714285714,1.3995748124586898,,10.0,46.278464441412,-17.494439882263755,true,true,false
H-009,basis_only top 0.05,BTCUSDT,2023-01..2026-05,480.0,17.49732836789841,-4.987924108394033,0.8452326644992929,7.0,1.4915340281746292,2023 3.9 | 2024 6.9 | 2025 69.2 | 2026 19.0,10.0,13.497328367898412,-8.987924108394033,true,true,false
H-009,basis_only top 0.2,BTCUSDT,2023-01..2026-05,480.0,9.211520804543571,-0.8422549313343751,0.17196557862748416,6.75,1.165684140621439,2023 2.0 | 2024 4.6 | 2025 18.1 | 2026 0.1,10.0,5.2115208045435715,-4.8422549313343755,false,false,false
H-009,funding_only top 0.01,BTCUSDT,2023-01..2026-05,480.0,22.2716072428006,-20.459742217988975,0.7834436012632494,5.3125,2.453459589101167,2023 13.4 | 2024 8.5 | 2025 33.3 | 2026 3.9,10.0,18.2716072428006,-24.459742217988975,true,true,false
H-009,funding_only top 0.05,BTCUSDT,2023-01..2026-05,480.0,0.8097258059476466,-12.5265778256152,0.8810279604018941,6.819875776397516,20.383447595046384,2023 1.1 | 2024 -4.8 | 2025 35.0 | 2026 -2.4,10.0,-3.1902741940523534,-16.5265778256152,false,false,false
H-009,funding_only top 0.2,BTCUSDT,2023-01..2026-05,480.0,11.491931012934923,0.26023252467342484,2.4162570275673616,7.969806763285024,0.9566337484212282,2023 6.7 | 2024 2.8 | 2025 23.5 | 2026 -2.5,10.0,7.4919310129349235,-3.739767475326575,true,true,false
H-009,positioning_only top 0.01,BTCUSDT,2023-01..2026-05,480.0,71.36298852291384,-43.889513864589965,0.8612171975370302,5.488372093023256,1.7126009729517904,2023 4.6 | 2024 180.4 | 2025 -60.9 | 2026 93.6,10.0,67.36298852291384,-47.889513864589965,true,true,false
H-009,positioning_only top 0.05,BTCUSDT,2023-01..2026-05,480.0,45.85677356868884,-1.55125572321997,1.687378285956265,6.598591549295775,1.061999429979968,2023 21.3 | 2024 59.0 | 2025 -12.8 | 2026 24.4,10.0,41.85677356868884,-5.55125572321997,true,true,false
H-009,positioning_only top 0.2,BTCUSDT,2023-01..2026-05,480.0,31.170903227535433,7.50547258372927,3.000183071089792,8.807460890493381,0.5319684986584265,2023 10.9 | 2024 41.1 | 2025 -0.5 | 2026 15.7,10.0,27.170903227535433,3.5054725837292704,true,true,false
H-009,all top 0.01,BTCUSDT,2023-01..2026-05,1440.0,94.91689232659749,-5.090889084515421,2.556514826561762,6.528925619834711,1.085658607264188,2023 49.6 | 2024 39.3 | 2025 259.0 | 2026 16.1,10.0,90.91689232659749,-9.090889084515421,true,true,false
H-009,all top 0.05,BTCUSDT,2023-01..2026-05,1440.0,57.85703025883401,1.4455817774347022,1.8127319816505196,7.384020618556701,0.9535875557888998,2023 47.5 | 2024 -50.3 | 2025 60.6 | 2026 20.7,10.0,53.85703025883401,-2.554418222565298,true,true,false
H-009,all top 0.2,BTCUSDT,2023-01..2026-05,1440.0,40.28393456528181,6.469279765342375,2.6443566721839358,9.69739952718676,0.691023774323162,2023 35.5 | 2024 13.6 | 2025 3.2 | 2026 15.5,10.0,36.28393456528181,2.4692797653423746,true,true,false
H-009,baseline top 0.01,BTCUSDT,2023-01..2026-05,1440.0,230.33275618207261,-9.290340231608965,1.5467937114633958,4.627450980392157,1.0516482781400918,2023 7.3 | 2024 101.4 | 2025 137.6 | 2026 165.0,10.0,226.33275618207261,-13.290340231608965,true,true,false
H-009,baseline top 0.05,BTCUSDT,2023-01..2026-05,1440.0,61.766148297999045,-8.267854751240993,1.6228556882503287,6.928251121076233,1.2464417737590574,2023 -5.7 | 2024 9.1 | 2025 62.7 | 2026 53.9,10.0,57.766148297999045,-12.267854751240993,true,true,false
H-009,baseline top 0.2,BTCUSDT,2023-01..2026-05,1440.0,4.089025313405146,-13.373242321697168,1.1703610154844684,8.279738562091504,9.31029913755836,2023 -28.2 | 2024 16.0 | 2025 0.0 | 2026 10.9,10.0,0.08902531340514575,-17.37324232169717,false,false,false
H-009,baseline_basis top 0.01,BTCUSDT,2023-01..2026-05,1440.0,98.80897761393301,-14.99760930688767,0.7593527858420173,5.228260869565218,1.2166300818731381,2023 34.2 | 2024 31.8 | 2025 184.3 | 2026 133.4,10.0,94.80897761393301,-18.997609306887668,true,true,false
H-009,baseline_basis top 0.05,BTCUSDT,2023-01..2026-05,1440.0,59.308696549495224,-1.1850606070741858,1.4832987411822505,6.422442244224422,1.0362235037847012,2023 14.3 | 2024 -3.6 | 2025 104.9 | 2026 79.7,10.0,55.308696549495224,-5.185060607074186,true,true,false
H-009,baseline_basis top 0.2,BTCUSDT,2023-01..2026-05,1440.0,9.177402094773196,-8.017992621098067,2.480051396368511,8.098574821852731,2.5711003250607094,2023 2.9 | 2024 -2.3 | 2025 11.4 | 2026 13.6,10.0,5.177402094773196,-12.017992621098067,false,false,false
H-009,baseline_funding top 0.01,BTCUSDT,2023-01..2026-05,1440.0,28.330554781924818,-37.59343013810615,0.9567045425521701,5.439024390243903,2.992782571118144,2023 18.6 | 2024 -21.7 | 2025 128.3 | 2026 -1.3,10.0,24.330554781924818,-41.59343013810615,true,true,false
H-009,baseline_funding top 0.05,BTCUSDT,2023-01..2026-05,1440.0,22.1000909545382,-14.15273812533758,2.51078509417386,7.446991404011461,2.170641181319577,2023 25.5 | 2024 -48.1 | 2025 99.1 | 2026 4.4,10.0,18.1000909545382,-18.152738125337578,true,true,false
H-009,baseline_funding top 0.2,BTCUSDT,2023-01..2026-05,1440.0,16.645976583581703,-3.2630894199537233,2.1507227403363145,9.256869772998805,1.3697922238728266,2023 23.2 | 2024 -15.3 | 2025 13.1 | 2026 13.1,10.0,12.645976583581703,-7.263089419953723,true,true,false
H-009,baseline_positioning top 0.01,BTCUSDT,2023-01..2026-05,1440.0,363.7080879981466,3.7076292715872747,2.5472314717895936,5.0,0.9906034138834398,2023 110.4 | 2024 201.3 | 2025 197.1 | 2026 246.0,10.0,359.7080879981466,-0.29237072841272527,true,true,false
H-009,baseline_positioning top 0.05,BTCUSDT,2023-01..2026-05,1440.0,69.1206351000231,-7.761187661777489,1.9799418943110996,6.16796875,1.2036101470163996,2023 11.7 | 2024 124.1 | 2025 31.4 | 2026 17.5,10.0,65.1206351000231,-11.76118766177749,true,true,false
H-009,baseline_positioning top 0.2,BTCUSDT,2023-01..2026-05,1440.0,37.28993484377038,1.0987429941244276,2.0812120720236584,8.87566844919786,0.9424546497916653,2023 31.7 | 2024 59.2 | 2025 -15.0 | 2026 -3.1,10.0,33.28993484377038,-2.9012570058755722,true,true,false
H-009,basis_only top 0.01,BTCUSDT,2023-01..2026-05,1440.0,54.5473693779131,-50.0070646162343,0.5298932222728736,5.746478873239437,2.2176745918364733,,10.0,50.5473693779131,-54.0070646162343,true,true,false
H-009,basis_only top 0.05,BTCUSDT,2023-01..2026-05,1440.0,35.339935938973845,-4.926871845892072,1.3669661179752337,5.975524475524476,1.234352874184298,2023 21.6 | 2024 3.6 | 2025 116.6 | 2026 -2.3,10.0,31.339935938973845,-8.926871845892073,true,true,false
H-009,basis_only top 0.2,BTCUSDT,2023-01..2026-05,1440.0,18.837631209522733,0.18817625573294852,1.3894965235219559,6.442391304347826,0.981648491692265,2023 10.9 | 2024 2.8 | 2025 32.3 | 2026 0.8,10.0,14.837631209522733,-3.8118237442670515,true,true,false
H-009,funding_only top 0.01,BTCUSDT,2023-01..2026-05,1440.0,-41.76901083124329,-80.30776418439494,-0.8275701720426394,6.041666666666667,-2.413042413304252,,10.0,-45.76901083124329,-84.30776418439494,false,false,false
H-009,funding_only top 0.05,BTCUSDT,2023-01..2026-05,1440.0,-7.765102438412349,-24.496330496848834,1.1832004975306623,6.682098765432099,-6.453500482456335,2023 18.9 | 2024 -43.2 | 2025 99.4 | 2026 -15.1,10.0,-11.765102438412349,-28.496330496848834,false,false,false
H-009,funding_only top 0.2,BTCUSDT,2023-01..2026-05,1440.0,26.584210758531732,1.1276320627792735,2.0755688729130597,8.189054726368159,0.9194747402372448,2023 27.2 | 2024 -0.8 | 2025 25.1 | 2026 6.0,10.0,22.584210758531732,-2.8723679372207265,true,true,false
H-009,positioning_only top 0.01,BTCUSDT,2023-01..2026-05,1440.0,203.65768080308388,-57.19961060939407,1.4154743868963018,4.75,1.3331560254893677,2023 22.6 | 2024 405.8 | 2025 36.7 | 2026 157.2,10.0,199.65768080308388,-61.19961060939407,true,true,false
H-009,positioning_only top 0.05,BTCUSDT,2023-01..2026-05,1440.0,36.70658170868901,-34.088220697985705,0.7546530390795311,6.597014925373134,2.7071541419451473,2023 32.1 | 2024 102.9 | 2025 -42.7 | 2026 10.3,10.0,32.70658170868901,-38.088220697985705,true,true,false
H-009,positioning_only top 0.2,BTCUSDT,2023-01..2026-05,1440.0,22.91296025213496,-8.164920483920891,-0.08673542747891878,9.291723202170964,1.688769415469121,2023 32.8 | 2024 54.2 | 2025 -54.3 | 2026 0.9,10.0,18.91296025213496,-12.164920483920891,true,true,false
H-003,event_200 all prior_return_contrarian_q5,BTCUSDT,2020-09..2021-06,5.0,3.8727705914490844,,7.4847702216856495,,,overlapping signals; no costs,2.0,-0.12722940855091558,,true,false,
H-003,event_200 sell aligned_pretrend_reversion_q5,BTCUSDT,2020-09..2021-06,5.0,6.588067372111236,,13.980058752757946,,,overlapping signals; no costs,2.0,2.5880673721112357,,true,true,
H-003,event_200 buy aligned_pretrend_reversion_q5,BTCUSDT,2020-09..2021-06,5.0,0.10036497900887507,,2.5754941058266243,,,overlapping signals; no costs,2.0,-3.899635020991125,,false,false,
H-003,event_200 sell excess_impact_reversion_q5,BTCUSDT,2020-09..2021-06,5.0,1.9686938054063725,,4.941139651026304,,,overlapping signals; no costs,2.0,-2.0313061945936273,,false,false,
H-003,event_200 buy excess_impact_reversion_q5,BTCUSDT,2020-09..2021-06,5.0,-1.1083333094075143,,-2.322773930814578,,,overlapping signals; no costs,2.0,-5.108333309407515,,false,false,false
H-003,event_200 sell aligned_pretrend_q5_conditioned_excess_q5,BTCUSDT,2020-09..2021-06,5.0,10.682400054903448,,9.781944829580253,,,overlapping signals; no costs,2.0,6.682400054903448,,true,true,
H-003,event_200 buy aligned_pretrend_q5_conditioned_excess_q5,BTCUSDT,2020-09..2021-06,5.0,-0.03752935345158481,,2.045145384688675,,,overlapping signals; no costs,2.0,-4.037529353451585,,false,false,
H-003,event_200 all prior_return_contrarian_q5,BTCUSDT,2021-07..2021-12,5.0,3.685678914352777,,4.9701697692779065,,,overlapping signals; no costs,2.0,-0.31432108564722316,,true,false,
H-003,event_200 sell aligned_pretrend_reversion_q5,BTCUSDT,2021-07..2021-12,5.0,5.851536822454825,,9.712866550051102,,,overlapping signals; no costs,2.0,1.8515368224548254,,true,true,
H-003,event_200 buy aligned_pretrend_reversion_q5,BTCUSDT,2021-07..2021-12,5.0,-0.42531344960449424,,2.504345722957999,,,overlapping signals; no costs,2.0,-4.425313449604494,,false,false,
H-003,event_200 sell excess_impact_reversion_q5,BTCUSDT,2021-07..2021-12,5.0,1.6203267717337317,,4.22023312811377,,,overlapping signals; no costs,2.0,-2.3796732282662685,,false,false,
H-003,event_200 buy excess_impact_reversion_q5,BTCUSDT,2021-07..2021-12,5.0,-1.3481716123835765,,-2.6373107242171137,,,overlapping signals; no costs,2.0,-5.3481716123835765,,false,false,false
H-003,event_200 sell aligned_pretrend_q5_conditioned_excess_q5,BTCUSDT,2021-07..2021-12,5.0,17.015744563265844,,4.027101487397933,,,overlapping signals; no costs,2.0,13.015744563265844,,true,true,
H-003,event_200 buy aligned_pretrend_q5_conditioned_excess_q5,BTCUSDT,2021-07..2021-12,5.0,-4.561840000195791,,1.8908781257978402,,,overlapping signals; no costs,2.0,-8.56184000019579,,false,false,false
H-003,event_200 all prior_return_contrarian_q5,BTCUSDT,2020-09..2021-06,10.0,5.2142183128410995,,8.272600336032724,,,overlapping signals; no costs,2.8284271247461903,1.2142183128410995,,true,true,
H-003,event_200 sell aligned_pretrend_reversion_q5,BTCUSDT,2020-09..2021-06,10.0,9.246987439607425,,14.67242008371163,,,overlapping signals; no costs,2.8284271247461903,5.246987439607425,,true,true,
H-003,event_200 buy aligned_pretrend_reversion_q5,BTCUSDT,2020-09..2021-06,10.0,0.11895972031128359,,2.556519239500307,,,overlapping signals; no costs,2.8284271247461903,-3.8810402796887162,,false,false,
H-003,event_200 sell excess_impact_reversion_q5,BTCUSDT,2020-09..2021-06,10.0,3.709285296996753,,5.73517780790423,,,overlapping signals; no costs,2.8284271247461903,-0.2907147030032471,,true,false,
H-003,event_200 buy excess_impact_reversion_q5,BTCUSDT,2020-09..2021-06,10.0,-2.0249414875333347,,-3.3384994253720737,,,overlapping signals; no costs,2.8284271247461903,-6.024941487533335,,false,false,false
H-003,event_200 sell aligned_pretrend_q5_conditioned_excess_q5,BTCUSDT,2020-09..2021-06,10.0,16.357421012556937,,10.418846628240368,,,overlapping signals; no costs,2.8284271247461903,12.357421012556937,,true,true,
H-003,event_200 buy aligned_pretrend_q5_conditioned_excess_q5,BTCUSDT,2020-09..2021-06,10.0,0.32676608548260133,,1.9998634762979515,,,overlapping signals; no costs,2.8284271247461903,-3.6732339145173984,,false,false,false
H-003,event_200 all prior_return_contrarian_q5,BTCUSDT,2021-07..2021-12,10.0,2.0847079506667465,,4.090165463656722,,,overlapping signals; no costs,2.8284271247461903,-1.9152920493332535,,false,false,
H-003,event_200 sell aligned_pretrend_reversion_q5,BTCUSDT,2021-07..2021-12,10.0,4.990670608319134,,8.08323059469357,,,overlapping signals; no costs,2.8284271247461903,0.9906706083191343,,true,true,
H-003,event_200 buy aligned_pretrend_reversion_q5,BTCUSDT,2021-07..2021-12,10.0,0.05018041510279086,,2.1346870015148864,,,overlapping signals; no costs,2.8284271247461903,-3.949819584897209,,false,false,
H-003,event_200 sell excess_impact_reversion_q5,BTCUSDT,2021-07..2021-12,10.0,1.375437522121325,,2.9724078556384725,,,overlapping signals; no costs,2.8284271247461903,-2.624562477878675,,false,false,
H-003,event_200 buy excess_impact_reversion_q5,BTCUSDT,2021-07..2021-12,10.0,-1.2179344282962234,,-2.7001245816253165,,,overlapping signals; no costs,2.8284271247461903,-5.217934428296223,,false,false,false
H-003,event_200 sell aligned_pretrend_q5_conditioned_excess_q5,BTCUSDT,2021-07..2021-12,10.0,12.451304682665409,,3.545537698303057,,,overlapping signals; no costs,2.8284271247461903,8.451304682665409,,true,true,
H-003,event_200 buy aligned_pretrend_q5_conditioned_excess_q5,BTCUSDT,2021-07..2021-12,10.0,-4.808862489572198,,1.1350575923308366,,,overlapping signals; no costs,2.8284271247461903,-8.8088624895722,,false,false,false
H-003,event_200 all prior_return_contrarian_q5,BTCUSDT,2020-09..2021-06,15.0,3.495485306807067,,6.621613559629733,,,overlapping signals; no costs,3.4641016151377544,-0.5045146931929332,,true,false,
H-003,event_200 sell aligned_pretrend_reversion_q5,BTCUSDT,2020-09..2021-06,15.0,9.481964912948763,,12.102763402580326,,,overlapping signals; no costs,3.4641016151377544,5.481964912948763,,true,true,
H-003,event_200 buy aligned_pretrend_reversion_q5,BTCUSDT,2020-09..2021-06,15.0,-1.434153364774653,,1.6176286688034895,,,overlapping signals; no costs,3.4641016151377544,-5.434153364774653,,false,false,false
H-003,event_200 sell excess_impact_reversion_q5,BTCUSDT,2020-09..2021-06,15.0,3.7239803809877547,,3.540709777081838,,,overlapping signals; no costs,3.4641016151377544,-0.27601961901224525,,true,false,
H-003,event_200 buy excess_impact_reversion_q5,BTCUSDT,2020-09..2021-06,15.0,-2.2443323414189758,,-2.0037855423088535,,,overlapping signals; no costs,3.4641016151377544,-6.244332341418976,,false,false,false
H-003,event_200 sell aligned_pretrend_q5_conditioned_excess_q5,BTCUSDT,2020-09..2021-06,15.0,13.442340192876793,,7.1782704469313865,,,overlapping signals; no costs,3.4641016151377544,9.442340192876793,,true,true,
H-003,event_200 buy aligned_pretrend_q5_conditioned_excess_q5,BTCUSDT,2020-09..2021-06,15.0,-1.0969740303664106,,1.2954878533745822,,,overlapping signals; no costs,3.4641016151377544,-5.096974030366411,,false,false,false
H-003,event_200 all prior_return_contrarian_q5,BTCUSDT,2021-07..2021-12,15.0,6.059417851171652,,3.340785373415738,,,overlapping signals; no costs,3.4641016151377544,2.059417851171652,,true,true,
H-003,event_200 sell aligned_pretrend_reversion_q5,BTCUSDT,2021-07..2021-12,15.0,7.0293620703442175,,7.4065835264053375,,,overlapping signals; no costs,3.4641016151377544,3.0293620703442175,,true,true,
H-003,event_200 buy aligned_pretrend_reversion_q5,BTCUSDT,2021-07..2021-12,15.0,0.062233769763429876,,0.9604549962904433,,,overlapping signals; no costs,3.4641016151377544,-3.93776623023657,,false,false,false
H-003,event_200 sell excess_impact_reversion_q5,BTCUSDT,2021-07..2021-12,15.0,1.8266445775095617,,2.830092320224747,,,overlapping signals; no costs,3.4641016151377544,-2.173355422490438,,false,false,
H-003,event_200 buy excess_impact_reversion_q5,BTCUSDT,2021-07..2021-12,15.0,-1.1328268331661877,,-2.2613682291018242,,,overlapping signals; no costs,3.4641016151377544,-5.132826833166188,,false,false,false
H-003,event_200 sell aligned_pretrend_q5_conditioned_excess_q5,BTCUSDT,2021-07..2021-12,15.0,18.77644528407902,,3.2512503284893386,,,overlapping signals; no costs,3.4641016151377544,14.77644528407902,,true,true,
H-003,event_200 buy aligned_pretrend_q5_conditioned_excess_q5,BTCUSDT,2021-07..2021-12,15.0,-4.483909485356558,,0.5117048153566346,,,overlapping signals; no costs,3.4641016151377544,-8.483909485356559,,false,false,false
H-003,event_200 all prior_return_contrarian_q5,BTCUSDT,2020-09..2021-06,20.0,5.374281472858479,,7.436687839362498,,,overlapping signals; no costs,4.0,1.3742814728584793,,true,true,
H-003,event_200 sell aligned_pretrend_reversion_q5,BTCUSDT,2020-09..2021-06,20.0,12.606806047516255,,13.03652587028039,,,overlapping signals; no costs,4.0,8.606806047516255,,true,true,
H-003,event_200 buy aligned_pretrend_reversion_q5,BTCUSDT,2020-09..2021-06,20.0,-1.1740242192807564,,2.3218701560414035,,,overlapping signals; no costs,4.0,-5.174024219280756,,false,false,
H-003,event_200 sell excess_impact_reversion_q5,BTCUSDT,2020-09..2021-06,20.0,5.095593406308719,,4.379698136900956,,,overlapping signals; no costs,4.0,1.0955934063087192,,true,true,
H-003,event_200 buy excess_impact_reversion_q5,BTCUSDT,2020-09..2021-06,20.0,-2.897554890569022,,-2.2956199294384323,,,overlapping signals; no costs,4.0,-6.8975548905690225,,false,false,false
H-003,event_200 sell aligned_pretrend_q5_conditioned_excess_q5,BTCUSDT,2020-09..2021-06,20.0,18.986744131518957,,8.443974390840772,,,overlapping signals; no costs,4.0,14.986744131518957,,true,true,
H-003,event_200 buy aligned_pretrend_q5_conditioned_excess_q5,BTCUSDT,2020-09..2021-06,20.0,-2.0004830459014404,,1.7475059299181137,,,overlapping signals; no costs,4.0,-6.00048304590144,,false,false,false
H-003,event_200 all prior_return_contrarian_q5,BTCUSDT,2021-07..2021-12,20.0,9.019282981106855,,3.226701750521552,,,overlapping signals; no costs,4.0,5.019282981106855,,true,true,
H-003,event_200 sell aligned_pretrend_reversion_q5,BTCUSDT,2021-07..2021-12,20.0,6.813744587024219,,7.2094653193089835,,,overlapping signals; no costs,4.0,2.8137445870242193,,true,true,
H-003,event_200 buy aligned_pretrend_reversion_q5,BTCUSDT,2021-07..2021-12,20.0,4.2666417245141535,,2.1725401509985796,,,overlapping signals; no costs,4.0,0.26664172451415347,,true,true,
H-003,event_200 sell excess_impact_reversion_q5,BTCUSDT,2021-07..2021-12,20.0,0.7315601236891817,,1.9346152760407584,,,overlapping signals; no costs,4.0,-3.2684398763108184,,false,false,false
H-003,event_200 buy excess_impact_reversion_q5,BTCUSDT,2021-07..2021-12,20.0,-0.19891204594532863,,-1.1978928700445441,,,overlapping signals; no costs,4.0,-4.198912045945328,,false,false,false
H-003,event_200 sell aligned_pretrend_q5_conditioned_excess_q5,BTCUSDT,2021-07..2021-12,20.0,13.07877789610444,,3.4614141617087113,,,overlapping signals; no costs,4.0,9.07877789610444,,true,true,
H-003,event_200 buy aligned_pretrend_q5_conditioned_excess_q5,BTCUSDT,2021-07..2021-12,20.0,1.5127317992107492,,1.6212690504326435,,,overlapping signals; no costs,4.0,-2.487268200789251,,false,false,false
H-003,event_200 all prior_return_contrarian_q5,BTCUSDT,2020-09..2021-06,30.0,10.352936099951666,,8.0395431435544,,,overlapping signals; no costs,4.898979485566356,6.352936099951666,,true,true,
H-003,event_200 sell aligned_pretrend_reversion_q5,BTCUSDT,2020-09..2021-06,30.0,19.57330395351034,,13.412167321972815,,,overlapping signals; no costs,4.898979485566356,15.57330395351034,,true,true,
H-003,event_200 buy aligned_pretrend_reversion_q5,BTCUSDT,2020-09..2021-06,30.0,-1.1949354592145116,,2.5039716937857026,,,overlapping signals; no costs,4.898979485566356,-5.194935459214512,,false,false,
H-003,event_200 sell excess_impact_reversion_q5,BTCUSDT,2020-09..2021-06,30.0,8.073777109057913,,4.52216383984123,,,overlapping signals; no costs,4.898979485566356,4.073777109057913,,true,true,
H-003,event_200 buy excess_impact_reversion_q5,BTCUSDT,2020-09..2021-06,30.0,-5.303451044505658,,-2.6405113714655184,,,overlapping signals; no costs,4.898979485566356,-9.303451044505657,,false,false,false
H-003,event_200 sell aligned_pretrend_q5_conditioned_excess_q5,BTCUSDT,2020-09..2021-06,30.0,28.626316676650635,,8.065998182470327,,,overlapping signals; no costs,4.898979485566356,24.626316676650635,,true,true,
H-003,event_200 buy aligned_pretrend_q5_conditioned_excess_q5,BTCUSDT,2020-09..2021-06,30.0,-10.705576340081011,,1.1444973492209223,,,overlapping signals; no costs,4.898979485566356,-14.705576340081011,,false,false,false
H-003,event_200 all prior_return_contrarian_q5,BTCUSDT,2021-07..2021-12,30.0,6.214915042686582,,3.3726717335361234,,,overlapping signals; no costs,4.898979485566356,2.214915042686582,,true,true,
H-003,event_200 sell aligned_pretrend_reversion_q5,BTCUSDT,2021-07..2021-12,30.0,6.393258607684037,,7.228388774117643,,,overlapping signals; no costs,4.898979485566356,2.3932586076840368,,true,true,
H-003,event_200 buy aligned_pretrend_reversion_q5,BTCUSDT,2021-07..2021-12,30.0,3.243082956699578,,1.3099039780927628,,,overlapping signals; no costs,4.898979485566356,-0.756917043300422,,false,false,false
H-003,event_200 sell excess_impact_reversion_q5,BTCUSDT,2021-07..2021-12,30.0,0.45786384004191993,,1.9233500060819877,,,overlapping signals; no costs,4.898979485566356,-3.54213615995808,,false,false,false
H-003,event_200 buy excess_impact_reversion_q5,BTCUSDT,2021-07..2021-12,30.0,-0.0514336328917627,,-1.1079035624360447,,,overlapping signals; no costs,4.898979485566356,-4.051433632891762,,false,false,false
H-003,event_200 sell aligned_pretrend_q5_conditioned_excess_q5,BTCUSDT,2021-07..2021-12,30.0,11.350071121987776,,3.885225101827874,,,overlapping signals; no costs,4.898979485566356,7.350071121987776,,true,true,
H-003,event_200 buy aligned_pretrend_q5_conditioned_excess_q5,BTCUSDT,2021-07..2021-12,30.0,1.9513516104989346,,1.4988029735686828,,,overlapping signals; no costs,4.898979485566356,-2.048648389501065,,false,false,false
H-003,event_500 all prior_return_contrarian_q5,BTCUSDT,2020-09..2021-06,5.0,3.6503717203336303,,7.100905100576115,,,overlapping signals; no costs,2.0,-0.34962827966636967,,true,false,
H-003,event_500 sell aligned_pretrend_reversion_q5,BTCUSDT,2020-09..2021-06,5.0,7.19396890409394,,14.286267971372414,,,overlapping signals; no costs,2.0,3.19396890409394,,true,true,
H-003,event_500 buy aligned_pretrend_reversion_q5,BTCUSDT,2020-09..2021-06,5.0,0.23781686488189133,,2.870160738244884,,,overlapping signals; no costs,2.0,-3.7621831351181085,,false,false,
H-003,event_500 sell excess_impact_reversion_q5,BTCUSDT,2020-09..2021-06,5.0,2.488014642925461,,6.091426322787786,,,overlapping signals; no costs,2.0,-1.511985357074539,,true,false,
H-003,event_500 buy excess_impact_reversion_q5,BTCUSDT,2020-09..2021-06,5.0,-1.3867344224885054,,-3.14539613017931,,,overlapping signals; no costs,2.0,-5.386734422488505,,false,false,false
H-003,event_500 sell aligned_pretrend_q5_conditioned_excess_q5,BTCUSDT,2020-09..2021-06,5.0,12.995686698143052,,8.67684567546676,,,overlapping signals; no costs,2.0,8.995686698143052,,true,true,
H-003,event_500 buy aligned_pretrend_q5_conditioned_excess_q5,BTCUSDT,2020-09..2021-06,5.0,-1.3307173740926832,,1.4714032438362357,,,overlapping signals; no costs,2.0,-5.330717374092683,,false,false,false
H-003,event_500 all prior_return_contrarian_q5,BTCUSDT,2021-07..2021-12,5.0,4.086436499835777,,4.804107518444949,,,overlapping signals; no costs,2.0,0.08643649983577717,,true,true,
H-003,event_500 sell aligned_pretrend_reversion_q5,BTCUSDT,2021-07..2021-12,5.0,7.021504092708887,,9.886443980308577,,,overlapping signals; no costs,2.0,3.021504092708887,,true,true,
H-003,event_500 buy aligned_pretrend_reversion_q5,BTCUSDT,2021-07..2021-12,5.0,-0.270289004462482,,2.7604080135894815,,,overlapping signals; no costs,2.0,-4.270289004462482,,false,false,
H-003,event_500 sell excess_impact_reversion_q5,BTCUSDT,2021-07..2021-12,5.0,1.5672125714509337,,2.775888183912225,,,overlapping signals; no costs,2.0,-2.4327874285490663,,false,false,
H-003,event_500 buy excess_impact_reversion_q5,BTCUSDT,2021-07..2021-12,5.0,-1.2242490243511504,,-3.4918863745589017,,,overlapping signals; no costs,2.0,-5.224249024351151,,false,false,false
H-003,event_500 sell aligned_pretrend_q5_conditioned_excess_q5,BTCUSDT,2021-07..2021-12,5.0,21.734243272101967,,3.640160641128165,,,overlapping signals; no costs,2.0,17.734243272101967,,true,true,
H-003,event_500 buy aligned_pretrend_q5_conditioned_excess_q5,BTCUSDT,2021-07..2021-12,5.0,-6.721937430487479,,0.4238058246103179,,,overlapping signals; no costs,2.0,-10.721937430487479,,false,false,false
H-003,event_500 all prior_return_contrarian_q5,BTCUSDT,2020-09..2021-06,10.0,4.8312442039941965,,7.511170995900543,,,overlapping signals; no costs,2.8284271247461903,0.8312442039941965,,true,true,
H-003,event_500 sell aligned_pretrend_reversion_q5,BTCUSDT,2020-09..2021-06,10.0,9.649211487974357,,14.618372964584568,,,overlapping signals; no costs,2.8284271247461903,5.649211487974357,,true,true,
H-003,event_500 buy aligned_pretrend_reversion_q5,BTCUSDT,2020-09..2021-06,10.0,-0.04123089686856622,,2.5651602116493932,,,overlapping signals; no costs,2.8284271247461903,-4.041230896868567,,false,false,
H-003,event_500 sell excess_impact_reversion_q5,BTCUSDT,2020-09..2021-06,10.0,4.003788431329865,,7.0113584551475405,,,overlapping signals; no costs,2.8284271247461903,0.0037884313298652827,,true,true,
H-003,event_500 buy excess_impact_reversion_q5,BTCUSDT,2020-09..2021-06,10.0,-1.7264740742597962,,-2.821046682926371,,,overlapping signals; no costs,2.8284271247461903,-5.726474074259796,,false,false,false
H-003,event_500 sell aligned_pretrend_q5_conditioned_excess_q5,BTCUSDT,2020-09..2021-06,10.0,18.29165753401607,,9.755397361568223,,,overlapping signals; no costs,2.8284271247461903,14.291657534016071,,true,true,
H-003,event_500 buy aligned_pretrend_q5_conditioned_excess_q5,BTCUSDT,2020-09..2021-06,10.0,-0.4135484031977502,,2.1796855133195074,,,overlapping signals; no costs,2.8284271247461903,-4.41354840319775,,false,false,
H-003,event_500 all prior_return_contrarian_q5,BTCUSDT,2021-07..2021-12,10.0,2.4701283668664535,,3.909700362679565,,,overlapping signals; no costs,2.8284271247461903,-1.5298716331335465,,false,false,
H-003,event_500 sell aligned_pretrend_reversion_q5,BTCUSDT,2021-07..2021-12,10.0,5.797253985635253,,8.072162754499074,,,overlapping signals; no costs,2.8284271247461903,1.797253985635253,,true,true,
H-003,event_500 buy aligned_pretrend_reversion_q5,BTCUSDT,2021-07..2021-12,10.0,0.29396065775406544,,2.236765825948273,,,overlapping signals; no costs,2.8284271247461903,-3.7060393422459343,,false,false,
H-003,event_500 sell excess_impact_reversion_q5,BTCUSDT,2021-07..2021-12,10.0,1.818844497774722,,3.637711429040869,,,overlapping signals; no costs,2.8284271247461903,-2.1811555022252778,,false,false,
H-003,event_500 buy excess_impact_reversion_q5,BTCUSDT,2021-07..2021-12,10.0,-0.8384729666397833,,-1.2959525229290623,,,overlapping signals; no costs,2.8284271247461903,-4.838472966639784,,false,false,false
H-003,event_500 sell aligned_pretrend_q5_conditioned_excess_q5,BTCUSDT,2021-07..2021-12,10.0,20.546390077204173,,3.25322133535348,,,overlapping signals; no costs,2.8284271247461903,16.546390077204173,,true,true,
H-003,event_500 buy aligned_pretrend_q5_conditioned_excess_q5,BTCUSDT,2021-07..2021-12,10.0,-5.470259953813778,,0.5062498880957408,,,overlapping signals; no costs,2.8284271247461903,-9.470259953813777,,false,false,false
H-003,event_500 all prior_return_contrarian_q5,BTCUSDT,2020-09..2021-06,15.0,3.3678349291866994,,6.077138311933666,,,overlapping signals; no costs,3.4641016151377544,-0.6321650708133006,,false,false,
H-003,event_500 sell aligned_pretrend_reversion_q5,BTCUSDT,2020-09..2021-06,15.0,9.886771055688316,,12.265511621503363,,,overlapping signals; no costs,3.4641016151377544,5.886771055688316,,true,true,
H-003,event_500 buy aligned_pretrend_reversion_q5,BTCUSDT,2020-09..2021-06,15.0,-1.4264460098721412,,1.6299519865405656,,,overlapping signals; no costs,3.4641016151377544,-5.426446009872141,,false,false,false
H-003,event_500 sell excess_impact_reversion_q5,BTCUSDT,2020-09..2021-06,15.0,4.195335393729157,,4.913602561031459,,,overlapping signals; no costs,3.4641016151377544,0.19533539372915687,,true,true,
H-003,event_500 buy excess_impact_reversion_q5,BTCUSDT,2020-09..2021-06,15.0,-2.638579106477122,,-2.3716147873670477,,,overlapping signals; no costs,3.4641016151377544,-6.638579106477122,,false,false,false
H-003,event_500 sell aligned_pretrend_q5_conditioned_excess_q5,BTCUSDT,2020-09..2021-06,15.0,16.18968194766322,,7.965225989473099,,,overlapping signals; no costs,3.4641016151377544,12.189681947663221,,true,true,
H-003,event_500 buy aligned_pretrend_q5_conditioned_excess_q5,BTCUSDT,2020-09..2021-06,15.0,-3.173478339301128,,1.3148848244460594,,,overlapping signals; no costs,3.4641016151377544,-7.173478339301128,,false,false,false
H-003,event_500 all prior_return_contrarian_q5,BTCUSDT,2021-07..2021-12,15.0,6.436565078292879,,3.1796760048922414,,,overlapping signals; no costs,3.4641016151377544,2.4365650782928787,,true,true,
H-003,event_500 sell aligned_pretrend_reversion_q5,BTCUSDT,2021-07..2021-12,15.0,7.762196596462441,,7.300628673163497,,,overlapping signals; no costs,3.4641016151377544,3.7621965964624406,,true,true,
H-003,event_500 buy aligned_pretrend_reversion_q5,BTCUSDT,2021-07..2021-12,15.0,0.6113950222895741,,1.0471519842981072,,,overlapping signals; no costs,3.4641016151377544,-3.388604977710426,,false,false,false
H-003,event_500 sell excess_impact_reversion_q5,BTCUSDT,2021-07..2021-12,15.0,2.3285467435878444,,2.6109658906035924,,,overlapping signals; no costs,3.4641016151377544,-1.6714532564121556,,false,false,
H-003,event_500 buy excess_impact_reversion_q5,BTCUSDT,2021-07..2021-12,15.0,-0.9161242309231789,,-1.1199818870261398,,,overlapping signals; no costs,3.4641016151377544,-4.916124230923179,,false,false,false
H-003,event_500 sell aligned_pretrend_q5_conditioned_excess_q5,BTCUSDT,2021-07..2021-12,15.0,24.78261491360111,,3.062243877189934,,,overlapping signals; no costs,3.4641016151377544,20.78261491360111,,true,true,
H-003,event_500 buy aligned_pretrend_q5_conditioned_excess_q5,BTCUSDT,2021-07..2021-12,15.0,-4.614575288091874,,0.06879066241916774,,,overlapping signals; no costs,3.4641016151377544,-8.614575288091874,,false,false,false
H-003,event_500 all prior_return_contrarian_q5,BTCUSDT,2020-09..2021-06,20.0,5.197260187973596,,6.718177403322918,,,overlapping signals; no costs,4.0,1.1972601879735958,,true,true,
H-003,event_500 sell aligned_pretrend_reversion_q5,BTCUSDT,2020-09..2021-06,20.0,12.923550086129246,,13.237619934319508,,,overlapping signals; no costs,4.0,8.923550086129246,,true,true,
H-003,event_500 buy aligned_pretrend_reversion_q5,BTCUSDT,2020-09..2021-06,20.0,-1.0096138113345186,,2.4838029784773736,,,overlapping signals; no costs,4.0,-5.0096138113345186,,false,false,
H-003,event_500 sell excess_impact_reversion_q5,BTCUSDT,2020-09..2021-06,20.0,5.787976518836224,,5.7705635718432875,,,overlapping signals; no costs,4.0,1.7879765188362242,,true,true,
H-003,event_500 buy excess_impact_reversion_q5,BTCUSDT,2020-09..2021-06,20.0,-3.401037888096976,,-2.581225912101886,,,overlapping signals; no costs,4.0,-7.401037888096976,,false,false,false
H-003,event_500 sell aligned_pretrend_q5_conditioned_excess_q5,BTCUSDT,2020-09..2021-06,20.0,22.831323307901254,,8.723301896162456,,,overlapping signals; no costs,4.0,18.831323307901254,,true,true,
H-003,event_500 buy aligned_pretrend_q5_conditioned_excess_q5,BTCUSDT,2020-09..2021-06,20.0,-4.855536687801932,,1.3350150985295877,,,overlapping signals; no costs,4.0,-8.855536687801932,,false,false,false
H-003,event_500 all prior_return_contrarian_q5,BTCUSDT,2021-07..2021-12,20.0,9.488212331921511,,3.1451634070715135,,,overlapping signals; no costs,4.0,5.4882123319215115,,true,true,
H-003,event_500 sell aligned_pretrend_reversion_q5,BTCUSDT,2021-07..2021-12,20.0,7.188899615190554,,7.152091823578346,,,overlapping signals; no costs,4.0,3.1888996151905538,,true,true,
H-003,event_500 buy aligned_pretrend_reversion_q5,BTCUSDT,2021-07..2021-12,20.0,5.207917977878206,,2.26071328466221,,,overlapping signals; no costs,4.0,1.207917977878206,,true,true,
H-003,event_500 sell excess_impact_reversion_q5,BTCUSDT,2021-07..2021-12,20.0,1.7338662247971426,,2.136088259750121,,,overlapping signals; no costs,4.0,-2.2661337752028574,,false,false,
H-003,event_500 buy excess_impact_reversion_q5,BTCUSDT,2021-07..2021-12,20.0,0.18622720514618746,,-0.4089941174655606,,,overlapping signals; no costs,4.0,-3.8137727948538127,,false,false,false
H-003,event_500 sell aligned_pretrend_q5_conditioned_excess_q5,BTCUSDT,2021-07..2021-12,20.0,19.506371205809128,,3.0823025632149306,,,overlapping signals; no costs,4.0,15.506371205809128,,true,true,
H-003,event_500 buy aligned_pretrend_q5_conditioned_excess_q5,BTCUSDT,2021-07..2021-12,20.0,2.218124007414826,,1.0995422795839032,,,overlapping signals; no costs,4.0,-1.781875992585174,,false,false,false
H-003,event_500 all prior_return_contrarian_q5,BTCUSDT,2020-09..2021-06,30.0,10.10206738409708,,7.571686975391372,,,overlapping signals; no costs,4.898979485566356,6.102067384097079,,true,true,
H-003,event_500 sell aligned_pretrend_reversion_q5,BTCUSDT,2020-09..2021-06,30.0,20.065330678952225,,13.543916197297223,,,overlapping signals; no costs,4.898979485566356,16.065330678952225,,true,true,
H-003,event_500 buy aligned_pretrend_reversion_q5,BTCUSDT,2020-09..2021-06,30.0,-1.1571585392810801,,2.5067886726772635,,,overlapping signals; no costs,4.898979485566356,-5.15715853928108,,false,false,
H-003,event_500 sell excess_impact_reversion_q5,BTCUSDT,2020-09..2021-06,30.0,9.097003828737813,,5.880720640172995,,,overlapping signals; no costs,4.898979485566356,5.097003828737813,,true,true,
H-003,event_500 buy excess_impact_reversion_q5,BTCUSDT,2020-09..2021-06,30.0,-5.3309196453397405,,-2.7795813729805405,,,overlapping signals; no costs,4.898979485566356,-9.33091964533974,,false,false,false
H-003,event_500 sell aligned_pretrend_q5_conditioned_excess_q5,BTCUSDT,2020-09..2021-06,30.0,35.72791804983204,,8.851065988820302,,,overlapping signals; no costs,4.898979485566356,31.72791804983204,,true,true,
H-003,event_500 buy aligned_pretrend_q5_conditioned_excess_q5,BTCUSDT,2020-09..2021-06,30.0,-14.228106046093487,,0.5919014357186511,,,overlapping signals; no costs,4.898979485566356,-18.228106046093487,,false,false,false
H-003,event_500 all prior_return_contrarian_q5,BTCUSDT,2021-07..2021-12,30.0,6.537907032127162,,3.3663636390179104,,,overlapping signals; no costs,4.898979485566356,2.537907032127162,,true,true,
H-003,event_500 sell aligned_pretrend_reversion_q5,BTCUSDT,2021-07..2021-12,30.0,6.749547114433225,,7.121489434074573,,,overlapping signals; no costs,4.898979485566356,2.7495471144332253,,true,true,
H-003,event_500 buy aligned_pretrend_reversion_q5,BTCUSDT,2021-07..2021-12,30.0,4.00928729117731,,1.4420516924056679,,,overlapping signals; no costs,4.898979485566356,0.009287291177310308,,false,false,false
H-003,event_500 sell excess_impact_reversion_q5,BTCUSDT,2021-07..2021-12,30.0,1.8474414759440483,,2.7755960725217674,,,overlapping signals; no costs,4.898979485566356,-2.1525585240559515,,false,false,
H-003,event_500 buy excess_impact_reversion_q5,BTCUSDT,2021-07..2021-12,30.0,0.316273537868977,,-0.5705153306137657,,,overlapping signals; no costs,4.898979485566356,-3.683726462131023,,false,false,false
H-003,event_500 sell aligned_pretrend_q5_conditioned_excess_q5,BTCUSDT,2021-07..2021-12,30.0,18.77353335955543,,3.3840757186015193,,,overlapping signals; no costs,4.898979485566356,14.77353335955543,,true,true,
H-003,event_500 buy aligned_pretrend_q5_conditioned_excess_q5,BTCUSDT,2021-07..2021-12,30.0,1.7047038890431236,,0.6587606831084621,,,overlapping signals; no costs,4.898979485566356,-2.295296110956876,,false,false,false
H-003,event_1000 all prior_return_contrarian_q5,BTCUSDT,2020-09..2021-06,5.0,3.2165074634514417,,6.167979444152686,,,overlapping signals; no costs,2.0,-0.7834925365485583,,true,false,
H-003,event_1000 sell aligned_pretrend_reversion_q5,BTCUSDT,2020-09..2021-06,5.0,7.630288220651748,,14.249580082475113,,,overlapping signals; no costs,2.0,3.6302882206517477,,true,true,
H-003,event_1000 buy aligned_pretrend_reversion_q5,BTCUSDT,2020-09..2021-06,5.0,0.5634858362320719,,2.9517781165478536,,,overlapping signals; no costs,2.0,-3.436514163767928,,false,false,
H-003,event_1000 sell excess_impact_reversion_q5,BTCUSDT,2020-09..2021-06,5.0,2.2323357429125306,,6.010929355888218,,,overlapping signals; no costs,2.0,-1.7676642570874694,,true,false,
H-003,event_1000 buy excess_impact_reversion_q5,BTCUSDT,2020-09..2021-06,5.0,-1.2915564099045584,,-2.137741389605343,,,overlapping signals; no costs,2.0,-5.291556409904558,,false,false,false
H-003,event_1000 sell aligned_pretrend_q5_conditioned_excess_q5,BTCUSDT,2020-09..2021-06,5.0,14.639531447907418,,8.176040101882016,,,overlapping signals; no costs,2.0,10.639531447907418,,true,true,
H-003,event_1000 buy aligned_pretrend_q5_conditioned_excess_q5,BTCUSDT,2020-09..2021-06,5.0,-1.769299381622717,,0.8411316999941896,,,overlapping signals; no costs,2.0,-5.769299381622717,,false,false,false
H-003,event_1000 all prior_return_contrarian_q5,BTCUSDT,2021-07..2021-12,5.0,4.110471843226375,,3.896997154492193,,,overlapping signals; no costs,2.0,0.11047184322637538,,true,true,
H-003,event_1000 sell aligned_pretrend_reversion_q5,BTCUSDT,2021-07..2021-12,5.0,7.473923059570385,,9.929096006073037,,,overlapping signals; no costs,2.0,3.473923059570385,,true,true,
H-003,event_1000 buy aligned_pretrend_reversion_q5,BTCUSDT,2021-07..2021-12,5.0,0.1235080507983667,,3.065110921443971,,,overlapping signals; no costs,2.0,-3.8764919492016334,,false,false,
H-003,event_1000 sell excess_impact_reversion_q5,BTCUSDT,2021-07..2021-12,5.0,1.3498663280000212,,2.193972952312971,,,overlapping signals; no costs,2.0,-2.6501336719999786,,false,false,
H-003,event_1000 buy excess_impact_reversion_q5,BTCUSDT,2021-07..2021-12,5.0,-0.9751225972794577,,-2.5624746642144456,,,overlapping signals; no costs,2.0,-4.975122597279458,,false,false,false
H-003,event_1000 sell aligned_pretrend_q5_conditioned_excess_q5,BTCUSDT,2021-07..2021-12,5.0,19.695254046504072,,3.825092738834341,,,overlapping signals; no costs,2.0,15.695254046504072,,true,true,
H-003,event_1000 buy aligned_pretrend_q5_conditioned_excess_q5,BTCUSDT,2021-07..2021-12,5.0,-4.217625388585068,,0.9400316879880338,,,overlapping signals; no costs,2.0,-8.217625388585068,,false,false,false
H-003,event_1000 all prior_return_contrarian_q5,BTCUSDT,2020-09..2021-06,10.0,4.443021197676958,,6.613725110514284,,,overlapping signals; no costs,2.8284271247461903,0.44302119767695824,,true,true,
H-003,event_1000 sell aligned_pretrend_reversion_q5,BTCUSDT,2020-09..2021-06,10.0,9.969136456659275,,14.285030747393654,,,overlapping signals; no costs,2.8284271247461903,5.969136456659275,,true,true,
H-003,event_1000 buy aligned_pretrend_reversion_q5,BTCUSDT,2020-09..2021-06,10.0,0.19739207636735906,,2.3748155520532324,,,overlapping signals; no costs,2.8284271247461903,-3.802607923632641,,false,false,
H-003,event_1000 sell excess_impact_reversion_q5,BTCUSDT,2020-09..2021-06,10.0,3.508178653075281,,6.782805059079604,,,overlapping signals; no costs,2.8284271247461903,-0.491821346924719,,true,false,
H-003,event_1000 buy excess_impact_reversion_q5,BTCUSDT,2020-09..2021-06,10.0,-1.7933528055957835,,-1.9172471524300108,,,overlapping signals; no costs,2.8284271247461903,-5.7933528055957835,,false,false,false
H-003,event_1000 sell aligned_pretrend_q5_conditioned_excess_q5,BTCUSDT,2020-09..2021-06,10.0,20.794484550816343,,9.073642817126805,,,overlapping signals; no costs,2.8284271247461903,16.794484550816343,,true,true,
H-003,event_1000 buy aligned_pretrend_q5_conditioned_excess_q5,BTCUSDT,2020-09..2021-06,10.0,0.55534048387689,,1.8811645837069275,,,overlapping signals; no costs,2.8284271247461903,-3.44465951612311,,false,false,false
H-003,event_1000 all prior_return_contrarian_q5,BTCUSDT,2021-07..2021-12,10.0,2.3123486143649536,,3.0192402662524467,,,overlapping signals; no costs,2.8284271247461903,-1.6876513856350464,,false,false,
H-003,event_1000 sell aligned_pretrend_reversion_q5,BTCUSDT,2021-07..2021-12,10.0,5.932119371505945,,7.894542286353463,,,overlapping signals; no costs,2.8284271247461903,1.9321193715059453,,true,true,
H-003,event_1000 buy aligned_pretrend_reversion_q5,BTCUSDT,2021-07..2021-12,10.0,0.5118742264229169,,2.373414808712809,,,overlapping signals; no costs,2.8284271247461903,-3.488125773577083,,false,false,
H-003,event_1000 sell excess_impact_reversion_q5,BTCUSDT,2021-07..2021-12,10.0,1.5012376758049848,,2.286797534739824,,,overlapping signals; no costs,2.8284271247461903,-2.498762324195015,,false,false,
H-003,event_1000 buy excess_impact_reversion_q5,BTCUSDT,2021-07..2021-12,10.0,-1.2188315163981174,,-2.3434663099436084,,,overlapping signals; no costs,2.8284271247461903,-5.218831516398117,,false,false,false
H-003,event_1000 sell aligned_pretrend_q5_conditioned_excess_q5,BTCUSDT,2021-07..2021-12,10.0,19.00047405106203,,3.6474192804743706,,,overlapping signals; no costs,2.8284271247461903,15.000474051062032,,true,true,
H-003,event_1000 buy aligned_pretrend_q5_conditioned_excess_q5,BTCUSDT,2021-07..2021-12,10.0,-2.7659202020614484,,-0.4712861437819977,,,overlapping signals; no costs,2.8284271247461903,-6.765920202061448,,false,false,false
H-003,event_1000 all prior_return_contrarian_q5,BTCUSDT,2020-09..2021-06,15.0,3.0830197017077476,,5.285779645234586,,,overlapping signals; no costs,3.4641016151377544,-0.9169802982922524,,false,false,
H-003,event_1000 sell aligned_pretrend_reversion_q5,BTCUSDT,2020-09..2021-06,15.0,10.415919766256348,,12.1725767495253,,,overlapping signals; no costs,3.4641016151377544,6.415919766256348,,true,true,
H-003,event_1000 buy aligned_pretrend_reversion_q5,BTCUSDT,2020-09..2021-06,15.0,-1.07089523647107,,1.6858672729136777,,,overlapping signals; no costs,3.4641016151377544,-5.07089523647107,,false,false,false
H-003,event_1000 sell excess_impact_reversion_q5,BTCUSDT,2020-09..2021-06,15.0,3.826425114621989,,5.286682059506718,,,overlapping signals; no costs,3.4641016151377544,-0.1735748853780108,,true,false,
H-003,event_1000 buy excess_impact_reversion_q5,BTCUSDT,2020-09..2021-06,15.0,-2.7566119547387964,,-1.5230523792993478,,,overlapping signals; no costs,3.4641016151377544,-6.756611954738796,,false,false,false
H-003,event_1000 sell aligned_pretrend_q5_conditioned_excess_q5,BTCUSDT,2020-09..2021-06,15.0,18.054347494946395,,7.025853217438011,,,overlapping signals; no costs,3.4641016151377544,14.054347494946395,,true,true,
H-003,event_1000 buy aligned_pretrend_q5_conditioned_excess_q5,BTCUSDT,2020-09..2021-06,15.0,-2.8010425487827924,,0.822026967532256,,,overlapping signals; no costs,3.4641016151377544,-6.801042548782792,,false,false,false
H-003,event_1000 all prior_return_contrarian_q5,BTCUSDT,2021-07..2021-12,15.0,6.6989107848953475,,2.642118342762454,,,overlapping signals; no costs,3.4641016151377544,2.6989107848953475,,true,true,
H-003,event_1000 sell aligned_pretrend_reversion_q5,BTCUSDT,2021-07..2021-12,15.0,7.944214440199847,,7.115582116608068,,,overlapping signals; no costs,3.4641016151377544,3.944214440199847,,true,true,
H-003,event_1000 buy aligned_pretrend_reversion_q5,BTCUSDT,2021-07..2021-12,15.0,1.4021891927663015,,1.4358272237825755,,,overlapping signals; no costs,3.4641016151377544,-2.5978108072336985,,false,false,false
H-003,event_1000 sell excess_impact_reversion_q5,BTCUSDT,2021-07..2021-12,15.0,1.652653819793507,,2.116543620354894,,,overlapping signals; no costs,3.4641016151377544,-2.347346180206493,,false,false,
H-003,event_1000 buy excess_impact_reversion_q5,BTCUSDT,2021-07..2021-12,15.0,-0.8054505022998641,,-1.340737549346977,,,overlapping signals; no costs,3.4641016151377544,-4.805450502299864,,false,false,false
H-003,event_1000 sell aligned_pretrend_q5_conditioned_excess_q5,BTCUSDT,2021-07..2021-12,15.0,21.976575225766236,,2.7435381469319498,,,overlapping signals; no costs,3.4641016151377544,17.976575225766236,,true,true,
H-003,event_1000 buy aligned_pretrend_q5_conditioned_excess_q5,BTCUSDT,2021-07..2021-12,15.0,1.4093094945825715,,-0.39125340233744943,,,overlapping signals; no costs,3.4641016151377544,-2.5906905054174283,,false,false,false
H-003,event_1000 all prior_return_contrarian_q5,BTCUSDT,2020-09..2021-06,20.0,4.9259984553800455,,5.95940788898946,,,overlapping signals; no costs,4.0,0.9259984553800455,,true,true,
H-003,event_1000 sell aligned_pretrend_reversion_q5,BTCUSDT,2020-09..2021-06,20.0,13.429961732334053,,12.859746419177464,,,overlapping signals; no costs,4.0,9.429961732334053,,true,true,
H-003,event_1000 buy aligned_pretrend_reversion_q5,BTCUSDT,2020-09..2021-06,20.0,-0.43084568855364397,,2.8696700688012227,,,overlapping signals; no costs,4.0,-4.430845688553644,,false,false,
H-003,event_1000 sell excess_impact_reversion_q5,BTCUSDT,2020-09..2021-06,20.0,5.1597745956271055,,5.974762051106623,,,overlapping signals; no costs,4.0,1.1597745956271055,,true,true,
H-003,event_1000 buy excess_impact_reversion_q5,BTCUSDT,2020-09..2021-06,20.0,-3.35890417670663,,-1.679296174356666,,,overlapping signals; no costs,4.0,-7.3589041767066306,,false,false,false
H-003,event_1000 sell aligned_pretrend_q5_conditioned_excess_q5,BTCUSDT,2020-09..2021-06,20.0,23.083739003292838,,7.84248780145787,,,overlapping signals; no costs,4.0,19.083739003292838,,true,true,
H-003,event_1000 buy aligned_pretrend_q5_conditioned_excess_q5,BTCUSDT,2020-09..2021-06,20.0,-5.084023003029347,,0.8389724640037263,,,overlapping signals; no costs,4.0,-9.084023003029348,,false,false,false
H-003,event_1000 all prior_return_contrarian_q5,BTCUSDT,2021-07..2021-12,20.0,9.845948172870804,,2.578746706740884,,,overlapping signals; no costs,4.0,5.845948172870804,,true,true,
H-003,event_1000 sell aligned_pretrend_reversion_q5,BTCUSDT,2021-07..2021-12,20.0,7.007639929836623,,7.09002537302206,,,overlapping signals; no costs,4.0,3.007639929836623,,true,true,
H-003,event_1000 buy aligned_pretrend_reversion_q5,BTCUSDT,2021-07..2021-12,20.0,6.351393095835929,,2.5347351014790522,,,overlapping signals; no costs,4.0,2.3513930958359293,,true,true,
H-003,event_1000 sell excess_impact_reversion_q5,BTCUSDT,2021-07..2021-12,20.0,1.0329669524842653,,1.8707922616361254,,,overlapping signals; no costs,4.0,-2.9670330475157347,,false,false,false
H-003,event_1000 buy excess_impact_reversion_q5,BTCUSDT,2021-07..2021-12,20.0,0.17858224046233462,,-0.5441994774198033,,,overlapping signals; no costs,4.0,-3.8214177595376655,,false,false,false
H-003,event_1000 sell aligned_pretrend_q5_conditioned_excess_q5,BTCUSDT,2021-07..2021-12,20.0,18.682293366653695,,2.9494722191465987,,,overlapping signals; no costs,4.0,14.682293366653695,,true,true,
H-003,event_1000 buy aligned_pretrend_q5_conditioned_excess_q5,BTCUSDT,2021-07..2021-12,20.0,11.570245069489077,,1.0690608386952885,,,overlapping signals; no costs,4.0,7.5702450694890775,,true,true,false
H-003,event_1000 all prior_return_contrarian_q5,BTCUSDT,2020-09..2021-06,30.0,9.8908412243312,,6.741631529132844,,,overlapping signals; no costs,4.898979485566356,5.890841224331201,,true,true,
H-003,event_1000 sell aligned_pretrend_reversion_q5,BTCUSDT,2020-09..2021-06,30.0,20.72607815636836,,13.397853478132172,,,overlapping signals; no costs,4.898979485566356,16.72607815636836,,true,true,
H-003,event_1000 buy aligned_pretrend_reversion_q5,BTCUSDT,2020-09..2021-06,30.0,-0.7752898473051447,,2.691094802250513,,,overlapping signals; no costs,4.898979485566356,-4.775289847305145,,false,false,
H-003,event_1000 sell excess_impact_reversion_q5,BTCUSDT,2020-09..2021-06,30.0,8.77395136974254,,6.909627698876486,,,overlapping signals; no costs,4.898979485566356,4.773951369742541,,true,true,
H-003,event_1000 buy excess_impact_reversion_q5,BTCUSDT,2020-09..2021-06,30.0,-5.240488567913275,,-1.985036353626351,,,overlapping signals; no costs,4.898979485566356,-9.240488567913275,,false,false,false
H-003,event_1000 sell aligned_pretrend_q5_conditioned_excess_q5,BTCUSDT,2020-09..2021-06,30.0,37.66448012364785,,8.13003502617581,,,overlapping signals; no costs,4.898979485566356,33.66448012364785,,true,true,
H-003,event_1000 buy aligned_pretrend_q5_conditioned_excess_q5,BTCUSDT,2020-09..2021-06,30.0,-12.84651881554089,,0.8685523029157339,,,overlapping signals; no costs,4.898979485566356,-16.84651881554089,,false,false,false
H-003,event_1000 all prior_return_contrarian_q5,BTCUSDT,2021-07..2021-12,30.0,7.215940151400169,,2.856468512243675,,,overlapping signals; no costs,4.898979485566356,3.2159401514001686,,true,true,
H-003,event_1000 sell aligned_pretrend_reversion_q5,BTCUSDT,2021-07..2021-12,30.0,6.874968199393642,,7.115284444142945,,,overlapping signals; no costs,4.898979485566356,2.874968199393642,,true,true,
H-003,event_1000 buy aligned_pretrend_reversion_q5,BTCUSDT,2021-07..2021-12,30.0,5.0849026804207496,,1.5598290804779211,,,overlapping signals; no costs,4.898979485566356,1.0849026804207496,,true,true,false
H-003,event_1000 sell excess_impact_reversion_q5,BTCUSDT,2021-07..2021-12,30.0,0.9964584354488436,,2.3157850009367493,,,overlapping signals; no costs,4.898979485566356,-3.0035415645511563,,false,false,
H-003,event_1000 buy excess_impact_reversion_q5,BTCUSDT,2021-07..2021-12,30.0,-0.4655378209122476,,-1.2504461861488627,,,overlapping signals; no costs,4.898979485566356,-4.465537820912248,,false,false,false
H-003,event_1000 sell aligned_pretrend_q5_conditioned_excess_q5,BTCUSDT,2021-07..2021-12,30.0,12.756078686817592,,3.121595220736446,,,overlapping signals; no costs,4.898979485566356,8.756078686817592,,true,true,
H-003,event_1000 buy aligned_pretrend_q5_conditioned_excess_q5,BTCUSDT,2021-07..2021-12,30.0,9.397718229263537,,0.8422555959932637,,,overlapping signals; no costs,4.898979485566356,5.397718229263537,,true,true,false
H-004,event_1000 sell relative_imbalance_power low_residual_continuation,BTCUSDT,walk-forward folds (2020-21),10.0,-0.8312738678750033,,-2.8142070721022305,,,mean over folds,2.8284271247461903,-4.831273867875003,,false,false,false
H-004,event_500 sell relative_imbalance_power low_residual_continuation,BTCUSDT,walk-forward folds (2020-21),10.0,-0.6722015303533675,,-2.7503632829361027,,,mean over folds,2.8284271247461903,-4.672201530353368,,false,false,false
H-004,time_1m sell normalised_flow_log high_residual_reversion,BTCUSDT,walk-forward folds (2020-21),10.0,0.14138611513477123,,1.8003103725745646,,,mean over folds,2.8284271247461903,-3.8586138848652287,,false,false,false
H-004,time_2m sell surface_power high_residual_reversion,BTCUSDT,walk-forward folds (2020-21),15.0,0.3047528556701332,,1.9878843946267282,,,mean over folds,3.4641016151377544,-3.695247144329867,,false,false,false
H-004,event_500 buy normalised_flow_power high_residual_reversion,BTCUSDT,walk-forward folds (2020-21),30.0,-0.3073856510072921,,-0.10582644591671367,,,mean over folds,4.898979485566356,-4.3073856510072925,,false,false,false
H-004,event_200 sell relative_imbalance_power low_residual_continuation,BTCUSDT,walk-forward folds (2020-21),15.0,-0.7386971935566125,,-1.8290505356754565,,,mean over folds,3.4641016151377544,-4.738697193556613,,false,false,false
H-004,time_1m buy relative_imbalance_power high_residual_reversion,BTCUSDT,walk-forward folds (2020-21),30.0,0.125622275620951,,0.8810249052119712,,,mean over folds,4.898979485566356,-3.874377724379049,,false,false,false
H-004,event_500 sell surface_power high_residual_reversion,BTCUSDT,walk-forward folds (2020-21),30.0,0.34591886107783243,,1.3900098941356875,,,mean over folds,4.898979485566356,-3.6540811389221677,,false,false,false
H-004,event_500 buy normalised_flow_log high_residual_reversion,BTCUSDT,walk-forward folds (2020-21),10.0,0.0217034462385232,,0.5263658321669112,,,mean over folds,2.8284271247461903,-3.978296553761477,,false,false,false
H-004,event_200 sell surface_log_activity low_residual_continuation,BTCUSDT,walk-forward folds (2020-21),10.0,-0.5286899767593748,,-2.353311382847066,,,mean over folds,2.8284271247461903,-4.528689976759375,,false,false,false
H-004,time_5m sell normalised_flow_log high_residual_reversion,BTCUSDT,walk-forward folds (2020-21),30.0,0.3551190960402847,,2.055344104704591,,,mean over folds,4.898979485566356,-3.644880903959715,,false,false,
H-004,event_1000 sell surface_log_activity high_residual_reversion,BTCUSDT,walk-forward folds (2020-21),15.0,0.42958344191993614,,1.8302945897557348,,,mean over folds,3.4641016151377544,-3.5704165580800638,,false,false,false
H-004,event_500 buy relative_imbalance_power high_residual_reversion,BTCUSDT,walk-forward folds (2020-21),30.0,-0.004207238388185233,,0.26826033430110396,,,mean over folds,4.898979485566356,-4.004207238388185,,false,false,false
H-004,time_2m sell normalised_flow_log low_residual_continuation,BTCUSDT,walk-forward folds (2020-21),10.0,-0.1505344114688673,,-0.6079481881586657,,,mean over folds,2.8284271247461903,-4.150534411468867,,false,false,false
H-004,time_1m sell normalised_flow_log low_residual_continuation,BTCUSDT,walk-forward folds (2020-21),5.0,-0.12409047864285758,,-1.1248652017596958,,,mean over folds,2.0,-4.124090478642858,,false,false,false
H-004,event_200 sell surface_log_activity low_residual_continuation,BTCUSDT,walk-forward folds (2020-21),5.0,-0.38590038518099656,,-2.929121931576605,,,mean over folds,2.0,-4.385900385180997,,false,false,false
H-004,event_1000 buy normalised_flow_log high_residual_reversion,BTCUSDT,walk-forward folds (2020-21),10.0,0.14387929942678826,,1.171882381846552,,,mean over folds,2.8284271247461903,-3.8561207005732117,,false,false,false
H-004,event_500 buy normalised_flow_power low_residual_continuation,BTCUSDT,walk-forward folds (2020-21),5.0,-0.2520837488973252,,-1.5496088133079267,,,mean over folds,2.0,-4.252083748897325,,false,false,false
H-004,event_200 sell normalised_flow_log low_residual_continuation,BTCUSDT,walk-forward folds (2020-21),30.0,-0.7245076312215636,,-1.541516682901921,,,mean over folds,4.898979485566356,-4.724507631221564,,false,false,false
H-004,time_1m buy surface_log_activity low_residual_continuation,BTCUSDT,walk-forward folds (2020-21),15.0,-0.12248221075930457,,-0.21149075676486576,,,mean over folds,3.4641016151377544,-4.122482210759305,,false,false,false
H-004,event_200 sell surface_power high_residual_reversion,BTCUSDT,walk-forward folds (2020-21),30.0,0.32267258925311915,,1.121716666608634,,,mean over folds,4.898979485566356,-3.677327410746881,,false,false,false
H-004,time_1m sell surface_log_activity low_residual_continuation,BTCUSDT,walk-forward folds (2020-21),10.0,-0.19221298725591976,,-1.0055679425068962,,,mean over folds,2.8284271247461903,-4.19221298725592,,false,false,false
H-004,time_1m sell surface_log_activity high_residual_reversion,BTCUSDT,walk-forward folds (2020-21),5.0,0.08950158124515264,,1.555290070988265,,,mean over folds,2.0,-3.9104984187548473,,false,false,false
H-004,time_2m buy normalised_flow_power low_residual_continuation,BTCUSDT,walk-forward folds (2020-21),5.0,-0.13873924200272023,,-0.8794626016425381,,,mean over folds,2.0,-4.13873924200272,,false,false,false
H-004,time_2m sell surface_power low_residual_continuation,BTCUSDT,walk-forward folds (2020-21),15.0,-0.23828159999499765,,-0.7936906085065181,,,mean over folds,3.4641016151377544,-4.238281599994997,,false,false,false
H-004,event_200 sell normalised_flow_log high_residual_reversion,BTCUSDT,walk-forward folds (2020-21),5.0,-0.05325479560719697,,0.3727408137330172,,,mean over folds,2.0,-4.053254795607197,,false,false,false
H-004,event_1000 buy surface_power high_residual_reversion,BTCUSDT,walk-forward folds (2020-21),30.0,-0.1037689672269202,,0.3122149580440732,,,mean over folds,4.898979485566356,-4.10376896722692,,false,false,false
H-004,event_200 sell normalised_flow_power high_residual_reversion,BTCUSDT,walk-forward folds (2020-21),5.0,-0.06774961135693879,,0.28843430384463686,,,mean over folds,2.0,-4.0677496113569385,,false,false,false
H-004,time_5m buy normalised_flow_log high_residual_reversion,BTCUSDT,walk-forward folds (2020-21),5.0,0.12326740022074519,,0.8624999500426362,,,mean over folds,2.0,-3.8767325997792548,,false,false,false
H-004,event_500 sell normalised_flow_power high_residual_reversion,BTCUSDT,walk-forward folds (2020-21),10.0,0.22823477982995044,,1.4763603789982482,,,mean over folds,2.8284271247461903,-3.7717652201700496,,false,false,false
H-004,event_200 sell normalised_flow_power high_residual_reversion,BTCUSDT,walk-forward folds (2020-21),15.0,0.14765109535133972,,0.7142985964183797,,,mean over folds,3.4641016151377544,-3.85234890464866,,false,false,false
H-004,time_2m sell surface_power low_residual_continuation,BTCUSDT,walk-forward folds (2020-21),10.0,-0.1415306566764639,,-0.6173019706021912,,,mean over folds,2.8284271247461903,-4.141530656676464,,false,false,false
H-004,time_5m sell normalised_flow_log low_residual_continuation,BTCUSDT,walk-forward folds (2020-21),10.0,-0.09915803023300873,,-0.5162253225947164,,,mean over folds,2.8284271247461903,-4.099158030233009,,false,false,false
H-004,event_500 sell surface_log_activity high_residual_reversion,BTCUSDT,walk-forward folds (2020-21),10.0,0.17670552009681595,,1.3493032523850947,,,mean over folds,2.8284271247461903,-3.823294479903184,,false,false,false
H-004,event_200 sell relative_imbalance_power high_residual_reversion,BTCUSDT,walk-forward folds (2020-21),10.0,0.02240670759404207,,0.8347957052055881,,,mean over folds,2.8284271247461903,-3.977593292405958,,false,false,false
H-004,event_500 sell relative_imbalance_power high_residual_reversion,BTCUSDT,walk-forward folds (2020-21),10.0,0.15534266310503167,,1.4799491270181204,,,mean over folds,2.8284271247461903,-3.844657336894968,,false,false,false
H-004,time_5m buy surface_power high_residual_reversion,BTCUSDT,walk-forward folds (2020-21),10.0,0.1294464956441511,,0.39203829022133785,,,mean over folds,2.8284271247461903,-3.8705535043558488,,false,false,false
H-004,time_5m sell normalised_flow_power high_residual_reversion,BTCUSDT,walk-forward folds (2020-21),30.0,0.2253460220242962,,1.8253597824940802,,,mean over folds,4.898979485566356,-3.774653977975704,,false,false,false
H-004,time_1m buy surface_log_activity high_residual_reversion,BTCUSDT,walk-forward folds (2020-21),30.0,0.04198662588318248,,0.19883673576084318,,,mean over folds,4.898979485566356,-3.9580133741168173,,false,false,false
H-004,event_1000 buy normalised_flow_power high_residual_reversion,BTCUSDT,walk-forward folds (2020-21),10.0,0.20329724927342463,,1.2024718030068982,,,mean over folds,2.8284271247461903,-3.7967027507265754,,false,false,false
H-004,time_5m buy surface_power high_residual_reversion,BTCUSDT,walk-forward folds (2020-21),15.0,0.20618165319773268,,0.8178374784338904,,,mean over folds,3.4641016151377544,-3.7938183468022673,,false,false,false
H-004,time_5m buy normalised_flow_log high_residual_reversion,BTCUSDT,walk-forward folds (2020-21),10.0,0.13045059393317823,,0.7107734225945694,,,mean over folds,2.8284271247461903,-3.8695494060668216,,false,false,false
H-004,event_1000 sell normalised_flow_power high_residual_reversion,BTCUSDT,walk-forward folds (2020-21),30.0,0.6344115394473615,,1.9631012020213157,,,mean over folds,4.898979485566356,-3.3655884605526385,,false,false,false
H-004,time_2m sell normalised_flow_log low_residual_continuation,BTCUSDT,walk-forward folds (2020-21),5.0,-0.099237923160442,,-0.5798028762212164,,,mean over folds,2.0,-4.099237923160442,,false,false,false
H-004,event_500 sell normalised_flow_power low_residual_continuation,BTCUSDT,walk-forward folds (2020-21),15.0,-0.586065252344593,,-1.9970890701883743,,,mean over folds,3.4641016151377544,-4.586065252344593,,false,false,false
H-004,event_500 buy normalised_flow_log high_residual_reversion,BTCUSDT,walk-forward folds (2020-21),30.0,-0.3100754493581769,,-0.01474046260538776,,,mean over folds,4.898979485566356,-4.310075449358177,,false,false,false
H-004,event_1000 buy normalised_flow_power low_residual_continuation,BTCUSDT,walk-forward folds (2020-21),30.0,0.06879382056930748,,-0.1432463814554361,,,mean over folds,4.898979485566356,-3.9312061794306925,,false,false,false
H-004,event_200 buy surface_log_activity low_residual_continuation,BTCUSDT,walk-forward folds (2020-21),5.0,-0.1329056543975741,,-0.9528286427069009,,,mean over folds,2.0,-4.132905654397574,,false,false,false
H-004,event_1000 buy relative_imbalance_power high_residual_reversion,BTCUSDT,walk-forward folds (2020-21),15.0,0.20046880888181778,,1.1144449432255505,,,mean over folds,3.4641016151377544,-3.799531191118182,,false,false,false
H-004,event_1000 buy surface_power high_residual_reversion,BTCUSDT,walk-forward folds (2020-21),15.0,0.03948896948600678,,0.762090924849842,,,mean over folds,3.4641016151377544,-3.960511030513993,,false,false,false
H-004,event_500 sell surface_power low_residual_continuation,BTCUSDT,walk-forward folds (2020-21),5.0,-0.471366387502246,,-3.4915830434219117,,,mean over folds,2.0,-4.471366387502246,,false,false,false
H-004,event_500 sell surface_log_activity high_residual_reversion,BTCUSDT,walk-forward folds (2020-21),5.0,0.0747011778878774,,1.4674911454182902,,,mean over folds,2.0,-3.9252988221121226,,false,false,false
H-004,time_5m sell normalised_flow_power high_residual_reversion,BTCUSDT,walk-forward folds (2020-21),10.0,0.25315246791090196,,1.8910094718660897,,,mean over folds,2.8284271247461903,-3.746847532089098,,false,false,false
H-004,event_500 sell normalised_flow_log high_residual_reversion,BTCUSDT,walk-forward folds (2020-21),10.0,0.25438809763162373,,1.5991002868446955,,,mean over folds,2.8284271247461903,-3.7456119023683763,,false,false,false
H-004,event_200 buy relative_imbalance_power low_residual_continuation,BTCUSDT,walk-forward folds (2020-21),10.0,-0.10879228900721757,,-0.5624383411771399,,,mean over folds,2.8284271247461903,-4.1087922890072175,,false,false,false
H-004,time_1m buy normalised_flow_power low_residual_continuation,BTCUSDT,walk-forward folds (2020-21),10.0,-0.14106267361405428,,-0.5171031143805928,,,mean over folds,2.8284271247461903,-4.141062673614054,,false,false,false
H-004,time_1m sell normalised_flow_power high_residual_reversion,BTCUSDT,walk-forward folds (2020-21),5.0,0.10273580568720483,,1.7317640995509795,,,mean over folds,2.0,-3.897264194312795,,false,false,false
H-004,event_500 buy normalised_flow_log low_residual_continuation,BTCUSDT,walk-forward folds (2020-21),30.0,-0.030890843471657353,,-0.031999846204807725,,,mean over folds,4.898979485566356,-4.030890843471657,,false,false,false
H-004,event_1000 sell normalised_flow_log low_residual_continuation,BTCUSDT,walk-forward folds (2020-21),30.0,-0.9560272814252896,,-1.9334292660427557,,,mean over folds,4.898979485566356,-4.95602728142529,,false,false,false
H-004,event_500 buy relative_imbalance_power low_residual_continuation,BTCUSDT,walk-forward folds (2020-21),5.0,-0.23451347815554408,,-1.411745227590033,,,mean over folds,2.0,-4.234513478155544,,false,false,false
H-004,event_500 sell surface_log_activity low_residual_continuation,BTCUSDT,walk-forward folds (2020-21),10.0,-0.59103155862607,,-2.7791132525242057,,,mean over folds,2.8284271247461903,-4.59103155862607,,false,false,false
H-004,time_1m sell normalised_flow_power high_residual_reversion,BTCUSDT,walk-forward folds (2020-21),30.0,0.22909795329348553,,1.5567924831010382,,,mean over folds,4.898979485566356,-3.7709020467065146,,false,false,false
H-004,time_5m buy normalised_flow_log low_residual_continuation,BTCUSDT,walk-forward folds (2020-21),5.0,-0.09347637667389619,,-0.3513085705110985,,,mean over folds,2.0,-4.093476376673896,,false,false,false
H-004,time_5m sell normalised_flow_power low_residual_continuation,BTCUSDT,walk-forward folds (2020-21),5.0,-0.07001617035132887,,-0.5750233057490539,,,mean over folds,2.0,-4.0700161703513285,,false,false,false
H-004,time_2m buy relative_imbalance_power low_residual_continuation,BTCUSDT,walk-forward folds (2020-21),5.0,-0.09287238197386496,,-0.5582703068539053,,,mean over folds,2.0,-4.092872381973865,,false,false,false
H-004,time_5m sell normalised_flow_power low_residual_continuation,BTCUSDT,walk-forward folds (2020-21),10.0,-0.038637554478478886,,-0.36551767338723634,,,mean over folds,2.8284271247461903,-4.038637554478479,,false,false,false
H-004,time_1m sell normalised_flow_power high_residual_reversion,BTCUSDT,walk-forward folds (2020-21),15.0,0.1579150036846491,,1.652079743612532,,,mean over folds,3.4641016151377544,-3.842084996315351,,false,false,false
H-004,time_2m sell normalised_flow_log high_residual_reversion,BTCUSDT,walk-forward folds (2020-21),5.0,0.18184901986352617,,2.130882860840741,,,mean over folds,2.0,-3.818150980136474,,false,false,
H-004,event_1000 buy relative_imbalance_power low_residual_continuation,BTCUSDT,walk-forward folds (2020-21),30.0,0.2586952979785796,,0.19561608036321948,,,mean over folds,4.898979485566356,-3.7413047020214205,,false,false,false
H-004,event_500 sell normalised_flow_power low_residual_continuation,BTCUSDT,walk-forward folds (2020-21),10.0,-0.5254721115404865,,-2.4683416877972717,,,mean over folds,2.8284271247461903,-4.525472111540487,,false,false,false
H-004,event_500 sell normalised_flow_log low_residual_continuation,BTCUSDT,walk-forward folds (2020-21),10.0,-0.5543905697718605,,-2.5507625659596025,,,mean over folds,2.8284271247461903,-4.5543905697718605,,false,false,false
H-004,time_2m buy relative_imbalance_power low_residual_continuation,BTCUSDT,walk-forward folds (2020-21),30.0,-0.10502152312664452,,0.0517324830394039,,,mean over folds,4.898979485566356,-4.105021523126645,,false,false,false
H-004,event_500 sell relative_imbalance_power low_residual_continuation,BTCUSDT,walk-forward folds (2020-21),5.0,-0.49799961029018175,,-3.4545631067519493,,,mean over folds,2.0,-4.497999610290182,,false,false,false
H-004,event_200 sell surface_power high_residual_reversion,BTCUSDT,walk-forward folds (2020-21),5.0,-0.05662209303671192,,0.40152088072428793,,,mean over folds,2.0,-4.056622093036712,,false,false,false
H-004,event_500 sell relative_imbalance_power high_residual_reversion,BTCUSDT,walk-forward folds (2020-21),30.0,0.288203422644789,,1.5622635004810823,,,mean over folds,4.898979485566356,-3.711796577355211,,false,false,false
H-004,event_1000 buy surface_log_activity low_residual_continuation,BTCUSDT,walk-forward folds (2020-21),15.0,-0.1572482723014568,,-0.7708686856656437,,,mean over folds,3.4641016151377544,-4.157248272301457,,false,false,false
H-004,event_200 buy relative_imbalance_power high_residual_reversion,BTCUSDT,walk-forward folds (2020-21),30.0,-0.08909670306769821,,-0.1044140774317932,,,mean over folds,4.898979485566356,-4.089096703067698,,false,false,false
H-004,time_5m buy normalised_flow_log high_residual_reversion,BTCUSDT,walk-forward folds (2020-21),30.0,0.057387560490564385,,0.5896577735986624,,,mean over folds,4.898979485566356,-3.9426124395094355,,false,false,false
H-004,event_1000 sell surface_power low_residual_continuation,BTCUSDT,walk-forward folds (2020-21),10.0,-0.7856356553027136,,-3.1159165914992344,,,mean over folds,2.8284271247461903,-4.7856356553027135,,false,false,false
H-004,event_200 buy surface_log_activity low_residual_continuation,BTCUSDT,walk-forward folds (2020-21),30.0,0.10752590514102137,,0.13375325617640602,,,mean over folds,4.898979485566356,-3.8924740948589784,,false,false,false
H-004,time_2m sell surface_log_activity high_residual_reversion,BTCUSDT,walk-forward folds (2020-21),30.0,0.21860242280681125,,1.5604268451302314,,,mean over folds,4.898979485566356,-3.781397577193189,,false,false,false
H-004,time_5m sell surface_log_activity low_residual_continuation,BTCUSDT,walk-forward folds (2020-21),30.0,-0.25482042462719234,,-0.7426945771359665,,,mean over folds,4.898979485566356,-4.254820424627193,,false,false,false
H-004,event_500 buy surface_power high_residual_reversion,BTCUSDT,walk-forward folds (2020-21),5.0,0.05406316240420135,,0.44250653170327575,,,mean over folds,2.0,-3.9459368375957986,,false,false,false
H-004,event_200 sell surface_log_activity high_residual_reversion,BTCUSDT,walk-forward folds (2020-21),10.0,0.004158240833574639,,0.5567596039727395,,,mean over folds,2.8284271247461903,-3.9958417591664253,,false,false,false
H-004,event_500 buy surface_power high_residual_reversion,BTCUSDT,walk-forward folds (2020-21),10.0,0.04222325330403881,,0.4589710262129544,,,mean over folds,2.8284271247461903,-3.957776746695961,,false,false,false
H-004,event_200 buy normalised_flow_power low_residual_continuation,BTCUSDT,walk-forward folds (2020-21),15.0,-0.12492986160023614,,-0.40459661148115345,,,mean over folds,3.4641016151377544,-4.124929861600236,,false,false,false
H-004,time_1m sell normalised_flow_log high_residual_reversion,BTCUSDT,walk-forward folds (2020-21),30.0,0.23476027401894123,,1.6165398233787016,,,mean over folds,4.898979485566356,-3.7652397259810586,,false,false,false
H-004,time_5m sell surface_log_activity high_residual_reversion,BTCUSDT,walk-forward folds (2020-21),5.0,0.2902901927437409,,1.859849177343039,,,mean over folds,2.0,-3.7097098072562593,,false,false,false
H-004,time_2m buy surface_log_activity low_residual_continuation,BTCUSDT,walk-forward folds (2020-21),10.0,-0.18345565373870182,,-0.7689547287377059,,,mean over folds,2.8284271247461903,-4.183455653738702,,false,false,false
H-004,time_1m buy normalised_flow_power low_residual_continuation,BTCUSDT,walk-forward folds (2020-21),15.0,-0.10817718389923363,,-0.10604729019926318,,,mean over folds,3.4641016151377544,-4.108177183899234,,false,false,false
H-004,time_5m sell relative_imbalance_power high_residual_reversion,BTCUSDT,walk-forward folds (2020-21),5.0,0.40655276812808666,,2.9109641041378493,,,mean over folds,2.0,-3.5934472318719135,,false,false,
H-004,time_1m sell normalised_flow_log low_residual_continuation,BTCUSDT,walk-forward folds (2020-21),10.0,-0.20210070870846222,,-1.0300197080556,,,mean over folds,2.8284271247461903,-4.202100708708462,,false,false,false
H-004,time_5m buy normalised_flow_log low_residual_continuation,BTCUSDT,walk-forward folds (2020-21),10.0,0.0032495782366268157,,0.19082370263733361,,,mean over folds,2.8284271247461903,-3.996750421763373,,false,false,false
H-004,event_1000 buy normalised_flow_log high_residual_reversion,BTCUSDT,walk-forward folds (2020-21),15.0,0.007945729047575031,,0.867943361780668,,,mean over folds,3.4641016151377544,-3.992054270952425,,false,false,false
H-004,event_500 sell normalised_flow_log high_residual_reversion,BTCUSDT,walk-forward folds (2020-21),15.0,0.32368474671017267,,1.4579859177940857,,,mean over folds,3.4641016151377544,-3.676315253289827,,false,false,false
H-004,event_1000 buy normalised_flow_power high_residual_reversion,BTCUSDT,walk-forward folds (2020-21),30.0,-0.15319385471862668,,0.32403372065017333,,,mean over folds,4.898979485566356,-4.1531938547186265,,false,false,false
H-004,event_500 buy normalised_flow_log low_residual_continuation,BTCUSDT,walk-forward folds (2020-21),10.0,-0.41299926533676945,,-1.4016924242006152,,,mean over folds,2.8284271247461903,-4.41299926533677,,false,false,false
H-004,event_1000 buy surface_power high_residual_reversion,BTCUSDT,walk-forward folds (2020-21),5.0,0.19595405829560245,,1.3340778515020697,,,mean over folds,2.0,-3.8040459417043975,,false,false,false
H-004,time_1m buy surface_power high_residual_reversion,BTCUSDT,walk-forward folds (2020-21),10.0,0.1285612598019178,,0.8180436458833686,,,mean over folds,2.8284271247461903,-3.8714387401980823,,false,false,false
H-004,time_1m buy relative_imbalance_power low_residual_continuation,BTCUSDT,walk-forward folds (2020-21),30.0,-0.06672633142815498,,0.6574230039036871,,,mean over folds,4.898979485566356,-4.066726331428155,,false,false,false
H-004,event_500 buy normalised_flow_power high_residual_reversion,BTCUSDT,walk-forward folds (2020-21),5.0,0.07301428964772914,,0.5185529808169267,,,mean over folds,2.0,-3.926985710352271,,false,false,false
H-004,time_1m buy relative_imbalance_power low_residual_continuation,BTCUSDT,walk-forward folds (2020-21),15.0,-0.08755177484269976,,0.3408138706040428,,,mean over folds,3.4641016151377544,-4.0875517748427,,false,false,false
H-004,time_5m buy surface_log_activity high_residual_reversion,BTCUSDT,walk-forward folds (2020-21),10.0,0.028396447690710692,,0.11694637754020891,,,mean over folds,2.8284271247461903,-3.9716035523092894,,false,false,false
H-004,time_1m sell normalised_flow_power low_residual_continuation,BTCUSDT,walk-forward folds (2020-21),10.0,-0.17613949072691953,,-0.8595707366860792,,,mean over folds,2.8284271247461903,-4.17613949072692,,false,false,false
H-004,event_200 sell surface_power high_residual_reversion,BTCUSDT,walk-forward folds (2020-21),10.0,0.014552333422188984,,0.5813197179343134,,,mean over folds,2.8284271247461903,-3.985447666577811,,false,false,false
H-004,event_1000 buy relative_imbalance_power high_residual_reversion,BTCUSDT,walk-forward folds (2020-21),30.0,0.035300514927950985,,0.52427117202299,,,mean over folds,4.898979485566356,-3.964699485072049,,false,false,false
H-004,event_200 sell normalised_flow_power high_residual_reversion,BTCUSDT,walk-forward folds (2020-21),30.0,0.35784769933552496,,1.0989337261462455,,,mean over folds,4.898979485566356,-3.642152300664475,,false,false,false
H-004,event_200 sell surface_power low_residual_continuation,BTCUSDT,walk-forward folds (2020-21),15.0,-0.6147010092976983,,-1.912961633238453,,,mean over folds,3.4641016151377544,-4.614701009297699,,false,false,false
H-004,event_1000 buy normalised_flow_power low_residual_continuation,BTCUSDT,walk-forward folds (2020-21),5.0,-0.2012333858715496,,-1.1543803336153335,,,mean over folds,2.0,-4.20123338587155,,false,false,false
H-004,event_500 buy normalised_flow_power low_residual_continuation,BTCUSDT,walk-forward folds (2020-21),30.0,-0.034343658604598024,,-0.04975352322656753,,,mean over folds,4.898979485566356,-4.034343658604598,,false,false,false
H-004,time_2m buy normalised_flow_log low_residual_continuation,BTCUSDT,walk-forward folds (2020-21),10.0,-0.19051074884678015,,-0.7166444203901696,,,mean over folds,2.8284271247461903,-4.19051074884678,,false,false,false
H-004,time_5m sell surface_power high_residual_reversion,BTCUSDT,walk-forward folds (2020-21),30.0,0.24093327542936924,,1.814828030714225,,,mean over folds,4.898979485566356,-3.759066724570631,,false,false,false
H-004,time_5m buy surface_log_activity low_residual_continuation,BTCUSDT,walk-forward folds (2020-21),10.0,-0.00641042257185559,,0.07469854229608827,,,mean over folds,2.8284271247461903,-4.0064104225718555,,false,false,false
H-004,time_5m buy normalised_flow_power high_residual_reversion,BTCUSDT,walk-forward folds (2020-21),5.0,0.125626427255603,,0.878462479908697,,,mean over folds,2.0,-3.874373572744397,,false,false,false
H-004,event_1000 sell surface_power high_residual_reversion,BTCUSDT,walk-forward folds (2020-21),15.0,0.395873196254398,,1.7586931314350096,,,mean over folds,3.4641016151377544,-3.604126803745602,,false,false,false
H-004,time_1m buy normalised_flow_power high_residual_reversion,BTCUSDT,walk-forward folds (2020-21),10.0,0.1251909366828487,,0.8927425467193487,,,mean over folds,2.8284271247461903,-3.8748090633171515,,false,false,false
H-004,event_500 sell surface_log_activity high_residual_reversion,BTCUSDT,walk-forward folds (2020-21),15.0,0.22885886092643756,,1.2517195128230554,,,mean over folds,3.4641016151377544,-3.7711411390735625,,false,false,false
H-004,event_1000 sell surface_log_activity high_residual_reversion,BTCUSDT,walk-forward folds (2020-21),5.0,0.21165768997878306,,2.2949229448326056,,,mean over folds,2.0,-3.788342310021217,,false,false,
H-004,event_500 buy normalised_flow_power low_residual_continuation,BTCUSDT,walk-forward folds (2020-21),10.0,-0.3706195148745762,,-1.2916198810223052,,,mean over folds,2.8284271247461903,-4.370619514874576,,false,false,false
H-004,time_2m sell surface_power high_residual_reversion,BTCUSDT,walk-forward folds (2020-21),5.0,0.19746686124813953,,2.0482028058143635,,,mean over folds,2.0,-3.8025331387518606,,false,false,
H-004,time_5m sell surface_log_activity high_residual_reversion,BTCUSDT,walk-forward folds (2020-21),10.0,0.26850454359457027,,1.8606667258578522,,,mean over folds,2.8284271247461903,-3.7314954564054297,,false,false,false
H-004,event_500 buy surface_log_activity high_residual_reversion,BTCUSDT,walk-forward folds (2020-21),30.0,-0.22579330205197562,,-0.04056105745301862,,,mean over folds,4.898979485566356,-4.225793302051976,,false,false,false
H-004,time_2m buy surface_power high_residual_reversion,BTCUSDT,walk-forward folds (2020-21),10.0,0.20192737100566252,,1.1769383742080908,,,mean over folds,2.8284271247461903,-3.7980726289943374,,false,false,false
H-004,time_1m sell normalised_flow_log high_residual_reversion,BTCUSDT,walk-forward folds (2020-21),15.0,0.13797749946802626,,1.6390178357997673,,,mean over folds,3.4641016151377544,-3.8620225005319737,,false,false,false
H-004,time_5m buy normalised_flow_power low_residual_continuation,BTCUSDT,walk-forward folds (2020-21),10.0,0.04154225048046982,,0.32188368224737335,,,mean over folds,2.8284271247461903,-3.95845774951953,,false,false,false
H-004,time_2m buy surface_log_activity high_residual_reversion,BTCUSDT,walk-forward folds (2020-21),10.0,0.22347681543404238,,1.2908794749307766,,,mean over folds,2.8284271247461903,-3.7765231845659577,,false,false,false
H-004,time_5m buy normalised_flow_power high_residual_reversion,BTCUSDT,walk-forward folds (2020-21),30.0,0.1212768163086539,,0.653154951270861,,,mean over folds,4.898979485566356,-3.878723183691346,,false,false,false
H-004,time_2m sell normalised_flow_power low_residual_continuation,BTCUSDT,walk-forward folds (2020-21),10.0,-0.14949628373041715,,-0.6118280749262587,,,mean over folds,2.8284271247461903,-4.149496283730417,,false,false,false
H-004,time_2m buy normalised_flow_log high_residual_reversion,BTCUSDT,walk-forward folds (2020-21),30.0,0.15164193837934187,,0.6466619905740298,,,mean over folds,4.898979485566356,-3.848358061620658,,false,false,false
H-004,time_1m sell surface_log_activity low_residual_continuation,BTCUSDT,walk-forward folds (2020-21),30.0,-0.28506461317277076,,-0.5159063985271516,,,mean over folds,4.898979485566356,-4.2850646131727705,,false,false,false
H-004,time_5m buy relative_imbalance_power low_residual_continuation,BTCUSDT,walk-forward folds (2020-21),5.0,-0.1050231279313735,,-0.3784896616466954,,,mean over folds,2.0,-4.105023127931373,,false,false,false
H-004,event_1000 sell normalised_flow_log low_residual_continuation,BTCUSDT,walk-forward folds (2020-21),15.0,-0.7638093238742371,,-2.268312114117363,,,mean over folds,3.4641016151377544,-4.763809323874237,,false,false,false
H-004,event_1000 buy surface_log_activity high_residual_reversion,BTCUSDT,walk-forward folds (2020-21),30.0,-0.12317984534170692,,0.3022106730650379,,,mean over folds,4.898979485566356,-4.123179845341707,,false,false,false
H-004,event_1000 buy surface_power high_residual_reversion,BTCUSDT,walk-forward folds (2020-21),10.0,0.16812319704100742,,1.0646888813170532,,,mean over folds,2.8284271247461903,-3.8318768029589925,,false,false,false
H-004,time_2m buy surface_log_activity low_residual_continuation,BTCUSDT,walk-forward folds (2020-21),15.0,-0.17649359278235618,,-0.5201073586054844,,,mean over folds,3.4641016151377544,-4.176493592782356,,false,false,false
H-004,event_500 buy surface_log_activity high_residual_reversion,BTCUSDT,walk-forward folds (2020-21),5.0,0.05258920217397528,,0.4493240388199814,,,mean over folds,2.0,-3.947410797826025,,false,false,false
H-004,event_200 sell relative_imbalance_power high_residual_reversion,BTCUSDT,walk-forward folds (2020-21),5.0,-0.014432358400119989,,0.8673374126733495,,,mean over folds,2.0,-4.01443235840012,,false,false,false
H-004,time_1m buy normalised_flow_log high_residual_reversion,BTCUSDT,walk-forward folds (2020-21),15.0,0.13529735324835285,,0.8297926419699706,,,mean over folds,3.4641016151377544,-3.864702646751647,,false,false,false
H-004,time_1m sell surface_power low_residual_continuation,BTCUSDT,walk-forward folds (2020-21),30.0,-0.2881168199146584,,-0.5224265784797872,,,mean over folds,4.898979485566356,-4.288116819914658,,false,false,false
H-004,event_200 sell surface_power high_residual_reversion,BTCUSDT,walk-forward folds (2020-21),15.0,0.14552952160441904,,0.7811675090875404,,,mean over folds,3.4641016151377544,-3.854470478395581,,false,false,false
H-004,time_2m buy normalised_flow_log low_residual_continuation,BTCUSDT,walk-forward folds (2020-21),15.0,-0.17661882492038894,,-0.44584663386559314,,,mean over folds,3.4641016151377544,-4.176618824920389,,false,false,false
H-004,event_500 buy surface_power low_residual_continuation,BTCUSDT,walk-forward folds (2020-21),15.0,-0.19110277778751175,,-0.7473499115109693,,,mean over folds,3.4641016151377544,-4.191102777787512,,false,false,false
H-004,event_200 sell relative_imbalance_power low_residual_continuation,BTCUSDT,walk-forward folds (2020-21),30.0,-1.0362910540303143,,-1.4541095325061346,,,mean over folds,4.898979485566356,-5.036291054030315,,false,false,false
H-004,event_200 sell surface_log_activity low_residual_continuation,BTCUSDT,walk-forward folds (2020-21),15.0,-0.6243236871507734,,-1.9425047782410374,,,mean over folds,3.4641016151377544,-4.624323687150773,,false,false,false
H-004,event_200 sell relative_imbalance_power high_residual_reversion,BTCUSDT,walk-forward folds (2020-21),15.0,0.08597193951242701,,0.9618692098908627,,,mean over folds,3.4641016151377544,-3.914028060487573,,false,false,false
H-004,time_2m buy normalised_flow_power high_residual_reversion,BTCUSDT,walk-forward folds (2020-21),15.0,0.3007288924256472,,1.388176344607134,,,mean over folds,3.4641016151377544,-3.699271107574353,,false,false,false
H-004,time_5m buy surface_power low_residual_continuation,BTCUSDT,walk-forward folds (2020-21),30.0,0.09535026573105984,,0.22637272571059314,,,mean over folds,4.898979485566356,-3.9046497342689404,,false,false,false
H-004,time_5m buy surface_log_activity low_residual_continuation,BTCUSDT,walk-forward folds (2020-21),30.0,0.06834625275942449,,0.1850342589119783,,,mean over folds,4.898979485566356,-3.9316537472405755,,false,false,false
H-004,time_2m buy normalised_flow_power high_residual_reversion,BTCUSDT,walk-forward folds (2020-21),5.0,0.20490412616899775,,1.693461408734128,,,mean over folds,2.0,-3.795095873831002,,false,false,false
H-004,event_1000 buy surface_power low_residual_continuation,BTCUSDT,walk-forward folds (2020-21),30.0,0.06437620208128467,,-0.24048186303054386,,,mean over folds,4.898979485566356,-3.935623797918715,,false,false,false
H-004,event_200 buy normalised_flow_power high_residual_reversion,BTCUSDT,walk-forward folds (2020-21),10.0,-0.000045436726952450754,,0.16780240825573103,,,mean over folds,2.8284271247461903,-4.0000454367269525,,false,false,false
H-004,time_5m buy normalised_flow_power high_residual_reversion,BTCUSDT,walk-forward folds (2020-21),15.0,0.1962962077703475,,1.083424705418415,,,mean over folds,3.4641016151377544,-3.8037037922296526,,false,false,false
H-004,event_500 sell surface_power high_residual_reversion,BTCUSDT,walk-forward folds (2020-21),10.0,0.16666310447876626,,1.3150758061041938,,,mean over folds,2.8284271247461903,-3.8333368955212337,,false,false,false
H-004,event_200 buy surface_power low_residual_continuation,BTCUSDT,walk-forward folds (2020-21),10.0,-0.19928602823062685,,-0.7955676160993763,,,mean over folds,2.8284271247461903,-4.199286028230627,,false,false,false
H-004,time_1m buy normalised_flow_power high_residual_reversion,BTCUSDT,walk-forward folds (2020-21),5.0,0.09639821802093822,,1.021707384428061,,,mean over folds,2.0,-3.9036017819790616,,false,false,false
H-004,time_1m sell surface_log_activity low_residual_continuation,BTCUSDT,walk-forward folds (2020-21),5.0,-0.1313501750203826,,-1.2501046907141689,,,mean over folds,2.0,-4.1313501750203825,,false,false,false
H-004,time_2m buy surface_power low_residual_continuation,BTCUSDT,walk-forward folds (2020-21),5.0,-0.1329123902491591,,-0.8140486870378745,,,mean over folds,2.0,-4.132912390249159,,false,false,false
H-004,event_200 buy surface_power high_residual_reversion,BTCUSDT,walk-forward folds (2020-21),15.0,-0.1236710600377549,,-0.03795904059733781,,,mean over folds,3.4641016151377544,-4.123671060037755,,false,false,false
H-004,event_1000 buy normalised_flow_log low_residual_continuation,BTCUSDT,walk-forward folds (2020-21),5.0,-0.26443973148352784,,-1.3559574231773204,,,mean over folds,2.0,-4.264439731483527,,false,false,false
H-004,event_1000 sell surface_power high_residual_reversion,BTCUSDT,walk-forward folds (2020-21),10.0,0.27589171551491537,,1.8949489167806004,,,mean over folds,2.8284271247461903,-3.7241082844850846,,false,false,false
H-004,time_2m buy surface_power high_residual_reversion,BTCUSDT,walk-forward folds (2020-21),30.0,0.23401790996417246,,0.7073059682249891,,,mean over folds,4.898979485566356,-3.7659820900358274,,false,false,false
H-004,time_1m buy surface_power low_residual_continuation,BTCUSDT,walk-forward folds (2020-21),15.0,-0.11486225979997244,,-0.17599485046767713,,,mean over folds,3.4641016151377544,-4.114862259799972,,false,false,false
H-004,event_1000 sell relative_imbalance_power low_residual_continuation,BTCUSDT,walk-forward folds (2020-21),15.0,-0.8820834472078383,,-2.0911106554399934,,,mean over folds,3.4641016151377544,-4.8820834472078385,,false,false,false
H-004,event_1000 buy surface_power low_residual_continuation,BTCUSDT,walk-forward folds (2020-21),15.0,-0.13608940012579135,,-0.7488664536826699,,,mean over folds,3.4641016151377544,-4.136089400125791,,false,false,false
H-004,time_2m sell normalised_flow_power high_residual_reversion,BTCUSDT,walk-forward folds (2020-21),30.0,0.2109002184544857,,1.5698777052349846,,,mean over folds,4.898979485566356,-3.7890997815455143,,false,false,false
H-004,time_1m sell surface_log_activity high_residual_reversion,BTCUSDT,walk-forward folds (2020-21),15.0,0.12609293488327472,,1.483320586019398,,,mean over folds,3.4641016151377544,-3.8739070651167253,,false,false,false
H-004,event_1000 sell surface_log_activity low_residual_continuation,BTCUSDT,walk-forward folds (2020-21),30.0,-1.0193871660707032,,-1.973706890807895,,,mean over folds,4.898979485566356,-5.019387166070703,,false,false,false
H-004,event_500 buy surface_power low_residual_continuation,BTCUSDT,walk-forward folds (2020-21),30.0,0.02702881550989409,,-0.06956481821358064,,,mean over folds,4.898979485566356,-3.972971184490106,,false,false,false
H-004,event_1000 buy normalised_flow_power low_residual_continuation,BTCUSDT,walk-forward folds (2020-21),15.0,-0.14497318297466438,,-0.6933180758202744,,,mean over folds,3.4641016151377544,-4.144973182974664,,false,false,false
H-004,event_500 buy surface_log_activity low_residual_continuation,BTCUSDT,walk-forward folds (2020-21),30.0,0.029659216343624374,,-0.05837805814485779,,,mean over folds,4.898979485566356,-3.9703407836563755,,false,false,false
H-004,time_2m buy relative_imbalance_power high_residual_reversion,BTCUSDT,walk-forward folds (2020-21),5.0,0.29100766262031896,,2.763255770506119,,,mean over folds,2.0,-3.708992337379681,,false,false,
H-004,time_5m sell surface_log_activity low_residual_continuation,BTCUSDT,walk-forward folds (2020-21),15.0,0.029447352847491115,,-0.32623911132360145,,,mean over folds,3.4641016151377544,-3.970552647152509,,false,false,false
H-004,event_1000 buy surface_log_activity high_residual_reversion,BTCUSDT,walk-forward folds (2020-21),15.0,0.03163904896526647,,0.7556398807582247,,,mean over folds,3.4641016151377544,-3.9683609510347337,,false,false,false
H-004,event_500 buy relative_imbalance_power low_residual_continuation,BTCUSDT,walk-forward folds (2020-21),15.0,-0.12428612788878449,,-0.5285899126814477,,,mean over folds,3.4641016151377544,-4.124286127888785,,false,false,false
H-004,event_200 buy normalised_flow_log high_residual_reversion,BTCUSDT,walk-forward folds (2020-21),10.0,-0.022935036337933708,,0.15965945052219926,,,mean over folds,2.8284271247461903,-4.022935036337934,,false,false,false
H-004,event_200 sell normalised_flow_power low_residual_continuation,BTCUSDT,walk-forward folds (2020-21),10.0,-0.47573555708466236,,-2.182980429735842,,,mean over folds,2.8284271247461903,-4.475735557084662,,false,false,false
H-004,event_1000 sell relative_imbalance_power high_residual_reversion,BTCUSDT,walk-forward folds (2020-21),10.0,0.23882759525597277,,1.933409075160292,,,mean over folds,2.8284271247461903,-3.7611724047440274,,false,false,false
H-004,time_2m buy surface_log_activity high_residual_reversion,BTCUSDT,walk-forward folds (2020-21),5.0,0.18917636432587157,,1.4803428310138305,,,mean over folds,2.0,-3.8108236356741285,,false,false,false
H-004,event_1000 sell surface_log_activity low_residual_continuation,BTCUSDT,walk-forward folds (2020-21),5.0,-0.6218577175951714,,-3.776475418846618,,,mean over folds,2.0,-4.621857717595171,,false,false,false
H-004,time_1m buy normalised_flow_power low_residual_continuation,BTCUSDT,walk-forward folds (2020-21),5.0,-0.11007001309692702,,-0.8243379710027885,,,mean over folds,2.0,-4.110070013096927,,false,false,false
H-004,time_5m buy relative_imbalance_power low_residual_continuation,BTCUSDT,walk-forward folds (2020-21),15.0,-0.12762894998319674,,-0.13021338872998184,,,mean over folds,3.4641016151377544,-4.127628949983197,,false,false,false
H-004,time_5m sell surface_power high_residual_reversion,BTCUSDT,walk-forward folds (2020-21),15.0,0.38238620990330247,,2.2548177727845835,,,mean over folds,3.4641016151377544,-3.6176137900966974,,false,false,
H-004,time_2m buy normalised_flow_power high_residual_reversion,BTCUSDT,walk-forward folds (2020-21),30.0,0.23316809284633971,,0.8056587594090139,,,mean over folds,4.898979485566356,-3.7668319071536605,,false,false,false
H-004,time_1m sell surface_power low_residual_continuation,BTCUSDT,walk-forward folds (2020-21),15.0,-0.24905253051738327,,-0.8538056150928177,,,mean over folds,3.4641016151377544,-4.249052530517384,,false,false,false
H-004,time_5m sell normalised_flow_log low_residual_continuation,BTCUSDT,walk-forward folds (2020-21),15.0,-0.036034108870207394,,-0.3881857870784711,,,mean over folds,3.4641016151377544,-4.036034108870207,,false,false,false
H-004,event_1000 buy surface_log_activity high_residual_reversion,BTCUSDT,walk-forward folds (2020-21),5.0,0.20688188144829495,,1.358052496840932,,,mean over folds,2.0,-3.793118118551705,,false,false,false
H-004,time_1m sell surface_power high_residual_reversion,BTCUSDT,walk-forward folds (2020-21),5.0,0.09280089762194384,,1.6154071926861717,,,mean over folds,2.0,-3.907199102378056,,false,false,false
H-004,event_200 buy relative_imbalance_power high_residual_reversion,BTCUSDT,walk-forward folds (2020-21),10.0,0.09827481119558304,,0.45253159770054835,,,mean over folds,2.8284271247461903,-3.901725188804417,,false,false,false
H-004,event_500 sell normalised_flow_log low_residual_continuation,BTCUSDT,walk-forward folds (2020-21),5.0,-0.4562398995950809,,-3.3550427683825874,,,mean over folds,2.0,-4.456239899595081,,false,false,false
H-004,time_5m buy relative_imbalance_power high_residual_reversion,BTCUSDT,walk-forward folds (2020-21),30.0,0.118919928521664,,1.4193361692682536,,,mean over folds,4.898979485566356,-3.881080071478336,,false,false,false
H-004,time_5m sell relative_imbalance_power low_residual_continuation,BTCUSDT,walk-forward folds (2020-21),15.0,0.1387471919366467,,0.29869378519708706,,,mean over folds,3.4641016151377544,-3.8612528080633535,,false,false,false
H-004,time_5m buy normalised_flow_power high_residual_reversion,BTCUSDT,walk-forward folds (2020-21),10.0,0.11899143704309836,,0.6699346984011904,,,mean over folds,2.8284271247461903,-3.8810085629569016,,false,false,false
H-004,event_1000 sell normalised_flow_log high_residual_reversion,BTCUSDT,walk-forward folds (2020-21),10.0,0.3240623380616764,,2.042688362129508,,,mean over folds,2.8284271247461903,-3.6759376619383235,,false,false,
H-004,event_500 sell surface_power high_residual_reversion,BTCUSDT,walk-forward folds (2020-21),5.0,0.06672489101990216,,1.4187625952135123,,,mean over folds,2.0,-3.933275108980098,,false,false,false
H-004,event_200 buy surface_log_activity low_residual_continuation,BTCUSDT,walk-forward folds (2020-21),15.0,-0.09198198295604351,,-0.37528523961597127,,,mean over folds,3.4641016151377544,-4.091981982956043,,false,false,false
H-004,event_200 sell surface_log_activity high_residual_reversion,BTCUSDT,walk-forward folds (2020-21),5.0,-0.06821799654453511,,0.35434631896687147,,,mean over folds,2.0,-4.0682179965445355,,false,false,false
H-004,event_1000 buy surface_log_activity low_residual_continuation,BTCUSDT,walk-forward folds (2020-21),10.0,-0.34837692304039314,,-1.4040667265980298,,,mean over folds,2.8284271247461903,-4.3483769230403935,,false,false,false
H-004,event_1000 buy surface_log_activity low_residual_continuation,BTCUSDT,walk-forward folds (2020-21),30.0,0.049592419844351344,,-0.24519691759122675,,,mean over folds,4.898979485566356,-3.9504075801556486,,false,false,false
H-004,time_1m sell surface_power high_residual_reversion,BTCUSDT,walk-forward folds (2020-21),10.0,0.14428544993845022,,1.7309417905644136,,,mean over folds,2.8284271247461903,-3.85571455006155,,false,false,false
H-004,time_2m sell normalised_flow_power high_residual_reversion,BTCUSDT,walk-forward folds (2020-21),10.0,0.25638204050696595,,2.1601726491018134,,,mean over folds,2.8284271247461903,-3.743617959493034,,false,false,
H-004,time_1m buy normalised_flow_log high_residual_reversion,BTCUSDT,walk-forward folds (2020-21),5.0,0.10857116910664459,,1.2223565923887176,,,mean over folds,2.0,-3.8914288308933553,,false,false,false
H-004,time_1m buy relative_imbalance_power low_residual_continuation,BTCUSDT,walk-forward folds (2020-21),10.0,-0.0732670734285219,,0.17756039249351974,,,mean over folds,2.8284271247461903,-4.0732670734285215,,false,false,false
H-004,time_2m sell relative_imbalance_power low_residual_continuation,BTCUSDT,walk-forward folds (2020-21),5.0,-0.05768319301656346,,-0.28236186592536194,,,mean over folds,2.0,-4.0576831930165635,,false,false,false
H-004,event_500 buy normalised_flow_log high_residual_reversion,BTCUSDT,walk-forward folds (2020-21),15.0,-0.06568617192516531,,0.4077105923558708,,,mean over folds,3.4641016151377544,-4.065686171925165,,false,false,false
H-004,time_1m sell relative_imbalance_power low_residual_continuation,BTCUSDT,walk-forward folds (2020-21),15.0,-0.08844561321492668,,-0.28127166725884406,,,mean over folds,3.4641016151377544,-4.088445613214927,,false,false,false
H-004,time_1m buy surface_power low_residual_continuation,BTCUSDT,walk-forward folds (2020-21),5.0,-0.12322058124959598,,-0.9452315297110776,,,mean over folds,2.0,-4.123220581249596,,false,false,false
H-004,event_1000 buy surface_power low_residual_continuation,BTCUSDT,walk-forward folds (2020-21),10.0,-0.33293733370587286,,-1.3726298061073652,,,mean over folds,2.8284271247461903,-4.332937333705873,,false,false,false
H-004,event_500 sell surface_power low_residual_continuation,BTCUSDT,walk-forward folds (2020-21),15.0,-0.671311258262836,,-2.2723341934383368,,,mean over folds,3.4641016151377544,-4.671311258262836,,false,false,false
H-004,time_5m sell surface_power low_residual_continuation,BTCUSDT,walk-forward folds (2020-21),5.0,-0.05520313751507546,,-0.587803502163452,,,mean over folds,2.0,-4.055203137515075,,false,false,false
H-004,event_200 sell surface_log_activity high_residual_reversion,BTCUSDT,walk-forward folds (2020-21),30.0,0.3140172819324681,,1.1145266596384453,,,mean over folds,4.898979485566356,-3.6859827180675317,,false,false,false
H-004,time_1m sell relative_imbalance_power low_residual_continuation,BTCUSDT,walk-forward folds (2020-21),10.0,-0.026167526513672205,,-0.05458880194560637,,,mean over folds,2.8284271247461903,-4.026167526513672,,false,false,false
H-004,time_2m sell normalised_flow_log low_residual_continuation,BTCUSDT,walk-forward folds (2020-21),15.0,-0.2501524337446928,,-0.7768542124026301,,,mean over folds,3.4641016151377544,-4.2501524337446925,,false,false,false
H-004,event_500 buy relative_imbalance_power high_residual_reversion,BTCUSDT,walk-forward folds (2020-21),5.0,0.09099756030580483,,0.7379512818626464,,,mean over folds,2.0,-3.9090024396941954,,false,false,false
H-004,time_1m buy surface_power low_residual_continuation,BTCUSDT,walk-forward folds (2020-21),10.0,-0.1335828566775375,,-0.5120805824552339,,,mean over folds,2.8284271247461903,-4.133582856677537,,false,false,false
H-004,time_1m sell relative_imbalance_power high_residual_reversion,BTCUSDT,walk-forward folds (2020-21),5.0,0.25178057693496225,,3.303884566773003,,,mean over folds,2.0,-3.748219423065038,,false,false,
H-004,event_200 buy normalised_flow_power low_residual_continuation,BTCUSDT,walk-forward folds (2020-21),30.0,0.02935045430690697,,0.0658434817428414,,,mean over folds,4.898979485566356,-3.9706495456930933,,false,false,false
H-004,event_1000 buy relative_imbalance_power high_residual_reversion,BTCUSDT,walk-forward folds (2020-21),5.0,0.22324887716018962,,1.7148474596009877,,,mean over folds,2.0,-3.7767511228398103,,false,false,false
H-004,time_2m sell surface_log_activity low_residual_continuation,BTCUSDT,walk-forward folds (2020-21),30.0,-0.3332508378685497,,-0.6365034762344007,,,mean over folds,4.898979485566356,-4.333250837868549,,false,false,false
H-004,event_500 buy surface_log_activity high_residual_reversion,BTCUSDT,walk-forward folds (2020-21),10.0,0.04439631436884063,,0.47816620256883546,,,mean over folds,2.8284271247461903,-3.9556036856311594,,false,false,false
H-004,event_200 buy relative_imbalance_power high_residual_reversion,BTCUSDT,walk-forward folds (2020-21),15.0,0.017480249826473095,,0.2131329573001694,,,mean over folds,3.4641016151377544,-3.9825197501735268,,false,false,false
H-004,time_2m sell relative_imbalance_power high_residual_reversion,BTCUSDT,walk-forward folds (2020-21),15.0,0.5511546076648546,,3.116924417376718,,,mean over folds,3.4641016151377544,-3.448845392335145,,false,false,
H-004,event_200 buy surface_power low_residual_continuation,BTCUSDT,walk-forward folds (2020-21),15.0,-0.09277608373383216,,-0.37393765168260595,,,mean over folds,3.4641016151377544,-4.092776083733832,,false,false,false
H-004,time_2m sell normalised_flow_power low_residual_continuation,BTCUSDT,walk-forward folds (2020-21),15.0,-0.24291076350924073,,-0.7811638667297741,,,mean over folds,3.4641016151377544,-4.242910763509241,,false,false,false
H-004,event_1000 buy relative_imbalance_power low_residual_continuation,BTCUSDT,walk-forward folds (2020-21),10.0,-0.24826496818352317,,-1.0361851343737674,,,mean over folds,2.8284271247461903,-4.248264968183523,,false,false,false
H-004,event_500 buy surface_log_activity low_residual_continuation,BTCUSDT,walk-forward folds (2020-21),5.0,-0.2514042620624621,,-1.6449251032213748,,,mean over folds,2.0,-4.251404262062462,,false,false,false
H-004,time_5m buy surface_log_activity low_residual_continuation,BTCUSDT,walk-forward folds (2020-21),5.0,-0.09520692086333975,,-0.34755394677177887,,,mean over folds,2.0,-4.0952069208633395,,false,false,false
H-004,event_1000 buy relative_imbalance_power high_residual_reversion,BTCUSDT,walk-forward folds (2020-21),10.0,0.2526808254478744,,1.4768114927530507,,,mean over folds,2.8284271247461903,-3.7473191745521257,,false,false,false
H-004,time_2m buy relative_imbalance_power high_residual_reversion,BTCUSDT,walk-forward folds (2020-21),10.0,0.28673155893612756,,2.1726790660075257,,,mean over folds,2.8284271247461903,-3.7132684410638723,,false,false,
H-004,event_500 sell normalised_flow_log low_residual_continuation,BTCUSDT,walk-forward folds (2020-21),15.0,-0.6261990561762649,,-2.0745069693278184,,,mean over folds,3.4641016151377544,-4.626199056176265,,false,false,false
H-004,event_200 sell normalised_flow_log high_residual_reversion,BTCUSDT,walk-forward folds (2020-21),15.0,0.16684514953449445,,0.7411004731760155,,,mean over folds,3.4641016151377544,-3.8331548504655055,,false,false,false
H-004,event_500 sell surface_log_activity high_residual_reversion,BTCUSDT,walk-forward folds (2020-21),30.0,0.3756862890282965,,1.4327436326998688,,,mean over folds,4.898979485566356,-3.6243137109717036,,false,false,false
H-004,event_200 sell normalised_flow_power low_residual_continuation,BTCUSDT,walk-forward folds (2020-21),15.0,-0.5485410207817708,,-1.77209231664552,,,mean over folds,3.4641016151377544,-4.548541020781771,,false,false,false
H-004,time_1m buy normalised_flow_log low_residual_continuation,BTCUSDT,walk-forward folds (2020-21),5.0,-0.1506172539975755,,-1.1852076869824444,,,mean over folds,2.0,-4.150617253997575,,false,false,false
H-004,event_1000 buy normalised_flow_log low_residual_continuation,BTCUSDT,walk-forward folds (2020-21),10.0,-0.35843341945095,,-1.2886847070934997,,,mean over folds,2.8284271247461903,-4.35843341945095,,false,false,false
H-004,time_5m buy surface_log_activity low_residual_continuation,BTCUSDT,walk-forward folds (2020-21),15.0,-0.052247249160926226,,0.01467406962935143,,,mean over folds,3.4641016151377544,-4.052247249160926,,false,false,false
H-004,event_500 sell relative_imbalance_power low_residual_continuation,BTCUSDT,walk-forward folds (2020-21),15.0,-0.744117185593051,,-2.099467154401306,,,mean over folds,3.4641016151377544,-4.744117185593051,,false,false,false
H-004,time_1m sell surface_power low_residual_continuation,BTCUSDT,walk-forward folds (2020-21),5.0,-0.12254617048125298,,-1.1491186746732047,,,mean over folds,2.0,-4.122546170481253,,false,false,false
H-004,time_2m sell surface_power low_residual_continuation,BTCUSDT,walk-forward folds (2020-21),5.0,-0.13099994124875727,,-0.9257367642917569,,,mean over folds,2.0,-4.130999941248757,,false,false,false
H-004,event_200 sell relative_imbalance_power low_residual_continuation,BTCUSDT,walk-forward folds (2020-21),10.0,-0.5949961544952551,,-2.232862112180043,,,mean over folds,2.8284271247461903,-4.594996154495255,,false,false,false
H-004,event_1000 sell surface_power low_residual_continuation,BTCUSDT,walk-forward folds (2020-21),15.0,-0.7972268106896344,,-2.3305703059155065,,,mean over folds,3.4641016151377544,-4.797226810689635,,false,false,false
H-004,event_200 sell normalised_flow_log low_residual_continuation,BTCUSDT,walk-forward folds (2020-21),15.0,-0.5709677779406999,,-1.8324278000740537,,,mean over folds,3.4641016151377544,-4.5709677779407,,false,false,false
H-004,event_500 buy surface_power low_residual_continuation,BTCUSDT,walk-forward folds (2020-21),10.0,-0.37832774335137875,,-1.452562494268383,,,mean over folds,2.8284271247461903,-4.378327743351379,,false,false,false
H-004,time_5m sell surface_log_activity low_residual_continuation,BTCUSDT,walk-forward folds (2020-21),10.0,-0.03061133139676626,,-0.37316571045092806,,,mean over folds,2.8284271247461903,-4.030611331396766,,false,false,false
H-004,time_1m buy surface_log_activity low_residual_continuation,BTCUSDT,walk-forward folds (2020-21),10.0,-0.14752191683910115,,-0.6117781038771427,,,mean over folds,2.8284271247461903,-4.147521916839101,,false,false,false
H-004,time_5m sell surface_power low_residual_continuation,BTCUSDT,walk-forward folds (2020-21),30.0,-0.18368211291339714,,-0.664677337156411,,,mean over folds,4.898979485566356,-4.183682112913397,,false,false,false
H-004,event_200 sell normalised_flow_log high_residual_reversion,BTCUSDT,walk-forward folds (2020-21),10.0,0.02788744944369633,,0.5795760804008216,,,mean over folds,2.8284271247461903,-3.9721125505563037,,false,false,false
H-004,event_1000 sell normalised_flow_power low_residual_continuation,BTCUSDT,walk-forward folds (2020-21),10.0,-0.7053604467765695,,-2.8903249139396157,,,mean over folds,2.8284271247461903,-4.705360446776569,,false,false,false
H-004,time_2m buy normalised_flow_log low_residual_continuation,BTCUSDT,walk-forward folds (2020-21),30.0,-0.15232788783784437,,-0.17402335989894718,,,mean over folds,4.898979485566356,-4.152327887837845,,false,false,false
H-004,time_1m sell relative_imbalance_power low_residual_continuation,BTCUSDT,walk-forward folds (2020-21),30.0,-0.15891887795035284,,-0.25362168864715523,,,mean over folds,4.898979485566356,-4.158918877950353,,false,false,false
H-004,event_200 buy normalised_flow_log high_residual_reversion,BTCUSDT,walk-forward folds (2020-21),15.0,-0.1709541202036687,,-0.020615095690020704,,,mean over folds,3.4641016151377544,-4.170954120203668,,false,false,false
H-004,time_1m sell surface_power low_residual_continuation,BTCUSDT,walk-forward folds (2020-21),10.0,-0.1858905213737926,,-0.9634016241475232,,,mean over folds,2.8284271247461903,-4.185890521373793,,false,false,false
H-004,time_1m buy normalised_flow_log low_residual_continuation,BTCUSDT,walk-forward folds (2020-21),15.0,-0.1670058730988786,,-0.3013382974433574,,,mean over folds,3.4641016151377544,-4.167005873098878,,false,false,false
H-004,time_2m buy normalised_flow_power high_residual_reversion,BTCUSDT,walk-forward folds (2020-21),10.0,0.2265417200143714,,1.401460849990179,,,mean over folds,2.8284271247461903,-3.7734582799856287,,false,false,false
H-004,event_500 sell surface_log_activity low_residual_continuation,BTCUSDT,walk-forward folds (2020-21),30.0,-0.814096836048291,,-1.764331708412597,,,mean over folds,4.898979485566356,-4.814096836048291,,false,false,false
H-004,event_1000 sell surface_power low_residual_continuation,BTCUSDT,walk-forward folds (2020-21),30.0,-1.0205886700339957,,-1.989552219319119,,,mean over folds,4.898979485566356,-5.0205886700339954,,false,false,false
H-004,event_1000 sell surface_power high_residual_reversion,BTCUSDT,walk-forward folds (2020-21),5.0,0.20810101612006943,,2.275161186062434,,,mean over folds,2.0,-3.7918989838799306,,false,false,
H-004,event_200 sell normalised_flow_power high_residual_reversion,BTCUSDT,walk-forward folds (2020-21),10.0,0.011469848697243271,,0.5301713038606268,,,mean over folds,2.8284271247461903,-3.988530151302757,,false,false,false
H-004,time_1m buy normalised_flow_log high_residual_reversion,BTCUSDT,walk-forward folds (2020-21),30.0,0.03911323936492961,,0.3213942546474068,,,mean over folds,4.898979485566356,-3.9608867606350704,,false,false,false
H-004,time_1m buy surface_power low_residual_continuation,BTCUSDT,walk-forward folds (2020-21),30.0,-0.07328158126136448,,0.22650858422357603,,,mean over folds,4.898979485566356,-4.073281581261364,,false,false,false
H-004,event_1000 buy normalised_flow_log low_residual_continuation,BTCUSDT,walk-forward folds (2020-21),15.0,-0.25141294712188467,,-0.80416438518396,,,mean over folds,3.4641016151377544,-4.251412947121885,,false,false,false
H-004,time_5m buy normalised_flow_log high_residual_reversion,BTCUSDT,walk-forward folds (2020-21),15.0,0.23745684756295557,,1.1568595820661098,,,mean over folds,3.4641016151377544,-3.7625431524370443,,false,false,false
H-004,event_500 sell normalised_flow_log high_residual_reversion,BTCUSDT,walk-forward folds (2020-21),30.0,0.49804144980865556,,1.5634122206543573,,,mean over folds,4.898979485566356,-3.5019585501913446,,false,false,false
H-004,time_2m sell relative_imbalance_power high_residual_reversion,BTCUSDT,walk-forward folds (2020-21),30.0,0.52015399677184,,2.49990743979498,,,mean over folds,4.898979485566356,-3.47984600322816,,false,false,
H-004,time_5m sell surface_power high_residual_reversion,BTCUSDT,walk-forward folds (2020-21),10.0,0.26837735942139807,,1.9192295231074006,,,mean over folds,2.8284271247461903,-3.731622640578602,,false,false,false
H-004,event_200 sell normalised_flow_log low_residual_continuation,BTCUSDT,walk-forward folds (2020-21),5.0,-0.3790446715601221,,-2.8582369231650357,,,mean over folds,2.0,-4.379044671560122,,false,false,false
H-004,time_2m sell normalised_flow_power low_residual_continuation,BTCUSDT,walk-forward folds (2020-21),5.0,-0.11835306666457653,,-0.7634532579706845,,,mean over folds,2.0,-4.118353066664577,,false,false,false
H-004,time_5m sell normalised_flow_log high_residual_reversion,BTCUSDT,walk-forward folds (2020-21),5.0,0.2846045670100973,,1.9608321427458482,,,mean over folds,2.0,-3.7153954329899026,,false,false,false
H-004,event_500 sell surface_power low_residual_continuation,BTCUSDT,walk-forward folds (2020-21),30.0,-0.8357192128735124,,-1.8024823120979527,,,mean over folds,4.898979485566356,-4.835719212873513,,false,false,false
H-004,time_5m buy relative_imbalance_power low_residual_continuation,BTCUSDT,walk-forward folds (2020-21),30.0,-0.14501018971759502,,-0.13946065329214324,,,mean over folds,4.898979485566356,-4.145010189717595,,false,false,false
H-004,time_5m sell normalised_flow_power low_residual_continuation,BTCUSDT,walk-forward folds (2020-21),30.0,-0.25040624133731154,,-0.634025430797835,,,mean over folds,4.898979485566356,-4.250406241337312,,false,false,false
H-004,time_2m buy normalised_flow_log high_residual_reversion,BTCUSDT,walk-forward folds (2020-21),5.0,0.18588358966436583,,1.5691786512572716,,,mean over folds,2.0,-3.814116410335634,,false,false,false
H-004,event_1000 buy surface_power low_residual_continuation,BTCUSDT,walk-forward folds (2020-21),5.0,-0.23710051579640262,,-1.370044517583935,,,mean over folds,2.0,-4.237100515796403,,false,false,false
H-004,event_1000 buy normalised_flow_log high_residual_reversion,BTCUSDT,walk-forward folds (2020-21),30.0,-0.19470370838670994,,0.3610675483327681,,,mean over folds,4.898979485566356,-4.19470370838671,,false,false,false
H-004,event_1000 sell relative_imbalance_power high_residual_reversion,BTCUSDT,walk-forward folds (2020-21),5.0,0.25043587656098737,,2.574029964907358,,,mean over folds,2.0,-3.7495641234390127,,false,false,
H-004,event_200 buy relative_imbalance_power low_residual_continuation,BTCUSDT,walk-forward folds (2020-21),30.0,0.2539160272885809,,0.32751797472466293,,,mean over folds,4.898979485566356,-3.746083972711419,,false,false,false
H-004,time_5m sell normalised_flow_power low_residual_continuation,BTCUSDT,walk-forward folds (2020-21),15.0,0.03351081248883795,,-0.2795302500543531,,,mean over folds,3.4641016151377544,-3.966489187511162,,false,false,false
H-004,time_5m buy surface_power low_residual_continuation,BTCUSDT,walk-forward folds (2020-21),10.0,0.0187192589755363,,0.14729817170307397,,,mean over folds,2.8284271247461903,-3.9812807410244635,,false,false,false
H-004,time_2m sell surface_log_activity low_residual_continuation,BTCUSDT,walk-forward folds (2020-21),5.0,-0.12197319561777749,,-0.8095192722495316,,,mean over folds,2.0,-4.121973195617778,,false,false,false
H-004,time_2m buy normalised_flow_power low_residual_continuation,BTCUSDT,walk-forward folds (2020-21),30.0,-0.19067572245975034,,-0.27519962191410485,,,mean over folds,4.898979485566356,-4.19067572245975,,false,false,false
H-004,event_200 buy normalised_flow_power low_residual_continuation,BTCUSDT,walk-forward folds (2020-21),5.0,-0.13498904095371114,,-0.9679093480219547,,,mean over folds,2.0,-4.134989040953712,,false,false,false
H-004,time_1m sell surface_power high_residual_reversion,BTCUSDT,walk-forward folds (2020-21),30.0,0.24212539491982446,,1.5575661333371618,,,mean over folds,4.898979485566356,-3.7578746050801755,,false,false,false
H-004,time_5m sell surface_log_activity low_residual_continuation,BTCUSDT,walk-forward folds (2020-21),5.0,-0.07976717200990531,,-0.6598647117561367,,,mean over folds,2.0,-4.079767172009905,,false,false,false
H-004,time_5m buy surface_log_activity high_residual_reversion,BTCUSDT,walk-forward folds (2020-21),5.0,0.044201802188338024,,0.33191267168668304,,,mean over folds,2.0,-3.955798197811662,,false,false,false
H-004,event_200 buy normalised_flow_power low_residual_continuation,BTCUSDT,walk-forward folds (2020-21),10.0,-0.21318316636113321,,-0.7983632683345752,,,mean over folds,2.8284271247461903,-4.213183166361134,,false,false,false
H-004,time_1m buy surface_log_activity high_residual_reversion,BTCUSDT,walk-forward folds (2020-21),10.0,0.10560943402942957,,0.7311099587955788,,,mean over folds,2.8284271247461903,-3.8943905659705704,,false,false,false
H-004,event_500 sell relative_imbalance_power high_residual_reversion,BTCUSDT,walk-forward folds (2020-21),15.0,0.18069556882557292,,1.3760139328594918,,,mean over folds,3.4641016151377544,-3.819304431174427,,false,false,false
H-004,event_1000 sell surface_log_activity high_residual_reversion,BTCUSDT,walk-forward folds (2020-21),30.0,0.60793490884179,,1.923193309486201,,,mean over folds,4.898979485566356,-3.39206509115821,,false,false,false
H-004,time_2m sell normalised_flow_log high_residual_reversion,BTCUSDT,walk-forward folds (2020-21),10.0,0.24598972609865744,,2.1657383259168417,,,mean over folds,2.8284271247461903,-3.7540102739013426,,false,false,
H-004,event_200 buy normalised_flow_log low_residual_continuation,BTCUSDT,walk-forward folds (2020-21),30.0,0.05152689111276536,,0.1100930446932364,,,mean over folds,4.898979485566356,-3.9484731088872347,,false,false,false
H-004,time_1m sell normalised_flow_power low_residual_continuation,BTCUSDT,walk-forward folds (2020-21),15.0,-0.23607177403083085,,-0.7704879275149189,,,mean over folds,3.4641016151377544,-4.2360717740308305,,false,false,false
H-004,event_200 sell surface_power low_residual_continuation,BTCUSDT,walk-forward folds (2020-21),10.0,-0.5243264955574383,,-2.334440658021454,,,mean over folds,2.8284271247461903,-4.524326495557438,,false,false,false
H-004,time_2m sell surface_log_activity high_residual_reversion,BTCUSDT,walk-forward folds (2020-21),10.0,0.22861466374926126,,2.0474438221015854,,,mean over folds,2.8284271247461903,-3.771385336250739,,false,false,
H-004,time_1m buy surface_power high_residual_reversion,BTCUSDT,walk-forward folds (2020-21),30.0,0.055446034376417375,,0.20739421808444236,,,mean over folds,4.898979485566356,-3.944553965623583,,false,false,false
H-004,event_1000 buy normalised_flow_power low_residual_continuation,BTCUSDT,walk-forward folds (2020-21),10.0,-0.28509071380771445,,-1.175681688426002,,,mean over folds,2.8284271247461903,-4.285090713807715,,false,false,false
H-004,event_200 sell surface_power low_residual_continuation,BTCUSDT,walk-forward folds (2020-21),30.0,-0.7506574603538637,,-1.5190808675701681,,,mean over folds,4.898979485566356,-4.750657460353864,,false,false,false
H-004,time_2m sell normalised_flow_power high_residual_reversion,BTCUSDT,walk-forward folds (2020-21),15.0,0.3100134918610943,,2.0928129728813234,,,mean over folds,3.4641016151377544,-3.689986508138906,,false,false,
H-004,event_1000 sell surface_log_activity low_residual_continuation,BTCUSDT,walk-forward folds (2020-21),15.0,-0.8138892615657711,,-2.347962035386753,,,mean over folds,3.4641016151377544,-4.813889261565771,,false,false,false
H-004,time_5m buy relative_imbalance_power high_residual_reversion,BTCUSDT,walk-forward folds (2020-21),15.0,0.2761908375509756,,1.863682157644411,,,mean over folds,3.4641016151377544,-3.723809162449024,,false,false,false
H-004,event_200 buy surface_log_activity high_residual_reversion,BTCUSDT,walk-forward folds (2020-21),15.0,-0.12803931116216477,,-0.037929190778481794,,,mean over folds,3.4641016151377544,-4.128039311162165,,false,false,false
H-004,event_1000 sell relative_imbalance_power low_residual_continuation,BTCUSDT,walk-forward folds (2020-21),5.0,-0.605264831294255,,-3.2855541819630574,,,mean over folds,2.0,-4.605264831294255,,false,false,false
H-004,event_1000 sell surface_power high_residual_reversion,BTCUSDT,walk-forward folds (2020-21),30.0,0.5715944042438197,,1.8806761032765824,,,mean over folds,4.898979485566356,-3.42840559575618,,false,false,false
H-004,time_2m buy normalised_flow_power low_residual_continuation,BTCUSDT,walk-forward folds (2020-21),15.0,-0.1938219288704366,,-0.5304674925844101,,,mean over folds,3.4641016151377544,-4.193821928870436,,false,false,false
H-004,time_5m sell relative_imbalance_power low_residual_continuation,BTCUSDT,walk-forward folds (2020-21),10.0,0.07197164309982701,,0.22333240536452847,,,mean over folds,2.8284271247461903,-3.928028356900173,,false,false,false
H-004,time_2m sell normalised_flow_power high_residual_reversion,BTCUSDT,walk-forward folds (2020-21),5.0,0.19417240642243083,,2.1310980019169348,,,mean over folds,2.0,-3.805827593577569,,false,false,
H-004,event_200 sell normalised_flow_power low_residual_continuation,BTCUSDT,walk-forward folds (2020-21),5.0,-0.36967150309063224,,-2.8515199799690025,,,mean over folds,2.0,-4.369671503090633,,false,false,false
H-004,time_5m buy normalised_flow_log low_residual_continuation,BTCUSDT,walk-forward folds (2020-21),30.0,0.10258983094865952,,0.3256093263156735,,,mean over folds,4.898979485566356,-3.8974101690513403,,false,false,false
H-004,time_5m buy normalised_flow_power low_residual_continuation,BTCUSDT,walk-forward folds (2020-21),30.0,0.11857951027294264,,0.3528594510814474,,,mean over folds,4.898979485566356,-3.8814204897270574,,false,false,false
H-004,time_1m buy surface_power high_residual_reversion,BTCUSDT,walk-forward folds (2020-21),5.0,0.10098984951976608,,0.9590958901265008,,,mean over folds,2.0,-3.899010150480234,,false,false,false
H-004,event_500 buy surface_log_activity low_residual_continuation,BTCUSDT,walk-forward folds (2020-21),10.0,-0.3792621565558525,,-1.4511095162149439,,,mean over folds,2.8284271247461903,-4.3792621565558525,,false,false,false
H-004,event_200 sell surface_log_activity low_residual_continuation,BTCUSDT,walk-forward folds (2020-21),30.0,-0.770937738457513,,-1.5533562477016774,,,mean over folds,4.898979485566356,-4.770937738457513,,false,false,false
H-004,time_1m buy normalised_flow_power high_residual_reversion,BTCUSDT,walk-forward folds (2020-21),15.0,0.12725077954714564,,0.7151384599824511,,,mean over folds,3.4641016151377544,-3.8727492204528544,,false,false,false
H-004,event_500 buy normalised_flow_log low_residual_continuation,BTCUSDT,walk-forward folds (2020-21),5.0,-0.2852193537448966,,-1.6538201351984696,,,mean over folds,2.0,-4.285219353744896,,false,false,false
H-004,event_1000 sell normalised_flow_power low_residual_continuation,BTCUSDT,walk-forward folds (2020-21),30.0,-0.9099264310298979,,-1.8734856536007576,,,mean over folds,4.898979485566356,-4.909926431029898,,false,false,false
H-004,event_200 buy normalised_flow_power high_residual_reversion,BTCUSDT,walk-forward folds (2020-21),5.0,0.01666888673937584,,0.09341966702690603,,,mean over folds,2.0,-3.983331113260624,,false,false,false
H-004,time_2m buy surface_power low_residual_continuation,BTCUSDT,walk-forward folds (2020-21),30.0,-0.12131509600095733,,-0.1631580349321412,,,mean over folds,4.898979485566356,-4.1213150960009575,,false,false,false
H-004,time_2m buy normalised_flow_log low_residual_continuation,BTCUSDT,walk-forward folds (2020-21),5.0,-0.12653702133654057,,-0.7204443523964252,,,mean over folds,2.0,-4.12653702133654,,false,false,false
H-004,event_200 buy normalised_flow_power high_residual_reversion,BTCUSDT,walk-forward folds (2020-21),30.0,-0.3172176498114704,,-0.33065302984943573,,,mean over folds,4.898979485566356,-4.317217649811471,,false,false,false
H-004,event_200 buy surface_log_activity low_residual_continuation,BTCUSDT,walk-forward folds (2020-21),10.0,-0.20307423878159625,,-0.8145621269991905,,,mean over folds,2.8284271247461903,-4.203074238781596,,false,false,false
H-004,time_2m buy surface_log_activity low_residual_continuation,BTCUSDT,walk-forward folds (2020-21),30.0,-0.15877286792972103,,-0.25106073986897465,,,mean over folds,4.898979485566356,-4.158772867929721,,false,false,false
H-004,time_5m buy relative_imbalance_power low_residual_continuation,BTCUSDT,walk-forward folds (2020-21),10.0,-0.044780905453534615,,0.0002738181302130105,,,mean over folds,2.8284271247461903,-4.044780905453535,,false,false,false
H-004,event_1000 sell surface_log_activity low_residual_continuation,BTCUSDT,walk-forward folds (2020-21),10.0,-0.8097079327034246,,-3.187051908421945,,,mean over folds,2.8284271247461903,-4.809707932703424,,false,false,false
H-004,time_5m sell normalised_flow_log high_residual_reversion,BTCUSDT,walk-forward folds (2020-21),10.0,0.25290293068965114,,1.9500782167949495,,,mean over folds,2.8284271247461903,-3.7470970693103487,,false,false,false
H-004,time_2m sell normalised_flow_log high_residual_reversion,BTCUSDT,walk-forward folds (2020-21),15.0,0.3087857944080141,,2.131906531856278,,,mean over folds,3.4641016151377544,-3.6912142055919857,,false,false,
H-004,time_1m buy normalised_flow_power high_residual_reversion,BTCUSDT,walk-forward folds (2020-21),30.0,0.04535037501698038,,0.2519249587895801,,,mean over folds,4.898979485566356,-3.9546496249830194,,false,false,false
H-004,time_1m sell normalised_flow_power low_residual_continuation,BTCUSDT,walk-forward folds (2020-21),30.0,-0.28074172122171825,,-0.48452531519125797,,,mean over folds,4.898979485566356,-4.280741721221718,,false,false,false
H-004,time_5m sell surface_log_activity high_residual_reversion,BTCUSDT,walk-forward folds (2020-21),30.0,0.3251121161733056,,1.9106720988172197,,,mean over folds,4.898979485566356,-3.6748878838266945,,false,false,false
H-004,time_1m buy normalised_flow_power low_residual_continuation,BTCUSDT,walk-forward folds (2020-21),30.0,-0.07695849266044821,,0.2574905117065334,,,mean over folds,4.898979485566356,-4.076958492660448,,false,false,false
H-004,time_5m sell normalised_flow_log low_residual_continuation,BTCUSDT,walk-forward folds (2020-21),5.0,-0.10962790476946413,,-0.6728073536550456,,,mean over folds,2.0,-4.109627904769464,,false,false,false
H-004,time_1m buy normalised_flow_log high_residual_reversion,BTCUSDT,walk-forward folds (2020-21),10.0,0.13865866544510136,,1.0228314112948078,,,mean over folds,2.8284271247461903,-3.861341334554899,,false,false,false
H-004,time_1m buy normalised_flow_log low_residual_continuation,BTCUSDT,walk-forward folds (2020-21),30.0,-0.15606114617790862,,0.12520475535921433,,,mean over folds,4.898979485566356,-4.156061146177908,,false,false,false
H-004,time_1m sell normalised_flow_log low_residual_continuation,BTCUSDT,walk-forward folds (2020-21),30.0,-0.29189654755545563,,-0.4865191231340232,,,mean over folds,4.898979485566356,-4.291896547555456,,false,false,false
H-004,time_2m sell surface_power high_residual_reversion,BTCUSDT,walk-forward folds (2020-21),10.0,0.24268416587239633,,2.0293914623038547,,,mean over folds,2.8284271247461903,-3.7573158341276036,,false,false,
H-004,event_1000 buy surface_log_activity low_residual_continuation,BTCUSDT,walk-forward folds (2020-21),5.0,-0.2515679971416084,,-1.4183324364676302,,,mean over folds,2.0,-4.251567997141608,,false,false,false
H-004,event_1000 sell normalised_flow_log high_residual_reversion,BTCUSDT,walk-forward folds (2020-21),5.0,0.24525451050943606,,2.5100413524549423,,,mean over folds,2.0,-3.754745489490564,,false,false,
H-004,time_5m buy surface_power low_residual_continuation,BTCUSDT,walk-forward folds (2020-21),15.0,-0.007151187365110665,,0.1382836502783184,,,mean over folds,3.4641016151377544,-4.0071511873651104,,false,false,false
H-004,event_200 buy relative_imbalance_power low_residual_continuation,BTCUSDT,walk-forward folds (2020-21),5.0,-0.07702010569468805,,-0.6359094183907916,,,mean over folds,2.0,-4.077020105694688,,false,false,false
H-004,event_200 sell normalised_flow_log low_residual_continuation,BTCUSDT,walk-forward folds (2020-21),10.0,-0.4911113649496124,,-2.214910216725806,,,mean over folds,2.8284271247461903,-4.491111364949612,,false,false,false
H-004,event_200 sell normalised_flow_log high_residual_reversion,BTCUSDT,walk-forward folds (2020-21),30.0,0.38645098954215856,,1.1301782983856739,,,mean over folds,4.898979485566356,-3.6135490104578416,,false,false,false
H-004,event_1000 sell normalised_flow_log high_residual_reversion,BTCUSDT,walk-forward folds (2020-21),30.0,0.6899279426989299,,2.0239598627787005,,,mean over folds,4.898979485566356,-3.31007205730107,,false,false,
H-004,time_2m buy surface_log_activity high_residual_reversion,BTCUSDT,walk-forward folds (2020-21),30.0,0.27327753165707724,,0.7666126297676629,,,mean over folds,4.898979485566356,-3.7267224683429228,,false,false,false
H-004,time_2m buy surface_log_activity high_residual_reversion,BTCUSDT,walk-forward folds (2020-21),15.0,0.32163037806457956,,1.3667683082908983,,,mean over folds,3.4641016151377544,-3.6783696219354205,,false,false,false
H-004,time_1m buy surface_power high_residual_reversion,BTCUSDT,walk-forward folds (2020-21),15.0,0.13028375702120426,,0.6324979536393596,,,mean over folds,3.4641016151377544,-3.8697162429787957,,false,false,false
H-004,event_200 buy normalised_flow_log high_residual_reversion,BTCUSDT,walk-forward folds (2020-21),30.0,-0.35378039639060993,,-0.3044037317769209,,,mean over folds,4.898979485566356,-4.35378039639061,,false,false,false
H-004,event_200 sell relative_imbalance_power high_residual_reversion,BTCUSDT,walk-forward folds (2020-21),30.0,0.247040725794677,,1.2862395814432577,,,mean over folds,4.898979485566356,-3.752959274205323,,false,false,false
H-004,time_5m buy relative_imbalance_power high_residual_reversion,BTCUSDT,walk-forward folds (2020-21),10.0,0.273923161553567,,1.713482026095677,,,mean over folds,2.8284271247461903,-3.726076838446433,,false,false,false
H-004,event_1000 buy relative_imbalance_power low_residual_continuation,BTCUSDT,walk-forward folds (2020-21),15.0,0.037615573265361274,,-0.2995566665990429,,,mean over folds,3.4641016151377544,-3.962384426734639,,false,false,false
H-004,time_2m sell surface_log_activity high_residual_reversion,BTCUSDT,walk-forward folds (2020-21),15.0,0.290295724487566,,1.997514285565567,,,mean over folds,3.4641016151377544,-3.709704275512434,,false,false,false
H-004,time_1m sell relative_imbalance_power high_residual_reversion,BTCUSDT,walk-forward folds (2020-21),30.0,0.4093143707073028,,2.1597181124057423,,,mean over folds,4.898979485566356,-3.590685629292697,,false,false,
H-004,time_5m sell surface_power low_residual_continuation,BTCUSDT,walk-forward folds (2020-21),15.0,0.07029378361474285,,-0.2537667777740408,,,mean over folds,3.4641016151377544,-3.929706216385257,,false,false,false
H-004,time_5m sell relative_imbalance_power high_residual_reversion,BTCUSDT,walk-forward folds (2020-21),10.0,0.40568695046287073,,2.875101265492005,,,mean over folds,2.8284271247461903,-3.594313049537129,,false,false,
H-004,event_1000 sell surface_power low_residual_continuation,BTCUSDT,walk-forward folds (2020-21),5.0,-0.6022652595895011,,-3.6933068334345713,,,mean over folds,2.0,-4.602265259589501,,false,false,false
H-004,time_5m sell normalised_flow_power high_residual_reversion,BTCUSDT,walk-forward folds (2020-21),5.0,0.310506764961084,,1.9975536928429718,,,mean over folds,2.0,-3.689493235038916,,false,false,false
H-004,time_1m buy surface_log_activity high_residual_reversion,BTCUSDT,walk-forward folds (2020-21),15.0,0.11038155409291597,,0.577899093936443,,,mean over folds,3.4641016151377544,-3.889618445907084,,false,false,false
H-004,time_5m buy normalised_flow_log low_residual_continuation,BTCUSDT,walk-forward folds (2020-21),15.0,-0.011681763051149607,,0.18898837386259743,,,mean over folds,3.4641016151377544,-4.01168176305115,,false,false,false
H-004,event_500 buy normalised_flow_power low_residual_continuation,BTCUSDT,walk-forward folds (2020-21),15.0,-0.21048399292731257,,-0.65705768430415,,,mean over folds,3.4641016151377544,-4.210483992927313,,false,false,false
H-004,time_2m sell relative_imbalance_power low_residual_continuation,BTCUSDT,walk-forward folds (2020-21),10.0,-0.060519560498862625,,-0.10895105447925638,,,mean over folds,2.8284271247461903,-4.060519560498863,,false,false,false
H-004,event_1000 sell relative_imbalance_power high_residual_reversion,BTCUSDT,walk-forward folds (2020-21),30.0,0.3431496511150852,,1.939937551998084,,,mean over folds,4.898979485566356,-3.6568503488849147,,false,false,false
H-004,event_500 buy surface_log_activity low_residual_continuation,BTCUSDT,walk-forward folds (2020-21),15.0,-0.1970079189105186,,-0.7536935905893958,,,mean over folds,3.4641016151377544,-4.1970079189105185,,false,false,false
H-004,time_5m sell surface_power high_residual_reversion,BTCUSDT,walk-forward folds (2020-21),5.0,0.30057756531445556,,1.90057617305052,,,mean over folds,2.0,-3.6994224346855447,,false,false,false
H-004,time_1m buy surface_log_activity low_residual_continuation,BTCUSDT,walk-forward folds (2020-21),30.0,-0.08757011023777664,,0.17144960487634217,,,mean over folds,4.898979485566356,-4.087570110237777,,false,false,false
H-004,time_2m buy normalised_flow_log high_residual_reversion,BTCUSDT,walk-forward folds (2020-21),10.0,0.18601510137156368,,1.2189090011627992,,,mean over folds,2.8284271247461903,-3.813984898628436,,false,false,false
H-004,event_1000 buy surface_log_activity high_residual_reversion,BTCUSDT,walk-forward folds (2020-21),10.0,0.16994393636510602,,1.0574723598760736,,,mean over folds,2.8284271247461903,-3.830056063634894,,false,false,false
H-004,event_200 buy normalised_flow_log low_residual_continuation,BTCUSDT,walk-forward folds (2020-21),10.0,-0.21562566751962758,,-0.7863948449013444,,,mean over folds,2.8284271247461903,-4.215625667519627,,false,false,false
H-004,time_2m buy relative_imbalance_power low_residual_continuation,BTCUSDT,walk-forward folds (2020-21),10.0,-0.16209755701922224,,-0.6820138652361634,,,mean over folds,2.8284271247461903,-4.162097557019222,,false,false,false
H-004,event_500 buy surface_log_activity high_residual_reversion,BTCUSDT,walk-forward folds (2020-21),15.0,-0.0127118962184249,,0.38923944263870175,,,mean over folds,3.4641016151377544,-4.012711896218425,,false,false,false
H-004,event_200 sell surface_log_activity high_residual_reversion,BTCUSDT,walk-forward folds (2020-21),15.0,0.13303796621792877,,0.7635000762235566,,,mean over folds,3.4641016151377544,-3.8669620337820714,,false,false,false
H-004,event_500 sell normalised_flow_log high_residual_reversion,BTCUSDT,walk-forward folds (2020-21),5.0,0.113972616728346,,1.7295932431132262,,,mean over folds,2.0,-3.886027383271654,,false,false,false
H-004,event_500 buy relative_imbalance_power high_residual_reversion,BTCUSDT,walk-forward folds (2020-21),15.0,0.09799687479305486,,0.5974328204806254,,,mean over folds,3.4641016151377544,-3.902003125206945,,false,false,false
H-004,time_2m sell normalised_flow_power low_residual_continuation,BTCUSDT,walk-forward folds (2020-21),30.0,-0.3169736837701299,,-0.5960777727921249,,,mean over folds,4.898979485566356,-4.31697368377013,,false,false,false
H-004,event_1000 buy normalised_flow_power high_residual_reversion,BTCUSDT,walk-forward folds (2020-21),15.0,0.06819363889177078,,0.8826638614988079,,,mean over folds,3.4641016151377544,-3.931806361108229,,false,false,false
H-004,event_1000 sell relative_imbalance_power low_residual_continuation,BTCUSDT,walk-forward folds (2020-21),30.0,-1.1774161931418725,,-1.648089621172975,,,mean over folds,4.898979485566356,-5.177416193141872,,false,false,false
H-004,event_200 sell relative_imbalance_power low_residual_continuation,BTCUSDT,walk-forward folds (2020-21),5.0,-0.4085163702033288,,-2.8129303239646517,,,mean over folds,2.0,-4.408516370203329,,false,false,false
H-004,time_1m sell surface_log_activity high_residual_reversion,BTCUSDT,walk-forward folds (2020-21),10.0,0.12887174239860227,,1.63225578866478,,,mean over folds,2.8284271247461903,-3.8711282576013977,,false,false,false
H-004,event_200 buy surface_power high_residual_reversion,BTCUSDT,walk-forward folds (2020-21),5.0,0.009194487500603421,,0.0466788856618687,,,mean over folds,2.0,-3.9908055124993966,,false,false,false
H-004,time_2m buy surface_power low_residual_continuation,BTCUSDT,walk-forward folds (2020-21),10.0,-0.15404375318844873,,-0.6326660489991853,,,mean over folds,2.8284271247461903,-4.154043753188449,,false,false,false
H-004,time_2m buy surface_log_activity low_residual_continuation,BTCUSDT,walk-forward folds (2020-21),5.0,-0.14829448888058785,,-0.9567793206744826,,,mean over folds,2.0,-4.1482944888805875,,false,false,false
H-004,event_1000 sell normalised_flow_power low_residual_continuation,BTCUSDT,walk-forward folds (2020-21),5.0,-0.5199801650391944,,-3.3220648658712184,,,mean over folds,2.0,-4.519980165039194,,false,false,false
H-004,event_200 buy normalised_flow_power high_residual_reversion,BTCUSDT,walk-forward folds (2020-21),15.0,-0.14347903537041728,,-0.025582812139184195,,,mean over folds,3.4641016151377544,-4.143479035370417,,false,false,false
H-004,event_1000 buy relative_imbalance_power low_residual_continuation,BTCUSDT,walk-forward folds (2020-21),5.0,-0.1667778715173098,,-1.0193180839852558,,,mean over folds,2.0,-4.16677787151731,,false,false,false
H-004,time_5m sell relative_imbalance_power low_residual_continuation,BTCUSDT,walk-forward folds (2020-21),5.0,0.03101378260650258,,0.01570235586468609,,,mean over folds,2.0,-3.9689862173934976,,false,false,false
H-004,time_1m sell normalised_flow_log high_residual_reversion,BTCUSDT,walk-forward folds (2020-21),5.0,0.09416395409877605,,1.7195786322486708,,,mean over folds,2.0,-3.905836045901224,,false,false,false
H-004,time_5m buy surface_log_activity high_residual_reversion,BTCUSDT,walk-forward folds (2020-21),30.0,-0.04203132126383493,,0.18496948071895053,,,mean over folds,4.898979485566356,-4.042031321263835,,false,false,false
H-004,event_500 sell normalised_flow_power high_residual_reversion,BTCUSDT,walk-forward folds (2020-21),5.0,0.09487237154120617,,1.622784267172556,,,mean over folds,2.0,-3.9051276284587937,,false,false,false
H-004,event_1000 buy normalised_flow_power high_residual_reversion,BTCUSDT,walk-forward folds (2020-21),5.0,0.19688983298380916,,1.3981338266253005,,,mean over folds,2.0,-3.803110167016191,,false,false,false
H-004,event_200 buy surface_log_activity high_residual_reversion,BTCUSDT,walk-forward folds (2020-21),5.0,0.009782589343640197,,0.05238301451981583,,,mean over folds,2.0,-3.99021741065636,,false,false,false
H-004,time_5m buy normalised_flow_power low_residual_continuation,BTCUSDT,walk-forward folds (2020-21),5.0,-0.0735393671795295,,-0.18684903737298558,,,mean over folds,2.0,-4.07353936717953,,false,false,false
H-004,time_2m buy surface_power low_residual_continuation,BTCUSDT,walk-forward folds (2020-21),15.0,-0.14975485777266978,,-0.41333224844321614,,,mean over folds,3.4641016151377544,-4.1497548577726695,,false,false,false
H-004,event_200 buy surface_power low_residual_continuation,BTCUSDT,walk-forward folds (2020-21),5.0,-0.13015132382159808,,-0.9380904852693982,,,mean over folds,2.0,-4.130151323821598,,false,false,false
H-004,event_500 sell normalised_flow_power high_residual_reversion,BTCUSDT,walk-forward folds (2020-21),30.0,0.4536689923297493,,1.4866033093386646,,,mean over folds,4.898979485566356,-3.5463310076702506,,false,false,false
H-004,event_500 buy relative_imbalance_power low_residual_continuation,BTCUSDT,walk-forward folds (2020-21),10.0,-0.3215217237870845,,-1.2031257539437668,,,mean over folds,2.8284271247461903,-4.321521723787084,,false,false,false
H-004,time_1m sell relative_imbalance_power high_residual_reversion,BTCUSDT,walk-forward folds (2020-21),15.0,0.3498066030502561,,2.6054404277180225,,,mean over folds,3.4641016151377544,-3.650193396949744,,false,false,
H-004,event_500 sell relative_imbalance_power high_residual_reversion,BTCUSDT,walk-forward folds (2020-21),5.0,0.14802494814858655,,1.9268199498067289,,,mean over folds,2.0,-3.8519750518514133,,false,false,false
H-004,time_1m sell relative_imbalance_power low_residual_continuation,BTCUSDT,walk-forward folds (2020-21),5.0,0.0035537595097591607,,-0.005695044884973077,,,mean over folds,2.0,-3.9964462404902408,,false,false,false
H-004,event_200 buy relative_imbalance_power high_residual_reversion,BTCUSDT,walk-forward folds (2020-21),5.0,0.06363416407873485,,0.3016447659509996,,,mean over folds,2.0,-3.936365835921265,,false,false,false
H-004,time_1m buy normalised_flow_log low_residual_continuation,BTCUSDT,walk-forward folds (2020-21),10.0,-0.19042502717916038,,-0.7628416739404316,,,mean over folds,2.8284271247461903,-4.1904250271791605,,false,false,false
H-004,event_200 buy normalised_flow_log low_residual_continuation,BTCUSDT,walk-forward folds (2020-21),15.0,-0.12342506846789707,,-0.38454392781024077,,,mean over folds,3.4641016151377544,-4.123425068467897,,false,false,false
H-004,time_5m sell normalised_flow_power high_residual_reversion,BTCUSDT,walk-forward folds (2020-21),15.0,0.369732290360254,,2.2336933227305322,,,mean over folds,3.4641016151377544,-3.630267709639746,,false,false,
H-004,time_5m sell relative_imbalance_power high_residual_reversion,BTCUSDT,walk-forward folds (2020-21),30.0,0.4565843242655346,,2.789955409557785,,,mean over folds,4.898979485566356,-3.5434156757344653,,false,false,
H-004,time_2m sell relative_imbalance_power low_residual_continuation,BTCUSDT,walk-forward folds (2020-21),15.0,-0.1221481841097813,,-0.2654374491250321,,,mean over folds,3.4641016151377544,-4.122148184109781,,false,false,false
H-004,time_5m buy surface_log_activity high_residual_reversion,BTCUSDT,walk-forward folds (2020-21),15.0,0.12111188020879153,,0.6061688584709007,,,mean over folds,3.4641016151377544,-3.8788881197912084,,false,false,false
H-004,event_1000 sell normalised_flow_power high_residual_reversion,BTCUSDT,walk-forward folds (2020-21),5.0,0.209461894722196,,2.3408545148855184,,,mean over folds,2.0,-3.790538105277804,,false,false,
H-004,event_500 buy normalised_flow_power high_residual_reversion,BTCUSDT,walk-forward folds (2020-21),15.0,-0.045969387641688786,,0.35339177267653077,,,mean over folds,3.4641016151377544,-4.045969387641689,,false,false,false
H-004,time_1m sell surface_log_activity high_residual_reversion,BTCUSDT,walk-forward folds (2020-21),30.0,0.2239205744277108,,1.5175856151172504,,,mean over folds,4.898979485566356,-3.776079425572289,,false,false,false
H-004,event_500 buy normalised_flow_log low_residual_continuation,BTCUSDT,walk-forward folds (2020-21),15.0,-0.26182723245549794,,-0.7516209976322387,,,mean over folds,3.4641016151377544,-4.261827232455498,,false,false,false
H-004,event_1000 sell normalised_flow_power high_residual_reversion,BTCUSDT,walk-forward folds (2020-21),15.0,0.442394957982836,,1.8981418150121936,,,mean over folds,3.4641016151377544,-3.557605042017164,,false,false,false
H-004,event_200 buy normalised_flow_log low_residual_continuation,BTCUSDT,walk-forward folds (2020-21),5.0,-0.1381636665526336,,-0.9279441464584035,,,mean over folds,2.0,-4.138163666552634,,false,false,false
H-004,event_1000 sell surface_log_activity high_residual_reversion,BTCUSDT,walk-forward folds (2020-21),10.0,0.29194008800373683,,1.940110157712396,,,mean over folds,2.8284271247461903,-3.708059911996263,,false,false,false
H-004,event_500 sell surface_log_activity low_residual_continuation,BTCUSDT,walk-forward folds (2020-21),5.0,-0.4651146444442875,,-3.4632190995919236,,,mean over folds,2.0,-4.465114644444288,,false,false,false
H-004,event_500 sell normalised_flow_power low_residual_continuation,BTCUSDT,walk-forward folds (2020-21),30.0,-0.7084259373991895,,-1.628505325911508,,,mean over folds,4.898979485566356,-4.7084259373991895,,false,false,false
H-004,event_1000 buy normalised_flow_log high_residual_reversion,BTCUSDT,walk-forward folds (2020-21),5.0,0.15128103189538425,,1.3325691600135088,,,mean over folds,2.0,-3.848718968104616,,false,false,false
H-004,time_2m buy surface_power high_residual_reversion,BTCUSDT,walk-forward folds (2020-21),15.0,0.2848279211654148,,1.2148316705735198,,,mean over folds,3.4641016151377544,-3.715172078834585,,false,false,false
H-004,time_1m buy surface_log_activity high_residual_reversion,BTCUSDT,walk-forward folds (2020-21),5.0,0.0902033179946284,,0.9099984658742646,,,mean over folds,2.0,-3.909796682005372,,false,false,false
H-004,event_500 buy normalised_flow_log high_residual_reversion,BTCUSDT,walk-forward folds (2020-21),5.0,0.06302954540208879,,0.6109853843033426,,,mean over folds,2.0,-3.9369704545979114,,false,false,false
H-004,event_500 buy normalised_flow_power high_residual_reversion,BTCUSDT,walk-forward folds (2020-21),10.0,0.047371612515474004,,0.4799702954570109,,,mean over folds,2.8284271247461903,-3.952628387484526,,false,false,false
H-004,time_2m sell surface_power high_residual_reversion,BTCUSDT,walk-forward folds (2020-21),30.0,0.22372471219428336,,1.526358342897474,,,mean over folds,4.898979485566356,-3.7762752878057166,,false,false,false
H-004,event_200 sell surface_power low_residual_continuation,BTCUSDT,walk-forward folds (2020-21),5.0,-0.3829557311911932,,-2.9086093360797447,,,mean over folds,2.0,-4.382955731191193,,false,false,false
H-004,event_1000 sell normalised_flow_log high_residual_reversion,BTCUSDT,walk-forward folds (2020-21),15.0,0.49985820552795623,,1.9910488488006095,,,mean over folds,3.4641016151377544,-3.500141794472044,,false,false,false
H-004,event_500 buy relative_imbalance_power high_residual_reversion,BTCUSDT,walk-forward folds (2020-21),10.0,0.1264750291630836,,0.731552841504622,,,mean over folds,2.8284271247461903,-3.8735249708369164,,false,false,false
H-004,event_200 sell normalised_flow_power low_residual_continuation,BTCUSDT,walk-forward folds (2020-21),30.0,-0.7188715397122436,,-1.5149979879024011,,,mean over folds,4.898979485566356,-4.718871539712244,,false,false,false
H-004,time_2m sell relative_imbalance_power high_residual_reversion,BTCUSDT,walk-forward folds (2020-21),5.0,0.35054638283600126,,3.3347175493790417,,,mean over folds,2.0,-3.649453617163999,,false,false,
H-004,time_2m sell surface_power low_residual_continuation,BTCUSDT,walk-forward folds (2020-21),30.0,-0.29995523034127103,,-0.5721747525233868,,,mean over folds,4.898979485566356,-4.299955230341271,,false,false,false
H-004,event_1000 sell normalised_flow_log low_residual_continuation,BTCUSDT,walk-forward folds (2020-21),10.0,-0.7332994539464249,,-2.92842300005995,,,mean over folds,2.8284271247461903,-4.733299453946425,,false,false,false
H-004,event_1000 sell normalised_flow_log low_residual_continuation,BTCUSDT,walk-forward folds (2020-21),5.0,-0.546064772103412,,-3.40858318824771,,,mean over folds,2.0,-4.546064772103412,,false,false,false
H-004,time_2m buy relative_imbalance_power high_residual_reversion,BTCUSDT,walk-forward folds (2020-21),15.0,0.3396711913873326,,2.0551323927576015,,,mean over folds,3.4641016151377544,-3.6603288086126673,,false,false,
H-004,time_1m buy relative_imbalance_power high_residual_reversion,BTCUSDT,walk-forward folds (2020-21),5.0,0.18005425832967964,,2.0593640018610393,,,mean over folds,2.0,-3.8199457416703204,,false,false,
H-004,event_200 buy surface_power low_residual_continuation,BTCUSDT,walk-forward folds (2020-21),30.0,0.10395844982237304,,0.12594585132553243,,,mean over folds,4.898979485566356,-3.896041550177627,,false,false,false
H-004,event_200 buy surface_log_activity high_residual_reversion,BTCUSDT,walk-forward folds (2020-21),30.0,-0.30967216443875134,,-0.3473621656133651,,,mean over folds,4.898979485566356,-4.3096721644387515,,false,false,false
H-004,time_5m buy surface_power high_residual_reversion,BTCUSDT,walk-forward folds (2020-21),5.0,0.13101418753102054,,0.6575221580499323,,,mean over folds,2.0,-3.8689858124689795,,false,false,false
H-004,event_500 sell surface_log_activity low_residual_continuation,BTCUSDT,walk-forward folds (2020-21),15.0,-0.6603832210582029,,-2.216048669207475,,,mean over folds,3.4641016151377544,-4.660383221058203,,false,false,false
H-004,event_200 buy surface_power high_residual_reversion,BTCUSDT,walk-forward folds (2020-21),10.0,-0.005070351744152978,,0.12022647266092537,,,mean over folds,2.8284271247461903,-4.005070351744153,,false,false,false
H-004,event_500 buy relative_imbalance_power low_residual_continuation,BTCUSDT,walk-forward folds (2020-21),30.0,0.1273435173077672,,0.17062809015460437,,,mean over folds,4.898979485566356,-3.872656482692233,,false,false,false
H-004,time_2m buy surface_power high_residual_reversion,BTCUSDT,walk-forward folds (2020-21),5.0,0.1897463273575361,,1.4590239917221204,,,mean over folds,2.0,-3.810253672642464,,false,false,false
H-004,event_500 buy surface_power low_residual_continuation,BTCUSDT,walk-forward folds (2020-21),5.0,-0.25481210653735203,,-1.6670171003910224,,,mean over folds,2.0,-4.254812106537352,,false,false,false
H-004,time_2m sell relative_imbalance_power high_residual_reversion,BTCUSDT,walk-forward folds (2020-21),10.0,0.45326667317998537,,3.1625011190731094,,,mean over folds,2.8284271247461903,-3.5467333268200147,,false,false,
H-004,event_1000 buy normalised_flow_log low_residual_continuation,BTCUSDT,walk-forward folds (2020-21),30.0,-0.06697920042188918,,-0.23424864268213827,,,mean over folds,4.898979485566356,-4.066979200421889,,false,false,false
H-004,time_1m sell surface_power high_residual_reversion,BTCUSDT,walk-forward folds (2020-21),15.0,0.1495512041499984,,1.5836089436933087,,,mean over folds,3.4641016151377544,-3.8504487958500015,,false,false,false
H-004,event_500 sell normalised_flow_log low_residual_continuation,BTCUSDT,walk-forward folds (2020-21),30.0,-0.7327624996229078,,-1.6556855995650135,,,mean over folds,4.898979485566356,-4.732762499622908,,false,false,false
H-004,event_1000 sell normalised_flow_power low_residual_continuation,BTCUSDT,walk-forward folds (2020-21),15.0,-0.7354076783420894,,-2.2161621014546555,,,mean over folds,3.4641016151377544,-4.7354076783420895,,false,false,false
H-004,time_2m sell relative_imbalance_power low_residual_continuation,BTCUSDT,walk-forward folds (2020-21),30.0,-0.14040851741477586,,-0.09513831870153507,,,mean over folds,4.898979485566356,-4.140408517414776,,false,false,false
H-004,time_5m buy surface_power low_residual_continuation,BTCUSDT,walk-forward folds (2020-21),5.0,-0.06541051848454807,,-0.22979730375445068,,,mean over folds,2.0,-4.065410518484548,,false,false,false
H-004,time_1m sell normalised_flow_power high_residual_reversion,BTCUSDT,walk-forward folds (2020-21),10.0,0.15951128201838458,,1.830667796370087,,,mean over folds,2.8284271247461903,-3.8404887179816156,,false,false,false
H-004,time_5m sell surface_log_activity high_residual_reversion,BTCUSDT,walk-forward folds (2020-21),15.0,0.396612561577008,,2.213970020497211,,,mean over folds,3.4641016151377544,-3.603387438422992,,false,false,
H-004,time_2m sell surface_log_activity low_residual_continuation,BTCUSDT,walk-forward folds (2020-21),15.0,-0.24592463402174164,,-0.8110300261392098,,,mean over folds,3.4641016151377544,-4.245924634021741,,false,false,false
H-004,event_1000 sell relative_imbalance_power high_residual_reversion,BTCUSDT,walk-forward folds (2020-21),15.0,0.29313258194776476,,1.8753699139952382,,,mean over folds,3.4641016151377544,-3.7068674180522354,,false,false,false
H-004,time_2m buy normalised_flow_power low_residual_continuation,BTCUSDT,walk-forward folds (2020-21),10.0,-0.18921031448344244,,-0.7596594068432504,,,mean over folds,2.8284271247461903,-4.189210314483442,,false,false,false
H-004,event_500 sell normalised_flow_power high_residual_reversion,BTCUSDT,walk-forward folds (2020-21),15.0,0.3130847230756019,,1.3973334317095014,,,mean over folds,3.4641016151377544,-3.686915276924398,,false,false,false
H-004,time_5m sell relative_imbalance_power low_residual_continuation,BTCUSDT,walk-forward folds (2020-21),30.0,-0.0990128028739258,,-0.08726930367957828,,,mean over folds,4.898979485566356,-4.099012802873926,,false,false,false
H-004,event_500 sell surface_power low_residual_continuation,BTCUSDT,walk-forward folds (2020-21),10.0,-0.6037155227320578,,-2.8405032230899754,,,mean over folds,2.8284271247461903,-4.603715522732058,,false,false,false
H-004,time_5m sell relative_imbalance_power high_residual_reversion,BTCUSDT,walk-forward folds (2020-21),15.0,0.5093713249528398,,3.096988178253747,,,mean over folds,3.4641016151377544,-3.4906286750471605,,false,false,
H-004,time_5m buy normalised_flow_power low_residual_continuation,BTCUSDT,walk-forward folds (2020-21),15.0,-0.002279164249418214,,0.23305819116086654,,,mean over folds,3.4641016151377544,-4.002279164249418,,false,false,false
H-004,event_200 buy normalised_flow_log high_residual_reversion,BTCUSDT,walk-forward folds (2020-21),5.0,0.001961743991754383,,0.057489829942334716,,,mean over folds,2.0,-3.9980382560082455,,false,false,false
H-004,time_5m sell normalised_flow_log high_residual_reversion,BTCUSDT,walk-forward folds (2020-21),15.0,0.3745459699325195,,2.2593345267808345,,,mean over folds,3.4641016151377544,-3.6254540300674805,,false,false,
H-004,time_1m sell relative_imbalance_power high_residual_reversion,BTCUSDT,walk-forward folds (2020-21),10.0,0.3286008084538648,,2.9432706404181026,,,mean over folds,2.8284271247461903,-3.671399191546135,,false,false,
H-004,time_1m sell normalised_flow_power low_residual_continuation,BTCUSDT,walk-forward folds (2020-21),5.0,-0.11579161757486782,,-1.046621838183144,,,mean over folds,2.0,-4.1157916175748674,,false,false,false
H-004,time_2m buy relative_imbalance_power high_residual_reversion,BTCUSDT,walk-forward folds (2020-21),30.0,0.18008648459943002,,1.2564198995275748,,,mean over folds,4.898979485566356,-3.81991351540057,,false,false,false
H-004,event_200 buy relative_imbalance_power low_residual_continuation,BTCUSDT,walk-forward folds (2020-21),15.0,0.04643496884807398,,-0.12057099765000498,,,mean over folds,3.4641016151377544,-3.953565031151926,,false,false,false
H-004,time_1m sell surface_log_activity low_residual_continuation,BTCUSDT,walk-forward folds (2020-21),15.0,-0.2586283388412397,,-0.8851792986591958,,,mean over folds,3.4641016151377544,-4.258628338841239,,false,false,false
H-004,event_200 buy surface_log_activity high_residual_reversion,BTCUSDT,walk-forward folds (2020-21),10.0,-0.00186401628910089,,0.13363197040788075,,,mean over folds,2.8284271247461903,-4.001864016289101,,false,false,false
H-004,time_1m buy surface_log_activity low_residual_continuation,BTCUSDT,walk-forward folds (2020-21),5.0,-0.12630273746110648,,-1.0033764108677656,,,mean over folds,2.0,-4.126302737461106,,false,false,false
H-004,event_500 buy surface_power high_residual_reversion,BTCUSDT,walk-forward folds (2020-21),30.0,-0.22431567180121587,,-0.05462987085050155,,,mean over folds,4.898979485566356,-4.224315671801216,,false,false,false
H-004,time_2m sell surface_log_activity low_residual_continuation,BTCUSDT,walk-forward folds (2020-21),10.0,-0.15039332598883298,,-0.659018462823831,,,mean over folds,2.8284271247461903,-4.150393325988833,,false,false,false
H-004,event_1000 sell normalised_flow_power high_residual_reversion,BTCUSDT,walk-forward folds (2020-21),10.0,0.2968427959840897,,1.942208730320382,,,mean over folds,2.8284271247461903,-3.7031572040159104,,false,false,false
H-004,time_5m buy relative_imbalance_power high_residual_reversion,BTCUSDT,walk-forward folds (2020-21),5.0,0.2394158832590326,,1.9624658943435247,,,mean over folds,2.0,-3.7605841167409673,,false,false,false
H-004,time_1m sell normalised_flow_log low_residual_continuation,BTCUSDT,walk-forward folds (2020-21),15.0,-0.2564844343967264,,-0.842020026219432,,,mean over folds,3.4641016151377544,-4.256484434396726,,false,false,false
H-004,time_2m sell normalised_flow_log low_residual_continuation,BTCUSDT,walk-forward folds (2020-21),30.0,-0.3376619504613265,,-0.6015537102339563,,,mean over folds,4.898979485566356,-4.337661950461326,,false,false,false
H-004,time_2m buy normalised_flow_log high_residual_reversion,BTCUSDT,walk-forward folds (2020-21),15.0,0.2629629649392027,,1.2127251269025021,,,mean over folds,3.4641016151377544,-3.7370370350607973,,false,false,false
H-004,time_1m buy relative_imbalance_power high_residual_reversion,BTCUSDT,walk-forward folds (2020-21),15.0,0.2175647263350121,,1.4646796549919325,,,mean over folds,3.4641016151377544,-3.782435273664988,,false,false,false
H-004,time_1m buy relative_imbalance_power high_residual_reversion,BTCUSDT,walk-forward folds (2020-21),10.0,0.2268903069280775,,1.8065659502138334,,,mean over folds,2.8284271247461903,-3.7731096930719223,,false,false,false
H-004,time_5m sell surface_power low_residual_continuation,BTCUSDT,walk-forward folds (2020-21),10.0,0.023033558654989662,,-0.25669785468222434,,,mean over folds,2.8284271247461903,-3.9769664413450103,,false,false,false
H-004,time_2m buy relative_imbalance_power low_residual_continuation,BTCUSDT,walk-forward folds (2020-21),15.0,-0.12235920059515086,,-0.2497013789080103,,,mean over folds,3.4641016151377544,-4.122359200595151,,false,false,false
H-004,time_1m buy relative_imbalance_power low_residual_continuation,BTCUSDT,walk-forward folds (2020-21),5.0,-0.04691301250338463,,-0.05517179698733734,,,mean over folds,2.0,-4.046913012503385,,false,false,false
H-004,event_500 sell relative_imbalance_power low_residual_continuation,BTCUSDT,walk-forward folds (2020-21),30.0,-1.046432533202509,,-1.6098068206302834,,,mean over folds,4.898979485566356,-5.046432533202509,,false,false,false
H-004,time_5m sell normalised_flow_log low_residual_continuation,BTCUSDT,walk-forward folds (2020-21),30.0,-0.30378872022539716,,-0.7286379077103937,,,mean over folds,4.898979485566356,-4.3037887202253975,,false,false,false
H-004,event_500 sell surface_power high_residual_reversion,BTCUSDT,walk-forward folds (2020-21),15.0,0.21455463981278072,,1.2116537100226712,,,mean over folds,3.4641016151377544,-3.7854453601872193,,false,false,false
H-004,event_500 sell normalised_flow_power low_residual_continuation,BTCUSDT,walk-forward folds (2020-21),5.0,-0.4266122414835662,,-3.244050516416924,,,mean over folds,2.0,-4.426612241483566,,false,false,false
H-004,event_500 buy surface_power high_residual_reversion,BTCUSDT,walk-forward folds (2020-21),15.0,-0.011613099671981222,,0.3745721501091208,,,mean over folds,3.4641016151377544,-4.011613099671981,,false,false,false
H-004,time_2m sell surface_log_activity high_residual_reversion,BTCUSDT,walk-forward folds (2020-21),5.0,0.1740952804266672,,1.9653056878559538,,,mean over folds,2.0,-3.825904719573333,,false,false,false
H-004,time_2m sell normalised_flow_log high_residual_reversion,BTCUSDT,walk-forward folds (2020-21),30.0,0.2095252506381271,,1.6371938791180238,,,mean over folds,4.898979485566356,-3.7904747493618727,,false,false,false
H-004,event_200 buy surface_power high_residual_reversion,BTCUSDT,walk-forward folds (2020-21),30.0,-0.30634885595269146,,-0.3522287319495402,,,mean over folds,4.898979485566356,-4.306348855952692,,false,false,false
H-004,time_5m buy surface_power high_residual_reversion,BTCUSDT,walk-forward folds (2020-21),30.0,0.0891662951381397,,0.4008052726398562,,,mean over folds,4.898979485566356,-3.91083370486186,,false,false,false
E-002,"sweep levels x notional {'level_class': 1, 'notional_class': 1}",BTCUSDT,2022 (exploration),0.25,0.6458687969822661,0.632481246609919,60.21151831268388,29639.96712328767,,event-level continuation; 1 event = 1 trade,1.5,-3.354131203017734,-3.367518753390081,false,false,false
E-002,"sweep levels x notional {'level_class': 4, 'notional_class': 1}",BTCUSDT,2022 (exploration),0.25,0.6830241159366103,0.614431611591555,19.48411723993092,471.2739726027397,,event-level continuation; 1 event = 1 trade,1.5,-3.31697588406339,-3.385568388408445,false,false,false
E-002,"sweep levels x notional {'level_class': 0, 'notional_class': 0}",BTCUSDT,2022 (exploration),0.016666666666666666,0.15594990127706976,0.14645604417602298,49.0590356590163,823297.3041095891,,event-level continuation; 1 event = 1 trade,1.5,-3.8440500987229305,-3.853543955823977,false,false,false
E-002,"sweep levels x notional {'level_class': 0, 'notional_class': 2}",BTCUSDT,2022 (exploration),0.016666666666666666,0.45654602626731666,0.4268313316852477,45.35691560116025,98524.75890410959,,event-level continuation; 1 event = 1 trade,1.5,-3.5434539737326833,-3.5731686683147523,false,false,false
E-002,"sweep levels x notional {'level_class': 0, 'notional_class': 4}",BTCUSDT,2022 (exploration),0.08333333333333333,2.7122397867986807,2.47594401050934,23.85985161167683,52.8986301369863,,event-level continuation; 1 event = 1 trade,1.5,-1.2877602132013193,-1.5240559894906598,true,false,false
E-002,"sweep levels x notional {'level_class': 1, 'notional_class': 3}",BTCUSDT,2022 (exploration),0.016666666666666666,1.0170842622775014,0.9771864352366856,70.77924986360783,1112.9561643835616,,event-level continuation; 1 event = 1 trade,1.5,-2.9829157377224984,-3.0228135647633145,false,false,false
E-002,"sweep levels x notional {'level_class': 2, 'notional_class': 3}",BTCUSDT,2022 (exploration),0.016666666666666666,0.914844857842985,0.881428667606997,74.6424695805539,1701.2767123287672,,event-level continuation; 1 event = 1 trade,1.5,-3.085155142157015,-3.118571332393003,false,false,false
E-002,"sweep levels x notional {'level_class': 3, 'notional_class': 1}",BTCUSDT,2022 (exploration),1.0,0.6949750929282982,0.6748696047171749,53.430763899384985,8316.94794520548,,event-level continuation; 1 event = 1 trade,1.5,-3.3050249070717017,-3.325130395282825,false,false,false
E-002,"sweep levels x notional {'level_class': 4, 'notional_class': 3}",BTCUSDT,2022 (exploration),0.25,0.690435521450776,0.6106322453579939,25.162105879761913,9087.342465753425,,event-level continuation; 1 event = 1 trade,1.5,-3.309564478549224,-3.3893677546420062,false,false,false
E-002,"sweep levels x notional {'level_class': 1, 'notional_class': 1}",BTCUSDT,2022 (exploration),0.08333333333333333,0.6701467235727562,0.6671632254470093,79.3706156216473,29639.96712328767,,event-level continuation; 1 event = 1 trade,1.5,-3.3298532764272437,-3.3328367745529905,false,false,false
E-002,"sweep levels x notional {'level_class': 2, 'notional_class': 0}",BTCUSDT,2022 (exploration),0.08333333333333333,0.8176383799020382,0.8211398618806356,81.23595852352199,5909.331506849315,,event-level continuation; 1 event = 1 trade,1.5,-3.1823616200979616,-3.178860138119364,false,false,false
E-002,"sweep levels x notional {'level_class': 0, 'notional_class': 3}",BTCUSDT,2022 (exploration),1.0,0.8928921666788407,0.7796166413896815,17.075733498631013,6491.4767123287675,,event-level continuation; 1 event = 1 trade,1.5,-3.1071078333211593,-3.2203833586103183,false,false,false
E-002,"sweep levels x notional {'level_class': 3, 'notional_class': 0}",BTCUSDT,2022 (exploration),0.25,0.8622263117255934,0.8519763483562269,34.010853487778824,985.013698630137,,event-level continuation; 1 event = 1 trade,1.5,-3.1377736882744065,-3.148023651643773,false,false,false
E-002,"sweep levels x notional {'level_class': 0, 'notional_class': 1}",BTCUSDT,2022 (exploration),0.25,0.22147283208792526,0.19627560670782082,30.55613078574755,340274.00821917807,,event-level continuation; 1 event = 1 trade,1.5,-3.778527167912075,-3.803724393292179,false,false,false
E-002,"sweep levels x notional {'level_class': 0, 'notional_class': 1}",BTCUSDT,2022 (exploration),0.016666666666666666,0.21908019750464028,0.20228222443223456,39.30630169970323,340274.00821917807,,event-level continuation; 1 event = 1 trade,1.5,-3.78091980249536,-3.7977177755677656,false,false,false
E-002,"sweep levels x notional {'level_class': 0, 'notional_class': 1}",BTCUSDT,2022 (exploration),0.08333333333333333,0.22975148838521972,0.2121776173071089,37.64274192445504,340274.00821917807,,event-level continuation; 1 event = 1 trade,1.5,-3.7702485116147804,-3.787822382692891,false,false,false
E-002,"sweep levels x notional {'level_class': 3, 'notional_class': 2}",BTCUSDT,2022 (exploration),0.016666666666666666,0.7601241531337211,0.7343073705280863,87.80770038415328,21923.986301369863,,event-level continuation; 1 event = 1 trade,1.5,-3.239875846866279,-3.2656926294719137,false,false,false
E-002,"sweep levels x notional {'level_class': 0, 'notional_class': 4}",BTCUSDT,2022 (exploration),0.016666666666666666,2.492409214137195,2.406397765066434,37.52009700351176,52.8986301369863,,event-level continuation; 1 event = 1 trade,1.5,-1.507590785862805,-1.5936022349335661,true,false,false
E-002,"sweep levels x notional {'level_class': 2, 'notional_class': 4}",BTCUSDT,2022 (exploration),1.0,1.9417554913600625,1.4738824998647628,7.452294652332269,15.209944751381215,,event-level continuation; 1 event = 1 trade,1.5,-2.0582445086399375,-2.5261175001352374,true,false,false
E-002,"sweep levels x notional {'level_class': 0, 'notional_class': 2}",BTCUSDT,2022 (exploration),1.0,0.4392332945124933,0.3976129835388227,32.926710660213026,98524.75890410959,,event-level continuation; 1 event = 1 trade,1.5,-3.5607667054875067,-3.6023870164611775,false,false,false
E-002,"sweep levels x notional {'level_class': 0, 'notional_class': 0}",BTCUSDT,2022 (exploration),0.25,0.16845387111234258,0.15761473250488514,43.0404394732454,823297.3041095891,,event-level continuation; 1 event = 1 trade,1.5,-3.8315461288876573,-3.8423852674951147,false,false,false
E-002,"sweep levels x notional {'level_class': 3, 'notional_class': 3}",BTCUSDT,2022 (exploration),0.25,0.810999655502494,0.7441667560604199,32.34316705822169,3582.3479452054794,,event-level continuation; 1 event = 1 trade,1.5,-3.189000344497506,-3.25583324393958,false,false,false
E-002,"sweep levels x notional {'level_class': 1, 'notional_class': 1}",BTCUSDT,2022 (exploration),1.0,0.5895695814858468,0.5572106702211216,40.686356914034185,29639.96712328767,,event-level continuation; 1 event = 1 trade,1.5,-3.410430418514153,-3.4427893297788783,false,false,false
E-002,"sweep levels x notional {'level_class': 3, 'notional_class': 1}",BTCUSDT,2022 (exploration),0.08333333333333333,0.7377731583178225,0.7398279700755565,89.83117313470586,8316.94794520548,,event-level continuation; 1 event = 1 trade,1.5,-3.2622268416821774,-3.2601720299244437,false,false,false
E-002,"sweep levels x notional {'level_class': 1, 'notional_class': 2}",BTCUSDT,2022 (exploration),0.25,0.9153264105778507,0.8787746598203877,72.62187673982876,16519.227397260274,,event-level continuation; 1 event = 1 trade,1.5,-3.0846735894221493,-3.1212253401796124,false,false,false
E-002,"sweep levels x notional {'level_class': 2, 'notional_class': 2}",BTCUSDT,2022 (exploration),0.08333333333333333,0.8781399712722693,0.8604342221750638,88.1317280039537,20935.4,,event-level continuation; 1 event = 1 trade,1.5,-3.1218600287277307,-3.139565777824936,false,false,false
E-002,"sweep levels x notional {'level_class': 2, 'notional_class': 0}",BTCUSDT,2022 (exploration),1.0,0.8578792750064267,0.8277425040038727,45.88022940873035,5909.331506849315,,event-level continuation; 1 event = 1 trade,1.5,-3.1421207249935734,-3.1722574959961274,false,false,false
E-002,"sweep levels x notional {'level_class': 1, 'notional_class': 2}",BTCUSDT,2022 (exploration),0.08333333333333333,0.9360232867071075,0.9165077518965119,91.89974528528523,16519.227397260274,,event-level continuation; 1 event = 1 trade,1.5,-3.0639767132928926,-3.083492248103488,false,false,false
E-002,"sweep levels x notional {'level_class': 2, 'notional_class': 1}",BTCUSDT,2022 (exploration),0.016666666666666666,0.6523086952473927,0.6488007506029874,108.08060226205593,21245.394520547947,,event-level continuation; 1 event = 1 trade,1.5,-3.3476913047526073,-3.3511992493970126,false,false,false
E-002,"sweep levels x notional {'level_class': 4, 'notional_class': 1}",BTCUSDT,2022 (exploration),0.08333333333333333,0.7725347664386017,0.722256689977056,27.487460886501466,471.2739726027397,,event-level continuation; 1 event = 1 trade,1.5,-3.2274652335613983,-3.277743310022944,false,false,false
E-002,"sweep levels x notional {'level_class': 0, 'notional_class': 0}",BTCUSDT,2022 (exploration),1.0,0.15708379214626608,0.13608367721518552,22.96277838086164,823297.3041095891,,event-level continuation; 1 event = 1 trade,1.5,-3.842916207853734,-3.8639163227848146,false,false,false
E-002,"sweep levels x notional {'level_class': 0, 'notional_class': 1}",BTCUSDT,2022 (exploration),1.0,0.18132923553344094,0.1460669480162323,16.507488308349775,340274.00821917807,,event-level continuation; 1 event = 1 trade,1.5,-3.818670764466559,-3.8539330519837676,false,false,false
E-002,"sweep levels x notional {'level_class': 3, 'notional_class': 3}",BTCUSDT,2022 (exploration),1.0,0.6935628713968878,0.5889768874152636,16.33840062172318,3582.3479452054794,,event-level continuation; 1 event = 1 trade,1.5,-3.306437128603112,-3.4110231125847363,false,false,false
E-002,"sweep levels x notional {'level_class': 1, 'notional_class': 3}",BTCUSDT,2022 (exploration),0.08333333333333333,1.1243516288171265,1.0807150821892422,61.94371516118889,1112.9561643835616,,event-level continuation; 1 event = 1 trade,1.5,-2.8756483711828738,-2.919284917810758,false,false,false
E-002,"sweep levels x notional {'level_class': 3, 'notional_class': 0}",BTCUSDT,2022 (exploration),0.08333333333333333,0.8597251548805263,0.8734174084560488,48.41786042329314,985.013698630137,,event-level continuation; 1 event = 1 trade,1.5,-3.1402748451194737,-3.126582591543951,false,false,false
E-002,"sweep levels x notional {'level_class': 4, 'notional_class': 2}",BTCUSDT,2022 (exploration),0.016666666666666666,0.6514297593434585,0.6478919461506694,71.34363450433106,7087.093150684931,,event-level continuation; 1 event = 1 trade,1.5,-3.3485702406565414,-3.3521080538493306,false,false,false
E-002,"sweep levels x notional {'level_class': 2, 'notional_class': 1}",BTCUSDT,2022 (exploration),0.25,0.7188054194601411,0.7105237620608763,70.59087676630654,21245.394520547947,,event-level continuation; 1 event = 1 trade,1.5,-3.281194580539859,-3.2894762379391236,false,false,false
E-002,"sweep levels x notional {'level_class': 2, 'notional_class': 4}",BTCUSDT,2022 (exploration),0.08333333333333333,2.023290204846326,1.835432189827213,17.353675214611656,15.209944751381215,,event-level continuation; 1 event = 1 trade,1.5,-1.976709795153674,-2.164567810172787,true,false,false
E-002,"sweep levels x notional {'level_class': 2, 'notional_class': 2}",BTCUSDT,2022 (exploration),1.0,0.8001800224352585,0.7555290343208788,54.68426315726753,20935.4,,event-level continuation; 1 event = 1 trade,1.5,-3.1998199775647413,-3.2444709656791213,false,false,false
E-002,"sweep levels x notional {'level_class': 2, 'notional_class': 2}",BTCUSDT,2022 (exploration),0.25,0.8654489073027373,0.8346636046554183,71.1654227118762,20935.4,,event-level continuation; 1 event = 1 trade,1.5,-3.134551092697263,-3.165336395344582,false,false,false
E-002,"sweep levels x notional {'level_class': 0, 'notional_class': 3}",BTCUSDT,2022 (exploration),0.08333333333333333,1.0143797017245972,0.9779738207351021,37.121720063802535,6491.4767123287675,,event-level continuation; 1 event = 1 trade,1.5,-2.9856202982754025,-3.022026179264898,false,false,false
E-002,"sweep levels x notional {'level_class': 2, 'notional_class': 0}",BTCUSDT,2022 (exploration),0.016666666666666666,0.6991131435288231,0.7023806507417099,98.47245847351894,5909.331506849315,,event-level continuation; 1 event = 1 trade,1.5,-3.300886856471177,-3.29761934925829,false,false,false
E-002,"sweep levels x notional {'level_class': 1, 'notional_class': 2}",BTCUSDT,2022 (exploration),1.0,0.8364033364920203,0.7963564170546507,52.701490453358865,16519.227397260274,,event-level continuation; 1 event = 1 trade,1.5,-3.1635966635079797,-3.2036435829453493,false,false,false
E-002,"sweep levels x notional {'level_class': 3, 'notional_class': 3}",BTCUSDT,2022 (exploration),0.016666666666666666,0.8340786583190002,0.7997181445192841,69.71194852460562,3582.3479452054794,,event-level continuation; 1 event = 1 trade,1.5,-3.165921341681,-3.200281855480716,false,false,false
E-002,"sweep levels x notional {'level_class': 0, 'notional_class': 3}",BTCUSDT,2022 (exploration),0.25,0.9530581198811023,0.8774863232030213,28.708130600389165,6491.4767123287675,,event-level continuation; 1 event = 1 trade,1.5,-3.0469418801188977,-3.1225136767969786,false,false,false
E-002,"sweep levels x notional {'level_class': 1, 'notional_class': 4}",BTCUSDT,2022 (exploration),0.016666666666666666,1.999103120193391,1.8894938463541262,24.757853854155293,11.86426592797784,,event-level continuation; 1 event = 1 trade,1.5,-2.000896879806609,-2.110506153645874,true,false,false
E-002,"sweep levels x notional {'level_class': 3, 'notional_class': 4}",BTCUSDT,2022 (exploration),0.016666666666666666,1.7963565353939104,1.733645754457274,33.430230821160166,27.123626373626372,,event-level continuation; 1 event = 1 trade,1.5,-2.2036434646060896,-2.266354245542726,true,false,false
E-002,"sweep levels x notional {'level_class': 4, 'notional_class': 3}",BTCUSDT,2022 (exploration),0.08333333333333333,0.7918719064722738,0.7532880953411812,43.87881008499174,9087.342465753425,,event-level continuation; 1 event = 1 trade,1.5,-3.2081280935277263,-3.246711904658819,false,false,false
E-002,"sweep levels x notional {'level_class': 1, 'notional_class': 4}",BTCUSDT,2022 (exploration),0.25,2.2316218396400442,1.7968396980577919,10.608410267656291,11.86426592797784,,event-level continuation; 1 event = 1 trade,1.5,-1.7683781603599558,-2.203160301942208,true,false,false
E-002,"sweep levels x notional {'level_class': 4, 'notional_class': 4}",BTCUSDT,2022 (exploration),1.0,2.651464020596963,2.3601017960632378,21.417105390190258,561.345205479452,,event-level continuation; 1 event = 1 trade,1.5,-1.348535979403037,-1.6398982039367622,true,false,false
E-002,"sweep levels x notional {'level_class': 1, 'notional_class': 4}",BTCUSDT,2022 (exploration),0.08333333333333333,2.159389417762288,1.9301097377304495,14.662382291605871,11.86426592797784,,event-level continuation; 1 event = 1 trade,1.5,-1.8406105822377121,-2.0698902622695505,true,false,false
E-002,"sweep levels x notional {'level_class': 0, 'notional_class': 4}",BTCUSDT,2022 (exploration),1.0,2.492177860638449,1.817886248430477,8.821649638740938,52.8986301369863,,event-level continuation; 1 event = 1 trade,1.5,-1.5078221393615512,-2.1821137515695233,true,false,false
E-002,"sweep levels x notional {'level_class': 3, 'notional_class': 4}",BTCUSDT,2022 (exploration),0.08333333333333333,1.9146659898583702,1.741249447138171,21.456745441379088,27.123626373626372,,event-level continuation; 1 event = 1 trade,1.5,-2.08533401014163,-2.2587505528618292,true,false,false
E-002,"sweep levels x notional {'level_class': 2, 'notional_class': 3}",BTCUSDT,2022 (exploration),0.08333333333333333,0.9921106939206022,0.9537620889248023,63.21200866479257,1701.2767123287672,,event-level continuation; 1 event = 1 trade,1.5,-3.007889306079398,-3.0462379110751976,false,false,false
E-002,"sweep levels x notional {'level_class': 4, 'notional_class': 0}",BTCUSDT,2022 (exploration),0.08333333333333333,0.8448094617024042,0.7067283623921014,2.3648057784449015,28.61512027491409,,event-level continuation; 1 event = 1 trade,1.5,-3.155190538297596,-3.2932716376078988,false,false,false
E-002,"sweep levels x notional {'level_class': 4, 'notional_class': 2}",BTCUSDT,2022 (exploration),0.25,0.6639143499055842,0.6372209657907572,53.29923530831505,7087.093150684931,,event-level continuation; 1 event = 1 trade,1.5,-3.336085650094416,-3.3627790342092427,false,false,false
E-002,"sweep levels x notional {'level_class': 1, 'notional_class': 0}",BTCUSDT,2022 (exploration),0.25,0.729115540600531,0.7204414969534323,65.19533629663263,15625.380821917808,,event-level continuation; 1 event = 1 trade,1.5,-3.2708844593994693,-3.2795585030465677,false,false,false
E-002,"sweep levels x notional {'level_class': 2, 'notional_class': 3}",BTCUSDT,2022 (exploration),0.25,0.9404695363970225,0.8827868064437492,43.75725640567681,1701.2767123287672,,event-level continuation; 1 event = 1 trade,1.5,-3.0595304636029774,-3.1172131935562506,false,false,false
E-002,"sweep levels x notional {'level_class': 1, 'notional_class': 1}",BTCUSDT,2022 (exploration),0.016666666666666666,0.6229912396772394,0.6176762603004007,112.15959998330098,29639.96712328767,,event-level continuation; 1 event = 1 trade,1.5,-3.3770087603227608,-3.3823237396995993,false,false,false
E-002,"sweep levels x notional {'level_class': 2, 'notional_class': 4}",BTCUSDT,2022 (exploration),0.25,1.844761036180738,1.518060391960776,10.329994227382398,15.209944751381215,,event-level continuation; 1 event = 1 trade,1.5,-2.155238963819262,-2.481939608039224,true,false,false
E-002,"sweep levels x notional {'level_class': 0, 'notional_class': 2}",BTCUSDT,2022 (exploration),0.08333333333333333,0.49327378265541566,0.4664235973680318,49.55638490056242,98524.75890410959,,event-level continuation; 1 event = 1 trade,1.5,-3.5067262173445846,-3.5335764026319683,false,false,false
E-002,"sweep levels x notional {'level_class': 4, 'notional_class': 4}",BTCUSDT,2022 (exploration),0.016666666666666666,2.863632213074009,2.752585272945776,56.699074334636855,561.345205479452,,event-level continuation; 1 event = 1 trade,1.5,-1.136367786925991,-1.247414727054224,true,false,false
E-002,"sweep levels x notional {'level_class': 3, 'notional_class': 1}",BTCUSDT,2022 (exploration),0.25,0.719699434167555,0.7169241139367785,76.07444076358894,8316.94794520548,,event-level continuation; 1 event = 1 trade,1.5,-3.280300565832445,-3.2830758860632216,false,false,false
E-002,"sweep levels x notional {'level_class': 4, 'notional_class': 0}",BTCUSDT,2022 (exploration),0.016666666666666666,0.8718601943845287,0.8085638119189924,5.1049888639723795,28.61512027491409,,event-level continuation; 1 event = 1 trade,1.5,-3.1281398056154712,-3.1914361880810076,false,false,false
E-002,"sweep levels x notional {'level_class': 4, 'notional_class': 2}",BTCUSDT,2022 (exploration),0.08333333333333333,0.7114891828540424,0.7018637712540197,58.19818975085437,7087.093150684931,,event-level continuation; 1 event = 1 trade,1.5,-3.2885108171459576,-3.2981362287459803,false,false,false
E-002,"sweep levels x notional {'level_class': 4, 'notional_class': 3}",BTCUSDT,2022 (exploration),1.0,0.5368992566285471,0.42281240311609114,13.369853015816519,9087.342465753425,,event-level continuation; 1 event = 1 trade,1.5,-3.463100743371453,-3.577187596883909,false,false,false
E-002,"sweep levels x notional {'level_class': 4, 'notional_class': 4}",BTCUSDT,2022 (exploration),0.08333333333333333,2.8994036731625,2.747336954583797,40.86018546332762,561.345205479452,,event-level continuation; 1 event = 1 trade,1.5,-1.1005963268375,-1.2526630454162029,true,false,false
E-002,"sweep levels x notional {'level_class': 2, 'notional_class': 1}",BTCUSDT,2022 (exploration),0.08333333333333333,0.7244927544200737,0.7255690643455764,83.95914887374337,21245.394520547947,,event-level continuation; 1 event = 1 trade,1.5,-3.2755072455799263,-3.2744309356544234,false,false,false
E-002,"sweep levels x notional {'level_class': 0, 'notional_class': 2}",BTCUSDT,2022 (exploration),0.25,0.47798331212802364,0.44302960613076625,42.54571134558399,98524.75890410959,,event-level continuation; 1 event = 1 trade,1.5,-3.5220166878719765,-3.556970393869234,false,false,false
E-002,"sweep levels x notional {'level_class': 1, 'notional_class': 3}",BTCUSDT,2022 (exploration),0.25,1.0723039177153204,1.0013771849125006,40.645148425232954,1112.9561643835616,,event-level continuation; 1 event = 1 trade,1.5,-2.9276960822846796,-2.9986228150874994,false,false,false
E-002,"sweep levels x notional {'level_class': 4, 'notional_class': 1}",BTCUSDT,2022 (exploration),1.0,0.6483004202373248,0.526407193996889,9.977828581404518,471.2739726027397,,event-level continuation; 1 event = 1 trade,1.5,-3.351699579762675,-3.473592806003111,false,false,false
E-002,"sweep levels x notional {'level_class': 3, 'notional_class': 0}",BTCUSDT,2022 (exploration),1.0,0.9360294414908239,0.896110149940369,23.12156194700169,985.013698630137,,event-level continuation; 1 event = 1 trade,1.5,-3.063970558509176,-3.1038898500596313,false,false,false
E-002,"sweep levels x notional {'level_class': 3, 'notional_class': 2}",BTCUSDT,2022 (exploration),1.0,0.7170227765461106,0.687751906072474,52.911418993519085,21923.986301369863,,event-level continuation; 1 event = 1 trade,1.5,-3.2829772234538894,-3.312248093927526,false,false,false
E-002,"sweep levels x notional {'level_class': 2, 'notional_class': 3}",BTCUSDT,2022 (exploration),1.0,0.8581417823721242,0.7597877785847288,22.014658296309054,1701.2767123287672,,event-level continuation; 1 event = 1 trade,1.5,-3.1418582176278758,-3.240212221415271,false,false,false
E-002,"sweep levels x notional {'level_class': 1, 'notional_class': 3}",BTCUSDT,2022 (exploration),1.0,1.0531042789154161,0.938197403807965,22.3708808467462,1112.9561643835616,,event-level continuation; 1 event = 1 trade,1.5,-2.9468957210845836,-3.061802596192035,false,false,false
E-002,"sweep levels x notional {'level_class': 4, 'notional_class': 1}",BTCUSDT,2022 (exploration),0.016666666666666666,0.7491930151194457,0.725031479376343,53.69227242059354,471.2739726027397,,event-level continuation; 1 event = 1 trade,1.5,-3.2508069848805543,-3.274968520623657,false,false,false
E-002,"sweep levels x notional {'level_class': 0, 'notional_class': 0}",BTCUSDT,2022 (exploration),0.08333333333333333,0.17225197323703365,0.16285819615152802,52.34125456785226,823297.3041095891,,event-level continuation; 1 event = 1 trade,1.5,-3.827748026762966,-3.837141803848472,false,false,false
E-002,"sweep levels x notional {'level_class': 3, 'notional_class': 3}",BTCUSDT,2022 (exploration),0.08333333333333333,0.8803857916388044,0.8408240362449529,54.09094068762197,3582.3479452054794,,event-level continuation; 1 event = 1 trade,1.5,-3.1196142083611957,-3.159175963755047,false,false,false
E-002,"sweep levels x notional {'level_class': 2, 'notional_class': 0}",BTCUSDT,2022 (exploration),0.25,0.81954014056313,0.8128628954879586,68.35134841754827,5909.331506849315,,event-level continuation; 1 event = 1 trade,1.5,-3.18045985943687,-3.1871371045120416,false,false,false
E-002,"sweep levels x notional {'level_class': 3, 'notional_class': 4}",BTCUSDT,2022 (exploration),0.25,1.6833765106131662,1.4121729611355045,12.347035900366857,27.123626373626372,,event-level continuation; 1 event = 1 trade,1.5,-2.316623489386834,-2.5878270388644955,true,false,false
E-002,"sweep levels x notional {'level_class': 3, 'notional_class': 4}",BTCUSDT,2022 (exploration),1.0,1.9966962072028824,1.5453950652620048,7.657799200662102,27.123626373626372,,event-level continuation; 1 event = 1 trade,1.5,-2.0033037927971176,-2.4546049347379952,true,false,false
E-002,"sweep levels x notional {'level_class': 4, 'notional_class': 0}",BTCUSDT,2022 (exploration),1.0,1.2616452590311178,0.8668032446712416,2.8350334090616722,28.61512027491409,,event-level continuation; 1 event = 1 trade,1.5,-2.738354740968882,-3.1331967553287585,false,false,false
E-002,"sweep levels x notional {'level_class': 1, 'notional_class': 0}",BTCUSDT,2022 (exploration),0.08333333333333333,0.7307115253690355,0.7268362291182354,77.89473301703033,15625.380821917808,,event-level continuation; 1 event = 1 trade,1.5,-3.2692884746309643,-3.2731637708817645,false,false,false
E-002,"sweep levels x notional {'level_class': 3, 'notional_class': 2}",BTCUSDT,2022 (exploration),0.08333333333333333,0.8183864259381138,0.7993295449749661,81.62467729548646,21923.986301369863,,event-level continuation; 1 event = 1 trade,1.5,-3.181613574061886,-3.200670455025034,false,false,false
E-002,"sweep levels x notional {'level_class': 2, 'notional_class': 4}",BTCUSDT,2022 (exploration),0.016666666666666666,1.856962784665232,1.8031423085047582,27.766154314340184,15.209944751381215,,event-level continuation; 1 event = 1 trade,1.5,-2.1430372153347683,-2.196857691495242,true,false,false
E-002,"sweep levels x notional {'level_class': 1, 'notional_class': 0}",BTCUSDT,2022 (exploration),1.0,0.7637207755308346,0.7104546963198656,44.018387986090765,15625.380821917808,,event-level continuation; 1 event = 1 trade,1.5,-3.2362792244691656,-3.2895453036801343,false,false,false
E-002,"sweep levels x notional {'level_class': 4, 'notional_class': 2}",BTCUSDT,2022 (exploration),1.0,0.5950884051897696,0.5613114204037184,33.52843438018881,7087.093150684931,,event-level continuation; 1 event = 1 trade,1.5,-3.4049115948102306,-3.4386885795962816,false,false,false
E-002,"sweep levels x notional {'level_class': 4, 'notional_class': 4}",BTCUSDT,2022 (exploration),0.25,2.9703014750806,2.7545270163916764,35.77136465437813,561.345205479452,,event-level continuation; 1 event = 1 trade,1.5,-1.0296985249194002,-1.2454729836083236,true,false,false
E-002,"sweep levels x notional {'level_class': 2, 'notional_class': 1}",BTCUSDT,2022 (exploration),1.0,0.6743714286867438,0.6476877346977462,54.18497205321714,21245.394520547947,,event-level continuation; 1 event = 1 trade,1.5,-3.3256285713132563,-3.352312265302254,false,false,false
E-002,"sweep levels x notional {'level_class': 0, 'notional_class': 4}",BTCUSDT,2022 (exploration),0.25,2.5059447359080207,2.0679045291249363,14.665293674514233,52.8986301369863,,event-level continuation; 1 event = 1 trade,1.5,-1.4940552640919793,-1.9320954708750637,true,false,false
E-002,"sweep levels x notional {'level_class': 1, 'notional_class': 0}",BTCUSDT,2022 (exploration),0.016666666666666666,0.6405586801592884,0.6409711247130189,98.98838571239635,15625.380821917808,,event-level continuation; 1 event = 1 trade,1.5,-3.3594413198407116,-3.359028875286981,false,false,false
E-002,"sweep levels x notional {'level_class': 4, 'notional_class': 0}",BTCUSDT,2022 (exploration),0.25,1.0032282055401525,0.860083507786009,3.9759369109647706,28.61512027491409,,event-level continuation; 1 event = 1 trade,1.5,-2.9967717944598475,-3.139916492213991,false,false,false
E-002,"sweep levels x notional {'level_class': 1, 'notional_class': 2}",BTCUSDT,2022 (exploration),0.016666666666666666,0.8662874824115397,0.836057064612526,107.93553772296956,16519.227397260274,,event-level continuation; 1 event = 1 trade,1.5,-3.13371251758846,-3.1639429353874737,false,false,false
E-002,"sweep levels x notional {'level_class': 4, 'notional_class': 3}",BTCUSDT,2022 (exploration),0.016666666666666666,0.7490679837183871,0.7297525747614122,61.5932903640322,9087.342465753425,,event-level continuation; 1 event = 1 trade,1.5,-3.250932016281613,-3.270247425238588,false,false,false
E-002,"sweep levels x notional {'level_class': 3, 'notional_class': 2}",BTCUSDT,2022 (exploration),0.25,0.7874115147408991,0.7616589684193267,68.31324440525447,21923.986301369863,,event-level continuation; 1 event = 1 trade,1.5,-3.2125884852591007,-3.2383410315806733,false,false,false
E-002,"sweep levels x notional {'level_class': 1, 'notional_class': 4}",BTCUSDT,2022 (exploration),1.0,2.2669360908648866,1.434403817549405,5.677993874583098,11.86426592797784,,event-level continuation; 1 event = 1 trade,1.5,-1.7330639091351134,-2.5655961824505953,true,false,false
E-002,"sweep levels x notional {'level_class': 2, 'notional_class': 2}",BTCUSDT,2022 (exploration),0.016666666666666666,0.8157411479409139,0.7851733232834776,95.27101521885751,20935.4,,event-level continuation; 1 event = 1 trade,1.5,-3.184258852059086,-3.2148266767165223,false,false,false
E-002,"sweep levels x notional {'level_class': 3, 'notional_class': 0}",BTCUSDT,2022 (exploration),0.016666666666666666,0.742842041422012,0.7539705631615705,59.42197261603551,985.013698630137,,event-level continuation; 1 event = 1 trade,1.5,-3.257157958577988,-3.2460294368384295,false,false,false
E-002,"sweep levels x notional {'level_class': 0, 'notional_class': 3}",BTCUSDT,2022 (exploration),0.016666666666666666,0.9057446765766423,0.8649263299872181,40.13926916277951,6491.4767123287675,,event-level continuation; 1 event = 1 trade,1.5,-3.094255323423358,-3.135073670012782,false,false,false
E-002,"sweep levels x notional {'level_class': 3, 'notional_class': 1}",BTCUSDT,2022 (exploration),0.016666666666666666,0.657198681730075,0.6584068370885128,113.58102775078503,8316.94794520548,,event-level continuation; 1 event = 1 trade,1.5,-3.3428013182699248,-3.3415931629114874,false,false,false
E-002,burst decile {'burst_decile': 6},BTCUSDT,2022 (exploration),0.08333333333333333,0.031798188814999656,0.02346678616135475,10.332141350680063,131441.4712328767,,event-level continuation; 1 event = 1 trade,1.5,-3.968201811185,-3.9765332138386453,false,false,false
E-002,burst decile {'burst_decile': 10},BTCUSDT,2022 (exploration),0.08333333333333333,0.022409816735812785,-0.06927293499781036,-0.17730872801465455,144354.2794520548,,event-level continuation; 1 event = 1 trade,1.5,-3.977590183264187,-4.0692729349978105,false,false,false
E-002,burst decile {'burst_decile': 9},BTCUSDT,2022 (exploration),1.0,-0.0025251757975796357,-0.0723815216355045,1.764717731146422,150978.09589041097,,event-level continuation; 1 event = 1 trade,1.5,-4.0025251757975795,-4.072381521635505,false,false,false
E-002,burst decile {'burst_decile': 3},BTCUSDT,2022 (exploration),0.08333333333333333,0.13222618077719178,0.12468503537938354,30.862703039841165,147585.60821917807,,event-level continuation; 1 event = 1 trade,1.5,-3.8677738192228084,-3.8753149646206166,false,false,false
E-002,burst decile {'burst_decile': 6},BTCUSDT,2022 (exploration),1.0,0.02548684236465162,-0.027269030485995664,1.50114787896161,131441.4712328767,,event-level continuation; 1 event = 1 trade,1.5,-3.9745131576353483,-4.0272690304859955,false,false,false
E-002,burst decile {'burst_decile': 6},BTCUSDT,2022 (exploration),0.25,0.03852180351547208,0.01923666905759853,5.961068187785067,131441.4712328767,,event-level continuation; 1 event = 1 trade,1.5,-3.961478196484528,-3.9807633309424015,false,false,false
E-002,burst decile {'burst_decile': 1},BTCUSDT,2022 (exploration),0.016666666666666666,0.1369024755133182,0.1058696111315838,13.304332580868323,142385.8794520548,,event-level continuation; 1 event = 1 trade,1.5,-3.863097524486682,-3.8941303888684162,false,false,false
E-002,burst decile {'burst_decile': 3},BTCUSDT,2022 (exploration),0.25,0.13504025225173652,0.11435105082944752,16.393484135439937,147585.60821917807,,event-level continuation; 1 event = 1 trade,1.5,-3.8649597477482636,-3.8856489491705526,false,false,false
E-002,burst decile {'burst_decile': 5},BTCUSDT,2022 (exploration),0.25,0.021391476477931787,-0.0014132853400637424,4.016773344385667,117973.85205479452,,event-level continuation; 1 event = 1 trade,1.5,-3.9786085235220683,-4.001413285340064,false,false,false
E-002,burst decile {'burst_decile': 2},BTCUSDT,2022 (exploration),1.0,0.13368517778326428,0.05662035280484145,4.695872169211531,149930.79178082192,,event-level continuation; 1 event = 1 trade,1.5,-3.8663148222167356,-3.9433796471951585,false,false,false
E-002,burst decile {'burst_decile': 1},BTCUSDT,2022 (exploration),1.0,-0.22762418802141274,-0.6839557528435878,-2.2414445580037627,142385.8794520548,,event-level continuation; 1 event = 1 trade,1.5,-4.227624188021413,-4.683955752843588,false,false,false
E-002,burst decile {'burst_decile': 10},BTCUSDT,2022 (exploration),0.016666666666666666,0.19169946740557725,0.1685224897308102,18.169898498243747,144354.2794520548,,event-level continuation; 1 event = 1 trade,1.5,-3.808300532594423,-3.83147751026919,false,false,false
E-002,burst decile {'burst_decile': 7},BTCUSDT,2022 (exploration),0.08333333333333333,0.08511796619680319,0.07636053389454274,23.695126703828276,139273.1808219178,,event-level continuation; 1 event = 1 trade,1.5,-3.9148820338031967,-3.9236394661054574,false,false,false
E-002,burst decile {'burst_decile': 7},BTCUSDT,2022 (exploration),0.016666666666666666,0.06449876622423965,0.06122111849502868,37.66130535921755,139273.1808219178,,event-level continuation; 1 event = 1 trade,1.5,-3.9355012337757604,-3.9387788815049714,false,false,false
E-002,burst decile {'burst_decile': 10},BTCUSDT,2022 (exploration),1.0,-0.7806391265255536,-1.1308653106964874,-4.387091175373386,144354.2794520548,,event-level continuation; 1 event = 1 trade,1.5,-4.7806391265255535,-5.130865310696487,false,false,false
E-002,burst decile {'burst_decile': 9},BTCUSDT,2022 (exploration),0.08333333333333333,0.16208487811201416,0.14343385983174448,23.174909851538278,150978.09589041097,,event-level continuation; 1 event = 1 trade,1.5,-3.8379151218879857,-3.8565661401682556,false,false,false
E-002,burst decile {'burst_decile': 8},BTCUSDT,2022 (exploration),1.0,0.07876822221482527,0.009843553481636926,4.910941033419338,144457.41369863015,,event-level continuation; 1 event = 1 trade,1.5,-3.9212317777851746,-3.990156446518363,false,false,false
E-002,burst decile {'burst_decile': 8},BTCUSDT,2022 (exploration),0.08333333333333333,0.1320714717549004,0.12052254729192044,27.84059277185802,144457.41369863015,,event-level continuation; 1 event = 1 trade,1.5,-3.8679285282450997,-3.8794774527080795,false,false,false
E-002,burst decile {'burst_decile': 4},BTCUSDT,2022 (exploration),0.25,0.08434039296851117,0.05746133937645144,11.486465537211698,140537.79726027398,,event-level continuation; 1 event = 1 trade,1.5,-3.915659607031489,-3.9425386606235486,false,false,false
E-002,burst decile {'burst_decile': 7},BTCUSDT,2022 (exploration),0.25,0.07909575629423884,0.06135784454372749,12.750465642731092,139273.1808219178,,event-level continuation; 1 event = 1 trade,1.5,-3.920904243705761,-3.9386421554562725,false,false,false
E-002,burst decile {'burst_decile': 5},BTCUSDT,2022 (exploration),0.016666666666666666,0.021453677301464358,0.018062983065248974,16.652541637338295,117973.85205479452,,event-level continuation; 1 event = 1 trade,1.5,-3.9785463226985356,-3.981937016934751,false,false,false
E-002,burst decile {'burst_decile': 10},BTCUSDT,2022 (exploration),0.25,-0.16657816796219413,-0.35862230090682795,-2.8989718857278293,144354.2794520548,,event-level continuation; 1 event = 1 trade,1.5,-4.166578167962194,-4.358622300906828,false,false,false
E-002,burst decile {'burst_decile': 5},BTCUSDT,2022 (exploration),0.08333333333333333,0.0270774394504968,0.016231879187517985,8.638682226042228,117973.85205479452,,event-level continuation; 1 event = 1 trade,1.5,-3.9729225605495033,-3.983768120812482,false,false,false
E-002,burst decile {'burst_decile': 8},BTCUSDT,2022 (exploration),0.25,0.11888422383713353,0.09654172409857571,14.2451373138357,144457.41369863015,,event-level continuation; 1 event = 1 trade,1.5,-3.8811157761628663,-3.9034582759014245,false,false,false
E-002,burst decile {'burst_decile': 3},BTCUSDT,2022 (exploration),0.016666666666666666,0.09812673881560927,0.09592356982854117,48.70541545817832,147585.60821917807,,event-level continuation; 1 event = 1 trade,1.5,-3.9018732611843907,-3.904076430171459,false,false,false
E-002,burst decile {'burst_decile': 5},BTCUSDT,2022 (exploration),1.0,0.024591493711858398,-0.04301362165098441,1.70095685599827,117973.85205479452,,event-level continuation; 1 event = 1 trade,1.5,-3.9754085062881415,-4.043013621650984,false,false,false
E-002,burst decile {'burst_decile': 4},BTCUSDT,2022 (exploration),0.08333333333333333,0.08078735769122729,0.06871267765539817,21.283488466431564,140537.79726027398,,event-level continuation; 1 event = 1 trade,1.5,-3.9192126423087728,-3.931287322344602,false,false,false
E-002,burst decile {'burst_decile': 3},BTCUSDT,2022 (exploration),1.0,0.116809986545191,0.044800578326220225,5.834495989939274,147585.60821917807,,event-level continuation; 1 event = 1 trade,1.5,-3.883190013454809,-3.95519942167378,false,false,false
E-002,burst decile {'burst_decile': 4},BTCUSDT,2022 (exploration),0.016666666666666666,0.06159509197995179,0.05695371398955064,36.486062032624744,140537.79726027398,,event-level continuation; 1 event = 1 trade,1.5,-3.9384049080200483,-3.9430462860104494,false,false,false
E-002,burst decile {'burst_decile': 1},BTCUSDT,2022 (exploration),0.25,-0.09354149689098189,-0.3769826509733359,-2.3360397546220946,142385.8794520548,,event-level continuation; 1 event = 1 trade,1.5,-4.093541496890982,-4.376982650973336,false,false,false
E-002,burst decile {'burst_decile': 4},BTCUSDT,2022 (exploration),1.0,0.07411709677224974,-0.0028809482853048734,4.293731701654812,140537.79726027398,,event-level continuation; 1 event = 1 trade,1.5,-3.9258829032277505,-4.002880948285305,false,false,false
E-002,burst decile {'burst_decile': 2},BTCUSDT,2022 (exploration),0.25,0.1557041599479922,0.1284453667766477,12.25738746633565,149930.79178082192,,event-level continuation; 1 event = 1 trade,1.5,-3.8442958400520078,-3.871554633223352,false,false,false
E-002,burst decile {'burst_decile': 7},BTCUSDT,2022 (exploration),1.0,0.05523832849806379,0.008511930367455409,4.117451429296563,139273.1808219178,,event-level continuation; 1 event = 1 trade,1.5,-3.944761671501936,-3.9914880696325445,false,false,false
E-002,burst decile {'burst_decile': 1},BTCUSDT,2022 (exploration),0.08333333333333333,-0.052568079020465515,-0.17282045215583058,-2.097632422697572,142385.8794520548,,event-level continuation; 1 event = 1 trade,1.5,-4.052568079020466,-4.172820452155831,false,false,false
E-002,burst decile {'burst_decile': 8},BTCUSDT,2022 (exploration),0.016666666666666666,0.10520683696329236,0.1015535455942423,48.45168614881654,144457.41369863015,,event-level continuation; 1 event = 1 trade,1.5,-3.8947931630367076,-3.8984464544057578,false,false,false
E-002,burst decile {'burst_decile': 2},BTCUSDT,2022 (exploration),0.08333333333333333,0.15008665004431732,0.13706614080393004,22.654239468443556,149930.79178082192,,event-level continuation; 1 event = 1 trade,1.5,-3.8499133499556826,-3.86293385919607,false,false,false
E-002,burst decile {'burst_decile': 6},BTCUSDT,2022 (exploration),0.016666666666666666,0.023660556303561366,0.020496585452194113,17.227465520279598,131441.4712328767,,event-level continuation; 1 event = 1 trade,1.5,-3.9763394436964385,-3.979503414547806,false,false,false
E-002,burst decile {'burst_decile': 9},BTCUSDT,2022 (exploration),0.25,0.1251059467060471,0.09711461232711416,11.408189197068836,150978.09589041097,,event-level continuation; 1 event = 1 trade,1.5,-3.874894053293953,-3.9028853876728857,false,false,false
E-002,burst decile {'burst_decile': 9},BTCUSDT,2022 (exploration),0.016666666666666666,0.14158367464863114,0.13630903468295108,45.836830066918736,150978.09589041097,,event-level continuation; 1 event = 1 trade,1.5,-3.858416325351369,-3.863690965317049,false,false,false
E-002,burst decile {'burst_decile': 2},BTCUSDT,2022 (exploration),0.016666666666666666,0.12283838142569387,0.11949443159271422,43.75925610876215,149930.79178082192,,event-level continuation; 1 event = 1 trade,1.5,-3.877161618574306,-3.880505568407286,false,false,false
E-002,"level hits x state {'hit_class': 2, 'state': 0}",BTCUSDT,2022 (exploration),0.25,9.534304394104003,-3.089363940800727,1.0896566274108406,7.0,,event-level continuation; 1 event = 1 trade,1.5,5.534304394104003,-7.089363940800727,true,true,false
E-002,"level hits x state {'hit_class': 3, 'state': 1}",BTCUSDT,2022 (exploration),0.25,0.5494340798392258,0.4609519948739307,17.724578637467804,16938.156164383563,,event-level continuation; 1 event = 1 trade,1.5,-3.4505659201607743,-3.5390480051260695,false,false,false
E-002,"level hits x state {'hit_class': 4, 'state': 3}",BTCUSDT,2022 (exploration),0.08333333333333333,0.6071250565573103,0.5768080503418558,24.899467146387444,6955.211538461538,,event-level continuation; 1 event = 1 trade,1.5,-3.3928749434426897,-3.423191949658144,false,false,false
E-002,"level hits x state {'hit_class': 2, 'state': 1}",BTCUSDT,2022 (exploration),0.08333333333333333,0.37054886676372845,0.3269790451079472,27.293473128168383,68660.56164383562,,event-level continuation; 1 event = 1 trade,1.5,-3.6294511332362713,-3.6730209548920527,false,false,false
E-002,"level hits x state {'hit_class': 2, 'state': 2}",BTCUSDT,2022 (exploration),0.25,0.2470431877648255,0.22788218271110397,27.507945240442684,78442.04383561644,,event-level continuation; 1 event = 1 trade,1.5,-3.7529568122351744,-3.772117817288896,false,false,false
E-002,"level hits x state {'hit_class': 1, 'state': 3}",BTCUSDT,2022 (exploration),0.25,0.17328131447957743,0.16344134196985818,39.44592920887453,109235.73351648351,,event-level continuation; 1 event = 1 trade,1.5,-3.8267186855204227,-3.8365586580301416,false,false,false
E-002,"level hits x state {'hit_class': 0, 'state': 1}",BTCUSDT,2022 (exploration),1.0,0.17956435206349258,0.13876841308058951,15.670029474039296,196121.61917808218,,event-level continuation; 1 event = 1 trade,1.5,-3.8204356479365074,-3.8612315869194105,false,false,false
E-002,"level hits x state {'hit_class': 3, 'state': 3}",BTCUSDT,2022 (exploration),1.0,0.2764556926595788,0.24833150482011324,13.323343555439433,25229.065934065933,,event-level continuation; 1 event = 1 trade,1.5,-3.723544307340421,-3.751668495179887,false,false,false
E-002,"level hits x state {'hit_class': 4, 'state': 3}",BTCUSDT,2022 (exploration),1.0,0.49436543668339794,0.4209993736737169,10.375993054305555,6955.211538461538,,event-level continuation; 1 event = 1 trade,1.5,-3.505634563316602,-3.579000626326283,false,false,false
E-002,"level hits x state {'hit_class': 1, 'state': 2}",BTCUSDT,2022 (exploration),1.0,0.16402197359462165,0.13752051290141087,13.327373949213156,89279.0301369863,,event-level continuation; 1 event = 1 trade,1.5,-3.835978026405378,-3.862479487098589,false,false,false
E-002,"level hits x state {'hit_class': 2, 'state': 2}",BTCUSDT,2022 (exploration),0.08333333333333333,0.26828262158012667,0.2574363004708992,41.66374799889315,78442.04383561644,,event-level continuation; 1 event = 1 trade,1.5,-3.7317173784198734,-3.742563699529101,false,false,false
E-002,"level hits x state {'hit_class': 0, 'state': 0}",BTCUSDT,2022 (exploration),0.25,-1.521732363375268,-5.298445576056408,-1.6015393983499662,13.5,,event-level continuation; 1 event = 1 trade,1.5,-5.521732363375268,-9.298445576056409,false,false,false
E-002,"level hits x state {'hit_class': 3, 'state': 0}",BTCUSDT,2022 (exploration),0.08333333333333333,4.042842499135367,4.018180163381817,6.61091341560427,3.0,,event-level continuation; 1 event = 1 trade,1.5,0.042842499135367085,0.018180163381816605,true,true,true
E-002,"level hits x state {'hit_class': 4, 'state': 1}",BTCUSDT,2022 (exploration),1.0,0.7123852466974585,0.5023515814717995,6.971801542126159,4856.235616438356,,event-level continuation; 1 event = 1 trade,1.5,-3.2876147533025417,-3.4976484185282004,false,false,false
E-002,"level hits x state {'hit_class': 3, 'state': 0}",BTCUSDT,2022 (exploration),0.25,11.090695077367766,-3.089363940800727,1.0790794358579567,3.0,,event-level continuation; 1 event = 1 trade,1.5,7.090695077367766,-7.089363940800727,true,true,false
E-002,"level hits x state {'hit_class': 0, 'state': 1}",BTCUSDT,2022 (exploration),0.08333333333333333,0.19279387269510975,0.17124794358643713,41.2977593036141,196121.61917808218,,event-level continuation; 1 event = 1 trade,1.5,-3.80720612730489,-3.828752056413563,false,false,false
E-002,"level hits x state {'hit_class': 3, 'state': 2}",BTCUSDT,2022 (exploration),1.0,0.2831692362936148,0.22369637139482165,8.5070494297081,19105.035616438356,,event-level continuation; 1 event = 1 trade,1.5,-3.716830763706385,-3.7763036286051785,false,false,false
E-002,"level hits x state {'hit_class': 3, 'state': 1}",BTCUSDT,2022 (exploration),0.016666666666666666,0.44895880202862914,0.4121204734391193,29.9013165800988,16938.156164383563,,event-level continuation; 1 event = 1 trade,1.5,-3.551041197971371,-3.5878795265608807,false,false,false
E-002,"level hits x state {'hit_class': 2, 'state': 1}",BTCUSDT,2022 (exploration),1.0,0.3539819381855692,0.22855494162294288,6.427289669865087,68660.56164383562,,event-level continuation; 1 event = 1 trade,1.5,-3.6460180618144307,-3.771445058377057,false,false,false
E-002,"level hits x state {'hit_class': 2, 'state': 3}",BTCUSDT,2022 (exploration),0.08333333333333333,0.24108486984733105,0.23233711329585954,48.65887148040936,99342.10989010989,,event-level continuation; 1 event = 1 trade,1.5,-3.758915130152669,-3.7676628867041404,false,false,false
E-002,"level hits x state {'hit_class': 4, 'state': 1}",BTCUSDT,2022 (exploration),0.08333333333333333,0.7111792218466206,0.6537548481002321,20.952246433657876,4856.235616438356,,event-level continuation; 1 event = 1 trade,1.5,-3.2888207781533794,-3.346245151899768,false,false,false
E-002,"level hits x state {'hit_class': 3, 'state': 3}",BTCUSDT,2022 (exploration),0.25,0.34329536038160036,0.33045949128328317,28.571508531590126,25229.065934065933,,event-level continuation; 1 event = 1 trade,1.5,-3.6567046396183995,-3.6695405087167168,false,false,false
E-002,"level hits x state {'hit_class': 3, 'state': 2}",BTCUSDT,2022 (exploration),0.016666666666666666,0.36763095738368406,0.35364139314386805,40.72747612918703,19105.035616438356,,event-level continuation; 1 event = 1 trade,1.5,-3.632369042616316,-3.646358606856132,false,false,false
E-002,"level hits x state {'hit_class': 0, 'state': 1}",BTCUSDT,2022 (exploration),0.25,0.19044209005242713,0.16645014890891272,32.6017579035967,196121.61917808218,,event-level continuation; 1 event = 1 trade,1.5,-3.8095579099475727,-3.8335498510910875,false,false,false
E-002,"level hits x state {'hit_class': 3, 'state': 1}",BTCUSDT,2022 (exploration),1.0,0.5199242314186184,0.3587550239571474,6.740738099700563,16938.156164383563,,event-level continuation; 1 event = 1 trade,1.5,-3.4800757685813815,-3.6412449760428527,false,false,false
E-002,"level hits x state {'hit_class': 0, 'state': 3}",BTCUSDT,2022 (exploration),0.25,0.137043369675501,0.12768675795742818,47.94851370035228,254669.77472527474,,event-level continuation; 1 event = 1 trade,1.5,-3.862956630324499,-3.872313242042572,false,false,false
E-002,"level hits x state {'hit_class': 0, 'state': 0}",BTCUSDT,2022 (exploration),0.016666666666666666,-1.3135558969342331,-4.916523961137745,-1.591901160321503,13.5,,event-level continuation; 1 event = 1 trade,1.5,-5.313555896934233,-8.916523961137745,false,false,false
E-002,"level hits x state {'hit_class': 0, 'state': 0}",BTCUSDT,2022 (exploration),1.0,-1.8001417667128405,-5.548898801527765,-1.483306867382476,13.5,,event-level continuation; 1 event = 1 trade,1.5,-5.800141766712841,-9.548898801527766,false,false,false
E-002,"level hits x state {'hit_class': 1, 'state': 3}",BTCUSDT,2022 (exploration),0.08333333333333333,0.1850001899318368,0.1765090679338547,51.615143606637815,109235.73351648351,,event-level continuation; 1 event = 1 trade,1.5,-3.814999810068163,-3.823490932066145,false,false,false
E-002,"level hits x state {'hit_class': 2, 'state': 0}",BTCUSDT,2022 (exploration),1.0,4.28614780322888,-14.73364601906699,0.3359344994927751,7.0,,event-level continuation; 1 event = 1 trade,1.5,0.28614780322887956,-18.73364601906699,true,true,false
E-002,"level hits x state {'hit_class': 3, 'state': 0}",BTCUSDT,2022 (exploration),1.0,8.459758815933302,-14.73364601906699,0.27321538950359314,3.0,,event-level continuation; 1 event = 1 trade,1.5,4.459758815933302,-18.73364601906699,true,true,false
E-002,"level hits x state {'hit_class': 4, 'state': 2}",BTCUSDT,2022 (exploration),1.0,0.5186647512220285,0.41361760667107894,9.660922662074645,5343.4,,event-level continuation; 1 event = 1 trade,1.5,-3.4813352487779716,-3.586382393328921,false,false,false
E-002,"level hits x state {'hit_class': 1, 'state': 2}",BTCUSDT,2022 (exploration),0.25,0.1919756047067737,0.17679619093019783,33.33196891525948,89279.0301369863,,event-level continuation; 1 event = 1 trade,1.5,-3.8080243952932262,-3.823203809069802,false,false,false
E-002,"level hits x state {'hit_class': 1, 'state': 3}",BTCUSDT,2022 (exploration),1.0,0.151424189009067,0.13257354795377424,19.680967212554997,109235.73351648351,,event-level continuation; 1 event = 1 trade,1.5,-3.848575810990933,-3.867426452046226,false,false,false
E-002,"level hits x state {'hit_class': 2, 'state': 3}",BTCUSDT,2022 (exploration),1.0,0.18451590408441754,0.16066888777514718,15.828889088691465,99342.10989010989,,event-level continuation; 1 event = 1 trade,1.5,-3.8154840959155827,-3.839331112224853,false,false,false
E-002,"level hits x state {'hit_class': 4, 'state': 0}",BTCUSDT,2022 (exploration),1.0,16.131806302034597,16.131806302034597,NaN,2.0,,event-level continuation; 1 event = 1 trade,1.5,12.131806302034597,12.131806302034597,true,true,true
E-002,"level hits x state {'hit_class': 4, 'state': 3}",BTCUSDT,2022 (exploration),0.25,0.598101930386972,0.5506143446448138,19.37305755219339,6955.211538461538,,event-level continuation; 1 event = 1 trade,1.5,-3.401898069613028,-3.449385655355186,false,false,false
E-002,"level hits x state {'hit_class': 0, 'state': 2}",BTCUSDT,2022 (exploration),0.08333333333333333,0.15712561389436802,0.14875710477703044,51.05226742887962,216424.70684931506,,event-level continuation; 1 event = 1 trade,1.5,-3.842874386105632,-3.8512428952229696,false,false,false
E-002,"level hits x state {'hit_class': 1, 'state': 1}",BTCUSDT,2022 (exploration),0.08333333333333333,0.2782616428837847,0.24332421582546238,29.158039381903002,79394.79178082192,,event-level continuation; 1 event = 1 trade,1.5,-3.7217383571162155,-3.7566757841745377,false,false,false
E-002,"level hits x state {'hit_class': 3, 'state': 2}",BTCUSDT,2022 (exploration),0.08333333333333333,0.4044218429158649,0.3877428869560801,34.14344442574368,19105.035616438356,,event-level continuation; 1 event = 1 trade,1.5,-3.595578157084135,-3.61225711304392,false,false,false
E-002,"level hits x state {'hit_class': 1, 'state': 0}",BTCUSDT,2022 (exploration),0.25,3.7481446450445257,-3.089363940800727,0.9878920413591751,5.75,,event-level continuation; 1 event = 1 trade,1.5,-0.2518553549554743,-7.089363940800727,true,false,false
E-002,"level hits x state {'hit_class': 1, 'state': 0}",BTCUSDT,2022 (exploration),0.016666666666666666,0.2805782780702803,-0.43735958556841004,0.9327883966753708,5.75,,event-level continuation; 1 event = 1 trade,1.5,-3.7194217219297196,-4.4373595855684105,false,false,false
E-002,"level hits x state {'hit_class': 2, 'state': 3}",BTCUSDT,2022 (exploration),0.016666666666666666,0.21800338389131194,0.20961639452544029,52.396685211026444,99342.10989010989,,event-level continuation; 1 event = 1 trade,1.5,-3.781996616108688,-3.7903836054745597,false,false,false
E-002,"level hits x state {'hit_class': 4, 'state': 0}",BTCUSDT,2022 (exploration),0.016666666666666666,0.7972435309167183,0.7972435309167183,NaN,2.0,,event-level continuation; 1 event = 1 trade,1.5,-3.2027564690832815,-3.2027564690832815,false,false,false
E-002,"level hits x state {'hit_class': 3, 'state': 2}",BTCUSDT,2022 (exploration),0.25,0.375387342345183,0.3470890345965075,23.180870429671334,19105.035616438356,,event-level continuation; 1 event = 1 trade,1.5,-3.6246126576548168,-3.6529109654034926,false,false,false
E-002,"level hits x state {'hit_class': 2, 'state': 3}",BTCUSDT,2022 (exploration),0.25,0.22496603156328956,0.21449452597431753,34.73642401986243,99342.10989010989,,event-level continuation; 1 event = 1 trade,1.5,-3.7750339684367105,-3.7855054740256824,false,false,false
E-002,"level hits x state {'hit_class': 3, 'state': 0}",BTCUSDT,2022 (exploration),0.016666666666666666,0.8628199058135196,0.05420788724876118,1.263338941328069,3.0,,event-level continuation; 1 event = 1 trade,1.5,-3.1371800941864803,-3.945792112751239,false,false,false
E-002,"level hits x state {'hit_class': 0, 'state': 3}",BTCUSDT,2022 (exploration),0.016666666666666666,0.1299788912382856,0.1202168585307648,45.68738900281013,254669.77472527474,,event-level continuation; 1 event = 1 trade,1.5,-3.8700211087617142,-3.879783141469235,false,false,false
E-002,"level hits x state {'hit_class': 1, 'state': 0}",BTCUSDT,2022 (exploration),1.0,2.833404702708046,-14.73364601906699,0.10601083753078933,5.75,,event-level continuation; 1 event = 1 trade,1.5,-1.1665952972919542,-18.73364601906699,true,false,false
E-002,"level hits x state {'hit_class': 2, 'state': 1}",BTCUSDT,2022 (exploration),0.25,0.3802656545997032,0.3131699528195551,17.439427311567865,68660.56164383562,,event-level continuation; 1 event = 1 trade,1.5,-3.619734345400297,-3.686830047180445,false,false,false
E-002,"level hits x state {'hit_class': 3, 'state': 3}",BTCUSDT,2022 (exploration),0.08333333333333333,0.3604798855327499,0.35057953158587113,37.6581577680405,25229.065934065933,,event-level continuation; 1 event = 1 trade,1.5,-3.63952011446725,-3.649420468414129,false,false,false
E-002,"level hits x state {'hit_class': 4, 'state': 1}",BTCUSDT,2022 (exploration),0.016666666666666666,0.6363911230422946,0.6140803357741771,25.393891773994145,4856.235616438356,,event-level continuation; 1 event = 1 trade,1.5,-3.3636088769577053,-3.385919664225823,false,false,false
E-002,"level hits x state {'hit_class': 4, 'state': 2}",BTCUSDT,2022 (exploration),0.016666666666666666,0.6039933810309494,0.574955402232838,28.416081156840452,5343.4,,event-level continuation; 1 event = 1 trade,1.5,-3.3960066189690505,-3.4250445977671617,false,false,false
E-002,"level hits x state {'hit_class': 4, 'state': 2}",BTCUSDT,2022 (exploration),0.25,0.651323787234141,0.6041579538516185,17.735981504134948,5343.4,,event-level continuation; 1 event = 1 trade,1.5,-3.348676212765859,-3.3958420461483816,false,false,false
E-002,"level hits x state {'hit_class': 1, 'state': 1}",BTCUSDT,2022 (exploration),1.0,0.2593055547403373,0.16844657719384423,7.720660077976287,79394.79178082192,,event-level continuation; 1 event = 1 trade,1.5,-3.740694445259663,-3.831553422806156,false,false,false
E-002,"level hits x state {'hit_class': 4, 'state': 0}",BTCUSDT,2022 (exploration),0.08333333333333333,5.280554481278408,5.280554481278408,NaN,2.0,,event-level continuation; 1 event = 1 trade,1.5,1.2805544812784078,1.2805544812784078,true,true,true
E-002,"level hits x state {'hit_class': 0, 'state': 3}",BTCUSDT,2022 (exploration),1.0,0.1317061443827074,0.12005727253406645,36.36473734964831,254669.77472527474,,event-level continuation; 1 event = 1 trade,1.5,-3.8682938556172926,-3.8799427274659335,false,false,false
E-002,"level hits x state {'hit_class': 4, 'state': 1}",BTCUSDT,2022 (exploration),0.25,0.7604014323292912,0.6294197705298877,14.636018097925136,4856.235616438356,,event-level continuation; 1 event = 1 trade,1.5,-3.2395985676707086,-3.370580229470112,false,false,false
E-002,"level hits x state {'hit_class': 4, 'state': 2}",BTCUSDT,2022 (exploration),0.08333333333333333,0.6764202927374722,0.6402251713464666,23.420614123296225,5343.4,,event-level continuation; 1 event = 1 trade,1.5,-3.3235797072625277,-3.359774828653533,false,false,false
E-002,"level hits x state {'hit_class': 3, 'state': 1}",BTCUSDT,2022 (exploration),0.08333333333333333,0.5164349816605773,0.4683021214018927,25.64764194287233,16938.156164383563,,event-level continuation; 1 event = 1 trade,1.5,-3.483565018339423,-3.5316978785981075,false,false,false
E-002,"level hits x state {'hit_class': 1, 'state': 0}",BTCUSDT,2022 (exploration),0.08333333333333333,1.5169925327167721,0.5655129639439046,2.3725356591040003,5.75,,event-level continuation; 1 event = 1 trade,1.5,-2.483007467283228,-3.4344870360560953,true,false,false
E-002,"level hits x state {'hit_class': 4, 'state': 0}",BTCUSDT,2022 (exploration),0.25,9.064896810242736,9.064896810242736,NaN,2.0,,event-level continuation; 1 event = 1 trade,1.5,5.064896810242736,5.064896810242736,true,true,true
E-002,"level hits x state {'hit_class': 0, 'state': 0}",BTCUSDT,2022 (exploration),0.08333333333333333,-1.2074953279661358,-4.870156705904133,-1.6729863302844032,13.5,,event-level continuation; 1 event = 1 trade,1.5,-5.207495327966136,-8.870156705904133,false,false,false
E-002,"level hits x state {'hit_class': 1, 'state': 1}",BTCUSDT,2022 (exploration),0.016666666666666666,0.25498618566258874,0.22463857119813832,33.252735121599336,79394.79178082192,,event-level continuation; 1 event = 1 trade,1.5,-3.7450138143374114,-3.7753614288018618,false,false,false
E-002,"level hits x state {'hit_class': 0, 'state': 2}",BTCUSDT,2022 (exploration),0.25,0.15190502193785174,0.1421387452935726,48.69064931401921,216424.70684931506,,event-level continuation; 1 event = 1 trade,1.5,-3.8480949780621483,-3.8578612547064273,false,false,false
E-002,"level hits x state {'hit_class': 3, 'state': 3}",BTCUSDT,2022 (exploration),0.016666666666666666,0.3161384006692857,0.3077601328782493,45.42520486420909,25229.065934065933,,event-level continuation; 1 event = 1 trade,1.5,-3.683861599330714,-3.6922398671217507,false,false,false
E-002,"level hits x state {'hit_class': 2, 'state': 2}",BTCUSDT,2022 (exploration),0.016666666666666666,0.2522569807224557,0.2407116265305539,47.72062103244477,78442.04383561644,,event-level continuation; 1 event = 1 trade,1.5,-3.7477430192775443,-3.759288373469446,false,false,false
E-002,"level hits x state {'hit_class': 2, 'state': 0}",BTCUSDT,2022 (exploration),0.016666666666666666,0.2797782555614049,-0.361432347399212,0.8888516181228162,7.0,,event-level continuation; 1 event = 1 trade,1.5,-3.720221744438595,-4.361432347399212,false,false,false
E-002,"level hits x state {'hit_class': 2, 'state': 1}",BTCUSDT,2022 (exploration),0.016666666666666666,0.3304508192095745,0.2936823157884778,31.011254272560734,68660.56164383562,,event-level continuation; 1 event = 1 trade,1.5,-3.6695491807904257,-3.7063176842115224,false,false,false
E-002,"level hits x state {'hit_class': 0, 'state': 2}",BTCUSDT,2022 (exploration),1.0,0.14351120912955892,0.1288187731285189,28.531982161813392,216424.70684931506,,event-level continuation; 1 event = 1 trade,1.5,-3.8564887908704413,-3.871181226871481,false,false,false
E-002,"level hits x state {'hit_class': 2, 'state': 2}",BTCUSDT,2022 (exploration),1.0,0.1958405364614589,0.15754233379240645,9.68365948027163,78442.04383561644,,event-level continuation; 1 event = 1 trade,1.5,-3.804159463538541,-3.8424576662075935,false,false,false
E-002,"level hits x state {'hit_class': 4, 'state': 3}",BTCUSDT,2022 (exploration),0.016666666666666666,0.540316002067736,0.5180142574376387,27.96086395817973,6955.211538461538,,event-level continuation; 1 event = 1 trade,1.5,-3.459683997932264,-3.4819857425623613,false,false,false
E-002,"level hits x state {'hit_class': 0, 'state': 2}",BTCUSDT,2022 (exploration),0.016666666666666666,0.14969292514199978,0.1402549057919083,48.30608417279085,216424.70684931506,,event-level continuation; 1 event = 1 trade,1.5,-3.850307074858,-3.8597450942080918,false,false,false
E-002,"level hits x state {'hit_class': 1, 'state': 2}",BTCUSDT,2022 (exploration),0.08333333333333333,0.20597248813295577,0.196630869429735,45.597832143803494,89279.0301369863,,event-level continuation; 1 event = 1 trade,1.5,-3.794027511867044,-3.803369130570265,false,false,false
E-002,"level hits x state {'hit_class': 0, 'state': 3}",BTCUSDT,2022 (exploration),0.08333333333333333,0.1404694589887003,0.1314821374950275,51.69547100695312,254669.77472527474,,event-level continuation; 1 event = 1 trade,1.5,-3.8595305410112997,-3.8685178625049725,false,false,false
E-002,"level hits x state {'hit_class': 1, 'state': 3}",BTCUSDT,2022 (exploration),0.016666666666666666,0.17060052690882188,0.16126097807173276,49.364588112114504,109235.73351648351,,event-level continuation; 1 event = 1 trade,1.5,-3.8293994730911782,-3.838739021928267,false,false,false
E-002,"level hits x state {'hit_class': 2, 'state': 0}",BTCUSDT,2022 (exploration),0.08333333333333333,2.3878334034250237,1.0675466647341985,2.7860263609640366,7.0,,event-level continuation; 1 event = 1 trade,1.5,-1.6121665965749763,-2.9324533352658015,true,false,false
E-002,"level hits x state {'hit_class': 0, 'state': 1}",BTCUSDT,2022 (exploration),0.016666666666666666,0.18052986621163242,0.16079271253236008,41.81772934667467,196121.61917808218,,event-level continuation; 1 event = 1 trade,1.5,-3.8194701337883674,-3.83920728746764,false,false,false
E-002,"level hits x state {'hit_class': 1, 'state': 2}",BTCUSDT,2022 (exploration),0.016666666666666666,0.19677702998949184,0.18651350431211786,48.346835151921,89279.0301369863,,event-level continuation; 1 event = 1 trade,1.5,-3.8032229700105082,-3.813486495687882,false,false,false
E-002,"level hits x state {'hit_class': 1, 'state': 1}",BTCUSDT,2022 (exploration),0.25,0.2796314823988434,0.2301611358613122,19.28042392628513,79394.79178082192,,event-level continuation; 1 event = 1 trade,1.5,-3.7203685176011567,-3.7698388641386877,false,false,false
