n_events,side,bin,mean_q,median_q,mean_response,response_std,observations,standard_error,q_scale,r_scale,scaled_q,scaled_response,master_prediction,collapse_residual
100,negative,59,-0.0008155164839229512,-0.0006254327751755059,-0.0003234859165353491,0.0003861074916288899,28019,2.3066511203127928e-06,1.0754669601903522e-05,0.00010460369184373699,-75.82905975824761,-3.0924904354101668,-2.665907487128541,-0.4265829482816259
100,negative,58,-0.0003466248829174412,-0.0003406143557669195,-0.00023207992505385554,0.00022554888125336607,28019,1.3474552835883024e-06,1.0754669601903522e-05,0.00010460369184373699,-32.23017496103184,-2.2186590259218564,-2.195416312178922,-0.023242713742934296
100,negative,57,-0.0002517701691676729,-0.0002501553956467381,-0.00021305360662900898,0.0002817495180123222,28019,1.6832044326023245e-06,1.0754669601903522e-05,0.00010460369184373699,-23.410311844736803,-2.0367694760456514,-2.041266958726835,0.004497482681183662
100,negative,56,-0.0002021790204410223,-0.00020142905842931842,-0.00019896966565898235,0.00019926797116697192,28019,1.1904500661088988e-06,1.0754669601903522e-05,0.00010460369184373699,-18.79918471928116,-1.9021285210106607,-1.9414788909229557,0.03935036991229501
100,negative,55,-0.00017052953059096284,-0.0001701306492212003,-0.00019215915913239207,0.00020099399301667914,28018,1.200782949851606e-06,1.0754669601903522e-05,0.00010460369184373699,-15.856324452847902,-1.837020813944602,-1.8671255055518938,0.03010469160729179
100,negative,54,-0.00014839644755392488,-0.00014820599059453126,-0.00018658215025305872,0.00020825152805790332,28019,1.2441188811827531e-06,1.0754669601903522e-05,0.00010460369184373699,-13.798326963727408,-1.7837052112059855,-1.8082758612401213,0.024570650034135832
100,negative,53,-0.00013162687405699947,-0.00013149195535588383,-0.00017877048447246483,0.0001895751907144366,28019,1.1325442668832366e-06,1.0754669601903522e-05,0.00010460369184373699,-12.239043962234058,-1.7090265297664873,-1.7587740191853474,0.04974748941886009
100,negative,52,-0.00011846929174048007,-0.00011838601559513551,-0.00017687939673141607,0.0001886864360912843,28019,1.1272347432619031e-06,1.0754669601903522e-05,0.00010460369184373699,-11.015614251832675,-1.690947935142181,-1.7161990083455105,0.025251073203329533
100,negative,51,-0.00010772357658348381,-0.00010762978756780075,-0.00017128670468462113,0.0001863141336475762,28019,1.1130623321894973e-06,1.0754669601903522e-05,0.00010460369184373699,-10.016446861781535,-1.637482403015938,-1.6784353337871802,0.04095293077124218
100,negative,50,-9.875968550812137e-05,-9.87188099528663e-05,-0.00016998730218913038,0.00018407919640266705,28018,1.099730181709287e-06,1.0754669601903522e-05,0.00010460369184373699,-9.18295858113962,-1.6250602554551057,-1.6444515036640457,0.019391248208940004
100,negative,49,-9.108486491789217e-05,-9.104327159148498e-05,-0.00016544768854856464,0.00018581356190503317,28019,1.1100718583039412e-06,1.0754669601903522e-05,0.00010460369184373699,-8.469331768385578,-1.5816620391918854,-1.6132206304347172,0.03155859124283178
100,negative,48,-8.445218689741922e-05,-8.442625643950014e-05,-0.00016287303623430685,0.00018803613413204392,28019,1.1233497636245092e-06,1.0754669601903522e-05,0.00010460369184373699,-7.8526063583089165,-1.5570486410519426,-1.5843634621324967,0.027314821080554053
100,negative,47,-7.861571479730586e-05,-7.85887460812657e-05,-0.00015971559956261413,0.00018331686100110854,28019,1.095156276343001e-06,1.0754669601903522e-05,0.00010460369184373699,-7.309914456450739,-1.5268638873779568,-1.5572980639288954,0.030434176550938608
100,negative,46,-7.344285899123138e-05,-7.343081308932819e-05,-0.0001584310612605574,0.0001841989541130878,28018,1.1004456409855974e-06,1.0754669601903522e-05,0.00010460369184373699,-6.828927499384301,-1.5145838399014713,-1.5317914609141252,0.01720762101265394
100,negative,45,-6.882894024671561e-05,-6.88154898333434e-05,-0.00015606162197669674,0.0001808264863882823,28019,1.0802784883818303e-06,1.0754669601903522e-05,0.00010460369184373699,-6.399912112086943,-1.4919322561753419,-1.507650955192303,0.015718699016961102
100,negative,44,-6.467426684004108e-05,-6.465508181569273e-05,-0.00015505571056710578,0.00018773489481084838,28019,1.1215501248379463e-06,1.0754669601903522e-05,0.00010460369184373699,-6.01359867239381,-1.4823158517075756,-1.4846245807356986,0.0023087290281229578
100,negative,43,-6.0886738216079424e-05,-6.088566866329395e-05,-0.0001515418519375195,0.00018758811236533308,28019,1.120673229414442e-06,1.0754669601903522e-05,0.00010460369184373699,-5.661423406750011,-1.4487237425988886,-1.4624144471275038,0.013690704528615205
100,negative,42,-5.739267325691582e-05,-5.737674241511239e-05,-0.00015185939244677878,0.00018379481744494955,28019,1.098011643800378e-06,1.0754669601903522e-05,0.00010460369184373699,-5.336535233658653,-1.4517593955826633,-1.4407475534432252,-0.011011842139438066
100,negative,41,-5.418911116508267e-05,-5.417660789643007e-05,-0.00014921536296916215,0.00018272748057246535,28018,1.0916547298134882e-06,1.0754669601903522e-05,0.00010460369184373699,-5.038658849686231,-1.4264827592516394,-1.4197492214350202,-0.006733537816619117
100,negative,40,-5.1235806853620985e-05,-5.1227844083551375e-05,-0.00014581665745602167,0.00018419836074866003,28019,1.1004224584926069e-06,1.0754669601903522e-05,0.00010460369184373699,-4.7640521513141145,-1.3939915015031303,-1.3992976837568225,0.005306182253692171
100,negative,39,-4.8494414849506534e-05,-4.848488131606531e-05,-0.0001456066368844779,0.00018542381955753776,28019,1.1077434921313738e-06,1.0754669601903522e-05,0.00010460369184373699,-4.509149666571186,-1.3919837275150237,-1.3792456619586502,-0.012738065556373579
100,negative,38,-4.5937170943420766e-05,-4.5933677626116123e-05,-0.00014240879568226786,0.00018274410991398046,28019,1.0917345946470288e-06,1.0754669601903522e-05,0.00010460369184373699,-4.271369799709153,-1.3614127108917562,-1.3594871833348798,-0.0019255275568763608
100,negative,37,-4.3535797147713983e-05,-4.352574611926395e-05,-0.0001410457793408178,0.00019465167854063818,28019,1.1628717963547885e-06,1.0754669601903522e-05,0.00010460369184373699,-4.048083182398125,-1.3483824218319187,-1.3398813502187963,-0.008501071613122413
100,negative,36,-4.12744976680427e-05,-4.1264777032484346e-05,-0.00013744605497311652,0.00018381690637201529,28018,1.098163202557345e-06,1.0754669601903522e-05,0.00010460369184373699,-3.8378210764129213,-1.3139694455377477,-1.320361128473963,0.006391682936215171
100,negative,35,-3.916386272787211e-05,-3.916382608220622e-05,-0.00013581699432182215,0.00018260623866365216,28019,1.090910935741352e-06,1.0754669601903522e-05,0.00010460369184373699,-3.641568191080487,-1.298395801600515,-1.3010895647696012,0.002693763169086205
100,negative,34,-3.717968225926543e-05,-3.7172685661300634e-05,-0.00013414917644397946,0.00018540715739201246,28019,1.1076439504140824e-06,1.0754669601903522e-05,0.00010460369184373699,-3.4570734049035607,-1.2824516427620853,-1.2819206558574505,-0.0005309869046348226
100,negative,33,-3.529538494258991e-05,-3.5290634451005204e-05,-0.00013226158226153573,0.0001846718261977326,28019,1.1032509962242247e-06,1.0754669601903522e-05,0.00010460369184373699,-3.2818660404353848,-1.2644064461808449,-1.2626449345544373,-0.0017615116264075859
100,negative,32,-3.350103443365465e-05,-3.349822003434165e-05,-0.00012948293952265143,0.00020711012246119303,28018,1.2373220714732567e-06,1.0754669601903522e-05,0.00010460369184373699,-3.1150221879178077,-1.2378429216062516,-1.2431866431700285,0.0053437215637768265
100,negative,31,-3.1796643607255095e-05,-3.1794246716430645e-05,-0.00012880786697517285,0.00018600061370061671,28019,1.111189327514443e-06,1.0754669601903522e-05,0.00010460369184373699,-2.956543044486206,-1.2313893009397168,-1.2235711826288778,-0.007818118310839006
100,negative,30,-3.0186979390130023e-05,-3.018310505453859e-05,-0.00012673777264028205,0.00018846244975203176,28019,1.1258966227861983e-06,1.0754669601903522e-05,0.00010460369184373699,-2.8068718526496697,-1.2115994226055637,-1.2038933930820144,-0.007706029523549374
100,negative,29,-2.8648692317269283e-05,-2.8649625037064887e-05,-0.00012370768657261465,0.0001868528078926797,28019,1.1162804348626927e-06,1.0754669601903522e-05,0.00010460369184373699,-2.6638375122373454,-1.1826321269560571,-1.1838979417029554,0.0012658147468982417
100,negative,28,-2.7167164834057352e-05,-2.7162709783149473e-05,-0.00012203539738535313,0.00019051430782323345,28019,1.1381546618589271e-06,1.0754669601903522e-05,0.00010460369184373699,-2.5260808411305264,-1.1666452228823494,-1.1633885124306873,-0.0032567104516620926
100,negative,27,-2.5754580472147858e-05,-2.5751560869242134e-05,-0.00011923496656936502,0.00018818015793450573,28018,1.1242302406987143e-06,1.0754669601903522e-05,0.00010460369184373699,-2.3947346990175715,-1.139873406643095,-1.14253043871944,0.002657032076344823
100,negative,26,-2.4395018585938045e-05,-2.439686484190532e-05,-0.00011622264164496998,0.00018676265859011646,28019,1.1157418724305687e-06,1.0754669601903522e-05,0.00010460369184373699,-2.2683187386454207,-1.1110759056056076,-1.1210856546361354,0.01000974903052776
100,negative,25,-2.3090201705828805e-05,-2.309329272277135e-05,-0.00011374574606298012,0.00018792711759608123,28019,1.1226984861428162e-06,1.0754669601903522e-05,0.00010460369184373699,-2.146993125827125,-1.087397051271384,-1.0990633786224626,0.011666327351078642
100,negative,24,-2.183672614753097e-05,-2.1833820798555506e-05,-0.00011072361937394253,0.00019073362002609216,28019,1.1394648584994744e-06,1.0754669601903522e-05,0.00010460369184373699,-2.0304413762433,-1.058505846422207,-1.0763909396087896,0.0178850931865826
100,negative,23,-2.0629268538792567e-05,-2.0628111737688133e-05,-0.0001111351903013926,0.00019458896944229962,28018,1.1625179102547545e-06,1.0754669601903522e-05,0.00010460369184373699,-1.9181685074863937,-1.0624404200514523,-1.05294701535321,-0.009493404698242447
100,negative,22,-1.9461906012778983e-05,-1.945616022621205e-05,-0.00010697188950065028,0.00019113453561594917,28019,1.141859974923124e-06,1.0754669601903522e-05,0.00010460369184373699,-1.809623794424547,-1.0226397139065706,-1.0285738693770576,0.005934155470487035
100,negative,21,-1.8334072320267248e-05,-1.8329602989446088e-05,-0.00010158747777759605,0.00018992441438856823,28019,1.1346305697824036e-06,1.0754669601903522e-05,0.00010460369184373699,-1.7047545855822674,-0.9711653191873311,-1.0032064241328822,0.032041104945551124
100,negative,20,-1.7252496520461668e-05,-1.7248779666900118e-05,-0.00010293515970524221,0.0001958581455705601,28019,1.170079370894328e-06,1.0754669601903522e-05,0.00010460369184373699,-1.6041865681683112,-0.9840490129068549,-0.9769640981821858,-0.0070849147246691
100,negative,19,-1.6204135565050047e-05,-1.6201941851787547e-05,-9.870957900684406e-05,0.0001953035422883727,28019,1.1667661062985292e-06,1.0754669601903522e-05,0.00010460369184373699,-1.5067069621722267,-0.9436529176647236,-0.9494894596384335,0.005836541973709863
100,negative,18,-1.5191768801228456e-05,-1.5192712091984516e-05,-9.489994278027247e-05,0.00019362548874701042,28018,1.1567618616582254e-06,1.0754669601903522e-05,0.00010460369184373699,-1.4125741992612761,-0.9072332066638668,-0.9207935148149163,0.013560308151049583
100,negative,17,-1.4205392378844226e-05,-1.420231846060563e-05,-9.323332790022915e-05,0.0001936868638268261,28019,1.1571078808940444e-06,1.0754669601903522e-05,0.00010460369184373699,-1.3208580927795257,-0.8913005483545118,-0.8905134037218876,-0.0007871446326241927
100,negative,16,-1.3248301426870376e-05,-1.3245874534791992e-05,-8.809825686125537e-05,0.000192923715677402,28019,1.152548744974647e-06,1.0754669601903522e-05,0.00010460369184373699,-1.2318650332619696,-0.8422098236538497,-0.8586545667469846,0.016444743093134928
100,negative,15,-1.2309713534172548e-05,-1.2308723497529614e-05,-8.633890895771645e-05,0.00019566134811105614,28019,1.1689036799526049e-06,1.0754669601903522e-05,0.00010460369184373699,-1.14459244122142,-0.8253906476522308,-0.8247377443073842,-0.0006529033448465782
100,negative,14,-1.1397604067532792e-05,-1.1399247397645597e-05,-8.292172429621128e-05,0.00019693155874190316,28019,1.1764920661875258e-06,1.0754669601903522e-05,0.00010460369184373699,-1.0597818891168422,-0.7927227312405428,-0.7889277795412132,-0.0037949516993296406
100,negative,13,-1.0512873769521244e-05,-1.0512901565837028e-05,-7.758168671099613e-05,0.00019082805313406083,28018,1.14004935728473e-06,1.0754669601903522e-05,0.00010460369184373699,-0.9775171305737294,-0.7416725484879837,-0.7511940456999989,0.009521497212015229
100,negative,12,-9.647073116048571e-06,-9.64601606804376e-06,-7.478000197302785e-05,0.00019277717334263984,28019,1.1516732840007447e-06,1.0754669601903522e-05,0.00010460369184373699,-0.8970125046278584,-0.7148887448899846,-0.7110961247935325,-0.003792620096452093
100,negative,11,-8.797085443133514e-06,-8.794138703651665e-06,-7.029753144101154e-05,0.0001944512218562172,28019,1.161674244777265e-06,1.0754669601903522e-05,0.00010460369184373699,-0.8179782149306078,-0.6720368105747743,-0.6683736978111512,-0.0036631127636230776
100,negative,10,-7.970562038899408e-06,-7.96945661964985e-06,-6.351962367787181e-05,0.00019291795434962946,28019,1.1525143261315807e-06,1.0754669601903522e-05,0.00010460369184373699,-0.7411257001785214,-0.6072407441676253,-0.623359047912716,0.016118303745090712
100,negative,9,-7.162139164730137e-06,-7.162377851287489e-06,-5.969680811977763e-05,0.00019688824983340447,28018,1.1762543242098609e-06,1.0754669601903522e-05,0.00010460369184373699,-0.6659562245838286,-0.5706950401803805,-0.5757722777691312,0.0050772375887506715
100,negative,8,-6.36737498333504e-06,-6.365786318851384e-06,-5.472677001781896e-05,0.00019128671110368772,28019,1.1427690890089331e-06,1.0754669601903522e-05,0.00010460369184373699,-0.5920567733859575,-0.5231820125390312,-0.52536195127069,0.0021799387316587815
100,negative,7,-5.5766189956460884e-06,-5.576436778921983e-06,-4.992020814147205e-05,0.00019289306481130487,28019,1.152365633131043e-06,1.0754669601903522e-05,0.00010460369184373699,-0.5185300155254472,-0.477231799964056,-0.471501426170574,-0.005730373793482013
100,negative,6,-4.803259541374583e-06,-4.803342276231887e-06,-4.157965447185838e-05,0.0001960491046956204,28019,1.1712201829461638e-06,1.0754669601903522e-05,0.00010460369184373699,-0.4466208371965635,-0.39749700740937954,-0.41520274989830674,0.0177057424889272
100,negative,5,-4.04564314165636e-06,-4.043658624598714e-06,-3.746853491947607e-05,0.0001899783346310067,28019,1.134952695590177e-06,1.0754669601903522e-05,0.00010460369184373699,-0.37617549319602545,-0.3581951483648275,-0.3566296041769895,-0.0015655441878379972
100,negative,4,-3.295480565292912e-06,-3.294029591987756e-06,-3.0715752107874786e-05,0.000190853912740781,28018,1.1402038483437583e-06,1.0754669601903522e-05,0.00010460369184373699,-0.30642322705196157,-0.29363927378165333,-0.2954667896049681,0.0018275158233147515
100,negative,3,-2.552126309019205e-06,-2.5514226227166423e-06,-2.670419806603057e-05,0.0001911856780919965,28019,1.1421655060309833e-06,1.0754669601903522e-05,0.00010460369184373699,-0.23730401802092474,-0.25528925026779015,-0.23204687068456697,-0.02324237958322317
100,negative,2,-1.8183519052822356e-06,-1.818634410154343e-06,-1.685444194173745e-05,0.000192018676619085,28019,1.147141936241186e-06,1.0754669601903522e-05,0.00010460369184373699,-0.1690755711324127,-0.16112664519446965,-0.16711798884760445,0.005991343653134806
100,negative,1,-1.0898566142315694e-06,-1.0899197530516516e-06,-1.1258683323190327e-05,0.00019423334117950214,28019,1.1603726002406125e-06,1.0754669601903522e-05,0.00010460369184373699,-0.1013379912701986,-0.10763179697337255,-0.10090448379647575,-0.006727313176896801
100,negative,0,-3.639262151592599e-07,-3.653850097618749e-07,-3.853822105791738e-06,0.0001912918083007255,28019,1.1427995402576464e-06,1.0754669601903522e-05,0.00010460369184373699,-0.033838902414523905,-0.03684212323546667,-0.03382212114669125,-0.0030200020887754184
100,positive,0,3.5981512787762784e-07,3.601029755076483e-07,2.700483026481566e-06,0.0001901828949566063,27814,1.1403541010923645e-06,1.0754669601903522e-05,0.00010460369184373699,0.03345664173764505,0.02581632616290162,0.03344041705559615,-0.007624090892694533
100,positive,1,1.08161727262637e-06,1.0814089405821502e-06,1.0368351214548773e-05,0.0001895720553842333,27814,1.136691450928037e-06,1.0754669601903522e-05,0.00010460369184373699,0.10057187367568494,0.09912031814362357,0.10014798205210797,-0.001027663908484397
100,positive,2,1.8072289684594284e-06,1.8075342679084305e-06,1.7159680813182163e-05,0.0001945700184054571,27814,1.166659696125172e-06,1.0754669601903522e-05,0.00010460369184373699,0.16804132859084375,0.1640446958489408,0.16611863308125469,-0.0020739372323138883
100,positive,3,2.5373619747308924e-06,2.5396014778958703e-06,2.2235649761166207e-05,0.00018964563585895596,27814,1.1371326462107646e-06,1.0754669601903522e-05,0.00010460369184373699,0.23593118790760362,0.21257041094097423,0.23076159044010236,-0.01819117949912813
100,positive,4,3.2717409148575395e-06,3.2726406010464725e-06,3.083435125897866e-05,0.00019036851925519237,27814,1.1414671214310405e-06,1.0754669601903522e-05,0.00010460369184373699,0.3042158463220904,0.29477306886109517,0.2934827587240212,0.00129031013707398
100,positive,5,4.014196877726223e-06,4.01219264534102e-06,3.823205338623802e-05,0.00019221287323771958,27814,1.1525260372621453e-06,1.0754669601903522e-05,0.00010460369184373699,0.3732515294580254,0.36549430247023457,0.3541273304822964,0.01136697198793818
100,positive,6,4.76672754524895e-06,4.766178350751544e-06,4.1681578080061565e-05,0.0001986284707521874,27814,1.1909945490504986e-06,1.0754669601903522e-05,0.00010460369184373699,0.44322398750448483,0.3984713860991436,0.4124551607797262,-0.013983774680582595
100,positive,7,5.528920205708323e-06,5.527774406753983e-06,4.724495856896417e-05,0.0001930814356781215,27814,1.1577340174077475e-06,1.0754669601903522e-05,0.00010460369184373699,0.5140948453432481,0.45165670289669513,0.4681327365242164,-0.016476033627521258
100,positive,8,6.310793905751624e-06,6.311159666611682e-06,5.414270310759979e-05,0.00019248954284389948,27814,1.1541849736250967e-06,1.0754669601903522e-05,0.00010460369184373699,0.5867957026438678,0.5175983959388477,0.5216319433066937,-0.004033547367846002
100,positive,9,7.105170714082013e-06,7.102226312975829e-06,6.146008910654385e-05,0.0001942573903622662,27814,1.1647851496721351e-06,1.0754669601903522e-05,0.00010460369184373699,0.66065913478406,0.5875518160329988,0.5722805697737573,0.015271246259241478
100,positive,10,7.913502393958366e-06,7.91154471774527e-06,6.45263869540727e-05,0.0001964168372038462,27814,1.1777333912185085e-06,1.0754669601903522e-05,0.00010460369184373699,0.7358201308720554,0.6168652923882069,0.6201183864160172,-0.003253094027810377
100,positive,11,8.736453863678391e-06,8.735768802186887e-06,6.865645080250172e-05,0.0001926705351108483,27814,1.1552702198767545e-06,1.0754669601903522e-05,0.00010460369184373699,0.8123405169166781,0.6563482568575559,0.6651912037663683,-0.008842946908812377
100,positive,12,9.573152656787743e-06,9.573566060381617e-06,7.322328591561067e-05,0.00019200104686179417,27814,1.151255906861821e-06,1.0754669601903522e-05,0.00010460369184373699,0.8901391684867143,0.7000067074591959,0.7075171178735996,-0.007510410414403701
100,positive,13,1.0435682666442509e-05,1.0433396855917164e-05,7.770332284150846e-05,0.00019342461889291157,27814,1.1597917754753234e-06,1.0754669601903522e-05,0.00010460369184373699,0.9703396805974817,0.7428353767626686,0.7477511279632046,-0.0049157512005360005
100,positive,14,1.1328944505110688e-05,1.133029101874051e-05,8.169825025343869e-05,0.0001934117299831766,27814,1.15971449238907e-06,1.0754669601903522e-05,0.00010460369184373699,1.0533977262402856,0.7810264514897259,0.7861092848163879,-0.0050828333266619286
100,positive,15,1.223180843595787e-05,1.2231568963774136e-05,8.73737212871243e-05,0.0001941699963269815,27814,1.1642611270118918e-06,1.0754669601903522e-05,0.00010460369184373699,1.137348601931286,0.8352833417930238,0.8217934619742389,0.013489879818784911
100,positive,16,1.3158819050366458e-05,1.3156231741141675e-05,9.140159993244102e-05,0.00019612175189092328,27814,1.175964032586963e-06,1.0754669601903522e-05,0.00010460369184373699,1.2235447054586794,0.8737894267535221,0.855540217436089,0.018249209317433124
100,positive,17,1.4112313632562232e-05,1.410678804332075e-05,9.059012598410365e-05,0.00019483225067839282,27814,1.1682320649123296e-06,1.0754669601903522e-05,0.00010460369184373699,1.3122033642078994,0.8660318234219916,0.8875270650501077,-0.021495241628116113
100,positive,18,1.5103638457320006e-05,1.5100870694963795e-05,9.710017094234803e-05,0.00019533628716881512,27814,1.171254313990431e-06,1.0754669601903522e-05,0.00010460369184373699,1.4043795873233278,0.9282671503353997,0.9181855398670601,0.010081610468339663
100,positive,19,1.610932675122332e-05,1.6107927636968887e-05,0.00010057240190301522,0.00019224806244358807,27814,1.1527370349716684e-06,1.0754669601903522e-05,0.00010460369184373699,1.4978913669623146,0.9614613034237458,0.9468965898955846,0.014564713528161244
100,positive,20,1.7155089121621505e-05,1.7153083845097013e-05,0.00010169165798691905,0.00019527941435835402,27814,1.1709132993967434e-06,1.0754669601903522e-05,0.00010460369184373699,1.5951293490769014,0.972161270740156,0.9744999128291119,-0.0023386420889558446
100,positive,21,1.823017510057367e-05,1.8226324291945414e-05,0.00010544684406975026,0.00018969316936019555,27814,1.137417661448808e-06,1.0754669601903522e-05,0.00010460369184373699,1.69509392434957,1.008060444245819,1.0007709466224597,0.007289497623359287
100,positive,22,1.933919611646129e-05,1.933961922441438e-05,0.00010884344311334925,0.00019857226396145235,27814,1.1906575279722436e-06,1.0754669601903522e-05,0.00010460369184373699,1.7982138766065254,1.0405315643729462,1.0259048593271258,0.01462670504582042
100,positive,23,2.04857169746262e-05,2.0484711045417897e-05,0.00010924308205051998,0.00019109617732900803,27814,1.1458302260565012e-06,1.0754669601903522e-05,0.00010460369184373699,1.9048206716643652,1.044352069463414,1.0500449205847386,-0.00569285112132456
100,positive,24,2.1678725843658634e-05,2.1680098692064746e-05,0.00011334143891909254,0.00019143108425952713,27814,1.1478383587636454e-06,1.0754669601903522e-05,0.00010460369184373699,2.0157500551966385,1.0835319186287278,1.0734172574166179,0.01011466121210991
100,positive,25,2.2928219635591196e-05,2.2923728274276016e-05,0.00011804501450069822,0.00019225251455614134,27814,1.1527637302473386e-06,1.0754669601903522e-05,0.00010460369184373699,2.1319315687329916,1.1284975933453731,1.0962213671235546,0.03227622622181858
100,positive,26,2.422896075749978e-05,2.422817760769235e-05,0.00012010915819437012,0.0002034524685279282,27814,1.2199196826619183e-06,1.0754669601903522e-05,0.00010460369184373699,2.252878205873603,1.1482305841919622,1.1183653332324628,0.029865250959499434
100,positive,27,2.5571335224978845e-05,2.556536991089223e-05,0.00012137702502634115,0.00019188811305674206,27814,1.1505787453969452e-06,1.0754669601903522e-05,0.00010460369184373699,2.377696030796971,1.1603512542144414,1.1397223588146947,0.02062889539974666
100,positive,28,2.6976038386493403e-05,2.69752585215984e-05,0.00012184313584915923,0.0001922305237324683,27814,1.1526318712493585e-06,1.0754669601903522e-05,0.00010460369184373699,2.508309356311493,1.1648072233547504,1.1606445430960899,0.004162680258660512
100,positive,29,2.8435673560786666e-05,2.8433064275071692e-05,0.00012502552373133818,0.00019019132811133832,27814,1.140404667062485e-06,1.0754669601903522e-05,0.00010460369184373699,2.644030417796721,1.1952305079070105,1.1810284603301704,0.014202047576840071
100,positive,30,2.9958646693738924e-05,2.9957200588350388e-05,0.00012717755847752003,0.00018823132035745348,27813,1.1286725704297226e-06,1.0754669601903522e-05,0.00010460369184373699,2.785640824190117,1.215803727726027,1.2010026378943002,0.014801089831726788
100,positive,31,3.1561010362652974e-05,3.155213485356996e-05,0.0001315384404597982,0.00019021629968747427,27814,1.1405543989259308e-06,1.0754669601903522e-05,0.00010460369184373699,2.934633190132297,1.257493288633616,1.2207641085385221,0.03672918009509396
100,positive,32,3.325198499334104e-05,3.3250243684506285e-05,0.00013398740676853266,0.0001871743632369,27814,1.122314668652258e-06,1.0754669601903522e-05,0.00010460369184373699,3.0918648572389063,1.2809051421310327,1.2403927126084568,0.04051242952257583
100,positive,33,3.5017301298391795e-05,3.501062144984535e-05,0.0001327235858115983,0.00018597112739192158,27814,1.1150999560425066e-06,1.0754669601903522e-05,0.00010460369184373699,3.256009026273937,1.2688231502370722,1.259703341136447,0.009119809100625043
100,positive,34,3.686955014253951e-05,3.686417225138242e-05,0.00013730070951483851,0.00018760739495366144,27814,1.1249111665877041e-06,1.0754669601903522e-05,0.00010460369184373699,3.4282364319229095,1.3125799586495113,1.2788235289861667,0.03375642966334458
100,positive,35,3.8830948865934175e-05,3.882509487569105e-05,0.0001379250550142247,0.00018632587127813,27814,1.1172270329574285e-06,1.0754669601903522e-05,0.00010460369184373699,3.610612906142769,1.3185486342132655,1.297948127087034,0.020600507126231404
100,positive,36,4.0909915948136217e-05,4.090708168541768e-05,0.00014032007009890925,0.00018469563568275748,27814,1.1074519906364355e-06,1.0754669601903522e-05,0.00010460369184373699,3.8039212232884743,1.3414447198338606,1.3171085509094613,0.02433616892439927
100,positive,37,4.310594051068297e-05,4.310143869669206e-05,0.00014322358352071246,0.0001877216178197235,27814,1.1255960573807596e-06,1.0754669601903522e-05,0.00010460369184373699,4.008113880416506,1.369201994654912,1.336253820544877,0.03294817411003503
100,positive,38,4.5453853106707246e-05,4.545134699968075e-05,0.00014553843813045676,0.0001857140554429058,27814,1.1135585290314031e-06,1.0754669601903522e-05,0.00010460369184373699,4.226429522173525,1.3913317547899786,1.3556273568735466,0.035704397916431985
100,positive,39,4.7963425205560745e-05,4.7954767047519585e-05,0.0001461666915593377,0.00018484446142526403,27814,1.1083443634539497e-06,1.0754669601903522e-05,0.00010460369184373699,4.459776727782643,1.3973377897377648,1.3752310688584453,0.02210672087931953
100,positive,40,5.0658648288894134e-05,5.0643757806995984e-05,0.0001504559035474356,0.00018434406317409906,27814,1.1053439295925049e-06,1.0754669601903522e-05,0.00010460369184373699,4.710386293961816,1.4383421932391762,1.3951660609643448,0.043176132274831414
100,positive,41,5.353374575132904e-05,5.352548678471913e-05,0.00014969534751072021,0.000192042163748953,27814,1.1515024474926513e-06,1.0754669601903522e-05,0.00010460369184373699,4.9777210953885405,1.4310713596451619,1.4153063615267136,0.015764998118448226
100,positive,42,5.6662150472214516e-05,5.6653751731321154e-05,0.00015300089639361903,0.00018592014982278868,27814,1.1147942898571343e-06,1.0754669601903522e-05,0.00010460369184373699,5.26860913162647,1.4626720500666512,1.43605991546765,0.026612134599001136
100,positive,43,6.006629972297812e-05,6.005453330091065e-05,0.0001532941807778703,0.0001848156197803241,27814,1.1081714263025986e-06,1.0754669601903522e-05,0.00010460369184373699,5.585136684473012,1.465475817114275,1.4574341373939157,0.008041679720359296
100,positive,44,6.380642177017257e-05,6.378444351909127e-05,0.0001587958954132684,0.00018516505613935794,27814,1.110266678797235e-06,1.0754669601903522e-05,0.00010460369184373699,5.9329039507526256,1.5180716150103652,1.4796440385701535,0.038427576440211775
100,positive,45,6.792980249349182e-05,6.790864672612471e-05,0.00015919296607978638,0.00018274557578030318,27814,1.0957592524033418e-06,1.0754669601903522e-05,0.00010460369184373699,6.316307707069735,1.5218675677106883,1.502777241918815,0.019090325791873308
100,positive,46,7.244003260235797e-05,7.243610578565492e-05,0.00016225262770578356,0.00018512925457827686,27814,1.1100520093496298e-06,1.0754669601903522e-05,0.00010460369184373699,6.735681827876557,1.551117602504564,1.5266627373295023,0.02445486517506179
100,positive,47,7.743379998023057e-05,7.741019638033108e-05,0.0001620526988897833,0.0001823003864782297,27814,1.0930898564700336e-06,1.0754669601903522e-05,0.00010460369184373699,7.200016629662446,1.54920630460985,1.5516039060104683,-0.0023976014006181767
100,positive,48,8.311753519203234e-05,8.308223244234683e-05,0.0001648704802177061,0.0001874028221549941,27814,1.1236845293026555e-06,1.0754669601903522e-05,0.00010460369184373699,7.728506617936543,1.576143989869871,1.5783214096516085,-0.0021774197817374663
100,positive,49,8.962683627192488e-05,8.95743475463399e-05,0.00016746072230151883,0.00018427594821419785,27814,1.1049355060385e-06,1.0754669601903522e-05,0.00010460369184373699,8.33376008650804,1.6009064245235367,1.6070357179581656,-0.0061292934346288686
100,positive,50,9.711198066355229e-05,9.705157498622174e-05,0.000170559883048409,0.00018574345689197563,27814,1.1137348228197192e-06,1.0754669601903522e-05,0.00010460369184373699,9.029750262747632,1.6305340666484427,1.637924538359439,-0.007390471710996271
100,positive,51,0.0001058414091384346,0.00010577605511442019,0.0001745075076355067,0.00018630207803698882,27814,1.117084366498808e-06,1.0754669601903522e-05,0.00010460369184373699,9.841437538880898,1.6682729314773712,1.6715014980186622,-0.0032285665412910003
100,positive,52,0.00011635179113749697,0.00011627819605230998,0.0001778521539448611,0.00018861478879564486,27814,1.1309515925649356e-06,1.0754669601903522e-05,0.00010460369184373699,10.818722977496519,1.7002473890744398,1.708988312667199,-0.008740923592759131
100,positive,53,0.00012916810963346082,0.00012903207856815413,0.0001791441315973349,0.00018346194385194218,27814,1.100054661139083e-06,1.0754669601903522e-05,0.00010460369184373699,12.010420999878853,1.7125985559376882,1.7510910482139848,-0.038492492276296586
100,positive,54,0.00014551782141635275,0.00014529176141152205,0.00018591421203473934,0.0001889826926994696,27814,1.1331575781538613e-06,1.0754669601903522e-05,0.00010460369184373699,13.530664055974052,1.7773197939559215,1.8001119126967218,-0.022792118740800227
100,positive,55,0.00016727002574912716,0.00016697313314918816,0.00019009518287962376,0.00019515639894489926,27814,1.1701756876821741e-06,1.0754669601903522e-05,0.00010460369184373699,15.553246351661162,1.8172894238149728,1.8588583871933435,-0.04156896337837068
100,positive,56,0.00019751362957714478,0.00019693449697435428,0.000199477768761359,0.00019780032061866436,27814,1.1860288848076723e-06,1.0754669601903522e-05,0.00010460369184373699,18.365383306818263,1.906985931809657,1.9311277154371886,-0.02414178362753172
100,positive,57,0.0002446464474603875,0.00024319242309727004,0.00021131607190917872,0.00021085715782815634,27814,1.2643188796178621e-06,1.0754669601903522e-05,0.00010460369184373699,22.747927785441803,2.020158831725125,2.027943978228519,-0.007785146503394014
100,positive,58,0.00033468333151562995,0.0003295050525761751,0.00022855962202594841,0.00023115764241688345,27814,1.386042449238565e-06,1.0754669601903522e-05,0.00010460369184373699,31.11981528994556,2.1850053090610215,2.1779831598596426,0.007022149201378891
100,positive,59,0.000781186568180812,0.000598324493690757,0.0003149215550020809,0.0004996856319966143,27814,2.996160931477479e-06,1.0754669601903522e-05,0.00010460369184373699,72.6369658108833,3.010616063843414,2.6400404620067333,0.3705756018366806
250,negative,59,-0.0013874494432514304,-0.0011068883980637982,-0.0004961918092226413,0.0005349520529683772,11248,5.044024701194729e-06,2.9963819130470394e-05,0.00019232552029651215,-46.30415893281523,-2.579958231531896,-2.3837406476482914,-0.19621758388360444
250,negative,58,-0.0006564553867662091,-0.0006472245342744757,-0.00038189973241487245,0.0003502691866924147,11247,3.302809966036407e-06,2.9963819130470394e-05,0.00019232552029651215,-21.908268232024387,-1.9856945236705452,-2.0106098380954642,0.02491531442491901
250,negative,57,-0.0004913984382944734,-0.000488422992764811,-0.0003638539362516933,0.00034649349440069347,11247,3.267207650435822e-06,2.9963819130470394e-05,0.00019232552029651215,-16.399726488629323,-1.8918650821312342,-1.8816373112057418,-0.010227770925492319
250,negative,56,-0.00040244063402744074,-0.0004012956849116158,-0.00033711736601915287,0.0003289990471302066,11248,3.102108518298159e-06,2.9963819130470394e-05,0.00019232552029651215,-13.430885838521043,-1.7528478045940663,-1.797035222244155,0.04418741765008871
250,negative,55,-0.000344191467045927,-0.0003437818199188252,-0.0003268961568368155,0.00045066566628542543,11247,4.2494832845945405e-06,2.9963819130470394e-05,0.00019232552029651215,-11.486902438812166,-1.6997024437153898,-1.7330376119419555,0.03333516822656568
250,negative,54,-0.0003022558112357348,-0.0003019111943251127,-0.000315249445939119,0.00030417356758946,11247,2.8681583439468245e-06,2.9963819130470394e-05,0.00019232552029651215,-10.087359355615954,-1.6391451610430718,-1.6812161526815426,0.04207099163847072
250,negative,53,-0.00027000706927499455,-0.0002697313930793425,-0.00031181360211950137,0.00031291279090907043,11247,2.9505635196575094e-06,2.9963819130470394e-05,0.00019232552029651215,-9.011103294253392,-1.621280429340693,-1.637123767238105,0.01584333789741188
250,negative,52,-0.00024431459308001563,-0.00024409492816924235,-0.0003062874733375848,0.0003108065989392897,11248,2.9305732236095816e-06,2.9963819130470394e-05,0.00019232552029651215,-8.153653311555688,-1.592547223402153,-1.5986842829935861,0.0061370595914331805
250,negative,51,-0.00022317977304050268,-0.0002230407968137077,-0.0002938115086445469,0.00030141207745723825,11247,2.8421192931929184e-06,2.9963819130470394e-05,0.00019232552029651215,-7.448308644125734,-1.5276782207144,-1.5643626754236912,0.03668445470929127
250,negative,50,-0.00020549602196283677,-0.00020535767295710655,-0.0002912355734698086,0.00030303334916715046,11247,2.8574068279364557e-06,2.9963819130470394e-05,0.00019232552029651215,-6.858138512585887,-1.514284599468676,-1.5333852766994922,0.01910067723081621
250,negative,49,-0.00019022394551357477,-0.00019014654949837774,-0.00028533944389033206,0.0003183589936039715,11247,3.001917658763012e-06,2.9963819130470394e-05,0.00019232552029651215,-6.348454604043944,-1.4836275677321369,-1.504658131117578,0.02103056338544107
250,negative,48,-0.00017690835209518036,-0.0001768633508568112,-0.00028252646144637185,0.00030131985982636737,11248,2.8411234380561853e-06,2.9963819130470394e-05,0.00019232552029651215,-5.904065544010749,-1.469001414948963,-1.4778489338637681,0.008847518914805175
250,negative,47,-0.00016517434473572765,-0.00016510936910732937,-0.0002760564032730923,0.00030620166205646405,11247,2.887281951937973e-06,2.9963819130470394e-05,0.00019232552029651215,-5.512459677336686,-1.4353602311720801,-1.4526296979590954,0.017269466787015242
250,negative,46,-0.0001547756228942954,-0.00015472994602195076,-0.0002732800466517693,0.0003040983463171016,11247,2.8674490564118595e-06,2.9963819130470394e-05,0.00019232552029651215,-5.165417072515402,-1.4209245150120895,-1.4288267973593347,0.007902282347245215
250,negative,45,-0.00014536708604356646,-0.00014532820631763687,-0.00026918069178298457,0.0002973498638816281,11247,2.80381526876991e-06,2.9963819130470394e-05,0.00019232552029651215,-4.851420488509817,-1.3996098456823787,-1.4059269022469112,0.006317056564532519
250,negative,44,-0.00013682080842922266,-0.00013678547069570209,-0.0002652127755987817,0.0003062286520747478,11248,2.887408089580511e-06,2.9963819130470394e-05,0.00019232552029651215,-4.566200584560622,-1.378978594155876,-1.3838299863097379,0.004851392153861767
250,negative,43,-0.00012897368364992652,-0.0001289558987910738,-0.00026276201644006615,0.00030259485280113103,11247,2.8532720932158953e-06,2.9963819130470394e-05,0.00019232552029651215,-4.304313915670796,-1.3662358278556097,-1.362290397233292,-0.003945430622317669
250,negative,42,-0.00012182415812658208,-0.00012177792771541116,-0.000255285514649256,0.00030941382107916844,11247,2.917570516378551e-06,2.9963819130470394e-05,0.00019232552029651215,-4.0657086333396775,-1.3273616223976785,-1.3414691585290421,0.014107536131363618
250,negative,41,-0.0001152512439975972,-0.00011521828535757285,-0.00025619680050673825,0.00030385350075469116,11248,2.8650129574168647e-06,2.9963819130470394e-05,0.00019232552029651215,-3.846346939145601,-1.3320998695948123,-1.3211743571809635,-0.01092551241384876
250,negative,40,-0.00010915236222117288,-0.0001091569816258241,-0.00025383578399859537,0.00030290243256348164,11247,2.8561723697547355e-06,2.9963819130470394e-05,0.00019232552029651215,-3.6428054029392793,-1.3198237218194009,-1.3012145200290492,-0.018609201790351637
250,negative,39,-0.00010338944649775742,-0.00010335609940824084,-0.000245284082823615,0.0003051732010302435,11247,2.877584235278517e-06,2.9963819130470394e-05,0.00019232552029651215,-3.4504762576349974,-1.2753589978358337,-1.2812146307291588,0.005855632893325025
250,negative,38,-9.813912502914326e-05,-9.810378483651695e-05,-0.00024128535679715738,0.0003059828652786317,11247,2.8852188410340846e-06,2.9963819130470394e-05,0.00019232552029651215,-3.27525421915743,-1.2545675499806934,-1.2618952273549875,0.007327677374294073
250,negative,37,-9.318858176121649e-05,-9.317111172081868e-05,-0.00023821985023685666,0.0003010504472539475,11248,2.8385831661522685e-06,2.9963819130470394e-05,0.00019232552029651215,-3.1100368532945937,-1.2386283935152667,-1.2425871685577026,0.003958775042435914
250,negative,36,-8.85240426407854e-05,-8.850247234004926e-05,-0.00023422665535566525,0.00032284408016984876,11247,3.044209099663646e-06,2.9963819130470394e-05,0.00019232552029651215,-2.9543644705412317,-1.2178657049493653,-1.2232931473483362,0.005427442398970861
250,negative,35,-8.40844196018835e-05,-8.409209359215456e-05,-0.0002283334591595865,0.0003035204764904281,11247,2.862000120864226e-06,2.9963819130470394e-05,0.00019232552029651215,-2.8061983432671815,-1.1872239253925334,-1.2038020861725744,0.01657816078004104
250,negative,34,-7.990257505643615e-05,-7.990207217597873e-05,-0.0002275434359393179,0.000314450833031106,11247,2.9650662536742e-06,2.9963819130470394e-05,0.00019232552029651215,-2.666635207899207,-1.1831161854573933,-1.1843011910193142,0.0011850055619209154
250,negative,33,-7.59545361464675e-05,-7.595657213312824e-05,-0.0002234123292474955,0.00031944942962564325,11248,3.012065856880751e-06,2.9963819130470394e-05,0.00019232552029651215,-2.534875004275702,-1.1616364219530313,-1.1647377177989857,0.0031012958459544215
250,negative,32,-7.218066230084472e-05,-7.217778404219072e-05,-0.0002133340965797617,0.0003052476641840827,11247,2.8782863742503316e-06,2.9963819130470394e-05,0.00019232552029651215,-2.4089273128552477,-1.1092344700321632,-1.144850826193797,0.03561635616163383
250,negative,31,-6.856623882948689e-05,-6.855982321761898e-05,-0.00020935709805270793,0.0003043885100533853,11247,2.8701851111845617e-06,2.9963819130470394e-05,0.00019232552029651215,-2.2883010517094418,-1.0885559947007442,-1.1245722720135147,0.03601627731277057
250,negative,30,-6.514817182997484e-05,-6.514123690749542e-05,-0.000211956373614018,0.00031485498503319763,11247,2.9688771434441704e-06,2.9963819130470394e-05,0.00019232552029651215,-2.174227909543255,-1.1020709747060118,-1.1041396651925228,0.002068690486511038
250,negative,29,-6.188650376753013e-05,-6.187898848456183e-05,-0.0002099812443437151,0.00032591634587839736,11248,3.0730419483611915e-06,2.9963819130470394e-05,0.00019232552029651215,-2.0653743602596157,-1.0918012545604077,-1.0833543841453794,-0.00844687041502823
250,negative,28,-5.873409994128413e-05,-5.8731721711097e-05,-0.00020362084263850206,0.0003205274000738766,11247,3.022364317422455e-06,2.9963819130470394e-05,0.00019232552029651215,-1.960167350014373,-1.058730231560407,-1.0619147307717547,0.003184499211347669
250,negative,27,-5.57300811505416e-05,-5.572153841843793e-05,-0.00019071615774948837,0.00030919038671683237,11247,2.915463676077675e-06,2.9963819130470394e-05,0.00019232552029651215,-1.859912480043952,-0.9916320905070601,-1.0400891743655487,0.04845708385848857
250,negative,26,-5.2848475076810126e-05,-5.284599982495728e-05,-0.00019184691120943426,0.00030995513663818866,11248,2.922544846383887e-06,2.9963819130470394e-05,0.00019232552029651215,-1.7637429610255584,-0.9975114634483244,-1.0177097733130223,0.02019830986469784
250,negative,25,-5.006622495837729e-05,-5.005587693188599e-05,-0.00018352877598307917,0.00031006683047384346,11247,2.9237279690423557e-06,2.9963819130470394e-05,0.00019232552029651215,-1.6708893062121255,-0.9542611698131852,-0.9945914787208022,0.04033030890761702
250,negative,24,-4.7400650858171e-05,-4.7396935497580034e-05,-0.00017854792447211158,0.0003431804937739153,11247,3.2359682154431672e-06,2.9963819130470394e-05,0.00019232552029651215,-1.5819295481585987,-0.9283631428467769,-0.970877226454053,0.042514083607276154
250,negative,23,-4.4810820692131956e-05,-4.481081780416546e-05,-0.00018300043809786517,0.0003138244649360094,11247,2.959160011088526e-06,2.9963819130470394e-05,0.00019232552029651215,-1.495497636566747,-0.9515140674816825,-0.9461892898942307,-0.005324777587451868
250,negative,22,-4.229408634590359e-05,-4.229121330075276e-05,-0.00017170184487116336,0.00031353937634592246,11248,2.9563403866019204e-06,2.9963819130470394e-05,0.00019232552029651215,-1.4115051943727184,-0.8927668288974191,-0.92045433999005,0.0276875110926309
250,negative,21,-3.9882002953938555e-05,-3.9884411064402325e-05,-0.0001753275121218575,0.0003175580369069648,11247,2.994365159537437e-06,2.9963819130470394e-05,0.00019232552029651215,-1.3310053294702442,-0.9116185509419215,-0.8939853619611877,-0.01763318898073374
250,negative,20,-3.750568551875623e-05,-3.7500660164000157e-05,-0.00016198370493764196,0.0003105953708818086,11247,2.9287117603468794e-06,2.9963819130470394e-05,0.00019232552029651215,-1.2516991026893654,-0.8422371856210679,-0.8659820442215352,0.023744858600467378
250,negative,19,-3.520454150259933e-05,-3.5209961662971905e-05,-0.00015843730025574332,0.0003137958908733358,11247,2.95889057631506e-06,2.9963819130470394e-05,0.00019232552029651215,-1.174901682235814,-0.8237975907278313,-0.836836972613429,0.013039381885597723
250,negative,18,-3.3006527846739607e-05,-3.2999910561838705e-05,-0.00014969576620213086,0.00031524954159871713,11248,2.9724654126306196e-06,2.9963819130470394e-05,0.00019232552029651215,-1.1015460914051194,-0.7783458272794056,-0.8069336144436421,0.02858778716423649
250,negative,17,-3.0881335256186695e-05,-3.0882722305376325e-05,-0.00015404016670917444,0.00032362076188263385,11247,3.051532701621467e-06,2.9963819130470394e-05,0.00019232552029651215,-1.0306208004300517,-0.8009346158101515,-0.7759064669224085,-0.025028148887742963
250,negative,16,-2.8780746438134016e-05,-2.8771983257406115e-05,-0.00014114259746700987,0.0003137516977225062,11247,2.958473863727896e-06,2.9963819130470394e-05,0.00019232552029651215,-0.9605166254947353,-0.7338734726905065,-0.7429983162913923,0.009124843600885835
250,negative,15,-2.6757706558941358e-05,-2.675483335395098e-05,-0.00013182573026175324,0.00031977625577496926,11247,3.015281516620621e-06,2.9963819130470394e-05,0.00019232552029651215,-0.8930005364947381,-0.6854302541779939,-0.7090101280843236,0.023579873906329762
250,negative,14,-2.4785064257327877e-05,-2.4784408378468532e-05,-0.00013184439882758112,0.00031889438469189543,11248,3.0068323778417193e-06,2.9963819130470394e-05,0.00019232552029651215,-0.827166395225093,-0.6855273217215996,-0.6735209760289256,-0.012006345692674003
250,negative,13,-2.287449487331076e-05,-2.2875295506965567e-05,-0.00011986567457871456,0.0003160852068975472,11247,2.9804773332078724e-06,2.9963819130470394e-05,0.00019232552029651215,-0.7634038496130671,-0.6232437296616447,-0.6367759771061418,0.013532247444497103
250,negative,12,-2.103071251608226e-05,-2.102703775860194e-05,-0.00011487667277543393,0.00037664697651023185,11247,3.5515353189998824e-06,2.9963819130470394e-05,0.00019232552029651215,-0.7018702263723118,-0.597303325103846,-0.598961034895482,0.0016577097916360417
250,negative,11,-1.9220497190169402e-05,-1.9224050341196493e-05,-0.00010756251654346048,0.00031585601821965706,11248,2.9781838373749377e-06,2.9963819130470394e-05,0.00019232552029651215,-0.641456855231914,-0.5592732382973886,-0.5594667967197334,0.00019355842234480836
250,negative,10,-1.7431103846899117e-05,-1.7433965969023185e-05,-0.00010074874003070167,0.000317087369142461,11247,2.9899270695130913e-06,2.9963819130470394e-05,0.00019232552029651215,-0.5817383882541635,-0.5238448848357478,-0.5180284951791939,-0.005816389656553844
250,negative,9,-1.565786705641085e-05,-1.5654423583251102e-05,-9.031351338872544e-05,0.00031606825790354056,11247,2.980317515249439e-06,2.9963819130470394e-05,0.00019232552029651215,-0.5225591233291176,-0.4695867363285292,-0.4745498517553644,0.004963115426835196
250,negative,8,-1.3930807888412741e-05,-1.3930921586390286e-05,-7.864471544973533e-05,0.00032065846984281275,11247,3.0236002198527434e-06,2.9963819130470394e-05,0.00019232552029651215,-0.46492097111367275,-0.40891461168797144,-0.42986897916076605,0.02095436747279461
250,negative,7,-1.2225891399360537e-05,-1.2221859288381122e-05,-7.410336764662669e-05,0.00031359498266009,11248,2.9568646945668066e-06,2.9963819130470394e-05,0.00019232552029651215,-0.408021799428363,-0.3853017921510366,-0.3835200238375801,-0.0017817683134564999
250,negative,6,-1.0550290709959143e-05,-1.0543502614904929e-05,-6.696418760882125e-05,0.00031969784009013333,11247,3.0145421078595615e-06,2.9963819130470394e-05,0.00019232552029651215,-0.35210100101126585,-0.34818149721150476,-0.33586334311265176,-0.012318154098853007
250,negative,5,-8.889141332640052e-06,-8.88023204698559e-06,-5.5689972697605114e-05,0.0003174256915195808,11247,2.9931172288572117e-06,2.9963819130470394e-05,0.00019232552029651215,-0.2966624946551165,-0.28956101411683044,-0.28667216062232975,-0.002888853494500687
250,negative,4,-7.232074650374372e-06,-7.222414486946847e-06,-4.284133663266203e-05,0.000319814713301012,11247,3.0156441460071293e-06,2.9963819130470394e-05,0.00019232552029651215,-0.24136024246054905,-0.22275429993176504,-0.2358389142608617,0.013084614329096661
250,negative,3,-5.613836881829365e-06,-5.615445886228439e-06,-4.169041089055665e-05,0.0003222123455870528,11248,3.0381171941535862e-06,2.9963819130470394e-05,0.00019232552029651215,-0.18735385023468587,-0.21677004084679816,-0.18471037452370612,-0.03205966632309204
250,negative,2,-4.002313051298721e-06,-4.000998291517148e-06,-2.5105740928719607e-05,0.0003183592999512635,11247,3.0019205474181595e-06,2.9963819130470394e-05,0.00019232552029651215,-0.13357152617533805,-0.13053775125637815,-0.13259218798164848,0.0020544367252703366
250,negative,1,-2.3985021621184584e-06,-2.3965654987229943e-06,-1.297028185080251e-05,0.00031336762254216875,11247,2.954852285291881e-06,2.9963819130470394e-05,0.00019232552029651215,-0.08004661060309921,-0.06743921363533016,-0.07983086699263907,0.012391653357308907
250,negative,0,-7.987084995687538e-07,-7.925110482158802e-07,-7.320627526805646e-06,0.0003208344799371529,11248,3.0251253973477635e-06,2.9963819130470394e-05,0.00019232552029651215,-0.026655764276608592,-0.038063734420264596,-0.026647501376075754,-0.011416233044188841
250,positive,0,7.8457872372472e-07,7.881976308177231e-07,4.818845317333611e-06,0.00030930404743310214,11086,2.9376372459368396e-06,2.9963819130470394e-05,0.00019232552029651215,0.026184203031945182,0.025055672850406434,0.026176366699770755,-0.001120693849364321
250,positive,1,2.363274052193676e-06,2.355142565330907e-06,1.8687626826624544e-05,0.0003153204804286072,11086,2.994778747323438e-06,2.9963819130470394e-05,0.00019232552029651215,0.07887092235817322,0.09716665161135897,0.07866442810924369,0.018502223502115278
250,positive,2,3.94663407498664e-06,3.941065913346973e-06,2.395773229158061e-05,0.0003198081444806333,11086,3.037400656657925e-06,2.9963819130470394e-05,0.00019232552029651215,0.13171331924685406,0.12456865971112148,0.13077357028152045,-0.006204910570398972
250,positive,3,5.533633955824451e-06,5.539247266805454e-06,3.3914958559776646e-05,0.0003089252028333305,11086,2.934039142336363e-06,2.9963819130470394e-05,0.00019232552029651215,0.18467719123952608,0.176341436682398,0.1821425738562279,-0.005801137173829907
250,positive,4,7.143274031587052e-06,7.144654540913577e-06,4.955454349223708e-05,0.0003133452463510843,11085,2.976153054099757e-06,2.9963819130470394e-05,0.00019232552029651215,0.23839664765306942,0.25765973967385003,0.23306914868194742,0.02459059099190261
250,positive,5,8.789414410636481e-06,8.793225324008867e-06,5.6839317435632246e-05,0.00031583642817601337,11086,2.9996789978449423e-06,2.9963819130470394e-05,0.00019232552029651215,0.2933342499620975,0.29553705274267256,0.28366071493249334,0.011876337810179216
250,positive,6,1.0439745275985194e-05,1.0440808407558172e-05,6.379570883846779e-05,0.000314401609991352,11086,2.9860517098240175e-06,2.9963819130470394e-05,0.00019232552029651215,0.348411703812781,0.33170693488889386,0.33264839495388576,-0.0009414600649919058
250,positive,7,1.2087146273401646e-05,1.2086423223677765e-05,6.95222835482563e-05,0.0003181964072323574,11086,3.0220930672148124e-06,2.9963819130470394e-05,0.00019232552029651215,0.40339137747331255,0.36148236303259385,0.37965188226009683,-0.018169519227502984
250,positive,8,1.3773202102755189e-05,1.3778666443772388e-05,8.316589141636758e-05,0.00031567431954558883,11085,2.998274590589511e-06,2.9963819130470394e-05,0.00019232552029651215,0.4596611013697227,0.43242254739854097,0.4256771356737769,0.006745411724764061
250,positive,9,1.5472507379017568e-05,1.547186697116802e-05,9.128928730998917e-05,0.00031618729361775527,11086,3.0030113673969316e-06,2.9963819130470394e-05,0.00019232552029651215,0.5163730067801497,0.4746602903725238,0.4698647980515119,0.004795492321011896
250,positive,10,1.7196433526959224e-05,1.7202480831046636e-05,0.00010484757640621694,0.00032621148447869276,11086,3.098216834890333e-06,2.9963819130470394e-05,0.00019232552029651215,0.5739065988911962,0.5451568582503836,0.5124134778757152,0.032743380374668396
250,positive,11,1.8973822460557558e-05,1.8973173062051515e-05,0.00010798630073861616,0.00031963065934663285,11086,3.0357149789418823e-06,2.9963819130470394e-05,0.00019232552029651215,0.6332244357082959,0.5614767118379895,0.553897834929955,0.007578876908034493
250,positive,12,2.0804263063036018e-05,2.0794034949953526e-05,0.00011334571740993396,0.00031916643111916425,11085,3.031442665248313e-06,2.9963819130470394e-05,0.00019232552029651215,0.694312796791649,0.5893430951606764,0.5941510609269114,-0.0048079657662349895
250,positive,13,2.2659754159684766e-05,2.2667332364903684e-05,0.00012287783177595732,0.0003199179048638531,11086,3.038443113724202e-06,2.9963819130470394e-05,0.00019232552029651215,0.7562371826174161,0.6389054951548504,0.6324932799224344,0.006412215232415974
250,positive,14,2.456602462523941e-05,2.455657566929486e-05,0.00012855551214098018,0.00032343672172474006,11086,3.0718633277755813e-06,2.9963819130470394e-05,0.00019232552029651215,0.8198562579180058,0.6684266962740231,0.6694297575539868,-0.0010030612799637462
250,positive,15,2.6548360759358006e-05,2.6552281120195982e-05,0.00013415098508529153,0.00032811696386002894,11086,3.1163142611879584e-06,2.9963819130470394e-05,0.00019232552029651215,0.8860139171098124,0.6975204584314565,0.7053568949340249,-0.007836436502568378
250,positive,16,2.8545304700336267e-05,2.8533804957347525e-05,0.00014218313792144124,0.0003174362651016097,11086,3.0148735631248337e-06,2.9963819130470394e-05,0.00019232552029651215,0.9526590911539834,0.7392837814879409,0.7391621914648021,0.00012159002313882894
250,positive,17,3.057944463523417e-05,3.0573487127695095e-05,0.00015123506612552224,0.0003212256539003433,11085,3.051001162594755e-06,2.9963819130470394e-05,0.00019232552029651215,1.0205456287826054,0.7863494449013323,0.7713187458205206,0.015030699080811671
250,positive,18,3.268319164201336e-05,3.2687631439267045e-05,0.00015464907718612268,0.000321168817316521,11086,3.0503237439418143e-06,2.9963819130470394e-05,0.00019232552029651215,1.0907552037910153,0.8041006567807385,0.8023520318941318,0.0017486248866066534
250,positive,19,3.4868426439144676e-05,3.487147746358623e-05,0.00015992444783779632,0.00032057825815233926,11086,3.0447148661691925e-06,2.9963819130470394e-05,0.00019232552029651215,1.163684318321317,0.8315300413134854,0.8324000066285899,-0.0008699653151045261
250,positive,20,3.708532325191869e-05,3.707993766057016e-05,0.00016177924729317592,0.00032278318412534674,11086,3.0656563078237545e-06,2.9963819130470394e-05,0.00019232552029651215,1.2376701077536005,0.8411741044233629,0.8608131766239899,-0.019639072200626995
250,positive,21,3.93686225798157e-05,3.936349891458495e-05,0.0001730374686486708,0.00032624028761470093,11085,3.0986301520814994e-06,2.9963819130470394e-05,0.00019232552029651215,1.3138719870252287,0.8997114287375666,0.8881046367921979,0.011606791945368733
250,positive,22,4.17372804611042e-05,4.17348679495205e-05,0.00018189238464606967,0.00031822126032681706,11086,3.0223291112516345e-06,2.9963819130470394e-05,0.00019232552029651215,1.3929225870497028,0.9457527236408486,0.9145082617485928,0.031244461892255826
250,positive,23,4.41982962591472e-05,4.4194447482292666e-05,0.0001795785890968321,0.0003205711962864165,11086,3.044647795594033e-06,2.9963819130470394e-05,0.00019232552029651215,1.4750555016600564,0.933722102090103,0.9400917225357874,-0.006369620445684454
250,positive,24,4.6757579630425484e-05,4.6751465862228426e-05,0.0001884745670660329,0.00031920372137455704,11086,3.031660105108568e-06,2.9963819130470394e-05,0.00019232552029651215,1.5604679572664157,0.9799768994538939,0.964905962176975,0.015070937276918883
250,positive,25,4.939013511538421e-05,4.938491844860005e-05,0.00019063465861850171,0.00032161280883756386,11085,3.0546783600701805e-06,2.9963819130470394e-05,0.00019232552029651215,1.648325765828665,0.9912083343104774,0.988728875289473,0.0024794590210044376
250,positive,26,5.208881039959754e-05,5.20813396034773e-05,0.0001951102394075996,0.00031954836456984264,11086,3.0349333784311513e-06,2.9963819130470394e-05,0.00019232552029651215,1.7383902289888042,1.014479197075844,1.0115523890531297,0.002926808022714278
250,positive,27,5.490283882456561e-05,5.4902286302471474e-05,0.00019970676875116433,0.0003198979076592108,11086,3.038253188847178e-06,2.9963819130470394e-05,0.00019232552029651215,1.832304439747955,1.0383789340243166,1.0338167720680533,0.004562161956263244
250,positive,28,5.785150025443202e-05,5.784193116923668e-05,0.00020476959128684267,0.0003227962765372467,11086,3.0657806539393506e-06,2.9963819130470394e-05,0.00019232552029651215,1.9307118362492874,1.0647031708072088,1.05565105520836,0.009052115598848776
250,positive,29,6.09055120097573e-05,6.09092858203809e-05,0.0002123524944952375,0.0003270225940121003,11086,3.105920405521389e-06,2.9963819130470394e-05,0.00019232552029651215,2.0326351505647056,1.1041306123485295,1.0768326600846347,0.027297952263894754
250,positive,30,6.413026971750335e-05,6.41310855242525e-05,0.0002115130206046142,0.0003118833110623414,11085,2.9622675931739717e-06,2.9963819130470394e-05,0.00019232552029651215,2.1402568690680983,1.0997657527639615,1.0977953860380845,0.0019703667258770263
250,positive,31,6.752101883804654e-05,6.75233684299209e-05,0.0002123987955660095,0.0003153788762622616,11086,2.9953333659175825e-06,2.9963819130470394e-05,0.00019232552029651215,2.253418315737462,1.1043713555983106,1.1184608800518634,-0.014089524453552826
250,positive,32,7.101835404942846e-05,7.100514010262667e-05,0.00022470266982860227,0.0003152065120710471,11086,2.993696324720807e-06,2.9963819130470394e-05,0.00019232552029651215,2.3701369221391895,1.168345570999489,1.1384686450213386,0.029876925978150393
250,positive,33,7.470553879241861e-05,7.468720170023263e-05,0.00022306609555005724,0.00031115238391903364,11086,2.9551919535106897e-06,2.9963819130470394e-05,0.00019232552029651215,2.4931914876114734,1.1598361736193499,1.1582916619268933,0.0015445116924566182
250,positive,34,7.856009835669087e-05,7.855768566772088e-05,0.00023091072624925742,0.0003082404048740821,11085,2.9276672713109775e-06,2.9963819130470394e-05,0.00019232552029651215,2.621831950547406,1.2006244719538919,1.1777817863865045,0.022842685567387333
250,positive,35,8.265907940065312e-05,8.265277735967332e-05,0.00023477635537935741,0.00030490482507818985,11086,2.895855317927173e-06,2.9963819130470394e-05,0.00019232552029651215,2.7586296339840266,1.2207238801038882,1.1972870582096646,0.02343682189422358
250,positive,36,8.699993341365865e-05,8.695958343726828e-05,0.00023929753219243977,0.00031662246396061355,11086,3.0071444287587753e-06,2.9963819130470394e-05,0.00019232552029651215,2.903499484990145,1.2442318202155904,1.2167331149869518,0.02749870522863862
250,positive,37,9.162142097929295e-05,9.159696217292762e-05,0.00024293785462476867,0.0003049630800414873,11086,2.896408598595058e-06,2.9963819130470394e-05,0.00019232552029651215,3.0577350831130388,1.2631597421404421,1.2362310618759667,0.02692868026447548
250,positive,38,9.64655105992973e-05,9.646043001287112e-05,0.0002464833805110078,0.0003100377772186768,11085,2.9447387132907492e-06,2.9963819130470394e-05,0.00019232552029651215,3.2193997093381506,1.2815947677198503,1.255493338939176,0.02610142878067423
250,positive,39,0.00010161910117175399,0.00010159516030705382,0.0002451210964182615,0.0003026723384411522,11086,2.8746521169007252e-06,2.9963819130470394e-05,0.00019232552029651215,3.3913934912394694,1.274511547091376,1.274824454234115,-0.0003129071427390162
250,positive,40,0.00010712969644228879,0.00010710276433665052,0.000258272411081565,0.0003028802664555266,11086,2.8766269280438996e-06,2.9963819130470394e-05,0.00019232552029651215,3.575301799006921,1.342892044089527,1.294328810633105,0.048563233456421884
250,positive,41,0.00011311931602979436,0.00011309749361187364,0.00026079354599868555,0.0003013368128193869,11086,2.8619678670761274e-06,2.9963819130470394e-05,0.00019232552029651215,3.7751968644999137,1.3560007304106854,1.3143283164252813,0.04167241398540411
250,positive,42,0.00011956465553940716,0.0001195218620675456,0.00026289520403196295,0.00030910765436931896,11085,2.9359044067517483e-06,2.9963819130470394e-05,0.00019232552029651215,3.9903009365658972,1.3669283391338398,1.3346249694857806,0.032303369648059244
250,positive,43,0.00012653731808126285,0.0001264963332846357,0.00026417258151712473,0.0002995449688143868,11086,2.844949700868214e-06,2.9963819130470394e-05,0.00019232552029651215,4.223003667532697,1.3735700863299083,1.3553313940891383,0.018238692240770016
250,positive,44,0.00013410034547053185,0.00013408112847324363,0.00026928682081300506,0.0003047485992993789,11086,2.8943715524529766e-06,2.9963819130470394e-05,0.00019232552029651215,4.475408988641384,1.4001616654817317,1.3765069691764389,0.02365469630529282
250,positive,45,0.00014235174674450955,0.0001423285831377624,0.0002786329106974369,0.0003072233680311483,11086,2.917875844950468e-06,2.9963819130470394e-05,0.00019232552029651215,4.750787812617356,1.448756827839919,1.3982807811526863,0.05047604668723271
250,positive,46,0.00015151788012199828,0.00015147082020216103,0.00027562802064263776,0.00030265992648820196,11086,2.8745342334925253e-06,2.9963819130470394e-05,0.00019232552029651215,5.056694524227681,1.433132847984482,1.4210541830120613,0.012078664972420716
250,positive,47,0.00016170653755693913,0.00016162070622553114,0.00028815887391117503,0.0003046724213065379,11085,2.8937785644766423e-06,2.9963819130470394e-05,0.00019232552029651215,5.396726527176863,1.4982872448072138,1.4448541825627599,0.05343306224445388
250,positive,48,0.00017331868367033727,0.00017327999019220759,0.0002929515567533828,0.0003088724392295877,11086,2.9335380162474185e-06,2.9963819130470394e-05,0.00019232552029651215,5.784265447460548,1.5232068853979102,1.4703037207729808,0.05290316462492939
250,positive,49,0.00018629112075497042,0.00018625240080446062,0.0002896572380908224,0.00029638313115107914,11086,2.8149199222008417e-06,2.9963819130470394e-05,0.00019232552029651215,6.217202151161359,1.506078016293688,1.496923351152613,0.009154665141074991
250,positive,50,0.0002009763535882926,0.00020080051619834064,0.00029318081965868986,0.00030497301031284904,11086,2.896502912055411e-06,2.9963819130470394e-05,0.00019232552029651215,6.7073009856717,1.524398941995254,1.5250891235041606,-0.000690181508906651
250,positive,51,0.00021810056693949946,0.00021792483323097565,0.000294896630520463,0.0002992310748708994,11085,2.8420966576935547e-06,2.9963819130470394e-05,0.00019232552029651215,7.278797338544593,1.533320331414234,1.555693473581858,-0.022373142167623872
250,positive,52,0.00023851857919500677,0.00023836422344547712,0.00030700655870400105,0.00030029617049032707,11086,2.8520842923511447e-06,2.9963819130470394e-05,0.00019232552029651215,7.960219562013567,1.5962861206910182,1.5895362283480177,0.0067498923430004965
250,positive,53,0.0002632808804367911,0.0002630256672032695,0.0003156286323364217,0.00030262062769337143,11086,2.874160990386356e-06,2.9963819130470394e-05,0.00019232552029651215,8.786626273853694,1.6411167475320523,1.6273720684283481,0.013744679103704138
250,positive,54,0.00029416057082431356,0.00029380079822991314,0.0003157803513654058,0.0003051030880603626,11086,2.8977383347378315e-06,2.9963819130470394e-05,0.00019232552029651215,9.817192179123117,1.6419056133505363,1.670532802239358,-0.028627188888821653
250,positive,55,0.00033453557691279863,0.00033385665827036595,0.00033253504238240375,0.0003209330904720609,11085,3.048222395242322e-06,2.9963819130470394e-05,0.00019232552029651215,11.164650789545293,1.7290219304735417,1.7215868801250256,0.0074350503485161035
250,positive,56,0.00039090567077393166,0.00038994087076338964,0.0003353984751406893,0.00031989790987630736,11086,3.038253209904211e-06,2.9963819130470394e-05,0.00019232552029651215,13.045922786805814,1.7439104005729384,1.784988833492434,-0.04107843291949553
250,positive,57,0.0004771651362500376,0.0004746544622957333,0.0003582024268742534,0.0003460163987227303,11086,3.2863154201455196e-06,2.9963819130470394e-05,0.00019232552029651215,15.924710203740531,1.8624799575324453,1.8689734023244169,-0.006493444791971559
250,positive,58,0.0006374961980002519,0.0006301526043199328,0.0003850690954297494,0.00045729059833828593,11086,4.343150065586644e-06,2.9963819130470394e-05,0.00019232552029651215,21.275532175135115,2.002173683638451,1.9971987595000489,0.004974924138402281
250,positive,59,0.0013446534813435285,0.0010714565622151804,0.0004912025998612947,0.0007144032396430813,11086,6.785095710224632e-06,2.9963819130470394e-05,0.00019232552029651215,44.87590435279801,2.5540167477722027,2.3668498487836596,0.1871668989885431
500,negative,59,-0.0020831515659025593,-0.0017258508372248746,-0.0006640170053699278,0.0005750597276043134,5644,7.654546254912467e-06,5.8424336080264884e-05,0.00029201548738706784,-35.65554537137865,-2.2739102343903093,-2.2464004447252357,-0.02750978966507356
500,negative,58,-0.0010525470390558849,-0.0010390552672863691,-0.0005654297815718322,0.0006027725313362973,5644,8.02342782988122e-06,5.8424336080264884e-05,0.00029201548738706784,-18.015558407199837,-1.9363006621027345,-1.9226383068237185,-0.013662355279016047
500,negative,57,-0.0008040827356947674,-0.0008002302556341361,-0.0005240171190670766,0.0004821590270507356,5644,6.417956948852704e-06,5.8424336080264884e-05,0.00029201548738706784,-13.762804845400339,-1.7944839972562467,-1.8071997973013993,0.012715800045152603
500,negative,56,-0.0006679424491872317,-0.0006660646775110191,-0.0004882949947869372,0.0004445716016941512,5644,5.917635552336802e-06,5.8424336080264884e-05,0.00029201548738706784,-11.43260658143543,-1.6721544434377893,-1.7311269127111335,0.05897246927334421
500,negative,55,-0.0005769866589872949,-0.000575769731684645,-0.0004810846970692302,0.0004452651803680865,5643,5.927392818013396e-06,5.8424336080264884e-05,0.00029201548738706784,-9.875793165961108,-1.6474629526465843,-1.672870731185164,0.025407778538579784
500,negative,54,-0.0005104935450429723,-0.0005097759097311804,-0.0004734403983142456,0.00048676944408447645,5644,6.479325618479816e-06,5.8424336080264884e-05,0.00029201548738706784,-8.737686712291312,-1.621285235761137,-1.6252180200654311,0.003932784304294223
500,negative,53,-0.00045847769730446655,-0.00045790988619145,-0.00046249178987158046,0.00044574601519390496,5644,5.93326801975668e-06,5.8424336080264884e-05,0.00029201548738706784,-7.847375392928691,-1.5837919899725919,-1.5841104590355113,0.00031846906291943533
500,negative,52,-0.0004168709165504929,-0.0004166498093068777,-0.0004501559135870304,0.0004324037488786718,5644,5.755670824625698e-06,5.8424336080264884e-05,0.00029201548738706784,-7.135227278882292,-1.5415480788878388,-1.5482109761953013,0.006662897307462501
500,negative,51,-0.00038266123209672087,-0.0003824614066917172,-0.00043560292655673075,0.0004332691674897384,5644,5.7671903007258035e-06,5.8424336080264884e-05,0.00029201548738706784,-6.549689012657514,-1.4917117254789198,-1.5162398684303797,0.024528142951459886
500,negative,50,-0.0003536635962797338,-0.00035367473443319384,-0.00043314605639131325,0.0004342250300739287,5643,5.780425773545012e-06,5.8424336080264884e-05,0.00029201548738706784,-6.053360979470293,-1.4832982327994686,-1.4870561466741243,0.0037579138746557383
500,negative,49,-0.0003282596983472722,-0.00032807543179476015,-0.00042348437965708985,0.00042850093231139503,5644,5.7037209340237e-06,5.8424336080264884e-05,0.00029201548738706784,-5.6185439214285715,-1.4502120536359067,-1.4596228986103426,0.009410844974435895
500,negative,48,-0.00030588806049117607,-0.00030579472624925504,-0.0004165956815068345,0.0004539141912578566,5644,6.041993563380225e-06,5.8424336080264884e-05,0.00029201548738706784,-5.235627497263111,-1.4266218728140094,-1.4337629757397912,0.007141102925781739
500,negative,47,-0.0002861075306972993,-0.0002860649768775572,-0.0004093762246004727,0.0004413975924795706,5644,5.875386722901743e-06,5.8424336080264884e-05,0.00029201548738706784,-4.897060880661737,-1.4018990166019607,-1.4093435176880869,0.007444501086126154
500,negative,46,-0.00026819476123614083,-0.0002681133486149607,-0.00039782106318233444,0.0004324527916791539,5644,5.756323627050803e-06,5.8424336080264884e-05,0.00029201548738706784,-4.590463139669877,-1.3623286447647238,-1.3857622627196091,0.0234336179548853
500,negative,45,-0.00025231756387694584,-0.00025219288623593673,-0.00039748544212634155,0.00043482341053476935,5643,5.788391444795332e-06,5.8424336080264884e-05,0.00029201548738706784,-4.318706566563382,-1.3611793185457757,-1.3635082051036624,0.002328886557886767
500,negative,44,-0.00023784302337883682,-0.0002377491916402062,-0.0003746589439233701,0.00044113302717378126,5644,5.8718651280596804e-06,5.8424336080264884e-05,0.00029201548738706784,-4.070958085892184,-1.283010525488869,-1.3419406778965786,0.05893015240770949
500,negative,43,-0.00022452257408697292,-0.00022456599188319914,-0.00038059632257863126,0.00044322428150220266,5644,5.899701546120766e-06,5.8424336080264884e-05,0.00029201548738706784,-3.842963209346837,-1.3033429356236477,-1.3208518333402213,0.0175088977165736
500,negative,42,-0.00021230608850601732,-0.00021227118121193477,-0.00037694479348546065,0.00044092023873351,5644,5.8690327284316406e-06,5.8424336080264884e-05,0.00029201548738706784,-3.633863946940632,-1.2908383622332285,-1.3003104218917474,0.009472059658518939
500,negative,41,-0.00020113149552484507,-0.0002011379275882761,-0.000369119445001538,0.0004468530275753583,5644,5.948003319538316e-06,5.8424336080264884e-05,0.00029201548738706784,-3.4425978799061636,-1.2640406449137012,-1.2803695390558119,0.016328894142110695
500,negative,40,-0.0001906528877157214,-0.00019059508466715843,-0.0003609541417593925,0.0004297896977746819,5643,5.7213824034923055e-06,5.8424336080264884e-05,0.00029201548738706784,-3.263244403048029,-1.2360787607163664,-1.260529098281867,0.024450337565500746
500,negative,39,-0.0001810357184230895,-0.0001809980430504718,-0.0003541290552741485,0.00043674235391341523,5644,5.813421439607192e-06,5.8424336080264884e-05,0.00029201548738706784,-3.0986354414772963,-1.2127064165084807,-1.2412120469778634,0.028505630469382703
500,negative,38,-0.00017201071026407236,-0.0001720283779950604,-0.00035836127094179777,0.00044528950905430655,5644,5.927191525101482e-06,5.8424336080264884e-05,0.00029201548738706784,-2.944162001734338,-1.2271995370806765,-1.2219879107309632,-0.005211626349713283
500,negative,37,-0.00016334004274099425,-0.00016331748152441868,-0.00034422757792872144,0.0004388310947619776,5644,5.841224401060349e-06,5.8424336080264884e-05,0.00029201548738706784,-2.7957535112866907,-1.178799045930212,-1.2023827790994015,0.02358373316918949
500,negative,36,-0.0001551715719071083,-0.00015519064372237668,-0.0003394882988199884,0.0004360689190256444,5644,5.8044574342166766e-06,5.8424336080264884e-05,0.00029201548738706784,-2.655940697279461,-1.1625694988224893,-1.1827569880729734,0.02018748925048408
500,negative,35,-0.000147344716964232,-0.0001472514509781858,-0.0003335745160823531,0.0004398257254034309,5643,5.8549825157644e-06,5.8424336080264884e-05,0.00029201548738706784,-2.5219750338592806,-1.142317892339041,-1.1627566473017166,0.020438754962675665
500,negative,34,-0.00014008591485307838,-0.0001400703833094862,-0.0003219392887301783,0.0004420479236759589,5644,5.884043198020432e-06,5.8424336080264884e-05,0.00029201548738706784,-2.3977322508316514,-1.1024733366400061,-1.1430219182465546,0.040548581606548506
500,negative,33,-0.00013322140886916432,-0.00013322213673752018,-0.0003281899338026834,0.0004502619219597998,5644,5.993378675334007e-06,5.8424336080264884e-05,0.00029201548738706784,-2.2802383014869223,-1.1238785200720063,-1.1231699967886202,-0.0007085232833861088
500,negative,32,-0.00012669421948401034,-0.00012672919833118956,-0.00030891026480098455,0.00043275666398498485,5644,5.760368432327396e-06,5.8424336080264884e-05,0.00029201548738706784,-2.1685179153761287,-1.057855758148617,-1.1030819833176124,0.04522622516899544
500,negative,31,-0.00012040057684935291,-0.00012040280697886764,-0.0003120112114047106,0.0004379377508618134,5644,5.829333215019834e-06,5.8424336080264884e-05,0.00029201548738706784,-2.060794951678072,-1.068474875071055,-1.0824499991725196,0.013975124101464509
500,negative,30,-0.00011446503831667939,-0.00011446048943717484,-0.000307520813564521,0.0004520875072254334,5643,6.018211981512659e-06,5.8424336080264884e-05,0.00029201548738706784,-1.9592013533439956,-1.053097615870287,-1.0617112000858877,0.008613584215600767
500,negative,29,-0.00010892093417278247,-0.00010891536829524595,-0.0003057694554174768,0.0004407383061377144,5644,5.866611046990661e-06,5.8424336080264884e-05,0.00029201548738706784,-1.8643076067333317,-1.0471001320973705,-1.0410768733689202,-0.006023258728450331
500,negative,28,-0.00010349055119060973,-0.00010347022258105677,-0.00029362655634591574,0.00045205883553915856,5644,6.017297161447759e-06,5.8424336080264884e-05,0.00029201548738706784,-1.7713603291688536,-1.0055170668284195,-1.019538018263216,0.014020951434796647
500,negative,27,-9.83235474830457e-05,-9.834140461249065e-05,-0.0002879333492672665,0.00046479643098987336,5644,6.186845660279427e-06,5.8424336080264884e-05,0.00029201548738706784,-1.6829210921278803,-0.9860208163740629,-0.9976771704664819,0.011656354092418941
500,negative,26,-9.333170786029828e-05,-9.335369961691419e-05,-0.0002660632492098189,0.0004484697198000444,5644,5.969522902322127e-06,5.8424336080264884e-05,0.00029201548738706784,-1.597479990736681,-0.9111271857206356,-0.9751411240942811,0.06401393837364555
500,negative,25,-8.840443368003248e-05,-8.838223695229689e-05,-0.00027157071633673115,0.00044672713305347954,5643,5.946854406814277e-06,5.8424336080264884e-05,0.00029201548738706784,-1.5131440014753468,-0.9299873741859552,-0.9513709464010546,0.021383572215099345
500,negative,24,-8.372235663517285e-05,-8.371641001437378e-05,-0.00026816360339753054,0.00044172145838429364,5644,5.879697660408042e-06,5.8424336080264884e-05,0.00029201548738706784,-1.4330048444222434,-0.9183197980252276,-0.9272164945721034,0.00889669654687586
500,negative,23,-7.91956212664517e-05,-7.917368107489011e-05,-0.000256531969593617,0.0004434650463813914,5644,5.902906336537904e-06,5.8424336080264884e-05,0.00029201548738706784,-1.355524539596833,-0.8784875483456215,-0.9022464648119273,0.02375891646630579
500,negative,22,-7.482730244328376e-05,-7.482780239845621e-05,-0.0002380555515829496,0.00046204117971335786,5644,6.15017086403199e-06,5.8424336080264884e-05,0.00029201548738706784,-1.2807557169410373,-0.815215500085466,-0.8764773334718738,0.06126183338640789
500,negative,21,-7.068653963657027e-05,-7.06958407714863e-05,-0.00025438968076928995,0.0004469031924596333,5644,5.948671057876827e-06,5.8424336080264884e-05,0.00029201548738706784,-1.2098817783647426,-0.8711513318884189,-0.8503731929896662,-0.020778138898752685
500,negative,20,-6.662414498810955e-05,-6.660542512947282e-05,-0.0002383027902134576,0.00044457089543781296,5643,5.9181504615687345e-06,5.8424336080264884e-05,0.00029201548738706784,-1.140349201342734,-0.8160621628180501,-0.8230155650108362,0.006953402192786062
500,negative,19,-6.26637510775709e-05,-6.264891430641143e-05,-0.00023176047483344764,0.00044312292365630574,5644,5.898352384838078e-06,5.8424336080264884e-05,0.00029201548738706784,-1.0725624847748685,-0.7936581614462389,-0.7945168677089508,0.0008587062627118947
500,negative,18,-5.878447194242015e-05,-5.877615113373897e-05,-0.0002220921608218826,0.00045649299228372694,5644,6.076319652979604e-06,5.8424336080264884e-05,0.00029201548738706784,-1.0061641412862699,-0.7605492530863558,-0.7646892829127114,0.00414002982635564
500,negative,17,-5.5067889781816586e-05,-5.50622971764753e-05,-0.00020888695601957585,0.0005042318254732209,5644,6.711765136750238e-06,5.8424336080264884e-05,0.00029201548738706784,-0.9425505444539904,-0.7153283474403371,-0.7341817367936402,0.01885338935330305
500,negative,16,-5.139968951879494e-05,-5.137309321097227e-05,-0.00021216534209566573,0.00045037932452996436,5644,5.994941405882908e-06,5.8424336080264884e-05,0.00029201548738706784,-0.8797650596864413,-0.7265551015602115,-0.7020671292745114,-0.0244879722857001
500,negative,15,-4.7826236749719424e-05,-4.78191292704649e-05,-0.00017925428980672517,0.0004803881120439181,5643,6.394951077994106e-06,5.8424336080264884e-05,0.00029201548738706784,-0.8186012877239116,-0.6138519960385622,-0.6687242902968696,0.05487229425830742
500,negative,14,-4.435822108764303e-05,-4.4365839102555586e-05,-0.00018443037050895107,0.0004490556943864869,5644,5.977322734862676e-06,5.8424336080264884e-05,0.00029201548738706784,-0.7592421936417479,-0.6315773596778029,-0.6342928676505561,0.002715507972753217
500,negative,13,-4.0938991241942064e-05,-4.09214079121968e-05,-0.00017602497929653988,0.00044671233374968646,5644,5.946130562075587e-06,5.8424336080264884e-05,0.00029201548738706784,-0.700718125161046,-0.6027933000115777,-0.5982301519432986,-0.004563148068279066
500,negative,12,-3.765262689321348e-05,-3.764772700727926e-05,-0.00016243949395228566,0.00045076532441719824,5644,6.0000794008587205e-06,5.8424336080264884e-05,0.00029201548738706784,-0.6444682031385913,-0.5562701328130976,-0.5614925323008076,0.005222399487710083
500,negative,11,-3.4417609474361075e-05,-3.4432768322071504e-05,-0.00014496534770518901,0.00045799297474527294,5644,6.096285727079931e-06,5.8424336080264884e-05,0.00029201548738706784,-0.5890971431335953,-0.4964303400560286,-0.5232659592014187,0.02683561914539012
500,negative,10,-3.1216764902595345e-05,-3.122481436192863e-05,-0.00013465729889530734,0.00043807627988786513,5643,5.831693807727769e-06,5.8424336080264884e-05,0.00029201548738706784,-0.534310990880734,-0.4611306752946925,-0.4833769294581866,0.022246254163494128
500,negative,9,-2.8010841910492386e-05,-2.8008963811370503e-05,-0.00012116791497357611,0.00046087215561993136,5644,6.134610134308281e-06,5.8424336080264884e-05,0.00029201548738706784,-0.4794379155975407,-0.4149366051019325,-0.44133924892230547,0.026402643820372995
500,negative,8,-2.4893159790893655e-05,-2.4867962634553248e-05,-0.00011921544976803018,0.0004498230447534866,5644,5.987536837148004e-06,5.8424336080264884e-05,0.00029201548738706784,-0.42607518477736367,-0.40825043505315717,-0.39846407283869917,-0.009786362214458
500,negative,7,-2.1862450348651195e-05,-2.1860980511285572e-05,-9.692097011059553e-05,0.0004492123329870514,5644,5.979407731178312e-06,5.8424336080264884e-05,0.00029201548738706784,-0.3742010917953092,-0.3319035266856458,-0.3549405561680231,0.02303702948237729
500,negative,6,-1.883608498176345e-05,-1.8829322021606082e-05,-9.327533880363177e-05,0.00044462877014857705,5644,5.918396514299044e-06,5.8424336080264884e-05,0.00029201548738706784,-0.3224013526809435,-0.31941915012197586,-0.30974203745460877,-0.009677112667367094
500,negative,5,-1.5852848844098886e-05,-1.5862381742945887e-05,-7.65955151503114e-05,0.0004560728116452653,5643,6.071264557454439e-06,5.8424336080264884e-05,0.00029201548738706784,-0.2713398201448079,-0.26229949594688345,-0.2636022360712319,0.0013027401243484449
500,negative,4,-1.2881109606426368e-05,-1.2879789468118718e-05,-6.952695614214763e-05,0.0004533391151509191,5644,6.03433879910211e-06,5.8424336080264884e-05,0.00029201548738706784,-0.220475070332506,-0.23809338595109972,-0.21622755439789984,-0.021865831553199877
500,negative,3,-9.978039192153864e-06,-9.968596118180919e-06,-5.6638828765269515e-05,0.0004516554736394408,5644,6.011928062951292e-06,5.8424336080264884e-05,0.00029201548738706784,-0.17078566675444584,-0.19395830430799887,-0.1687695024010388,-0.025188801906960073
500,negative,2,-7.128629153728705e-06,-7.134301425284214e-06,-2.3803742115744483e-05,0.000450629920658549,5644,5.998277058799422e-06,5.8424336080264884e-05,0.00029201548738706784,-0.12201472249398278,-0.0815153412880205,-0.12126465377291101,0.03974931248489051
500,negative,1,-4.252704486020413e-06,-4.2511609307392535e-06,-2.5164816202145694e-05,0.0004564926555840901,5644,6.076315171213937e-06,5.8424336080264884e-05,0.00029201548738706784,-0.07278994972536677,-0.0861763066997526,-0.0726271369916516,-0.013549169708100994
500,negative,0,-1.4110736329442056e-06,-1.4200777640918973e-06,-1.0927540346432678e-05,0.00045449320365091204,5644,6.049700723057837e-06,5.8424336080264884e-05,0.00029201548738706784,-0.024152155208159075,-0.037421098600664886,-0.024145990315386945,-0.013275108285277941
500,positive,0,1.4104759185042489e-06,1.4246349648115252e-06,-4.844470318212776e-08,0.0004448886702734359,5523,5.9863737016277e-06,5.8424336080264884e-05,0.00029201548738706784,0.02414192463507844,-0.00016589771869844044,0.024135767494269586,-0.024301665212968025
500,positive,1,4.211080095946989e-06,4.199147938111865e-06,1.9200655376463317e-05,0.00045070070762676784,5523,6.0645798459727114e-06,5.8424336080264884e-05,0.00029201548738706784,0.07207750020747684,0.06575218166772354,0.07191936389345926,-0.006167182225735729
500,positive,2,7.012289401816399e-06,7.027809019931237e-06,4.0141371585462386e-05,0.0004476352437113416,5523,6.02333129595835e-06,5.8424336080264884e-05,0.00029201548738706784,0.12002343325190264,0.13746315972705522,0.11930889944786058,0.018154260279194645
500,positive,3,9.84489280852442e-06,9.834509933675187e-06,6.0465335426722955e-05,0.0004550110969892164,5522,6.123134333358046e-06,5.8424336080264884e-05,0.00029201548738706784,0.168506712596601,0.20706208416465213,0.1665683693301829,0.04049371483446923
500,positive,4,1.2713559405606525e-05,1.2693543104367052e-05,7.130886105349684e-05,0.0004486312013712763,5523,6.036732794224655e-06,5.8424336080264884e-05,0.00029201548738706784,0.21760725510239953,0.24419547638230785,0.2135182469650074,0.030677229417300445
500,positive,5,1.5568802437549087e-05,1.5552284343071796e-05,8.021900591248674e-05,0.0004615854426301955,5523,6.211043659793048e-06,5.8424336080264884e-05,0.00029201548738706784,0.26647803778480694,0.2747080527484355,0.2591322572039994,0.01557579554443611
500,positive,6,1.8452424383134387e-05,1.843298204011207e-05,0.00010838124315821828,0.00044510571993223227,5523,5.989294298298699e-06,5.8424336080264884e-05,0.00029201548738706784,0.3158345583556818,0.3711489555845319,0.303893554708528,0.0672554008760039
500,positive,7,2.1383920306986006e-05,2.137567454184625e-05,9.410345524666436e-05,0.0004461078333067143,5522,6.003322135602877e-06,5.8424336080264884e-05,0.00029201548738706784,0.3660104973654851,0.32225501492641656,0.347906793300962,-0.025651778374545464
500,positive,8,2.437512860943483e-05,2.437318099672859e-05,0.00013131488382339186,0.0004498231536244629,5523,6.052771574483289e-06,5.8424336080264884e-05,0.00029201548738706784,0.4172084827108286,0.4496846554214893,0.3911518842124673,0.05853277120902195
500,positive,9,2.7397238473713523e-05,2.7380181320862942e-05,0.00013783731158172575,0.0004445596450744328,5523,5.981946374230771e-06,5.8424336080264884e-05,0.00029201548738706784,0.468935383982361,0.4720205521120932,0.4330554356003399,0.03896511651175333
500,positive,10,3.051851110336657e-05,3.049507611924716e-05,0.00014225582875162696,0.0004529894224019026,5522,6.095928436274723e-06,5.8424336080264884e-05,0.00029201548738706784,0.5223595705296409,0.48715165768953284,0.47439913535885747,0.012752522330675364
500,positive,11,3.3666764449509044e-05,3.364522511761883e-05,0.00015778548547296876,0.0004571956277859714,5523,6.151974787298888e-06,5.8424336080264884e-05,0.00029201548738706784,0.5762455632060031,0.540332592921085,0.5140948235711016,0.026237769349983453
500,positive,12,3.687742823626145e-05,3.6894281772521395e-05,0.00016212376848554762,0.00045357937452560824,5523,6.103314875588936e-06,5.8424336080264884e-05,0.00029201548738706784,0.6311997826658786,0.5551889385601382,0.5525212500827964,0.0026676884773417786
500,positive,13,4.005393751551366e-05,4.0048403070846455e-05,0.0001758320279722466,0.00046199284616921775,5523,6.216525637633603e-06,5.8424336080264884e-05,0.00029201548738706784,0.6855694082768268,0.6021325428509908,0.5885401567191486,0.013592386131842216
500,positive,14,4.334792756009181e-05,4.331994289150283e-05,0.00018856312996712874,0.00045039977742241196,5522,6.061079299209603e-06,5.8424336080264884e-05,0.00029201548738706784,0.7419498528924537,0.6457298948572117,0.6238608665120277,0.021869028345184005
500,positive,15,4.670437236825389e-05,4.668656553850409e-05,0.00018316836379285922,0.0004669108198332426,5523,6.28270135793127e-06,5.8424336080264884e-05,0.00029201548738706784,0.7993992829304932,0.6272556480885164,0.6578155256475279,-0.03055987755901146
500,positive,16,5.0210792949894746e-05,5.0242083894173005e-05,0.00021544597503518064,0.0004620137877364354,5523,6.216807425091093e-06,5.8424336080264884e-05,0.00029201548738706784,0.8594157215738634,0.7377895500097432,0.6912062652663747,0.04658328474336848
500,positive,17,5.369117386190516e-05,5.3685321206366516e-05,0.00021371313359034054,0.00044930230186104,5522,6.0463104499786205e-06,5.8424336080264884e-05,0.00029201548738706784,0.918986461192179,0.7318554762373367,0.7223702709805796,0.009485205256757112
500,positive,18,5.735106649702191e-05,5.7343773290050005e-05,0.00022193536105798395,0.00046975346632259127,5523,6.320951700823577e-06,5.8424336080264884e-05,0.00029201548738706784,0.9816297513117054,0.7600122960732135,0.753155553052904,0.006856743020309475
500,positive,19,6.114524428804952e-05,6.112636468550705e-05,0.0002296161380767232,0.0004594596183019765,5523,6.182438798165736e-06,5.8424336080264884e-05,0.00029201548738706784,1.0465714869921086,0.7863149318938896,0.7830757711319877,0.0032391607619018936
500,positive,20,6.507205744541313e-05,6.503679288483941e-05,0.00023763354283459485,0.00045554731772366015,5523,6.129795305850004e-06,5.8424336080264884e-05,0.00029201548738706784,1.1137834301790857,0.8137703412956674,0.8120711057010656,0.0016992355946018334
500,positive,21,6.918713890867573e-05,6.91878025705971e-05,0.000245064621202665,0.000452248540933817,5522,6.085958312943222e-06,5.8424336080264884e-05,0.00029201548738706784,1.1842178028968036,0.8392178901039956,0.8404859978598357,-0.0012681077558400755
500,positive,22,7.328215916894981e-05,7.327850962681147e-05,0.00025295586871458293,0.00044965592202759504,5523,6.050521324251123e-06,5.8424336080264884e-05,0.00029201548738706784,1.2543088049519786,0.8662412770569555,0.8669361836211802,-0.0006949065642246621
500,positive,23,7.751622550568552e-05,7.752306203170158e-05,0.0002574503816116076,0.00045500049265590744,5523,6.122437287038301e-06,5.8424336080264884e-05,0.00029201548738706784,1.326779741222762,0.8816326281706969,0.8925433704107413,-0.010910742240044402
500,positive,24,8.190374643639134e-05,8.19098591806631e-05,0.00027284067670038886,0.0004699827797436286,5522,6.3246099134225435e-06,5.8424336080264884e-05,0.00029201548738706784,1.4018772301300921,0.9343363228496758,0.9173854780218716,0.01695084482780418
500,positive,25,8.639907454896739e-05,8.640994138089959e-05,0.0002752699901794523,0.0004549215522617646,5523,6.121375073655338e-06,5.8424336080264884e-05,0.00029201548738706784,1.4788199634869634,0.9426554483207279,0.9412223770123409,0.0014330713083869906
500,positive,26,9.120522086446337e-05,9.119448134170702e-05,0.00028129630206382783,0.00045204167460872997,5523,6.082623752261975e-06,5.8424336080264884e-05,0.00029201548738706784,1.5610827094237452,0.9632924081556274,0.9650784234582502,-0.0017860153026227898
500,positive,27,9.623910727708852e-05,9.62285543308462e-05,0.00028659339869528563,0.0004404388930998598,5523,5.926497982532343e-06,5.8424336080264884e-05,0.00029201548738706784,1.6472434901934139,0.9814321879284601,0.9884451441690176,-0.007012956240557533
500,positive,28,0.00010147045070313,0.00010145932455615225,0.00028535382031261,0.00044769167658775073,5522,6.024636088684339e-06,5.8424336080264884e-05,0.00029201548738706784,1.736783975837179,0.9771872816265127,1.0111584712398396,-0.0339711896133269
500,positive,29,0.00010683973630079994,0.00010682774229493663,0.000301616329720054,0.00044198161801278855,5523,5.947256721661228e-06,5.8424336080264884e-05,0.00029201548738706784,1.8286855010901744,1.0328778532224223,1.0329857227549235,-0.00010786953250119247
500,positive,30,0.00011245808302242716,0.00011247234233697131,0.00032135992530015807,0.00045712551696580796,5523,6.151031383705877e-06,5.8424336080264884e-05,0.00029201548738706784,1.9248499951788807,1.1004893205345443,1.0543901515551075,0.04609916897943678
500,positive,31,0.00011819323593381927,0.00011819306208421795,0.00031345518293731094,0.00044237557016628106,5522,5.953096660383631e-06,5.8424336080264884e-05,0.00029201548738706784,2.0230137621323125,1.0734197207897562,1.0748909064800312,-0.0014711856902749343
500,positive,32,0.00012431523031196978,0.0001243254761040885,0.0003242729683927542,0.00047308808723408875,5523,6.365821998188571e-06,5.8424336080264884e-05,0.00029201548738706784,2.1277987676433714,1.1104649664109387,1.095437141701607,0.015027824709331616
500,positive,33,0.00013066452110275305,0.00013062591620763357,0.0003329330291598796,0.000437781090997256,5523,5.890734885662784e-06,5.8424336080264884e-05,0.00029201548738706784,2.236474213814646,1.1401211358306327,1.1154498024800041,0.024671333350628544
500,positive,34,0.00013740890077713254,0.00013737818924198136,0.0003372155924542146,0.000452092715763995,5523,6.083310556512107e-06,5.8424336080264884e-05,0.00029201548738706784,2.351912062609605,1.1547866706372112,1.135425642019827,0.0193610286173842
500,positive,35,0.00014459334332981774,0.00014455540765089529,0.0003363250093092496,0.00045249426084066505,5522,6.089264992731839e-06,5.8424336080264884e-05,0.00029201548738706784,2.47488209589873,1.1517368901172331,1.1554187363476947,-0.0036818462304615274
500,positive,36,0.0001520420954848343,0.00015204521938633629,0.0003436589360905387,0.0004397392990214851,5523,5.917084320480615e-06,5.8424336080264884e-05,0.00029201548738706784,2.6023760933449873,1.1768517456576446,1.174908993293746,0.0019427523638986255
500,positive,37,0.0001599073832697478,0.00015991988989690474,0.0003512884525950526,0.00044290852876084077,5523,5.959729132168975e-06,5.8424336080264884e-05,0.00029201548738706784,2.7369995792517496,1.202978841082556,1.1942805192184685,0.008698321864087477
500,positive,38,0.00016832770238518643,0.00016832546856536857,0.00036681129394788094,0.00045825952114668205,5522,6.1668487342144255e-06,5.8424336080264884e-05,0.00029201548738706784,2.8811230675164787,1.2561364372488604,1.2138047283209734,0.04233170892788696
500,positive,39,0.00017733954487916687,0.00017730080814909108,0.00036567106178005707,0.00045212828264989334,5523,6.0837891406717345e-06,5.8424336080264884e-05,0.00029201548738706784,3.035371161694215,1.2522317396657747,1.2334751170426197,0.018756622623155028
500,positive,40,0.000186928169000107,0.00018687601702522473,0.00037319663128594594,0.0004393136861951082,5523,5.911357320444107e-06,5.8424336080264884e-05,0.00029201548738706784,3.199491539677921,1.2780028710986555,1.253181236650637,0.024821634448018548
500,positive,41,0.0001970594910939088,0.00019699449253204348,0.00038806476475520326,0.00044457456174397484,5523,5.9821470913185036e-06,5.8424336080264884e-05,0.00029201548738706784,3.3729008203564916,1.3289184358938526,1.2727990245442982,0.05611941134955445
500,positive,42,0.00020809874784315723,0.0002080304687868481,0.0003919416072454236,0.0004491239393358206,5522,6.043910205876483e-06,5.8424336080264884e-05,0.00029201548738706784,3.561850451449987,1.3421945895831997,1.2929398473850904,0.049254742198109325
500,positive,43,0.0002199609119694493,0.00021998381192279645,0.0003889688624605138,0.000443885093337871,5523,5.972869679214782e-06,5.8424336080264884e-05,0.00029201548738706784,3.7648850928705677,1.3320144967000802,1.3133247326574553,0.0186897640426249
500,positive,44,0.00023285769623336807,0.00023281697589650925,0.0004061681530702277,0.00043457857464147484,5523,5.847642172873542e-06,5.8424336080264884e-05,0.00029201548738706784,3.985628453072399,1.3909130529499965,1.3341964489045044,0.05671660404549206
500,positive,45,0.00024679189962058674,0.00024682476970341627,0.00041299255131122345,0.0004455293518612286,5522,5.9955374472216436e-06,5.8424336080264884e-05,0.00029201548738706784,4.224128439928484,1.414283040282038,1.3554285913832285,0.05885444889880964
500,positive,46,0.00026197118099688805,0.0002618915586321253,0.0004109610074842214,0.00044218103188064736,5523,5.9499400130418694e-06,5.8424336080264884e-05,0.00029201548738706784,4.483939374800685,1.407326067399606,1.3772013263835317,0.03012474101607432
500,positive,47,0.000279127084011877,0.0002790666436339774,0.0004162398643067408,0.00043443347133152033,5523,5.845689678470399e-06,5.8424336080264884e-05,0.00029201548738706784,4.777582472283552,1.425403385386245,1.40033210613989,0.025071279246354994
500,positive,48,0.00029838945314752214,0.00029814961219489286,0.00041907402104021733,0.00042726922064273046,5523,5.749288298123086e-06,5.8424336080264884e-05,0.00029201548738706784,5.107280170673859,1.435108886826721,1.424690412814258,0.010418474012463097
500,positive,49,0.00032039062282745686,0.0003205818554699663,0.00044132308355051614,0.000435991456241041,5522,5.86718493774133e-06,5.8424336080264884e-05,0.00029201548738706784,5.483855604063619,1.511300265268261,1.4507223944646277,0.060577870803633305
500,positive,50,0.00034425331765307603,0.00034410782655673063,0.00042508319663099153,0.0004431350697893143,5523,5.962777443681066e-06,5.8424336080264884e-05,0.00029201548738706784,5.892293190634324,1.4556871638371078,1.4771138087200817,-0.021426644882973855
500,positive,51,0.0003723650206087287,0.00037206191408510045,0.00045060447712367684,0.0004406152909425585,5523,5.928871572774384e-06,5.8424336080264884e-05,0.00029201548738706784,6.373457459527891,1.5430841739102645,1.5061150605486082,0.036969113361656314
500,positive,52,0.0004061533850164713,0.0004060784255343064,0.00045623149169412327,0.0004335894771799685,5522,5.834861241562974e-06,5.8424336080264884e-05,0.00029201548738706784,6.95178434648341,1.5623537497152895,1.5384543577106842,0.023899392004605335
500,positive,53,0.0004460180357556588,0.0004455543275000827,0.00046260514083819836,0.0004460471680212657,5523,6.0019623216902e-06,5.8424336080264884e-05,0.00029201548738706784,7.634113892931664,1.584180157626411,1.573669009913446,0.010511147712964908
500,positive,54,0.0004966233004614303,0.0004960897981614921,0.0004808792321866376,0.00046390506073751986,5523,6.242256189496201e-06,5.8424336080264884e-05,0.00029201548738706784,8.500281454275427,1.6467593431071348,1.6146207062561664,0.032138636850968405
500,positive,55,0.0005614885476025435,0.0005604884244657118,0.00048563345053805404,0.0004376704189263603,5523,5.88924569427855e-06,5.8424336080264884e-05,0.00029201548738706784,9.61052508720263,1.663040049291443,1.6621934418613324,0.0008466074301105575
500,positive,56,0.0006487928050772406,0.0006467245633997066,0.0004907518513490988,0.0006010039944450775,5522,8.087776797582583e-06,5.8424336080264884e-05,0.00029201548738706784,11.104838302071794,1.6805678895332188,1.7194317288951346,-0.03886383936191584
500,positive,57,0.0007814369688534519,0.0007773891677083002,0.0005188263577717887,0.000447637917285871,5523,6.023367271287284e-06,5.8424336080264884e-05,0.00029201548738706784,13.375196386996908,1.7767083602798162,1.7953099854649623,-0.018601625185146187
500,positive,58,0.001020622843529893,0.0010075144338087825,0.0005623739256024651,0.0006229737577343847,5523,8.382667326217106e-06,5.8424336080264884e-05,0.00029201548738706784,17.46913892402191,1.9258359569711314,1.9091125956320323,0.01672336133909913
500,positive,59,0.0020391756739858518,0.0016603264785965987,0.0006688240714188647,0.0005855546851868396,5523,7.879160343896684e-06,5.8424336080264884e-05,0.00029201548738706784,34.90284718313921,2.2903719162413307,2.2355352104341715,0.05483670580715927
1000,negative,59,-0.0031429598602048065,-0.0026417070157487284,-0.0009421204618756963,0.0007702275775563422,2835,1.4465802539577357e-05,0.00011663862373814284,0.00044730462435110487,-26.946132931582287,-2.1062166822943316,-2.107764511471831,0.0015478291774995157
1000,negative,58,-0.0016904166913599913,-0.0016729463865387552,-0.0008016729116003724,0.000649728192854174,2834,1.2204831530963723e-05,0.00011663862373814284,0.00044730462435110487,-14.492769523370121,-1.7922303234922774,-1.8288773195137464,0.036646996021469036
1000,negative,57,-0.0013081044957596597,-0.0012991573816676367,-0.0007605872344197585,0.0006260529957421999,2834,1.176010434289963e-05,0.00011663862373814284,0.00044730462435110487,-11.21501998082893,-1.7003786525192444,-1.7233944216310204,0.023015769111776052
1000,negative,56,-0.0010979064715897831,-0.001094381273328002,-0.000759560309436867,0.0007510412513204728,2834,1.4107948594479205e-05,0.00011663862373814284,0.00044730462435110487,-9.412889456365805,-1.698082845753595,-1.654076770258434,-0.044006075495161
1000,negative,55,-0.0009554741712109354,-0.0009550026117887022,-0.0006918983431587781,0.0006546638880270456,2835,1.2295377119626016e-05,0.00011663862373814284,0.00044730462435110487,-8.191747644039449,-1.5468168793526338,-1.600463811401,0.053646932048366125
1000,negative,54,-0.0008513159504104498,-0.0008508135386905685,-0.0006961072829804806,0.0006636592115493217,2834,1.2466519015205531e-05,0.00011663862373814284,0.00044730462435110487,-7.298748245878477,-1.5562264396222336,-1.5567229572797874,0.0004965176575537633
1000,negative,53,-0.0007690773292023442,-0.000768341222110374,-0.0006758433763898047,0.0006256075586835192,2834,1.1751737022043559e-05,0.00011663862373814284,0.00044730462435110487,-6.593676301676411,-1.5109241881195306,-1.5187286554536819,0.007804467334151299
1000,negative,52,-0.0007031309262495072,-0.000702768229905329,-0.0006601548241775688,0.0006478453499571107,2834,1.2169463232942082e-05,0.00011663862373814284,0.00044730462435110487,-6.028285517394794,-1.475850658005696,-1.48552443587528,0.0096737778695839
1000,negative,51,-0.0006489663108709943,-0.0006490063836028513,-0.0006431648609569612,0.0006270199565799884,2835,1.1776190757850376e-05,0.00011663862373814284,0.00044730462435110487,-5.563905763565445,-1.4378676766196785,-1.4560367407338135,0.018169064114134992
1000,negative,50,-0.0006010292958830933,-0.00060099225453752,-0.0006454055375854106,0.0006666004669006642,2834,1.2521769081998828e-05,0.00011663862373814284,0.00044730462435110487,-5.152918275445549,-1.442876962252931,-1.427941314426993,-0.014935647825937926
1000,negative,49,-0.0005597470707381967,-0.000559522273107633,-0.0006233829503621315,0.0006239082944582016,2834,1.1719817161054473e-05,0.00011663862373814284,0.00044730462435110487,-4.798985557261422,-1.3936429815955058,-1.4019625419980337,0.008319560402527904
1000,negative,48,-0.0005228673184168741,-0.0005231200116861511,-0.0006192549376469547,0.0006035182004860787,2834,1.1336799055072219e-05,0.00011663862373814284,0.00044730462435110487,-4.4827973930035965,-1.3844143430113078,-1.3771084483065463,-0.007305894704761506
1000,negative,47,-0.0004897391217457707,-0.0004896962426667051,-0.0006024283986887294,0.0006267444812859862,2835,1.1771016999699296e-05,0.00011663862373814284,0.00044730462435110487,-4.198773151209752,-1.3467967150186726,-1.3532310326025703,0.006434317583897675
1000,negative,46,-0.0004602707067876186,-0.0004602014351188529,-0.0005856281872744471,0.0006403270382820463,2834,1.2028235365041891e-05,0.00011663862373814284,0.00044730462435110487,-3.9461260090048724,-1.3092379452235827,-1.330552440274324,0.021314495050741344
1000,negative,45,-0.0004335628585358195,-0.00043353015267886055,-0.0005560500046358046,0.0006046021061067774,2834,1.1357159700710789e-05,0.00011663862373814284,0.00044730462435110487,-3.7171465560943253,-1.24311257779294,-1.3086400054911531,0.06552742769821318
1000,negative,44,-0.000408935940528957,-0.00040884524142212786,-0.000545524310248649,0.0005947122608915791,2835,1.1169413280705191e-05,0.00011663862373814284,0.00044730462435110487,-3.506007936505066,-1.2195811993672752,-1.2871118501014533,0.06753065073417819
1000,negative,43,-0.00038698576124793666,-0.0003869794746913216,-0.0005503360270933008,0.0006153988040901965,2834,1.1559970478244496e-05,0.00011663862373814284,0.00044730462435110487,-3.3178183079108607,-1.230338335740797,-1.2666921658669323,0.036353830126135245
1000,negative,42,-0.0003668637984040886,-0.00036674755516982326,-0.0005423577058216199,0.0006157814196538085,2834,1.156715772753792e-05,0.00011663862373814284,0.00044730462435110487,-3.1453028734950497,-1.2125018975790973,-1.2468045119648627,0.03430261438576543
1000,negative,41,-0.00034838892703601706,-0.0003484156497025315,-0.0005344322863576883,0.0006222301428738743,2834,1.1688293890869503e-05,0.00011663862373814284,0.00044730462435110487,-2.9869087603276294,-1.1947837273826034,-1.2274220196220336,0.032638292239430156
1000,negative,40,-0.000330679980122808,-0.00033058977461689293,-0.0005496626295417943,0.0006163339403061442,2834,1.1577536562184933e-05,0.00011663862373814284,0.00044730462435110487,-2.8350812923272684,-1.228832879470401,-1.2076947373632945,-0.021138142107106628
1000,negative,39,-0.00031407399430336095,-0.00031404723079035874,-0.0005310464322507232,0.0006143094726849679,2835,1.1537472545771823e-05,0.00011663862373814284,0.00044730462435110487,-2.692710049532703,-1.187214268175968,-1.1880354009460394,0.0008211327700713422
1000,negative,38,-0.00029837711194553754,-0.00029834738338733785,-0.0005101220958174474,0.0006299913963813909,2834,1.183408530421764e-05,0.00011663862373814284,0.00044730462435110487,-2.55813299559675,-1.1404355511805193,-1.1682788454204345,0.02784329423991516
1000,negative,37,-0.000283957055525251,-0.0002838624807546344,-0.0004949967749632299,0.0006227530244044862,2834,1.1698115968873748e-05,0.00011663862373814284,0.00044730462435110487,-2.4345027952553946,-1.1066211883709252,-1.1489902606085496,0.04236907223762443
1000,negative,36,-0.0002706843250788515,-0.0002706423865579405,-0.0005098489149897532,0.0006334093374702445,2834,1.1898289683265696e-05,0.00011663862373814284,0.00044730462435110487,-2.320709181947704,-1.1398248245910265,-1.130147669533931,-0.009677155057095543
1000,negative,35,-0.0002576518746418784,-0.00025753623568253924,-0.0004908236312916333,0.0006324720133456217,2835,1.1878586957239184e-05,0.00011663862373814284,0.00044730462435110487,-2.2089756067451076,-1.097291654437198,-1.1105022708761738,0.013210616438975809
1000,negative,34,-0.0002453289837431057,-0.00024540095391064226,-0.00047300806805765865,0.000638211895588305,2834,1.1988503427094641e-05,0.00011663862373814284,0.00044730462435110487,-2.1033254326960895,-1.0574629509897002,-1.0907537502078286,0.033290799218128386
1000,negative,33,-0.00023344297747312828,-0.0002334445387135207,-0.0004407597396379354,0.0007185749170945614,2834,1.3498084124977655e-05,0.00011663862373814284,0.00044730462435110487,-2.001420884365154,-0.9853681711369204,-1.0704904815666396,0.08512231042971918
1000,negative,32,-0.00022218595811641004,-0.00022221279115917827,-0.00045868257907219007,0.0006054994352963115,2834,1.1374015597848283e-05,0.00011663862373814284,0.00044730462435110487,-1.904908948644868,-1.0254367026444025,-1.050064198079972,0.024627495435569635
1000,negative,31,-0.00021149041846466212,-0.0002114450669186949,-0.00045943301484074845,0.0006118086929874186,2835,1.1490504887960211e-05,0.00011663862373814284,0.00044730462435110487,-1.8132108532030038,-1.0271143865486254,-1.0294085681282983,0.0022941815796728715
1000,negative,30,-0.00020116441060058032,-0.00020111770771042158,-0.0004517151838582735,0.0006292465120048478,2834,1.18200930095539e-05,0.00011663862373814284,0.00044730462435110487,-1.7246809346121947,-1.0098603038445375,-1.0081754820445914,-0.0016848217999461124
1000,negative,29,-0.00019125182819925682,-0.00019117780874401585,-0.0004256543133841409,0.0006193514161018562,2834,1.1634218393357512e-05,0.00011663862373814284,0.00044730462435110487,-1.6396955148289714,-0.9515982849531868,-0.9864598349105531,0.034861549957366345
1000,negative,28,-0.00018179456540654771,-0.00018181006645089727,-0.00040546606333560363,0.0006288121280589288,2834,1.1811933316103616e-05,0.00011663862373814284,0.00044730462435110487,-1.558613772867227,-0.9064651721940153,-0.9643852812354506,0.0579201090414353
1000,negative,27,-0.0001725996275849125,-0.00017268811432983788,-0.00041195393483565925,0.0006373352433966118,2835,1.1969924281001804e-05,0.00011663862373814284,0.00044730462435110487,-1.4797810712547823,-0.9209695415809124,-0.9415104789427304,0.020540937361818057
1000,negative,26,-0.00016377642465828832,-0.0001637767795683646,-0.00039688400705009436,0.0006456865911291114,2834,1.2128911986895683e-05,0.00011663862373814284,0.00044730462435110487,-1.4041354348107813,-0.8872790162316014,-0.918107554598783,0.03082853836718158
1000,negative,25,-0.0001555252078380902,-0.0001555222790115252,-0.00037959415621108576,0.0006434455477317539,2834,1.2086815064799422e-05,0.00011663862373814284,0.00044730462435110487,-1.3333937151663318,-0.8486256022095787,-0.8947980014408307,0.04617239923125194
1000,negative,24,-0.00014745033466469256,-0.0001474801357978225,-0.0003598749619219059,0.0006239787087911452,2834,1.172113986042383e-05,0.00011663862373814284,0.00044730462435110487,-1.264163875902059,-0.8045411165689795,-0.8705186780896653,0.06597756152068579
1000,negative,23,-0.00013948656282076284,-0.00013951641790289126,-0.00035710371267089165,0.0006699501297565979,2835,1.25824711693269e-05,0.00011663862373814284,0.00044730462435110487,-1.1958865627042574,-0.7983456759226093,-0.8450112094431346,0.04666553352052527
1000,negative,22,-0.0001320739098460502,-0.00013205003135324456,-0.00036416081113621737,0.0006295945708891876,2834,1.1826631128251753e-05,0.00011663862373814284,0.00044730462435110487,-1.1323342612697491,-0.8141226164708169,-0.8197432570405415,0.005620640569724666
1000,negative,21,-0.00012485220171123385,-0.00012484386101325236,-0.00033717629037453725,0.0006358052065903035,2834,1.194329493207921e-05,0.00011663862373814284,0.00044730462435110487,-1.0704190233891195,-0.753795673057643,-0.7935844365495314,0.039788763491888424
1000,negative,20,-0.00011772370616761081,-0.00011767846909748475,-0.0003542002528374656,0.0006408013642960088,2834,1.2037145351025009e-05,0.00011663862373814284,0.00044730462435110487,-1.0093029426676365,-0.7918546635892625,-0.7661443684737891,-0.025710295115473403
1000,negative,19,-0.00011072255404204228,-0.0001107191125691704,-0.00032498139252395926,0.0006210143949796299,2835,1.1663399070326437e-05,0.00011663862373814284,0.00044730462435110487,-0.9492786393863638,-0.7265326017932471,-0.7375023583762426,0.010969756582995482
1000,negative,18,-0.0001039507728548531,-0.00010394991929000618,-0.0002985842780049432,0.0006322056094873441,2834,1.1875678232197413e-05,0.00011663862373814284,0.00044730462435110487,-0.8912208454055979,-0.6675188713689086,-0.7080820334145715,0.040563162045662904
1000,negative,17,-9.729247353461499e-05,-9.733187257755248e-05,-0.00028807931355323693,0.0006128639187252359,2834,1.151235387614856e-05,0.00011663862373814284,0.00044730462435110487,-0.8341359870040945,-0.644033837054887,-0.677392997754932,0.033359160700044965
1000,negative,16,-9.098253045895164e-05,-9.098749359869886e-05,-0.0002781229526516589,0.0006323657316925825,2834,1.1878686050791086e-05,0.00011663862373814284,0.00044730462435110487,-0.7800377571601849,-0.6217752679287093,-0.6465954737291273,0.024820205800417994
1000,negative,15,-8.483916908756013e-05,-8.486502824445111e-05,-0.00025723545373729424,0.0006329520288882985,2835,1.1887602227866498e-05,0.00011663862373814284,0.00044730462435110487,-0.7273677137860146,-0.5750789053666954,-0.6149191702425845,0.0398402648758891
1000,negative,14,-7.870388969306271e-05,-7.869529620771845e-05,-0.0002655596974150882,0.000637276371761595,2834,1.1970930062072507e-05,0.00011663862373814284,0.00044730462435110487,-0.6747669611547823,-0.5936886921308491,-0.5815391278446403,-0.012149564286208725
1000,negative,13,-7.277494534511623e-05,-7.279376026143048e-05,-0.00023046273695431107,0.0006319586946453485,2834,1.187104005567653e-05,0.00011663862373814284,0.00044730462435110487,-0.6239352198504856,-0.5152254736660467,-0.5475592610282999,0.03233378736225323
1000,negative,12,-6.693839265091042e-05,-6.697263865309484e-05,-0.0002226444717383357,0.0006393656914080811,2834,1.2010176926500044e-05,0.00011663862373814284,0.00044730462435110487,-0.5738955974068168,-0.4977468588913455,-0.5124055606449055,0.014658701753559988
1000,negative,11,-6.109062492297623e-05,-6.105830649390565e-05,-0.00020510900584273922,0.000645957508136872,2835,1.2131860808349061e-05,0.00011663862373814284,0.00044730462435110487,-0.5237598229907657,-0.45854434467402705,-0.4754561212830512,0.016911776609024154
1000,negative,10,-5.543198696621137e-05,-5.540919195681013e-05,-0.0001983229701530326,0.0006196439797326543,2834,1.163971406041529e-05,0.00011663862373814284,0.00044730462435110487,-0.47524555065616875,-0.44337339557071526,-0.4380416821491173,-0.005331713421597939
1000,negative,9,-4.978821635679435e-05,-4.9760510519432065e-05,-0.00019173824810865656,0.0006748730536409345,2834,1.2677165644131608e-05,0.00011663862373814284,0.00044730462435110487,-0.42685874336592283,-0.42865250585505815,-0.3991077035176814,-0.029544802337376774
1000,negative,8,-4.41164807445267e-05,-4.412207482181387e-05,-0.00016213053184772344,0.0006598671406002455,2834,1.2395286786719912e-05,0.00011663862373814284,0.00044730462435110487,-0.37823217842118495,-0.36246111267667463,-0.35838635078478337,-0.004074761891891265
1000,negative,7,-3.876678822787345e-05,-3.876387756719853e-05,-0.00013665603922910624,0.0006258552417276791,2835,1.175431600867316e-05,0.00011663862373814284,0.00044730462435110487,-0.3323666465313071,-0.3055100076985571,-0.31856736564412297,0.013057357945565895
1000,negative,6,-3.341037409699605e-05,-3.339863114875409e-05,-0.00013604094461930718,0.0006429728656268779,2834,1.2077935958857643e-05,0.00011663862373814284,0.00044730462435110487,-0.2864434869533726,-0.3041348942382584,-0.2774057110680926,-0.026729183170165816
1000,negative,5,-2.8313824364062417e-05,-2.82946669960202e-05,-0.0001156884227910864,0.0006102405102570386,2834,1.1463074410145092e-05,0.00011663862373814284,0.00044730462435110487,-0.24274827202717847,-0.25863453336507103,-0.237134640880307,-0.021499892484764027
1000,negative,4,-2.324778393759178e-05,-2.330041140606252e-05,-7.846800554484966e-05,0.0006363969244115833,2834,1.1954410066687832e-05,0.00011663862373814284,0.00044730462435110487,-0.1993146283154347,-0.1754240874631723,-0.19614783449418266,0.020723747031010348
1000,negative,3,-1.8022817588326093e-05,-1.799914068270481e-05,-8.339786633023256e-05,0.0006294601640284871,2835,1.182202079579524e-05,0.00011663862373814284,0.00044730462435110487,-0.15451843489501257,-0.18644534795770562,-0.15301525847830744,-0.033430089479398184
1000,negative,2,-1.2912052512627762e-05,-1.2896151994240473e-05,-4.375087888526862e-05,0.0006276231536179772,2834,1.1789599003223194e-05,0.00011663862373814284,0.00044730462435110487,-0.11070134487882591,-0.09781003035400555,-0.1101385015827533,0.01232847122874775
1000,negative,1,-7.73050940718433e-06,-7.762062582604986e-06,-4.849873329868167e-06,0.0006458675729610038,2834,1.2132311643540885e-05,0.00011663862373814284,0.00044730462435110487,-0.06627744017744544,-0.010842439505077269,-0.06615411384976255,0.055311674344685285
1000,negative,0,-2.5699693566138356e-06,-2.5675591687010975e-06,-4.946614606231004e-06,0.00062152874450701,2835,1.1673059174581613e-05,0.00011663862373814284,0.00044730462435110487,-0.0220336049436205,-0.011058715552979026,-0.022028911229213778,0.010970195676234753
1000,positive,0,2.4115351257974226e-06,2.3901242814062977e-06,1.7027942397764505e-05,0.0006279247047054247,2750,1.1974054295994164e-05,0.00011663862373814284,0.00044730462435110487,0.020675270750891147,0.03806788812538339,0.020671385280610872,0.01739650284477252
1000,positive,1,7.228726904444405e-06,7.207449489733431e-06,2.5202918951314394e-05,0.0006364134631426965,2749,1.2138135702406695e-05,0.00011663862373814284,0.00044730462435110487,0.06197541322738093,0.05634397137716991,0.06187433691607538,-0.005530365538905464
1000,positive,2,1.214582663893479e-05,1.213626461960589e-05,8.06873984232803e-05,0.0006289109817427691,2749,1.1995042976354983e-05,0.00011663862373814284,0.00044730462435110487,0.10413211550062978,0.18038579086977194,0.10366232281320845,0.07672346805656349
1000,positive,3,1.716531008088381e-05,1.7141395812996762e-05,7.199753973308739e-05,0.0006296803156627836,2749,1.2009716266695962e-05,0.00011663862373814284,0.00044730462435110487,0.14716660340077775,0.16095863045800757,0.1458640317033098,0.015094598754697763
1000,positive,4,2.2085968308705668e-05,2.203357561287587e-05,0.00010681093623969654,0.0006238062872968237,2749,1.1897682569178438e-05,0.00011663862373814284,0.00044730462435110487,0.18935381437875431,0.23878790968156177,0.18662705856714748,0.05216085111441429
1000,positive,5,2.716032418809895e-05,2.7138150695524456e-05,0.00010468892021897327,0.0006197370045682548,2749,1.1820070279634914e-05,0.00011663862373814284,0.00044730462435110487,0.23285875053768365,0.2340439032367332,0.22788170922030598,0.006162194016427203
1000,positive,6,3.226431644210257e-05,3.2331625714593575e-05,0.00012509387525579262,0.0006085610475125036,2749,1.1606914381459701e-05,0.00011663862373814284,0.00044730462435110487,0.27661777383910935,0.27966148446880823,0.2684402276411242,0.011221256827684045
1000,positive,7,3.7370042552642145e-05,3.737972362850671e-05,0.00013697332797500233,0.0006445566930461054,2749,1.2293449245170816e-05,0.00011663862373814284,0.00044730462435110487,0.32039166234110406,0.30621934252011496,0.3079549342314777,-0.0017355917113627273
1000,positive,8,4.2614024127339804e-05,4.264095259817632e-05,0.00016190929200043586,0.000618399215311081,2749,1.1794554999891127e-05,0.00011663862373814284,0.00044730462435110487,0.365350882594513,0.36196650601436137,0.3473384613586291,0.014628044655732253
1000,positive,9,4.798363735490532e-05,4.800958736110356e-05,0.00018242741473813149,0.0006580638140504063,2749,1.2551066780301856e-05,0.00011663862373814284,0.00044730462435110487,0.4113872044875118,0.4078370864213062,0.3863224104599515,0.0215146759613547
1000,positive,10,5.344755514584876e-05,5.339952477776498e-05,0.0002093425141276153,0.0006626237116362434,2748,1.2640335717588548e-05,0.00011663862373814284,0.00044730462435110487,0.45823204555156705,0.46800883051746656,0.42453496409790736,0.04347386641955919
1000,positive,11,5.905248718382826e-05,5.905323710473169e-05,0.00019344936847698284,0.0006482884263164711,2750,1.2362375230673057e-05,0.00011663862373814284,0.00044730462435110487,0.5062858707626973,0.4324779086682049,0.4621683044218113,-0.02969039575360638
1000,positive,12,6.45661150510009e-05,6.457595129191988e-05,0.0002405253654532326,0.0006339711693126975,2749,1.2091554516353077e-05,0.00011663862373814284,0.00044730462435110487,0.5535569006365656,0.5377216160064464,0.49762599374848593,0.040095622257960484
1000,positive,13,7.007261293443376e-05,7.011645869341777e-05,0.0002632844767752373,0.0006475966122172646,2749,1.2351428771942084e-05,0.00011663862373814284,0.00044730462435110487,0.6007668016706785,0.588602179459196,0.5314955628440704,0.057106616615125616
1000,positive,14,7.578604458445125e-05,7.583511552721053e-05,0.00027056898462304396,0.0006529637355492068,2749,1.2453794411746376e-05,0.00011663862373814284,0.00044730462435110487,0.6497508471515676,0.6048875193623418,0.5650315376895018,0.03985598167283999
1000,positive,15,8.173759347740838e-05,8.174820132813814e-05,0.0002728229426155672,0.0006464141215507582,2749,1.232887545871391e-05,0.00011663862373814284,0.00044730462435110487,0.7007763882820813,0.6099264969847908,0.5982671340725816,0.011659362912209259
1000,positive,16,8.770336926732902e-05,8.77209119061966e-05,0.0002914917519902897,0.0006248610725984366,2749,1.1917800193756425e-05,0.00011663862373814284,0.00044730462435110487,0.7519239035623884,0.651662728533492,0.6299005035343336,0.021762224999158475
1000,positive,17,9.40942067872519e-05,9.411759202926737e-05,0.0003204969267956516,0.0006635656502230903,2749,1.2656001760380169e-05,0.00011663862373814284,0.00044730462435110487,0.8067156810637287,0.716507072245429,0.661997487442764,0.05450958480266499
1000,positive,18,0.00010074980187994441,0.00010079165575144127,0.00032879717077632795,0.0006110441653572245,2749,1.1654274192509977e-05,0.00011663862373814284,0.00044730462435110487,0.8637773547991332,0.7350632049764898,0.6935533544357826,0.041509850540707216
1000,positive,19,0.0001073478416590007,0.00010732694644581652,0.0003304516152108724,0.0006473539477790621,2749,1.234680050109045e-05,0.00011663862373814284,0.00044730462435110487,0.9203455786652608,0.7387619023394882,0.7230592890887066,0.015702613250781594
1000,positive,20,0.00011413058797922552,0.00011407364203598516,0.00032556421925932654,0.0006431453401503706,2748,1.2268762605293257e-05,0.00011663862373814284,0.00044730462435110487,0.9784973820974779,0.7278355767763759,0.7516623168836074,-0.023826740107231514
1000,positive,21,0.0001211855646086232,0.00012114814105839652,0.0003558217424633742,0.0006366864903573004,2750,1.2141134992675208e-05,0.00011663862373814284,0.00044730462435110487,1.038983149189829,0.7954796867561051,0.7796792955889272,0.015800391167177907
1000,positive,22,0.00012855235141562366,0.00012858038639051062,0.00035282802870729453,0.000628734396905204,2749,1.199167502321526e-05,0.00011663862373814284,0.00044730462435110487,1.1021422175233093,0.7887869015866636,0.807185307348223,-0.018398405761559378
1000,positive,23,0.00013598027721750794,0.00013598716654578794,0.0003777234307126218,0.0006322795057802984,2749,1.2059289891689615e-05,0.00011663862373814284,0.00044730462435110487,1.1658254603791252,0.8444433841044613,0.8332506020281354,0.011192782076325902
1000,positive,24,0.00014363682766148283,0.0001436484422639761,0.0003799403556422424,0.0006322124391844216,2749,1.2058010749293993e-05,0.00011663862373814284,0.00044730462435110487,1.231468814172154,0.8493995701328008,0.858506807243108,-0.009107237110307254
1000,positive,25,0.00015144950805553103,0.000151401792302203,0.00038965489108527785,0.0006360340759299382,2749,1.2130899756376458e-05,0.00011663862373814284,0.00044730462435110487,1.2984507464314707,0.8711175111380567,0.8827335372865167,-0.011616026148460024
1000,positive,26,0.0001597653862712876,0.00015973434107909137,0.0004147466164717522,0.0006320040134228356,2749,1.2054035503130097e-05,0.00011663862373814284,0.00044730462435110487,1.3697468398629737,0.9272128967443968,0.9069569127341798,0.020255984010217
1000,positive,27,0.00016827897781300854,0.0001682649491355054,0.00040606066023073014,0.0006395062693662919,2749,1.21971239291137e-05,0.00011663862373814284,0.00044730462435110487,1.4427380263916678,0.9077944606984414,0.9302373416508521,-0.02244288095241076
1000,positive,28,0.0001770123010030313,0.000176976066239404,0.0004279948450455433,0.0006745286235521561,2749,1.2865095479599978e-05,0.00011663862373814284,0.00044730462435110487,1.5176130798699163,0.9568308077888221,0.9526714121078212,0.004159395681000877
1000,positive,29,0.00018648803375366404,0.00018646315287370726,0.0004592748817968797,0.0006398136304415744,2749,1.2202986140800725e-05,0.00011663862373814284,0.00044730462435110487,1.5988531738194647,1.0267608622717455,0.9755151581773014,0.05124570409444407
1000,positive,30,0.0001963316553832338,0.00019633880977161874,0.0004526035192873241,0.0006395130716465561,2749,1.2197253667099636e-05,0.00011663862373814284,0.00044730462435110487,1.6832473591595538,1.01184627801223,0.9977604591253558,0.014085818886874102
1000,positive,31,0.00020648079382812917,0.00020649012141892725,0.0004784726210098993,0.0006523232226271443,2749,1.2441578088212384e-05,0.00011663862373814284,0.00044730462435110487,1.770260889666228,1.0696795762038211,1.0192747548037941,0.050404821400027
1000,positive,32,0.00021667793446937837,0.0002166367463533558,0.0004722446169906671,0.0006237688374001244,2749,1.1896968297789627e-05,0.00011663862373814284,0.00044730462435110487,1.8576859664927694,1.0557561699160658,1.0395876933959596,0.016168476520106223
1000,positive,33,0.00022743153841513919,0.00022736364261242772,0.0004811805924620396,0.0006336490668634008,2749,1.2085411146569015e-05,0.00011663862373814284,0.00044730462435110487,1.9498818755417562,1.0757335521851084,1.0597411091299063,0.015992443055202088
1000,positive,34,0.00023886266985187777,0.0002388445367613518,0.0005116154478932344,0.0006257435963255855,2749,1.193463232158073e-05,0.00011663862373814284,0.00044730462435110487,2.0478865593281648,1.143774108384021,1.0798870775168903,0.06388703086713066
1000,positive,35,0.00025096925162922855,0.0002509449260512265,0.0004952904518156232,0.0006440420510673647,2749,1.2283633622878254e-05,0.00011663862373814284,0.00044730462435110487,2.1516822094254295,1.1072777361381638,1.0999430909917534,0.007334645146410468
1000,positive,36,0.00026363626353373567,0.0002635911461564929,0.0005099836459279846,0.000644391849006608,2749,1.2290305220983657e-05,0.00011663862373814284,0.00044730462435110487,2.2602827012568913,1.1401260308180512,1.1196727374844235,0.020453293333627665
1000,positive,37,0.0002770977555336006,0.00027710839844275213,0.0005375103359185088,0.0006458515298891104,2749,1.2318145305551526e-05,0.00011663862373814284,0.00044730462435110487,2.3756946597354687,1.201665054767237,1.1393908991687502,0.0622741555984867
1000,positive,38,0.00029153521263962926,0.0002915166792282147,0.0005184434344874193,0.0006264188782164577,2749,1.1947511783916911e-05,0.00011663862373814284,0.00044730462435110487,2.4994740446709525,1.1590388434716363,1.1592715513642073,-0.00023270789257101576
1000,positive,39,0.00030672288845509595,0.00030664194523196813,0.0005360716642290016,0.0006408136317434004,2749,1.2222058885497557e-05,0.00011663862373814284,0.00044730462435110487,2.6296854217321517,1.198448741742094,1.1789341638735982,0.019514577868495753
1000,positive,40,0.00032291204842767383,0.0003227597783519554,0.0005363806511353046,0.0006256447660794273,2749,1.1932747359981324e-05,0.00011663862373814284,0.00044730462435110487,2.7684830125621245,1.1991395168637489,1.198647422011934,0.0004920948518147839
1000,positive,41,0.00034035839107510223,0.00034037766336088163,0.0005690065656178094,0.0006357078235868082,2748,1.2126883127366932e-05,0.00011663862373814284,0.00044730462435110487,2.918059045682988,1.2720784329991108,1.2186244224620737,0.05345401053703713
1000,positive,42,0.00035837502599283573,0.00035809114069149887,0.0005811514421991905,0.0006390026111035735,2750,1.218530168235015e-05,0.00011663862373814284,0.00044730462435110487,3.0725244735174364,1.2992296760675217,1.2380409167988116,0.06118875926871015
1000,positive,43,0.00037809739673030793,0.0003780392079385177,0.0005649976429712711,0.0006245774153164577,2748,1.1914557346172598e-05,0.00011663862373814284,0.00044730462435110487,3.2416140092594694,1.2631160337117036,1.2580543241195765,0.005061709592127039
1000,positive,44,0.0003989198734038842,0.00039882917324482025,0.000587581105201656,0.0006947761757280068,2750,1.324886182911552e-05,0.00011663862373814284,0.00044730462435110487,3.4201352915434864,1.3136039137848108,1.2779482863340306,0.035655627450780214
1000,positive,45,0.0004223728460819664,0.00042231858887243197,0.0005934857067894909,0.0006087704778692133,2749,1.161090878798497e-05,0.00011663862373814284,0.00044730462435110487,3.6212091033430394,1.3268043174166773,1.2990267317691415,0.02777758564753574
1000,positive,46,0.0004473713787744156,0.00044718399295953505,0.000586308485067404,0.0006232906849701847,2749,1.1887848630439438e-05,0.00011663862373814284,0.00044730462435110487,3.8355337574865214,1.310758827762957,1.3201426294404466,-0.009383801677489645
1000,positive,47,0.0004755773683653946,0.00047564798343412704,0.0006177971168834459,0.0006362225363419182,2749,1.2134494209020261e-05,0.00011663862373814284,0.00044730462435110487,4.0773575092336465,1.3811552200688082,1.3425146367031948,0.03864058336561338
1000,positive,48,0.0005066361245877295,0.0005064458293781608,0.0006139368123249736,0.0006421183554057037,2749,1.2246943514413126e-05,0.00011663862373814284,0.00044730462435110487,4.343639425351439,1.3725250733000993,1.365608106796767,0.0069169665033324
1000,positive,49,0.0005409408281669515,0.0005408291564806697,0.0006275925276926763,0.0006388589179923966,2749,1.2184777177703571e-05,0.00011663862373814284,0.00044730462435110487,4.6377504366082,1.403053967088114,1.3894991399485408,0.013554827139573122
1000,positive,50,0.0005808599814809274,0.0005808144307520399,0.0006504614362531767,0.0007889660038937661,2749,1.5047727577222552e-05,0.00011663862373814284,0.00044730462435110487,4.979996872948152,1.454179994666469,1.4154732312516425,0.038706763414826595
1000,positive,51,0.0006270492337528836,0.0006269033084218422,0.0006789832980519828,0.0006494392922677353,2749,1.2386573692350086e-05,0.00011663862373814284,0.00044730462435110487,5.375999936012856,1.5179438375737098,1.4434450178998153,0.07449881967389449
1000,positive,52,0.0006820093817480463,0.0006818924457517088,0.0006576606979998415,0.0006409940133371805,2749,1.2225499253104973e-05,0.00011663862373814284,0.00044730462435110487,5.847200180269423,1.4702747572840225,1.474285335753792,-0.004010578469769488
1000,positive,53,0.0007476702086070676,0.000748035358594873,0.0006768052489882642,0.0006380487235594424,2749,1.2169324566245653e-05,0.00011663862373814284,0.00044730462435110487,6.410142580948222,1.513074562933685,1.5082433701241253,0.004831192809559681
1000,positive,54,0.0008256836431769187,0.0008241028991849373,0.0006923724299410043,0.0006197577949234353,2749,1.1820466808255217e-05,0.00011663862373814284,0.00044730462435110487,7.078989932448131,1.5478767538909617,1.5452437707931952,0.0026329830977664948
1000,positive,55,0.0009283764342573857,0.000927251526032272,0.0007098212799349447,0.0006324013062059721,2749,1.2061612957088229e-05,0.00011663862373814284,0.00044730462435110487,7.959425484491468,1.5868856284789523,1.5894982805725602,-0.002612652093607837
1000,positive,56,0.0010693503229748883,0.0010682243782285338,0.0007400805018467907,0.0006316033391261059,2749,1.2046393554510478e-05,0.00011663862373814284,0.00044730462435110487,9.168063619951582,1.654533536111793,1.6438210014620611,0.010712534649731875
1000,positive,57,0.0012734042606128365,0.0012650370627632441,0.0007747054154545665,0.0006278951675239966,2749,1.1975668636322941e-05,0.00011663862373814284,0.00044730462435110487,10.917517883884388,1.7319414405304099,1.712619850477353,0.01932159005305678
1000,positive,58,0.0016409961644057735,0.0016210507672918125,0.0008239420567691696,0.0006767332030693012,2749,1.2907142807156048e-05,0.00011663862373814284,0.00044730462435110487,14.069063161186284,1.8420155122796784,1.8164046952960837,0.025610816983594686
1000,positive,59,0.003133109514099254,0.0025970678109070106,0.0009494118830862097,0.0007560169855922354,2749,1.4419300181249338e-05,0.00011663862373814284,0.00044730462435110487,26.861681094018884,2.1225174778005056,2.106258341716655,0.016259136083850656
2000,negative,59,-0.004759432137941091,-0.004032144255781073,-0.0013493510825451078,0.001013298086730072,1429,2.6805326917130426e-05,0.00022419517554961166,0.0006808322718469388,-21.22896768975248,-1.9819141047539268,-1.9961994590433358,0.014285354289409025
2000,negative,58,-0.0026732272158529716,-0.002638872954370327,-0.0011625063955952827,0.0009053876975101554,1428,2.395909917620553e-05,0.00022419517554961166,0.0006808322718469388,-11.923660753624999,-1.707478396171901,-1.7481441905251802,0.04066579435327933
2000,negative,57,-0.0021228470174385608,-0.002111911789514912,-0.0011096438618682896,0.0009632572727335802,1429,2.5481569973402377e-05,0.00022419517554961166,0.0006808322718469388,-9.468745311911498,-1.6298344067299944,-1.6563850951691546,0.026550688439160197
2000,negative,56,-0.0017909632656576669,-0.0017844306778035423,-0.0010948061426939236,0.0009104071296894657,1428,2.4091927437206928e-05,0.00022419517554961166,0.0006808322718469388,-7.98841126383359,-1.608040905176205,-1.590881353291934,-0.017159551884271096
2000,negative,55,-0.0015667980152881968,-0.0015631923339132383,-0.0010372233337954074,0.0009250746991956655,1428,2.4480072486492827e-05,0.00022419517554961166,0.0006808322718469388,-6.988544742085601,-1.5234638202176625,-1.5404276338012715,0.01696381358360899
2000,negative,54,-0.0014039659408168286,-0.001403425908471182,-0.0010427981071510193,0.00096924890782885,1429,2.564006996427391e-05,0.00022419517554961166,0.0006808322718469388,-6.262248674062784,-1.5316519945832647,-1.4995945804853215,-0.03205741409794327
2000,negative,53,-0.0012707417686934326,-0.0012687940970998648,-0.0010052705159972742,0.0008791879944295018,1428,2.326578151105195e-05,0.00022419517554961166,0.0006808322718469388,-5.66801567240787,-1.4765318237195342,-1.4628418615205376,-0.013689962198996541
2000,negative,52,-0.0011650641446295745,-0.0011650025534860997,-0.0009981023769025138,0.0009564951876088037,1429,2.530268884771504e-05,0.00022419517554961166,0.0006808322718469388,-5.1966512739332344,-1.466003328830015,-1.4310306303975133,-0.034972698432501614
2000,negative,51,-0.001075050777686074,-0.0010747588866015225,-0.000913814086909304,0.0008990916526228796,1428,2.379248816051919e-05,0.00022419517554961166,0.0006808322718469388,-4.795155716667857,-1.3422014858818898,-1.4016713202218132,0.059469834339923366
2000,negative,50,-0.0009992935374924944,-0.0009982509728971582,-0.0009148172098852161,0.0008077150763897671,1428,2.1374407532328758e-05,0.00022419517554961166,0.0006808322718469388,-4.457248176918789,-1.3436748634190487,-1.3750242662142174,0.031349402795168624
2000,negative,49,-0.0009312091588186746,-0.0009312891182894079,-0.0009250336901101564,0.0008531713361606725,1429,2.256940665496778e-05,0.00022419517554961166,0.0006808322718469388,-4.153564663181654,-1.3586807329223045,-1.3492786965835302,-0.009402036338774344
2000,negative,48,-0.0008738804566436003,-0.0008736590285673388,-0.00088956582494635,0.0008728721700267532,1428,2.30986470738809e-05,0.00022419517554961166,0.0006808322718469388,-3.8978557611745805,-1.306585868106936,-1.326047228094053,0.019461359987116955
2000,negative,47,-0.000823187688976884,-0.0008234091459165076,-0.0008433884032861337,0.0008579747485053038,1429,2.2696473941388028e-05,0.00022419517554961166,0.0006808322718469388,-3.6717457766825254,-1.2387609080254351,-1.3041244279563609,0.0653635199309257
2000,negative,46,-0.0007758992713398929,-0.0007755144780956614,-0.000864812057230501,0.0009169915603072516,1428,2.426616994859096e-05,0.00022419517554961166,0.0006808322718469388,-3.4608205526179834,-1.2702277682643746,-1.2823210149326303,0.01209324666825573
2000,negative,45,-0.0007333239722114237,-0.0007332773894565634,-0.0008702422074752037,0.0009378363459115656,1428,2.481778147034449e-05,0.00022419517554961166,0.0006808322718469388,-3.2709177189637964,-1.2782035215728538,-1.2614025948222167,-0.016800926750637046
2000,negative,44,-0.000695624716900218,-0.0006956126790200653,-0.0007957218362450421,0.0008579725020336587,1429,2.269641451424843e-05,0.00022419517554961166,0.0006808322718469388,-3.1027639876500586,-1.1687487052962908,-1.2417106556904376,0.07296195039414677
2000,negative,43,-0.0006585422791126692,-0.0006580502854468002,-0.0007770524586672647,0.0008610355128028136,1428,2.2785415907693183e-05,0.00022419517554961166,0.0006808322718469388,-2.937361508775829,-1.1413273001282727,-1.2211149822101894,0.07978768208191678
2000,negative,42,-0.0006248392004525775,-0.0006251893947646644,-0.0008184417678682899,0.0008460438107052811,1429,2.2380858336912155e-05,0.00022419517554961166,0.0006808322718469388,-2.7870323209265857,-1.2021195259267732,-1.2011928944451011,-0.0009266314816720467
2000,negative,41,-0.000592089819726724,-0.0005918263699660378,-0.0007857864086156594,0.0009076918511961703,1428,2.4020073548656434e-05,0.00022419517554961166,0.0006808322718469388,-2.640957006658253,-1.1541556431865438,-1.1805809056973842,0.02642526251084032
2000,negative,40,-0.0005627998776714285,-0.0005626365563446392,-0.0007919085251806276,0.0009061569830425559,1428,2.3979456630162866e-05,0.00022419517554961166,0.0006808322718469388,-2.510312170151439,-1.1631477500800087,-1.1609549606399032,-0.0021927894401054804
2000,negative,39,-0.0005350801111633453,-0.0005349899141565137,-0.0007509437927427458,0.0008724279948623055,1429,2.3078813549729223e-05,0.00022419517554961166,0.0006808322718469388,-2.386670943527679,-1.1029791386145826,-1.1412045482549242,0.0382254096403416
2000,negative,38,-0.0005094902426181304,-0.0005093927300907251,-0.0007360577351092642,0.0008584607980306265,1428,2.2717281729653305e-05,0.00022419517554961166,0.0006808322718469388,-2.272529912247761,-1.0811146379893415,-1.1218235985311382,0.040708960541796735
2000,negative,37,-0.00048518813228913034,-0.0004852362652998949,-0.000752402034039784,0.0009453712620192205,1429,2.5008421577367337e-05,0.00022419517554961166,0.0006808322718469388,-2.164132796790554,-1.105120989636248,-1.1022673494684494,-0.0028536401677985435
2000,negative,36,-0.0004622438413293812,-0.00046218232247209276,-0.000713089989397793,0.0008974405665078347,1428,2.3748795788635184e-05,0.00022419517554961166,0.0006808322718469388,-2.0617920978727406,-1.0473798303704769,-1.082647139897401,0.03526730952692403
2000,negative,35,-0.0004409356452904368,-0.0004408231335304892,-0.0007158327294488207,0.0008979966236901637,1428,2.376351062208797e-05,0.00022419517554961166,0.0006808322718469388,-1.9667490355646084,-1.0514083410102373,-1.0632981007950462,0.011889759784808884
2000,negative,34,-0.00042005623818771573,-0.0004198625406944529,-0.000702514734469867,0.0008968050389939702,1429,2.372367279280865e-05,0.00022419517554961166,0.0006808322718469388,-1.8736185431196417,-1.0318469959775978,-1.0431596018926201,0.011312605915022367
2000,negative,33,-0.0004006967841492645,-0.0004005662045163202,-0.0006764635550152218,0.0008666119517187812,1428,2.2932984130019532e-05,0.00022419517554961166,0.0006808322718469388,-1.7872676482308834,-0.9935832700470181,-1.0233241451872366,0.029740875140218503
2000,negative,32,-0.000382161256937174,-0.0003819908957069067,-0.0006590085048880121,0.0009053330313996231,1429,2.394926842688116e-05,0.00022419517554961166,0.0006808322718469388,-1.7045917959666639,-0.9679454575504715,-1.0031655284045835,0.03522007085411205
2000,negative,31,-0.00036393846526461775,-0.0003635548435541019,-0.0006438946826026463,0.0008606822676693325,1428,2.277606805018434e-05,0.00022419517554961166,0.0006808322718469388,-1.6233108690783695,-0.9457464183592686,-0.9821105828041631,0.03636416444489443
2000,negative,30,-0.00034677828051480686,-0.000346903648532877,-0.0006618310056627283,0.0009177874032525979,1428,2.4287230186220287e-05,0.00022419517554961166,0.0006808322718469388,-1.5467695933451033,-0.9720911199866239,-0.9610410114895112,-0.011050108497112743
2000,negative,29,-0.0003299918064583756,-0.0003299675083975347,-0.0006195453262537955,0.0009491608897352513,1429,2.510867066611301e-05,0.00022419517554961166,0.0006808322718469388,-1.4718952165201806,-0.9099823141066945,-0.9391397936590281,0.02915747955233361
2000,negative,28,-0.0003139929540837694,-0.00031377276010644245,-0.0005904339648944954,0.0008675561052100085,1428,2.295796908088211e-05,0.00022419517554961166,0.0006808322718469388,-1.4005339468791853,-0.8672238219448472,-0.9169552861193089,0.049731464174461726
2000,negative,27,-0.00029854716634444096,-0.0002987366266654324,-0.0005754746674214996,0.0008916045734402906,1429,2.3586102041306e-05,0.00022419517554961166,0.0006808322718469388,-1.3316395663401601,-0.8452517473361998,-0.894201327569447,0.04894958023324725
2000,negative,26,-0.00028399776958803373,-0.000283925262112589,-0.0005360179771058383,0.0008607887006984586,1428,2.2778884566807512e-05,0.00022419517554961166,0.0006808322718469388,-1.266743447497551,-0.7872981338733354,-0.8714510450783637,0.08415291120502832
2000,negative,25,-0.00027015200859094773,-0.00027022486485893144,-0.0005262718694678501,0.0008748580921159716,1428,2.3151200145258662e-05,0.00022419517554961166,0.0006808322718469388,-1.2049858250904528,-0.7729831431759213,-0.8485054492504432,0.07552230607452193
2000,negative,24,-0.0002562436445878519,-0.00025616560683237773,-0.00054963953934627,0.0009341460316412772,1429,2.47114744362039e-05,0.00022419517554961166,0.0006808322718469388,-1.1429489682803113,-0.8073053556277914,-0.8240715541286472,0.01676619850085581
2000,negative,23,-0.00024291360980302983,-0.00024300795214344002,-0.0005289505628078398,0.0008918418473530317,1428,2.3600637968666418e-05,0.00022419517554961166,0.0006808322718469388,-1.08349169069999,-0.7769175826124114,-0.7992406429738557,0.02232306036144427
2000,negative,22,-0.00022962871861929477,-0.00022957951287571671,-0.0005072438697297947,0.0008804050477124361,1429,2.328983487927007e-05,0.00022419517554961166,0.0006808322718469388,-1.0242357716055346,-0.7450349971715657,-0.7730044252154714,0.027969428043905675
2000,negative,21,-0.00021692732728867224,-0.00021700005633387833,-0.00048564004577370695,0.0008697740957547224,1428,2.3016663334823076e-05,0.00022419517554961166,0.0006808322718469388,-0.9675824948368207,-0.7133035049238765,-0.7464218674510786,0.03311836252720213
2000,negative,20,-0.00020447968262386505,-0.00020452566277859202,-0.00047019317311845066,0.000839203768033207,1428,2.2207686676819968e-05,0.00022419517554961166,0.0006808322718469388,-0.9120610295140636,-0.6906152845001405,-0.7188444211950947,0.028229136694954193
2000,negative,19,-0.00019246801277565228,-0.00019244558252004359,-0.00045277740611684514,0.0008624838150275661,1429,2.281575473723989e-05,0.00022419517554961166,0.0006808322718469388,-0.8584841859501186,-0.6650351706868506,-0.6907036179709495,0.025668447284098894
2000,negative,18,-0.00018117961380432847,-0.00018119191460709555,-0.00046887362069850905,0.0008955237596555575,1428,2.369807170037815e-05,0.00022419517554961166,0.0006808322718469388,-0.8081334192859811,-0.6886771383891139,-0.6628042086551454,-0.025872929733968486
2000,negative,17,-0.00016977088832857297,-0.0001697777891938433,-0.00043908172916027135,0.0008669874637194517,1429,2.2934892212270035e-05,0.00022419517554961166,0.0006808322718469388,-0.7572459483678976,-0.6449190899384738,-0.6330980105482499,-0.01182107939022392
2000,negative,16,-0.00015827707650801714,-0.0001583122919703577,-0.0003994569530501073,0.0008839006059619053,1428,2.339049043673571e-05,0.00022419517554961166,0.0006808322718469388,-0.7059789583785774,-0.5867185936507886,-0.601560629981386,0.014842036330597441
2000,negative,15,-0.00014793170425830978,-0.00014792395575151653,-0.0003534126179725684,0.0008917336510160059,1428,2.359777478996802e-05,0.00022419517554961166,0.0006808322718469388,-0.6598344674262373,-0.5190891098828829,-0.5717353007928493,0.05264619090996636
2000,negative,14,-0.00013761221288625765,-0.00013759223721652967,-0.00033218802349298905,0.0008684487084485049,1429,2.2973547316016064e-05,0.00022419517554961166,0.0006808322718469388,-0.6138054155220024,-0.48791462630265836,-0.5405806570771547,0.052666030774496386
2000,negative,13,-0.0001273913989645695,-0.00012729101308035955,-0.00032623703308032884,0.0009839245650629317,1428,2.6037405081907743e-05,0.00022419517554961166,0.0006808322718469388,-0.5682165044464988,-0.4791738678827959,-0.5083074594396965,0.02913359155690054
2000,negative,12,-0.00011721438321668422,-0.00011736360536712091,-0.0003128291681128621,0.0009240320532523381,1429,2.4443923849956198e-05,0.00022419517554961166,0.0006808322718469388,-0.5228229507139689,-0.45948052266122713,-0.47474907041456316,0.015268547753336026
2000,negative,11,-0.00010719048888519155,-0.00010717088049159334,-0.0002763434464014416,0.0008587246104139445,1428,2.2724262945626537e-05,0.00022419517554961166,0.0006808322718469388,-0.47811237963714165,-0.4058906397779683,-0.4402979425800376,0.03440730280206933
2000,negative,10,-9.790212378715461e-05,-9.778017746696135e-05,-0.000284593701525864,0.000883959988556314,1428,2.3392061866823275e-05,0.00022419517554961166,0.0006808322718469388,-0.4366825626249485,-0.41800853645469516,-0.40714184894768074,-0.010866687507014416
2000,negative,9,-8.864785958328898e-05,-8.859311621706186e-05,-0.00023050421213641136,0.0008841989372355713,1429,2.3390196707923365e-05,0.00022419517554961166,0.0006808322718469388,-0.39540484921662505,-0.3385624061431567,-0.3729466046251406,0.03438419848198393
2000,negative,8,-7.90076079584684e-05,-7.906387256527422e-05,-0.0001886740420678512,0.0008772254507775258,1428,2.321384709872822e-05,0.00022419517554961166,0.0006808322718469388,-0.35240547779309805,-0.2771226480731042,-0.33612828850687565,0.059005640433771434
2000,negative,7,-6.91682968666862e-05,-6.927225000822381e-05,-0.00022367532984464373,0.000885808448799953,1429,2.3432773995125572e-05,0.00022419517554961166,0.0006808322718469388,-0.30851822166610404,-0.32853220843639636,-0.29734715550406793,-0.031185052932328428
2000,negative,6,-5.9740126777676906e-05,-5.973919052753623e-05,-0.00017575137294588251,0.0008764623585788215,1428,2.3193653537760225e-05,0.00022419517554961166,0.0006808322718469388,-0.2664648185725885,-0.2581419539192967,-0.2591200858453341,0.0009781319260374066
2000,negative,5,-5.0704908348838015e-05,-5.0794181312817836e-05,-0.00015406588947768053,0.0008620156971901292,1428,2.2811354337176204e-05,0.00022419517554961166,0.0006808322718469388,-0.22616413678187128,-0.2262905209527389,-0.22159064993779645,-0.004699871014942458
2000,negative,4,-4.161064717838841e-05,-4.162412811075783e-05,-0.00014256289856131533,0.0009001978700231644,1429,2.3813425202393888e-05,0.00022419517554961166,0.0006808322718469388,-0.18560010078887929,-0.2093950367167166,-0.18302828350169909,-0.026366753215017524
2000,negative,3,-3.227585220747205e-05,-3.212321687535346e-05,-0.0001131180433331946,0.000898441583273729,1428,2.377528550131525e-05,0.00022419517554961166,0.0006808322718469388,-0.1439631880050416,-0.166146711915303,-0.14274224104281985,-0.023404470872483152
2000,negative,2,-2.3171780480167866e-05,-2.3148187544528633e-05,-5.7701859841845594e-05,0.0008569737120912149,1429,2.2669992979184503e-05,0.00022419517554961166,0.0006808322718469388,-0.10335539301130159,-0.08475194585784535,-0.10289588003394672,0.01814393417610137
2000,negative,1,-1.3912930468364909e-05,-1.3918774592382997e-05,-6.406369633788255e-06,0.0008563579256594915,1428,2.266163382563e-05,0.00022419517554961166,0.0006808322718469388,-0.062057225068548126,-0.009409615111823756,-0.06195575263588679,0.052546137524063036
2000,negative,0,-4.774253062334284e-06,-4.748250085897552e-06,-1.0630096526880622e-05,0.0009045976364354156,1429,2.3929814622825922e-05,0.00022419517554961166,0.0006808322718469388,-0.02129507493027119,-0.015613385214604553,-0.02129083320526499,0.005677447990660438
2000,positive,0,4.496399886631923e-06,4.546328482942991e-06,4.719700161930023e-05,0.0008869808607768419,1364,2.401635329010531e-05,0.00022419517554961166,0.0006808322718469388,0.020055738824928122,0.06932250947985441,0.020052189040473734,0.04927032043938068
2000,positive,1,1.3180860393384393e-05,1.3268916713388217e-05,0.00010825883817772335,0.0008661728732309052,1363,2.3461547290464797e-05,0.00022419517554961166,0.0006808322718469388,0.0587919002318925,0.1590095573525656,0.05870545533832461,0.100304102014241
2000,positive,2,2.150591884429418e-05,2.15260781442387e-05,9.383840344081058e-05,0.0008727118009714613,1363,2.363866362272967e-05,0.00022419517554961166,0.0006808322718469388,0.09592498496710596,0.13782895923286498,0.09555642204956953,0.04227253718329545
2000,positive,3,3.0267174487404434e-05,3.0249388986484585e-05,0.0001344017483620435,0.0008620013938608914,1363,2.334855672756975e-05,0.00022419517554961166,0.0006808322718469388,0.13500368334512478,0.19740801651109016,0.13399309913110832,0.06341491737998184
2000,positive,4,3.8756792279587286e-05,3.8696656579659555e-05,0.0001370911058305914,0.0008506419694831416,1363,2.304087025935131e-05,0.00022419517554961166,0.0006808322718469388,0.17287076844796279,0.20135811931872044,0.1707816500455246,0.03057646927319585
2000,positive,5,4.716091897023418e-05,4.716049985388858e-05,0.0001795582793582413,0.0008574425592152838,1364,2.321655893459832e-05,0.00022419517554961166,0.0006808322718469388,0.21035652910291125,0.26373350204322965,0.20665121510199366,0.05708228694123599
2000,positive,6,5.600695880890713e-05,5.6021561142483165e-05,0.000178581834823359,0.0008381796862218405,1363,2.2703311260312744e-05,0.00022419517554961166,0.0006808322718469388,0.2498133988459242,0.26229930954786884,0.24371473488710566,0.018584574660763187
2000,positive,7,6.505645763681144e-05,6.518740391343667e-05,0.00021036778390649645,0.0008878474414306331,1363,2.4048634374965025e-05,0.00022419517554961166,0.0006808322718469388,0.2901777769183764,0.30898621085604216,0.2807988219893155,0.02818738886672667
2000,positive,8,7.41954538162877e-05,7.43145088595406e-05,0.00023687789556972849,0.0010339764089430036,1363,2.8006749189863328e-05,0.00022419517554961166,0.0006808322718469388,0.33094134891350124,0.34792401207295026,0.31730883014686345,0.03061518192608681
2000,positive,9,8.336643475650747e-05,8.338616213577465e-05,0.0002927736578970341,0.0008585561264944196,1363,2.3255236669016928e-05,0.00022419517554961166,0.0006808322718469388,0.37184758571247445,0.4300231789876934,0.3529238929821646,0.07709928600552879
2000,positive,10,9.292532119199479e-05,9.281348855090749e-05,0.0003069716240267029,0.0008719867081904661,1364,2.361036384690046e-05,0.00022419517554961166,0.0006808322718469388,0.4144840359039374,0.4508770173216975,0.3888944498973014,0.06198256742439612
2000,positive,11,0.00010258394334393334,0.0001026311748822007,0.0003275906921346682,0.0008888907968817324,1363,2.4076895169101213e-05,0.00022419517554961166,0.0006808322718469388,0.4575653472134273,0.4811621094957665,0.42400162583030204,0.057160483665464445
2000,positive,12,0.00011220810761770738,0.00011210569980000015,0.00031378401330251046,0.0008800875240881414,1363,2.38384457702101e-05,0.00022419517554961166,0.0006808322718469388,0.5004929626279006,0.46088299024264495,0.45771637276938343,0.0031666174732615238
2000,positive,13,0.00012213086905898187,0.00012204300679841816,0.0003812028269131134,0.0008764379475040534,1363,2.3739591700469536e-05,0.00022419517554961166,0.0006808322718469388,0.5447524406338342,0.5599071058705829,0.4911393125416165,0.06876779332896638
2000,positive,14,0.00013236282965209167,0.0001323043227651379,0.00035205545212748903,0.0009294362436406969,1363,2.5175127341854657e-05,0.00022419517554961166,0.0006808322718469388,0.5903910703145412,0.5170957175288488,0.5241830489030589,-0.007087331374210137
2000,positive,15,0.00014292224590304277,0.00014307234240870377,0.00040876197167941813,0.0009111102356488493,1363,2.4678740862395436e-05,0.00022419517554961166,0.0006808322718469388,0.6374902829762982,0.6003857169850989,0.5567892162503548,0.04359650073474408
2000,positive,16,0.0001533954432426261,0.00015319253876557747,0.00038720372244140013,0.0008902464534600407,1364,2.4104774169347953e-05,0.00022419517554961166,0.0006808322718469388,0.6842049248677144,0.5687211644521594,0.5876600435017922,-0.018938879049632873
2000,positive,17,0.00016416673682639096,0.00016418313505251416,0.0004210640303032858,0.0008834009552519119,1363,2.3928194854192066e-05,0.00022419517554961166,0.0006808322718469388,0.7322491950325793,0.6184548643104674,0.6179273240254973,0.0005275402849700406
2000,positive,18,0.00017553815611147578,0.0001754696670217634,0.00048000610961728974,0.0009021540978438913,1363,2.44361508931816e-05,0.00022419517554961166,0.0006808322718469388,0.7829702654445895,0.7050284327961502,0.6483092727861659,0.05671916000998434
2000,positive,19,0.0001868710193054815,0.00018689016662458316,0.0005219231291761778,0.0008806356213683309,1363,2.3853291779195552e-05,0.00022419517554961166,0.0006808322718469388,0.8335193602956421,0.7665957545759726,0.6770515457096254,0.08954420886634717
2000,positive,20,0.00019850147340650474,0.00019856316983858237,0.0005170424640408235,0.0009173878002214329,1363,2.484877779456031e-05,0.00022419517554961166,0.0006808322718469388,0.8853958294146199,0.7594270797978012,0.705032438355506,0.05439464144229522
2000,positive,21,0.0002110392615401295,0.0002110295248984957,0.00047861314433684626,0.0009080005016678784,1364,2.4585491976173626e-05,0.00022419517554961166,0.0006808322718469388,0.9413193706009481,0.7029824585701273,0.7335716264894875,-0.030589167919360172
2000,positive,22,0.00022375722891440763,0.00022368877326414506,0.0005006362159223365,0.0008592519544289792,1363,2.3274084176826545e-05,0.00022419517554961166,0.0006808322718469388,0.998046583142878,0.7353297377696676,0.7609047485995214,-0.025575010829853806
2000,positive,23,0.00023646340719715814,0.00023639443495494295,0.000527709612629667,0.0009131908884429333,1363,2.4735098358031788e-05,0.00022419517554961166,0.0006808322718469388,1.0547212116294253,0.7750948867304926,0.7866950493283511,-0.011600162597858454
2000,positive,24,0.00024973607747398813,0.00024981346900456716,0.0005516058094096161,0.0008885343317652225,1363,2.406723979492954e-05,0.00022419517554961166,0.0006808322718469388,1.113922620599499,0.8101933944952969,0.8121291884226196,-0.001935793927322682
2000,positive,25,0.0002632154668772294,0.00026309037267306646,0.0005959732775941351,0.0008902312773616229,1363,2.4113204025153916e-05,0.00022419517554961166,0.0006808322718469388,1.1740460794125473,0.8753599120344266,0.8365002156942145,0.038859696340212135
2000,positive,26,0.00027723112053915766,0.00027717126372914,0.0006393047914803303,0.0009163302152392303,1363,2.482013157295667e-05,0.00022419517554961166,0.0006808322718469388,1.2365614909398877,0.9390048297006338,0.8604018392751605,0.07860299042547336
2000,positive,27,0.00029139064485212557,0.0002914720139330178,0.0006437097557341585,0.0009214354855957334,1364,2.4949264561047282e-05,0.00022419517554961166,0.0006808322718469388,1.2997186230157944,0.9454747995243006,0.8831779574106376,0.06229684211366293
2000,positive,28,0.0003066084491880369,0.00030659067701145523,0.0006323756439461024,0.0009133471507580114,1363,2.473933094924796e-05,0.00022419517554961166,0.0006808322718469388,1.3675961065459599,0.9288273633542886,0.9062483583321882,0.022579005022100418
2000,positive,29,0.0003230347921304179,0.0003230510658192793,0.0006455044471338473,0.000918954811216954,1363,2.4891222557854452e-05,0.00022419517554961166,0.0006808322718469388,1.440864154808426,0.9481108252738147,0.9296576909632001,0.018453134310614683
2000,positive,30,0.0003397729138634916,0.00033969038973665204,0.0007176600755305589,0.0009520483227346003,1363,2.5787608267306033e-05,0.00022419517554961166,0.0006808322718469388,1.515522860964972,1.054092329647822,0.9520637651302893,0.10202856451753262
2000,positive,31,0.00035641178730082935,0.00035614767607851274,0.0006956847718116791,0.0009154694231370179,1363,2.479681577164557e-05,0.00022419517554961166,0.0006808322718469388,1.5897388800944994,1.0218152114388601,0.973025030727735,0.048790180711125064
2000,positive,32,0.0003736326347151891,0.000373612447416839,0.0006139256513229417,0.0008656339840428702,1364,2.343835419682794e-05,0.00022419517554961166,0.0006808322718469388,1.6665507355331504,0.9017281887321601,0.9934719478484879,-0.09174375911632782
2000,positive,33,0.0003917583687468453,0.0003917411828080447,0.0007199786221646838,0.0009019287958939341,1363,2.443004826342152e-05,0.00022419517554961166,0.0006808322718469388,1.7473987465896827,1.0574977890098396,1.013753170126881,0.043744618882958664
2000,positive,34,0.00041114432237477803,0.0004114183976107346,0.0007552401520248456,0.0009202250555107927,1363,2.492562896504102e-05,0.00022419517554961166,0.0006808322718469388,1.8338678402283317,1.109289590483212,1.034175148801288,0.07511444168192405
2000,positive,35,0.0004308279940091647,0.0004307936829343458,0.0007590296174156323,0.0008837984329806145,1363,2.3938961114389156e-05,0.00022419517554961166,0.0006808322718469388,1.9216648750491407,1.1148555213996576,1.0537029866126357,0.06115253478702187
2000,positive,36,0.0004522280829627547,0.00045191416577270213,0.0007702137710408082,0.0009383784290958986,1363,2.541733939145944e-05,0.00022419517554961166,0.0006808322718469388,2.017117816447759,1.1312827004386827,1.073695256853776,0.05758744358490664
2000,positive,37,0.0004746188377236374,0.00047472974804098746,0.0007764013722678408,0.0009202136322286265,1363,2.4925319548892073e-05,0.00022419517554961166,0.0006808322718469388,2.1169895229017097,1.140370990584282,1.0933769706373262,0.046994019946955845
2000,positive,38,0.0004975981522499114,0.0004972305246717301,0.0007695279187090615,0.000856672176667171,1364,2.319569965762609e-05,0.00022419517554961166,0.0006808322718469388,2.2194864409104955,1.1302753270221932,1.1124023726549603,0.017872954367232907
2000,positive,39,0.0005224708359018662,0.0005222555326837131,0.0007567130368962713,0.0009023463275351088,1363,2.4441357712894518e-05,0.00022419517554961166,0.0006808322718469388,2.330428541207613,1.1114529498484051,1.1318010382775905,-0.02034808842918534
2000,positive,40,0.0005477808435649028,0.0005476564848523977,0.0008087440812874302,0.0008864098268018543,1363,2.4009694499749647e-05,0.00022419517554961166,0.0006808322718469388,2.4433212812096645,1.1878756556199908,1.1504052351782226,0.03747042044176818
2000,positive,41,0.0005761652392308253,0.0005762665300645916,0.0008401129487243865,0.0009043438130241884,1363,2.449546250157169e-05,0.00022419517554961166,0.0006808322718469388,2.5699270192517005,1.2339499513519776,1.170059703110563,0.06389024824141454
2000,positive,42,0.0006064135748836873,0.0006066410519852248,0.0008034485658366342,0.0008960155178036251,1363,2.4269878558452623e-05,0.00022419517554961166,0.0006808322718469388,2.704846673872763,1.180097652623114,1.1897588296121724,-0.00966117698905844
2000,positive,43,0.000637949437361598,0.0006377250358999831,0.0008158512896268646,0.0008473941832386597,1364,2.294448390105695e-05,0.00022419517554961166,0.0006808322718469388,2.8455092122195444,1.1983146559925117,1.2090887117982454,-0.010774055805733651
2000,positive,44,0.0006722248763576453,0.0006722333880765407,0.0008290245290406634,0.0008822631819854507,1363,2.3897376616722524e-05,0.00022419517554961166,0.0006808322718469388,2.9983913557002038,1.217663385420485,1.2288664124280015,-0.01120302700751652
2000,positive,45,0.0007106675076586846,0.0007103519502490594,0.0009132188154300184,0.0008877623339166409,1363,2.4046329114634193e-05,0.00022419517554961166,0.0006808322718469388,3.169860840745088,1.3413271567645717,1.2497097016565157,0.09161745510805597
2000,positive,46,0.0007518164084377332,0.0007522339725242681,0.0008479591420800923,0.0009054691492002783,1363,2.4525943862428123e-05,0.00022419517554961166,0.0006808322718469388,3.3534013682259873,1.2454743659253658,1.2706499368166426,-0.025175570891276866
2000,positive,47,0.0007975355349406781,0.0007971676005182574,0.0009186410205888341,0.0009217678923418587,1363,2.4967418936064364e-05,0.00022419517554961166,0.0006808322718469388,3.557326927243326,1.3492912404060633,1.2924714727371496,0.05681976766891372
2000,positive,48,0.0008493333040851496,0.0008495238085200295,0.0008954160643056592,0.0008741206623149974,1363,2.3676824673552914e-05,0.00022419517554961166,0.0006808322718469388,3.788365659533126,1.3151786443327735,1.3156057138632251,-0.0004270695304515737
2000,positive,49,0.0009064351168357667,0.0009057274678657458,0.0009536701320134274,0.0008824429334066389,1364,2.3893482017739653e-05,0.00022419517554961166,0.0006808322718469388,4.043062544114307,1.4007416678800249,1.3394277434044197,0.06131392447560513
2000,positive,50,0.0009735105420307913,0.0009729909729815786,0.0009468031092124002,0.0009062690239531802,1363,2.454760962906851e-05,0.00022419517554961166,0.0006808322718469388,4.342245722479275,1.390655449754085,1.3654910498661672,0.025164399887917854
2000,positive,51,0.001045859502998754,0.0010441923724791918,0.0009346245557012748,0.0008780359344453839,1363,2.3782875492137734e-05,0.00022419517554961166,0.0006808322718469388,4.664950976018296,1.372767705569915,1.3916315245812627,-0.018863819011347704
2000,positive,52,0.0011354231921819296,0.0011355757341170133,0.000984542839576859,0.0009165080133465288,1363,2.4824947492308863e-05,0.00022419517554961166,0.0006808322718469388,5.064440790924488,1.4460872086836078,1.4216132779941297,0.02447393068947812
2000,positive,53,0.0012388464981686069,0.0012374073066234012,0.0010297519599207637,0.000916667586176238,1363,2.4829269753610504e-05,0.00022419517554961166,0.0006808322718469388,5.525750030666763,1.5124899369521474,1.4535127176500104,0.05897721930213695
2000,positive,54,0.001368191021463384,0.0013658510010491015,0.0010378561143107176,0.0009033643589098009,1364,2.4459961373085036e-05,0.00022419517554961166,0.0006808322718469388,6.102678249472946,1.5243932422522462,1.4900517192507932,0.03434152300145299
2000,positive,55,0.0015259336001958784,0.0015217794020285947,0.0010791625983446553,0.0008677868261009594,1363,2.3505263542445895e-05,0.00022419517554961166,0.0006808322718469388,6.806273134357469,1.585063815228881,1.530551198019547,0.05451261720933398
2000,positive,56,0.0017451167676649905,0.0017401734327345266,0.0011097295976244608,0.0009106530241046255,1363,2.4666356625255172e-05,0.00022419517554961166,0.0006808322718469388,7.783917577114934,1.629960334597571,1.5810295309863047,0.04893080361126634
2000,positive,57,0.002065978257942086,0.0020536503898911387,0.0011243326536629,0.0009478660220917673,1363,2.567432459455748e-05,0.00022419517554961166,0.0006808322718469388,9.21508793789771,1.6514091651572986,1.645808604768261,0.005600560389037668
2000,positive,58,0.0026344886844725797,0.002606927525155651,0.001195367620322612,0.0009470204259206202,1363,2.565142039705704e-05,0.00022419517554961166,0.0006808322718469388,11.750871436078691,1.7557446521738154,1.7422227543887967,0.013521897785018666
2000,positive,59,0.004851070460288209,0.0040533582564589565,0.0013544176436028354,0.000934615179188769,1364,2.530612477256127e-05,0.00022419517554961166,0.0006808322718469388,21.63771119693308,1.989355821704246,2.0049130950265015,-0.015557273322255538
4000,negative,59,-0.007330879979977537,-0.006232696529982113,-0.001985132499478488,0.0014415208435765343,717,5.383458240622846e-05,0.0003993104754971386,0.0010180056762811886,-18.358847137307492,-1.9500210516804275,-1.930970278042994,-0.01905077363743346
4000,negative,58,-0.004131704613926143,-0.004078095477088846,-0.0017427237911899313,0.0012806436039849282,716,4.785989854633241e-05,0.0003993104754971386,0.0010180056762811886,-10.347097978790066,-1.7118998761933863,-1.6912648740754392,-0.02063500211794711
4000,negative,57,-0.0033210178734926145,-0.003306388224860351,-0.0016337960831256345,0.0012566895092775586,716,4.696469199636284e-05,0.0003993104754971386,0.0010180056762811886,-8.316881417543508,-1.6048987949595237,-1.6062596775385976,0.0013608825790738521
4000,negative,56,-0.0028584383415558444,-0.0028625994966980867,-0.0015690490329394527,0.0012834231519595258,716,4.7963775131242505e-05,0.0003993104754971386,0.0010180056762811886,-7.158435645839518,-1.5412969391990479,-1.5494294803512119,0.008132541152163997
4000,negative,55,-0.0025249693012244405,-0.0025169834488010783,-0.0015177889362174267,0.0013003651553821637,716,4.859692752622265e-05,0.0003993104754971386,0.0010180056762811886,-6.32332346924,-1.490943490376168,-1.5031884690906256,0.012244978714457622
4000,negative,54,-0.002280587072260165,-0.0022809151005068603,-0.001433676124762861,0.001135375497995213,716,4.2430974532616374e-05,0.0003993104754971386,0.0010180056762811886,-5.711312906131127,-1.40831839955955,-1.465637575147962,0.05731917558841193
4000,negative,53,-0.00207707711266519,-0.002075038412235838,-0.0013792578458376665,0.0016488276785566933,716,6.161958344269905e-05,0.0003993104754971386,0.0010180056762811886,-5.2016594607973765,-1.3548626279532596,-1.4313828164523328,0.07652018849907316
4000,negative,52,-0.0019140161371127907,-0.0019145392934399623,-0.0014654262578054076,0.0012167650882142134,716,4.5472646328335396e-05,0.0003993104754971386,0.0010180056762811886,-4.7933030926119695,-1.439506961452968,-1.4015303642308883,-0.0379765972220798
4000,negative,51,-0.0017754842993694,-0.0017720281209051595,-0.0014529874283440761,0.0011672046249484383,717,4.35900554936246e-05,0.0003993104754971386,0.0010180056762811886,-4.446375460495834,-1.427288140132864,-1.3741336697602686,-0.053154470372595464
4000,negative,50,-0.001657437037863038,-0.0016589016519873033,-0.0014416807650129407,0.0014654548476991974,716,5.476661900069118e-05,0.0003993104754971386,0.0010180056762811886,-4.150747700268922,-1.4161814600871898,-1.3490309588038047,-0.06715050128338507
4000,negative,49,-0.0015533794672149665,-0.0015518538342127947,-0.0012911931209697767,0.0011845627858711675,716,4.426918978640538e-05,0.0003993104754971386,0.0010180056762811886,-3.89015456026046,-1.268355522030635,-1.3253230161297465,0.05696749409911139
4000,negative,48,-0.0014563363372602554,-0.001455403996873745,-0.001239315781304632,0.0012116162908699106,716,4.5280226737305404e-05,0.0003993104754971386,0.0010180056762811886,-3.6471278031139236,-1.21739574756783,-1.3016507119233098,0.08425496435547974
4000,negative,47,-0.0013660239582881386,-0.001364413186421046,-0.0012861447236973131,0.00131424688285317,716,4.9115712039215085e-05,0.0003993104754971386,0.0010180056762811886,-3.4209569798724884,-1.2633964168015706,-1.2780371653119522,0.014640748510381663
4000,negative,46,-0.0012878375534056067,-0.0012881303866720522,-0.0012174023465858993,0.0011820872943382997,716,4.4176676324231596e-05,0.0003993104754971386,0.0010180056762811886,-3.2251534393187615,-1.1958699002869158,-1.2561585654266882,0.06028866513977249
4000,negative,45,-0.001221634303828682,-0.0012215236594882767,-0.0011467785745683057,0.0011715909397498896,716,4.3784409135964324e-05,0.0003993104754971386,0.0010180056762811886,-3.059359517948424,-1.126495265485679,-1.2364303422776153,0.10993507679193626
4000,negative,44,-0.0011632832040465923,-0.0011617805760502082,-0.0011910965302608055,0.0012751204354295865,716,4.765348804626009e-05,0.0003993104754971386,0.0010180056762811886,-2.913229868558578,-1.1700293603587006,-1.2179983257209606,0.04796896536225992
4000,negative,43,-0.0011073034099763055,-0.001107962473989164,-0.0011975221385432035,0.0012333701477590434,716,4.6093206539387475e-05,0.0003993104754971386,0.0010180056762811886,-2.773038720303345,-1.1763413175826238,-1.1992744520612775,0.02293313447865364
4000,negative,42,-0.001053295903125857,-0.001052860210762196,-0.0011213384776659647,0.0012978820226542131,717,4.847029233984924e-05,0.0003993104754971386,0.0010180056762811886,-2.6377868044020416,-1.1015051328222987,-1.1801186020605687,0.07861346923827006
4000,negative,41,-0.00100437336313814,-0.0010030201516380921,-0.001109346231774491,0.0012080431256820555,716,4.5146691284625284e-05,0.0003993104754971386,0.0010180056762811886,-2.515269257305866,-1.0897249962563793,-1.1617219725553833,0.07199697629900403
4000,negative,40,-0.0009578213791432772,-0.0009580330953713736,-0.0010743321812646122,0.0012336751354464137,716,4.6104604464407365e-05,0.0003993104754971386,0.0010180056762811886,-2.398688333810418,-1.055330246476804,-1.143178519441722,0.08784827296491815
4000,negative,39,-0.0009124590929888956,-0.0009126727534456521,-0.0011450081976947038,0.0011957703057138636,716,4.468803446806262e-05,0.0003993104754971386,0.0010180056762811886,-2.285086790805803,-1.1247562016328436,-1.1240139813702024,-0.0007422202626412577
4000,negative,38,-0.0008703034030828484,-0.0008702553037222708,-0.0011006454655508285,0.0011534207790217699,716,4.3105358347507336e-05,0.0003993104754971386,0.0010180056762811886,-2.179515581201137,-1.0811781222787735,-1.1051160318741506,0.023937909595377116
4000,negative,37,-0.0008320612355279801,-0.0008325621060245121,-0.0010786755717553465,0.0012177641346425563,716,4.5509982446327e-05,0.0003993104754971386,0.0010180056762811886,-2.083745072032157,-1.0595968145244408,-1.0869572575529272,0.027360443028486392
4000,negative,36,-0.0007951888328358601,-0.0007955501317031279,-0.0010900483584430239,0.0015220092986797135,716,5.6880158066399024e-05,0.0003993104754971386,0.0010180056762811886,-1.9914048882535722,-1.070768448389217,-1.0684289701013026,-0.002339478287914476
4000,negative,35,-0.0007566109352504036,-0.0007564029602554745,-0.0010264526660553606,0.0011822985824009545,716,4.418457252986699e-05,0.0003993104754971386,0.0010180056762811886,-1.8947936046717244,-1.008297586124499,-1.0478478888620035,0.039550302737504595
4000,negative,34,-0.0007189502985885053,-0.0007183550814724905,-0.001063926720148545,0.0011804659900458024,717,4.408531024858315e-05,0.0003993104754971386,0.0010180056762811886,-1.8004794331864633,-1.0451088288968167,-1.0264365169928966,-0.018672311903920047
4000,negative,33,-0.0006850611534215604,-0.0006854811352707975,-0.0010567941559188943,0.001292424578364703,716,4.830017423024517e-05,0.0003993104754971386,0.0010180056762811886,-1.71561027185341,-1.0381024198012347,-1.0059225311809201,-0.03217988862031462
4000,negative,32,-0.0006541339605198104,-0.0006538491344670986,-0.0008988730534297796,0.0012059085315731992,716,4.5066917757338244e-05,0.0003993104754971386,0.0010180056762811886,-1.6381587778417743,-0.8829745004108378,-0.9860542305851633,0.10307973017432548
4000,negative,31,-0.0006240881385289091,-0.0006239291268181331,-0.0009670138045747006,0.0012690486642779146,716,4.742657530456417e-05,0.0003993104754971386,0.0010180056762811886,-1.5629145159588511,-0.9499100320415077,-0.9655918143922174,0.015681782350709716
4000,negative,30,-0.0005941432396996643,-0.0005940422061010105,-0.0008685234460905349,0.0011398628773505884,716,4.259867577285128e-05,0.0003993104754971386,0.0010180056762811886,-1.4879229976623085,-0.8531616928338576,-0.9439419153186009,0.09078022248474338
4000,negative,29,-0.0005665362369492519,-0.0005665499114953173,-0.0008722098676782085,0.001232141602431463,716,4.604729364484397e-05,0.0003993104754971386,0.0010180056762811886,-1.4187863121895772,-0.8567829119228711,-0.9227583570457628,0.06597544512289166
4000,negative,28,-0.0005419894870991152,-0.00054180595057041,-0.0009625851659075239,0.0012304789436821497,716,4.598515717001858e-05,0.0003993104754971386,0.0010180056762811886,-1.3573134699868372,-0.945559723619501,-0.9028422076714864,-0.04271751594801465
4000,negative,27,-0.0005173250418897288,-0.0005170378534537846,-0.0007540999199725215,0.0011820706256261376,716,4.417605338521055e-05,0.0003993104754971386,0.0010180056762811886,-1.2955458812986633,-0.7407619992132811,-0.881713388338841,0.14095138912555993
4000,negative,26,-0.0004919915437809837,-0.0004919795027907641,-0.0008249516858405623,0.0012578420506770241,716,4.7007764490753335e-05,0.0003993104754971386,0.0010180056762811886,-1.2321027720809423,-0.8103605952907261,-0.8587431990047454,0.04838260371401926
4000,negative,25,-0.00046637801301957824,-0.0004663201892906862,-0.0007869156216599736,0.0012369605109450142,717,4.619513679351409e-05,0.0003993104754971386,0.0010180056762811886,-1.1679583723390703,-0.772997282819291,-0.8340961969883404,0.061098914169049334
4000,negative,24,-0.0004430435908924422,-0.00044311727799290667,-0.0007558509960031911,0.0012016244961762744,716,4.490681583762559e-05,0.0003993104754971386,0.0010180056762811886,-1.1095215830259804,-0.7424821036011725,-0.810288858231349,0.06780675463017649
4000,negative,23,-0.00042011294647325073,-0.00042009927601328244,-0.000803243858150461,0.001233945538636777,716,4.611470990609085e-05,0.0003993104754971386,0.0010180056762811886,-1.0520959810789166,-0.7890367184245374,-0.7855323902722179,-0.0035043281523194914
4000,negative,22,-0.00039771097093218124,-0.00039744771091025156,-0.0007703570816364725,0.0012786637917135359,716,4.778590948789743e-05,0.0003993104754971386,0.0010180056762811886,-0.9959943335747302,-0.7567316171071017,-0.7599430428976987,0.0032114257905969668
4000,negative,21,-0.0003757042193214388,-0.0003756264914142385,-0.0007442432396220596,0.0012235660467913808,716,4.572681008358176e-05,0.0003993104754971386,0.0010180056762811886,-0.9408824520661268,-0.7310796560003545,-0.7333549264518324,0.0022752704514779065
4000,negative,20,-0.00035422435167704197,-0.0003540208493169277,-0.0006415746264210287,0.0012423590396924236,716,4.642913720318563e-05,0.0003993104754971386,0.0010180056762811886,-0.8870900550155496,-0.6302269637284577,-0.7059213069681385,0.07569434323968083
4000,negative,19,-0.00033320283501852286,-0.00033308208157536523,-0.0006412211025559787,0.0013395724608653817,716,5.006217332674278e-05,0.0003993104754971386,0.0010180056762811886,-0.8344455141170233,-0.6298796927128957,-0.6775643140842287,0.047684621371333
4000,negative,18,-0.00031373524003249306,-0.000313646818332741,-0.0006647484450252027,0.0011510254419979985,716,4.30158403999806e-05,0.0003993104754971386,0.0010180056762811886,-0.7856924856326271,-0.652990902225175,-0.6498955544645265,-0.003095347760648459
4000,negative,17,-0.0002954738624875759,-0.0002953818183534598,-0.0006256021487712336,0.001209036433859067,717,4.515229302493456e-05,0.0003993104754971386,0.0010180056762811886,-0.7399602079552586,-0.6145369945839406,-0.6226486679818792,0.008111673397938612
4000,negative,16,-0.0002765827130178973,-0.00027649050463607983,-0.0005476375289470302,0.001226364788902145,716,4.583140398703915e-05,0.0003993104754971386,0.0010180056762811886,-0.6926507817596167,-0.5379513510647306,-0.5930883110960137,0.0551369600312831
4000,negative,15,-0.0002576047372039693,-0.00025755809411565403,-0.0005306678817589556,0.0012423398048899987,716,4.64284183648689e-05,0.0003993104754971386,0.0010180056762811886,-0.6451239148766464,-0.5212818495251466,-0.561932826251697,0.04065097672655049
4000,negative,14,-0.000238602650525749,-0.00023881085333727215,-0.000427351425536829,0.0012922536730647742,716,4.829378719930996e-05,0.0003993104754971386,0.0010180056762811886,-0.5975366667470731,-0.4197927727652356,-0.5292269482084606,0.10943417544322503
4000,negative,13,-0.0002209447224751486,-0.0002213260882949932,-0.0005288005103548601,0.0011357194192745622,716,4.244382747428286e-05,0.0003993104754971386,0.0010180056762811886,-0.5533156178787296,-0.519447506704076,-0.4974489442318332,-0.0219985624722428
4000,negative,12,-0.00020336051634044618,-0.00020322014991646943,-0.0004675400550664446,0.0012142960837398906,716,4.538037529892188e-05,0.0003993104754971386,0.0010180056762811886,-0.5092791920554146,-0.45927057771856955,-0.4644595843725767,0.005189006654007122
4000,negative,11,-0.00018630538247799776,-0.00018612687223046876,-0.0004067588914731564,0.0011156527218997936,716,4.16938997836061e-05,0.0003993104754971386,0.0010180056762811886,-0.46656773090174736,-0.3995644630971619,-0.43117744521377915,0.03161298211661723
4000,negative,10,-0.00016925234826121712,-0.00016908347932794896,-0.00035907628392512403,0.0012903294723601042,716,4.822187644270155e-05,0.0003993104754971386,0.0010180056762811886,-0.4238615279263565,-0.35272522765967534,-0.3966434866607659,0.04391825900109053
4000,negative,9,-0.00015255461158366569,-0.0001523629672073562,-0.0003720788196476024,0.0012670243413691908,716,4.735092280551208e-05,0.0003993104754971386,0.0010180056762811886,-0.38204510260777985,-0.36549778485206463,-0.36163592425209545,-0.00386186059996918
4000,negative,8,-0.00013691648825525253,-0.00013674180975877456,-0.0003752852571564687,0.001208527679028765,717,4.513329322763123e-05,0.0003993104754971386,0.0010180056762811886,-0.3428822849808598,-0.36864750943963226,-0.32781391009227884,-0.04083359934735342
4000,negative,7,-0.00012097591833602482,-0.00012136334992075617,-0.00026733918887907184,0.0011974221356225068,716,4.474976625011147e-05,0.0003993104754971386,0.0010180056762811886,-0.3029620452241096,-0.2626107055273714,-0.2923545495417933,0.029743844014421872
4000,negative,6,-0.00010446533870572004,-0.00010437913083547109,-0.00015946135336743816,0.0010987594034401389,716,4.106256683111709e-05,0.0003993104754971386,0.0010180056762811886,-0.2616143204749674,-0.15664092753387804,-0.25464773286318243,0.09800680532930439
4000,negative,5,-8.834723958033395e-05,-8.824563027050716e-05,-0.00019373019660044076,0.0012779244714429042,716,4.775827979214479e-05,0.0003993104754971386,0.0010180056762811886,-0.22124949131460248,-0.1903036506713245,-0.21695850784291335,0.026654857171588858
4000,negative,4,-7.21625117712861e-05,-7.209350093802464e-05,-0.00015061483658240907,0.0012234395991536822,716,4.572208451349118e-05,0.0003993104754971386,0.0010180056762811886,-0.180717802811069,-0.14795088091513448,-0.1783388227759255,0.030387941860791023
4000,negative,3,-5.580485094949427e-05,-5.578180128297351e-05,-0.00013671138878925188,0.0011884451303555282,716,4.4414279811893537e-05,0.0003993104754971386,0.0010180056762811886,-0.13975303522908494,-0.13429334626960382,-0.13863417947089593,0.00434083320129211
4000,negative,2,-4.0206331557352544e-05,-4.0458290534907464e-05,-3.577126169555691e-05,0.0011817135789044845,716,4.416270992273477e-05,0.0003993104754971386,0.0010180056762811886,-0.1006893984118397,-0.03513856801489616,-0.10026404090189699,0.06512547288700082
4000,negative,1,-2.3661466664805986e-05,-2.360265337692772e-05,-2.7471583264834212e-05,0.0011828339206521401,716,4.4204579059638414e-05,0.0003993104754971386,0.0010180056762811886,-0.059255812498651916,-0.026985687707743334,-0.05916732907416282,0.03218164136641949
4000,negative,0,-7.88742405245806e-06,-7.63092175305866e-06,2.4490306208660398e-05,0.001232811910779412,717,4.6040204481240696e-05,0.0003993104754971386,0.0010180056762811886,-0.01975260990245316,0.024057141113519493,-0.019749217108348996,0.043806358221868485
4000,positive,0,6.674179156325363e-06,6.684740278947086e-06,-9.941832301879836e-06,0.0011540826264587229,680,4.425704843654292e-05,0.0003993104754971386,0.0010180056762811886,0.016714260120564227,-0.009765989064223796,0.016712194214849103,-0.0264781832790729
4000,positive,1,2.03745683946312e-05,2.036953978861928e-05,0.00018824030789064175,0.0012885227138726492,680,4.941259044374599e-05,0.0003993104754971386,0.0010180056762811886,0.05102437738269954,0.18491086275499993,0.050967596628923195,0.13394326612607674
4000,positive,2,3.4072558947850015e-05,3.418777612756067e-05,0.00018262142421947611,0.0012874628978105582,679,4.940829134533323e-05,0.0003993104754971386,0.0010180056762811886,0.08532848757706626,0.17939136143778564,0.08506781279319964,0.094323548644586
4000,positive,3,4.9460449501342476e-05,4.9434863930373544e-05,0.00010967416479209729,0.0012052894819194416,680,4.622074170290987e-05,0.0003993104754971386,0.0010180056762811886,0.12386464301935625,0.10773433522761972,0.1230805408740258,-0.015346205646406083
4000,positive,4,6.51827472894895e-05,6.521724267785414e-05,0.00015502583532051308,0.0012673253200068092,680,4.8599707496250624e-05,0.0003993104754971386,0.0010180056762811886,0.1632382601742102,0.1522838614091309,0.16147228495493596,-0.009188423545805069
4000,positive,5,8.049516150277024e-05,8.045502722978119e-05,0.000269564256322621,0.0011834473521520783,679,4.5416541064157996e-05,0.0003993104754971386,0.0010180056762811886,0.2015853989368908,0.26479641774429874,0.1983122845026013,0.06648413324169744
4000,positive,6,9.571348365149213e-05,9.56405787636662e-05,0.000259605499136952,0.0011868112199868175,680,4.551213270505617e-05,0.0003993104754971386,0.0010180056762811886,0.23969690134557461,0.25501380315019484,0.2342849043410361,0.020728898809158736
4000,positive,7,0.00011079486354457433,0.00011089160118174309,0.00032644302845939255,0.0012223487222995405,680,4.6874933708303226e-05,0.0003993104754971386,0.0010180056762811886,0.2774654569395795,0.320669163311447,0.26921581835024144,0.05145334496120557
4000,positive,8,0.0001257908066872279,0.00012580602162437507,0.00040224979120529836,0.0011856125701625074,679,4.549963450511647e-05,0.0003993104754971386,0.0010180056762811886,0.3150200518296427,0.39513511621539416,0.30316633939932186,0.0919687768160723
4000,positive,9,0.00014146469827951995,0.00014122793549132845,0.0003269711075009676,0.001286546533933579,680,4.933680740249952e-05,0.0003993104754971386,0.0010180056762811886,0.3542724445267744,0.32118790211013837,0.3377515780861931,-0.016563675976054737
4000,positive,10,0.0001567480542200075,0.00015670567169330114,0.00045944516018769677,0.0012994134290372817,680,4.983023030548511e-05,0.0003993104754971386,0.0010180056762811886,0.3925468121637864,0.4513188589144871,0.3705368038460352,0.08078205506845187
4000,positive,11,0.00017250744791807749,0.0001726936106325756,0.0004923841604788695,0.0012083552180749873,679,4.6372417228358466e-05,0.0003993104754971386,0.0010180056762811886,0.43201332923537,0.48367526031639285,0.40333141316014554,0.08034384715624732
4000,positive,12,0.00018879769624337818,0.0001885908637948534,0.000526082430329253,0.001186676162811536,680,4.55069534988095e-05,0.0003993104754971386,0.0010180056762811886,0.4728092745584158,0.5167775019202752,0.43611981306204545,0.08065768885822971
4000,positive,13,0.00020559424301087436,0.00020536893506310376,0.0005188710070781223,0.0012069533649807962,680,4.6284548705589624e-05,0.0003993104754971386,0.0010180056762811886,0.514873151662027,0.5096936285989846,0.4687248798020812,0.040968748796903376
4000,positive,14,0.00022318646806918785,0.00022342743676571748,0.000568675399929114,0.0012050761462475174,679,4.624657800109264e-05,0.0003993104754971386,0.0010180056762811886,0.5589296594118206,0.5586171208853232,0.501558004991959,0.05705911589336421
4000,positive,15,0.00024067053747187282,0.00024077217459336648,0.0005723256569642397,0.0012448743887740106,680,4.7738753585121804e-05,0.0003993104754971386,0.0010180056762811886,0.6027153111178457,0.562202815071686,0.5328606117328618,0.029342203338824202
4000,positive,16,0.0002591055347924245,0.0002593247222636813,0.0006031045565444312,0.0011883119677653456,680,4.556968375521725e-05,0.0003993104754971386,0.0010180056762811886,0.6488823877456258,0.5924373219092391,0.5644510085388601,0.027986313370379046
4000,positive,17,0.00027725929913406173,0.0002773501928468323,0.0007062033884841918,0.0012562249515491442,679,4.820948899340642e-05,0.0003993104754971386,0.0010180056762811886,0.6943451678518474,0.6937126235523344,0.5941717423505339,0.09954088120180049
4000,positive,18,0.0002959533711642709,0.00029542021323558036,0.0006425014051555871,0.0011955366349895263,680,4.584673709606824e-05,0.0003993104754971386,0.0010180056762811886,0.7411610496714647,0.6311373503364617,0.6233805805672447,0.00775676976921702
4000,positive,19,0.00031474687001182785,0.00031500067063002353,0.0007274533533629731,0.00126487846959486,680,4.850587506630504e-05,0.0003993104754971386,0.0010180056762811886,0.7882259277570174,0.7145867359211457,0.6513678444873369,0.06321889143380888
4000,positive,20,0.00033256926526025756,0.0003323394952850095,0.0007372162801623108,0.0012815027264126881,679,4.917956095986359e-05,0.0003993104754971386,0.0010180056762811886,0.8328588546198575,0.7241769838213363,0.6766855551973732,0.04749142862396316
4000,positive,21,0.0003518941956176528,0.0003517368115246596,0.0007271969771741026,0.0013044293337203252,680,5.00225814694496e-05,0.0003993104754971386,0.0010180056762811886,0.8812546056537762,0.7143348943107856,0.7028532337089669,0.011481660601818655
4000,positive,22,0.000372270880088132,0.00037256552668118954,0.0007773353702372782,0.001261619389920524,679,4.841650853793143e-05,0.0003993104754971386,0.0010180056762811886,0.9322842823611314,0.7635864792786935,0.7290707356348487,0.0345157436438448
4000,positive,23,0.0003932440407919336,0.0003936290968325375,0.0007349589787052923,0.0011607401821615486,680,4.451235404331134e-05,0.0003993104754971386,0.0010180056762811886,0.9848077246216684,0.7219596077205817,0.7546656980962824,-0.032706090375700714
4000,positive,24,0.0004152407916278447,0.0004152314865318149,0.0007752319390933004,0.001260954622534769,680,4.8355402400470964e-05,0.0003993104754971386,0.0010180056762811886,1.0398945610201509,0.761520251955029,0.7800885950936092,-0.018568343138580135
4000,positive,25,0.0004378003676979283,0.00043799615749078345,0.0008553109704534542,0.0012229494822576636,679,4.693249368410309e-05,0.0003993104754971386,0.0010180056762811886,1.0963908902035941,0.8401829089774194,0.8047508734798169,0.03543203549760254
4000,positive,26,0.0004623853242898678,0.00046248885156670164,0.0009228753522491943,0.001326646708442758,680,5.0874578897260025e-05,0.0003993104754971386,0.0010180056762811886,1.157959414198191,0.906552265622419,0.8301171284111939,0.07643513721122508
4000,positive,27,0.00048787241653408834,0.0004877153029850989,0.0009822847248467553,0.0013185075158585152,680,5.056245510978001e-05,0.0003993104754971386,0.0010180056762811886,1.2217871718158426,0.9649108523982663,0.85487925857406,0.11003159382420635
4000,positive,28,0.0005125151038883721,0.0005126252114425895,0.0009601178545398858,0.0013186437731654865,679,5.060490351688298e-05,0.0003993104754971386,0.0010180056762811886,1.283500271938257,0.9431360520967141,0.8774543035819432,0.06568174851477093
4000,positive,29,0.0005367580261285594,0.0005369402837578824,0.0008970778116644591,0.0012431106307178538,680,4.7671116551228316e-05,0.0003993104754971386,0.0010180056762811886,1.3442122335015119,0.8812110114567501,0.8984574020428173,-0.01724639058606725
4000,positive,30,0.0005636166476403868,0.0005638666471629633,0.0010190708918652916,0.0012729181554533193,680,4.881418294504352e-05,0.0003993104754971386,0.0010180056762811886,1.4114747351385866,1.0010463748964489,0.9204446712942657,0.08060170360218322
4000,positive,31,0.0005919417699234174,0.0005922160722129549,0.0009597342420858328,0.0012461462182135712,679,4.782270270707323e-05,0.0003993104754971386,0.0010180056762811886,1.4824098195431867,0.9427592246752263,0.942297300307679,0.00046192436754732835
4000,positive,32,0.0006216326505334213,0.000621704014734576,0.0009990235145108486,0.0012882269612738365,680,4.9401248849313494e-05,0.0003993104754971386,0.0010180056762811886,1.55676519570265,0.9813535796384922,0.963865407980749,0.01748817165774319
4000,positive,33,0.0006512172105902212,0.0006515077116361582,0.0009131843616286588,0.0012251841242090853,680,4.698366640799982e-05,0.0003993104754971386,0.0010180056762811886,1.630854311496488,0.8970326815510049,0.9841197611997753,-0.08708707964877038
4000,positive,34,0.0006830192514770742,0.0006827712147947623,0.000983185720499022,0.001167020576210457,679,4.478613926153645e-05,0.0003993104754971386,0.0010180056762811886,1.7104967021631983,0.9657959119546707,1.0046458125817548,-0.038849900627084044
4000,positive,35,0.0007151729777392792,0.0007150468734949122,0.0011048541568430415,0.001255100765754017,680,4.813091724044278e-05,0.0003993104754971386,0.0010180056762811886,1.7910198244834277,1.0853123735803847,1.0242110110677505,0.061101362512634205
4000,positive,36,0.0007484005015661448,0.0007483333424416574,0.0010637189577380629,0.001359362088067391,680,5.212915643570724e-05,0.0003993104754971386,0.0010180056762811886,1.874232076266949,1.0449047412229238,1.0432963816132825,0.00160835960964123
4000,positive,37,0.0007850317564246954,0.0007845707334272477,0.0011295511374518365,0.0012351911156972435,679,4.7402284458310346e-05,0.0003993104754971386,0.0010180056762811886,1.9659683494336997,1.109572533601313,1.0631343178135824,0.04643821578773055
4000,positive,38,0.000824098705543281,0.0008237073981913134,0.0011458628540861337,0.0012979055819240845,680,4.977240700826726e-05,0.0003993104754971386,0.0010180056762811886,2.0638043730690616,1.1255957415404716,1.0830446121749966,0.042551129365475004
4000,positive,39,0.0008634646947530981,0.0008631773445948218,0.0011308697662408686,0.0012637721042427863,680,4.846344789180932e-05,0.0003993104754971386,0.0010180056762811886,2.1623892878795403,1.1108678395310885,1.101942880778324,0.008924958752764445
4000,positive,40,0.0009089580518156464,0.0009100213809468982,0.0012833880521258877,0.00122043061675713,679,4.683582849808358e-05,0.0003993104754971386,0.0010180056762811886,2.2763190739837222,1.2606885030485788,1.122486144403706,0.13820235864487285
4000,positive,41,0.0009544366743386658,0.0009547947232145257,0.0011337508070916515,0.0012745359020908077,680,4.8876220696632476e-05,0.0003993104754971386,0.0010180056762811886,2.3902119601305203,1.1136979228183521,1.1417874590538777,-0.02808953623552557
4000,positive,42,0.0010040106933699368,0.0010044079003507782,0.0012271149228575292,0.0013960472910997158,679,5.3575377906282325e-05,0.0003993104754971386,0.0010180056762811886,2.514361017250927,1.205410688219563,1.1615815775228846,0.043829110696678386
4000,positive,43,0.0010567931520001248,0.001056965787348592,0.0012450160347562578,0.0013093282795527497,680,5.0210447466236063e-05,0.0003993104754971386,0.0010180056762811886,2.6465450241054285,1.2229951794614213,1.1813941778669315,0.04160100159448987
4000,positive,44,0.001114499234635342,0.001114640997601155,0.0012622208015699926,0.001289384318581109,680,4.944563147602673e-05,0.0003993104754971386,0.0010180056762811886,2.7910593461085607,1.2398956420173712,1.2017428706721343,0.03815277134523698
4000,positive,45,0.0011782036870840295,0.0011790901206334252,0.0012182714511431976,0.0011802817131798464,679,4.529505499034557e-05,0.0003993104754971386,0.0010180056762811886,2.950595487426606,1.1967236328127238,1.2228115781974898,-0.026087945384765998
4000,positive,46,0.001245532366139844,0.0012445551831514854,0.0012872419315405816,0.0011483646784578752,680,4.4037775140307916e-05,0.0003993104754971386,0.0010180056762811886,3.1192078409392225,1.264474218103501,1.2436891142409359,0.020785103862565046
4000,positive,47,0.001316887668146619,0.0013157961486110017,0.0012681170176760239,0.0012064129578576745,680,4.626382503843172e-05,0.0003993104754971386,0.0010180056762811886,3.297904134638851,1.2456875705334973,1.2644564731959802,-0.018768902662482878
4000,positive,48,0.0013976073212598793,0.0013973296940494862,0.0014413393800038047,0.0012091302669588512,679,4.6402160874661554e-05,0.0003993104754971386,0.0010180056762811886,3.500051731725466,1.4158461132250946,1.2864842508499499,0.1293618623751447
4000,positive,49,0.0014893878006520611,0.0014881665872725288,0.0013201087752089625,0.0012545962446018823,680,4.811156973745177e-05,0.0003993104754971386,0.0010180056762811886,3.7298991437622173,1.296759739131679,1.3098977336985551,-0.013137994566876143
4000,positive,50,0.001594808792514369,0.0015923970489192267,0.001316899955368072,0.0011784186739787735,680,4.519029325728315e-05,0.0003993104754971386,0.0010180056762811886,3.9939067226544553,1.2936076743488847,1.3349553027997585,-0.04134762845087381
4000,positive,51,0.0017190049097706188,0.0017192899978082487,0.001418695475250254,0.0012126545704663554,679,4.653741123005764e-05,0.0003993104754971386,0.0010180056762811886,4.304933166680564,1.393602715883471,1.3623428794095869,0.031259836473884084
4000,positive,52,0.0018540652745510438,0.0018526019570693042,0.001425940620556358,0.0011550528713437892,680,4.429425562941562e-05,0.0003993104754971386,0.0010180056762811886,4.643167130145399,1.400719714810796,1.3899247705686608,0.010794944242135118
4000,positive,53,0.0020194413023661055,0.002018952850043552,0.001473559055840998,0.0013124592181177213,680,5.033051347931433e-05,0.0003993104754971386,0.0010180056762811886,5.057321122998128,1.4474959130129434,1.4210994392246403,0.02639647378830312
4000,positive,54,0.0022235761082378667,0.00221709284394998,0.0015064424543783865,0.0012080674353349492,679,4.636137314041765e-05,0.0003993104754971386,0.0010180056762811886,5.568539381466341,1.4797976961007477,1.4563421475415974,0.02345554855915033
4000,positive,55,0.0024718439621174847,0.002467340545066845,0.0015648976244130523,0.0013297146151871665,680,5.0992227750360525e-05,0.0003993104754971386,0.0010180056762811886,6.190280780988921,1.5372189574911603,1.495318490604605,0.04190046688655524
4000,positive,56,0.0027980382993708355,0.0027969577093094533,0.0016224341775254796,0.0011836731908537084,680,4.5391794781102286e-05,0.0003993104754971386,0.0010180056762811886,7.007174795219931,1.5937378497262316,1.5414241691351767,0.0523136805910549
4000,positive,57,0.003290239490678476,0.0032754722947365704,0.001677835517718006,0.0012957481004929614,679,4.972624824233078e-05,0.0003993104754971386,0.0010180056762811886,8.239802591159552,1.6481592949925383,1.6026985203761714,0.045460774616366884
4000,positive,58,0.004154938502800696,0.004103622903605344,0.0017214076694522015,0.0013290698114012188,680,5.096750065393562e-05,0.0003993104754971386,0.0010180056762811886,10.405283000972686,1.6909607770956305,1.6934871682674977,-0.0025263911718671483
4000,positive,59,0.0074666085973205945,0.00633258330072896,0.0020215091792263745,0.0012665078085485628,680,4.85683573629278e-05,0.0003993104754971386,0.0010180056762811886,18.69875461700503,1.985754329593741,1.939099430683584,0.04665489891015695
8000,negative,59,-0.011051811201868125,-0.009568989950035724,-0.0028234244160879143,0.002238615775387234,364,0.00011733534862924585,0.0007660011150030719,0.001558140141521103,-14.427930959113294,-1.8120478003548532,-1.826987829342298,0.014940028987444842
8000,negative,58,-0.0064312725885759415,-0.006365940291759118,-0.002681805292571443,0.0021637938656241533,363,0.00011356972461717872,0.0007660011150030719,0.001558140141521103,-8.39590499623509,-1.7211579504994876,-1.6098814352676847,-0.11127651523180293
8000,negative,57,-0.005245226992837291,-0.005234079099127805,-0.002608923410270894,0.001919074187244779,363,0.00010072527260005777,0.0007660011150030719,0.001558140141521103,-6.847544853529692,-1.6743830293236557,-1.5328079644900066,-0.14157506483364912
8000,negative,56,-0.0044999359109547735,-0.004484281366884291,-0.0022104553674783364,0.0016276735707704292,363,8.543070674883152e-05,0.0007660011150030719,0.001558140141521103,-5.874581410937929,-1.4186499073956365,-1.476005230853127,0.057355323457490615
8000,negative,55,-0.0039805740697273105,-0.003976639186047871,-0.002149259479994216,0.0016944742141865444,363,8.893683124504373e-05,0.0007660011150030719,0.001558140141521103,-5.196564328383969,-1.3793749501222943,-1.431024513331918,0.05164956320962366
8000,negative,54,-0.0035764751404522505,-0.00357230807276286,-0.0021837073154874214,0.0016851699714118316,363,8.844848514771773e-05,0.0007660011150030719,0.001558140141521103,-4.669020802192837,-1.4014832538462305,-1.3919495159643982,-0.009533737881832316
8000,negative,53,-0.003276598639616753,-0.0032783804848881856,-0.0022007552315365083,0.0021840111475352935,363,0.00011463085672205866,0.0007660011150030719,0.001558140141521103,-4.277537689489672,-1.4124244494388452,-1.3600136849867455,-0.05241076445209969
8000,negative,52,-0.003038024110525076,-0.003038895264550392,-0.002104839999453201,0.0018510948776663712,363,9.715728417420152e-05,0.0007660011150030719,0.001558140141521103,-3.966083144034186,-1.3508669363966153,-1.3323981969261613,-0.01846873947045391
8000,negative,51,-0.002823432333921266,-0.0028191685785660687,-0.0017846006789032688,0.001754290179000022,363,9.207635518930722e-05,0.0007660011150030719,0.001558140141521103,-3.6859376293596426,-1.145340288301082,-1.305542375607609,0.16020208730652707
8000,negative,50,-0.0026261999055616236,-0.0026207963380458564,-0.0019920749257040238,0.0016977955156788614,363,8.911115436419365e-05,0.0007660011150030719,0.001558140141521103,-3.428454416219866,-1.2784953500776257,-1.2788470483424257,0.00035169826479997113
8000,negative,49,-0.0024711116092925606,-0.0024691668545795734,-0.0020704435280448083,0.0018101600697309483,363,9.500876395777044e-05,0.0007660011150030719,0.001558140141521103,-3.2259895721987957,-1.3287915976695006,-1.2562551249538445,-0.07253647271565611
8000,negative,48,-0.002335236535581906,-0.0023337270577178065,-0.0020502058683323533,0.001898286861636096,363,9.963422096043e-05,0.0007660011150030719,0.001558140141521103,-3.048607227644233,-1.3158032539556301,-1.2351090236515523,-0.08069423030407785
8000,negative,47,-0.002210261965630003,-0.0022125847933928697,-0.0017823573228103122,0.0016204243851229074,363,8.505022317746767e-05,0.0007660011150030719,0.001558140141521103,-2.8854552850372013,-1.1439005230109287,-1.2143737502750418,0.07047322726411309
8000,negative,46,-0.002090358081976952,-0.0020851581005606385,-0.0017477163081730076,0.0016048325223908147,363,8.42318626187821e-05,0.0007660011150030719,0.001558140141521103,-2.728923027701558,-1.121668238690542,-1.1931506627766186,0.07148242408607652
8000,negative,45,-0.0019830986363295693,-0.0019846670838480403,-0.0016314116819596788,0.0017136015709313917,363,8.994075711463678e-05,0.0007660011150030719,0.001558140141521103,-2.588897845562035,-1.0470250001819772,-1.1729036528041286,0.12587865262215137
8000,negative,44,-0.0018821024077760858,-0.0018810758145640977,-0.001683261114659858,0.0015423309167594188,363,8.095137908823025e-05,0.0007660011150030719,0.001558140141521103,-2.4570491751419157,-1.080301488809991,-1.1525955879788896,0.0722940991688985
8000,negative,43,-0.001791443806934117,-0.0017905355425850552,-0.0017021695111759912,0.0019170297657375187,363,0.00010061796829937107,0.0007660011150030719,0.001558140141521103,-2.338696082612011,-1.0924367236404566,-1.1332007565943867,0.04076403295393005
8000,negative,42,-0.0017042865000038761,-0.00170324230917678,-0.0017073367320330115,0.001632586834699085,363,8.568858622626871e-05,0.0007660011150030719,0.001558140141521103,-2.224913863208987,-1.0957529984217327,-1.1133791398940178,0.01762614147228514
8000,negative,41,-0.0016260530243110997,-0.001626201379824131,-0.0016693143000434884,0.0017592170721216418,363,9.233495001385593e-05,0.0007660011150030719,0.001558140141521103,-2.1227815370798497,-1.0713505515709607,-1.0944825239736655,0.023131972402704815
8000,negative,40,-0.0015533227101294231,-0.001553555167021588,-0.0015202496619044356,0.0016662623245004286,363,8.7456091053714e-05,0.0007660011150030719,0.001558140141521103,-2.027833484450207,-0.9756822389674926,-1.0758650541229933,0.10018281515550065
8000,negative,39,-0.0014815699304493914,-0.0014798221145840447,-0.0014930756445072906,0.001557426000777498,363,8.174366552652826e-05,0.0007660011150030719,0.001558140141521103,-1.93416158466486,-0.9582422047414204,-1.0563908528136399,0.09814864807221946
8000,negative,38,-0.0014132525221369765,-0.0014146348215184324,-0.0015642011262639666,0.001775746141496298,363,9.320250116412064e-05,0.0007660011150030719,0.001558140141521103,-1.8449744973691178,-1.0038898842160286,-1.0367100585810907,0.032820174365062016
8000,negative,37,-0.0013488302476721192,-0.0013483787255094562,-0.0015325931627426478,0.0016050482846688414,363,8.42431872014457e-05,0.0007660011150030719,0.001558140141521103,-1.7608724338041073,-0.9836041841823576,-1.0170182321684966,0.033414047986139006
8000,negative,36,-0.0012865417487071032,-0.00128540655031049,-0.0014511972727538752,0.001643164122716635,363,8.62437498702895e-05,0.0007660011150030719,0.001558140141521103,-1.6795559738864658,-0.9313650512444748,-0.9968169454272547,0.06545189418277997
8000,negative,35,-0.0012284409485017634,-0.0012296323213180599,-0.0016220727137563917,0.0018811304431339828,363,9.873374252038228e-05,0.0007660011150030719,0.001558140141521103,-1.6037064756711703,-1.0410313363551984,-0.9768339164939984,-0.06419741986119998
8000,negative,34,-0.0011767241209970508,-0.0011770289675913088,-0.0015018828263540286,0.0016966626336017796,363,8.905169347581517e-05,0.0007660011150030719,0.001558140141521103,-1.5361911333410156,-0.96389457297971,-0.9580271451523119,-0.005867427827398131
8000,negative,33,-0.0011269095530683994,-0.001126131154141122,-0.0012394863648391397,0.0017250378448895238,363,9.054100582811441e-05,0.0007660011150030719,0.001558140141521103,-1.471159154988802,-0.7954909393638471,-0.9389177199251155,0.14342678056126845
8000,negative,32,-0.0010762121513466366,-0.0010764431212142453,-0.0012433868749638062,0.001885095095227998,363,9.894183278890254e-05,0.0007660011150030719,0.001558140141521103,-1.4049746537801326,-0.7979942508572911,-0.9183755425788662,0.12038129172157508
8000,negative,31,-0.0010291627031874795,-0.0010307879415610694,-0.0013600943191485026,0.0016918666269426486,363,8.879996840893476e-05,0.0007660011150030719,0.001558140141521103,-1.3435524871048683,-0.8728960142319021,-0.8982352462441705,0.025339232012268398
8000,negative,30,-0.0009838599827718543,-0.00098436995654754,-0.0011855110545131318,0.0015314934849237434,363,8.03825614348074e-05,0.0007660011150030719,0.001558140141521103,-1.284410640535306,-0.7608500820444819,-0.87777782480267,0.11692774275818807
8000,negative,29,-0.000936093731697215,-0.0009351556225150538,-0.0012943614160564002,0.0016194344135644547,363,8.49982631460347e-05,0.0007660011150030719,0.001558140141521103,-1.2220527011810693,-0.8307092421050175,-0.8549791864025152,0.024269944297497736
8000,negative,28,-0.000894699535220042,-0.0008950199950626839,-0.0011784356669119122,0.001593635912607654,363,8.364419301220764e-05,0.0007660011150030719,0.001558140141521103,-1.16801335885321,-0.7563091634116352,-0.8341179736449194,0.07780881023328412
8000,negative,27,-0.0008505860532336738,-0.0008511373903762947,-0.001042398422271002,0.001715947822989341,363,9.006390341074985e-05,0.0007660011150030719,0.001558140141521103,-1.1104240406102577,-0.6690017120368784,-0.8106668727616966,0.14166516072481816
8000,negative,26,-0.0008081181865651273,-0.0008083384364499641,-0.0011561589323233338,0.001810640574564626,363,9.503398392095869e-05,0.0007660011150030719,0.001558140141521103,-1.0549830421093924,-0.7420121602121468,-0.7868108422585065,0.04479868204635973
8000,negative,25,-0.0007662420410487977,-0.0007653001034711737,-0.00114390392497405,0.00160282789895335,363,8.412664717503263e-05,0.0007660011150030719,0.001558140141521103,-1.0003145244060445,-0.7341470093038851,-0.7619652170001239,0.027818207696238773
8000,negative,24,-0.0007279652618954208,-0.0007283173581368282,-0.0011494961173770515,0.0015381442987211533,363,8.073163862901328e-05,0.0007660011150030719,0.001558140141521103,-0.9503449115638708,-0.7377360269114683,-0.7380265250838028,0.0002904981723345079
8000,negative,23,-0.0006902251838936158,-0.0006902944641651905,-0.0010700751006580153,0.0018477583200048795,363,9.698216031383526e-05,0.0007660011150030719,0.001558140141521103,-0.9010759519466858,-0.686764349459206,-0.7132001469790163,0.0264357975198104
8000,negative,22,-0.0006530126284964379,-0.0006529145735414329,-0.000939077968039722,0.0015613129884652277,363,8.194767947087802e-05,0.0007660011150030719,0.001558140141521103,-0.8524956631346666,-0.6026915955858541,-0.6874607281145727,0.08476913252871865
8000,negative,21,-0.000617482006791833,-0.0006177715079804261,-0.0009925267595674602,0.0025479493237619906,363,0.00013373265708686456,0.0007660011150030719,0.001558140141521103,-0.8061111070175879,-0.6369945379871453,-0.6616531141677615,0.024658576180616176
8000,negative,20,-0.0005813565008247587,-0.000581310014431567,-0.0008232806627537397,0.0017478964449128508,363,9.174077118054767e-05,0.0007660011150030719,0.001558140141521103,-0.7589499407222499,-0.5283739509785227,-0.6341180919321178,0.10574414095359508
8000,negative,19,-0.0005474015005708702,-0.0005476449257817464,-0.000858656410570801,0.0018826974739768573,363,9.881599030937882e-05,0.0007660011150030719,0.001558140141521103,-0.7146223286746455,-0.5510777802903883,-0.6069939827499085,0.055916202459520115
8000,negative,18,-0.0005158008811562024,-0.0005157252885005565,-0.0009403798334748321,0.0017217322946143318,363,9.036750943345969e-05,0.0007660011150030719,0.001558140141521103,-0.6733683163818031,-0.6035271208383125,-0.5806270866747991,-0.022900034163513383
8000,negative,17,-0.00048661454632381584,-0.0004861068057930141,-0.0008185542220252554,0.001702190104484514,363,8.934181045782285e-05,0.0007660011150030719,0.001558140141521103,-0.6352661070498107,-0.5253405648263181,-0.5552831998427845,0.029942635016466435
8000,negative,16,-0.000456813627531187,-0.0004557160625719313,-0.0009548351770193362,0.0017143834218676798,363,8.998179364632152e-05,0.0007660011150030719,0.001558140141521103,-0.5963615699558805,-0.6128044272623626,-0.5283998763399533,-0.08440455092240928
8000,negative,15,-0.00042970280506026483,-0.0004300561825191266,-0.0007167783652168365,0.0016101806301199232,363,8.451256547669626e-05,0.0007660011150030719,0.001558140141521103,-0.5609689028436226,-0.4600217567831197,-0.5030451828142903,0.04302342603117065
8000,negative,14,-0.00040136516329510063,-0.00040126865487148916,-0.0006086679001049868,0.00187619221464666,363,9.847455274342994e-05,0.0007660011150030719,0.001558140141521103,-0.5239746462947263,-0.3906374554414515,-0.47561816099579585,0.08498070555434434
8000,negative,13,-0.00037181614029250804,-0.0003720414818268509,-0.0006474722182499392,0.001633172340601766,363,8.571931731631644e-05,0.0007660011150030719,0.001558140141521103,-0.4853989544010219,-0.41554170962944165,-0.4460070586629256,0.03046534903348397
8000,negative,12,-0.00034095344105671184,-0.00034043838068980534,-0.000503814901437033,0.0016772791524191702,363,8.803432455957776e-05,0.0007660011150030719,0.001558140141521103,-0.4451082829759908,-0.32334376607818716,-0.41398027347971744,0.09063650740153029
8000,negative,11,-0.00031221860134922634,-0.0003118753665076393,-0.0006302605897357922,0.0015240541625867537,363,7.999209827536654e-05,0.0007660011150030719,0.001558140141521103,-0.4075954920091392,-0.40449544488374006,-0.38316449525335416,-0.021330949630385898
8000,negative,10,-0.00028515548301425423,-0.0002851254835875068,-0.0005069646523895043,0.0021609648082627124,363,0.00011342123761452591,0.0007660011150030719,0.001558140141521103,-0.37226510174611255,-0.32536524724572613,-0.35328191411088183,0.027916666865155704
8000,negative,9,-0.0002572059089175819,-0.0002573724151466863,-0.0006130007637665643,0.00166460987593251,363,8.736935999684948e-05,0.0007660011150030719,0.001558140141521103,-0.33577746021498994,-0.3934182474550297,-0.3215740364374883,-0.0718442110175414
8000,negative,8,-0.00022720458394100734,-0.00022743974784521941,-0.0003286873838490164,0.0018258459405671751,363,9.583205866229491e-05,0.0007660011150030719,0.001558140141521103,-0.2966112966298961,-0.21094853735565913,-0.2866258841962641,0.07567734684060498
8000,negative,7,-0.00019841476119685086,-0.0001978095106647706,-0.00037833079484918296,0.001730507785577426,363,9.08281032579882e-05,0.0007660011150030719,0.001558140141521103,-0.25902672634628626,-0.24280922156324472,-0.25225672629093654,0.009447504727691819
8000,negative,6,-0.0001730419206185792,-0.00017325108193198227,-0.0003174432331847129,0.001544674414095854,363,8.10743807989608e-05,0.0007660011150030719,0.001558140141521103,-0.22590296179645278,-0.20373214496278577,-0.22134477856138304,0.01761263359859727
8000,negative,5,-0.0001459040441511582,-0.00014629142905825808,-0.00017077079961721217,0.0015447454902509153,363,8.107811132962058e-05,0.0007660011150030719,0.001558140141521103,-0.19047497620231674,-0.10959912723286919,-0.18770080147359045,0.07810167424072126
8000,negative,4,-0.00011844621165592498,-0.00011777472662831402,-0.00016294036528042766,0.00173303472309503,363,9.09607330812622e-05,0.0007660011150030719,0.001558140141521103,-0.15462929405194137,-0.10457362655541395,-0.153122948229035,0.04854932167362104
8000,negative,3,-9.16346917396988e-05,-9.083193395356654e-05,-7.985148720882997e-05,0.0016353122417649064,363,8.58316329992781e-05,0.0007660011150030719,0.001558140141521103,-0.1196273607765327,-0.05124794945009026,-0.11891976047883603,0.06767181102874577
8000,negative,2,-6.590783319664456e-05,-6.583859599175506e-05,-0.0001472044438909079,0.0016052200253741902,363,8.425220125076061e-05,0.0007660011150030719,0.001558140141521103,-0.08604143245454708,-0.09447445705827368,-0.0857742580044782,-0.008700199053795474
8000,negative,1,-3.944635795096957e-05,-3.9666631277022046e-05,-3.6567686001735205e-05,0.001613663275251343,363,8.469535694070692e-05,0.0007660011150030719,0.001558140141521103,-0.05149647589065374,-0.023468804266884965,-0.05143812230947126,0.027969318042586292
8000,negative,0,-1.228608357348167e-05,-1.1631505958985689e-05,0.00014977290506405102,0.0016200705308085331,364,8.491476859333074e-05,0.0007660011150030719,0.001558140141521103,-0.01603925024760884,0.09612287179626747,-0.016037422425901,0.11216029422216847
8000,positive,0,1.1781981494758168e-05,1.2336901610291114e-05,0.00014177476221701582,0.0015642041015066495,335,8.546159949689589e-05,0.0007660011150030719,0.001558140141521103,0.015381154497028269,0.09098973734070612,0.015379540550461557,0.07561019679024455
8000,positive,1,3.505191466722982e-05,3.461083615683385e-05,0.00025230375628266946,0.0015055916704355139,335,8.22592602977364e-05,0.0007660011150030719,0.001558140141521103,0.045759613113734506,0.16192622830213654,0.04571851063834088,0.11620771766379567
8000,positive,2,6.0884029446341756e-05,6.092628993480936e-05,0.0002644751990055224,0.001597024061563908,335,8.725474546756297e-05,0.0007660011150030719,0.001558140141521103,0.079482951465544,0.16973774820237533,0.07927167566244152,0.09046607253993381
8000,positive,3,8.62527382329067e-05,8.644802371826613e-05,0.0003103241361378778,0.00159659084637519,335,8.723107639335549e-05,0.0007660011150030719,0.001558140141521103,0.11260132203927771,0.19916317401009262,0.11200947529727273,0.08715369871281989
8000,positive,4,0.00011001589339019206,0.00011048992822145462,0.0003007829908308809,0.0015575014565791928,335,8.509539488471742e-05,0.0007660011150030719,0.001558140141521103,0.14362367264928963,0.19303975477921234,0.1424111753005216,0.05062857947869073
8000,positive,5,0.00013460491405537233,0.00013476411491496667,0.00036250943128619107,0.0015656669229991724,335,8.554152197274736e-05,0.0007660011150030719,0.001558140141521103,0.17572417509448732,0.23265521606567335,0.17353247511767592,0.05912274094799744
8000,positive,6,0.00015917185168555888,0.00015953000671586507,0.00048819887037347004,0.0017635857399721528,334,9.649911827081782e-05,0.0007660011150030719,0.001558140141521103,0.20779584855424205,0.31332154108864413,0.20422028501020414,0.10910125607843998
8000,positive,7,0.00018349944311020489,0.0001838824181045392,0.000434761332199464,0.0015361570567826081,335,8.392922574786352e-05,0.0007660011150030719,0.001558140141521103,0.23955506005950003,0.27902582098619,0.2341523219045667,0.0448734990816233
8000,positive,8,0.00020695851245948889,0.00020607501236759052,0.0005486976339072914,0.0017414033160873252,335,9.51430268074826e-05,0.0007660011150030719,0.001558140141521103,0.27018043238573997,0.3521490906277765,0.26253744821542185,0.08961164241235464
8000,positive,9,0.0002352032253494848,0.00023548936022199597,0.0006848275111430348,0.0017167649999545347,335,9.37968917963352e-05,0.0007660011150030719,0.001558140141521103,0.3070533720418169,0.43951599274920533,0.29603264919630146,0.14348334355290387
8000,positive,10,0.0002623865036787747,0.00026189305760250634,0.0007072951083963625,0.0017549963589232969,335,9.588569407300954e-05,0.0007660011150030719,0.001558140141521103,0.34254062890981885,0.4539354898500207,0.3275145659484233,0.12642092390159737
8000,positive,11,0.0002891703861729601,0.00028880980028805626,0.0006318758848973595,0.0017026459408286674,335,9.302548519081255e-05,0.0007660011150030719,0.001558140141521103,0.3775064820523145,0.40553212644948833,0.35776680113377013,0.0477653253157182
8000,positive,12,0.0003169483678962438,0.0003176855050893658,0.000660729276021371,0.001599230677949457,335,8.737530579955764e-05,0.0007660011150030719,0.001558140141521103,0.4137701129781942,0.4240499672746685,0.38830207977415326,0.03574788750051522
8000,positive,13,0.0003460454891769786,0.0003460939380426773,0.0007973859002898271,0.002108636832860761,334,0.00011537947405247576,0.0007660011150030719,0.001558140141521103,0.4517558557021041,0.5117549307929358,0.41934129236476536,0.09241363842817041
8000,positive,14,0.00037399731475984204,0.0003739001019712455,0.0008715131490684192,0.0015286470822763912,335,8.351891200884186e-05,0.0007660011150030719,0.001558140141521103,0.48824643650596017,0.5593291167106587,0.4482281052568768,0.11110101145378187
8000,positive,15,0.0004006831965141299,0.00040026756794168977,0.0007330731225203295,0.0017000239684632147,335,9.288223153742268e-05,0.0007660011150030719,0.001558140141521103,0.5230843515319465,0.4704795820257102,0.4749464090729685,-0.004466827047258259
8000,positive,16,0.0004298069862467007,0.00043053187630476015,0.0009268414078658704,0.0016112893733421488,335,8.803414270908411e-05,0.0007660011150030719,0.001558140141521103,0.5611049094164531,0.5948382839049767,0.5031442673351115,0.0916940165698652
8000,positive,17,0.0004587943284225264,0.00045916937531359774,0.0010628779497156592,0.0018727990598386755,335,0.00010232194317604253,0.0007660011150030719,0.001558140141521103,0.5989473375906071,0.682145284234861,0.5302185785156505,0.15192670571921052
8000,positive,18,0.0004891922226475344,0.0004893012751977526,0.0008946227441258774,0.0015569786919440022,335,8.506683320159642e-05,0.0007660011150030719,0.001558140141521103,0.6386312148456501,0.5741606420925142,0.5575604670299175,0.0166001750625967
8000,positive,19,0.0005207855901188061,0.000520813520684843,0.0009995830890033054,0.0017226695986572757,335,9.411949448548396e-05,0.0007660011150030719,0.001558140141521103,0.6798757598632446,0.641523225264887,0.5848596273362376,0.05666359792864939
8000,positive,20,0.0005528810142229454,0.0005537000227675637,0.000901478941718283,0.0016563773372643236,334,9.063293547173733e-05,0.0007660011150030719,0.001558140141521103,0.7217757303404554,0.578560886595369,0.6114547050716717,-0.03289381847630268
8000,positive,21,0.0005879571310395003,0.0005886970036383348,0.0009690113508214802,0.0016793761753499843,335,9.1754122089405e-05,0.0007660011150030719,0.001558140141521103,0.7675669389034014,0.6219025651155502,0.6392493463993707,-0.0173467812838205
8000,positive,22,0.0006209400826903029,0.0006203630781591745,0.0012451536527648167,0.0017517649494414574,335,9.570914331298952e-05,0.0007660011150030719,0.001558140141521103,0.8106255598437513,0.799128152586622,0.6642194322491114,0.13490872033751056
8000,positive,23,0.0006536253610605777,0.0006536611886057711,0.0012217050888435929,0.0017675339309488924,335,9.657069480794103e-05,0.0007660011150030719,0.001558140141521103,0.8532955739339315,0.7840790801082423,0.6878950524061755,0.0961840277020668
8000,positive,24,0.000688360286370744,0.0006877227902020363,0.0011628532166013039,0.001635901362552782,335,8.937883932681775e-05,0.0007660011150030719,0.001558140141521103,0.8986413634241034,0.7463084902402244,0.7119405895881963,0.034367900652028105
8000,positive,25,0.0007261225465016008,0.0007262745256492803,0.0011062682151724613,0.001635538768287342,335,8.93590286858259e-05,0.0007660011150030719,0.001558140141521103,0.947939281392154,0.7099927571935148,0.7368431384928418,-0.02685038129932693
8000,positive,26,0.0007647470531399442,0.0007646556223813723,0.0012111915286605647,0.0018807942335476728,334,0.00010291248169712172,0.0007660011150030719,0.001558140141521103,0.9983628459037913,0.7773315739610965,0.7610527756974423,0.016278798263654193
8000,positive,27,0.0008040203259884324,0.0008040180076142327,0.0011921330668773931,0.0017537102367210643,335,9.581542571068687e-05,0.0007660011150030719,0.001558140141521103,1.0496333624595415,0.7651000286236109,0.7844389866950943,-0.019338958071483336
8000,positive,28,0.000844973665819243,0.0008456275612403935,0.0012308616218143914,0.00158822792015773,335,8.677416092412085e-05,0.0007660011150030719,0.001558140141521103,1.1030971747552278,0.7899556586821437,0.8075881979019,-0.01763253921975627
8000,positive,29,0.0008885408871264383,0.0008895465154452199,0.0013488067753434792,0.0017013236575095698,335,9.295324113562224e-05,0.0007660011150030719,0.001558140141521103,1.1599733599903115,0.8656517725207526,0.8309216439673647,0.03473012855338797
8000,positive,30,0.0009321227568199781,0.0009321833642772126,0.0014149765400076173,0.001936606617040867,335,0.00010580812243694365,0.0007660011150030719,0.001558140141521103,1.2168686684173298,0.9081189183832173,0.853023756054689,0.05509516232852829
8000,positive,31,0.0009802256133973936,0.000981562385227003,0.001491175410018568,0.0017975847623048116,335,9.821254711571509e-05,0.0007660011150030719,0.001558140141521103,1.2796660399031698,0.9570226517383975,0.8760887656686898,0.08093388606970775
8000,positive,32,0.0010236485470839032,0.0010235920183835846,0.0013141065374903456,0.0016656362120154337,335,9.100342769954349e-05,0.0007660011150030719,0.001558140141521103,1.3363538603723808,0.8433814792856024,0.8958027824015944,-0.052421303115992024
8000,positive,33,0.001072023767221552,0.0010716603930081936,0.0014940793137652336,0.0020315640965777914,334,0.00011116224155537967,0.0007660011150030719,0.001558140141521103,1.3995067973461799,0.9588863504322973,0.9166260005364544,0.04226034989584293
8000,positive,34,0.0011238067194404336,0.001123789839790707,0.0015687469290548027,0.0016390643774241858,335,8.955165329008652e-05,0.0007660011150030719,0.001558140141521103,1.4671084642428056,1.0068073386026402,0.9376931613171035,0.0691141772855367
8000,positive,35,0.0011753800551116901,0.0011761799283740962,0.0016193624023609042,0.001854468271352037,335,0.00010132042521390544,0.0007660011150030719,0.001558140141521103,1.5344364806922983,1.0392918834502487,0.9575247464128176,0.0817671370374311
8000,positive,36,0.001232540571536228,0.0012339494853761774,0.0016301390205046618,0.00176609411190719,335,9.649202909023102e-05,0.0007660011150030719,0.001558140141521103,1.609058456176379,1.046208217775117,0.9782824105735909,0.06792580720152619
8000,positive,37,0.0012921121421532408,0.0012928409540738316,0.00169125794488148,0.0017701193546488202,335,9.671195159441807e-05,0.0007660011150030719,0.001558140141521103,1.6868280174083805,1.0854337808346453,0.9986731896246224,0.08676059121002289
8000,positive,38,0.0013568581008476732,0.0013568635966357033,0.0015195610070337935,0.0015661786669387667,335,8.556948153094597e-05,0.0007660011150030719,0.001558140141521103,1.7713526446266747,0.9752402666106481,1.0195361788964064,-0.04429591228575824
8000,positive,39,0.0014225643714890824,0.00142305077214614,0.0017957762947734112,0.0017320180604487874,335,9.463025551517864e-05,0.0007660011150030719,0.001558140141521103,1.857130940969162,1.152512695693932,1.0394625659577892,0.11305012973614281
8000,positive,40,0.0014876135500687762,0.0014895159946835893,0.0017169579832052295,0.0017338788951495256,334,9.487363204294845e-05,0.0007660011150030719,0.001558140141521103,1.9420514160254327,1.1019278288595298,1.0580765843559834,0.04385124450354638
8000,positive,41,0.001557005831562086,0.0015574644085788148,0.0016904119994480822,0.0016077335875590907,335,8.78398693785157e-05,0.0007660011150030719,0.001558140141521103,2.032641729974299,1.0848908608424987,1.0768339839587453,0.00805687688375345
8000,positive,42,0.001636206112696556,0.0016377569774868534,0.0017309880147595952,0.0017132825336801094,335,9.360662433845058e-05,0.0007660011150030719,0.001558140141521103,2.1360362023624395,1.1109321739633464,1.0969983668870011,0.013933807076345284
8000,positive,43,0.0017208109893547677,0.0017211098852255495,0.0018183725391106847,0.0017102812031399954,335,9.344264413386604e-05,0.0007660011150030719,0.001558140141521103,2.2464862722136725,1.1670147573090153,1.1172324199464905,0.0497823373625248
8000,positive,44,0.0018174743759588493,0.001816643232830741,0.0018815463285974652,0.0016783611261249887,335,9.169866402593831e-05,0.0007660011150030719,0.001558140141521103,2.372678499236337,1.2075591138808885,1.1388907251992926,0.06866838868159597
8000,positive,45,0.0019184521865034073,0.0019175555067722978,0.0018647422170552546,0.0017011809647931352,335,9.294544499970154e-05,0.0007660011150030719,0.001558140141521103,2.50450312529338,1.1967743897765433,1.160053782652742,0.03672060712380132
8000,positive,46,0.002022169529094685,0.002020640703339829,0.0019338852237079332,0.0018872021714187075,334,0.00010326310845740544,0.0007660011150030719,0.001558140141521103,2.63990415873817,1.2411497349782779,1.1804274449634555,0.06072229001482232
8000,positive,47,0.002137644168277145,0.002138765589242002,0.0018876036965746197,0.0016839873223454308,335,9.20060559625911e-05,0.0007660011150030719,0.001558140141521103,2.7906541210042133,1.2114466768899776,1.2016875709030461,0.009759105986931527
8000,positive,48,0.0022665579606340374,0.002262464212871975,0.0019736049767263737,0.0016482785922424038,335,9.005507962410164e-05,0.0007660011150030719,0.001558140141521103,2.9589486441216835,1.2666415068414074,1.2238779158287545,0.042763591012652924
8000,positive,49,0.002415547144438779,0.0024135383057094103,0.0018191285285205495,0.0015517738887533487,335,8.47824644256091e-05,0.0007660011150030719,0.001558140141521103,3.1534512119203533,1.167499944353312,1.2477712991669814,-0.08027135481366932
8000,positive,50,0.002577443734442944,0.0025762938137907625,0.0021230561795035153,0.001659367912023919,335,9.066095388625708e-05,0.0007660011150030719,0.001558140141521103,3.364804154929471,1.3625579130712366,1.271908348390814,0.09064956468042262
8000,positive,51,0.002760870456108951,0.0027603314555439606,0.0019481410409006767,0.0015793799137379238,335,8.629074269227559e-05,0.0007660011150030719,0.001558140141521103,3.6042642785159376,1.250298987226427,1.2973002453605103,-0.04700125813408329
8000,positive,52,0.002970673929108824,0.0029712031534058323,0.00210394346477956,0.0020350629045730647,335,0.00011118736406207638,0.0007660011150030719,0.001558140141521103,3.8781587531983037,1.3502915486957594,1.3241919234242463,0.026099625271513105
8000,positive,53,0.003214427540068794,0.0032178276828426088,0.0020629765346570493,0.0015500441400976182,334,8.481464178919365e-05,0.0007660011150030719,0.001558140141521103,4.196374492295488,1.3239993500476215,1.353022433701787,-0.029023083654165616
8000,positive,54,0.003506515810309289,0.0035000037290295106,0.002302914822392409,0.001833325019794377,335,0.00010016524597933982,0.0007660011150030719,0.001558140141521103,4.577690216932943,1.4779895344614091,1.3847462985960186,0.09324323586539052
8000,positive,55,0.0038891650818433324,0.0038895532011595075,0.0022270134598455916,0.0017562775839963325,335,9.595569487658222e-05,0.0007660011150030719,0.001558140141521103,5.0772316197316965,1.429276738658125,1.42253466230198,0.00674207635614521
8000,positive,56,0.004439807760159046,0.004442064976809662,0.00235311628533791,0.0016833893270939292,335,9.197338399181973e-05,0.0007660011150030719,0.001558140141521103,5.796085244786153,1.5102083712705892,1.4710545689357375,0.03915380233485166
8000,positive,57,0.005203296372472428,0.005208697209011739,0.002484688670936173,0.001793263511337623,335,9.797645195452243e-05,0.0007660011150030719,0.001558140141521103,6.79280521993961,1.594650317211227,1.5298121200692882,0.06483819714193872
8000,positive,58,0.006515953603629876,0.006435688061267118,0.0027028168868036577,0.0021481826776872204,335,0.00011736775748755711,0.0007660011150030719,0.001558140141521103,8.506454463325088,1.734642998263999,1.614899434705403,0.11974356355859594
8000,positive,59,0.011423130194663442,0.010061746710597739,0.0027624268200212377,0.0017189678489980234,335,9.391724629644514e-05,0.0007660011150030719,0.001558140141521103,14.912680896838683,1.7729001046879354,1.8409525307140482,-0.06805242602611283
16000,negative,59,-0.016418946496383154,-0.014386326813133518,-0.003926763154467938,0.0028676845227057807,183,0.0002119853397571325,0.001342838533342364,0.002307255236080808,-12.22704449470624,-1.7019197066112584,-1.7583736928882447,0.05645398627698639
16000,negative,58,-0.009900241837456388,-0.009749564403513463,-0.0035548515602357666,0.0027674812935645594,183,0.0002045781039171799,0.001342838533342364,0.002307255236080808,-7.372622688160727,-1.5407274863418117,-1.5605135391343654,0.019786052792553743
16000,negative,57,-0.008071822164873971,-0.0080528909585852,-0.0037620046758851393,0.00265586678764549,183,0.00019632732222493377,0.001342838533342364,0.002307255236080808,-6.0110147009134245,-1.6305108412173004,-1.4844660530182014,-0.14604478819909894
16000,negative,56,-0.007020499395809779,-0.0069943122800934735,-0.003339368744093126,0.0028212578023398944,182,0.00020912554181092469,0.001342838533342364,0.002307255236080808,-5.228103916809382,-1.4473339108184258,-1.433237072278314,-0.014096838540111678
16000,negative,55,-0.006243576323667064,-0.006223591537334206,-0.003516325058218619,0.0021459865912716865,183,0.00015863589354513276,0.001342838533342364,0.002307255236080808,-4.649536164356724,-1.5240295062420504,-1.390424602871441,-0.13360490337060926
16000,negative,54,-0.0056895007386852875,-0.005689800246467422,-0.0028633011373513347,0.0023387478879161056,183,0.00017288521861476665,0.001342838533342364,0.002307255236080808,-4.23692096809581,-1.2409988685148885,-1.3565321943686133,0.11553332585372478
16000,negative,53,-0.005226812715070356,-0.00522299310687722,-0.0033032864900302103,0.0034177735040827506,183,0.0002526490873522915,0.001342838533342364,0.002307255236080808,-3.8923612819336273,-1.4316953054753054,-1.3255306882339162,-0.10616461724138926
16000,negative,52,-0.0048469594419410945,-0.004824637179240756,-0.0028188142686058726,0.002142359519984682,182,0.00015880225302310503,0.001342838533342364,0.002307255236080808,-3.60948790311883,-1.2217175735589698,-1.2978334098290112,0.07611583627004137
16000,negative,51,-0.004535084349296555,-0.0045281612676545254,-0.0027547030710550952,0.002265550519928996,183,0.00016747431347537058,0.001342838533342364,0.002307255236080808,-3.377237275138805,-1.1939307918678037,-1.2732750825071575,0.07934429063935378
16000,negative,50,-0.004265148075000067,-0.0042692414398034775,-0.0027293395251022,0.0022352851476582073,183,0.00016523703277977801,0.001342838533342364,0.002307255236080808,-3.1762181149091617,-1.1829378399150847,-1.2504576059443495,0.0675197660292648
16000,negative,49,-0.003970675152575291,-0.003960691123332782,-0.0026267624505214456,0.002462608459883943,183,0.00018204125555788914,0.001342838533342364,0.002307255236080808,-2.9569267294498656,-1.138479353928508,-1.2236201249119614,0.0851407709834533
16000,negative,48,-0.0037438161266266836,-0.0037425684803538335,-0.002810818516292533,0.0021624075759258104,182,0.00016028831379977953,0.001342838533342364,0.002307255236080808,-2.787986815740398,-1.2182520912021406,-1.2013233358068651,-0.016928755395275497
16000,negative,47,-0.003542121027774631,-0.003543534500104018,-0.002645836779529558,0.002369907363826604,183,0.00017518859335325033,0.001342838533342364,0.002307255236080808,-2.637786256370071,-1.1467464622699817,-1.1801185220847308,0.03337205981474911
16000,negative,46,-0.003350106444347004,-0.003353670833488486,-0.002582989798949096,0.0024627568230304346,183,0.0001820522228772604,0.001342838533342364,0.002307255236080808,-2.4947946913680616,-1.119507611709514,-1.158541998276749,0.039034386567235124
16000,negative,45,-0.0031618044612267667,-0.0031563237994430833,-0.002834039022760103,0.002433339449896853,183,0.00017987762808166526,0.001342838533342364,0.002307255236080808,-2.354567867036809,-1.2283162167936434,-1.135870884037029,-0.09244533275661437
16000,negative,44,-0.0030055469738143317,-0.0029994730163499556,-0.0025366220440707775,0.0023283701799259337,183,0.00017211807636575762,0.001342838533342364,0.002307255236080808,-2.2382042957416766,-1.099411111698063,-1.1157585461574384,0.016347434459375476
16000,negative,43,-0.0028685442465806437,-0.0028676022532135685,-0.0027323269185160746,0.0036512052858897965,182,0.0002706453423155212,0.001342838533342364,0.002307255236080808,-2.1361795743534064,-1.1842326222898987,-1.0970254731756153,-0.0872071491142834
16000,negative,42,-0.0027335521213617993,-0.002731577576330629,-0.002262788754843984,0.0021617926819261445,183,0.0001598043133873739,0.001342838533342364,0.002307255236080808,-2.0356521305341966,-0.9807275413047253,-1.0774391561061056,0.09671161480138035
16000,negative,41,-0.0026076060470612335,-0.002609792143131266,-0.0023723530314132706,0.0021503588169276386,183,0.00015895909776576206,0.001342838533342364,0.002307255236080808,-1.9418612009671978,-1.0282143883842865,-1.0580360449520172,0.029821656567730725
16000,negative,40,-0.002487153616654555,-0.002486744900002223,-0.002343101282217642,0.002506550142817352,182,0.00018579785805401477,0.001342838533342364,0.002307255236080808,-1.852161339505173,-1.015536229185343,-1.0383400878696927,0.022803858684349754
16000,negative,39,-0.0023770167086792733,-0.0023805194751153652,-0.0022366012639402993,0.0022109551452934853,183,0.00016343850725274024,0.001342838533342364,0.002307255236080808,-1.770143356523148,-0.9693774789041006,-1.0192465990028459,0.04986912009874522
16000,negative,38,-0.002263294864914912,-0.002260691707556318,-0.0021243806598191597,0.0022884711402747634,183,0.0001691686544856771,0.001342838533342364,0.002307255236080808,-1.685455703510016,-0.920739338499764,-0.998323666959982,0.07758432846021801
16000,negative,37,-0.0021588745186075908,-0.002157384966870111,-0.002099144855731347,0.0024489899179337637,183,0.00018103454396899317,0.001342838533342364,0.002307255236080808,-1.6076947935311996,-0.9098017518413068,-0.9779139123036539,0.06811216046234703
16000,negative,36,-0.0020659849508343703,-0.0020643934148017597,-0.001980965083631405,0.002268788236706143,182,0.00016817377301071732,0.001342838533342364,0.002307255236080808,-1.5385207525226983,-0.8585808161373374,-0.9586930726894245,0.10011225655208711
16000,negative,35,-0.0019782504526519203,-0.001978426994239734,-0.002086525466536509,0.002443110837347843,183,0.0001805999498267163,0.001342838533342364,0.002307255236080808,-1.473185646324877,-0.9043323139579309,-0.939528794650571,0.03519648069264014
16000,negative,34,-0.001877020175935364,-0.001875329760008017,-0.0017406336611288857,0.0023126439529098817,183,0.000170955560213545,0.001342838533342364,0.002307255236080808,-1.3978003530055148,-0.7544174714218409,-0.9160782988955097,0.16166082747366883
16000,negative,33,-0.001791907051782131,-0.001794667998563242,-0.0015225853422549094,0.0023607883155885028,183,0.00017451449391040383,0.001342838533342364,0.002307255236080808,-1.3344173609034158,-0.6599119674515209,-0.8951457637677819,0.23523379631626096
16000,negative,32,-0.0017107745903381297,-0.0017113119077816845,-0.001932227786968358,0.0020840115268197647,182,0.00015447721201690087,0.001342838533342364,0.002307255236080808,-1.2739987331760299,-0.837457320175168,-0.8740616105192912,0.03660429034412316
16000,negative,31,-0.0016362686231592668,-0.0016371391669306695,-0.001932570282486425,0.0021216984439981035,183,0.00015684046203546175,0.001342838533342364,0.002307255236080808,-1.2185147972232722,-0.8376057630143958,-0.8536457095079039,0.01603994649350804
16000,negative,30,-0.001559527304452265,-0.0015592413911262291,-0.0021288662563894887,0.0022886927459812583,183,0.0001691850360508777,0.001342838533342364,0.002307255236080808,-1.1613662147231927,-0.9226834652267004,-0.8314771425537775,-0.09120632267292295
16000,negative,29,-0.0014852121465602631,-0.0014866741134936681,-0.0016348880007452564,0.0022295374011642856,183,0.00016481214713294184,0.001342838533342364,0.002307255236080808,-1.1060243727617252,-0.7085856714848504,-0.808820822096836,0.10023515061198562
16000,negative,28,-0.0014157431350168867,-0.0014160241004589724,-0.0018507849721604139,0.0023516467734640348,182,0.00017431565638584992,0.001342838533342364,0.002307255236080808,-1.054291413199963,-0.8021587482901233,-0.7865049082839853,-0.01565384000613801
16000,negative,27,-0.0013466206292182844,-0.0013447525168949167,-0.0017370369532928817,0.0023297907105971826,183,0.00017222308501458068,0.001342838533342364,0.002307255236080808,-1.0028164934070716,-0.7528586027801064,-0.7631323056560712,0.01027370287596474
16000,negative,26,-0.001288042045199998,-0.0012877678739137174,-0.0015996875182382113,0.0022566310202473774,183,0.00016681496508627806,0.001342838533342364,0.002307255236080808,-0.9591935390728057,-0.6933292395320345,-0.7423545177602614,0.04902527822822689
16000,negative,25,-0.001232867689368483,-0.0012324804500127725,-0.0012188380731180642,0.002228165435165851,183,0.00016471072848803494,0.001342838533342364,0.002307255236080808,-0.9181056834136563,-0.5282632168552055,-0.7219232396423344,0.1936600227871289
16000,negative,24,-0.0011758924468482032,-0.0011742732336254224,-0.001552059414620232,0.00324135199761047,182,0.0002402649953286856,0.001342838533342364,0.002307255236080808,-0.8756767233372227,-0.6726864849407036,-0.6999033195070115,0.027216834566307857
16000,negative,23,-0.0011182229660394224,-0.00111789211153338,-0.0011859351689433738,0.0022576059863963055,183,0.00016688703665785292,0.001342838533342364,0.002307255236080808,-0.8327307701366992,-0.5140025907830851,-0.6766145538955476,0.1626119631124625
16000,negative,22,-0.0010634646018430841,-0.001063559657389274,-0.0014844182448946269,0.0022164507596416716,183,0.0001638447547550545,0.001342838533342364,0.002307255236080808,-0.7919526997755195,-0.6433697588725019,-0.6535266616404288,0.010156902767926912
16000,negative,21,-0.001012353111751545,-0.0010126722708826482,-0.0016037552746748954,0.0026145081114903102,183,0.00019327000090969072,0.001342838533342364,0.002307255236080808,-0.7538904243623161,-0.6950922679014462,-0.6310840312977969,-0.0640082366036493
16000,negative,20,-0.0009570086242979079,-0.0009557542958603372,-0.0012164267349588814,0.002458817814334156,182,0.00018225970246693354,0.001342838533342364,0.002307255236080808,-0.7126758731862466,-0.5272181057112478,-0.6057745757199775,0.07855647000872967
16000,negative,19,-0.000905381872087857,-0.0009070879385853001,-0.0011635013369240765,0.002339600940666905,183,0.00017294827808863036,0.001342838533342364,0.002307255236080808,-0.6742298866225824,-0.5042794220289405,-0.5811890591421731,0.07690963711323262
16000,negative,18,-0.0008531307249858476,-0.0008534437811190765,-0.0011208964781023348,0.0019863111063678995,183,0.00014683234205604623,0.001342838533342364,0.002307255236080808,-0.6353189186955936,-0.4858138191968447,-0.555318997738636,0.06950517854179133
16000,negative,17,-0.0008029577424631775,-0.0008036493684232773,-0.001429273867177905,0.002468480128218266,183,0.00018247530177076138,0.001342838533342364,0.002307255236080808,-0.5979555415829425,-0.6194693351766857,-0.5295215379671988,-0.08994779720948687
16000,negative,16,-0.0007514976652659373,-0.000749690611451976,-0.001020054042296514,0.002273110087387756,182,0.000168494129897163,0.001342838533342364,0.002307255236080808,-0.5596336764297625,-0.4421071524055643,-0.5020717548640491,0.059964602458484784
16000,negative,15,-0.0007046721035952015,-0.0007037288557160968,-0.0008449588251920536,0.002354490608673469,183,0.00017404895401942075,0.001342838533342364,0.002307255236080808,-0.5247630940715204,-0.36621818513123544,-0.4762126069539829,0.10999442182274743
16000,negative,14,-0.0006547620062098698,-0.0006557945586891932,-0.000946471195288713,0.0022308785834936396,183,0.00016491129018355054,0.001342838533342364,0.002307255236080808,-0.48759548519966,-0.410215211775367,-0.4477208560669707,0.03750564429160369
16000,negative,13,-0.0006057839409620089,-0.0006061718022533516,-0.0008334044953557002,0.002192731589005876,183,0.00016209138320871636,0.001342838533342364,0.002307255236080808,-0.4511219524317604,-0.36121036039833765,-0.4188313784839241,0.05762101808558645
16000,negative,12,-0.0005539972537003617,-0.0005533277318858778,-0.00038028660157178086,0.0024373960746531084,182,0.0001806718174769067,0.001342838533342364,0.002307255236080808,-0.4125568636472223,-0.16482207760323483,-0.38729461410642996,0.22247253650319512
16000,negative,11,-0.0005032608897431962,-0.0005043274222908572,-0.0006296912595074844,0.0021072487313680264,183,0.00015577230854192837,0.001342838533342364,0.002307255236080808,-0.37477394135433784,-0.27291790247580155,-0.3554308742466861,0.08251297177088457
16000,negative,10,-0.00045395899066825985,-0.0004536394069983559,-0.0005761893322716424,0.0020441937500085315,183,0.00015111115019587012,0.001342838533342364,0.002307255236080808,-0.33805925239450996,-0.24972934214698314,-0.32358145363198704,0.0738521114850039
16000,negative,9,-0.00041021840920810507,-0.0004096168050120106,-0.0004618742734089369,0.002200916628751534,183,0.0001626964387570763,0.001342838533342364,0.002307255236080808,-0.3054860275621221,-0.20018343275861158,-0.2946247683508891,0.09444133559227749
16000,negative,8,-0.00036288246136357286,-0.00036215758990212405,-0.0006701690888895324,0.0024557516924347605,182,0.0001820324263906609,0.001342838533342364,0.002307255236080808,-0.27023536512639973,-0.2904616179473526,-0.2625879152746071,-0.02787370267274547
16000,negative,7,-0.000319269850353936,-0.0003197719209684872,-0.0005024280745920915,0.0020394719540213295,183,0.00015076210499278533,0.001342838533342364,0.002307255236080808,-0.23775743875867494,-0.2177600755803398,-0.23247116915103194,0.01471109357069214
16000,negative,6,-0.00027440170687502614,-0.0002744095827060059,-0.00018711957460324784,0.002029615408668532,183,0.0001500334881944937,0.001342838533342364,0.002307255236080808,-0.20434452844604656,-0.08110050924452394,-0.20093916726379177,0.11983865801926782
16000,negative,5,-0.00023300431930069044,-0.0002316005758710467,-0.00044615061499563664,0.002232938383886869,183,0.00016506355501001013,0.001342838533342364,0.002307255236080808,-0.173516259412616,-0.19336855672434627,-0.17140421417244525,-0.021964342551901023
16000,negative,4,-0.00019108137101165183,-0.00019118372356906278,-0.0001354413040983891,0.002165478349861656,182,0.00016051593470793615,0.001342838533342364,0.002307255236080808,-0.14229660995506643,-0.05870234986591899,-0.14111677287121108,0.08241442300529209
16000,negative,3,-0.0001529696533913462,-0.00015378812888176068,-0.00018812373865521734,0.0025539274269223036,183,0.0001887917478455247,0.001342838533342364,0.002307255236080808,-0.1139151503275679,-0.08153572943007881,-0.11330268417098208,0.03176695474090327
16000,negative,2,-0.0001094992970673336,-0.0001100011950656912,-7.666516112599015e-05,0.0023154722104354397,183,0.00017116463102580799,0.001342838533342364,0.002307255236080808,-0.08154315976827585,-0.0332278631020539,-0.08131525225591257,0.04808738915385867
16000,negative,1,-6.724581147915094e-05,-6.941557634851335e-05,2.3990730697015012e-05,0.002067591133444485,183,0.00015284073454792382,0.001342838533342364,0.002307255236080808,-0.050077362102332705,0.010397952650339017,-0.050023651245904834,0.06042160389624385
16000,negative,0,-2.310185839250499e-05,-2.3888069403023393e-05,4.410880892470497e-05,0.0021480073928687245,183,0.0001587852754976237,0.001342838533342364,0.002307255236080808,-0.01720374998102251,0.019117437999460293,-0.01720149913865963,0.03631893713811993
16000,positive,0,1.8367936707668193e-05,1.839109824031509e-05,-4.352447227370044e-05,0.002509109139799887,167,0.0001941606945340896,0.001342838533342364,0.002307255236080808,0.013678440297620791,-0.01886417748373291,0.0136773012458807,-0.03254147872961361
16000,positive,1,5.795875871003865e-05,5.9151745601464165e-05,0.000532948520107879,0.002143502270551269,166,0.00016636804141410857,0.001342838533342364,0.002307255236080808,0.043161375899586095,0.23098810732928088,0.04312681963553707,0.1878612876937438
16000,positive,2,9.435647845597286e-05,9.455673803238746e-05,0.0002399729972486336,0.002678812295259957,166,0.00020791615712346037,0.001342838533342364,0.002307255236080808,0.07026643644274702,0.10400799768310892,0.07011978611294775,0.03388821157016117
16000,positive,3,0.000133606588747221,0.0001347620370813714,0.0005095131526754782,0.0022923309237020116,166,0.00017791938515241998,0.001342838533342364,0.002307255236080808,0.09949564704154737,0.22083085768220284,0.09908502477224151,0.12174583290996133
16000,positive,4,0.00017557495959556234,0.00017512750567688585,0.00042105684761415866,0.0023844889614703184,166,0.00018507223609861353,0.001342838533342364,0.002307255236080808,0.1307491222779787,0.18249253096479345,0.12982949581886766,0.052663035145925796
16000,positive,5,0.00021808069372951226,0.00021824218826700976,0.00020654824079673731,0.0020568151225118306,166,0.00015963981386182927,0.001342838533342364,0.002307255236080808,0.16240276720887886,0.08952119278645047,0.1606631736860266,-0.07114198089957612
16000,positive,6,0.0002591459022277034,0.00025906989303734574,0.0008493335441685045,0.0023461714558519107,167,0.00018155219800466475,0.001342838533342364,0.002307255236080808,0.19298366541707868,0.36811425579911783,0.1901014647864887,0.17801279101262912
16000,positive,7,0.0002975214514980581,0.00029738322864767287,0.0005950315902064829,0.0022769459268896382,166,0.0001767252778160286,0.001342838533342364,0.002307255236080808,0.22156159814502685,0.25789586730648245,0.21725301617802964,0.04064285112845281
16000,positive,8,0.00033873401270858086,0.00033839747882961815,0.0009679076801825208,0.0024237356494467856,166,0.00018811836984913028,0.001342838533342364,0.002307255236080808,0.2522522286171384,0.41950611490501843,0.245980171881153,0.17352594302386543
16000,positive,9,0.00037398771629051946,0.0003728944234655362,0.0006148156562547456,0.0021481947554869126,166,0.00016673224887907542,0.001342838533342364,0.002307255236080808,0.2785053504233701,0.26647058662616585,0.2701667287813449,-0.0036961421551790496
16000,positive,10,0.0004134426151281573,0.00041379429151857023,0.0009648110674728689,0.001953206586437094,166,0.00015159823188762224,0.001342838533342364,0.002307255236080808,0.30788706524461035,0.4181639952031202,0.29678093230397995,0.12138306289914025
16000,positive,11,0.000456136305604293,0.0004572161642998661,0.0009872400740853703,0.002419786362579437,166,0.0001878118457413045,0.001342838533342364,0.002307255236080808,0.3396806796040895,0.4278850725515458,0.3250059516837394,0.10287912086780637
16000,positive,12,0.0005013529351101279,0.0005017314572252515,0.0009992249365032176,0.0020867543705512014,166,0.00016196355017233027,0.001342838533342364,0.002307255236080808,0.37335310438422253,0.43307949674459917,0.3542143493439092,0.07886514740068995
16000,positive,13,0.000544823944735347,0.0005460754236705776,0.000991982970118659,0.0022772467698181555,167,0.00017621864566986066,0.001342838533342364,0.002307255236080808,0.4057255814511551,0.42994071683359975,0.38160360755202855,0.0483371092815712
16000,positive,14,0.0005871004538614707,0.0005858785083382314,0.0009497531548278685,0.0019696823680404063,166,0.00015287700054290558,0.001342838533342364,0.002307255236080808,0.4372085245425305,0.41163766365144566,0.4075701429234624,0.004067520727983276
16000,positive,15,0.0006314660850281875,0.0006301897996980734,0.001188599551660028,0.002434035511845891,166,0.0001889177942107071,0.001342838533342364,0.002307255236080808,0.4702472183728971,0.5151573753405058,0.43409430035770186,0.0810630749828039
16000,positive,16,0.0006772831727696934,0.00067554328069424,0.0012292595870190975,0.002074600545739455,166,0.0001610202304206323,0.001342838533342364,0.002307255236080808,0.5043667990997517,0.5327800616923357,0.4606960511466551,0.07208401054568064
16000,positive,17,0.0007203673840167103,0.0007198720828162884,0.001003934735042523,0.002266532333059012,166,0.00017591702618341534,0.001342838533342364,0.002307255236080808,0.5364512308294394,0.4351207960623572,0.48497418923207436,-0.04985339316971715
16000,positive,18,0.000770088000480589,0.0007698317303424667,0.0015030828253874502,0.0023474063618926623,166,0.000182194068182938,0.001342838533342364,0.002307255236080808,0.5734777349320008,0.6514592758886287,0.5121047837135287,0.1393544921751
16000,positive,19,0.0008239031202073111,0.0008260812821513817,0.0014719958116264488,0.002629998748627125,167,0.00020351541332233765,0.001342838533342364,0.002307255236080808,0.6135533794644635,0.6379856847250404,0.5404061382632191,0.09757954646182121
16000,positive,20,0.0008680810267693133,0.0008668686179403569,0.001131281162326616,0.0027823444388074443,166,0.00021595180988764895,0.001342838533342364,0.002307255236080808,0.6464522764390999,0.4903147014841121,0.5628239075194781,-0.07250920603536598
16000,positive,21,0.0009187009428589483,0.000919652729631343,0.0014235865573881616,0.00233375894574788,166,0.00018113482326140743,0.001342838533342364,0.002307255236080808,0.6841484810331403,0.6170043674085751,0.5876236102180322,0.029380757190542894
16000,positive,22,0.0009788847376068573,0.0009786270692487085,0.0019714804787705855,0.0025521792590520198,166,0.00019808752736100242,0.001342838533342364,0.002307255236080808,0.7289668216255195,0.8544700421265129,0.6159062534379102,0.23856378868860273
16000,positive,23,0.0010343293253698514,0.0010324480040805337,0.0016383118517271187,0.0023786254250302663,166,0.00018461713740956906,0.001342838533342364,0.002307255236080808,0.7702559166181921,0.7100696213003369,0.6408413041531084,0.06922831714722855
16000,positive,24,0.0010925804656656192,0.0010930113595556679,0.0018644229191836436,0.002727923455963814,166,0.00021172792244329508,0.001342838533342364,0.002307255236080808,0.8136350265032646,0.8080696448437251,0.6659235940965071,0.14214605074721798
16000,positive,25,0.001152267472485767,0.0011535482932502664,0.0018009126527641652,0.0022551242517615984,166,0.0001750315873537865,0.001342838533342364,0.002307255236080808,0.8580834135119283,0.780543315971953,0.6904872167489311,0.09005609922302193
16000,positive,26,0.0012161882156395127,0.0012187610199063021,0.0015723563726446276,0.0022346660130530076,167,0.00017292364778548499,0.001342838533342364,0.002307255236080808,0.90568462658901,0.6814834995522612,0.7155758888163459,-0.034092389264084755
16000,positive,27,0.0012710603203339897,0.0012681998042626008,0.0018103185803516443,0.0024616361579028415,166,0.00019106001980540079,0.001342838533342364,0.002307255236080808,0.9465473984949506,0.7846199900392125,0.73615711219992,0.048462877839292484
16000,positive,28,0.0013288826998025867,0.0013269094244649038,0.0020095464318121634,0.002247161531044936,166,0.00017441356036675747,0.001342838533342364,0.002307255236080808,0.9896072139775132,0.870968413198037,0.756937191676056,0.11403122152198097
16000,positive,29,0.0013988209806399155,0.0014010359746599826,0.002026467004924051,0.0024216872520868176,166,0.00018795938338035082,0.001342838533342364,0.002307255236080808,1.0416896342393522,0.8783020505205507,0.7808936443821592,0.09740840613839141
16000,positive,30,0.001463398595672691,0.0014630706104330816,0.0020047565424365704,0.002143541529369414,166,0.00016637108848934274,0.001342838533342364,0.002307255236080808,1.0897800140052947,0.8688924012767337,0.8019355913132127,0.06695680996352105
16000,positive,31,0.001530817413011487,0.0015318077996594151,0.0019452077562431668,0.0022789598774265877,166,0.00017688159069282857,0.001342838533342364,0.002307255236080808,1.1399862120438546,0.8430830390257869,0.8228679127808485,0.020215126244938375
16000,positive,32,0.0016003833231874624,0.0016015414789254572,0.002176721298242948,0.002190419671790775,166,0.0001700095379777903,0.001342838533342364,0.002307255236080808,1.1917913311618054,0.9434245783489521,0.8434287520702519,0.09999582627870018
16000,positive,33,0.0016742622505407023,0.001674403749036887,0.0022997460757338373,0.002297008182175928,167,0.00017774782966887382,0.001342838533342364,0.002307255236080808,1.2468083160924903,0.9967454141052353,0.864187699890399,0.1325577142148363
16000,positive,34,0.0017490042076701623,0.001749268356972109,0.002120849739274752,0.002448925122404017,166,0.00019007345211693232,0.001342838533342364,0.002307255236080808,1.3024679916779274,0.9192089830847273,0.88413992497443,0.03506905811029737
16000,positive,35,0.0018242292846420457,0.0018258502235558812,0.0022988598895630386,0.0021408824779643155,166,0.000166164706074748,0.001342838533342364,0.002307255236080808,1.3584874423446027,0.9963613273527423,0.9032326492703133,0.09312867808242897
16000,positive,36,0.001907715089517691,0.001908127388018876,0.0023903481454495613,0.0026068338590306476,166,0.00020232954701157054,0.001342838533342364,0.002307255236080808,1.4206585841481125,1.036013748314165,0.9233484947628813,0.11266525355128365
16000,positive,37,0.0019927620764767116,0.0019951381105345273,0.002342523595645482,0.003131636388981752,166,0.00024306212296292684,0.001342838533342364,0.002307255236080808,1.4839923244655997,1.0152858509163392,0.9427701398678446,0.07251571104849452
16000,positive,38,0.002089433092593438,0.002085672807918811,0.002781987526057212,0.002256050711142226,166,0.00017510349454731848,0.001342838533342364,0.002307255236080808,1.5559823766695007,1.2057562954252095,0.9636450254249845,0.24211127000022492
16000,positive,39,0.0021951545137090683,0.002195811506037376,0.0023676242128942296,0.002425232879223417,167,0.00018767015462487364,0.001342838533342364,0.002307255236080808,1.634712185571012,1.026164845514,0.9851428056061521,0.04102203990784792
16000,positive,40,0.0022916160247973424,0.002293280995621448,0.0022375054172063848,0.0021753064189095096,166,0.0001688365220608976,0.001342838533342364,0.002307255236080808,1.7065462212299223,0.9697693528727654,1.0036561913411133,-0.033886838468347835
16000,positive,41,0.002405496503216249,0.002409578892072729,0.002568261368961123,0.0025353489604628605,166,0.00019678124285122536,0.001342838533342364,0.002307255236080808,1.7913520080697256,1.1131240830224185,1.0242894131005222,0.08883466992189626
16000,positive,42,0.0025360365192878083,0.002530945624814403,0.002337973992712355,0.0024768540971088523,166,0.000192241160956892,0.001342838533342364,0.002307255236080808,1.888564005514155,1.01331398284471,1.0464755136154906,-0.033161530770780656
16000,positive,43,0.002666521987698603,0.0026641858569954125,0.0024258555701211957,0.0022973408822322696,166,0.00017830823334712265,0.001342838533342364,0.002307255236080808,1.9857353817972085,1.0514032137345355,1.067256263157692,-0.015853049423156573
16000,positive,44,0.0028081222159414354,0.002812107660138569,0.0026275890336162596,0.0022120967718501014,166,0.0001716920072384738,0.001342838533342364,0.002307255236080808,2.091183821596136,1.1388376077887172,1.0884048280324816,0.05043277975623561
16000,positive,45,0.002975216213962941,0.0029757504118541485,0.0024201896647041547,0.0023020370701075277,166,0.00017867272821594238,0.001342838533342364,0.002307255236080808,2.2156172466674318,1.0489475229516356,1.1117042219030362,-0.06275669895140057
16000,positive,46,0.0031664488928252288,0.0031656529275847865,0.0029036628433381523,0.0030082862075069064,167,0.00023278817574808535,0.001342838533342364,0.002307255236080808,2.3580265342429856,1.2584922543161827,1.1364497991117475,0.12204245520443524
16000,positive,47,0.0033533025690691103,0.0033593983556766747,0.0026854827198597884,0.0023824685073200597,166,0.00018491541844352464,0.001342838533342364,0.002307255236080808,2.497174817230366,1.163929624197734,1.1589132887781466,0.005016335419587348
16000,positive,48,0.0035358867091837072,0.0035290123663641437,0.0028180720506013356,0.0022781582737490687,166,0.00017681937418125715,0.001342838533342364,0.002307255236080808,2.6331436143575524,1.221395884829899,1.1794402928170211,0.041955592012877796
16000,positive,49,0.0037616530753060424,0.0037571483006489615,0.0025970758068277863,0.002369797254992096,166,0.00018393193852795397,0.001342838533342364,0.002307255236080808,2.801269833941374,1.1256127047475157,1.2031331473347213,-0.07752044258720558
16000,positive,50,0.004014137442466481,0.003997852725635757,0.002699160246126005,0.002427488718519592,166,0.00018840966450251736,0.001342838533342364,0.002307255236080808,2.9892927130078526,1.1698576750056062,1.2277224231879855,-0.0578647481823793
16000,positive,51,0.004301886543327396,0.0043003974277570495,0.002875223590251766,0.0022752357132365107,166,0.00017659253949343408,0.001342838533342364,0.002307255236080808,3.2035769279124535,1.246166243460663,1.2536570286460458,-0.007490785185382709
16000,positive,52,0.00463599431450493,0.004640043782447055,0.0028866482221275485,0.002289830591480394,166,0.00017772532173559506,0.001342838533342364,0.002307255236080808,3.452384035306021,1.2511178550973492,1.2814189532230629,-0.030301098125713688
16000,positive,53,0.00499559561667706,0.004995825887003725,0.002959488840314448,0.0020873829546665793,167,0.000161526542551675,0.001342838533342364,0.002307255236080808,3.720175950151563,1.2826881023104963,1.3089391989875996,-0.026251096677103236
16000,positive,54,0.005438345407660703,0.005430045337169672,0.0032201326734549104,0.002347852929827656,166,0.00018222872857668888,0.001342838533342364,0.002307255236080808,4.0498878105057825,1.39565515903856,1.3400442524242893,0.055610906614270705
16000,positive,55,0.006031398585572056,0.006059517775694915,0.0033316747160400464,0.0025821285865550657,166,0.00020041204598960643,0.001342838533342364,0.002307255236080808,4.491529276092286,1.4439992004089486,1.377818014025011,0.06618118638393766
16000,positive,56,0.006781441775880596,0.0067589535321688834,0.0033310493775556846,0.0023942635011804008,166,0.0001858308875120653,0.001342838533342364,0.002307255236080808,5.050079817862681,1.443728169066346,1.4205761033749345,0.023152065691411483
16000,positive,57,0.008036769602659102,0.008001825163435694,0.00350057112454334,0.0025125526821003323,166,0.00019501190850770294,0.001342838533342364,0.002307255236080808,5.984911367307393,1.517201508442362,1.482861074452651,0.034340433989711094
16000,positive,58,0.010171245148626022,0.010100030868002343,0.003845154915488416,0.0026578832738280134,166,0.00020629175002476817,0.001342838533342364,0.002307255236080808,7.574436461329046,1.6665494373392098,1.570701735752297,0.0958477015869128
16000,positive,59,0.017486901351822983,0.01510315290984709,0.0042923312544217145,0.002439292176474012,167,0.00018875809570943503,0.001342838533342364,0.002307255236080808,13.02234104669128,1.8603625586360497,1.784241600443745,0.0761209581923048
