symbol,day,run,strategy,tick_bps,mid,quoting_share_bid,quoting_share_ask,fills,pnl_usd,spread_usd,mark_usd,fees_usd,funding_usd,pnl_bps_of_unit,end_inventory_units,net_per_fill_bps,spread_capture_bps,markout_1s_bps,markout_5s_bps,markout_60s_bps,through_share
SOLUSDT,2023-05-16,S0,S0,0.48268372149036776,20.7175,0.8784801388888889,0.9292568402777778,10079,-59.32347479184215,-2.4949921563892605,-16.565222637866313,40.265265403644264,0.0020054060576806887,-29661.737395921074,4.826837214914918,-2.9429246349757987,NaN,NaN,NaN,NaN,0.5462843536065086
SOLUSDT,2023-05-16,S1_D2_T2_k3,S1,0.48268372149036776,20.7175,0.7511376041666666,0.7832680439814815,5699,-35.20329537830301,-1.7212501508384925,-10.702546156630682,22.779499070833836,-2.306321800205069e-18,-17601.647689151505,4.826837214914924,-3.0885502174331476,NaN,NaN,NaN,NaN,0.5948412002105633
SOLUSDT,2023-05-16,S1_D2_T2_k6,S1,0.48268372149036776,20.7175,0.7536748148148148,0.787585150462963,5845,-36.04397630022892,-1.7849644020753552,-10.894654277784305,23.362352214311574,-0.0020054060576807056,-18021.98815011446,4.8268372149149315,-3.0833170487792065,NaN,NaN,NaN,NaN,0.5957228400342173
SOLUSDT,2023-05-16,S1_D2_T5_k3,S1,0.48268372149036776,20.7175,0.68013625,0.7133065856481482,4233,-25.575728780016718,-1.2593218293713018,-7.390853143477565,16.91953758899481,-0.006016218173042114,-12787.864390008359,4.826837214914919,-3.0209932412020692,NaN,NaN,NaN,NaN,0.5955587054098748
SOLUSDT,2023-05-16,S1_D2_T5_k6,S1,0.48268372149036776,20.7175,0.6835113078703704,0.7168777199074075,4341,-26.032741064317438,-1.3032460480270283,-7.372028478339404,17.351450319777964,-0.006016218173042101,-13016.370532158719,4.826837214914924,-2.998472824731333,NaN,NaN,NaN,NaN,0.5957152729785764
SOLUSDT,2023-05-16,S1_D5_T2_k3,S1,0.48268372149036776,20.7175,0.751148900462963,0.7832633912037037,5697,-35.12672880415073,-1.7193194159525278,-10.635935803064857,22.771473585133343,1.845057440164055e-18,-17563.364402075364,4.826837214914924,-3.08291458698883,NaN,NaN,NaN,NaN,0.5946989643672108
SOLUSDT,2023-05-16,S1_D5_T2_k6,S1,0.48268372149036776,20.7175,0.7536983564814815,0.787534537037037,5845,-36.04494147459841,-1.7835163509108838,-10.897067696391755,23.362352021238088,-0.0020054060576807056,-18022.470737299205,4.8268372149149315,-3.0833996128826695,NaN,NaN,NaN,NaN,0.5957228400342173
SOLUSDT,2023-05-16,S1_D5_T5_k3,S1,0.48268372149036776,20.7175,0.680168113425926,0.7133051851851852,4229,-25.324148232170696,-1.262217931700261,-7.152407385060755,16.903506697236637,-0.006016218173042122,-12662.074116085349,4.826837214914919,-2.9941059626591033,NaN,NaN,NaN,NaN,0.5961220146606763
SOLUSDT,2023-05-16,S1_D5_T5_k6,S1,0.48268372149036776,20.7175,0.6835170949074074,0.7168541087962963,4341,-26.0394972849039,-1.303728731748522,-7.378303366718789,17.351448968263547,-0.006016218173042101,-13019.748642451948,4.826837214914925,-2.999251011852557,NaN,NaN,NaN,NaN,0.5959456346463948
SOLUSDT,2023-05-16,S1_D10_T2_k3,S1,0.48268372149036776,20.7175,0.751148900462963,0.7832633912037037,5697,-35.12672880415073,-1.7193194159525278,-10.635935803064857,22.771473585133343,1.845057440164055e-18,-17563.364402075364,4.826837214914924,-3.08291458698883,NaN,NaN,NaN,NaN,0.5946989643672108
SOLUSDT,2023-05-16,S1_D10_T2_k6,S1,0.48268372149036776,20.7175,0.7536983564814815,0.787534537037037,5845,-36.04494147459841,-1.7835163509108838,-10.897067696391755,23.362352021238088,-0.0020054060576807056,-18022.470737299205,4.8268372149149315,-3.0833996128826695,NaN,NaN,NaN,NaN,0.5957228400342173
SOLUSDT,2023-05-16,S1_D10_T5_k3,S1,0.48268372149036776,20.7175,0.680168113425926,0.7133051851851852,4229,-25.324148232170696,-1.262217931700261,-7.152407385060755,16.903506697236637,-0.006016218173042122,-12662.074116085349,4.826837214914919,-2.9941059626591033,NaN,NaN,NaN,NaN,0.5961220146606763
SOLUSDT,2023-05-16,S1_D10_T5_k6,S1,0.48268372149036776,20.7175,0.6835170949074074,0.7168541087962963,4341,-26.0394972849039,-1.303728731748522,-7.378303366718789,17.351448968263547,-0.006016218173042101,-13019.748642451948,4.826837214914925,-2.999251011852557,NaN,NaN,NaN,NaN,0.5959456346463948
SOLUSDT,2023-05-17,S0,S0,0.48361745858912797,20.677500000000002,0.9015998958333333,0.9221907291666667,17661,-103.12650078587788,-5.328980776205662,-26.825293193084136,70.97222681658809,-1.772250279863385e-18,-51563.25039293894,-2.9017047515415424,-2.9196110295531925,-0.15046053522230146,-0.8787676624275906,-0.874160136159443,-0.891914464743411,0.552743332767114
SOLUSDT,2023-05-17,S1_D2_T2_k3,S1,0.48361745858912797,20.677500000000002,0.7183443981481481,0.733005162037037,9952,-58.00537535693366,-3.63196711401266,-14.410833031072375,39.96643520735098,0.0038599955023576374,-29002.68767846683,-1.9344698343610265,-2.9142572024182907,-0.18196056095941648,-0.9609259436626199,-1.0063128076012298,-0.9158652927239274,0.59375
SOLUSDT,2023-05-17,S1_D2_T2_k6,S1,0.48361745858912797,20.677500000000002,0.7222675925925925,0.7380771180555555,10202,-59.918411652423956,-3.697255470922439,-15.252811026477948,40.97220515052593,0.0038599955023576075,-29959.20582621198,-1.934469834360998,-2.9366012376212485,-0.18070893751701242,-0.9620761854209943,-1.009008220306443,-0.9170841291234264,0.5953734561850618
SOLUSDT,2023-05-17,S1_D2_T5_k3,S1,0.48361745858912797,20.677500000000002,0.6228491666666667,0.6317424537037037,7152,-39.832286472179746,-2.5651070003625933,-8.544553258372598,28.72069621569338,-0.0019299977511788111,-19916.143236089873,1.934469834361014,-2.784695642630016,-0.17888125120200513,-0.9458464095546412,-0.9739444400762042,-0.8952910964932244,0.5845917225950783
SOLUSDT,2023-05-17,S1_D2_T5_k6,S1,0.48361745858912797,20.677500000000002,0.6266710185185185,0.637567037037037,7384,-41.19883736082683,-2.6550598476604668,-8.887921653971585,29.653925861443597,-0.0019299977511788287,-20599.41868041341,1.93446983436101,-2.7897370910635715,-0.17935470233801673,-0.947191287020886,-0.9963236869056742,-0.9008491526983619,0.587080173347779
SOLUSDT,2023-05-17,S1_D5_T2_k3,S1,0.48361745858912797,20.677500000000002,0.7183501851851852,0.7330096759259259,9952,-58.0237491448674,-3.6319671140126633,-14.429210494498804,39.9664315318583,0.0038599955023576374,-29011.8745724337,-1.9344698343610265,-2.9151803227927755,-0.18196058368568244,-0.9610487034323779,-1.008028628485664,-0.9166989849311663,0.59375
SOLUSDT,2023-05-17,S1_D5_T2_k6,S1,0.48361745858912797,20.677500000000002,0.7222733796296297,0.7380816319444444,10202,-59.9367854403577,-3.6972554709224426,-15.271188489904377,40.972201475033245,0.0038599955023576075,-29968.39272017885,-1.934469834360998,-2.9375017369318615,-0.1807089596863713,-0.9621959369627148,-1.010681995001786,-0.9178973917039439,0.5953734561850618
SOLUSDT,2023-05-17,S1_D5_T5_k3,S1,0.48361745858912797,20.677500000000002,0.6228526388888889,0.6317485648148148,7152,-39.83325351364995,-2.5607544432352842,-8.54987305041709,28.7206960222464,-0.0019299977511788111,-19916.626756824975,1.934469834361014,-2.784763248996781,-0.1785741601299484,-0.9458123139522295,-0.9740808758315965,-0.8953593501502555,0.5845917225950783
SOLUSDT,2023-05-17,S1_D5_T5_k6,S1,0.48361745858912797,20.677500000000002,0.6266744907407408,0.6375731481481481,7384,-41.19980440229702,-2.6507072905331577,-8.893241446016075,29.653925667996614,-0.0019299977511788287,-20599.902201148507,1.93446983436101,-2.7898025732866345,-0.17905725984785567,-0.9471582626779217,-0.9964558359471919,-0.9009152618742945,0.587080173347779
SOLUSDT,2023-05-17,S1_D10_T2_k3,S1,0.48361745858912797,20.677500000000002,0.7183501851851852,0.7330096759259259,9952,-58.0237491448674,-3.6319671140126633,-14.429210494498804,39.9664315318583,0.0038599955023576374,-29011.8745724337,-1.9344698343610265,-2.9151803227927755,-0.18196058368568244,-0.9610487034323779,-1.008028628485664,-0.9166989849311663,0.59375
SOLUSDT,2023-05-17,S1_D10_T2_k6,S1,0.48361745858912797,20.677500000000002,0.7222733796296297,0.7380816319444444,10202,-59.9367854403577,-3.6972554709224426,-15.271188489904377,40.972201475033245,0.0038599955023576075,-29968.39272017885,-1.934469834360998,-2.9375017369318615,-0.1807089596863713,-0.9621959369627148,-1.010681995001786,-0.9178973917039439,0.5953734561850618
SOLUSDT,2023-05-17,S1_D10_T5_k3,S1,0.48361745858912797,20.677500000000002,0.6228526388888889,0.6317485648148148,7152,-39.83325351364995,-2.5607544432352842,-8.54987305041709,28.7206960222464,-0.0019299977511788111,-19916.626756824975,1.934469834361014,-2.784763248996781,-0.1785741601299484,-0.9458123139522295,-0.9740808758315965,-0.8953593501502555,0.5845917225950783
SOLUSDT,2023-05-17,S1_D10_T5_k6,S1,0.48361745858912797,20.677500000000002,0.6266744907407408,0.6375731481481481,7384,-41.19980440229702,-2.6507072905331577,-8.893241446016075,29.653925667996614,-0.0019299977511788287,-20599.902201148507,1.93446983436101,-2.7898025732866345,-0.17905725984785567,-0.9471582626779217,-0.9964558359471919,-0.9009152618742945,0.587080173347779
SOLUSDT,2023-05-18,S0,S0,0.4856844508111753,20.5895,0.874125925925926,0.8924444675925925,22060,-125.31812072294036,-6.304669855993401,-30.636489472789744,88.37145360499284,-0.0055077891643798785,-62659.06036147018,1.9427378032492222,-2.840392582115602,-0.1428474630702043,-0.9003196288709818,-0.9116040779993205,-0.9103816529751664,0.5353127833182231
SOLUSDT,2023-05-18,S1_D2_T2_k3,S1,0.4856844508111753,20.5895,0.5882344328703704,0.5908919212962963,12036,-73.16491578231549,-4.076349595667153,-20.780980596905998,48.299777459384636,-0.00780813035770659,-36582.45789115775,-1.9427378032492442,-3.0394198979027705,-0.1688077905127991,-0.9413031184494945,-0.9837230705947255,-0.9365172096896118,0.5735294117647058
SOLUSDT,2023-05-18,S1_D2_T2_k6,S1,0.4856844508111753,20.5895,0.5923474652777778,0.5958638310185185,12265,-75.14926353238228,-4.179314699239343,-21.747006969571704,49.215133733213534,-0.007808130357706583,-37574.63176619114,-2.9141067048738405,-3.0635655740881482,-0.16989121856431774,-0.9462590744158962,-0.9997339987200058,-0.9525989931946823,0.5753770892784346
SOLUSDT,2023-05-18,S1_D2_T5_k3,S1,0.4856844508111753,20.5895,0.43596847222222224,0.430743287037037,8773,-53.126468126957455,-3.0607834090188804,-14.842031132373123,35.21990917700769,-0.003744408557760022,-26563.234063478725,-0.971368901624603,-3.02783928684358,-0.17377295520350727,-0.9679174314724284,-0.988850004727452,-0.9562942596345774,0.5727801208252593
SOLUSDT,2023-05-18,S1_D2_T5_k6,S1,0.4856844508111753,20.5895,0.4414712962962963,0.43616100694444443,9052,-55.73804334733676,-3.186575681779306,-16.211661283663766,36.33606197333593,-0.0037444085577600177,-27869.021673668383,-1.9427378032492357,-3.078769517639017,-0.17540360599321608,-0.9583177577311411,-0.9727976662971702,-0.9494549991185675,0.5736853733981441
SOLUSDT,2023-05-18,S1_D5_T2_k3,S1,0.4856844508111753,20.5895,0.5882551851851852,0.5909231712962963,12042,-73.30996855193106,-4.070035697806583,-20.908715607469638,48.32340911629714,-0.00780813035770659,-36654.98427596553,-1.9427378032492415,-3.0439282740379947,-0.1684566383946931,-0.9430044541538593,-0.9859197393471527,-0.9384331777561676,0.5734927752864972
SOLUSDT,2023-05-18,S1_D5_T2_k6,S1,0.4856844508111753,20.5895,0.592357662037037,0.5958449421296297,12265,-75.42410944899025,-4.153573423346281,-22.047645644624524,49.215082250661744,-0.007808130357706583,-37712.05472449512,-2.9141067048738374,-3.0747700549934875,-0.16882532491078378,-0.9485103744385385,-1.0079833781199248,-0.9595684460391021,0.5752140236445169
SOLUSDT,2023-05-18,S1_D5_T5_k3,S1,0.4856844508111753,20.5895,0.4359781712962963,0.4308208912037037,8781,-53.36677216542366,-3.063211831272943,-15.048447023968349,35.251368901624616,-0.003744408557760022,-26683.38608271183,-0.9713689016246101,-3.038763931523953,-0.17375222627198444,-0.970945450055086,-1.0025760168661724,-0.9711923302243544,0.5732832251451999
SOLUSDT,2023-05-18,S1_D5_T5_k6,S1,0.4856844508111753,20.5895,0.4414515625,0.4361436689814815,9056,-56.009737948954076,-3.1695767260008836,-16.485101629471078,36.35131518492436,-0.0037444085577600177,-28004.868974477038,-1.9427378032492313,-3.092410443294726,-0.17437176661095835,-0.9598240648328018,-0.9889307512584171,-0.9608060783349337,0.5739840989399293
SOLUSDT,2023-05-18,S1_D10_T2_k3,S1,0.4856844508111753,20.5895,0.588195636574074,0.5909231828703704,12042,-73.17589283372517,-4.067607275552517,-20.777095121299503,48.323382306515455,-0.00780813035770659,-36587.946416862585,-1.9427378032492406,-3.038361270292525,-0.16835491522953475,-0.9412669472091503,-0.9815285683648086,-0.9336151125813743,0.5734927752864972
SOLUSDT,2023-05-18,S1_D10_T2_k6,S1,0.4856844508111753,20.5895,0.5923223726851852,0.5958404861111111,12261,-75.31501345345855,-4.151630685543033,-21.956336967871806,49.199237669686006,-0.007808130357706583,-37657.506726729276,-2.9141067048738387,-3.071324257950353,-0.1688004682997764,-0.9444686177302077,-0.9962005842777717,-0.9570333947588009,0.5753201207079357
SOLUSDT,2023-05-18,S1_D10_T5_k3,S1,0.4856844508111753,20.5895,0.4359781712962963,0.4308208912037037,8781,-53.36677216542366,-3.063211831272943,-15.048447023968349,35.251368901624616,-0.003744408557760022,-26683.38608271183,-0.9713689016246101,-3.038763931523953,-0.17375222627198444,-0.970945450055086,-1.0025760168661724,-0.9711923302243544,0.5732832251451999
SOLUSDT,2023-05-18,S1_D10_T5_k6,S1,0.4856844508111753,20.5895,0.4414515625,0.4361436689814815,9056,-56.009737948954076,-3.1695767260008836,-16.485101629471078,36.35131518492436,-0.0037444085577600177,-28004.868974477038,-1.9427378032492313,-3.092410443294726,-0.17437176661095835,-0.9598240648328018,-0.9889307512584171,-0.9608060783349337,0.5739840989399293
SOLUSDT,2023-05-19,S0,S0,0.4903523181394412,20.3935,0.8954701041666666,0.9086728819444444,13746,-79.08130470600872,-3.3304729448102166,-20.75563292225472,54.990418907985394,-0.004779930958393592,-39540.65235300436,-1.961409272562327,-2.876520613487877,-0.12115167966595627,-0.846885470302022,-0.9033691106464439,-0.9466456732089987,0.5188418449003347
SOLUSDT,2023-05-19,S1_D2_T2_k3,S1,0.4903523181394412,20.3935,0.6344488657407408,0.6621026736111111,8356,-49.29317950096809,-2.7141000809078903,-13.155662343393615,33.42162708706205,-0.0017899896045308536,-24646.589750484043,-3.922818545124672,-2.949567945247013,-0.16244462063736065,-0.9364657305689474,-0.9967694654450331,-0.9811103268987864,0.577908089995213
SOLUSDT,2023-05-19,S1_D2_T2_k6,S1,0.4903523181394412,20.3935,0.6401322685185186,0.6657221412037037,8503,-49.88714797131405,-2.7297913550884187,-13.146345649348934,34.009220977272165,-0.0017899896045308515,-24943.573985657025,-2.9421139088435044,-2.9335027620436347,-0.1605660734312206,-0.9397296991217751,-1.0036356906878687,-0.9865535982054462,0.5777960719745971
SOLUSDT,2023-05-19,S1_D2_T5_k3,S1,0.4903523181394412,20.3935,0.48562498842592594,0.5025734259259259,6150,-35.25695463024963,-2.071738544143735,-8.591462966141203,24.59611327138549,0.0023601514207958313,-17628.477315124816,3.552713678800501e-15,-2.866419075630051,-0.16850432049433306,-0.9379820392035284,-1.0328947078804727,-1.022548148628109,0.568780487804878
SOLUSDT,2023-05-19,S1_D2_T5_k6,S1,0.4903523181394412,20.3935,0.4884810648148148,0.5084014699074074,6279,-35.589854811532895,-2.0839973520972763,-8.397283448157518,25.11272415230343,0.00415014102532671,-17794.927405766448,0.9807046362811649,-2.834038446530729,-0.16601108527226455,-0.93252796856693,-1.018928913792773,-0.9699747048084102,0.5712693103997452
SOLUSDT,2023-05-19,S1_D5_T2_k3,S1,0.4903523181394412,20.3935,0.6344534953703703,0.6621038310185186,8356,-49.28827499708205,-2.714590433226026,-13.150268467894069,33.42162610635742,-0.0017899896045308536,-24644.137498541022,-3.922818545124672,-2.9492744732576623,-0.16247415057096065,-0.9361703911498633,-0.9967693124647196,-0.9810507934663273,0.577908089995213
SOLUSDT,2023-05-19,S1_D5_T2_k6,S1,0.4903523181394412,20.3935,0.6400838773148149,0.6657232986111111,8503,-49.85281644411176,-2.7243974795888635,-13.117414862578643,34.00921411233972,-0.0017899896045308534,-24926.408222055878,-2.9421139088435035,-2.931483972957295,-0.1602469757330602,-0.9399329460518995,-1.0027070592580338,-0.9843199800783304,0.5776784664236152
SOLUSDT,2023-05-19,S1_D5_T5_k3,S1,0.4903523181394412,20.3935,0.4856273032407407,0.5025734259259259,6150,-35.25695463024963,-2.071738544143735,-8.591462966141203,24.59611327138549,0.0023601514207958313,-17628.477315124816,3.552713678800501e-15,-2.866419075630051,-0.16850432049433306,-0.9379820392035284,-1.0328947078804727,-1.022548148628109,0.568780487804878
SOLUSDT,2023-05-19,S1_D5_T5_k6,S1,0.4903523181394412,20.3935,0.4884144907407407,0.5084014699074074,6279,-35.514325451687846,-2.0786034765977286,-8.327163066663417,25.112709049452032,0.004150141025326706,-17757.162725843922,0.9807046362811649,-2.8280240047529737,-0.16557897208951147,-0.932095867079266,-1.0144104573351016,-0.962983538134229,0.5711100493709189
SOLUSDT,2023-05-19,S1_D10_T2_k3,S1,0.4903523181394412,20.3935,0.6344752199074074,0.6621107754629629,8362,-49.42193915477935,-2.7042930345450804,-13.270404785838508,33.44545134479123,-0.0017899896045308584,-24710.969577389675,-3.922818545124671,-2.9551506311157234,-0.16173605619718254,-0.9354089071833324,-0.9979759527748797,-0.9863740035274444,0.5779717770868213
SOLUSDT,2023-05-19,S1_D10_T2_k6,S1,0.4903523181394412,20.3935,0.6400838773148149,0.6657296990740741,8503,-49.955769836123906,-2.7067447961358058,-13.23804153284122,34.00919351754235,-0.0017899896045308515,-24977.88491806195,-2.9421139088435035,-2.9375379181538226,-0.15920046938973748,-0.9383354432521486,-1.0040162491140106,-0.9904198878768122,0.5775608608726331
SOLUSDT,2023-05-19,S1_D10_T5_k3,S1,0.4903523181394412,20.3935,0.4857324884259259,0.5025781712962963,6158,-35.76541232510338,-2.058008679235792,-9.081815284281788,24.627948513006594,0.002360151420795836,-17882.70616255169,8.43769498715119e-15,-2.9039795652081337,-0.16716014968652604,-0.9368750163203302,-1.0371206658665522,-1.0500530288761514,0.5682039623254304
SOLUSDT,2023-05-19,S1_D10_T5_k6,S1,0.4903523181394412,20.3935,0.4884439699074074,0.50841,6285,-35.683302037364655,-2.0692867825530548,-8.4816240468777,25.136541348959227,0.004150141025326704,-17841.65101868233,0.9807046362811631,-2.8387670674116676,-0.16467234956044888,-0.9315966439877982,-1.0182361159528996,-0.9740846227521156,0.5710421638822594
SOLUSDT,2023-05-20,S0,S0,0.4944253541310076,20.2255,0.9110626041666666,0.9003117361111111,8802,-47.079563379693774,-0.9136980544358619,-10.948555041902736,35.216418877160024,-0.0008914061951496882,-23539.781689846885,-1.1546319456101628e-14,-2.674367381259587,-0.05184069379273319,-0.6989739105806126,-0.7496718322696613,-0.692470783060408,0.4748920699840945
SOLUSDT,2023-05-20,S1_D2_T2_k3,S1,0.4944253541310076,20.2255,0.6224491898148148,0.6280496412037037,5164,-27.687781090084155,-1.019505080220365,-6.008256903414011,20.66386254975155,0.003843443301772511,-13843.890545042077,-1.977701416528641,-2.680846348768799,-0.09861638046343765,-0.8044322770228577,-0.8703846780524636,-0.7553128486726837,0.5563516653756778
SOLUSDT,2023-05-20,S1_D2_T2_k6,S1,0.4944253541310076,20.2255,0.6258150462962963,0.6318309606481481,5236,-27.835493631183272,-1.0071444463670334,-5.880200736693819,20.951991891424193,0.0038434433017725134,-13917.746815591636,-1.9777014165286455,-2.6580876271183413,-0.09608779549953199,-0.8012069009849107,-0.8711294278954272,-0.7550620886123662,0.5542398777692895
SOLUSDT,2023-05-20,S1_D2_T5_k3,S1,0.4944253541310076,20.2255,0.47894122685185186,0.48019207175925926,3695,-20.352596320881947,-0.7337272255320629,-4.83795209018314,14.785373118093494,0.004456112926750884,-10176.298160440972,0.9888507082643216,-2.754072573867652,-0.09921487661874791,-0.7884208205153201,-0.8335612813930794,-0.6572322836680834,0.5447902571041948
SOLUSDT,2023-05-20,S1_D2_T5_k6,S1,0.4944253541310076,20.2255,0.48366440972222224,0.4848380902777778,3775,-20.579739679513366,-0.7381770537192208,-4.7405502954191245,15.105468443301772,0.004456112926750886,-10289.869839756682,0.988850708264323,-2.725793335034883,-0.09770508482701513,-0.790635287288334,-0.8366143965433195,-0.6710152303342026,0.542251655629139
SOLUSDT,2023-05-20,S1_D5_T2_k3,S1,0.4944253541310076,20.2255,0.6224417592592593,0.628053113425926,5164,-27.618547696595737,-1.0130775506166478,-5.945464883439222,20.663848705841637,0.003843443301772511,-13809.27384829787,-1.977701416528641,-2.6741428830940874,-0.09799263446471602,-0.8045796891799458,-0.8578792499186247,-0.7483868791454975,0.5567389620449265
SOLUSDT,2023-05-20,S1_D5_T2_k6,S1,0.4944253541310076,20.2255,0.6258150347222222,0.6318344328703703,5236,-27.743512122691516,-0.9967615139302612,-5.7986205532620065,20.95197349880102,0.0038434433017725134,-13871.756061345759,-1.9777014165286455,-2.6493040606084333,-0.09509277956489785,-0.7987907032318036,-0.8549073905689357,-0.7463371333813987,0.5546218487394958
SOLUSDT,2023-05-20,S1_D5_T5_k3,S1,0.4944253541310076,20.2255,0.4789422222222222,0.48019554398148145,3695,-20.258636715433372,-0.7233442930952871,-4.754394205334799,14.785354329930037,0.004456112926750884,-10129.318357716686,0.9888507082643216,-2.74135814823185,-0.09780666569897012,-0.7836584978367959,-0.8115155933596006,-0.6443307636296821,0.5456021650879567
SOLUSDT,2023-05-20,S1_D5_T5_k6,S1,0.4944253541310076,20.2255,0.4836774189814815,0.4848415625,3775,-20.501604849719296,-0.722849867741128,-4.677758275444332,15.105452819460584,0.004456112926750886,-10250.802424859648,0.988850708264323,-2.715444350956198,-0.09566804842635727,-0.7842590466876634,-0.8163433590173798,-0.6604895525479131,0.5427814569536424
SOLUSDT,2023-05-20,S1_D10_T2_k3,S1,0.4944253541310076,20.2255,0.6224417592592593,0.628053113425926,5164,-27.618547696595737,-1.0130775506166478,-5.945464883439222,20.663848705841637,0.003843443301772511,-13809.27384829787,-1.977701416528641,-2.6741428830940874,-0.09799263446471602,-0.8045796891799458,-0.8578792499186247,-0.7483868791454975,0.5567389620449265
SOLUSDT,2023-05-20,S1_D10_T2_k6,S1,0.4944253541310076,20.2255,0.6258150347222222,0.6318344328703703,5236,-27.743512122691516,-0.9967615139302612,-5.7986205532620065,20.95197349880102,0.0038434433017725134,-13871.756061345759,-1.9777014165286455,-2.6493040606084333,-0.09509277956489785,-0.7987907032318036,-0.8549073905689357,-0.7463371333813987,0.5546218487394958
SOLUSDT,2023-05-20,S1_D10_T5_k3,S1,0.4944253541310076,20.2255,0.4789422222222222,0.48019554398148145,3695,-20.258636715433372,-0.7233442930952871,-4.754394205334799,14.785354329930037,0.004456112926750884,-10129.318357716686,0.9888507082643216,-2.74135814823185,-0.09780666569897012,-0.7836584978367959,-0.8115155933596006,-0.6443307636296821,0.5456021650879567
SOLUSDT,2023-05-20,S1_D10_T5_k6,S1,0.4944253541310076,20.2255,0.4836774189814815,0.4848415625,3775,-20.501604849719296,-0.722849867741128,-4.677758275444332,15.105452819460584,0.004456112926750886,-10250.802424859648,0.988850708264323,-2.715444350956198,-0.09566804842635727,-0.7842590466876634,-0.8163433590173798,-0.6604895525479131,0.5427814569536424
SOLUSDT,2023-05-21,S0,S0,0.4978715989134796,20.0855,0.8977350462962963,0.8901331481481481,14019,-80.92856651991214,-1.4771850339795738,-23.675786014786702,55.787294117647065,0.011698646501207331,-40464.28325995607,-4.978715989146386,-2.886388705325349,-0.053227126017698266,-0.7091636669550898,-0.8096943806108142,-0.8263225030326129,0.48662529424352663
SOLUSDT,2023-05-21,S1_D2_T2_k3,S1,0.4978715989134796,20.0855,0.6031777430555556,0.6031795023148148,6702,-40.06592412733053,-1.1356451171241693,-12.21129670657937,26.720305294864456,0.001322991237459872,-20032.96206366527,1.9914863956585624,-2.989102068586283,-0.08531690398063253,-0.8209692971524981,-0.9168631367031611,-1.079531688436258,0.546404058490003
SOLUSDT,2023-05-21,S1_D2_T2_k6,S1,0.4978715989134796,20.0855,0.6055961226851851,0.6070138888888889,6820,-40.80600742124906,-1.1336536307285403,-12.488113315575912,27.187582883174432,0.0033424082298175433,-20403.00371062453,1.9914863956585616,-2.991642772818846,-0.08364294588607225,-0.805276377592053,-0.9136235769647426,-1.1092586710490773,0.5428152492668622
SOLUSDT,2023-05-21,S1_D2_T5_k3,S1,0.4978715989134796,20.0855,0.4604565856481482,0.4615295833333333,4939,-28.903587267406746,-0.9325135047670805,-8.282591919543895,19.699901919295016,0.011420076199248232,-14451.793633703373,4.978715989146391,-2.9260566174738556,-0.09500134771699177,-0.8184303214573955,-0.8603069299659007,-0.9132817288070294,0.5450496051832354
SOLUSDT,2023-05-21,S1_D2_T5_k6,S1,0.4978715989134796,20.0855,0.46410427083333333,0.4685683217592593,5029,-30.13240785937605,-0.9424709367453572,-9.145901272061868,20.05545572676807,0.011420076199248227,-15066.203929688025,4.978715989146393,-2.9958647702700385,-0.09429641636197468,-0.8260452794645124,-0.8814834234850535,-1.0245816241045356,0.5430503082123682
SOLUSDT,2023-05-21,S1_D5_T2_k3,S1,0.4978715989134796,20.0855,0.6031975347222223,0.6031172916666667,6676,-39.536842750217694,-1.1331557591295809,-11.785616489507369,26.6193934928182,0.0013229912374598685,-19768.421375108846,1.9914863956585673,-2.9611176415681317,-0.0854573993294174,-0.8174547680795616,-0.8780379724300904,-1.0497550414177381,0.5465847813061714
SOLUSDT,2023-05-21,S1_D5_T2_k6,S1,0.4978715989134796,20.0855,0.6056508680555556,0.6067310300925925,6824,-40.79689338375933,-1.1301685295361317,-12.466704836822586,27.203362425630438,0.00334240822981754,-20398.446691879668,1.9914863956585611,-2.9892213792320734,-0.08333340255479,-0.7982010199662153,-0.9177393172131684,-1.1041220881681988,0.5426436107854631
SOLUSDT,2023-05-21,S1_D5_T5_k3,S1,0.4978715989134796,20.0855,0.46046436342592595,0.46155707175925925,4941,-28.919287747852838,-0.9270369171790147,-8.296034452714593,19.707636454158475,0.011420076199248232,-14459.64387392642,4.978715989146391,-2.9264610147594454,-0.09438431787882852,-0.809373199970756,-0.8563577774783178,-0.9135404675586666,0.5456385347095729
SOLUSDT,2023-05-21,S1_D5_T5_k6,S1,0.4978715989134796,20.0855,0.46417702546296297,0.46815364583333335,5051,-30.725662694953957,-0.9255433023822353,-9.669662194120097,20.14187727465087,0.011420076199248223,-15362.83134747698,4.978715989146393,-3.0415425356319497,-0.09217947828114015,-0.8332537051818827,-0.898928035478043,-1.0469203572258545,0.5430607800435557
SOLUSDT,2023-05-21,S1_D10_T2_k3,S1,0.4978715989134796,20.0855,0.6031975347222223,0.6031172916666667,6676,-39.536842750217694,-1.1331557591295809,-11.785616489507369,26.6193934928182,0.0013229912374598685,-19768.421375108846,1.9914863956585673,-2.9611176415681317,-0.0854573993294174,-0.8174547680795616,-0.8780379724300904,-1.0497550414177381,0.5465847813061714
SOLUSDT,2023-05-21,S1_D10_T2_k6,S1,0.4978715989134796,20.0855,0.6056508680555556,0.6067310300925925,6824,-40.79689338375933,-1.1301685295361317,-12.466704836822586,27.203362425630438,0.00334240822981754,-20398.446691879668,1.9914863956585611,-2.9892213792320734,-0.08333340255479,-0.7982010199662153,-0.9177393172131684,-1.1041220881681988,0.5426436107854631
SOLUSDT,2023-05-21,S1_D10_T5_k3,S1,0.4978715989134796,20.0855,0.46046436342592595,0.46155707175925925,4941,-28.919287747852838,-0.9270369171790147,-8.296034452714593,19.707636454158475,0.011420076199248232,-14459.64387392642,4.978715989146391,-2.9264610147594454,-0.09438431787882852,-0.809373199970756,-0.8563577774783178,-0.9135404675586666,0.5456385347095729
SOLUSDT,2023-05-21,S1_D10_T5_k6,S1,0.4978715989134796,20.0855,0.46417702546296297,0.4681559953703704,5051,-30.504651916033833,-0.9290284035746402,-9.445122103009588,20.14192148564885,0.011420076199248223,-15252.325958016916,4.978715989146393,-3.019664612555319,-0.09253720842725478,-0.8298571384711336,-0.8675153198372828,-1.0339807913998653,0.5428627994456543
SOLUSDT,2023-05-22,S0,S0,0.5079881130769701,19.685499999999998,0.8765184606481482,0.8949085069444445,17539,-102.24401285799112,-3.485306443828387,-28.615986385918596,70.13644418480608,-0.0062758434380635495,-51122.00642899556,1.0159762261563081,-2.9147617554590095,-0.09951505232243331,-0.8880253153720573,-0.945297481297391,-0.8747866399930693,0.5402816580192713
SOLUSDT,2023-05-22,S1_D2_T2_k3,S1,0.5079881130769701,19.685499999999998,0.5990288657407408,0.6195873958333333,10023,-59.84313224937086,-2.567879911609534,-17.194381651469378,40.07102852353256,-0.009842162759391431,-29921.56612468543,5.079881130781541,-2.985290444446316,-0.1283337480536243,-0.9759664362006125,-1.0722633593971265,-0.9811091793401963,0.6065050384116532
SOLUSDT,2023-05-22,S1_D2_T2_k6,S1,0.5079881130769701,19.685499999999998,0.6050028587962963,0.6233108912037038,10211,-60.78328489979883,-2.56940387594874,-17.37979731274292,40.822244189885964,-0.011839521221203426,-30391.642449899417,5.079881130781541,-2.976362985985644,-0.1260654772041715,-0.9679947603238408,-1.0569515521564141,-0.9999594018093078,0.605915189501518
SOLUSDT,2023-05-22,S1_D2_T5_k3,S1,0.5079881130769701,19.685499999999998,0.4457303009259259,0.4632815625,7171,-42.26710431002486,-1.9379746513929978,-11.652231337786576,28.66306144116228,-0.01383687968301542,-21133.55215501243,-1.0159762261563081,-2.9470857837139075,-0.13534393286886842,-0.9842175035391845,-1.0644007925489716,-1.0292903559530249,0.6073072095941988
SOLUSDT,2023-05-22,S1_D2_T5_k6,S1,0.5079881130769701,19.685499999999998,0.44998149305555557,0.46552458333333335,7297,-42.04184876660455,-1.9963932843968744,-10.8653577506286,29.166260851896066,-0.01383687968301542,-21020.924383302274,-1.0159762261563081,-2.880762557667847,-0.13700937455181528,-0.9639994327118988,-1.057333057399567,-0.9941027244027982,0.6053172536658901
SOLUSDT,2023-05-22,S1_D5_T2_k3,S1,0.5079881130769701,19.685499999999998,0.5991865972222222,0.6193142592592593,10027,-59.84802905158569,-2.57854766198418,-17.17253816260701,40.08710106423511,-0.009842162759391431,-29924.014525792845,5.079881130781541,-2.984343724523072,-0.12881763673478502,-0.9746462859900372,-1.065754128278921,-0.9770246350686749,0.6066620125660716
SOLUSDT,2023-05-22,S1_D5_T2_k6,S1,0.5079881130769701,19.685499999999998,0.6055846643518519,0.6229349189814815,10231,-60.873228868709944,-2.583119555001869,-17.376241395951347,40.90202839653553,-0.011839521221203426,-30436.614434354975,5.079881130781541,-2.9749403219973583,-0.12649623918308395,-0.9664531487951377,-1.0517160573598077,-0.9934807292382277,0.6059036262339947
SOLUSDT,2023-05-22,S1_D5_T5_k3,S1,0.5079881130769701,19.685499999999998,0.44608552083333336,0.4632980439814815,7187,-42.681035172842684,-1.95778618780305,-11.982931599400453,28.726480505956165,-0.01383687968301542,-21340.517586421345,-1.0159762261563081,-2.9693220518187484,-0.13643549171695815,-0.9886759982107042,-1.0730803315262634,-1.0354529957083929,0.6077640183664951
SOLUSDT,2023-05-22,S1_D5_T5_k6,S1,0.5079881130769701,19.685499999999998,0.4505238541666667,0.46523569444444446,7317,-42.61498249447533,-2.016204820806941,-11.339310660130499,29.245630133854874,-0.01383687968301542,-21307.491247237664,-1.0159762261563081,-2.9120529243183904,-0.13800185257670444,-0.9711359518220922,-1.0632664259227478,-1.0050045980879687,0.6053027196938636
SOLUSDT,2023-05-22,S1_D10_T2_k3,S1,0.5079881130769701,19.685499999999998,0.5991865972222222,0.6193142592592593,10027,-59.84802905158569,-2.57854766198418,-17.17253816260701,40.08710106423511,-0.009842162759391431,-29924.014525792845,5.079881130781541,-2.984343724523072,-0.12881763673478502,-0.9746462859900372,-1.065754128278921,-0.9770246350686749,0.6066620125660716
SOLUSDT,2023-05-22,S1_D10_T2_k6,S1,0.5079881130769701,19.685499999999998,0.6055846643518519,0.6229349189814815,10231,-60.873228868709944,-2.583119555001869,-17.376241395951347,40.90202839653553,-0.011839521221203426,-30436.614434354975,5.079881130781541,-2.9749403219973583,-0.12649623918308395,-0.9664531487951377,-1.0517160573598077,-0.9934807292382277,0.6059036262339947
SOLUSDT,2023-05-22,S1_D10_T5_k3,S1,0.5079881130769701,19.685499999999998,0.44608552083333336,0.4632980439814815,7187,-42.681035172842684,-1.95778618780305,-11.982931599400453,28.726480505956165,-0.01383687968301542,-21340.517586421345,-1.0159762261563081,-2.9693220518187484,-0.13643549171695815,-0.9886759982107042,-1.0730803315262634,-1.0354529957083929,0.6077640183664951
SOLUSDT,2023-05-22,S1_D10_T5_k6,S1,0.5079881130769701,19.685499999999998,0.4505238541666667,0.46523569444444446,7317,-42.61498249447533,-2.016204820806941,-11.339310660130499,29.245630133854874,-0.01383687968301542,-21307.491247237664,-1.0159762261563081,-2.9120529243183904,-0.13800185257670444,-0.9711359518220922,-1.0632664259227478,-1.0050045980879687,0.6053027196938636
SOLUSDT,2023-05-23,S0,S0,0.5018190942153654,19.927500000000002,0.8849684606481482,0.8819993402777778,17982,-105.09014065004567,-2.511604566553381,-30.721866767030104,71.860649855727,0.003980539264834996,-52545.07032502284,-8.881784197001252e-15,-2.922092666278658,-0.069877348747178,-0.8191565861198571,-0.9244620291244083,-0.908894630448438,0.5344789233678122
SOLUSDT,2023-05-23,S1_D2_T2_k3,S1,0.5018190942153654,19.927500000000002,0.5475625694444445,0.5431628703703704,8969,-59.21339588555966,-1.9284907790737356,-21.46079538326424,35.83406107138377,0.009951348162087599,-29606.697942779832,1.003638188433062,-3.3010032269795775,-0.10761281583029068,-0.8720188154442662,-0.9724483456802956,-1.061366680757707,0.6039692273386108
SOLUSDT,2023-05-23,S1_D2_T2_k6,S1,0.5018190942153654,19.927500000000002,0.5550636111111111,0.5492005787037038,9219,-60.62123610636006,-2.013800025090558,-21.78497051812812,36.832416911303476,0.009951348162087606,-30310.618053180027,1.0036381884330492,-3.2878422880117184,-0.10935435366211138,-0.871646127250193,-0.9710339283135857,-1.0363882508020619,0.6028853454821564
SOLUSDT,2023-05-23,S1_D2_T5_k3,S1,0.5018190942153654,19.927500000000002,0.3987890625,0.39772542824074075,6303,-41.626495476481914,-1.398067996486989,-15.055074645590201,25.179306987830888,0.005954153426169853,-20813.24773824096,1.0036381884330727,-3.3021176801905376,-0.11107337716084993,-0.8929424321945735,-0.9584852945522234,-1.0639751176826369,0.5998730763128669
SOLUSDT,2023-05-23,S1_D2_T5_k6,S1,0.5018190942153654,19.927500000000002,0.40491318287037037,0.40325497685185185,6543,-42.92322020361777,-1.3855225191315799,-15.401831639693818,26.13780634801154,0.001940303219169476,-21461.610101808885,3.0109145652992266,-3.280087131561804,-0.10604820395461875,-0.8940036266277955,-0.9692503634863756,-1.034260752432112,0.5969738651994498
SOLUSDT,2023-05-23,S1_D5_T2_k3,S1,0.5018190942153654,19.927500000000002,0.5477251851851852,0.5434843171296296,8983,-59.306282399171494,-1.9259816836026409,-21.500439091707356,35.889812972023584,0.009951348162087611,-29653.14119958575,1.0036381884330616,-3.3010287431354497,-0.10730281973389136,-0.8720550382070203,-0.9738707535857835,-1.063732140023319,0.6035845485917845
SOLUSDT,2023-05-23,S1_D5_T2_k6,S1,0.5018190942153654,19.927500000000002,0.5548961574074074,0.5495069791666667,9221,-60.565114666139266,-2.006774557771532,-21.72776314138743,36.84052831514239,0.009951348162087578,-30282.55733306963,1.0036381884330532,-3.284086035470083,-0.10894469122342704,-0.8694052639061145,-0.9646070732621563,-1.027942502954975,0.6029714781477064
SOLUSDT,2023-05-23,S1_D5_T5_k3,S1,0.5018190942153654,19.927500000000002,0.39884346064814813,0.39780467592592594,6305,-41.57419910212486,-1.401580730146493,-14.99134362062471,25.187228904779825,0.005954153426169843,-20787.09955106243,1.0036381884330812,-3.2969230057196555,-0.1113134799905764,-0.8955005065109504,-0.9644125882456541,-1.0686776727011589,0.5998413957176844
SOLUSDT,2023-05-23,S1_D5_T5_k6,S1,0.5018190942153654,19.927500000000002,0.4049681712962963,0.4033347453703704,6547,-42.96430935177986,-1.3875297955084342,-15.42491531802779,26.153804541462804,0.0019403032191694846,-21482.154675889928,3.010914565299207,-3.2812211204964,-0.10613460155203554,-0.8968779043967661,-0.976063861739709,-1.0450883213216031,0.596914617382007
SOLUSDT,2023-05-23,S1_D10_T2_k3,S1,0.5018190942153654,19.927500000000002,0.5477251851851852,0.543485474537037,8983,-59.306282399171494,-1.9259816836026409,-21.500439091707356,35.889812972023584,0.009951348162087611,-29653.14119958575,1.0036381884330616,-3.3010287431354497,-0.10730281973389136,-0.8720550382070203,-0.9738707535857835,-1.063732140023319,0.6035845485917845
SOLUSDT,2023-05-23,S1_D10_T2_k6,S1,0.5018190942153654,19.927500000000002,0.5548961574074074,0.549508136574074,9221,-60.565114666139266,-2.006774557771532,-21.72776314138743,36.84052831514239,0.009951348162087578,-30282.55733306963,1.0036381884330532,-3.284086035470083,-0.10894469122342704,-0.8694052639061145,-0.9646070732621563,-1.027942502954975,0.6029714781477064
SOLUSDT,2023-05-23,S1_D10_T5_k3,S1,0.5018190942153654,19.927500000000002,0.39884346064814813,0.3978040393518519,6305,-41.6534706615277,-1.4000752728638433,-15.072136494793572,25.18721304729645,0.005954153426169843,-20826.73533076385,1.0036381884330812,-3.3032094101132197,-0.11119512455139587,-0.8964471122241546,-0.9663832265641688,-1.0749858502522096,0.5996827914353687
SOLUSDT,2023-05-23,S1_D10_T5_k6,S1,0.5018190942153654,19.927500000000002,0.40495012731481483,0.40336449074074077,6549,-43.10580688032081,-1.3925479864506056,-15.553381006147214,26.161818190942164,0.0019403032191695002,-21552.903440160404,3.010914565299214,-3.2910220553001084,-0.10648265782591926,-0.8993387321430215,-0.9767048822525326,-1.0561125593674157,0.5967323255458848
SOLUSDT,2023-05-24,S0,S0,0.5159027007494361,19.383499999999998,0.8704434837962963,0.8697725347222223,22455,-131.54975473301957,-5.39324683364609,-36.58111280212579,89.578598086001,0.0032029887533211263,-65774.87736650978,-1.031805401501277,-2.9291862554669246,-0.12053327134988985,-0.8873279496053987,-0.9589650012015368,-0.9014672297897288,0.566644399910933
SOLUSDT,2023-05-24,S1_D2_T2_k3,S1,0.5159027007494361,19.383499999999998,0.5395139467592592,0.525918900462963,10582,-64.08858641883522,-3.280625274072556,-18.545154383883563,42.26407635359972,0.0012695927206128948,-32044.29320941761,4.127221606005108,-3.028188736478701,-0.15545697469407682,-0.9748230685879316,-0.9935588024293949,-1.1666832526012665,0.6095256095256095
SOLUSDT,2023-05-24,S1_D2_T2_k6,S1,0.5159027007494361,19.383499999999998,0.5468931828703704,0.5282820601851852,10920,-65.40878473183339,-3.3843217169234823,-18.412567389790617,43.61316521783992,0.0012695927206128948,-32704.392365916694,4.127221606005108,-2.994907725816547,-0.15537774452192424,-0.9866241746926266,-0.9856554568682331,-1.1736811948437578,0.6096153846153847
SOLUSDT,2023-05-24,S1_D2_T5_k3,S1,0.5159027007494361,19.383499999999998,0.3993833912037037,0.37780474537037034,7377,-46.85933370204009,-2.2152861970226203,-15.179405164186344,29.462045141486325,-0.0025971993448035686,-23429.666851020047,5.159027007506385,-3.176042680089474,-0.15050120214331372,-0.9326681296578629,-0.9855592020136092,-1.3389999653474187,0.6017351226785956
SOLUSDT,2023-05-24,S1_D2_T5_k6,S1,0.5159027007494361,19.383499999999998,0.4045389930555556,0.3839829050925926,7645,-48.76527700433327,-2.2379859158557167,-15.991436015167775,30.533257873964974,-0.0025971993448035686,-24382.638502166632,5.159027007506385,-3.18935755424024,-0.14666098538855502,-0.9475532358624065,-1.0024869627774844,-1.3686262877224928,0.602485284499673
SOLUSDT,2023-05-24,S1_D5_T2_k3,S1,0.5159027007494361,19.383499999999998,0.5395146643518518,0.5257680671296296,10602,-64.08332483037078,-3.2109784094712097,-18.53122501096329,42.3423910026569,0.0012695927206128948,-32041.662415185394,4.127221606005108,-3.022228109336483,-0.15179422972807824,-0.9667777610606191,-0.9988065273304572,-1.1555133507681101,0.6093189964157706
SOLUSDT,2023-05-24,S1_D5_T2_k6,S1,0.5159027007494361,19.383499999999998,0.546907650462963,0.5281532060185186,10944,-66.09703050788002,-3.366265122397193,-19.023912090180122,43.708122888023325,0.0012695927206128948,-33048.51525394001,4.127221606005108,-3.019783923057384,-0.1542031578169793,-0.9885226053214239,-0.9919104607047586,-1.205163585204436,0.6092836257309941
SOLUSDT,2023-05-24,S1_D5_T5_k3,S1,0.5159027007494361,19.383499999999998,0.3993286689814815,0.3778254282407407,7387,-45.83890973320061,-2.195681894394072,-14.139345319473076,29.501285319988654,-0.0025971993448035686,-22919.454866600307,5.159027007506385,-3.1026742746176126,-0.1489390109689152,-0.9248946028476523,-0.8956344887795153,-1.259722268842346,0.6017327737917963
SOLUSDT,2023-05-24,S1_D5_T5_k6,S1,0.5159027007494361,19.383499999999998,0.40446488425925925,0.38401854166666666,7671,-47.934843078571646,-2.1920705754888705,-15.105631077978948,30.634544225759026,-0.0025971993448035686,-23967.421539285824,5.159027007506385,-3.12441944196139,-0.14312981225463353,-0.9342260572148147,-0.9394742291278427,-1.297031579892583,0.603832616347282
SOLUSDT,2023-05-24,S1_D10_T2_k3,S1,0.5159027007494361,19.383499999999998,0.5395227662037037,0.5257747337962962,10604,-63.81972847264385,-3.2022080635584436,-18.268630536281215,42.350159465524804,0.0012695927206128948,-31909.864236321926,4.127221606005108,-3.009228992486036,-0.1513399282579173,-0.9668532644645615,-1.0003742109417455,-1.1402338984552338,0.6092040739343644
SOLUSDT,2023-05-24,S1_D10_T2_k6,S1,0.5159027007494361,19.383499999999998,0.5469228819444445,0.5281622222222222,10958,-65.71387287380979,-3.322929295534127,-18.62976242680663,43.76245074418965,0.0012695927206128948,-32856.93643690489,4.127221606005108,-2.9984428214003374,-0.15197032124176238,-0.9928489615841385,-1.004888961640394,-1.180428009582875,0.6095090344953459
SOLUSDT,2023-05-24,S1_D10_T5_k3,S1,0.5159027007494361,19.383499999999998,0.39933974537037037,0.3778284606481481,7397,-45.32389170240123,-2.219413418628605,-13.56153429463236,29.540346789795453,-0.0025971993448035686,-22661.945851200613,5.159027007506385,-3.06366714224694,-0.1504116740279736,-0.9529462866224889,-0.9229446457850448,-1.2050431707421747,0.6020008111396512
SOLUSDT,2023-05-24,S1_D10_T5_k6,S1,0.5159027007494361,19.383499999999998,0.4044684143518519,0.38401756944444443,7671,-46.61023730562043,-2.2137384889204017,-13.759125029019778,30.63477658833544,-0.0025971993448035686,-23305.118652810215,5.159027007506385,-3.0380809089832113,-0.14458883227632904,-0.9526139398148604,-0.9428036062710918,-1.2017769227855526,0.6040933385477774
SOLUSDT,2023-05-25,S0,S0,0.5181481385516046,19.299500000000002,0.8835586921296297,0.8974303935185185,16419,-99.14647524547212,-4.224461773620492,-29.27847871706523,65.63755682789709,-0.005977926889297664,-49573.23762273606,5.1814813855281185,-3.0192604679174164,-0.12873595969295668,-0.8940575722754335,-1.00398536057705,-0.9871750032050574,0.5112978865947987
SOLUSDT,2023-05-25,S1_D2_T2_k3,S1,0.5181481385516046,19.299500000000002,0.5944110532407407,0.6087644907407408,9002,-55.15460662092253,-3.0762454985877614,-16.070364517215467,35.996501256509234,-0.01149534861006762,-27577.303310461266,2.0725925542112327,-3.0634640424862543,-0.1709778802046521,-0.9624672296109874,-1.069606121967297,-1.0362582927721156,0.5789824483448123
SOLUSDT,2023-05-25,S1_D2_T2_k6,S1,0.5181481385516046,19.299500000000002,0.600341875,0.6149555439814814,9162,-56.113377340034404,-3.0700277209251565,-16.395761548226588,36.63491779579781,-0.012670275084846767,-28056.6886700172,2.0725925542112615,-3.062288656408776,-0.16763719205625574,-0.9527018714221577,-1.051125934748798,-1.0381762911971846,0.57640253219821
SOLUSDT,2023-05-25,S1_D2_T5_k3,S1,0.5181481385516046,19.299500000000002,0.4522758333333333,0.4508364699074074,6368,-39.18342304137384,-2.070001813518126,-11.643306821420321,25.46377926889297,-0.006335137542423364,-19591.71152068692,2.072592554211242,-3.076587864429479,-0.16266281975004737,-0.939956332038918,-1.0317719184990684,-1.0412757462052,0.5684673366834171
SOLUSDT,2023-05-25,S1_D2_T5_k6,S1,0.5181481385516046,19.299500000000002,0.45530325231481483,0.456247025462963,6560,-40.80896232961964,-2.118707738542014,-12.451617917562768,26.231126609497657,-0.007510064017202509,-20404.48116480982,2.0725925542112673,-3.1104392019527163,-0.1615933439013239,-0.9490067765936863,-1.054099113516279,-1.053828282970773,0.5666158536585366
SOLUSDT,2023-05-25,S1_D5_T2_k3,S1,0.5181481385516046,19.299500000000002,0.5942655787037037,0.6087111111111111,9008,-55.2524673945177,-3.0772817948648643,-16.143941552889967,36.0197486981528,-0.011495348610067608,-27626.23369725885,2.072592554211246,-3.066855428203691,-0.1709242614521695,-0.9600650345978482,-1.0648683785896513,-1.0382770930793577,0.5792628774422736
SOLUSDT,2023-05-25,S1_D5_T2_k6,S1,0.5181481385516046,19.299500000000002,0.6003100925925926,0.6149578240740741,9168,-56.239213346148546,-3.0752092023106763,-16.493173398274525,36.6581604704785,-0.012670275084846744,-28119.60667307427,2.072592554211257,-3.0671473247245062,-0.16781858033738642,-0.9521068578301078,-1.050302803711311,-1.0381357639081654,0.5770069808027923
SOLUSDT,2023-05-25,S1_D5_T5_k3,S1,0.5181481385516046,19.299500000000002,0.4520179050925926,0.450807025462963,6364,-39.226672866498845,-2.0622295914398228,-11.710147931293637,25.44796020622296,-0.006335137542423364,-19613.33643324942,2.072592554211239,-3.081919615532593,-0.16213774598090328,-0.9348701455123668,-1.0307874611963197,-1.053614220384253,0.5685103708359522
SOLUSDT,2023-05-25,S1_D5_T5_k6,S1,0.5181481385516046,19.299500000000002,0.45499383101851854,0.4560883217592593,6560,-40.90513912176451,-2.1145625534335792,-12.55213865644202,26.23092784787171,-0.0075100640172025175,-20452.569560882257,2.0725925542112678,-3.1177697501344905,-0.1612668207934374,-0.949069169494858,-1.0545074608120786,-1.054736537292282,0.5666158536585366
SOLUSDT,2023-05-25,S1_D10_T2_k3,S1,0.5181481385516046,19.299500000000002,0.5943569328703704,0.6087215277777778,9012,-55.275687270680294,-3.0762454985877534,-16.152231923106815,36.035714500375654,-0.011495348610067608,-27637.84363534015,2.0725925542112424,-3.066782471742138,-0.17079078449195323,-0.9594661017852634,-1.064223078064406,-1.0367221655080485,0.5792276964047937
SOLUSDT,2023-05-25,S1_D10_T2_k6,S1,0.5181481385516046,19.299500000000002,0.6004014467592592,0.6149682407407407,9172,-56.26243322231114,-3.0741729060335654,-16.501463768491373,36.67412627270136,-0.012670275084846744,-28131.216611155567,2.072592554211254,-3.0670755136453955,-0.16768878622039882,-0.9515218436783482,-1.0496751122553583,-1.0366080227441932,0.5769733972961186
SOLUSDT,2023-05-25,S1_D10_T5_k3,S1,0.5181481385516046,19.299500000000002,0.452082650462963,0.4508440625,6370,-39.259947303660425,-2.068447369102449,-11.713256820124965,25.471907976890588,-0.006335137542423364,-19629.973651830212,2.07259255421124,-3.081628516770834,-0.16247414836787766,-0.9351308838520306,-1.0303057876602175,-1.0516443239963928,0.5686028257456829
SOLUSDT,2023-05-25,S1_D10_T5_k6,S1,0.5181481385516046,19.299500000000002,0.4550585763888889,0.4561253587962963,6566,-40.9384135589261,-2.1207803310962055,-12.555247545273346,26.254875618539344,-0.0075100640172025175,-20469.20677946305,2.0725925542112615,-3.117454581093977,-0.1615939771681178,-0.949309149555742,-1.0540184902938532,-1.052824418210327,0.5667072799268962
SOLUSDT,2023-05-26,S0,S0,0.5180139345736329,19.304499999999997,0.8983386921296296,0.9043579166666667,12860,-75.0402699370608,-2.7853609262082872,-20.759408428086832,51.5014996503406,0.005999067574917792,-37520.1349685304,-2.072055738299373,-2.917584367692877,-0.10825736537146936,-0.80278406333459,-0.8979854045766476,-0.9259605906804099,0.5172628304821151
SOLUSDT,2023-05-26,S1_D2_T2_k3,S1,0.5180139345736329,19.304499999999997,0.6090603009259259,0.6278933564814815,7338,-44.08205252661263,-2.2098474448956855,-12.499676241291127,29.37855256546402,0.006023725038203514,-22041.026263306318,2.0720557382993583,-3.003683055779002,-0.15057506299421872,-0.9097504377402331,-1.044828190306633,-1.062080637533927,0.5874897792313982
SOLUSDT,2023-05-26,S1_D2_T2_k6,S1,0.5180139345736329,19.304499999999997,0.6102496064814815,0.632624699074074,7444,-44.627833458519724,-2.2145095703068773,-12.616229376570478,29.803118236680575,0.006023725038203538,-22313.916729259865,2.0720557382993614,-2.9975707589011105,-0.14873515826606848,-0.9106902874848334,-1.0376570476434028,-1.0662029807410855,0.5869156367544331
SOLUSDT,2023-05-26,S1_D2_T5_k3,S1,0.5180139345736329,19.304499999999997,0.4759600115740741,0.4708443287037037,5270,-31.471572586702322,-1.5856406537333134,-8.801574762361117,21.094380274029373,0.010023103421482028,-15735.786293351162,1.5987211554602254e-14,-2.9859177027231807,-0.15046569754540826,-0.9194260249402432,-1.0458815324694537,-1.0384385732429402,0.5874762808349147
SOLUSDT,2023-05-26,S1_D2_T5_k6,S1,0.5180139345736329,19.304499999999997,0.47861623842592593,0.47409664351851855,5404,-33.266063819316486,-1.605843197181751,-10.040146079929542,21.630097645626673,0.010023103421482011,-16633.031909658243,2.6645352591003757e-14,-3.077911160188424,-0.14860849736880327,-0.9110842445720869,-1.0397522745825856,-1.1161404785733642,0.5847520355292376
SOLUSDT,2023-05-26,S1_D5_T2_k3,S1,0.5180139345736329,19.304499999999997,0.6086219097222222,0.6279107175925925,7338,-44.120393224377395,-2.210365458830259,-12.537491258515093,29.378560232070246,0.00602372503820351,-22060.196612188698,2.0720557382993556,-3.0062955317782367,-0.1506075878320631,-0.9080902629203809,-1.0443094827113075,-1.0648415769177153,0.5873535023167076
SOLUSDT,2023-05-26,S1_D5_T2_k6,S1,0.5180139345736329,19.304499999999997,0.6098278240740741,0.6326595486111111,7446,-44.696945427231675,-2.217099639979746,-12.674764951177439,29.811104561112696,0.006023725038203538,-22348.472713615836,2.0720557382993463,-3.0014064885328824,-0.1488668083023212,-0.9091582966836121,-1.037495089368642,-1.0705904614461428,0.58675799086758
SOLUSDT,2023-05-26,S1_D5_T5_k3,S1,0.5180139345736329,19.304499999999997,0.47595528935185183,0.4709110648148148,5272,-31.532390530705015,-1.588230723406185,-8.851822114014876,21.102360796705437,0.010023103421482027,-15766.195265352508,2.6645352591003757e-15,-2.9905529714249828,-0.15064946719705574,-0.9187352571544948,-1.045696953261387,-1.040019425044129,0.5876327769347496
SOLUSDT,2023-05-26,S1_D5_T5_k6,S1,0.5180139345736329,19.304499999999997,0.47843572916666666,0.4741313657407407,5408,-33.31000321168613,-1.6099873086583476,-10.063974720919983,21.646064285529285,0.010023103421481997,-16655.001605843066,2.6645352591003757e-14,-3.0796970425005665,-0.14887679556443054,-0.9140098051378127,-1.0421269808292397,-1.1193557334858615,0.5850591715976331
SOLUSDT,2023-05-26,S1_D10_T2_k3,S1,0.5180139345736329,19.304499999999997,0.6086219097222222,0.6279107175925925,7338,-44.120393224377395,-2.210365458830259,-12.537491258515093,29.378560232070246,0.00602372503820351,-22060.196612188698,2.0720557382993556,-3.0062955317782367,-0.1506075878320631,-0.9080902629203809,-1.0443094827113075,-1.0648415769177153,0.5873535023167076
SOLUSDT,2023-05-26,S1_D10_T2_k6,S1,0.5180139345736329,19.304499999999997,0.6098278240740741,0.6326595486111111,7446,-44.696945427231675,-2.217099639979746,-12.674764951177439,29.811104561112696,0.006023725038203538,-22348.472713615836,2.0720557382993463,-3.0014064885328824,-0.1488668083023212,-0.9091582966836121,-1.037495089368642,-1.0705904614461428,0.58675799086758
SOLUSDT,2023-05-26,S1_D10_T5_k3,S1,0.5180139345736329,19.304499999999997,0.47595528935185183,0.4709110648148148,5272,-31.532390530705015,-1.588230723406185,-8.851822114014876,21.102360796705437,0.010023103421482027,-15766.195265352508,2.6645352591003757e-15,-2.9905529714249828,-0.15064946719705574,-0.9187352571544948,-1.045696953261387,-1.040019425044129,0.5876327769347496
SOLUSDT,2023-05-26,S1_D10_T5_k6,S1,0.5180139345736329,19.304499999999997,0.47843572916666666,0.4741313657407407,5408,-33.31000321168613,-1.6099873086583476,-10.063974720919983,21.646064285529285,0.010023103421481997,-16655.001605843066,2.6645352591003757e-14,-3.0796970425005665,-0.14887679556443054,-0.9140098051378127,-1.0421269808292397,-1.1193557334858615,0.5850591715976331
SOLUSDT,2023-05-27,S0,S0,0.5107382721712349,19.5795,0.9021910532407408,0.8949471296296296,13495,-73.6956009091138,-0.7742792206129385,-18.327842896907587,54.60547777011672,0.011998978523455642,-36847.8004545569,3.0644296330345497,-2.7304779884814296,-0.028085857285503366,-0.6537788243460999,-0.727951876573166,-0.7411561653881358,0.42978881067061875
SOLUSDT,2023-05-27,S1_D2_T2_k3,S1,0.5107382721712349,19.5795,0.6008028587962962,0.5978665972222222,5974,-32.75823197732312,-0.8401644577234487,-7.839321739574649,24.072738118950948,-0.006007661074082583,-16379.11598866156,2.0429530886896874,-2.74173350998687,-0.06994466883306569,-0.7435728700690899,-0.8116671485976713,-0.7924861045450816,0.5246066287244727
SOLUSDT,2023-05-27,S1_D2_T2_k6,S1,0.5107382721712349,19.5795,0.6037695486111111,0.6008280671296297,6144,-33.115130212722356,-0.8268852626469423,-7.512449245384284,24.76778548992569,-0.00801021476544345,-16557.565106361177,4.0859061773794,-2.6949161956968064,-0.06689308601067046,-0.7419634251309395,-0.7937130306084855,-0.7558812643954346,0.52197265625
SOLUSDT,2023-05-27,S1_D2_T5_k3,S1,0.5107382721712349,19.5795,0.4467610648148148,0.44231890046296296,4271,-22.849487780586685,-0.7089047217751112,-4.9332209709135135,17.203340636890626,-0.004021451007431237,-11424.743890293343,1.0214765443448428,-2.674957595479593,-0.08246046347521194,-0.7816912611542356,-0.8604574201085454,-0.7213681085330812,0.5310231795832357
SOLUSDT,2023-05-27,S1_D2_T5_k6,S1,0.5107382721712349,19.5795,0.45295230324074076,0.44481185185185185,4459,-23.00163998059177,-0.7211624403072971,-4.306034372685702,17.97042171659134,-0.0040214510074312315,-11500.819990295886,1.0214765443448512,-2.579237495020382,-0.08022120212634719,-0.7554769759275273,-0.7976963947616881,-0.6262911809131634,0.5232114823951559
SOLUSDT,2023-05-27,S1_D5_T2_k3,S1,0.5107382721712349,19.5795,0.6008109606481481,0.5978905555555556,5974,-32.65916856916664,-0.8462933169895144,-7.734109655507133,24.07275793559591,-0.006007661074082583,-16329.584284583318,2.0429530886896874,-2.7334422973858916,-0.07044204410682826,-0.7359580956882694,-0.8043296822781958,-0.7833521907597747,0.5241044526280549
SOLUSDT,2023-05-27,S1_D5_T2_k6,S1,0.5107382721712349,19.5795,0.603777650462963,0.6008435532407408,6144,-32.972152097857325,-0.8314819070964906,-7.364845884726458,24.76781409126893,-0.00801021476544345,-16486.076048928662,4.0859061773794,-2.6832806069219832,-0.0672511807463305,-0.7348944950098989,-0.7816851751646267,-0.7431521915303082,0.521484375
SOLUSDT,2023-05-27,S1_D5_T5_k3,S1,0.5107382721712349,19.5795,0.44676685185185183,0.4423019791666667,4271,-22.9179130212721,-0.710436936591625,-5.00012768456811,17.203326949104934,-0.004021451007431242,-11458.95651063605,1.0214765443448446,-2.6829680427618943,-0.08263931480819121,-0.7841541779046506,-0.8680418026674414,-0.7287206188526473,0.5310231795832357
SOLUSDT,2023-05-27,S1_D5_T5_k6,S1,0.5107382721712349,19.5795,0.4529604050925926,0.44481136574074076,4459,-22.885214944201664,-0.7140121044968779,-4.196736382440807,17.970445006256547,-0.00402145100743123,-11442.607472100832,1.0214765443448512,-2.5661824337521493,-0.07941127219209995,-0.753628238949924,-0.7742374145280352,-0.6126991254139956,0.5227629513343799
SOLUSDT,2023-05-27,S1_D10_T2_k3,S1,0.5107382721712349,19.5795,0.6008098032407407,0.5977291435185185,5980,-32.88563400495406,-0.8473147935338678,-7.935340534743059,24.096971015603057,-0.006007661074082583,-16442.817002477033,2.0429530886896954,-2.7496349502469952,-0.07047004070022896,-0.7390494745822421,-0.8221492742458859,-0.8028796809299189,0.5245819397993311
SOLUSDT,2023-05-27,S1_D10_T2_k6,S1,0.5107382721712349,19.5795,0.6037764930555556,0.6008436805555556,6150,-33.20372389488993,-0.8355678132738786,-7.568119717051073,24.79202614979954,-0.008010214765443452,-16601.861947444966,4.085906177379396,-2.699489747552027,-0.06752635238565141,-0.7375677765031959,-0.7985324679481485,-0.7652543143438211,0.5217886178861788
SOLUSDT,2023-05-27,S1_D10_T5_k3,S1,0.5107382721712349,19.5795,0.44679,0.4424860300925926,4283,-23.041892489593543,-0.7155443193133446,-5.070609566127891,17.251717153144874,-0.004021451007431242,-11520.946244796773,1.0214765443448517,-2.689924409245102,-0.08299878842875165,-0.7784066851965252,-0.8622340244431861,-0.7383866603563052,0.5316367032453887
SOLUSDT,2023-05-27,S1_D10_T5_k6,S1,0.5107382721712349,19.5795,0.4529183449074074,0.4448697222222222,4467,-22.99414377282344,-0.7180980106742515,-4.269261217089298,18.002763094052458,-0.00402145100743123,-11497.071886411719,1.0214765443448521,-2.5737792447754018,-0.07972181463627037,-0.7500983158997101,-0.7697018090681769,-0.6271902056603438,0.523393776583837
SOLUSDT,2023-05-28,S0,S0,0.4860385428553158,20.5745,0.8683645370370371,0.8846982060185186,23395,-136.03648701061917,-3.5378745534510236,-38.594376534059435,93.90025439257333,-0.003981530535371443,-68018.24350530958,0.9720770857128893,-2.9073837788121213,-0.07505300154987829,-0.7943944326796499,-0.8760296924378571,-0.9694657901658339,0.46706561231032273
SOLUSDT,2023-05-28,S1_D2_T2_k3,S1,0.4860385428553158,20.5745,0.5397684953703704,0.5473633564814815,11094,-69.82855325767292,-2.2518165690532745,-23.093149286738676,44.489565821769666,0.005978419888697194,-34914.27662883646,3.8883083428515803,-3.1471314790730536,-0.10105217692045639,-0.8695234685181286,-0.9466583609823123,-1.0001270285079746,0.5285740039661078
SOLUSDT,2023-05-28,S1_D2_T2_k6,S1,0.4860385428553158,20.5745,0.5496437731481482,0.5535306134259259,11374,-71.23633366545923,-2.2770905732818028,-23.34977763736684,45.615441833337385,0.0059763785268171785,-35618.166832729614,3.888308342851588,-3.131542714324742,-0.09965840902579505,-0.8659373604851616,-0.9451265787843938,-0.986498084425339,0.5269913838579215
SOLUSDT,2023-05-28,S1_D2_T5_k3,S1,0.4860385428553158,20.5745,0.3878504050925926,0.39724185185185185,7828,-49.55731016549589,-1.583513572625948,-16.592383776033575,31.389382001992757,0.00796918515638289,-24778.655082747948,3.8883083428515866,-3.1653877213525736,-0.10067419801588152,-0.851492207593111,-0.8737411405258363,-0.966145404689916,0.5237608584568216
SOLUSDT,2023-05-28,S1_D2_T5_k6,S1,0.4860385428553158,20.5745,0.39395833333333335,0.40198943287037037,8044,-49.98240117621303,-1.593234343483106,-16.13161923740562,32.25953836059199,0.001990765267685734,-24991.200588106516,3.8883083428515777,-3.106812604190268,-0.09854207639648951,-0.859199796655069,-0.9348336364097375,-0.9555593294506016,0.5218796618597713
SOLUSDT,2023-05-28,S1_D5_T2_k3,S1,0.4860385428553158,20.5745,0.5397641435185185,0.5473706018518518,11094,-69.8353960971101,-2.254246761767572,-23.097523633624377,44.489604121606845,0.005978419888697194,-34917.69804855505,3.8883083428515803,-3.147439881787908,-0.10116097545508669,-0.8683320812358297,-0.9458284419615766,-0.997560975197948,0.5282134487110149
SOLUSDT,2023-05-28,S1_D5_T2_k6,S1,0.4860385428553158,20.5745,0.5496428703703704,0.5535437731481482,11374,-71.33064788937718,-2.2746603805675294,-23.44649930739527,45.61546457994119,0.0059763785268171785,-35665.32394468859,3.888308342851588,-3.135688758984402,-0.0995537273414363,-0.8668868150240168,-0.9496125874481319,-0.9897295292693279,0.5269034640407948
SOLUSDT,2023-05-28,S1_D5_T5_k3,S1,0.4860385428553158,20.5745,0.38791179398148146,0.3972127662037037,7830,-49.5807998250259,-1.5742788403116832,-16.617171741719247,31.39731842815135,0.007969185156382891,-24790.399912512952,3.888308342851583,-3.1660791714575924,-0.10005640717588697,-0.8515810503480568,-0.8743979232625841,-0.9692757208420384,0.5236270753512133
SOLUSDT,2023-05-28,S1_D5_T5_k6,S1,0.4860385428553158,20.5745,0.39404105324074074,0.40195015046296295,8048,-50.10234673989623,-1.5937203820259682,-16.235145447034036,32.27547167610391,0.001990765267685734,-25051.173369948116,3.888308342851582,-3.1127203491486224,-0.09851734723521818,-0.8616989307574158,-0.9401397454029105,-0.9634266813477165,0.5213717693836978
SOLUSDT,2023-05-28,S1_D10_T2_k3,S1,0.4860385428553158,20.5745,0.539765462962963,0.5473706018518518,11094,-69.84317426911915,-2.2552188388532857,-23.104328173224367,44.48960567693018,0.005978419888697194,-34921.58713455957,3.8883083428515803,-3.1477904393870175,-0.1012047024448804,-0.8684631985488209,-0.9465718580555613,-0.997910791109094,0.5283035875247881
SOLUSDT,2023-05-28,S1_D10_T2_k6,S1,0.4860385428553158,20.5745,0.5496476736111111,0.5535437731481482,11374,-71.35203786240204,-2.2756324576532436,-23.466912926195242,45.615468857080366,0.0059763785268171785,-35676.01893120102,3.888308342851588,-3.1366290602427482,-0.09959639236825563,-0.8677186203124004,-0.9509135982926892,-0.9905827901988068,0.5269913838579215
SOLUSDT,2023-05-28,S1_D10_T5_k3,S1,0.4860385428553158,20.5745,0.38792043981481483,0.39723125,7834,-49.51712566526503,-1.5757369559402492,-16.536003305062223,31.41335458941894,0.007969185156382891,-24758.562832632513,3.8883083428515777,-3.160398625559422,-0.10009807224011281,-0.853653649023361,-0.8711363293156085,-0.9628410221786163,0.52387030890988
SOLUSDT,2023-05-28,S1_D10_T5_k6,S1,0.4860385428553158,20.5745,0.39404684027777775,0.4019655208333333,8052,-50.068814163162905,-1.5956645361973893,-16.183625361491256,32.29151503074194,0.001990765267685734,-25034.407081581452,3.888308342851576,-3.1090917885719636,-0.09858872079397969,-0.8626268502092426,-0.9406066720481318,-0.9581931201140992,0.5217337307501242
SOLUSDT,2023-05-29,S0,S0,0.48385145760138837,20.6675,0.8821950694444445,0.8884521875,16639,-101.34604504657037,-3.798233942179377,-31.099552437401755,66.45616218700859,0.007903520019354031,-50673.02252328519,-2.903108745615089,-3.0454367764460115,-0.11436499546244829,-0.8587182243090837,-1.0290097395457973,-1.0581989764383068,0.49900835386741993
SOLUSDT,2023-05-29,S1_D2_T2_k3,S1,0.48385145760138837,20.6675,0.626909537037037,0.6497897337962963,9965,-61.37302818434712,-2.807306157009684,-18.73908310148768,39.81472340631426,-0.011915519535502576,-30686.514092173562,-0.9677029152050256,-3.079429412159916,-0.14105834978632487,-0.9318252620729583,-1.1289474739881111,-1.0606030434174525,0.5509282488710486
SOLUSDT,2023-05-29,S1_D2_T2_k6,S1,0.48385145760138837,20.6675,0.6329875462962963,0.6548458217592592,10179,-62.101500423369714,-2.856175154227569,-18.565380428208318,40.66802932139833,-0.011915519535502602,-31050.75021168486,-0.9677029152050376,-3.0504715798884816,-0.1405050828867888,-0.9298693988228737,-1.1238287838725527,-1.0559977400968708,0.5518223794085862
SOLUSDT,2023-05-29,S1_D2_T5_k3,S1,0.48385145760138837,20.6675,0.4726729513888889,0.4970450925925926,7164,-41.64505707027924,-2.074755050199642,-10.933107535986213,28.627284964315955,-0.009909519777428334,-20822.528535139623,-1.9354058304100645,-2.906550605128367,-0.14497860440185728,-0.9295639053661783,-1.116333074657047,-0.9638249508087634,0.5515075376884422
SOLUSDT,2023-05-29,S1_D2_T5_k6,S1,0.48385145760138837,20.6675,0.4792270486111111,0.5008402662037037,7398,-44.36037300108845,-2.1424942542639496,-12.647877101729545,29.560092125317524,-0.00990951977742833,-22180.186500544227,-1.9354058304100543,-2.9981328062373915,-0.14499151768341315,-0.935389857123509,-1.114219638839407,-1.0661745305993426,0.5528521221951879
SOLUSDT,2023-05-29,S1_D5_T2_k3,S1,0.48385145760138837,20.6675,0.6269164814814815,0.6498210648148148,9971,-61.39119274222785,-2.807790008467289,-18.732793032538844,39.83869418168622,-0.011915519535502576,-30695.596371113923,-0.9677029152050229,-3.078487250136789,-0.14099765653960283,-0.9330606852927944,-1.1308431323996146,-1.060208084654105,0.5508976030488416
SOLUSDT,2023-05-29,S1_D5_T2_k6,S1,0.48385145760138837,20.6675,0.6329944907407408,0.6548771527777778,10185,-62.11966498125045,-2.8566590056851737,-18.559090359259486,40.69200009677029,-0.011915519535502602,-31059.832490625227,-0.9677029152050323,-3.049566273011804,-0.14044599081396913,-0.931080016407998,-1.1256876274819576,-1.0556137929187248,0.551791850760923
SOLUSDT,2023-05-29,S1_D5_T5_k3,S1,0.48385145760138837,20.6675,0.4726212847222222,0.4970640509259259,7164,-41.58794924398192,-2.0723357929116384,-10.87843232127712,28.627271610015725,-0.009909519777428334,-20793.97462199096,-1.9354058304100645,-2.9025648551076153,-0.1448092590162467,-0.9274013428294365,-1.1134228406312308,-0.9596319840918363,0.5516471245114462
SOLUSDT,2023-05-29,S1_D5_T5_k6,S1,0.48385145760138837,20.6675,0.47917233796296294,0.500859224537037,7398,-44.287778831498514,-2.1395911455183447,-12.578202491834773,29.560075674367965,-0.00990951977742833,-22143.889415749258,-1.9354058304100543,-2.9932264687414514,-0.14479444191489274,-0.9337593456353547,-1.1117975031589122,-1.060788954417534,0.5529872938632062
SOLUSDT,2023-05-29,S1_D10_T2_k3,S1,0.48385145760138837,20.6675,0.6269164814814815,0.6498210648148148,9971,-61.39119274222785,-2.807790008467289,-18.732793032538844,39.83869418168622,-0.011915519535502576,-30695.596371113923,-0.9677029152050229,-3.078487250136789,-0.14099765653960283,-0.9330606852927944,-1.1308431323996146,-1.060208084654105,0.5508976030488416
SOLUSDT,2023-05-29,S1_D10_T2_k6,S1,0.48385145760138837,20.6675,0.6329944907407408,0.6548771527777778,10185,-62.11966498125045,-2.8566590056851737,-18.559090359259486,40.69200009677029,-0.011915519535502602,-31059.832490625227,-0.9677029152050323,-3.049566273011804,-0.14044599081396913,-0.931080016407998,-1.1256876274819576,-1.0556137929187248,0.551791850760923
SOLUSDT,2023-05-29,S1_D10_T5_k3,S1,0.48385145760138837,20.6675,0.4726212847222222,0.4970640509259259,7164,-41.58794924398192,-2.0723357929116384,-10.87843232127712,28.627271610015725,-0.009909519777428334,-20793.97462199096,-1.9354058304100645,-2.9025648551076153,-0.1448092590162467,-0.9274013428294365,-1.1134228406312308,-0.9596319840918363,0.5516471245114462
SOLUSDT,2023-05-29,S1_D10_T5_k6,S1,0.48385145760138837,20.6675,0.47917233796296294,0.500859224537037,7398,-44.287778831498514,-2.1395911455183447,-12.578202491834773,29.560075674367965,-0.00990951977742833,-22143.889415749258,-1.9354058304100543,-2.9932264687414514,-0.14479444191489274,-0.9337593456353547,-1.1117975031589122,-1.060788954417534,0.5529872938632062
SOLUSDT,2023-05-30,S0,S0,0.4736081839483149,21.1145,0.8643797800925926,0.867902824074074,24129,-149.6499020104662,-5.111653129365537,-48.2095242605792,96.33668540576383,0.007960785242368965,-74824.9510052331,-0.9472163678988275,-3.101038211497911,-0.10617459495866433,-0.9185555677549261,-1.0072172477716732,-1.037790911701429,0.5041236686145303
SOLUSDT,2023-05-30,S1_D2_T2_k3,S1,0.4736081839483149,21.1145,0.5410864699074074,0.5589032291666667,12454,-77.43045433233065,-3.4696535556131654,-24.26105283099298,49.69983054299179,0.000082597267280788,-38715.22716616533,-3.7888654715953374,-3.1086580348615165,-0.13973361863272382,-1.0330439750423186,-1.1546121646436944,-1.1861889178958678,0.5678496868475992
SOLUSDT,2023-05-30,S1_D2_T2_k6,S1,0.4736081839483149,21.1145,0.5471679166666666,0.5669941550925925,12757,-79.66703791233486,-3.506121385777243,-25.248052286343537,50.91294683748136,0.0000825972672807828,-39833.518956167434,-4.7360818394941955,-3.1224832606543407,-0.13783215212329167,-1.0289864345293633,-1.1504406451191242,-1.2238054770839613,0.5664341146037469
SOLUSDT,2023-05-30,S1_D2_T5_k3,S1,0.4736081839483149,21.1145,0.3892394212962963,0.40407458333333335,8773,-51.73502772975902,-2.521489971346421,-14.211560775770337,35.00404461389093,0.002067631248667965,-25867.51386487951,-0.9472163678988417,-2.9485368590994536,-0.14414961990559724,-1.0040700104888205,-1.1193926348775713,-1.1465394518229712,0.559101789581671
SOLUSDT,2023-05-30,S1_D2_T5_k6,S1,0.4736081839483149,21.1145,0.3946123148148148,0.4113043518518519,9065,-53.78665949939599,-2.557010585142653,-15.05316251864841,36.17259892490943,-0.00388747069549362,-26893.329749697994,-0.9472163678988383,-2.966721428538113,-0.14146141903203335,-1.003907510351732,-1.1062464844013993,-1.2197547006276057,0.5577495863210149
SOLUSDT,2023-05-30,S1_D5_T2_k3,S1,0.4736081839483149,21.1145,0.5410865393518518,0.5588773032407407,12452,-77.42805560160059,-3.4634966492218275,-24.272893035591714,49.691748514054325,0.0000825972672807724,-38714.02780080029,-3.7888654715953325,-3.109061018374582,-0.13951106068159394,-1.0324185728696362,-1.1545530928110987,-1.189511898032943,0.5676999678766463
SOLUSDT,2023-05-30,S1_D5_T2_k6,S1,0.4736081839483149,21.1145,0.5471679861111111,0.5669596064814815,12755,-79.64569864311228,-3.5032797366735497,-25.23763290629665,50.90486859740937,0.0000825972672807828,-39822.84932155614,-4.736081839494192,-3.1221363639009128,-0.13774370502056743,-1.0288717227660669,-1.1503824225464099,-1.223812752515634,0.5665229321834575
SOLUSDT,2023-05-30,S1_D5_T5_k3,S1,0.4736081839483149,21.1145,0.38924552083333336,0.4040259722222222,8773,-51.743554382059564,-2.521489971346421,-14.220085723081425,35.00404631888039,0.002067631248667965,-25871.77719102978,-0.9472163678988417,-2.949022818993478,-0.14414963141838563,-1.0041780068381023,-1.119878658735826,-1.1472416809002568,0.5592157756753676
SOLUSDT,2023-05-30,S1_D5_T5_k6,S1,0.4736081839483149,21.1145,0.3946146296296296,0.4111070138888889,9065,-53.8131762532855,-2.557484193326601,-15.079210968765627,36.17259362049777,-0.00388747069549362,-26906.58812664275,-0.9472163678988383,-2.968184018383094,-0.14148743136353148,-1.0038036386615232,-1.1058306888781704,-1.2194427964199042,0.5578599007170436
SOLUSDT,2023-05-30,S1_D10_T2_k3,S1,0.4736081839483149,21.1145,0.5410865393518518,0.5588796180555555,12452,-77.42805560160059,-3.4634966492218275,-24.272893035591714,49.691748514054325,0.0000825972672807724,-38714.02780080029,-3.7888654715953325,-3.109061018374582,-0.13951106068159394,-1.0324185728696362,-1.1545530928110987,-1.189511898032943,0.5676999678766463
SOLUSDT,2023-05-30,S1_D10_T2_k6,S1,0.4736081839483149,21.1145,0.5471679861111111,0.5669619212962963,12755,-79.64569864311228,-3.5032797366735497,-25.23763290629665,50.90486859740937,0.0000825972672807828,-39822.84932155614,-4.736081839494192,-3.1221363639009128,-0.13774370502056743,-1.0288717227660669,-1.1503824225464099,-1.223812752515634,0.5665229321834575
SOLUSDT,2023-05-30,S1_D10_T5_k3,S1,0.4736081839483149,21.1145,0.38924552083333336,0.404028287037037,8773,-51.743554382059564,-2.521489971346421,-14.220085723081425,35.00404631888039,0.002067631248667965,-25871.77719102978,-0.9472163678988417,-2.949022818993478,-0.14414963141838563,-1.0041780068381023,-1.119878658735826,-1.1472416809002568,0.5592157756753676
SOLUSDT,2023-05-30,S1_D10_T5_k6,S1,0.4736081839483149,21.1145,0.3946146296296296,0.4111093287037037,9065,-53.8131762532855,-2.557484193326601,-15.079210968765627,36.17259362049777,-0.00388747069549362,-26906.58812664275,-0.9472163678988383,-2.968184018383094,-0.14148743136353148,-1.0038036386615232,-1.1058306888781704,-1.2194427964199042,0.5578599007170436
SOLUSDT,2023-05-31,S0,S0,0.48347716778962424,20.683500000000002,0.8817946064814814,0.8733977546296297,19408,-120.64220833031108,-5.616554258224371,-37.20791935600869,77.81771170256484,-0.00002301351318688893,-60321.10416515554,3.867817342326007,-3.1080535946597045,-0.14438700317320127,-0.9182062453686421,-1.0456093478030188,-1.0181752444041308,0.5279781533388294
SOLUSDT,2023-05-31,S1_D2_T2_k3,S1,0.48347716778962424,20.683500000000002,0.627690150462963,0.6165148263888889,11205,-74.38496091087066,-4.056373437763979,-25.385935649189072,44.94859090579447,0.005939081876858395,-37192.480455435325,2.900863006744503,-3.319275364162011,-0.18049963137442204,-0.9959774962359577,-1.1379421236154963,-1.2452358702060509,0.5803659080767515
SOLUSDT,2023-05-31,S1_D2_T2_k6,S1,0.48347716778962424,20.683500000000002,0.6341598379629629,0.622189837962963,11453,-76.13538941668446,-4.076196001643381,-26.123238330069974,45.941894166847966,0.005939081876858392,-38067.694708342235,2.9008630067445025,-3.3238186246697135,-0.1774460305142005,-0.9935808145793839,-1.124114400987481,-1.2549920969156698,0.5790622544311534
SOLUSDT,2023-05-31,S1_D2_T5_k3,S1,0.48347716778962424,20.683500000000002,0.4734921412037037,0.46574505787037035,8118,-54.42721111030511,-2.787245872313381,-19.078492518190927,32.56352145429932,0.0020487344985133434,-27213.605555152553,3.867817342325999,-3.3522549341158605,-0.17120111870453245,-1.0014426778725893,-1.2052179604754731,-1.3134134924220373,0.5760039418576004
SOLUSDT,2023-05-31,S1_D2_T5_k6,S1,0.48347716778962424,20.683500000000002,0.4757431828703704,0.4703264467592593,8316,-55.309967075204646,-2.810452776367379,-19.14327845867482,33.35628186718882,0.000046027026373707605,-27654.983537602322,3.867817342326009,-3.325515095911775,-0.16854057671512843,-0.9875621403436968,-1.168183108974688,-1.2287467615043401,0.5752765752765753
SOLUSDT,2023-05-31,S1_D5_T2_k3,S1,0.48347716778962424,20.683500000000002,0.6277263194444445,0.6165189236111112,11217,-74.57717576812404,-4.017695264340715,-25.568690018613978,44.996729567046195,0.005939081876858387,-37288.58788406202,2.9008630067445043,-3.3242924029653222,-0.17858567281061388,-0.9890323501296897,-1.1296717371776344,-1.2465561852214573,0.5803690826424177
SOLUSDT,2023-05-31,S1_D5_T2_k6,S1,0.48347716778962424,20.683500000000002,0.6341957060185185,0.622204837962963,11467,-76.39654947180087,-4.042352599898024,-26.362076050958613,45.99805990282109,0.005939081876858368,-38198.274735900435,2.900863006744509,-3.3311480540595126,-0.17576050821034636,-0.9898069139578628,-1.1219153912553272,-1.2584622003546793,0.5792273480422081
SOLUSDT,2023-05-31,S1_D5_T5_k3,S1,0.48347716778962424,20.683500000000002,0.4735094675925926,0.4657254050925926,8126,-54.91284516643681,-2.772258080111861,-19.546981893780167,32.595653927043294,0.0020487344985133382,-27456.422583218406,3.8678173423260027,-3.3788361534849134,-0.17011191504408474,-0.9952699024079997,-1.2067216563317582,-1.3340671015140675,0.5759291164164411
SOLUSDT,2023-05-31,S1_D5_T5_k6,S1,0.48347716778962424,20.683500000000002,0.47573497685185184,0.4703136574074074,8312,-55.603409867768775,-2.8288249087434396,-19.43433171368485,33.340299272366856,0.00004602702637369199,-27801.704933884386,3.8678173423260063,-3.3447671960881125,-0.16972365568880832,-0.9886702379579301,-1.1692165155809295,-1.2454522894180728,0.5756737247353224
SOLUSDT,2023-05-31,S1_D10_T2_k3,S1,0.48347716778962424,20.683500000000002,0.6278041898148148,0.6165374421296296,11243,-74.86887436845763,-4.04767084874374,-25.727270529649346,45.0998720719414,0.005939081876858389,-37434.43718422881,2.9008630067445025,-3.329577264451553,-0.17950037545190337,-1.0022813047331864,-1.1389771621869234,-1.2401651346877833,0.5809837232055501
SOLUSDT,2023-05-31,S1_D10_T2_k6,S1,0.48347716778962424,20.683500000000002,0.634258113425926,0.6222231712962963,11489,-76.66443856213857,-4.066042981119774,-26.519206130490602,46.08512853240505,0.0059390818768583886,-38332.21928106929,2.900863006744504,-3.3364278249690384,-0.1764463835950141,-0.9987625692408189,-1.1294922237990916,-1.2544265583450303,0.5795978762294368
SOLUSDT,2023-05-31,S1_D10_T5_k3,S1,0.48347716778962424,20.683500000000002,0.4735211574074074,0.4657384490740741,8136,-54.793890057291826,-2.7451833587155874,-19.41547610414107,32.635279328933684,0.0020487344985133556,-27396.945028645914,3.867817342326005,-3.367372791131504,-0.16823476395129655,-1.0026680316941643,-1.1921774165025962,-1.3303273120201458,0.5763274336283186
SOLUSDT,2023-05-31,S1_D10_T5_k6,S1,0.48347716778962424,20.683500000000002,0.4757639699074074,0.47033104166666667,8324,-55.70602170812461,-2.8065849590250584,-19.51168806053137,33.38779471559455,0.00004602702637371021,-27853.010854062304,3.8678173423260125,-3.3461089445053225,-0.16815289137461073,-0.9880401845558638,-1.1500501798158902,-1.2596261260195578,0.5762854396924556
SOLUSDT,2023-06-01,S0,S0,0.48338368579947766,20.6875,0.8864983912037037,0.8879754976851851,17432,-106.87637945619265,-4.974984894259215,-32.19141993957694,69.71796688821753,0.007992265861027217,-53438.189728096324,-3.8670694864048496,-3.065522586513098,-0.14273460156703865,-0.9363306210260763,-1.0198119316535368,-1.0695964710408505,0.5401560348783846
SOLUSDT,2023-06-01,S1_D2_T2_k3,S1,0.48338368579947766,20.6875,0.6439916666666666,0.6505267939814815,10805,-68.15480966767325,-3.7616918428997854,-21.181389728096732,43.2097355407855,-0.0019925558912386606,-34077.40483383663,-2.900302114803627,-3.153855144269933,-0.17407811822388275,-0.9962858584184738,-1.038024655941951,-1.0144511325195025,0.592596020360944
SOLUSDT,2023-06-01,S1_D2_T2_k6,S1,0.48338368579947766,20.6875,0.6474735648148148,0.6537900694444444,10949,-68.16168589728048,-3.813897280966211,-20.55975830815718,43.78603775226586,-0.001992555891238645,-34080.84294864024,-2.900302114803636,-3.1126900126623656,-0.17418999576850944,-0.9974364434725109,-1.0238221081762247,-0.9591871417281899,0.5912868755137456
SOLUSDT,2023-06-01,S1_D2_T5_k3,S1,0.48338368579947766,20.6875,0.49821063657407405,0.5005129861111111,8014,-47.584445341389376,-2.751419939576734,-12.773897280966722,32.04912860422961,-0.00999951661631418,-23792.222670694686,-3.867069486404832,-2.9688323771767764,-0.1717022920946891,-0.9803961520054681,-0.9938201930432147,-0.9458827314229555,0.5787372098827053
SOLUSDT,2023-06-01,S1_D2_T5_k6,S1,0.48338368579947766,20.6875,0.5032430787037037,0.5041686689814815,8170,-48.512868350452855,-2.8340785498487024,-12.997703927492358,32.673078912386714,-0.008006960725075497,-24256.434175226426,-3.867069486404835,-2.968963791337384,-0.17348221774474198,-0.9878793947541606,-1.0065605044069157,-0.9613677425501684,0.57796817625459
SOLUSDT,2023-06-01,S1_D5_T2_k3,S1,0.48338368579947766,20.6875,0.6439525,0.6505758333333334,10807,-68.17822670694818,-3.76700906344359,-21.191540785498546,43.21768430211481,-0.001992555891238664,-34089.113353474095,-2.9003021148036243,-3.1543548952969456,-0.17429314233264745,-0.994542855181675,-1.03539798096674,-1.0152497122501536,0.5926714166743777
SOLUSDT,2023-06-01,S1_D5_T2_k6,S1,0.48338368579947766,20.6875,0.6474658796296296,0.6538282175925926,10951,-68.13484147431976,-3.817764350452611,-20.52108761329313,43.79399695468278,-0.00199255589123865,-34067.42073715988,-2.9003021148036336,-3.1108958759163436,-0.1743356163417519,-0.9969652063225406,-1.0212976191921406,-0.9590023351077004,0.5914528353575016
SOLUSDT,2023-06-01,S1_D5_T5_k3,S1,0.48338368579947766,20.6875,0.4981800115740741,0.5004846180555556,8022,-47.853010416918075,-2.760120845921152,-13.002054380664593,32.08083567371602,-0.009999516616314184,-23926.50520845904,-3.867069486404824,-2.982610970887439,-0.17207798349369982,-0.9805732178623977,-0.9965824374857659,-0.9575605634382455,0.5790326601844926
SOLUSDT,2023-06-01,S1_D5_T5_k6,S1,0.48338368579947766,20.6875,0.5032415046296296,0.5041478819444445,8180,-48.833850392748914,-2.8447129909363182,-13.268398791540688,32.71273164954683,-0.0080069607250755,-24416.925196374457,-3.8670694864048305,-2.9849541804858752,-0.17392559687242107,-0.988398947159537,-1.0096652522590257,-0.97346466764604,0.5784841075794621
SOLUSDT,2023-06-01,S1_D10_T2_k3,S1,0.48338368579947766,20.6875,0.6439525,0.6505758333333334,10807,-68.17822670694818,-3.76700906344359,-21.191540785498546,43.21768430211481,-0.001992555891238664,-34089.113353474095,-2.9003021148036243,-3.1543548952969456,-0.17429314233264745,-0.994542855181675,-1.03539798096674,-1.0152497122501536,0.5926714166743777
SOLUSDT,2023-06-01,S1_D10_T2_k6,S1,0.48338368579947766,20.6875,0.6474658796296296,0.6538282175925926,10951,-68.13484147431976,-3.817764350452611,-20.52108761329313,43.79399695468278,-0.00199255589123865,-34067.42073715988,-2.9003021148036336,-3.1108958759163436,-0.1743356163417519,-0.9969652063225406,-1.0212976191921406,-0.9590023351077004,0.5914528353575016
SOLUSDT,2023-06-01,S1_D10_T5_k3,S1,0.48338368579947766,20.6875,0.4981800115740741,0.5004846180555556,8022,-47.853010416918075,-2.760120845921152,-13.002054380664593,32.08083567371602,-0.009999516616314184,-23926.50520845904,-3.867069486404824,-2.982610970887439,-0.17207798349369982,-0.9805732178623977,-0.9965824374857659,-0.9575605634382455,0.5790326601844926
SOLUSDT,2023-06-01,S1_D10_T5_k6,S1,0.48338368579947766,20.6875,0.5032415046296296,0.5041478819444445,8180,-48.833850392748914,-2.8447129909363182,-13.268398791540688,32.71273164954683,-0.0080069607250755,-24416.925196374457,-3.8670694864048305,-2.9849541804858752,-0.17392559687242107,-0.988398947159537,-1.0096652522590257,-0.97346466764604,0.5784841075794621
SOLUSDT,2023-06-02,S0,S0,0.4737428050300445,21.1085,0.8651163194444444,0.8892723032407407,17610,-103.64930004500516,-3.331359404978574,-30.128147428760975,70.17778695786058,-0.012006253405026434,-51824.65002250258,-3.789942440249186,-2.9429102795288236,-0.0951934587276641,-0.8088538910378165,-0.8749866388614744,-0.9029648453911145,0.4879045996592845
SOLUSDT,2023-06-02,S1_D2_T2_k3,S1,0.4737428050300445,21.1085,0.5638795254629629,0.5997916666666666,9525,-58.322702465831064,-2.5657910320482014,-17.815098183196596,37.93582888409883,-0.005984366487433956,-29161.35123291553,-2.842456830186897,-3.061559184558061,-0.13545580264558343,-0.9077864636725038,-0.9786429460708831,-0.9428161826683761,0.5499212598425197
SOLUSDT,2023-06-02,S1_D2_T2_k6,S1,0.4737428050300445,21.1085,0.5673455439814815,0.6039848611111112,9701,-59.31194978326244,-2.628325082312383,-18.04059975839137,38.63501452021698,-0.00801042234171069,-29655.974891631224,-2.8424568301868813,-3.057001844307929,-0.13624843613623752,-0.9122498949595731,-0.9789972476027797,-0.9473498756907639,0.5492217297185857
SOLUSDT,2023-06-02,S1_D2_T5_k3,S1,0.4737428050300445,21.1085,0.4207757638888889,0.44765809027777775,6820,-41.21817106852671,-1.8172774000991894,-12.233934197124483,27.166959471303034,-3.3368530161226307e-18,-20609.085534263355,-1.8949712201245998,-3.021860049012222,-0.13391398114429887,-0.8955531358930287,-0.9230245043754304,-0.9126970307527071,0.5489736070381231
SOLUSDT,2023-06-02,S1_D2_T5_k6,S1,0.4737428050300445,21.1085,0.4245024652777778,0.4519257986111111,6996,-42.70263050429903,-1.8234360565647079,-13.008503683350302,27.862642821612152,-0.008047942771869142,-21351.315252149514,-1.8949712201245923,-3.0519318542237728,-0.13104691695188703,-0.8976246324452575,-0.9416198541486764,-0.947256020874981,0.547455688965123
SOLUSDT,2023-06-02,S1_D5_T2_k3,S1,0.4737428050300445,21.1085,0.5638404976851852,0.5997997685185186,9527,-58.38853812445199,-2.564369803633101,-17.874316033825494,37.94386792050596,-0.005984366487433958,-29194.269062225998,-2.842456830186908,-3.0643716870185784,-0.1353529723352747,-0.909679071871995,-0.9816137041865174,-0.9446799921649573,0.5499107798887373
SOLUSDT,2023-06-02,S1_D5_T2_k6,S1,0.4737428050300445,21.1085,0.5673065162037038,0.603992962962963,9703,-59.377785441883375,-2.626903853897282,-18.099817609020263,38.64305355662412,-0.008010422341710698,-29688.892720941687,-2.842456830186878,-3.0597642709411206,-0.13614730765707725,-0.9141072536583239,-0.9819140469395395,-0.9491789435757365,0.5492115840461713
SOLUSDT,2023-06-02,S1_D5_T5_k3,S1,0.4737428050300445,21.1085,0.4207721412037037,0.4476569328703704,6818,-41.22440647132653,-1.8125399720488855,-12.252883909325728,27.158982589951915,2.3080981570444695e-18,-20612.203235663266,-1.8949712201245996,-3.023203759997546,-0.13360477812347168,-0.8958856102042593,-0.9259439989774872,-0.915541738326185,0.5485479612789674
SOLUSDT,2023-06-02,S1_D5_T5_k6,S1,0.4737428050300445,21.1085,0.4245070949074074,0.45192927083333334,6996,-42.70263050429903,-1.8234360565647079,-13.008503683350302,27.862642821612152,-0.008047942771869142,-21351.315252149514,-1.8949712201245923,-3.0519318542237728,-0.13104691695188703,-0.8976246324452575,-0.9416198541486764,-0.947256020874981,0.547455688965123
SOLUSDT,2023-06-02,S1_D10_T2_k3,S1,0.4737428050300445,21.1085,0.5638404976851852,0.5997997685185186,9527,-58.38853812445199,-2.564369803633101,-17.874316033825494,37.94386792050596,-0.005984366487433958,-29194.269062225998,-2.842456830186908,-3.0643716870185784,-0.1353529723352747,-0.909679071871995,-0.9816137041865174,-0.9446799921649573,0.5499107798887373
SOLUSDT,2023-06-02,S1_D10_T2_k6,S1,0.4737428050300445,21.1085,0.5673065162037038,0.603992962962963,9703,-59.377785441883375,-2.626903853897282,-18.099817609020263,38.64305355662412,-0.008010422341710698,-29688.892720941687,-2.842456830186878,-3.0597642709411206,-0.13614730765707725,-0.9141072536583239,-0.9819140469395395,-0.9491789435757365,0.5492115840461713
SOLUSDT,2023-06-02,S1_D10_T5_k3,S1,0.4737428050300445,21.1085,0.4207721412037037,0.4476569328703704,6818,-41.22440647132653,-1.8125399720488855,-12.252883909325728,27.158982589951915,2.3080981570444695e-18,-20612.203235663266,-1.8949712201245996,-3.023203759997546,-0.13360477812347168,-0.8958856102042593,-0.9259439989774872,-0.915541738326185,0.5485479612789674
SOLUSDT,2023-06-02,S1_D10_T5_k6,S1,0.4737428050300445,21.1085,0.4245070949074074,0.45192927083333334,6996,-42.70263050429903,-1.8234360565647079,-13.008503683350302,27.862642821612152,-0.008047942771869142,-21351.315252149514,-1.8949712201245923,-3.0519318542237728,-0.13104691695188703,-0.8976246324452575,-0.9416198541486764,-0.947256020874981,0.547455688965123
SOLUSDT,2023-06-03,S0,S0,0.47309284446962474,21.137500000000003,0.9209534722222222,0.8778379282407407,9130,-53.197683358958834,-1.262684801892128,-15.419515079834303,36.53152870490833,0.01604522767593139,-26598.841679479418,-3.784742755765806,-2.913345200381097,-0.06915357013660464,-0.77817051684335,-0.9430046706237271,-1.0201169544092235,0.4285870755750274
SOLUSDT,2023-06-03,S1_D2_T2_k3,S1,0.47309284446962474,21.137500000000003,0.71795,0.6682884375,5584,-32.83594687167335,-1.3705499704314374,-9.12359550561803,22.343792217622703,0.0019908219988172696,-16417.973435836673,-3.784742755765828,-2.940181489225765,-0.12270418809176303,-0.8818584330036344,-1.06880592763281,-1.0947422826743929,0.5211318051575932
SOLUSDT,2023-06-03,S1_D2_T2_k6,S1,0.47309284446962474,21.137500000000003,0.7200367824074074,0.6695504513888889,5666,-33.52745457125939,-1.3733885274982653,-9.48409225310471,22.67196461265523,0.001990821998817266,-16763.727285629695,-3.78474275576582,-2.958652891921937,-0.12117336619620822,-0.8789368077764799,-1.0622188722581383,-1.081694902890508,0.5201200141193082
SOLUSDT,2023-06-03,S1_D2_T5_k3,S1,0.47309284446962474,21.137500000000003,0.5706995023148148,0.5480591319444444,4320,-25.558359266705907,-1.1122412773505652,-7.1612063867533315,17.286921159077465,0.002009556475458332,-12779.179633352953,-3.7847427557658166,-2.958143433646517,-0.12868780919197537,-0.8771696885230917,-1.0565256016970526,-1.0443648254434215,0.5162037037037037
SOLUSDT,2023-06-03,S1_D2_T5_k6,S1,0.47309284446962474,21.137500000000003,0.5737350810185186,0.5500829513888889,4381,-26.171478273210937,-1.1141336487284472,-7.5306918982849735,17.530678083973978,0.004025357776463626,-13085.739136605467,-4.730928444707272,-2.986929727597688,-0.12711463452180558,-0.8717113290275511,-1.0606038017968529,-1.0472884053256275,0.5174617667199269
SOLUSDT,2023-06-03,S1_D5_T2_k3,S1,0.47309284446962474,21.137500000000003,0.7179291666666666,0.6682273958333333,5584,-32.847298829094996,-1.3705499704314374,-9.134949733885325,22.343789946777054,0.0019908219988172644,-16423.649414547497,-3.784742755765829,-2.941197961057933,-0.12270421235214875,-0.8816033289576523,-1.068380657185782,-1.0943170122273649,0.5211318051575932
SOLUSDT,2023-06-03,S1_D5_T2_k6,S1,0.47309284446962474,21.137500000000003,0.7200159490740741,0.6694894097222223,5666,-33.53880652868103,-1.3733885274982653,-9.495446481372005,22.671962341809575,0.0019908219988172644,-16769.403264340515,-3.784742755765822,-2.9596546530781,-0.12117339010549062,-0.8786853956704501,-1.061799756448713,-1.081275787081083,0.5201200141193082
SOLUSDT,2023-06-03,S1_D5_T5_k3,S1,0.47309284446962474,21.137500000000003,0.570621875,0.5479710763888889,4320,-25.589582448255282,-1.108456534594788,-7.196215257244175,17.286920212891776,0.0020095564754583264,-12794.791224127643,-3.7847427557658166,-2.961757227807324,-0.12824927987836676,-0.8770608488007609,-1.0572926244600782,-1.0453487605506249,0.5159722222222223
SOLUSDT,2023-06-03,S1_D5_T5_k6,S1,0.47309284446962474,21.137500000000003,0.5736574537037037,0.5499838888888889,4381,-26.199863465404903,-1.112241277350555,-7.560969840331107,17.530677705499702,0.004025357776463624,-13099.931732702453,-4.730928444707272,-2.9901693067113557,-0.1268990039487265,-0.8713871965579782,-1.0611433365121101,-1.0479334319077669,0.5174617667199269
SOLUSDT,2023-06-03,S1_D10_T2_k3,S1,0.47309284446962474,21.137500000000003,0.7179291666666666,0.6682273958333333,5584,-32.847298829094996,-1.3705499704314374,-9.134949733885325,22.343789946777054,0.0019908219988172644,-16423.649414547497,-3.784742755765829,-2.941197961057933,-0.12270421235214875,-0.8816033289576523,-1.068380657185782,-1.0943170122273649,0.5211318051575932
SOLUSDT,2023-06-03,S1_D10_T2_k6,S1,0.47309284446962474,21.137500000000003,0.7200159490740741,0.6694894097222223,5666,-33.53880652868103,-1.3733885274982653,-9.495446481372005,22.671962341809575,0.0019908219988172644,-16769.403264340515,-3.784742755765822,-2.9596546530781,-0.12117339010549062,-0.8786853956704501,-1.061799756448713,-1.081275787081083,0.5201200141193082
SOLUSDT,2023-06-03,S1_D10_T5_k3,S1,0.47309284446962474,21.137500000000003,0.570621875,0.5479710763888889,4320,-25.589582448255282,-1.108456534594788,-7.196215257244175,17.286920212891776,0.0020095564754583264,-12794.791224127643,-3.7847427557658166,-2.961757227807324,-0.12824927987836676,-0.8770608488007609,-1.0572926244600782,-1.0453487605506249,0.5159722222222223
SOLUSDT,2023-06-03,S1_D10_T5_k6,S1,0.47309284446962474,21.137500000000003,0.5736574537037037,0.5499838888888889,4381,-26.199863465404903,-1.112241277350555,-7.560969840331107,17.530677705499702,0.004025357776463624,-13099.931732702453,-4.730928444707272,-2.9901693067113557,-0.1268990039487265,-0.8713871965579782,-1.0611433365121101,-1.0479334319077669,0.5174617667199269
SOLUSDT,2023-06-04,S0,S0,0.4556742840207192,21.945500000000003,0.8589278587962963,0.8840274652777778,20185,-118.92361358820705,-2.4943610307353192,-35.99781276343653,80.43537836914172,0.0039385751065138495,-59461.80679410352,-4.556742840217808,-2.945841307609786,-0.061845997517832006,-0.8180407975349044,-0.9145534289872891,-0.930535743115144,0.4477582363140946
SOLUSDT,2023-06-04,S1_D2_T2_k3,S1,0.4556742840207192,21.945500000000003,0.5518483564814815,0.5851376041666667,9692,-58.37682837028089,-1.8846688387141626,-17.924403636280672,38.56956806634618,0.0018121710601262091,-29188.414185140442,-3.552713678800501e-15,-3.0115986571544004,-0.0975747875822826,-0.9193106939448762,-1.0422958257137074,-1.1386262927972453,0.5174370614940157
SOLUSDT,2023-06-04,S1_D2_T2_k6,S1,0.4556742840207192,21.945500000000003,0.5588013657407407,0.5923613888888889,9923,-59.50859046273714,-1.9033514843590185,-18.116698184137853,39.49236153197694,0.0038207377366658397,-29754.29523136857,-2.734045704130684,-2.998518112603907,-0.09625807087773908,-0.9142286955881769,-1.0254889047282036,-1.09849363517451,0.5149652322886223
SOLUSDT,2023-06-04,S1_D2_T5_k3,S1,0.4556742840207192,21.945500000000003,0.40359658564814815,0.43482922453703704,6938,-41.125927912328315,-1.3670228520654308,-12.158301246269124,27.602415985053884,0.0018121710601262334,-20562.963956164156,3.6453942721742467,-2.963817232079008,-0.09891365738497916,-0.9351573398461008,-1.0520599906056425,-1.1406463167167398,0.5099452291726723
SOLUSDT,2023-06-04,S1_D2_T5_k6,S1,0.4556742840207192,21.945500000000003,0.4126784375,0.44363559027777777,7205,-42.95065102184961,-1.423982137568228,-12.860950992230627,28.665560775557626,-0.00015711649313070002,-21475.325510924806,4.556742840217806,-2.9806142277480645,-0.09923438831400604,-0.9374297577107757,-1.0510158784327315,-1.1728074816417022,0.507147814018043
SOLUSDT,2023-06-04,S1_D5_T2_k3,S1,0.4556742840207192,21.945500000000003,0.5518761342592593,0.5854531134259259,9702,-58.376760565947436,-1.8874028844183095,-17.881570253582616,38.60959959900663,0.0018121710601261866,-29188.380282973714,4.440892098500626e-15,-3.0084910619432814,-0.09761593346899906,-0.91718441884865,-1.042451627000859,-1.1339427479908675,0.5175221603793032
SOLUSDT,2023-06-04,S1_D5_T2_k6,S1,0.4556742840207192,21.945500000000003,0.5588303009259259,0.5925888888888889,9931,-59.48500129867163,-1.9051741814951177,-18.059283224351105,39.52436463056207,0.0038207377366658354,-29742.500649335812,-2.7340457041306845,-2.9949149782837394,-0.09627187982341837,-0.912386069495084,-1.0246404523888404,-1.0939512220215386,0.5149531769207532
SOLUSDT,2023-06-04,S1_D5_T5_k3,S1,0.4556742840207192,21.945500000000003,0.4034844444444444,0.434815150462963,6938,-40.86257970882418,-1.3665671777814101,-11.895377184388554,27.602447517714335,0.0018121710601262334,-20431.28985441209,3.6453942721742467,-2.944838549209007,-0.0988800888130131,-0.9336683919871726,-1.0439186909566371,-1.1256030676061535,0.5103776304410493
SOLUSDT,2023-06-04,S1_D5_T5_k6,S1,0.4556742840207192,21.945500000000003,0.4126886342592593,0.4436390625,7205,-42.89960529493521,-1.4258048347043142,-12.808092775284102,28.665550568453668,-0.00015711649313069828,-21449.802647467608,4.556742840217805,-2.977071845588842,-0.09936258209887519,-0.9373669245332291,-1.0499943281325432,-1.1672434965035188,0.507147814018043
SOLUSDT,2023-06-04,S1_D10_T2_k3,S1,0.4556742840207192,21.945500000000003,0.5518761342592593,0.5854383796296296,9702,-58.37676056594742,-1.888314232986351,-17.880658905014574,38.60959959900662,0.0018121710601261866,-29188.38028297371,4.440892098500626e-15,-3.008491061943281,-0.09766308852969113,-0.9167601397607039,-1.0417915920129517,-1.1345082594604707,0.5175221603793032
SOLUSDT,2023-06-04,S1_D10_T2_k6,S1,0.4556742840207192,21.945500000000003,0.5588303009259259,0.5925741550925926,9931,-59.48500129867162,-1.9060855300631592,-18.05837187578306,39.52436463056207,0.0038207377366658354,-29742.50064933581,-2.7340457041306845,-2.994914978283739,-0.09631794753048055,-0.911971573904383,-1.0239956372189003,-1.0945036933011774,0.5149531769207532
SOLUSDT,2023-06-04,S1_D10_T5_k3,S1,0.4556742840207192,21.945500000000003,0.4034844444444444,0.434815150462963,6938,-40.86257970882418,-1.3665671777814101,-11.895377184388554,27.602447517714335,0.0018121710601262334,-20431.28985441209,3.6453942721742467,-2.944838549209007,-0.0988800888130131,-0.9336683919871726,-1.0439186909566371,-1.1256030676061535,0.5103776304410493
SOLUSDT,2023-06-04,S1_D10_T5_k6,S1,0.4556742840207192,21.945500000000003,0.4126886342592593,0.4436390625,7205,-42.89960529493521,-1.4258048347043142,-12.808092775284102,28.665550568453668,-0.00015711649313069828,-21449.802647467608,4.556742840217805,-2.977071845588842,-0.09936258209887519,-0.9373669245332291,-1.0499943281325432,-1.1672434965035188,0.507147814018043
SOLUSDT,2023-06-05,S0,S0,0.47099828085517714,21.2315,0.8372466087962963,0.8322549768518519,32770,-190.39565494665896,-7.243482561288513,-54.5976497185782,128.566432329322,0.01190966252973175,-95197.82747332948,1.8839931234250713,-2.905029828298123,-0.11232630757237916,-0.8213359583277563,-0.9132436299368845,-0.9394984430684898,0.5348489472078121
SOLUSDT,2023-06-05,S1_D2_T2_k3,S1,0.47099828085517714,21.2315,0.5155816319444444,0.4887373611111111,14719,-86.7098132962812,-4.180580740880278,-24.714692791371057,57.82408346089537,0.00954369686550644,-43354.9066481406,0.9419965617125585,-2.945506260489205,-0.1446872027568424,-0.9277364891965195,-1.0710245345427236,-1.0164027191337504,0.5800665806100958
SOLUSDT,2023-06-05,S1_D2_T2_k6,S1,0.47099828085517714,21.2315,0.5242382060185186,0.49626180555555555,15383,-92.8462789722815,-4.538068436050194,-27.90476414761062,60.4109507100299,0.007504321409226859,-46423.13948614075,0.9419965617125441,-3.0178209377976173,-0.15049928009769636,-0.9283397688843262,-1.089630485217682,-1.0851951442990946,0.5790157966586491
SOLUSDT,2023-06-05,S1_D2_T5_k3,S1,0.47099828085517714,21.2315,0.37956502314814816,0.35104569444444444,9932,-54.224510938934834,-3.000730047335245,-12.175776558415404,39.04735115276829,-0.0006531804158914608,-27112.255469467418,-3.767986246850209,-2.7297881060680043,-0.15440371706050704,-0.9562806281264465,-1.1500353584097123,-0.8102005725221755,0.5708819975835683
SOLUSDT,2023-06-05,S1_D2_T5_k6,S1,0.47099828085517714,21.2315,0.3888578009259259,0.3661169675925926,10631,-58.521223041235714,-3.1547464851752425,-13.61043732190367,41.75334667828463,-0.0026925558721710707,-29260.611520617855,-0.9419965617125516,-2.752385619473037,-0.15156264991802948,-0.9721699852244301,-1.1475826193964431,-0.8243323715001516,0.5693725895964632
SOLUSDT,2023-06-05,S1_D5_T2_k3,S1,0.47099828085517714,21.2315,0.5156728240740741,0.48879832175925925,14769,-88.02321875515128,-4.187174716812244,-25.830958717000456,58.01462901820409,0.009543696865506457,-44011.60937757564,0.9419965617125512,-2.979999280762112,-0.1443893038737905,-0.9379261996625048,-1.0764830701679184,-1.0049924205312395,0.580811158507685
SOLUSDT,2023-06-05,S1_D5_T2_k6,S1,0.47099828085517714,21.2315,0.5243644097222222,0.4962843634259259,15423,-93.48037585662787,-4.443868779878931,-28.480324046816992,60.56368735134117,0.007504321409226855,-46740.187928313935,0.9419965617125394,-3.0305509906188117,-0.14671150038057112,-0.9287318630168488,-1.0924738176823459,-1.0722440509584934,0.5797834403164106
SOLUSDT,2023-06-05,S1_D5_T5_k3,S1,0.47099828085517714,21.2315,0.37954636574074074,0.35121730324074074,9982,-55.32377156583351,-2.938087275981382,-13.148388008383556,39.236643101052685,-0.0006531804158914807,-27661.885782916754,-3.7679862468502034,-2.771176696345097,-0.15021747877922054,-0.9528762639742909,-1.1162778217049136,-0.7996139246363434,0.5716289320777399
SOLUSDT,2023-06-05,S1_D5_T5_k6,S1,0.47099828085517714,21.2315,0.38889246527777777,0.3661359953703704,10683,-59.56378489508489,-3.056778842757111,-14.554317876739617,41.94999561971599,-0.0026925558721710716,-29781.89244754245,-0.9419965617125587,-2.787783623283951,-0.145775167371288,-0.9470894673399667,-1.096599818312389,-0.9050008861215965,0.570532621922681
SOLUSDT,2023-06-05,S1_D10_T2_k3,S1,0.47099828085517714,21.2315,0.515669050925926,0.4888203935185185,14785,-87.76840868520803,-4.186703718531378,-25.51680286366932,58.07444579987284,0.00954369686550644,-43884.20434260402,0.9419965617125601,-2.96815720950991,-0.1442225349674695,-0.940720813214877,-1.058745738367157,-1.009226815832141,0.581264795400744
SOLUSDT,2023-06-05,S1_D10_T2_k6,S1,0.47099828085517714,21.2315,0.5243316319444444,0.4963166319444444,15459,-94.31612481454415,-4.461766714551468,-29.162329557496854,60.69953286390506,0.007504321409226838,-47158.062407272075,0.9419965617125321,-3.0505247692135375,-0.14704994738492336,-0.9193072830390381,-1.0692556961678168,-1.0960625182075936,0.5802445177566466
SOLUSDT,2023-06-05,S1_D10_T5_k3,S1,0.47099828085517714,21.2315,0.37958770833333333,0.35124202546296296,10008,-55.89404140074864,-2.9427972587899305,-13.619386289239872,39.333080752655256,0.0012228999364152348,-27947.02070037432,-3.7679862468502017,-2.7924680955609835,-0.15008546663295388,-0.9555500321309057,-1.098118284159523,-0.8720722960563324,0.5729416466826539
SOLUSDT,2023-06-05,S1_D10_T5_k6,S1,0.47099828085517714,21.2315,0.3889754976851852,0.36614844907407407,10739,-61.109708640463246,-3.0120340060757727,-15.936697831052808,42.1601603278148,-0.0008164755198643587,-30554.85432023162,-0.941996561712541,-2.8452234211967244,-0.1427581946090644,-0.9467653803791133,-1.1045951912176726,-0.9322064764120576,0.5722134276934537
SOLUSDT,2023-06-06,S0,S0,0.5004128405923234,19.9835,0.8480268634259259,0.8505214930555556,28738,-180.9962791559533,-11.50298996672163,-54.503465358921645,114.99329266644982,0.0034688361398153575,-90498.13957797663,1.9539925233402755e-14,-3.1490757734698533,-0.20032181109495237,-1.0309247643398756,-1.1263304913829995,-1.2479342117981176,0.5743962697473728
SOLUSDT,2023-06-06,S1_D2_T2_k3,S1,0.5004128405923234,19.9835,0.5895815972222223,0.5773111111111111,14782,-92.849310449971,-6.2601646358240775,-27.412615407711602,59.1820273725824,0.005496966147071347,-46424.6552249855,1.0658141036401503e-14,-3.1406207025426536,-0.21172648727823704,-1.0764901853285689,-1.1841140925761513,-1.2145996797454066,0.5991746718982547
SOLUSDT,2023-06-06,S1_D2_T2_k6,S1,0.5004128405923234,19.9835,0.5981996759259259,0.5854566319444444,15238,-96.53362364718369,-6.458828533539718,-29.073485625641357,61.00656221382641,0.005252725823804637,-48266.811823591845,1.2434497875801753e-14,-3.167529322981483,-0.2119289884261771,-1.071439932703407,-1.1753781529715321,-1.2485989642657642,0.5992912455702848
SOLUSDT,2023-06-06,S1_D2_T5_k3,S1,0.5004128405923234,19.9835,0.4628128819444444,0.45285280092592595,10647,-68.77751045930368,-4.270022768783722,-21.870042785298146,42.633731828758734,-0.0037130764630820697,-34388.75522965184,-5.004128405934904,-3.229900932624387,-0.20047647805464205,-1.049384353497987,-1.142965932467518,-1.2583963508514333,0.5927491312106696
SOLUSDT,2023-06-06,S1_D2_T5_k6,S1,0.5004128405923234,19.9835,0.4756328819444444,0.46367699074074076,11197,-72.22702139630172,-4.54875272099424,-22.850351540020856,44.82544999624691,-0.0024671390397077624,-36113.51069815086,-5.004128405934892,-3.2252845135438832,-0.20311218438245607,-1.0590807646428184,-1.151987242287346,-1.2358209969073142,0.5939983924265428
SOLUSDT,2023-06-06,S1_D5_T2_k3,S1,0.5004128405923234,19.9835,0.5896474074074074,0.5773803472222222,14796,-93.01343885590587,-6.2621662871864405,-27.519703755598613,59.23706577926791,0.00549696614707135,-46506.719427952936,1.1102230246251565e-14,-3.1431954195696767,-0.21159616160365669,-1.0796946927649205,-1.181598078230934,-1.2033643077555845,0.5995539334955393
SOLUSDT,2023-06-06,S1_D5_T2_k6,S1,0.5004128405923234,19.9835,0.5982747106481482,0.5855784027777777,15262,-96.97714615325118,-6.463332249105049,-29.41827007281028,61.100796557159654,0.005252725823804631,-48488.573076625595,1.021405182655144e-14,-3.177078566152902,-0.21174708752457305,-1.0752506557335975,-1.1799490342296155,-1.2543387471536236,0.5997248067094745
SOLUSDT,2023-06-06,S1_D5_T5_k3,S1,0.5004128405923234,19.9835,0.4629283796296296,0.45287504629629627,10645,-68.67566843963746,-4.2745264843490345,-21.77146145570125,42.62596742312409,-0.003713076463082071,-34337.83421981873,-5.004128405934895,-3.225724210410402,-0.20072764323527303,-1.0524795254128558,-1.1437723489830705,-1.2478158730656226,0.5930483795209018
SOLUSDT,2023-06-06,S1_D5_T5_k6,S1,0.5004128405923234,19.9835,0.4757634259259259,0.46369685185185183,11211,-72.74234573888432,-4.5657667575743925,-23.2937173167867,44.88039452548353,-0.002467139039707766,-36371.17286944216,-5.004128405934915,-3.244239842069589,-0.2036331914433951,-1.0575877003943814,-1.1591106507942455,-1.2531158228239072,0.5944161983765944
SOLUSDT,2023-06-06,S1_D10_T2_k3,S1,0.5004128405923234,19.9835,0.5896485648148149,0.5773905902777777,14796,-93.01544010693799,-6.2621662871864405,-27.52170540696099,59.23706537893763,0.00549696614707135,-46507.720053469,1.1102230246251565e-14,-3.14326304767971,-0.21159616341428858,-1.0797296696478347,-1.1816680428624764,-1.2036089669549133,0.5994863476615302
SOLUSDT,2023-06-06,S1_D10_T2_k6,S1,0.5004128405923234,19.9835,0.5982747106481482,0.5855886458333334,15262,-96.9791474042833,-6.463332249105049,-29.420271724172657,61.10079615682939,0.005252725823804631,-48489.57370214164,1.021405182655144e-14,-3.1771441293501277,-0.21174708927992028,-1.0752845646550755,-1.1800168626065188,-1.254575936087792,0.5996592844974447
SOLUSDT,2023-06-06,S1_D10_T5_k3,S1,0.5004128405923234,19.9835,0.46292953703703704,0.45287504629629627,10645,-68.67566843963746,-4.2745264843490345,-21.77146145570125,42.62596742312409,-0.003713076463082071,-34337.83421981873,-5.004128405934895,-3.225724210410402,-0.20072764323527303,-1.0524795254128558,-1.1437723489830705,-1.2478158730656226,0.5930483795209018
SOLUSDT,2023-06-06,S1_D10_T5_k6,S1,0.5004128405923234,19.9835,0.4757645833333333,0.46369685185185183,11211,-72.74234573888432,-4.5657667575743925,-23.2937173167867,44.88039452548353,-0.002467139039707766,-36371.17286944216,-5.004128405934915,-3.244239842069589,-0.2036331914433951,-1.0575877003943814,-1.1591106507942455,-1.2531158228239072,0.5944161983765944
SOLUSDT,2023-06-07,S0,S0,0.5131099594631174,19.488999999999997,0.8350113425925926,0.8443972337962963,29624,-195.35879984575863,-13.140746061880627,-63.97762840576728,118.2366319462261,-0.00379343188465287,-97679.39992287933,-4.104879675714551,-3.297306235581938,-0.2227296016553952,-1.1196314105469798,-1.2513620826990897,-1.4018032453765241,0.5758506616257089
SOLUSDT,2023-06-07,S1_D2_T2_k3,S1,0.5131099594631174,19.488999999999997,0.5282866203703703,0.5438357060185185,14406,-89.1683028474521,-6.955718610497901,-24.50921032377238,57.699580481297154,-0.003793431884652877,-44584.15142372605,-4.104879675714495,-3.094832113267114,-0.24167500960082489,-1.163416528168696,-1.329971608689059,-1.38528043391209,0.6097459391920034
SOLUSDT,2023-06-07,S1_D2_T2_k6,S1,0.5131099594631174,19.488999999999997,0.5370588078703704,0.5507186805555555,14872,-91.37333440371468,-7.1758427831080525,-24.628764944327678,59.56493324439429,-0.0037934318846528977,-45686.66720185734,-4.104879675714504,-3.071992146440112,-0.24147151308260473,-1.168753976428191,-1.3335862420395939,-1.366174347236732,0.610610543302851
SOLUSDT,2023-06-07,S1_D2_T5_k3,S1,0.5131099594631174,19.488999999999997,0.38697018518518517,0.4072515972222222,10133,-59.61063143311595,-4.784750372004588,-14.216224536918226,40.609656524193134,-2.5296918781947403e-18,-29805.315716557972,-5.1310995946431195,-2.9414108079105867,-0.23592291836177395,-1.1550057480612779,-1.2860944374943186,-1.2985327326726361,0.6035724859370374
SOLUSDT,2023-06-07,S1_D2_T5_k6,S1,0.5131099594631174,19.488999999999997,0.39589729166666665,0.41400349537037034,10617,-62.6048948944018,-5.080814818615401,-14.982297706398533,42.54501636820771,0.003233998819847083,-31302.447447200902,-5.131099594643113,-2.9483326219460206,-0.23910690162022477,-1.1667753998261734,-1.2903703683098202,-1.3114543958140525,0.6062917961759442
SOLUSDT,2023-06-07,S1_D5_T2_k3,S1,0.5131099594631174,19.488999999999997,0.5283501157407408,0.5438229166666667,14412,-89.30087978829052,-6.958797270254683,-24.614910975422028,57.723378110729136,-0.0037934318846528786,-44650.43989414526,-4.1048796757145,-3.09814320664344,-0.24167943606466488,-1.1634751829353007,-1.3300378485309305,-1.3890618577968379,0.6098390230363586
SOLUSDT,2023-06-07,S1_D5_T2_k6,S1,0.5131099594631174,19.488999999999997,0.5373908796296296,0.5507219444444444,14888,-91.54315368638696,-7.186618092256792,-24.724716506747512,59.628025655497986,-0.003793431884652877,-45771.57684319348,-4.104879675714516,-3.074393930896929,-0.24157786198278683,-1.1686601478915866,-1.3334939406797166,-1.3693614093344246,0.6108946802794196
SOLUSDT,2023-06-07,S1_D5_T5_k3,S1,0.5131099594631174,19.488999999999997,0.386954375,0.4068715277777778,10135,-60.13771152958061,-4.781158602288334,-14.739083585612349,40.61746934167993,7.266734480815273e-18,-30068.855764790307,-5.1310995946431195,-2.966833326570331,-0.23569977274329953,-1.1584350389653602,-1.3078021645159053,-1.3319080720784693,0.6035520473606315
SOLUSDT,2023-06-07,S1_D5_T5_k6,S1,0.5131099594631174,19.488999999999997,0.3960062037037037,0.4136324189814815,10637,-63.39285938719264,-5.085945918210032,-15.685258350864686,42.624889116937766,0.00323399881984709,-31696.429693596318,-5.131099594643121,-2.9798279302055386,-0.238914076624839,-1.172082090769625,-1.314042831712771,-1.351797368621015,0.6066560120334681
SOLUSDT,2023-06-07,S1_D10_T2_k3,S1,0.5131099594631174,19.488999999999997,0.5283501157407408,0.5438229166666667,14412,-89.30087978829052,-6.958797270254683,-24.614910975422028,57.723378110729136,-0.0037934318846528786,-44650.43989414526,-4.1048796757145,-3.09814320664344,-0.24167943606466488,-1.1634751829353007,-1.3300378485309305,-1.3890618577968379,0.6098390230363586
SOLUSDT,2023-06-07,S1_D10_T2_k6,S1,0.5131099594631174,19.488999999999997,0.5373908796296296,0.5507219444444444,14888,-91.54315368638696,-7.186618092256792,-24.724716506747512,59.628025655497986,-0.003793431884652877,-45771.57684319348,-4.104879675714516,-3.074393930896929,-0.24157786198278683,-1.1686601478915866,-1.3334939406797166,-1.3693614093344246,0.6108946802794196
SOLUSDT,2023-06-07,S1_D10_T5_k3,S1,0.5131099594631174,19.488999999999997,0.386954375,0.4068715277777778,10135,-60.13771152958061,-4.781158602288334,-14.739083585612349,40.61746934167993,7.266734480815273e-18,-30068.855764790307,-5.1310995946431195,-2.966833326570331,-0.23569977274329953,-1.1584350389653602,-1.3078021645159053,-1.3319080720784693,0.6035520473606315
SOLUSDT,2023-06-07,S1_D10_T5_k6,S1,0.5131099594631174,19.488999999999997,0.3960062037037037,0.4136324189814815,10637,-63.39285938719264,-5.085945918210032,-15.685258350864686,42.624889116937766,0.00323399881984709,-31696.429693596318,-5.131099594643121,-2.9798279302055386,-0.238914076624839,-1.172082090769625,-1.314042831712771,-1.351797368621015,0.6066560120334681
SOLUSDT,2023-06-08,S0,S0,0.5337745869906693,18.7345,0.8627663888888889,0.870633425925926,23345,-151.0201008723316,-8.143798873735594,-49.552430008807136,93.32628487549708,0.0024128857081854274,-75510.0504361658,3.2026475219514623,-3.234527754815412,-0.17466167368269078,-1.0962397853737917,-1.2448809335827742,-1.3158096832131991,0.5285500107089313
SOLUSDT,2023-06-08,S1_D2_T2_k3,S1,0.5337745869906693,18.7345,0.5706709259259259,0.5830449884259259,12935,-83.814813721818,-5.33187434946216,-26.751714750860724,51.72678619658918,-0.004438424905922231,-41907.406860908995,3.202647521951497,-3.2398459111642053,-0.20628175720875574,-1.1610026283209538,-1.3239320050174208,-1.2966548011015158,0.5894085813683804
SOLUSDT,2023-06-08,S1_D2_T2_k6,S1,0.5337745869906693,18.7345,0.577811087962963,0.5890778125,13315,-87.90151579553223,-5.504817315647463,-29.147295097280484,53.244964957698365,-0.00443842490592224,-43950.75789776612,3.202647521951464,-3.3008455049016985,-0.2068905728697019,-1.1719361871970015,-1.3506921797000468,-1.3027243033516063,0.5897108524220803
SOLUSDT,2023-06-08,S1_D2_T5_k3,S1,0.5337745869906693,18.7345,0.42231581018518516,0.4347504513888889,9223,-58.64486157279356,-3.605113560543366,-18.157410125703983,36.87587392244255,-0.006463964103659033,-29322.43078639678,3.202647521951481,-3.179272556261171,-0.19561260938729363,-1.1669019330046675,-1.38319319019038,-1.3093386093698438,0.5766019733275507
SOLUSDT,2023-06-08,S1_D2_T5_k6,S1,0.5337745869906693,18.7345,0.4325596990740741,0.44414877314814816,9667,-61.70729953484218,-3.7695161333368223,-19.279404307561034,38.65191512984067,-0.006463964103659011,-30853.649767421088,3.202647521951465,-3.1916468157050883,-0.19513939930489863,-1.1731030244272773,-1.402454658867477,-1.3050455618080794,0.5742215785662563
SOLUSDT,2023-06-08,S1_D5_T2_k3,S1,0.5337745869906693,18.7345,0.5707333680555555,0.583092662037037,12939,-83.81587358463793,-5.33400944781013,-26.734633964076988,51.74279174784488,-0.004438424905922224,-41907.936792318964,3.2026475219515005,-3.238885291932836,-0.2062986992903433,-1.1600124262778087,-1.3224403413879056,-1.2962320106460654,0.5891490841641549
SOLUSDT,2023-06-08,S1_D5_T2_k6,S1,0.5337745869906693,18.7345,0.5778676157407407,0.5890056828703704,13319,-87.91538667545966,-5.502148442712506,-29.147828871867482,53.26097093597374,-0.004438424905922235,-43957.693337729834,3.202647521951463,-3.300374903350839,-0.20672850068435975,-1.1713458715207228,-1.349218121892355,-1.3035356820814548,0.5893835873564082
SOLUSDT,2023-06-08,S1_D5_T5_k3,S1,0.5337745869906693,18.7345,0.42235503472222224,0.4347245601851852,9225,-58.67308010010947,-3.605647335130364,-18.177159785422678,36.88380901545277,-0.006463964103659023,-29336.540050054737,3.202647521951487,-3.1801127425533586,-0.19559936051714805,-1.1660094741249332,-1.3792697430769558,-1.310631370813671,0.576260162601626
SOLUSDT,2023-06-08,S1_D5_T5_k6,S1,0.5337745869906693,18.7345,0.43258269675925926,0.4439839930555556,9669,-61.688554438896205,-3.77485387920674,-19.247377832341524,38.65985876324428,-0.006463964103659009,-30844.277219448104,3.2026475219514685,-3.1900172943890888,-0.19537629513768337,-1.1713948898051325,-1.3964723695903118,-1.30439996551398,0.5739993794601304
SOLUSDT,2023-06-08,S1_D10_T2_k3,S1,0.5337745869906693,18.7345,0.5707333680555555,0.583092662037037,12939,-83.81587358463793,-5.33400944781013,-26.734633964076988,51.74279174784488,-0.004438424905922224,-41907.936792318964,3.2026475219515005,-3.238885291932836,-0.2062986992903433,-1.1600124262778087,-1.3224403413879056,-1.2962320106460654,0.5891490841641549
SOLUSDT,2023-06-08,S1_D10_T2_k6,S1,0.5337745869906693,18.7345,0.5778676157407407,0.5890056828703704,13319,-87.91538667545966,-5.502148442712506,-29.147828871867482,53.26097093597374,-0.004438424905922235,-43957.693337729834,3.202647521951463,-3.300374903350839,-0.20672850068435975,-1.1713458715207228,-1.349218121892355,-1.3035356820814548,0.5893835873564082
SOLUSDT,2023-06-08,S1_D10_T5_k3,S1,0.5337745869906693,18.7345,0.42235503472222224,0.4347245601851852,9225,-58.67308010010947,-3.605647335130364,-18.177159785422678,36.88380901545277,-0.006463964103659023,-29336.540050054737,3.202647521951487,-3.1801127425533586,-0.19559936051714805,-1.1660094741249332,-1.3792697430769558,-1.310631370813671,0.576260162601626
SOLUSDT,2023-06-08,S1_D10_T5_k6,S1,0.5337745869906693,18.7345,0.43258269675925926,0.4439839930555556,9669,-61.688554438896205,-3.77485387920674,-19.247377832341524,38.65985876324428,-0.006463964103659009,-30844.277219448104,3.2026475219514685,-3.1900172943890888,-0.19537629513768337,-1.1713948898051325,-1.3964723695903118,-1.30439996551398,0.5739993794601304
SOLUSDT,2023-06-09,S0,S0,0.5385174614274318,18.569499999999998,0.8384996875,0.8265283449074075,37270,-234.82910710102004,-11.933546945259131,-76.22391556046216,146.67197738226662,0.0003327869678774215,-117414.55355051003,-2.154069845714754,-3.1503770740678836,-0.16280410828514622,-1.051861405580129,-1.0757848507568872,-1.2856800144004785,0.5237456399248726
SOLUSDT,2023-06-09,S1_D2_T2_k3,S1,0.5385174614274318,18.569499999999998,0.49735699074074075,0.492316724537037,16327,-103.06754902783571,-6.363660841702528,-32.131182853604024,64.5697202401788,-0.0029850923503594753,-51533.77451391785,-1.0770349228573926,-3.1563529438303335,-0.19681706646904487,-1.1414412494422583,-1.1933736769900571,-1.3983702629289445,0.5803883138359772
SOLUSDT,2023-06-09,S1_D2_T2_k6,S1,0.5385174614274318,18.569499999999998,0.5072244675925925,0.5010135763888889,17101,-107.44511654446246,-6.6889253884056155,-33.16513637954697,67.58806968415952,-0.0029850923503594797,-53722.55827223123,-1.0770349228573655,-3.141486361746753,-0.19775264835357376,-1.1374155661771772,-1.2014003948457377,-1.3279416881258066,0.5759897082041986
SOLUSDT,2023-06-09,S1_D2_T5_k3,S1,0.5385174614274318,18.569499999999998,0.3579676041666667,0.3520821875,11163,-70.34849568382538,-4.3076011739678215,-21.861654864158957,44.17580548749294,-0.003434158205659805,-35174.247841912686,3.231104768572113,-3.150967288534685,-0.19460165806717264,-1.1192140634945404,-1.1331076148030887,-1.28919017585936,0.5735017468422468
SOLUSDT,2023-06-09,S1_D2_T5_k6,S1,0.5385174614274318,18.569499999999998,0.36768556712962963,0.36115118055555556,11914,-73.27869606617274,-4.600554672985076,-21.557392498451662,47.11731473653034,-0.0034341582056598317,-36639.348033086375,2.154069845714751,-3.075318787400233,-0.19508327019735291,-1.1278261471659312,-1.182614246232038,-1.2866130761486267,0.5714285714285714
SOLUSDT,2023-06-09,S1_D5_T2_k3,S1,0.5385174614274318,18.569499999999998,0.49745711805555554,0.49239747685185187,16339,-103.09780229259782,-6.354506044858239,-32.12418212660547,64.61612902878376,-0.0029850923503594706,-51548.901146298915,-1.0770349228573837,-3.154960594057097,-0.19637656808442738,-1.1396496120872173,-1.1937822706596604,-1.399218143326368,0.5802068670053246
SOLUSDT,2023-06-09,S1_D5_T2_k6,S1,0.5385174614274318,18.569499999999998,0.5074588310185185,0.5011122916666667,17121,-107.5669597820294,-6.684617248714188,-33.21467998599838,67.66467745496648,-0.002985092350359486,-53783.4798910147,-1.0770349228573624,-3.1413749133236784,-0.19738671181096162,-1.1328388260999727,-1.205043704491488,-1.3283098686176924,0.5757257169557853
SOLUSDT,2023-06-09,S1_D5_T5_k3,S1,0.5385174614274318,18.569499999999998,0.358041875,0.3521269560185185,11161,-70.28913167294732,-4.298446377123548,-21.81911198470608,44.16813915291203,-0.0034341582056598057,-35144.56583647366,3.2311047685721164,-3.1488724878123517,-0.19421799908235235,-1.1190232573972023,-1.1368758673756711,-1.2918853727275537,0.5731565271929039
SOLUSDT,2023-06-09,S1_D5_T5_k6,S1,0.5385174614274318,18.569499999999998,0.3677199421296296,0.3611918518518519,11912,-73.24949291046042,-4.590322841217931,-21.546083631761654,47.10965227927516,-0.0034341582056598334,-36624.74645523021,2.154069845714743,-3.0746093397607632,-0.19467775565491494,-1.127310718142681,-1.1863375619719216,-1.292780654304917,0.5709368703828073
SOLUSDT,2023-06-09,S1_D10_T2_k3,S1,0.5385174614274318,18.569499999999998,0.49745711805555554,0.49239747685185187,16339,-103.09780229259782,-6.354506044858239,-32.12418212660547,64.61612902878376,-0.0029850923503594706,-51548.901146298915,-1.0770349228573837,-3.154960594057097,-0.19637656808442738,-1.1396496120872173,-1.1937822706596604,-1.399218143326368,0.5802068670053246
SOLUSDT,2023-06-09,S1_D10_T2_k6,S1,0.5385174614274318,18.569499999999998,0.5074588310185185,0.5011122916666667,17121,-107.5669597820294,-6.684617248714188,-33.21467998599838,67.66467745496648,-0.002985092350359486,-53783.4798910147,-1.0770349228573624,-3.1413749133236784,-0.19738671181096162,-1.1328388260999727,-1.205043704491488,-1.3283098686176924,0.5757257169557853
SOLUSDT,2023-06-09,S1_D10_T5_k3,S1,0.5385174614274318,18.569499999999998,0.358041875,0.3521269560185185,11161,-70.28913167294732,-4.298446377123548,-21.81911198470608,44.16813915291203,-0.0034341582056598057,-35144.56583647366,3.2311047685721164,-3.1488724878123517,-0.19421799908235235,-1.1190232573972023,-1.1368758673756711,-1.2918853727275537,0.5731565271929039
SOLUSDT,2023-06-09,S1_D10_T5_k6,S1,0.5385174614274318,18.569499999999998,0.3677199421296296,0.3611918518518519,11912,-73.24949291046042,-4.590322841217931,-21.546083631761654,47.10965227927516,-0.0034341582056598334,-36624.74645523021,2.154069845714743,-3.0746093397607632,-0.19467775565491494,-1.127310718142681,-1.1863375619719216,-1.292780654304917,0.5709368703828073
SOLUSDT,2023-06-10,S0,S0,0.6761096649860853,14.7905,0.6256726388888889,0.6522046296296297,94458,-664.3154879211114,-52.315337547750715,-225.12220682194587,386.8633936648525,-0.014549886562320048,-332157.7439605557,5.4088773199013485,-3.5164596324351107,-0.271820069277399,-1.3242450221558277,-1.326468292699669,-1.4057146602899462,0.5680408223760824
SOLUSDT,2023-06-10,S1_D2_T2_k3,S1,0.6761096649860853,14.7905,0.3513984143518519,0.35904252314814816,44593,-299.98575861641586,-25.997092728440474,-91.8954734457929,182.1295780399581,0.036385597775599535,-149992.87930820795,-1.3522193299752763,-3.3635969615905617,-0.28677090514381604,-1.3958539556311842,-1.2642784834380505,-1.0704845934477751,0.5892628887942054
SOLUSDT,2023-06-10,S1_D2_T2_k6,S1,0.6761096649860853,14.7905,0.3670209837962963,0.3753866898148148,47332,-317.74475986721893,-27.145803049254653,-97.25567086981512,193.37967154592477,0.03638559777559938,-158872.37993360945,-3.019806626980426e-14,-3.356553281788419,-0.28190958859074045,-1.40897684463564,-1.2526458340503452,-1.1861632502822863,0.586051719766754
SOLUSDT,2023-06-10,S1_D2_T5_k3,S1,0.6761096649860853,14.7905,0.2503476273148148,0.25565439814814817,30386,-217.30005024999159,-18.1670666982183,-75.12119265744926,124.07547385145871,0.0636829571346472,-108650.0251249958,-2.7044386599506094,-3.5756606702098264,-0.29468889439934304,-1.3839383698522338,-1.3063870659338124,-1.2660572668510521,0.5859277298756006
SOLUSDT,2023-06-10,S1_D2_T5_k6,S1,0.6761096649860853,14.7905,0.2684707523148148,0.27570479166666667,33144,-226.3641738428383,-18.730266049153062,-72.31060478009547,135.38698597072445,0.06368295713464721,-113182.08692141916,-2.7044386599506867,-3.4148590068012052,-0.2783003705471456,-1.3684056725535982,-1.2883647484667409,-1.1110141927736015,0.5798334540188269
SOLUSDT,2023-06-10,S1_D5_T2_k3,S1,0.6761096649860853,14.7905,0.3522737731481482,0.3597106365740741,44981,-306.2861792918494,-26.153950170717586,-96.49707582569896,183.67153889320846,0.036385597775598966,-153143.08964592472,-1.3522193299753482,-3.404617274981096,-0.28580505749768464,-1.3785129264463603,-1.2340328151523445,-1.133679911370657,0.5896044996776417
SOLUSDT,2023-06-10,S1_D5_T2_k6,S1,0.6761096649860853,14.7905,0.3679314351851852,0.3761630439814815,47738,-316.4254568010615,-27.31144991717662,-94.15570805584659,194.9946844258139,0.03638559777559916,-158212.72840053076,1.3322676295501878e-14,-3.314188453653918,-0.2811474337206263,-1.380166080494603,-1.1927092451002865,-1.1189922002438093,0.585948301143743
SOLUSDT,2023-06-10,S1_D5_T5_k3,S1,0.6761096649860853,14.7905,0.2520122337962963,0.2571595138888889,30868,-225.65360016378762,-18.455765525168076,-81.26500118319208,125.99651641256212,0.06368295713464733,-112826.8000818938,-2.704438659950629,-3.65513800965057,-0.29506299800772867,-1.3918323750113852,-1.288492042053671,-1.0573286189263562,0.5861733834391603
SOLUSDT,2023-06-10,S1_D5_T5_k6,S1,0.6761096649860853,14.7905,0.270177662037037,0.2770809375,33698,-234.57746426574485,-19.414489030120635,-77.63564450153817,137.59101369122072,0.06368295713464728,-117288.73213287242,-2.704438659950714,-3.4805843709677853,-0.28419727563584163,-1.3749355137466892,-1.2636439207290644,-0.9819452083481386,0.5802718262211407
SOLUSDT,2023-06-10,S1_D10_T2_k3,S1,0.6761096649860853,14.7905,0.35234616898148147,0.3597444328703704,45043,-298.902620115351,-26.116764139143307,-88.91450593286231,183.907735641121,0.036385597775599285,-149451.3100576755,-1.3522193299752523,-3.3179697191056436,-0.28501097732139136,-1.381740478354992,-1.238606338602829,-1.1394432086294812,0.5895255644606265
SOLUSDT,2023-06-10,S1_D10_T2_k6,S1,0.6761096649860853,14.7905,0.36803239583333336,0.3762078125,47816,-313.4883052510801,-27.383793651330333,-90.83939014908209,195.30150704844328,0.03638559777559923,-156744.15262554004,1.2434497875801753e-14,-3.278069111292037,-0.2813439699226429,-1.3958513993607211,-1.2556061447628477,-1.1820898812361105,0.5861636272377447
SOLUSDT,2023-06-10,S1_D10_T5_k3,S1,0.6761096649860853,14.7905,0.2519944212962963,0.2572617824074074,30920,-216.7985791705826,-18.349616307765004,-72.30722423177062,126.20542158818162,0.06368295713464717,-108399.2895852913,-2.7044386599506813,-3.5057984988774678,-0.2924366639615769,-1.3734639210921218,-1.2800756708995304,-0.9878145691130974,0.5861901681759379
SOLUSDT,2023-06-10,S1_D10_T5_k6,S1,0.6761096649860853,14.7905,0.27019233796296294,0.2771724074074074,33748,-216.3854864421419,-19.043980933707402,-59.61056083296714,137.79462763260202,0.06368295713464721,-108192.74322107095,-2.704438659950667,-3.2059008895659282,-0.27788906829182175,-1.3579870935925096,-1.2410038473227432,-0.8834212587986353,0.580597368732962
SOLUSDT,2023-06-11,S0,S0,0.6440601552169964,15.526499999999999,0.8043540509259259,0.8190372685185185,49655,-335.80059893615464,-20.567416996747767,-116.32434869416804,198.89556487295917,-0.013268372279650931,-167900.2994680773,-3.8643609313110208,-3.381337216153002,-0.20671203554201895,-1.313098568172614,-1.3552462925181101,-1.4300732610318074,0.5275803040982782
SOLUSDT,2023-06-11,S1_D2_T2_k3,S1,0.6440601552169964,15.526499999999999,0.5201983333333333,0.531452974537037,28795,-193.25404720344594,-12.37497182236829,-65.5775609441923,115.29600025762406,-0.005514179261263,-96627.02360172296,-3.8643609313109897,-3.355687570818648,-0.21464731748798568,-1.3738828690860303,-1.411723239121874,-1.4190694795173,0.5592984893210626
SOLUSDT,2023-06-11,S1_D2_T2_k6,S1,0.6440601552169964,15.526499999999999,0.5329072685185186,0.545162199074074,29840,-200.66449124929656,-12.69957814059838,-68.47389946220991,119.47774527420863,-0.013268372279650872,-100332.24562464828,-5.15248124174796,-3.3623406710673014,-0.21256888126248297,-1.3593833293052215,-1.3856565435598571,-1.4024221145277718,0.5551943699731904
SOLUSDT,2023-06-11,S1_D2_T5_k3,S1,0.6440601552169964,15.526499999999999,0.3897084606481481,0.39313197916666665,20633,-137.00473748866787,-8.421730589637065,-45.996844105239525,82.59943116607091,0.013268372279650907,-68502.36874433394,-3.864360931310973,-3.320039196642947,-0.20388877750030712,-1.394473496391034,-1.4289273312760222,-1.328932628948889,0.550283526389764
SOLUSDT,2023-06-11,S1_D2_T5_k6,S1,0.6440601552169964,15.526499999999999,0.4054005324074074,0.41128599537037036,21785,-145.88004273813172,-8.786268637490782,-49.87666248027575,87.21487160660807,-0.0022400137571249577,-72940.02136906587,-3.8643609313109883,-3.348176330918791,-0.20143530191099032,-1.3759355060533203,-1.398387786888257,-1.331597520707828,0.5459260959375717
SOLUSDT,2023-06-11,S1_D5_T2_k3,S1,0.6440601552169964,15.526499999999999,0.5203655902777777,0.5315062962962963,28825,-193.2919207744375,-12.398157987956143,-65.47064695842606,115.41760164879403,-0.0055141792612629975,-96645.96038721874,-3.8643609313109604,-3.352852051594753,-0.21481540971058813,-1.373757580427761,-1.4144209927905937,-1.4188558550638404,0.5591673894189072
SOLUSDT,2023-06-11,S1_D5_T2_k6,S1,0.6440601552169964,15.526499999999999,0.5330263194444445,0.5452456365740741,29874,-200.9066694607415,-12.700866260908802,-68.57694908704488,119.6155857405082,-0.013268372279650829,-100453.33473037076,-5.152481241747966,-3.362567273561316,-0.2123413562581209,-1.3590077227607715,-1.3901602233062555,-1.406720305215035,0.5552989221396533
SOLUSDT,2023-06-11,S1_D5_T5_k3,S1,0.6440601552169964,15.526499999999999,0.38997431712962966,0.3933646412037037,20679,-137.77454240284686,-8.472611341899333,-46.53076997391567,82.78442945931151,0.013268372279650987,-68887.27120142343,-3.864360931310995,-3.3312670439297563,-0.20465491423152185,-1.3977710202771407,-1.4436322215033501,-1.3522679871103183,0.5503651046955849
SOLUSDT,2023-06-11,S1_D5_T5_k6,S1,0.6440601552169964,15.526499999999999,0.405656087962963,0.41152520833333334,21831,-146.28845081464607,-8.838437510063482,-50.04733842140865,87.40043486941681,-0.00224001375712497,-73144.22540732304,-3.8643609313110114,-3.350475260286887,-0.20219374027993717,-1.3768706344278667,-1.4005631268586904,-1.35101999745588,0.5455086803169804
SOLUSDT,2023-06-11,S1_D10_T2_k3,S1,0.6440601552169964,15.526499999999999,0.5203847106481482,0.5315161111111111,28833,-193.36537197077922,-12.40009016842179,-65.5099346278944,115.44983299520177,-0.0055141792612629975,-96682.68598538962,-3.8643609313109843,-3.353195504643624,-0.21478959586119295,-1.3734297007796985,-1.4149753641947418,-1.4191733897482406,0.5590816078798598
SOLUSDT,2023-06-11,S1_D10_T2_k6,S1,0.6440601552169964,15.526499999999999,0.533047662037037,0.5452745717592593,29882,-201.09087839385586,-12.724052426496662,-68.70576111808859,119.64779647699096,-0.013268372279650829,-100545.43919692794,-5.152481241747973,-3.364749320558461,-0.21266690020467902,-1.3600893329049009,-1.3939798544606414,-1.4084198204633516,0.5552506525667626
SOLUSDT,2023-06-11,S1_D10_T5_k3,S1,0.6440601552169964,15.526499999999999,0.38997431712962966,0.39335188657407405,20679,-137.42295588946652,-8.46423855988149,-46.18748591118421,82.78449979068046,0.013268372279650987,-68711.47794473325,-3.864360931310996,-3.3227659918145593,-0.2044581733604489,-1.3985758943390445,-1.4366343166653868,-1.3445216695520292,0.5503651046955849
SOLUSDT,2023-06-11,S1_D10_T5_k6,S1,0.6440601552169964,15.526499999999999,0.405656087962963,0.4115109606481481,21831,-145.91368277291096,-8.828776607735206,-49.68215631339976,87.40050983801888,-0.00224001375712497,-72956.84138645548,-3.8643609313110097,-3.3418918687396584,-0.20197890704262034,-1.3775609353177363,-1.395636330466685,-1.342855614924226,0.5455544867390408
SOLUSDT,2023-06-12,S0,S0,0.6577000230191363,15.2045,0.8079665740740741,0.8215179050925926,46963,-310.4204532078333,-22.687362294058314,-99.81781709362305,187.9150080568253,-0.00026576332664670146,-155210.22660391664,-3.9462001381170335,-3.304947013689855,-0.24164957248920338,-1.325867944038633,-1.3280434982797449,-1.3708770719413346,0.5634648553116283
SOLUSDT,2023-06-12,S1_D2_T2_k3,S1,0.6577000230191363,15.2045,0.5120098611111111,0.5076739930555556,26361,-173.91406901648872,-13.470354171462994,-54.95609852346303,105.50582182906378,0.018205507501068786,-86957.03450824435,-3.946200138117006,-3.2987001444650947,-0.255506642782406,-1.3762337978972305,-1.3492563198358694,-1.4407185833097866,0.5973597359735974
SOLUSDT,2023-06-12,S1_D2_T2_k6,S1,0.6577000230191363,15.2045,0.5240511111111111,0.5184352893518519,27295,-178.9013546227237,-13.839981584400036,-55.83347035417094,109.24610819165379,0.018205507501068825,-89450.67731136184,-3.946200138117012,-3.2771818029441966,-0.25353891689478064,-1.3736133855082648,-1.3328190959814832,-1.4083372669146828,0.5935519325883861
SOLUSDT,2023-06-12,S1_D2_T5_k3,S1,0.6577000230191363,15.2045,0.3643121064814815,0.36504163194444444,18366,-126.2397911934955,-9.13545331974117,-43.61208852642294,73.51250721825777,0.020257870926370453,-63119.89559674775,-2.630800092077986,-3.4367796796661088,-0.24860364146957575,-1.3675469854519429,-1.360025984426479,-1.530578983061018,0.5864641184797996
SOLUSDT,2023-06-12,S1_D2_T5_k6,S1,0.6577000230191363,15.2045,0.3778782638888889,0.37668396990740743,19296,-133.4882823296131,-9.610312736361319,-46.65460883291109,77.23746154099116,0.014100780650465258,-66744.14116480656,-5.2616001841560225,-3.458962539635497,-0.24896670871363044,-1.3730596277646758,-1.3359326854103395,-1.5028062961810875,0.5843179933665008
SOLUSDT,2023-06-12,S1_D5_T2_k3,S1,0.6577000230191363,15.2045,0.512094224537037,0.5077498032407407,26379,-174.0612983236017,-13.496662172383772,-55.004768325166474,105.57807333355255,0.01820550750106873,-87030.64916180086,-3.9462001381170086,-3.299239893923229,-0.255837015689162,-1.374509408980745,-1.3357231127552494,-1.4426138188437476,0.597520755146139
SOLUSDT,2023-06-12,S1_D5_T2_k6,S1,0.6577000230191363,15.2045,0.524212037037037,0.5185125,27321,-179.10771300346624,-13.876812785689136,-55.89924035647288,109.3498653688053,0.018205507501068842,-89553.85650173313,-3.946200138117037,-3.2778396289203586,-0.25397365509120395,-1.372453171271016,-1.3199120306685912,-1.4124659733552536,0.5936093115186121
SOLUSDT,2023-06-12,S1_D5_T5_k3,S1,0.6577000230191363,15.2045,0.36432100694444447,0.3651051736111111,18378,-125.87044027764821,-9.19201552172083,-43.13854450984891,73.56013811700484,0.020257870926370443,-62935.22013882411,-2.6308000920779753,-3.4244868940485427,-0.250000268327277,-1.366130163352809,-1.3392500976600923,-1.5000197775276929,0.5862444226792904
SOLUSDT,2023-06-12,S1_D5_T5_k6,S1,0.6577000230191363,15.2045,0.3778287152777778,0.3767388425925926,19308,-133.62618965967985,-9.649117037719446,-46.70656713472965,77.28460626788122,0.014100780650465267,-66813.09482983993,-5.261600184156029,-3.4603840288916476,-0.2498283528017524,-1.3701490192612062,-1.3216490056682462,-1.5009096732432794,0.584213797389683
SOLUSDT,2023-06-12,S1_D10_T2_k3,S1,0.6577000230191363,15.2045,0.5120953819444445,0.5077536111111111,26383,-174.05772385551666,-13.495346772337736,-54.98635272452192,105.59422986615806,0.01820550750106872,-87028.86192775832,-3.9462001381170158,-3.298671945107013,-0.2557716674074133,-1.3745375218226106,-1.3348857964178356,-1.4421834637625481,0.5975059697532502
SOLUSDT,2023-06-12,S1_D10_T2_k6,S1,0.6577000230191363,15.2045,0.5242108796296296,0.518516400462963,27327,-179.11102149766202,-13.876155085666117,-55.878851655759284,109.3742202637377,0.01820550750106882,-89555.510748831,-3.946200138117044,-3.2771804716518833,-0.253903992531414,-1.372321446311826,-1.3189858666770276,-1.4119513988000874,0.5936253522157573
SOLUSDT,2023-06-12,S1_D10_T5_k3,S1,0.6577000230191363,15.2045,0.36431984953703705,0.36510447916666666,18378,-125.857291538788,-9.189384721628752,-43.1280213094806,73.56014337860502,0.020257870926370436,-62928.645769394,-2.6308000920779753,-3.4241291636409836,-0.24992840030740338,-1.3662550431149116,-1.3380651459928607,-1.4997505030021825,0.5862988355642617
SOLUSDT,2023-06-12,S1_D10_T5_k6,S1,0.6577000230191363,15.2045,0.37782755787037037,0.37673825231481484,19308,-133.59857441419334,-9.647801637673407,-46.68025913380887,77.28461442336152,0.014100780650465265,-66799.28720709667,-5.261600184156029,-3.4596689044487605,-0.2497941156476556,-1.3702335120002376,-1.3200428105747828,-1.500294583695733,0.5842655893929978
SOLUSDT,2023-06-13,S0,S0,0.6569654764638477,15.221499999999999,0.8191563888888889,0.8184676388888888,44968,-294.6163586718589,-20.571559964524056,-94.05709029990457,179.9872412048747,-0.00046720255559570877,-147308.17933592945,2.6278619058568773,-3.27584458583725,-0.22846944558295015,-1.2416924407169587,-1.2543610611088252,-1.2448947639785921,0.5514588151574453
SOLUSDT,2023-06-13,S1_D2_T2_k3,S1,0.6569654764638477,15.221499999999999,0.5387291203703704,0.5336229282407408,25473,-166.21761984714382,-12.465919915908763,-51.87924974542551,101.87268245573696,0.00023226992740531965,-83108.80992357191,6.56965476464213,-3.26262355920276,-0.24478772713647695,-1.2668585810269468,-1.2801195684746967,-1.2959395057132044,0.5802221960507203
SOLUSDT,2023-06-13,S1_D2_T2_k6,S1,0.6569654764638477,15.221499999999999,0.5502351041666667,0.5439096180555556,26388,-171.1225579938442,-12.866668856551847,-52.71950858982332,105.53661281739646,0.00023226992740531997,-85561.2789969221,5.255723811713733,-3.242431370203202,-0.24389320416413432,-1.2690075940147985,-1.2791227368560691,-1.2708255931259855,0.5778763074124602
SOLUSDT,2023-06-13,S1_D2_T5_k3,S1,0.6569654764638477,15.221499999999999,0.4020548842592593,0.4002002546296296,18259,-119.327616628013,-8.872318759649477,-37.46017146798904,72.9953586703019,0.00023226992740531173,-59663.80831400651,3.9417928587852664,-3.2676383325486884,-0.24311089994712784,-1.3037550740736665,-1.3364703246088048,-1.46710622834888,0.5656936305383646
SOLUSDT,2023-06-13,S1_D2_T5_k6,S1,0.6569654764638477,15.221499999999999,0.4147835763888889,0.41198899305555553,19265,-126.52810296887957,-9.213940807410822,-40.283809085832296,77.03040409946459,0.00005102382813782793,-63264.051484439784,3.9417928587852513,-3.2838853612478474,-0.23931328737189578,-1.2924462917846504,-1.3188125675219453,-1.4685945646252976,0.5661562418894368
SOLUSDT,2023-06-13,S1_D5_T2_k3,S1,0.6569654764638477,15.221499999999999,0.5386825,0.5337265509259259,25477,-166.24725056684952,-12.477745294485121,-51.880563676378436,101.88917386591336,0.00023226992740532008,-83123.62528342476,6.569654764642139,-3.2626928321005124,-0.24496129258596083,-1.2703063479546912,-1.2853011036710869,-1.2887765461668128,0.5799740942811163
SOLUSDT,2023-06-13,S1_D5_T2_k6,S1,0.6569654764638477,15.221499999999999,0.5501897916666667,0.544194212962963,26390,-171.06552025117762,-12.860756167263673,-52.659724731465076,105.54527162237626,0.00023226992740532366,-85532.7601255888,5.255723811713757,-3.24110496876047,-0.24375884968395506,-1.271876398881356,-1.2806768917668667,-1.2700989451439595,0.5777567260325881
SOLUSDT,2023-06-13,S1_D5_T5_k3,S1,0.6569654764638477,15.221499999999999,0.40226694444444444,0.4003026736111111,18293,-120.64942485979041,-8.874946621555324,-38.64533718753049,73.12937332063201,0.00023226992740531076,-60324.71242989521,3.9417928587852566,-3.2976937861419784,-0.24266685154578613,-1.3070214309983088,-1.3453280820572875,-1.4629210620744024,0.5654075329360958
SOLUSDT,2023-06-13,S1_D5_T5_k6,S1,0.6569654764638477,15.221499999999999,0.4149891435185185,0.41257342592592594,19259,-127.46045891277471,-9.234963702657671,-41.22195578622319,77.00359044772199,0.00005102382813783064,-63730.22945638736,3.9417928587852575,-3.309114152156776,-0.23987023377882136,-1.289522648885072,-1.318875214912522,-1.4653853080521415,0.5659691572771172
SOLUSDT,2023-06-13,S1_D10_T2_k3,S1,0.6569654764638477,15.221499999999999,0.5386864699074074,0.5337326273148149,25487,-166.88147216130474,-12.505337844496612,-52.44555398613767,101.93081260059786,0.0002322699274053191,-83440.73608065236,6.569654764642143,-3.2738547526445783,-0.24538465683862898,-1.272465815008818,-1.294743119969622,-1.2937369479153211,0.5800996586495076
SOLUSDT,2023-06-13,S1_D10_T2_k6,S1,0.6569654764638477,15.221499999999999,0.5501769328703704,0.5442105787037037,26400,-171.5236362055842,-12.894918372039811,-53.04207863876725,105.58687146470454,0.00023226992740532399,-85761.81810279211,5.25572381171373,-3.2485537160148525,-0.2442909944145496,-1.2738092264440255,-1.2883243291292668,-1.2744146096502278,0.5779545454545455
SOLUSDT,2023-06-13,S1_D10_T5_k3,S1,0.6569654764638477,15.221499999999999,0.4022819907407407,0.4003127546296296,18297,-120.9342619652005,-8.884144138225825,-38.904181585257376,73.14616851164472,0.00023226992740531065,-60467.130982600254,3.9417928587852584,-3.3047565711646856,-0.24285513817084556,-1.3114259224284508,-1.3611301140719259,-1.4641578024121293,0.5654478876318522
SOLUSDT,2023-06-13,S1_D10_T5_k6,S1,0.6569654764638477,15.221499999999999,0.4150111342592593,0.41259387731481484,19271,-127.55399844567226,-9.22773708241656,-41.272542127910945,77.0537702591729,0.00005102382813782869,-63776.99922283613,3.941792858785261,-3.309480526326404,-0.23954379573706033,-1.2932471850228853,-1.328014539667226,-1.4577471995262081,0.5662394271184682
SOLUSDT,2023-06-14,S0,S0,0.6624929610119221,15.0945,0.8360510416666667,0.8439137847222222,38935,-243.88224919784676,-18.30998045645746,-71.55387724005435,154.01397568650836,-0.004415814826592487,-121941.12459892339,-1.324985922024572,-3.1319153614722843,-0.23817563845630912,-1.2074869550327179,-1.2947755137495687,-1.0657106083673376,0.5722100937459869
SOLUSDT,2023-06-14,S1_D2_T2_k3,S1,0.6624929610119221,15.0945,0.5673821643518518,0.5733083680555555,22246,-141.14163989154324,-11.35115439398448,-41.65490741660874,88.1280834741131,-0.007494606836927357,-70570.81994577163,-8.881784197001252e-15,-3.172292544537068,-0.25815334090427267,-1.2526045224793687,-1.2969742139878693,-1.1992376740056556,0.5979501932931763
SOLUSDT,2023-06-14,S1_D2_T2_k6,S1,0.6624929610119221,15.0945,0.5729001388888889,0.5814388773148148,22712,-144.12361557805153,-11.531352479379843,-42.62479711153067,89.9599713803041,-0.007494606836927375,-72061.80778902576,-1.0658141036401503e-14,-3.1728516990589006,-0.2568650411061829,-1.24396665777918,-1.2508604963612724,-1.2322553874620013,0.5967330045790772
SOLUSDT,2023-06-14,S1_D2_T5_k3,S1,0.6624929610119221,15.0945,0.42607854166666664,0.4335384490740741,15950,-99.5707518334095,-7.949253039186464,-28.379210970883403,63.234023518500116,-0.008264304839511093,-49785.375916704754,5.299943688098334,-3.1213401828655014,-0.2518860568946502,-1.241166827035425,-1.3460477615039634,-1.1751598448914056,0.5890282131661442
SOLUSDT,2023-06-14,S1_D2_T5_k6,S1,0.6624929610119221,15.0945,0.43262650462962965,0.44134953703703705,16482,-101.99065815690476,-8.19636291364408,-28.467322534697942,65.31870840372322,-0.008264304839511065,-50995.32907845238,5.2999436880983035,-3.094001278877101,-0.25146812792303164,-1.2269129528237444,-1.2050551125448912,-1.1997353091571137,0.5887634995752943
SOLUSDT,2023-06-14,S1_D5_T2_k3,S1,0.6624929610119221,15.0945,0.5675189930555555,0.5732611574074075,22246,-139.91188229771768,-11.416078704163672,-40.36039617079072,88.12791281592635,-0.007494606836927351,-69955.94114885884,-7.549516567451064e-15,-3.1446525734450614,-0.259653883792324,-1.2503122780785696,-1.2793041573775816,-1.139806948593685,0.5975456261799874
SOLUSDT,2023-06-14,S1_D5_T2_k6,S1,0.6624929610119221,15.0945,0.5730484953703704,0.581377511574074,22740,-142.89178411626082,-11.538639901950972,-41.27927390771471,90.06637569975821,-0.007494606836927374,-71445.89205813041,-2.708944180085382e-14,-3.141859809064662,-0.2567080341445897,-1.249586353216637,-1.2372461913843522,-1.1835346287767134,0.5964819700967459
SOLUSDT,2023-06-14,S1_D5_T5_k3,S1,0.6624929610119221,15.0945,0.426275474537037,0.43363277777777776,15962,-100.82513879554804,-7.987677630925159,-29.54917354003112,63.28002331975224,-0.008264304839511091,-50412.56939777402,5.299943688098346,-3.1582865178407484,-0.2529461639701101,-1.243437849496786,-1.33850223677488,-1.2114311846038186,0.5885227415110889
SOLUSDT,2023-06-14,S1_D5_T5_k6,S1,0.6624929610119221,15.0945,0.43281328703703703,0.4418724421296296,16506,-103.69954576497389,-8.21690019543545,-30.064593063698567,65.40978820100035,-0.008264304839511067,-51849.77288248694,5.299943688098304,-3.1412681983816153,-0.2517657144984375,-1.2202281413024463,-1.1961288480871404,-1.2398143175888428,0.5885738519326306
SOLUSDT,2023-06-14,S1_D10_T2_k3,S1,0.6624929610119221,15.0945,0.5675210763888889,0.5732335532407408,22250,-139.89876122712903,-11.416078704163667,-40.33124648050619,88.14394143562225,-0.007494606836927354,-69949.38061356451,-2.220446049250313e-15,-3.1437923871264952,-0.25961009335909335,-1.251044387061356,-1.2780347966589867,-1.140462449337576,0.597438202247191
SOLUSDT,2023-06-14,S1_D10_T2_k6,S1,0.6624929610119221,15.0945,0.5730509837962963,0.5812721180555556,22744,-142.83360663439655,-11.545264831561092,-41.198449766471214,90.08239742952732,-0.007494606836927369,-71416.80331719828,-3.108624468950438e-14,-3.1400282851388615,-0.2568111394400654,-1.2500698706004745,-1.2333500104322208,-1.1834680021130006,0.5964210341188885
SOLUSDT,2023-06-14,S1_D10_T5_k3,S1,0.6624929610119221,15.0945,0.4262811689814815,0.4335952430555556,15962,-101.1895520586571,-8.015502335287668,-29.885719964225366,63.28006545430455,-0.008264304839511091,-50594.77602932855,5.299943688098339,-3.169701542997654,-0.25383346275676916,-1.2482900266027481,-1.3469385841312151,-1.2268284390564295,0.5885853903019672
SOLUSDT,2023-06-14,S1_D10_T5_k6,S1,0.6624929610119221,15.0945,0.43281570601851854,0.44185101851851855,16500,-104.02458521642973,-8.236774984265814,-30.39318957236067,65.38635635496374,-0.008264304839511067,-52012.29260821487,5.299943688098302,-3.152260158073628,-0.2524799069107729,-1.222749725174768,-1.205661116171407,-1.2527388852140156,0.5887272727272728
SOLUSDT,2023-06-15,S0,S0,0.6810365376098654,14.683499999999999,0.8062851041666667,0.8309946759259259,46127,-286.1069412028466,-26.74839105117976,-75.22661490788974,184.1405392447305,0.008604000953451154,-143053.4706014233,-4.086219225661482,-3.1012957834115227,-0.2908995603034994,-1.1894098246716551,-1.2196689112902552,-1.1435926930245672,0.5542740694170443
SOLUSDT,2023-06-15,S1_D2_T2_k3,S1,0.6810365376098654,14.683499999999999,0.515355613425926,0.531783738425926,26132,-166.22337232512666,-15.858616814791908,-46.01355262709844,104.3561044710049,0.0049015877685837685,-83111.68616256333,-5.448292300881959,-3.180456381546125,-0.3043118121038162,-1.2337358172435675,-1.2341225478388735,-1.2597374453323125,0.5865605388030002
SOLUSDT,2023-06-15,S1_D2_T2_k6,S1,0.6810365376098654,14.683499999999999,0.5237759259259259,0.5405215972222223,26894,-170.7092684670547,-16.294480198862473,-47.01603841046073,107.40365144550007,0.004901587768583791,-85354.63423352734,-5.448292300881923,-3.1737426278548133,-0.30378828505320166,-1.230923273274055,-1.236881283133818,-1.263627614670687,0.5858927641853201
SOLUSDT,2023-06-15,S1_D2_T5_k3,S1,0.6810365376098654,14.683499999999999,0.3824079398148148,0.3898008796296296,18538,-116.20931871719948,-10.901351857526919,-31.261620185923107,74.04067313651377,-0.0056735372356726795,-58104.65935859974,2.7241461504409745,-3.134354264677945,-0.29488325458821757,-1.2146607739349051,-1.2566954361794236,-1.2716273548454153,0.5749811198619053
SOLUSDT,2023-06-15,S1_D2_T5_k6,S1,0.6810365376098654,14.683499999999999,0.39292065972222223,0.4003244444444444,19280,-122.16120017489003,-11.359689447338589,-33.79575714237079,77.00229100691253,-0.003462578268124023,-61080.60008744501,2.7241461504409714,-3.1680809173986004,-0.295442311593331,-1.2254130987037033,-1.267458430646231,-1.288897235896465,0.5744294605809128
SOLUSDT,2023-06-15,S1_D5_T2_k3,S1,0.6810365376098654,14.683499999999999,0.5157105324074074,0.5318790972222223,26156,-166.37074427323168,-15.904246262811807,-46.01968195593693,104.45171764225152,0.004901587768583784,-83185.37213661584,-5.448292300882002,-3.18035525831992,-0.3049076991649294,-1.2351063321076916,-1.2365094986393468,-1.2651669770464655,0.5870545955038997
SOLUSDT,2023-06-15,S1_D5_T2_k6,S1,0.6810365376098654,14.683499999999999,0.5243245023148149,0.5407001620370371,26926,-170.71551847556765,-16.314230258453193,-46.87506384717538,107.53112595770764,0.004901587768583807,-85357.75923778383,-5.4482923008819455,-3.170086876542517,-0.3037916649055969,-1.2322748146582463,-1.234481744685421,-1.2592783681233208,0.5863477679566218
SOLUSDT,2023-06-15,S1_D5_T5_k3,S1,0.6810365376098654,14.683499999999999,0.3820009375,0.38951528935185187,18534,-116.44151443674862,-10.902713930602129,-31.501345047161905,74.02514904484626,-0.01230641413831854,-58220.7572183743,2.7241461504410154,-3.141294767366694,-0.29497250501686106,-1.2190976398518627,-1.2758114473902442,-1.2760784664934683,0.5752670767238589
SOLUSDT,2023-06-15,S1_D5_T5_k6,S1,0.6810365376098654,14.683499999999999,0.3928216435185185,0.4000191550925926,19286,-122.09990569223945,-11.393741274219092,-33.66772227330007,77.02613573058196,-0.01230641413831852,-61049.95284611972,2.7241461504409825,-3.165506214151183,-0.2962280862532478,-1.23001850953772,-1.2749522218473517,-1.2801137140293417,0.5745100072591517
SOLUSDT,2023-06-15,S1_D10_T2_k3,S1,0.6810365376098654,14.683499999999999,0.5156903356481481,0.5318708101851852,26152,-166.29457006408535,-15.900841080123755,-45.963155923315284,104.43547464841491,0.004901587768583781,-83147.28503204268,-5.4482923008820086,-3.1793853254834303,-0.30488999105668635,-1.2339670719706226,-1.2340595978744981,-1.2637252388477644,0.5869914346895075
SOLUSDT,2023-06-15,S1_D10_T2_k6,S1,0.6810365376098654,14.683499999999999,0.5243043055555555,0.540691875,26922,-170.63934426642135,-16.310825075765145,-46.81853781455374,107.51488296387103,0.0049015877685837875,-85319.67213321067,-5.448292300881946,-3.1691431592456234,-0.30377429745207163,-1.2311677179650427,-1.2321016126068927,-1.2578769903724805,0.5862863085952009
SOLUSDT,2023-06-15,S1_D10_T5_k3,S1,0.6810365376098654,14.683499999999999,0.3820009375,0.3895164467592593,18534,-116.44151443674862,-10.902713930602129,-31.501345047161905,74.02514904484626,-0.01230641413831854,-58220.7572183743,2.7241461504410154,-3.141294767366694,-0.29497250501686106,-1.2190976398518627,-1.2758114473902442,-1.2760784664934683,0.5752670767238589
SOLUSDT,2023-06-15,S1_D10_T5_k6,S1,0.6810365376098654,14.683499999999999,0.3928216435185185,0.4000203125,19286,-122.09990569223945,-11.393741274219092,-33.66772227330007,77.02613573058196,-0.01230641413831852,-61049.95284611972,2.7241461504409825,-3.165506214151183,-0.2962280862532478,-1.23001850953772,-1.2749522218473517,-1.2801137140293417,0.5745100072591517
SOLUSDT,2023-06-16,S0,S0,0.6728795881973191,14.8615,0.843902511574074,0.8558616782407408,32946,-203.7200479359354,-16.35702990949766,-54.942637015106456,132.41829451939577,-0.002086491935538139,-101860.0239679677,-5.383036705581552,-3.0917265819209527,-0.24741433350462877,-1.0876935657073854,-1.0877433190367507,-1.0834801102275147,0.562131973532447
SOLUSDT,2023-06-16,S1_D2_T2_k3,S1,0.6728795881973191,14.8615,0.5696915509259259,0.5862450925925926,18755,-118.49674610682644,-9.974767015442392,-33.16421626349991,75.35637183326044,-0.0013909946236920956,-59248.37305341322,1.3457591763953838,-3.1590708106325365,-0.26503608164827047,-1.1420212631792748,-1.225398597771852,-1.1620953564424148,0.5888563049853373
SOLUSDT,2023-06-16,S1_D2_T2_k6,S1,0.6728795881973191,14.8615,0.5760400578703704,0.5930438541666667,19221,-122.07340041493804,-10.20287319584142,-34.635803922888286,77.23333230158464,-0.0013909946236920915,-61036.700207469024,-1.3457591763953607,-3.1755215757488693,-0.26449703063067453,-1.1363802185097736,-1.2198576651340756,-1.176445124166206,0.5880027053743302
SOLUSDT,2023-06-16,S1_D2_T5_k3,S1,0.6728795881973191,14.8615,0.4313256828703704,0.4403109143518519,13406,-84.15032320200531,-6.878848030145081,-23.422265585573516,53.84781859166302,-0.0013909946236920906,-42075.161601002656,2.6915183527907756,-3.1385321200210843,-0.2558274323898221,-1.115540829947587,-1.2162780796936516,-1.0803314017970438,0.5787706996867075
SOLUSDT,2023-06-16,S1_D2_T5_k6,S1,0.6728795881973191,14.8615,0.43834484953703706,0.4471340625,13872,-85.88872322892048,-7.083403424957218,-23.079096995592657,55.724831813746924,-0.0013909946236920865,-42944.361614460235,-9.769962616701378e-15,-3.0957584785510552,-0.2545893706200964,-1.1158722530667513,-1.2127379686350748,-0.9865558526812476,0.5785034602076125
SOLUSDT,2023-06-16,S1_D5_T2_k3,S1,0.6728795881973191,14.8615,0.5699506018518519,0.5862550115740741,18763,-118.25642958426816,-9.976785654207003,-32.89035427110343,75.38789866433403,-0.0013909946236920964,-59128.21479213408,1.345759176395374,-3.151319873801315,-0.26496292984951614,-1.138587148547724,-1.2098676984822214,-1.1600190142173052,0.588711826466983
SOLUSDT,2023-06-16,S1_D5_T2_k6,S1,0.6728795881973191,14.8615,0.5762902083333333,0.5930202083333334,19233,-121.90165328308727,-10.179322410254517,-34.43999596272275,77.28094391548632,-0.0013909946236920915,-60950.82664154363,-1.3457591763953527,-3.169075372617046,-0.2637092231148022,-1.1344606760498934,-1.207422313662324,-1.1734287298501185,0.5874278583684293
SOLUSDT,2023-06-16,S1_D5_T5_k3,S1,0.6728795881973191,14.8615,0.4313954398148148,0.44057074074074076,13426,-84.30831317609943,-6.89903441779102,-23.4801332301585,53.92775453352622,-0.0013909946236920908,-42154.156588049715,2.6915183527907773,-3.1397405472999935,-0.2562064048141835,-1.1163351114522917,-1.2133549748566252,-1.080116926565129,0.578951288544615
SOLUSDT,2023-06-16,S1_D5_T5_k6,S1,0.6728795881973191,14.8615,0.43837615740740743,0.44735533564814817,13882,-86.57956762551571,-7.10560845136775,-23.708239410557475,55.76432876896679,-0.0013909946236920847,-43289.78381275785,-7.549516567451064e-15,-3.118411166457128,-0.2552071103833999,-1.113867904799571,-1.2108092237471457,-1.0024959413352252,0.5791672669644143
SOLUSDT,2023-06-16,S1_D10_T2_k3,S1,0.6728795881973191,14.8615,0.5699540740740741,0.5862868402777778,18767,-118.35735587030926,-9.972748376677819,-32.97917437674553,75.40404212226223,-0.001390994623692095,-59178.677935154636,1.3457591763953687,-3.1533371308762526,-0.2647999364521383,-1.1381487337870215,-1.2120796448862834,-1.1628094202711945,0.5886396333990516
SOLUSDT,2023-06-16,S1_D10_T2_k6,S1,0.6728795881973191,14.8615,0.576294837962963,0.5930531944444445,19237,-122.05238261727293,-10.170574975607954,-34.58331931500885,77.29709733203242,-0.0013909946236920928,-61026.19130863646,-1.3457591763953562,-3.172334111796874,-0.26342926550286233,-1.1347273989674367,-1.2124762640890367,-1.177431236627202,0.5873057129490046
SOLUSDT,2023-06-16,S1_D10_T5_k3,S1,0.6728795881973191,14.8615,0.4314000694444444,0.44057516203703706,13430,-84.40520299206686,-6.904417454496603,-23.55549574403664,53.943898798909935,-0.0013909946236920906,-42202.60149603343,2.6915183527907756,-3.1424126207024146,-0.2563290564182902,-1.1160760859569003,-1.2184561012807018,-1.082972940154904,0.578927773641102
SOLUSDT,2023-06-16,S1_D10_T5_k6,S1,0.6728795881973191,14.8615,0.4383784722222222,0.4473504282407407,13886,-86.73029695970136,-7.106281330955953,-23.84214244860881,55.7804821855129,-0.0013909946236920845,-43365.14847985068,-1.199040866595169e-14,-3.1229402621237705,-0.2551581026497558,-1.1146753847837143,-1.218959638282682,-1.0076842190292479,0.5790724470689903
SOLUSDT,2023-06-17,S0,S0,0.6355057036622093,15.7355,0.878847037037037,0.8569323148148148,26823,-161.97334733839426,-10.883035175240884,-43.959200533824756,107.1401135013187,0.00900187199008612,-80986.67366919713,3.8130342219821305,-3.0192996185809613,-0.2029156918175141,-1.0616117614327358,-1.086141170740622,-1.109614762674543,0.5364053237892853
SOLUSDT,2023-06-17,S1_D2_T2_k3,S1,0.6355057036622093,15.7355,0.6143830902777778,0.6087830902777778,15953,-98.4770740303328,-7.314670649169337,-27.47608909789947,63.682774363699934,-0.0035399195640430803,-49238.537015166396,3.8130342219821296,-3.086475084007171,-0.22957158338733452,-1.1005426646821412,-1.164141798239563,-1.0794341991584862,0.5697987839277878
SOLUSDT,2023-06-17,S1_D2_T2_k6,S1,0.6355057036622093,15.7355,0.6208010763888889,0.6134203472222223,16289,-101.77291803455894,-7.397286390645659,-29.343204855263394,65.02994172412699,-0.002485064522894093,-50886.45901727947,3.8130342219821394,-3.123976856607494,-0.22735343466875493,-1.092919718073862,-1.1744754606647179,-1.110648075930455,0.568972926514826
SOLUSDT,2023-06-17,S1_D2_T5_k3,S1,0.6355057036622093,15.7355,0.46852909722222225,0.454099849537037,11603,-71.09778169622199,-5.060531918274119,-19.721012996091545,46.31182968447142,-0.004407097384894041,-35548.89084811099,3.8130342219821345,-3.06376720228484,-0.21849804017744773,-1.1004516538281257,-1.2151461085788506,-1.0907162340510579,0.5659743169869861
SOLUSDT,2023-06-17,S1_D2_T5_k6,S1,0.6355057036622093,15.7355,0.47724917824074076,0.458938900462963,11972,-75.79210574058033,-5.307108131295658,-22.689460137904646,47.79113037399512,-0.00440709738489402,-37896.052870290165,5.084045629309524,-3.1653903165962385,-0.22199867975652965,-1.1092041031092505,-1.206106893201688,-1.1634443807194703,0.5677413965920481
SOLUSDT,2023-06-17,S1_D5_T2_k3,S1,0.6355057036622093,15.7355,0.6144140509259259,0.6088037268518518,15951,-98.41937748430627,-7.312764132058333,-27.428426170124713,63.67464726255918,-0.003539919564043083,-49209.688742153136,3.8130342219821216,-3.08505352279814,-0.22954170138059302,-1.10103301676824,-1.1651074232313756,-1.0788936344968036,0.5698702275719391
SOLUSDT,2023-06-17,S1_D5_T2_k6,S1,0.6355057036622093,15.7355,0.6208611342592593,0.6134339699074074,16291,-101.81029670063246,-7.403005941978623,-29.366718566298964,65.03808712783197,-0.0024850645228940847,-50905.14835031623,3.8130342219821385,-3.1247405530855215,-0.2274988596612292,-1.0928953545003852,-1.1722818014299436,-1.1090142214549468,0.5690258424897182
SOLUSDT,2023-06-17,S1_D5_T5_k3,S1,0.6355057036622093,15.7355,0.4686618287037037,0.4541588310185185,11613,-71.08491651875701,-5.037018207238567,-19.691144228019347,46.3523469861142,-0.004407097384894037,-35542.4582593785,3.8130342219821434,-3.060575067543142,-0.21730195999494456,-1.0908750560900964,-1.201111311828417,-1.0894909480319144,0.5662619478171015
SOLUSDT,2023-06-17,S1_D5_T5_k6,S1,0.6355057036622093,15.7355,0.47726554398148147,0.45896168981481483,11978,-75.35238943032643,-5.281052397445444,-22.251596708080363,47.81533322741572,-0.004407097384894015,-37676.19471516321,5.08404562930953,-3.1454495504394067,-0.22080521582277604,-1.084246128711115,-1.15873830019927,-1.142309783003337,0.5678744364668559
SOLUSDT,2023-06-17,S1_D10_T2_k3,S1,0.6355057036622093,15.7355,0.6144140509259259,0.6088037268518518,15951,-98.41937748430627,-7.312764132058333,-27.428426170124713,63.67464726255918,-0.003539919564043083,-49209.688742153136,3.8130342219821216,-3.08505352279814,-0.22954170138059302,-1.10103301676824,-1.1651074232313756,-1.0788936344968036,0.5698702275719391
SOLUSDT,2023-06-17,S1_D10_T2_k6,S1,0.6355057036622093,15.7355,0.6208611342592593,0.6134339699074074,16291,-101.81029670063246,-7.403005941978623,-29.366718566298964,65.03808712783197,-0.0024850645228940847,-50905.14835031623,3.8130342219821385,-3.1247405530855215,-0.2274988596612292,-1.0928953545003852,-1.1722818014299436,-1.1090142214549468,0.5690258424897182
SOLUSDT,2023-06-17,S1_D10_T5_k3,S1,0.6355057036622093,15.7355,0.4686618287037037,0.4541534837962963,11613,-70.72529222972902,-5.04527978138621,-19.32318642559806,46.352418925359856,-0.004407097384894039,-35362.64611486451,3.8130342219821434,-3.0450913730185576,-0.21765581281882102,-1.0834306690541609,-1.1852389939051962,-1.0698232048427692,0.566520278997675
SOLUSDT,2023-06-17,S1_D10_T5_k6,S1,0.6355057036622093,15.7355,0.4772585185185185,0.45895375,11976,-75.70800316995975,-5.257538686409898,-22.638619681611544,47.80743770455341,-0.004407097384894014,-37854.00158497988,5.0840456293095215,-3.160821775632922,-0.21988652839663952,-1.0802060792600643,-1.163120636324843,-1.1618933989073414,0.5681362725450901
SOLUSDT,2023-06-18,S0,S0,0.6413751082316941,15.5915,0.9026677662037037,0.8748953240740741,20353,-124.23525370754597,-7.500881890774062,-35.28204470384498,81.44686014815765,-0.005466964769265297,-62117.626853772985,6.413751082320468,-3.0520133078058755,-0.18437660834666758,-1.0140828607180619,-1.0517627091789168,-1.1050001993455596,0.54660246646686
SOLUSDT,2023-06-18,S1_D2_T2_k3,S1,0.6413751082316941,15.5915,0.6315397685185186,0.6244952546296296,12584,-75.33488427974227,-5.53057755828497,-19.447134656704073,50.35940865215021,0.0022365873969791366,-37667.442139871135,0.0,-2.9932805260546043,-0.21985505091502666,-1.0758787080438466,-1.1016844519161446,-1.0876852533160402,0.5941671964399237
SOLUSDT,2023-06-18,S1_D2_T2_k6,S1,0.6413751082316941,15.5915,0.6374335185185185,0.6289990509259259,12810,-76.90208025190658,-5.680017958503061,-19.962158868614377,51.26214001218613,0.0022365873969791227,-38451.040125953296,-8.881784197001252e-16,-3.001642476655214,-0.22183305211036025,-1.0716332627406007,-1.1089254548755798,-1.1035714846143003,0.5939890710382514
SOLUSDT,2023-06-18,S1_D2_T5_k3,S1,0.6413751082316941,15.5915,0.47639216435185183,0.46642215277777777,9001,-54.43065057670527,-3.767437385755019,-14.634255844530717,36.02897809704006,0.000020750620530420196,-27215.325288352633,-3.8482506493922877,-3.023589077697215,-0.2093362216047031,-1.0683657688940813,-1.126408979759285,-1.0437463768666344,0.5883790689923342
SOLUSDT,2023-06-18,S1_D2_T5_k6,S1,0.6413751082316941,15.5915,0.4803728125,0.4743673611111111,9255,-56.75186944596094,-3.934194913895378,-15.774620786967276,37.04307449571882,0.00002075062053041083,-28375.93472298047,-3.8482506493923143,-3.066011315286923,-0.21265892587261356,-1.044594284815765,-1.142391594829752,-1.102506353802928,0.5885467314964884
SOLUSDT,2023-06-18,S1_D5_T2_k3,S1,0.6413751082316941,15.5915,0.6315443981481481,0.6244985648148148,12588,-75.24430492560701,-5.509412179713312,-19.361831767309212,50.37529756598146,0.0022365873969791353,-37622.152462803504,8.881784197001252e-15,-2.988731527073682,-0.21893170319741037,-1.069176678884997,-1.0963306677508782,-1.0844630679200447,0.5939783921194789
SOLUSDT,2023-06-18,S1_D5_T2_k6,S1,0.6413751082316941,15.5915,0.6374396064814815,0.6288008333333334,12810,-76.63134889187067,-5.6697559567713425,-19.70176057467217,51.26206894782413,0.002236587396979123,-38315.674445935336,-3.552713678800501e-15,-2.991075288519542,-0.22142578754370748,-1.0667654148867982,-1.0980524286637834,-1.0940788025619128,0.5938329430132708
SOLUSDT,2023-06-18,S1_D5_T5_k3,S1,0.6413751082316941,15.5915,0.47636221064814815,0.46662925925925924,9017,-54.32336622305103,-3.7603822595644623,-14.470705191931543,36.09229952217555,0.000020750620530424045,-27161.683111525515,-3.8482506493922974,-3.0122749375097606,-0.20857208506133193,-1.060437115888022,-1.1130468338687514,-1.0429368812050013,0.5883331484972829
SOLUSDT,2023-06-18,S1_D5_T5_k6,S1,0.6413751082316941,15.5915,0.48031837962962964,0.4745419907407407,9263,-56.624644227091686,-3.923291537055433,-15.626463136965665,37.07491030369111,0.000020750620530408774,-28312.322113545844,-3.848250649392325,-3.0564959638935383,-0.21188009322511303,-1.0390275895858117,-1.1295029113884376,-1.100723139753139,0.5887941271726223
SOLUSDT,2023-06-18,S1_D10_T2_k3,S1,0.6413751082316941,15.5915,0.6315443981481481,0.6244985648148148,12588,-75.24430492560701,-5.509412179713312,-19.361831767309212,50.37529756598146,0.0022365873969791353,-37622.152462803504,8.881784197001252e-15,-2.988731527073682,-0.21893170319741037,-1.069176678884997,-1.0963306677508782,-1.0844630679200447,0.5939783921194789
SOLUSDT,2023-06-18,S1_D10_T2_k6,S1,0.6413751082316941,15.5915,0.6374396064814815,0.6288031481481482,12810,-76.63134889187067,-5.6697559567713425,-19.70176057467217,51.26206894782413,0.002236587396979123,-38315.674445935336,-3.552713678800501e-15,-2.991075288519542,-0.22142578754370748,-1.0667654148867982,-1.0980524286637834,-1.0940788025619128,0.5938329430132708
SOLUSDT,2023-06-18,S1_D10_T5_k3,S1,0.6413751082316941,15.5915,0.47636221064814815,0.4666281597222222,9017,-54.281043932059134,-3.7539685084821413,-14.434788185870548,36.09230798832697,0.000020750620530424045,-27140.521966029566,-3.8482506493922974,-3.0099281319762192,-0.208213145257396,-1.0608668738999867,-1.109060112188375,-1.039777260601153,0.5884440501275369
SOLUSDT,2023-06-18,S1_D10_T5_k6,S1,0.6413751082316941,15.5915,0.48031837962962964,0.47454430555555555,9263,-56.60284183476253,-3.91046403489079,-15.617483885450415,37.07491466504185,0.000020750620530408774,-28301.420917381263,-3.848250649392325,-3.055319110156673,-0.2111789905916118,-1.0388171037241998,-1.129084019991947,-1.0987671644749901,0.5889020835582425
SOLUSDT,2023-06-19,S0,S0,0.6414985405893251,15.5885,0.8694320023148148,0.8925148611111111,22322,-133.11674683260102,-8.558873528562849,-34.9449915001443,89.61288180389388,-1.3673105474509836e-17,-66558.37341630051,-6.217248937900877e-15,-2.9817387965370714,-0.19085470537316027,-0.9476812531082636,-0.9917589766253897,-0.9762721935439966,0.5405877609533196
SOLUSDT,2023-06-19,S1_D2_T2_k3,S1,0.6414985405893251,15.5885,0.6142647337962963,0.6307320601851852,12904,-77.86926970054861,-5.522019437405689,-20.576707187991374,51.771904160118034,0.0013610849664816927,-38934.634850274306,-5.131988324726584,-3.0172531657063164,-0.21316662946202453,-1.006172130587757,-1.027033196810346,-1.1982563273651885,0.5804401735895847
SOLUSDT,2023-06-19,S1_D2_T2_k6,S1,0.6414985405893251,15.5885,0.618084837962963,0.6347122106481482,13148,-79.10291552920437,-5.609904737466604,-20.740289315842066,52.75408256086217,0.0013610849664817083,-39551.45776460218,-5.131988324726535,-3.0081729361577567,-0.21252854033248322,-1.0041193460859645,-1.0081367463568989,-1.2274020490310926,0.5793276543961059
SOLUSDT,2023-06-19,S1_D2_T5_k3,S1,0.6414985405893251,15.5885,0.46532131944444444,0.46999961805555557,9171,-53.33937159584319,-3.9484235173365825,-12.608012316771992,36.783304615582004,0.0003688538473874915,-26669.685797921593,-6.414985405908197,-2.9080455564193213,-0.2145911829641394,-1.0093922593462157,-1.0544813963903739,-1.1550436061012248,0.5771453494711591
SOLUSDT,2023-06-19,S1_D2_T5_k6,S1,0.6414985405893251,15.5885,0.4676579050925926,0.47616577546296296,9433,-54.959437926792255,-4.037591814478688,-13.084645732430966,37.837569233729994,0.00036885384738746547,-27479.718963396128,-6.414985405908212,-2.913147351149807,-0.21331695263930503,-0.9970583392619984,-1.032545882687298,-1.1794750472880384,0.5747906286441217
SOLUSDT,2023-06-19,S1_D5_T2_k3,S1,0.6414985405893251,15.5885,0.614246712962963,0.6302746527777778,12908,-77.73400177868314,-5.52907592135218,-20.41825704846545,51.78802989383199,0.0013610849664816944,-38867.000889341565,-5.131988324726575,-3.011078469890112,-0.21337456876841265,-1.0081017210827854,-1.0236577116360959,-1.1906895074686976,0.5804927176944531
SOLUSDT,2023-06-19,S1_D5_T2_k6,S1,0.6414985405893251,15.5885,0.618067974537037,0.634542962962963,13152,-78.93686183577651,-5.613112230169548,-20.554896237611317,52.770214452962115,0.0013610849664817083,-39468.430917888254,-5.131988324726555,-3.0009451731970995,-0.21258999191188452,-1.0063271902680542,-1.0055544671193013,-1.219529318048266,0.5793795620437956
SOLUSDT,2023-06-19,S1_D5_T5_k3,S1,0.6414985405893251,15.5885,0.4653819791666667,0.4699992361111111,9179,-53.707596376931825,-3.968309972094918,-12.924271097283262,36.815384161401035,0.0003688538473874915,-26853.798188465913,-6.414985405908202,-2.9255690367649976,-0.21548242096527298,-1.0086937123174764,-1.040123933438311,-1.1833100787120612,0.5772960017431092
SOLUSDT,2023-06-19,S1_D5_T5_k6,S1,0.6414985405893251,15.5885,0.46769056712962964,0.47614811342592595,9441,-54.86707163112558,-4.060044263399385,-12.937742566635658,37.869653654937935,0.00036885384738746547,-27433.53581556279,-6.414985405908204,-2.905787079288507,-0.2143198114002684,-0.9963105261525287,-1.0164098761343108,-1.1771255912319167,0.5753627793665925
SOLUSDT,2023-06-19,S1_D10_T2_k3,S1,0.6414985405893251,15.5885,0.614246712962963,0.6302746527777778,12908,-77.73400177868314,-5.52907592135218,-20.41825704846545,51.78802989383199,0.0013610849664816944,-38867.000889341565,-5.131988324726575,-3.011078469890112,-0.21337456876841265,-1.0081017210827854,-1.0236577116360959,-1.1906895074686976,0.5804927176944531
SOLUSDT,2023-06-19,S1_D10_T2_k6,S1,0.6414985405893251,15.5885,0.618067974537037,0.6345475925925926,13152,-78.93686183577651,-5.613112230169548,-20.554896237611317,52.770214452962115,0.0013610849664817083,-39468.430917888254,-5.131988324726555,-3.0009451731970995,-0.21258999191188452,-1.0063271902680542,-1.0055544671193013,-1.219529318048266,0.5793795620437956
SOLUSDT,2023-06-19,S1_D10_T5_k3,S1,0.6414985405893251,15.5885,0.4653819791666667,0.4699923611111111,9179,-53.67809334585122,-3.962536485229596,-12.900535651281404,36.81539006318761,0.0003688538473874915,-26839.046672925608,-6.414985405908202,-2.9239619427961223,-0.2151735996359735,-1.008213614974846,-1.0388893265066736,-1.1826584981551829,0.5774049460725569
SOLUSDT,2023-06-19,S1_D10_T5_k6,S1,0.6414985405893251,15.5885,0.46769056712962964,0.47614149305555553,9441,-54.82730667619086,-4.054270776534068,-12.903743143984345,37.86966160951984,0.00036885384738746547,-27413.653338095428,-6.414985405908204,-2.9036811077317477,-0.21401962332175262,-0.9956771811361244,-1.0155770284092311,-1.1770926149978946,0.5754687003495392
SOLUSDT,2023-06-20,S0,S0,0.6213109661371043,16.095,0.8445108449074074,0.8447812384259259,33605,-202.89811242920084,-13.48306927617143,-54.70643056850004,134.7081965827897,-0.0004160017396707063,-101449.05621460042,1.2426219322771468,-3.0188679129474902,-0.19991070195463398,-0.9507136468298987,-1.0298213179576052,-1.0716234323196128,0.5451569706888856
SOLUSDT,2023-06-20,S1_D2_T2_k3,S1,0.6213109661371043,16.095,0.5369283217592593,0.5429360416666666,18102,-109.35714688934398,-8.059645852748487,-28.756756756757017,72.54019360049706,-0.000550679341410375,-54678.573444671994,-1.7763568394002505e-14,-3.020581893971494,-0.22202697761435672,-0.9753755040645538,-0.9981514049221466,-1.011976758455585,0.5787758258755938
SOLUSDT,2023-06-20,S1_D2_T2_k6,S1,0.6213109661371043,16.095,0.5432406712962963,0.5476069907407407,18496,-112.1236803582474,-8.26281453867577,-29.739049394222135,74.12133308480895,-0.0004833405405405413,-56061.8401791237,-2.6645352591003757e-15,-3.031025096189646,-0.22277396369324762,-0.9746242947396968,-0.9900397624762267,-1.0472670482878141,0.5793685121107266
SOLUSDT,2023-06-20,S1_D2_T5_k3,S1,0.6213109661371043,16.095,0.38861072916666667,0.38689078703703705,12385,-74.09638397421516,-5.163715439577286,-19.294190742466384,49.63784057160609,-0.0006372205653929802,-37048.19198710758,1.2426219322771477,-2.9913760183373097,-0.20784213331364818,-0.9796871979425847,-1.01799510626362,-1.0838881714466428,0.5749697214372225
SOLUSDT,2023-06-20,S1_D2_T5_k6,S1,0.6213109661371043,16.095,0.39683570601851853,0.39254672453703704,12823,-77.63512072475886,-5.328362845604027,-20.913948431189628,51.39217222739982,-0.0006372205653929784,-38817.56036237943,1.2426219322770988,-3.02718243487323,-0.20713963004643926,-0.9596856925584468,-0.989768148934729,-1.1515954591381854,0.5731888013725337
SOLUSDT,2023-06-20,S1_D5_T2_k3,S1,0.6213109661371043,16.095,0.5369407870370371,0.5429449421296296,18108,-109.21875484212435,-8.067722895308295,-28.585896241068898,72.56458502640574,-0.0005506793414103753,-54609.37742106218,-2.7533531010703882e-14,-3.0157597427138385,-0.22217445344792,-0.973571368474092,-0.9935935034261999,-1.0026243841011522,0.5786944996686547
SOLUSDT,2023-06-20,S1_D5_T2_k6,S1,0.6213109661371043,16.095,0.543230011574074,0.547633900462963,18502,-111.992653082696,-8.266542404472613,-29.579993786890647,74.1456335507922,-0.0004833405405405414,-55996.326541348,4.440892098500626e-16,-3.026501272367744,-0.2228014555118351,-0.9730868184452147,-0.9857422190307342,-1.0388942111296462,0.5792887255431846
SOLUSDT,2023-06-20,S1_D5_T5_k3,S1,0.6213109661371043,16.095,0.38883667824074075,0.38693347222222224,12421,-74.68886089251279,-5.178005591798472,-19.726001863932694,49.78421621621623,-0.0006372205653929787,-37344.430446256396,1.2426219322771224,-3.006555868791273,-0.20779889774210675,-0.9757048730916786,-1.0078245506199512,-1.063427626604875,0.5749939618388213
SOLUSDT,2023-06-20,S1_D5_T5_k6,S1,0.6213109661371043,16.095,0.39694969907407407,0.3925782175925926,12849,-77.89372376918259,-5.320285803044232,-21.076110593351764,51.4966901522212,-0.0006372205653929785,-38946.86188459129,1.2426219322771157,-3.031120078184395,-0.2064098755156419,-0.9630711287946707,-0.998054534933127,-1.1173518936865452,0.5734298388979687
SOLUSDT,2023-06-20,S1_D10_T2_k3,S1,0.6213109661371043,16.095,0.5369234259259259,0.5429079282407407,18106,-109.20940908257168,-8.0677228953083,-28.584653619136613,72.55648188878536,-0.0005506793414103753,-54604.70454128584,-3.019806626980426e-14,-3.015834780806685,-0.22219899601505955,-0.9737297261180867,-0.9937032594988556,-1.0026334868521802,0.5787031923119408
SOLUSDT,2023-06-20,S1_D10_T2_k6,S1,0.6213109661371043,16.095,0.543212650462963,0.5475968865740741,18500,-111.98330732314332,-8.266542404472617,-29.578751164958362,74.1375304131718,-0.0004833405405405414,-55991.65366157166,-1.7763568394002505e-15,-3.026575873598468,-0.2228255431726327,-0.9732417511155991,-0.9858487888081782,-1.0389070410790606,0.5792972972972973
SOLUSDT,2023-06-20,S1_D10_T5_k3,S1,0.6213109661371043,16.095,0.38883667824074075,0.38693347222222224,12421,-74.68886089251279,-5.178005591798472,-19.726001863932694,49.78421621621623,-0.0006372205653929787,-37344.430446256396,1.2426219322771224,-3.006555868791273,-0.20779889774210675,-0.9757048730916786,-1.0078245506199512,-1.063427626604875,0.5749939618388213
SOLUSDT,2023-06-20,S1_D10_T5_k6,S1,0.6213109661371043,16.095,0.39694969907407407,0.3925782175925926,12849,-77.89372376918259,-5.320285803044232,-21.076110593351764,51.4966901522212,-0.0006372205653929785,-38946.86188459129,1.2426219322771157,-3.031120078184395,-0.2064098755156419,-0.9630711287946707,-0.998054534933127,-1.1173518936865452,0.5734298388979687
SOLUSDT,2023-06-21,S0,S0,0.5918385464431506,16.8965,0.8274050810185185,0.8349892824074074,40532,-251.7640792398704,-18.816322907109086,-70.67558370076652,162.2764484952505,0.004275863255703832,-125882.0396199352,4.734708371556229,-3.105744587484832,-0.23174524968681473,-1.0054911602420105,-1.0907261270697621,-1.162648077865054,0.5906197572288562
SOLUSDT,2023-06-21,S1_D2_T2_k3,S1,0.5918385464431506,16.8965,0.5315592939814815,0.5490597453703704,23069,-144.5896865672168,-10.963809072883901,-41.29375906252749,92.33853472612672,0.00641629432130914,-72294.8432836084,5.918385464445295,-3.1338524983141185,-0.2373367113885676,-1.0361539334995455,-1.1120990269418052,-1.1381759019839441,0.6086523039576921
SOLUSDT,2023-06-21,S1_D2_T2_k6,S1,0.5918385464431506,16.8965,0.5420107175925926,0.5572166898148149,23771,-149.3407163313395,-11.283993726510332,-42.91007013286754,95.15276441866659,0.0061119467049388955,-74670.35816566975,5.918385464445304,-3.1412375653388485,-0.23702994703669533,-1.0384615853253267,-1.1105227142077148,-1.1533772373928326,0.6090614614446174
SOLUSDT,2023-06-21,S1_D2_T5_k3,S1,0.5918385464431506,16.8965,0.38503895833333335,0.3942332986111111,16252,-100.5953564866385,-7.700411327789129,-27.8525138342259,65.04670718787916,0.004275863255703854,-50297.67824331925,4.734708371556262,-3.094860832101849,-0.23662995575005988,-1.0343586619190315,-1.1492183905867908,-1.1030869042739613,0.6013413733694315
SOLUSDT,2023-06-21,S1_D2_T5_k6,S1,0.5918385464431506,16.8965,0.39619028935185185,0.4046662384259259,16946,-104.90487218515585,-8.042494007634048,-29.036190927114912,67.83046311366259,0.004275863255703855,-52452.43609257793,4.7347083715562395,-3.0952694495797197,-0.2369804359841624,-1.0316026606839164,-1.1046125477460642,-1.1196108759492962,0.6036822849049923
SOLUSDT,2023-06-21,S1_D5_T2_k3,S1,0.5918385464431506,16.8965,0.531595625,0.5491290740740741,23081,-144.6589278893841,-10.986890776195231,-41.29198354688815,92.38646986062203,0.006416294321309142,-72329.46394469205,5.91838546444531,-3.1337231465141047,-0.23770786326647225,-1.0343981452979936,-1.1062501543628056,-1.1411340723446224,0.6088990944933061
SOLUSDT,2023-06-21,S1_D5_T2_k6,S1,0.5918385464431506,16.8965,0.5420969212962963,0.5572772685185186,23785,-149.39534847409095,-11.3076672683681,-42.88521291391686,95.20858023851093,0.0061119467049388955,-74697.67423704547,5.918385464445308,-3.140537071139183,-0.23738451664758548,-1.038014307297538,-1.1074730694528636,-1.1546459593470162,0.609291570317427
SOLUSDT,2023-06-21,S1_D5_T5_k3,S1,0.5918385464431506,16.8965,0.38497766203703704,0.39432412037037035,16262,-100.96210936445338,-7.6944929423246675,-28.185127097327722,65.0867651880567,0.004275863255703846,-50481.05468222669,4.734708371556266,-3.1042340845053924,-0.23629587129509033,-1.039381949121494,-1.160151862605776,-1.1118949199971206,0.6014020415693027
SOLUSDT,2023-06-21,S1_D5_T5_k6,S1,0.5918385464431506,16.8965,0.39622969907407407,0.4046866435185185,16948,-105.07762062418169,-8.023555174147798,-29.219660876512734,67.83868043677685,0.004275863255703855,-52538.81031209085,4.734708371556235,-3.1000006084547347,-0.23638789890081674,-1.0346802172396383,-1.107834788519628,-1.1216757091659308,0.603788057587916
SOLUSDT,2023-06-21,S1_D10_T2_k3,S1,0.5918385464431506,16.8965,0.5315798032407407,0.5491290740740741,23081,-144.66011180321243,-10.988074453288117,-41.29198354688815,92.38647009735745,0.006416294321309142,-72330.05590160622,5.918385464445314,-3.1337487934494264,-0.23773325114514232,-1.0342711955273882,-1.1064785099365593,-1.1413370522633643,0.6088990944933061
SOLUSDT,2023-06-21,S1_D10_T2_k6,S1,0.5918385464431506,16.8965,0.5420810995370371,0.5572772685185186,23785,-149.39653238791925,-11.308850945460986,-42.88521291391686,95.20858047524635,0.0061119467049388955,-74698.26619395963,5.918385464445308,-3.140561958964037,-0.23740915308347296,-1.0378911150479966,-1.1076946660472637,-1.1548429313673858,0.609291570317427
SOLUSDT,2023-06-21,S1_D10_T5_k3,S1,0.5918385464431506,16.8965,0.3849680439814815,0.3942793634259259,16254,-100.73225892205406,-7.66845204628111,-28.013493918858806,65.05458882016984,0.0042758632557038465,-50366.12946102703,4.734708371556265,-3.098691365880831,-0.23561679609636405,-1.0377267575199836,-1.1490936815750656,-1.1109487781677483,0.6011443337024732
SOLUSDT,2023-06-21,S1_D10_T5_k6,S1,0.5918385464431506,16.8965,0.39622872685185184,0.40469640046296296,16952,-105.0665648433987,-8.031840913798016,-29.184150563726078,67.8548492291303,0.004275863255703855,-52533.28242169935,4.734708371556252,-3.0989430404494662,-0.23657391477579426,-1.0343668398047863,-1.108212392844702,-1.1228065210242997,0.6038815478999529
SOLUSDT,2023-06-22,S0,S0,0.5868372406899266,17.0405,0.8443666550925926,0.8402880324074075,33609,-212.9745049490554,-17.354537718962142,-60.49587746838438,135.1238764120771,-0.00021334963175963272,-106487.2524745277,3.521023444147727,-3.1684147839723793,-0.25676529578887336,-1.081541103635673,-1.1274514055447287,-1.1266340122181437,0.5870748906542891
SOLUSDT,2023-06-22,S1_D2_T2_k3,S1,0.5868372406899266,17.0405,0.5657166203703704,0.5660870023148148,20033,-131.12329656798147,-11.216807018572469,-39.370323640738484,80.53621079193685,0.00004488326633607918,-65561.64828399074,-1.1736744813826019,-3.272682488094181,-0.278393359870333,-1.1361602525579684,-1.2042667852133508,-1.2541224920828626,0.6239704487595468
SOLUSDT,2023-06-22,S1_D2_T2_k6,S1,0.5868372406899266,17.0405,0.5743174652777778,0.5732626273148148,20583,-132.8261081052016,-11.47442856723594,-38.60098001819217,82.7507444030398,0.000044883266336085467,-66413.0540526008,-1.1736744813825797,-3.226597388748035,-0.277153084336537,-1.1264141261034988,-1.1962881836684223,-1.2473872873225011,0.6217266676383423
SOLUSDT,2023-06-22,S1_D2_T5_k3,S1,0.5868372406899266,17.0405,0.4171634722222222,0.41752216435185185,14319,-94.59124854018326,-7.730406971625586,-29.299609753235355,57.56153493148674,0.0003031161644317924,-47295.62427009163,3.521023444147751,-3.3029977142322533,-0.2684062078168439,-1.1220622337285182,-1.1993388675364078,-1.2616717924069747,0.6158949647321741
SOLUSDT,2023-06-22,S1_D2_T5_k6,S1,0.5868372406899266,17.0405,0.4263910763888889,0.4245816666666667,14869,-99.56389887321329,-8.099527596020328,-31.693318858015125,59.771355535342266,0.0003031161644317963,-49781.94943660664,3.5210234441477626,-3.348036144771447,-0.27087524280864306,-1.1236287569803394,-1.196757305564234,-1.3359762584508938,0.6145672203914184
SOLUSDT,2023-06-22,S1_D5_T2_k3,S1,0.5868372406899266,17.0405,0.5657532175925926,0.5661050462962963,20047,-130.89970289408691,-11.203309762036579,-39.105660045186696,80.59077797012998,0.000044883266336080696,-65449.85144704346,-1.1736744813826032,-3.2648202447769465,-0.27786056547060184,-1.1334006383324113,-1.1989236558121417,-1.2479153613135532,0.6240834040005986
SOLUSDT,2023-06-22,S1_D5_T2_k6,S1,0.5868372406899266,17.0405,0.574338587962963,0.5732959375,20597,-132.68827506039656,-11.473254892754568,-38.4096710777268,82.80539397318152,0.00004488326633608937,-66344.13753019828,-1.1736744813825624,-3.221058286653313,-0.2769347773574255,-1.1244471770251432,-1.1921797150164615,-1.2420655200474733,0.6218866825265815
SOLUSDT,2023-06-22,S1_D5_T5_k3,S1,0.5868372406899266,17.0405,0.41694590277777777,0.4176011226851852,14343,-95.2635846805547,-7.705172970275855,-29.902291599425304,57.65642322701798,0.00030311616443179194,-47631.79234027735,3.5210234441477724,-3.3209086202522036,-0.26705275479084417,-1.1146086429310615,-1.195124495733827,-1.3425793352194466,0.6162588022031653
SOLUSDT,2023-06-22,S1_D5_T5_k6,S1,0.5868372406899266,17.0405,0.42623342592592595,0.42459559027777777,14887,-98.40914731075917,-8.118306387722473,-30.449223907749598,59.84192013145154,0.0003031161644317939,-49204.57365537958,3.521023444147744,-3.3052041146892983,-0.27118146736844634,-1.1240715787343516,-1.157636993505083,-1.3157703874221052,0.6151675958890307
SOLUSDT,2023-06-22,S1_D10_T2_k3,S1,0.5868372406899266,17.0405,0.5657752893518518,0.5661131481481482,20057,-130.79716763983967,-11.217980693053853,-38.94897450192213,80.63025732813003,0.000044883266336082214,-65398.58381991983,-1.1736744813825752,-3.2606363773206275,-0.2780916134808256,-1.130631749555225,-1.1978872395080462,-1.2465890179797319,0.6239218228050057
SOLUSDT,2023-06-22,S1_D10_T2_k6,S1,0.5868372406899266,17.0405,0.5743538657407408,0.5733109837962963,20607,-132.82406215584567,-11.47266805551386,-38.50649922244088,82.84493976115724,0.0000448832663360872,-66412.03107792283,-1.1736744813825806,-3.222789881007562,-0.27678823659828083,-1.127437819794937,-1.2037042520762058,-1.2451987004212344,0.6218275343329936
SOLUSDT,2023-06-22,S1_D10_T5_k3,S1,0.5868372406899266,17.0405,0.41694590277777777,0.41759996527777776,14343,-95.3152160294001,-7.705172970275855,-29.953933276606143,57.65641289868255,0.00030311616443179194,-47657.608014700054,3.5210234441477706,-3.3227084999442273,-0.26705275479084417,-1.1150865352009807,-1.1991511571726932,-1.3437809416424895,0.6163285226242766
SOLUSDT,2023-06-22,S1_D10_T5_k6,S1,0.5868372406899266,17.0405,0.4262586574074074,0.4246039351851852,14895,-98.28799405821376,-8.074293594670612,-30.340659018221718,59.87334456148586,0.0003031161644317963,-49143.997029106875,3.52102344414776,-3.2993620026255037,-0.26952790103878765,-1.1289059241954906,-1.1720054190421658,-1.3068457062196053,0.6151728768042968
SOLUSDT,2023-06-23,S0,S0,0.5960363582164622,16.7775,0.840503425925926,0.8345167245370371,35173,-224.08999184454075,-18.933690955146588,-64.06973625391211,141.09442670242885,0.00786206694680377,-112044.99592227038,1.1920727164356975,-3.185539928987302,-0.2682854453907695,-1.084447084187494,-1.1986534297181177,-1.2088415138824884,0.5738492593750888
SOLUSDT,2023-06-23,S1_D2_T2_k3,S1,0.5960363582164622,16.7775,0.5360525462962963,0.5225706365740741,18521,-123.93742947399731,-10.748919684100132,-38.91700193711815,74.26950928326629,-0.0019985695127402634,-61968.714736998656,3.5762181493071226,-3.345862250256393,-0.28956713790040894,-1.1212472523287582,-1.2207466760033323,-1.297358323139164,0.6149236002375682
SOLUSDT,2023-06-23,S1_D2_T2_k6,S1,0.5960363582164622,16.7775,0.5431378356481481,0.5290366319444444,19003,-126.0590887200113,-10.967665027566111,-38.88898822828188,76.20443403367605,0.0019985695127402807,-63029.54436000565,3.576218149307134,-3.3168207314637503,-0.2879679487059899,-1.117181639187908,-1.2052274418484479,-1.256971069495461,0.6134820817765616
SOLUSDT,2023-06-23,S1_D2_T5_k3,S1,0.5960363582164622,16.7775,0.3847657986111111,0.3664444560185185,12670,-84.60342143262659,-7.183430189240929,-26.604678885412177,50.81124911339592,-0.004063244577559219,-42301.7107163133,2.384145432871403,-3.33873012757011,-0.2828140760760227,-1.1295636525850874,-1.1873045610909065,-1.2893008116456346,0.6022099447513812
SOLUSDT,2023-06-23,S1_D2_T5_k6,S1,0.5960363582164622,16.7775,0.39157113425925927,0.37537454861111114,13161,-88.50749182452044,-7.395023096408248,-28.322455669796,52.78794838325138,-0.0020646750648189477,-44253.74591226022,1.1920727164357219,-3.362491141422401,-0.28025334156178155,-1.1258066545834053,-1.215277329662779,-1.2684552092458472,0.6008661955778436
SOLUSDT,2023-06-23,S1_D5_T2_k3,S1,0.5960363582164622,16.7775,0.5361294791666666,0.5225610532407408,18537,-123.97085185516254,-10.772165102070625,-38.862762628520315,74.33392555505887,-0.001998569512740272,-61985.425927581266,3.576218149307124,-3.3438758120289838,-0.28994386389134313,-1.1236780897656713,-1.22253373954788,-1.2989854557534575,0.6154178130226035
SOLUSDT,2023-06-23,S1_D5_T2_k6,S1,0.5960363582164622,16.7775,0.54322125,0.529034375,19021,-126.17332767098735,-10.965280882133252,-38.933094918790005,76.27695043957682,0.001998569512740275,-63086.66383549367,3.5762181493071212,-3.3166849185370735,-0.287639286140616,-1.1171177014789841,-1.19983173670604,-1.2601327744579964,0.6138478523736922
SOLUSDT,2023-06-23,S1_D5_T5_k3,S1,0.5960363582164622,16.7775,0.3847653935185185,0.36640402777777775,12680,-84.58480507142856,-7.194754880047064,-26.533750558784263,50.85223638801967,-0.004063244577559217,-42292.402535714275,2.3841454328714002,-3.335362976002704,-0.28304036874640454,-1.1245287875031047,-1.1746824993080158,-1.2820115587801708,0.6021293375394322
SOLUSDT,2023-06-23,S1_D5_T5_k6,S1,0.5960363582164622,16.7775,0.3916569212962963,0.3753458912037037,13171,-88.87524005876273,-7.415288332587654,-28.628818357919982,52.82906869319028,-0.002064675064818952,-44437.62002938137,1.1920727164357103,-3.3738987191087517,-0.28081193401870924,-1.1137826573758562,-1.190876270100739,-1.2694537067855225,0.6010173866828639
SOLUSDT,2023-06-23,S1_D10_T2_k3,S1,0.5960363582164622,16.7775,0.5361468402777778,0.5225578587962963,18537,-123.87312144240737,-10.77037699299597,-38.76680077484724,74.33394510505141,-0.001998569512740272,-61936.560721203685,3.576218149307124,-3.3412397217027396,-0.28989617144061985,-1.1234926196079276,-1.2221106549382261,-1.2957510573888062,0.6154178130226035
SOLUSDT,2023-06-23,S1_D10_T2_k6,S1,0.5960363582164622,16.7775,0.5432420833333333,0.5290944444444444,19029,-126.26131670391835,-10.983758009238013,-38.97064520935771,76.30891205483536,0.001998569512740275,-63130.65835195918,3.5762181493071257,-3.317602519941099,-0.287998607249255,-1.1171714647526885,-1.203054709379757,-1.2622053163441123,0.613747438120763
SOLUSDT,2023-06-23,S1_D10_T5_k3,S1,0.5960363582164622,16.7775,0.3847653935185185,0.36640518518518517,12680,-84.58480507142856,-7.194754880047064,-26.533750558784263,50.85223638801967,-0.004063244577559217,-42292.402535714275,2.3841454328714002,-3.335362976002704,-0.28304036874640454,-1.1245287875031047,-1.1746824993080158,-1.2820115587801708,0.6021293375394322
SOLUSDT,2023-06-23,S1_D10_T5_k6,S1,0.5960363582164622,16.7775,0.3916469328703704,0.37530538194444446,13175,-89.02365287354445,-7.415884368945884,-28.76054239308611,52.84516143644763,-0.002064675064818953,-44511.82643677223,1.1920727164357112,-3.378506750419144,-0.2807522332943234,-1.1158137919625353,-1.1965230646862672,-1.2723496430892764,0.6011385199240987
SOLUSDT,2023-06-24,S0,S0,0.5830393843090514,17.1515,0.8606991782407407,0.8493793865740741,31203,-202.73598661358994,-16.797947701366542,-62.18464857301109,123.76213672273565,0.008746383523307009,-101367.99330679498,-1.1660787686208227,-3.2486617731242178,-0.2712033420489592,-1.2092541625803312,-1.3148285462871732,-1.2539015595353067,0.544883504791206
SOLUSDT,2023-06-24,S1_D2_T2_k3,S1,0.5830393843090514,17.1515,0.5970892013888889,0.5924757638888889,18490,-117.91934162992685,-10.759408798063752,-33.75214995772962,73.40447471066672,-0.003308163466752185,-58959.67081496343,-6.217248937900877e-15,-3.188732872631878,-0.292864715780677,-1.2412604819958097,-1.3284849105882344,-1.238137156843682,0.5780421849648458
SOLUSDT,2023-06-24,S1_D2_T2_k6,S1,0.5830393843090514,17.1515,0.6057553356481481,0.6005667824074075,18984,-120.73416085856574,-10.950645716117522,-34.41331661953767,75.3668903594438,-0.0033081634667521728,-60367.080429282876,-7.993605777301127e-15,-3.179892563700109,-0.2902936374352723,-1.2351396102198582,-1.3261317140886777,-1.2377085891804291,0.575906026127265
SOLUSDT,2023-06-24,S1_D2_T5_k3,S1,0.5830393843090514,17.1515,0.45217561342592594,0.44395659722222225,13369,-85.98465206924729,-7.886773751566788,-24.99723056292435,53.0973395912894,-0.0033081634667521606,-42992.32603462364,3.4982363058624424,-3.2158221284032944,-0.2969521164323189,-1.2306436763229893,-1.308966440151661,-1.247615166700293,0.565337721594734
SOLUSDT,2023-06-24,S1_D2_T5_k6,S1,0.5830393843090514,17.1515,0.461669375,0.4545959490740741,13925,-89.86604133549221,-8.143894120047651,-26.412267148645725,55.30657190333208,-0.0033081634667521884,-44933.0206677461,3.498236305862461,-3.2267878396945138,-0.29437210883016096,-1.2318988270856057,-1.3370996591713302,-1.2492125614256564,0.5650269299820467
SOLUSDT,2023-06-24,S1_D5_T2_k3,S1,0.5830393843090514,17.1515,0.5973934953703703,0.5925381134259259,18514,-117.65528938959801,-10.76757134944409,-33.386001224382696,73.49840865230448,-0.0033081634667521736,-58827.644694799004,-8.881784197001252e-15,-3.1774681157393863,-0.2927130365011252,-1.2389094450208507,-1.3304588479964539,-1.2286862047948615,0.5785891757588851
SOLUSDT,2023-06-24,S1_D5_T2_k6,S1,0.5830393843090514,17.1515,0.6061704513888889,0.6006405092592593,19014,-121.19675736615983,-10.970469055184054,-34.738652595982906,75.48432755152612,-0.0033081634667521667,-60598.378683079914,1.2878587085651816e-14,-3.187040006473121,-0.29037141749324624,-1.2351560948253775,-1.3339860042585072,-1.2448473189338363,0.5765225623224992
SOLUSDT,2023-06-24,S1_D5_T5_k3,S1,0.5830393843090514,17.1515,0.4523552893518519,0.44418128472222224,13389,-86.13763880510132,-7.876862082033537,-25.081771273649352,53.17569728595168,-0.003308163466752164,-43068.81940255065,3.498236305862454,-3.216731600758134,-0.29611362736141117,-1.2313903249074274,-1.3054072552950753,-1.250278539489415,0.5654641870191949
SOLUSDT,2023-06-24,S1_D5_T5_k6,S1,0.5830393843090514,17.1515,0.4618714351851852,0.45488081018518517,13955,-91.2899846640641,-8.098417048071436,-27.7649185202459,55.42334093227999,-0.0033081634667521892,-45644.992332032045,3.4982363058624566,-3.270870106200791,-0.2920439303943662,-1.2309800218296065,-1.3414936625164022,-1.2871999937573968,0.5653170906485131
SOLUSDT,2023-06-24,S1_D10_T2_k3,S1,0.5830393843090514,17.1515,0.5973934953703703,0.5925381134259259,18514,-117.65528938959801,-10.76757134944409,-33.386001224382696,73.49840865230448,-0.0033081634667521736,-58827.644694799004,-8.881784197001252e-15,-3.1774681157393863,-0.2927130365011252,-1.2389094450208507,-1.3304588479964539,-1.2286862047948615,0.5785891757588851
SOLUSDT,2023-06-24,S1_D10_T2_k6,S1,0.5830393843090514,17.1515,0.6061517939814814,0.6006428240740741,19014,-121.15010488678485,-10.968136897646819,-34.69434160277531,75.48431822289596,-0.0033081634667521667,-60575.05244339242,1.1102230246251565e-14,-3.185813213600106,-0.29030730538126454,-1.235252177969378,-1.3333759050672607,-1.2431166682245278,0.5765751551488377
SOLUSDT,2023-06-24,S1_D10_T5_k3,S1,0.5830393843090514,17.1515,0.4523552893518519,0.44418128472222224,13389,-86.13763880510132,-7.876862082033537,-25.081771273649352,53.17569728595168,-0.003308163466752164,-43068.81940255065,3.498236305862454,-3.216731600758134,-0.29611362736141117,-1.2313903249074274,-1.3054072552950753,-1.250278539489415,0.5654641870191949
SOLUSDT,2023-06-24,S1_D10_T5_k6,S1,0.5830393843090514,17.1515,0.4618734837962963,0.45488081018518517,13955,-91.25149636857972,-8.091420575459711,-27.733434393493134,55.42333323616011,-0.0033081634667521892,-45625.74818428986,3.4982363058624566,-3.2694910916725086,-0.29178181303846185,-1.2311109652187344,-1.340618879216716,-1.2851041430528267,0.5653887495521318
SOLUSDT,2023-06-25,S0,S0,0.5870094802017373,17.0355,0.8504535532407408,0.8520053819444444,31877,-208.0955317653893,-18.017081975873133,-62.65152182207757,127.42939344310412,0.0024654756655219886,-104047.76588269466,5.870094802031036,-3.264038833098932,-0.2828116681870375,-1.2126961455788765,-1.2869320166567129,-1.3308071547311997,0.5620039526931644
SOLUSDT,2023-06-25,S1_D2_T2_k3,S1,0.5870094802017373,17.0355,0.5668899537037037,0.5596721759259259,18687,-127.36430855419518,-11.619265651139738,-41.05837809280625,74.6895417216988,0.0028769114496199153,-63682.15427709759,5.870094802031042,-3.407831876550414,-0.3111732397363823,-1.2675240913420291,-1.327225874510694,-1.4408230623289013,0.6033071118959704
SOLUSDT,2023-06-25,S1_D2_T2_k6,S1,0.5870094802017373,17.0355,0.5720702314814815,0.5657074884259259,19079,-128.879911148777,-11.87872384138947,-40.74726306829859,76.25680115053859,0.002876911449619924,-64439.95557438851,5.870094802031044,-3.3775331817384826,-0.31157777598297426,-1.267238668364229,-1.332096012385658,-1.4207292933930042,0.6027569579118403
SOLUSDT,2023-06-25,S1_D2_T5_k3,S1,0.5870094802017373,17.0355,0.4116793634259259,0.40123303240740743,13247,-90.49419288167627,-8.003874262568818,-29.551231252385023,52.94237257491709,0.00328520819465235,-45247.09644083813,1.174018960406201,-3.415648557472495,-0.30235673095895865,-1.2745111719189735,-1.3530401661039853,-1.4705113774545422,0.5973427945950026
SOLUSDT,2023-06-25,S1_D2_T5_k6,S1,0.5870094802017373,17.0355,0.41702644675925926,0.41008811342592594,13597,-92.82875280296997,-8.19406533415464,-30.295559273282485,54.34200510698248,0.0028769114496199188,-46414.37640148499,1.1740189604061886,-3.413574788665514,-0.3015693171850462,-1.2753549977060183,-1.338289701199848,-1.4953599980358752,0.5974847392807237
SOLUSDT,2023-06-25,S1_D5_T2_k3,S1,0.5870094802017373,17.0355,0.5669605324074074,0.5596999537037037,18691,-127.49070155704217,-11.61809163217933,-41.16990989404484,74.70557694226763,0.002876911449619908,-63745.35077852109,5.870094802031061,-3.41048369688733,-0.31107545736337094,-1.2679290196291193,-1.3282137771604432,-1.445731130414687,0.6031244984217002
SOLUSDT,2023-06-25,S1_D5_T2_k6,S1,0.5870094802017373,17.0355,0.5721534722222222,0.5657719212962963,19083,-129.01217213319194,-11.885767955151895,-40.856446831616374,76.27283425787327,0.0028769114496199222,-64506.08606659597,5.870094802031054,-3.3802906286535643,-0.3116967736946889,-1.2681276188644313,-1.3335262212478443,-1.4253499188896983,0.6026306136351727
SOLUSDT,2023-06-25,S1_D5_T5_k3,S1,0.5870094802017373,17.0355,0.411713599537037,0.4011062615740741,13251,-90.60222516719769,-7.997417158286586,-29.649261835578926,52.95883138152683,0.0032852081946523424,-45301.11258359884,1.1740189604061806,-3.418693878469462,-0.30201954540426024,-1.274132015885589,-1.3507981089286218,-1.4754525558988538,0.5972379443060901
SOLUSDT,2023-06-25,S1_D5_T5_k6,S1,0.5870094802017373,17.0355,0.4170825925925926,0.4099340625,13597,-92.88074446743536,-8.188195239352618,-30.35308620234237,54.34233993718999,0.002876911449619918,-46440.37223371768,1.1740189604061957,-3.4154866686561505,-0.3013514363669744,-1.2759736314123227,-1.3381245441866731,-1.4984941484672285,0.5974847392807237
SOLUSDT,2023-06-25,S1_D10_T2_k3,S1,0.5870094802017373,17.0355,0.5669605324074074,0.5596999537037037,18691,-127.49070155704217,-11.61809163217933,-41.16990989404484,74.70557694226763,0.002876911449619908,-63745.35077852109,5.870094802031061,-3.41048369688733,-0.31107545736337094,-1.2679290196291193,-1.3282137771604432,-1.445731130414687,0.6031244984217002
SOLUSDT,2023-06-25,S1_D10_T2_k6,S1,0.5870094802017373,17.0355,0.5721534722222222,0.5657719212962963,19083,-129.01217213319194,-11.885767955151895,-40.856446831616374,76.27283425787327,0.0028769114496199222,-64506.08606659597,5.870094802031054,-3.3802906286535643,-0.3116967736946889,-1.2681276188644313,-1.3335262212478443,-1.4253499188896983,0.6026306136351727
SOLUSDT,2023-06-25,S1_D10_T5_k3,S1,0.5870094802017373,17.0355,0.411713599537037,0.4011062615740741,13251,-90.60222516719769,-7.997417158286586,-29.649261835578926,52.95883138152683,0.0032852081946523424,-45301.11258359884,1.1740189604061806,-3.418693878469462,-0.30201954540426024,-1.274132015885589,-1.3507981089286218,-1.4754525558988538,0.5972379443060901
SOLUSDT,2023-06-25,S1_D10_T5_k6,S1,0.5870094802017373,17.0355,0.4170825925925926,0.4099340625,13597,-92.88074446743536,-8.188195239352618,-30.35308620234237,54.34233993718999,0.002876911449619918,-46440.37223371768,1.1740189604061957,-3.4154866686561505,-0.3013514363669744,-1.2759736314123227,-1.3381245441866731,-1.4984941484672285,0.5974847392807237
SOLUSDT,2023-06-26,S0,S0,0.5975321920454538,16.735500000000002,0.8566813310185185,0.8344435300925926,30630,-194.37672356036487,-15.935586029696791,-56.568970153266754,121.88258062203101,0.010413244629679394,-97188.36178018243,-4.780257536374746,-3.172979490048398,-0.2611008724548758,-1.1231523834514456,-1.163529238426589,-1.2391255984105631,0.5803460659484165
SOLUSDT,2023-06-26,S1_D2_T2_k3,S1,0.5975321920454538,16.735500000000002,0.5685767939814815,0.5488287847222222,17318,-112.88089403576772,-9.877804666726092,-34.062322607630264,68.94861868483164,0.007851923420274277,-56440.44701788387,-1.865174681370263e-14,-3.259062652609069,-0.2861542867776143,-1.1712848901770232,-1.1772159059821345,-1.4056599745933749,0.620279477999769
SOLUSDT,2023-06-26,S1_D2_T2_k6,S1,0.5975321920454538,16.735500000000002,0.5715527662037037,0.5556065625,17750,-115.05382637175411,-9.923217113321623,-34.47342475575853,70.66520438588628,0.00801988321233306,-57526.91318587706,1.7763568394002505e-15,-3.2409528555423694,-0.2804321275365046,-1.163338011984982,-1.1734255913877292,-1.4140006518442167,0.6198309859154929
SOLUSDT,2023-06-26,S1_D2_T5_k3,S1,0.5975321920454538,16.735500000000002,0.4134657638888889,0.3925322800925926,11926,-79.70570997845859,-6.538794777568316,-25.689701532670014,47.48284019001524,0.005626521794986692,-39852.854989229294,-4.440892098500626e-15,-3.3416782650703754,-0.2750468721751973,-1.1642450216643356,-1.1847221614897314,-1.403661701915589,0.6125272513835318
SOLUSDT,2023-06-26,S1_D2_T5_k6,S1,0.5975321920454538,16.735500000000002,0.41874675925925925,0.39956884259259257,12278,-82.66696957631942,-6.645155507752634,-27.14648501688024,48.88095557348152,0.0056265217949866865,-41333.48478815971,-1.4210854715202004e-14,-3.36646724125751,-0.27150992318271067,-1.1433333676236743,-1.1743222727046714,-1.4087592802261364,0.6105228864635934
SOLUSDT,2023-06-26,S1_D5_T2_k3,S1,0.5975321920454538,16.735500000000002,0.568624375,0.5488555671296297,17326,-113.30275917275199,-9.887962713990886,-34.442950613964115,68.97969776821726,0.007851923420274276,-56651.379586375995,-1.3322676295501878e-14,-3.269732170516911,-0.2863222998020755,-1.1657443610127158,-1.1808842578502652,-1.412296474510271,0.6202239408980723
SOLUSDT,2023-06-26,S1_D5_T2_k6,S1,0.5975321920454538,16.735500000000002,0.5716111574074074,0.5556291435185186,17756,-115.45582332433995,-9.935167757162564,-34.840309521675294,70.68836592871442,0.00801988321233306,-57727.91166216997,1.1546319456101628e-14,-3.251177723708604,-0.2806862951747415,-1.1626626164125016,-1.17445035901723,-1.4199456999771483,0.6199031313358865
SOLUSDT,2023-06-26,S1_D5_T5_k3,S1,0.5975321920454538,16.735500000000002,0.4134659490740741,0.3925382638888889,11930,-80.06546594631136,-6.531026859071697,-26.041647993785613,47.498417615249025,0.005626521794986692,-40032.732973155675,1.4210854715202004e-14,-3.3556356222259582,-0.274633686817213,-1.1734950599461231,-1.198902707970846,-1.4088249042897936,0.6126571668063705
SOLUSDT,2023-06-26,S1_D5_T5_k6,S1,0.5975321920454538,16.735500000000002,0.41873481481481484,0.39961265046296296,12292,-83.17814928412618,-6.633802396103704,-27.61435272325296,48.93562068656449,0.005626521794986688,-41589.07464206309,-4.440892098500626e-16,-3.383426183051016,-0.27074512876124646,-1.1594461245885122,-1.202450449669876,-1.4142557458937308,0.6104783599088838
SOLUSDT,2023-06-26,S1_D10_T2_k3,S1,0.5975321920454538,16.735500000000002,0.568624375,0.5487823611111111,17326,-113.31709707720657,-9.888560246182927,-34.4566938543812,68.97969490006273,0.007851923420274276,-56658.54853860329,-1.687538997430238e-14,-3.2701459389705234,-0.28633935834477925,-1.1657103079072577,-1.1807135589981292,-1.411887426068955,0.6202239408980723
SOLUSDT,2023-06-26,S1_D10_T2_k6,S1,0.5975321920454538,16.735500000000002,0.5716125347222222,0.5555559375,17758,-115.49951201006787,-9.93277762839437,-34.878551581966306,70.69620268291953,0.008019883212333061,-57749.75600503394,1.2878587085651816e-14,-3.2520416716428615,-0.28058566450769845,-1.1632200278402667,-1.1760358604408432,-1.4214483329158805,0.6199459398580921
SOLUSDT,2023-06-26,S1_D10_T5_k3,S1,0.5975321920454538,16.735500000000002,0.4134391319444444,0.39248502314814815,11928,-79.96560564933786,-6.511905828926205,-25.968749066355894,47.49057727585074,0.005626521794986692,-39982.80282466893,1.9984014443252818e-14,-3.3520123092445444,-0.2738616437619769,-1.1790368355127483,-1.2142916744566086,-1.378993460242533,0.6125083836351441
SOLUSDT,2023-06-26,S1_D10_T5_k6,S1,0.5975321920454538,16.735500000000002,0.41872596064814815,0.3995623611111111,12292,-83.15302448952785,-6.642167846792361,-27.580890920498337,48.935592244032144,0.005626521794986688,-41576.51224476392,-4.440892098500626e-16,-3.382404185223229,-0.27109728250039605,-1.158276038374853,-1.2006917778189297,-1.4129708487372854,0.6105597136348845
SOLUSDT,2023-06-27,S0,S0,0.6021375884375549,16.6075,0.8653813657407408,0.8611238541666667,26712,-172.13195315369455,-11.399668824325481,-54.090019569471444,106.64222381454162,-0.00004094535601385481,-86065.97657684727,3.197442310920451e-14,-3.22199672719554,-0.21390938563473513,-1.0299273868830456,-1.0961726920202364,-1.2562018956878713,0.5292003593890386
SOLUSDT,2023-06-27,S1_D2_T2_k3,S1,0.6021375884375549,16.6075,0.5672790162037037,0.5502262615740741,14986,-96.67787186512065,-7.727231672437052,-29.163329820863645,59.793396477495115,0.006086105675146769,-48338.93593256032,2.408550353755816,-3.22560629471242,-0.2585094096983153,-1.0890786107052468,-1.129361564491833,-1.2802579269267413,0.5896169758441212
SOLUSDT,2023-06-27,S1_D2_T2_k6,S1,0.6021375884375549,16.6075,0.5754560416666666,0.5573734143518518,15350,-98.41210531386363,-7.836820713532982,-29.330724070449584,61.2466165286768,0.002055998795724848,-49206.05265693181,2.408550353755836,-3.2056060362822034,-0.2559487505244816,-1.0883188007834244,-1.1280941213868356,-1.262878274824715,0.5864495114006515
SOLUSDT,2023-06-27,S1_D2_T5_k3,S1,0.6021375884375549,16.6075,0.40256493055555553,0.39121208333333335,10473,-67.01904115610373,-5.278338100255633,-19.96266746951662,41.78214758392293,0.004111997591449672,-33509.520578051866,6.021375884389573,-3.199610482006289,-0.2527324244905939,-1.0877907901879855,-1.1120542631133674,-1.236672673183093,0.5871288074095292
SOLUSDT,2023-06-27,S1_D2_T5_k6,S1,0.6021375884375549,16.6075,0.4104461226851852,0.39802144675925927,10843,-69.5515385819655,-5.513773897335325,-20.78338100255882,43.260510733102514,0.006127051031160655,-34775.76929098275,6.0213758843895775,-3.2072091940406486,-0.25494564983023704,-1.0974524484608092,-1.1130841229538526,-1.2688505511338342,0.5863690860462971
SOLUSDT,2023-06-27,S1_D5_T2_k3,S1,0.6021375884375549,16.6075,0.5670617245370371,0.5502214930555556,14990,-96.52536245672083,-7.746500075267075,-28.975462893270702,59.8094855938582,0.006086105675146769,-48262.681228360416,2.408550353755804,-3.219658520904631,-0.2590813451154025,-1.0896865341380852,-1.1271529499792416,-1.2788451024912608,0.5896597731821214
SOLUSDT,2023-06-27,S1_D5_T2_k6,S1,0.6021375884375549,16.6075,0.5752454513888889,0.5573679050925926,15354,-98.32463784434685,-7.859099804305202,-29.204877314465858,61.262716724371515,0.0020559987957248444,-49162.31892217343,2.4085503537558273,-3.201922555827369,-0.2566043915384749,-1.0886392232856898,-1.1253336377827403,-1.2640821620822384,0.5862967304936825
SOLUSDT,2023-06-27,S1_D5_T5_k3,S1,0.6021375884375549,16.6075,0.40235203703703704,0.3911689351851852,10475,-66.88375216016816,-5.2903808520244056,-19.80731597169937,41.79016733403583,0.004111997591449656,-33441.876080084076,6.0213758843895695,-3.192541869220437,-0.2532589347210734,-1.085749348254022,-1.1068336870247888,-1.2352286885296195,0.5872076372315036
SOLUSDT,2023-06-27,S1_D5_T5_k6,S1,0.6021375884375549,16.6075,0.4104000810185185,0.39769601851851855,10845,-69.39095330422953,-5.5234080987503384,-20.605148276380888,43.26852398012946,0.006127051031160657,-34695.47665211477,6.021375884389576,-3.19921407580588,-0.2553423650007479,-1.095812400119415,-1.1072047599571089,-1.2677805177960422,0.5863531581373905
SOLUSDT,2023-06-27,S1_D10_T2_k3,S1,0.6021375884375549,16.6075,0.5670617245370371,0.5502214930555556,14990,-96.52536245672083,-7.746500075267075,-28.975462893270702,59.8094855938582,0.006086105675146769,-48262.681228360416,2.408550353755804,-3.219658520904631,-0.2590813451154025,-1.0896865341380852,-1.1271529499792416,-1.2788451024912608,0.5896597731821214
SOLUSDT,2023-06-27,S1_D10_T2_k6,S1,0.6021375884375549,16.6075,0.5752454513888889,0.5573679050925926,15354,-98.32463784434685,-7.859099804305202,-29.204877314465858,61.262716724371515,0.0020559987957248444,-49162.31892217343,2.4085503537558273,-3.201922555827369,-0.2566043915384749,-1.0886392232856898,-1.1253336377827403,-1.2640821620822384,0.5862967304936825
SOLUSDT,2023-06-27,S1_D10_T5_k3,S1,0.6021375884375549,16.6075,0.40235203703703704,0.3911689351851852,10475,-66.88375216016816,-5.2903808520244056,-19.80731597169937,41.79016733403583,0.004111997591449656,-33441.876080084076,6.0213758843895695,-3.192541869220437,-0.2532589347210734,-1.085749348254022,-1.1068336870247888,-1.2352286885296195,0.5872076372315036
SOLUSDT,2023-06-27,S1_D10_T5_k6,S1,0.6021375884375549,16.6075,0.4104000810185185,0.39769601851851855,10845,-69.39095330422953,-5.5234080987503384,-20.605148276380888,43.26852398012946,0.006127051031160657,-34695.47665211477,6.021375884389576,-3.19921407580588,-0.2553423650007479,-1.095812400119415,-1.1072047599571089,-1.2677805177960422,0.5863531581373905
SOLUSDT,2023-06-28,S0,S0,0.6178369528267088,16.185499999999998,0.8508739467592593,0.8420188888888889,33489,-211.96225846085616,-18.28550245590112,-59.953044391585046,133.72339192487104,-0.0003196884989651325,-105981.1292304281,-3.707021716968889,-3.1646549383507443,-0.27337983318811215,-1.118495834520966,-1.0982036828776476,-1.192579618077219,0.5583923079220042
SOLUSDT,2023-06-28,S1_D2_T2_k3,S1,0.6178369528267088,16.185499999999998,0.5475716550925926,0.5256697222222222,17513,-114.56039347041445,-10.820178554878936,-33.790738624077086,69.94255277872172,-0.006923512736708774,-57280.196735207224,-6.178369528281454,-3.2707244181583524,-0.3093304215387601,-1.1802258013570353,-1.1170466241515786,-1.2680977990577011,0.5917318563352938
SOLUSDT,2023-06-28,S1_D2_T2_k6,S1,0.6178369528267088,16.185499999999998,0.5536208680555555,0.535048275462963,18037,-116.83151540053704,-11.052485249142329,-33.737604646133825,72.03450199252418,-0.006923512736708775,-58415.75770026852,-6.1783695282815,-3.2386626212933702,-0.30678136156839636,-1.1832000548433887,-1.1385554957631172,-1.249146997802683,0.58895603481732
SOLUSDT,2023-06-28,S1_D2_T5_k3,S1,0.6178369528267088,16.185499999999998,0.39427872685185184,0.3741640740740741,12083,-77.49406373976045,-7.398597510116623,-21.830650891229816,48.25966723301722,-0.005148105396805796,-38747.03186988023,-6.178369528281486,-3.206739375145264,-0.3065250842367897,-1.159089241323093,-1.0831818225076708,-1.3825908528574604,0.5876024166183895
SOLUSDT,2023-06-28,S1_D2_T5_k6,S1,0.6178369528267088,16.185499999999998,0.40019685185185183,0.38492174768518517,12611,-80.7543891439124,-7.753235921040129,-22.627660560378054,50.3686996385654,-0.004793023928825184,-40377.1945719562,-6.178369528281481,-3.2017440783408295,-0.3077711011956375,-1.1745077973666072,-1.104489599342798,-1.3341858249470324,0.5863135358020776
SOLUSDT,2023-06-28,S1_D5_T2_k3,S1,0.6178369528267088,16.185499999999998,0.5474957986111111,0.5257274421296296,17527,-115.15614967195285,-10.837477989558124,-34.313428686169686,69.99831948348833,-0.006923512736708782,-57578.074835976426,-6.178369528281479,-3.2851072537214825,-0.30958624860614825,-1.1822819646110148,-1.1418717080204854,-1.27702498518098,0.591487419410053
SOLUSDT,2023-06-28,S1_D5_T2_k6,S1,0.6178369528267088,16.185499999999998,0.5536924421296296,0.5351175462962963,18053,-116.45379954375164,-11.031478792746178,-33.31623984430502,72.09915739396375,-0.006923512736708786,-58226.89977187582,-6.178369528281491,-3.2253309572855384,-0.3059012936532957,-1.1789953963427378,-1.1295152906417925,-1.2276529804800909,0.5888771949260511
SOLUSDT,2023-06-28,S1_D5_T5_k3,S1,0.6178369528267088,16.185499999999998,0.3942641666666667,0.37398502314814813,12085,-77.63306840442945,-7.439992585956102,-21.92147292329556,48.266454789780994,-0.0051481053968057975,-38816.53420221473,-6.1783695282814906,-3.211959801589965,-0.3082352822053069,-1.1529212462289236,-1.0935945295695089,-1.3641635218667656,0.5878361605295821
SOLUSDT,2023-06-28,S1_D5_T5_k6,S1,0.6178369528267088,16.185499999999998,0.4002587384259259,0.3848509375,12633,-81.4357602476781,-7.774860214389092,-23.200395415649755,50.45571159371043,-0.004793023928825186,-40717.88012383905,-6.178369528281495,-3.2231362403102235,-0.3080942607732357,-1.1718434730953826,-1.115006757737453,-1.3536504026361569,0.5864798543497189
SOLUSDT,2023-06-28,S1_D10_T2_k3,S1,0.6178369528267088,16.185499999999998,0.547452650462963,0.5257270949074074,17535,-115.24275484324814,-10.788051033331872,-34.41846096815047,70.0293193290291,-0.0069235127367087805,-57621.37742162407,-6.178369528281484,-3.2860779824136905,-0.30799546944789546,-1.1753295003214603,-1.1245370970613118,-1.2767783507664745,0.5915597376675221
SOLUSDT,2023-06-28,S1_D10_T2_k6,S1,0.6178369528267088,16.185499999999998,0.553689525462963,0.5351201967592593,18057,-117.69506858085278,-11.011090173302843,-34.562416978159405,72.11463791665382,-0.006923512736708786,-58847.53429042639,-6.178369528281488,-3.258987334021509,-0.3052540338309633,-1.1750818367663574,-1.1485233525824692,-1.2619149706145942,0.5888575067840727
SOLUSDT,2023-06-28,S1_D10_T5_k3,S1,0.6178369528267088,16.185499999999998,0.39425908564814816,0.3739866319444444,12087,-77.63957966450792,-7.437521238144786,-21.922708597201222,48.27420172376511,-0.0051481053968057975,-38819.78983225396,-6.1783695282814906,-3.2116976778567023,-0.30807343694355566,-1.1597354024702942,-1.0934458370118096,-1.3677739576545376,0.5880698270869529
SOLUSDT,2023-06-28,S1_D10_T5_k6,S1,0.6178369528267088,16.185499999999998,0.40025078703703704,0.38485140046296296,12633,-81.47659902312527,-7.805752062030495,-23.21028080689501,50.455773130270934,-0.004793023928825186,-40738.29951156264,-6.178369528281493,-3.2247525933319587,-0.3093463031873028,-1.1769778070061288,-1.1307132311481123,-1.35434676874908,0.586796485395393
SOLUSDT,2023-06-29,S0,S0,0.5680043168314842,17.6055,0.790658287037037,0.7906152083333333,55809,-342.7794284740557,-24.85359688733558,-97.05773763880609,220.86809394791402,-1.437068242182704e-17,-171389.71423702786,-1.1360086336656154,-3.0710049317677766,-0.22481336938423818,-1.00683142664047,-1.0946259229615491,-1.153115949462838,0.5424393914959953
SOLUSDT,2023-06-29,S1_D2_T2_k3,S1,0.5680043168314842,17.6055,0.45002166666666665,0.4460696875,23361,-144.0787238079007,-11.480503251824812,-40.57879639885229,92.019906052086,0.00048189486240095107,-72039.36190395035,-1.1360086336656146,-3.0837447842108796,-0.2496721802196424,-1.109420839034398,-1.2313365912156524,-1.1959102816427771,0.5869611746072514
SOLUSDT,2023-06-29,S1_D2_T2_k6,S1,0.5680043168314842,17.6055,0.4632252777777778,0.4584643287037037,24632,-151.69756791911595,-11.953650847746529,-42.64860412939103,97.09579483684077,0.00048189486240091985,-75848.78395955797,-2.2720172673312264,-3.0792783354805935,-0.2463621513685005,-1.1111304163888334,-1.2314609276767445,-1.1700752252784867,0.581641766807405
SOLUSDT,2023-06-29,S1_D2_T5_k3,S1,0.5680043168314842,17.6055,0.32117236111111114,0.3232846296296296,15960,-97.1931890034364,-7.803811308965887,-26.608162222032924,62.78386458777087,0.0026491153332765215,-48596.5945017182,8.881784197001252e-15,-3.0448994048695615,-0.24853964642811516,-1.1086239753453222,-1.198927217809444,-1.0849258946700926,0.5805764411027569
SOLUSDT,2023-06-29,S1_D2_T5_k6,S1,0.5680043168314842,17.6055,0.3330108101851852,0.33245997685185186,17085,-104.72800232881774,-8.245150663145115,-29.21757405356275,67.26792672744314,0.0026491153332765215,-52364.001164408866,-1.1360086336656234,-3.0649108085694396,-0.24510647570490054,-1.0958470531042421,-1.2075103851437232,-1.0105956976889807,0.5717881182323675
SOLUSDT,2023-06-29,S1_D5_T2_k3,S1,0.5680043168314842,17.6055,0.4501999074074074,0.4460416435185185,23385,-144.66170003692008,-11.548663769844767,-41.00025560194223,92.11326255999546,0.00048189486240094153,-72330.85001846004,-1.136008633665627,-3.0930446875544173,-0.25087820001093203,-1.1116983857123615,-1.2225819463790926,-1.1982101199325301,0.5867008766303186
SOLUSDT,2023-06-29,S1_D5_T2_k6,S1,0.5680043168314842,17.6055,0.4634342013888889,0.45838511574074076,24662,-151.9362810485357,-12.0326034477863,-42.690068444519795,97.214091051092,0.000481894862400919,-75968.14052426784,-2.272017267331221,-3.080372253842667,-0.2476686135152275,-1.111502673880737,-1.2280794650079156,-1.171292935037458,0.5816640986132512
SOLUSDT,2023-06-29,S1_D5_T5_k3,S1,0.5680043168314842,17.6055,0.3211101967592593,0.32266825231481483,15920,-97.84043651131748,-7.804947317599569,-27.414728351935494,62.62340995711568,0.002649115333276512,-48920.21825565874,7.993605777301127e-15,-3.0728780311343424,-0.24920010727456587,-1.1160330867709947,-1.2100777096963067,-1.0890694062364796,0.5804020100502513
SOLUSDT,2023-06-29,S1_D5_T5_k6,S1,0.5680043168314842,17.6055,0.3333395949074074,0.33197771990740743,17083,-105.36400925847039,-8.258214762432267,-29.84635483229667,67.26208877907473,0.002649115333276492,-52682.00462923519,-1.1360086336656288,-3.08388483458615,-0.24551397372104541,-1.1005006152741565,-1.2186292347540955,-1.0173827112587583,0.571152607855763
SOLUSDT,2023-06-29,S1_D10_T2_k3,S1,0.5680043168314842,17.6055,0.45020761574074075,0.4460428009259259,23385,-144.6435202635538,-11.54071170940911,-40.99003152423924,92.11325892476783,0.00048189486240094153,-72321.7601317769,-1.136008633665627,-3.092655981688129,-0.25070862457426235,-1.111334855554458,-1.222121075846624,-1.194064436167407,0.5866153517211888
SOLUSDT,2023-06-29,S1_D10_T2_k6,S1,0.5680043168314842,17.6055,0.46344756944444443,0.45838627314814817,24662,-151.9203737468402,-12.024651387350639,-42.68211638408414,97.21408787026782,0.000481894862400919,-75960.1868734201,-2.272017267331221,-3.080049747523319,-0.247507817404294,-1.1112498704162626,-1.227688405364552,-1.1676149872495512,0.5815424539777796
SOLUSDT,2023-06-29,S1_D10_T5_k3,S1,0.5680043168314842,17.6055,0.32111668981481484,0.32266940972222224,15920,-97.82680168129278,-7.8060833262332405,-27.399960239697837,62.623407230694966,0.002649115333276512,-48913.40084064639,7.993605777301127e-15,-3.07244980154814,-0.2492357586010823,-1.115961810419026,-1.209347047403747,-1.0876076937184715,0.5803391959798995
SOLUSDT,2023-06-29,S1_D10_T5_k6,S1,0.5680043168314842,17.6055,0.3333526388888889,0.3319797916666667,17083,-105.34811377126469,-8.258782766749112,-29.829882707108503,67.26209741274035,0.002649115333276492,-52674.05688563235,-1.1360086336656288,-3.0834195917363663,-0.24553008896733525,-1.1002293209026572,-1.21849437437836,-1.0157131170824851,0.571152607855763
SOLUSDT,2023-06-30,S0,S0,0.5330064227261517,18.761499999999998,0.6967395486111111,0.7050886689814815,78296,-514.7516412866763,-46.02403858966389,-156.1484955893717,312.5909015803641,0.01179447272339645,-257375.82064333814,2.1320256909095843,-3.2872154470641943,-0.29476823922122664,-1.150476268280399,-1.182344678969647,-1.3544910242969308,0.5839251047307653
SOLUSDT,2023-06-30,S1_D2_T2_k3,S1,0.5330064227261517,18.761499999999998,0.41366435185185185,0.41332693287037037,38126,-244.64332100311728,-22.68262132558611,-69.65754337339769,152.31706206859795,0.013905764464461762,-122321.66050155865,-1.7763568394002505e-14,-3.208352843244994,-0.2984057146348583,-1.178104709931352,-1.1604378912729862,-1.2135704619886423,0.6041284163038346
SOLUSDT,2023-06-30,S1_D2_T2_k6,S1,0.5330064227261517,18.761499999999998,0.43018364583333335,0.427133287037037,40292,-256.09846904565103,-23.672947259013633,-71.4825573648161,160.95687018628578,0.013905764464461744,-128049.23452282551,-2.1320256909095354,-3.178031235054738,-0.29470607043409447,-1.1780190327828917,-1.1645611368945168,-1.1652777395208491,0.5999453985902908
SOLUSDT,2023-06-30,S1_D2_T5_k3,S1,0.5330064227261517,18.761499999999998,0.3013634606481482,0.300425,26251,-166.5039092290055,-15.171494816511608,-46.45417477280622,104.89598592863047,0.017746288942781817,-83251.95461450274,1.0660128454548028,-3.171382218372738,-0.2897088576149896,-1.1415923748334418,-1.1246814872076771,-1.1096804851477402,0.5951392327911318
SOLUSDT,2023-06-30,S1_D2_T5_k6,S1,0.5330064227261517,18.761499999999998,0.31775143518518517,0.31739652777777777,28325,-173.4208030807762,-16.180475974734513,-44.05937691549189,113.1986964794926,0.01774628894278179,-86710.40154038809,1.0660128454547664,-3.0612674859801623,-0.28624505820426477,-1.155305562784566,-1.1080906575222695,-0.9542326989551266,0.5901853486319506
SOLUSDT,2023-06-30,S1_D5_T2_k3,S1,0.5330064227261517,18.761499999999998,0.4142528125,0.41351832175925923,38240,-244.73994632625246,-22.7545771926543,-69.232737254484,152.76653764357863,0.013905764464461751,-122369.97316312623,4.973799150320701e-14,-3.200051599454138,-0.2984673449697296,-1.1784360593190715,-1.1619187198121863,-1.1788672698979972,0.6045502092050209
SOLUSDT,2023-06-30,S1_D5_T2_k6,S1,0.5330064227261517,18.761499999999998,0.43043321759259257,0.42746510416666667,40404,-255.99354374650122,-23.759294299495473,-70.85147776030689,161.3966774511633,0.013905764464461812,-127996.77187325062,-2.132025690909564,-3.167923271786224,-0.2949617731766273,-1.1713936967372498,-1.1731273781294889,-1.1495299691262544,0.6005098505098505
SOLUSDT,2023-06-30,S1_D5_T5_k3,S1,0.5330064227261517,18.761499999999998,0.30140370370370373,0.3003706365740741,26291,-166.32226660981198,-15.103803000825252,-46.18074247794709,105.05546741998242,0.017746288942781803,-83161.13330490598,1.066012845454809,-3.1631027083376817,-0.28798628806096094,-1.1571481055065533,-1.1571355627411741,-1.0402491437249204,0.5954128789319539
SOLUSDT,2023-06-30,S1_D5_T5_k6,S1,0.5330064227261517,18.761499999999998,0.3178681365740741,0.31782466435185186,28379,-177.84554801055265,-16.22364949497542,-48.22588812195197,113.41375668256805,0.017746288942781796,-88922.77400527633,1.066012845454769,-3.1334005428407035,-0.28648966336000103,-1.1615045683514924,-1.1463718221781893,-1.0500248331134636,0.5905423024067092
SOLUSDT,2023-06-30,S1_D10_T2_k3,S1,0.5330064227261517,18.761499999999998,0.41425101851851853,0.4135168287037037,38252,-244.86943981024893,-22.70980465314521,-69.35959278309308,152.8139481384751,0.013905764464461717,-122434.71990512447,3.907985046680551e-14,-3.200740350965295,-0.2977332140536517,-1.1772700320980822,-1.1667770371860167,-1.1790008867430308,0.6045435532782599
SOLUSDT,2023-06-30,S1_D10_T2_k6,S1,0.5330064227261517,18.761499999999998,0.4304495486111111,0.42748270833333335,40430,-255.81099522959155,-23.768355408681842,-70.55779122138406,161.49875436399012,0.01390576446446181,-127905.49761479578,-2.132025690909578,-3.1636284346969026,-0.2948717404900064,-1.1696799424800248,-1.1768493981514134,-1.133699607085733,0.6006183527083848
SOLUSDT,2023-06-30,S1_D10_T5_k3,S1,0.5330064227261517,18.761499999999998,0.30144292824074076,0.3003809375,26309,-166.00790901580294,-15.124057244888878,-45.77778962236519,105.12380843749168,0.017746288942781796,-83003.95450790146,1.066012845454786,-3.1549642520772916,-0.2882155858019272,-1.1568127298797797,-1.1558545931323336,-1.0315090015641168,0.595499638906838
SOLUSDT,2023-06-30,S1_D10_T5_k6,S1,0.5330064227261517,18.761499999999998,0.317869375,0.3178389351851852,28399,-174.42545174959272,-16.31266156757085,-44.642485941955755,113.4880505290089,0.017746288942781765,-87212.72587479635,1.0660128454547437,-3.0709787624492537,-0.2879434264729188,-1.1654384475109871,-1.1562047160646576,-0.9512304749378683,0.5908306630515159
SOLUSDT,2023-07-01,S0,S0,0.5440844419041156,18.3795,0.8512606597222222,0.8416342824074075,34147,-218.58953331616678,-15.952555836664665,-65.94140210560725,136.69112304469655,-0.004452329198291551,-109294.76665808339,3.2645066514322982,-3.2007135812248046,-0.23327674172671714,-1.196943575792263,-1.2345733513486494,-1.2731771391250137,0.5587020821741295
SOLUSDT,2023-07-01,S1_D2_T2_k3,S1,0.5440844419041156,18.3795,0.6052087847222222,0.5891208101851851,21288,-133.44290227361952,-10.54163606191618,-37.72300661062604,85.1764946815746,-0.0017649195027068312,-66721.45113680976,4.352675535243035,-3.1342282570842617,-0.24731494987971223,-1.2332658632018074,-1.2536873112890548,-1.1989476255604434,0.59141300263059
SOLUSDT,2023-07-01,S1_D2_T2_k6,S1,0.5440844419041156,18.3795,0.6139744097222222,0.597410150462963,21865,-137.1600428378351,-10.715743083325755,-38.94991702712285,87.4906122582225,-0.003770469164014252,-68580.02141891755,3.264506651432301,-3.1365205313934394,-0.24478013420664915,-1.227700647600767,-1.241927563381377,-1.186856093691148,0.5880173793734279
SOLUSDT,2023-07-01,S1_D2_T5_k3,S1,0.5440844419041156,18.3795,0.46487056712962965,0.4530969097222222,15812,-98.39118056361681,-7.717837808427486,-27.43110530754383,63.249377186539355,0.00713973889387631,-49195.59028180841,2.176337767621537,-3.1112819555912226,-0.24384369490584165,-1.235143321268233,-1.287223601124018,-1.1275437643562305,0.5862635972678978
SOLUSDT,2023-07-01,S1_D2_T5_k6,S1,0.5440844419041156,18.3795,0.47619068287037036,0.4638533912037037,16505,-102.71580797918845,-8.001849887101965,-28.687396283903453,66.03326031720123,0.00669850901819965,-51357.903989594226,1.0881688838107593,-3.1116573153343974,-0.24217450105279337,-1.2205237322130162,-1.2417330578414807,-1.1713207589818797,0.5846713117237201
SOLUSDT,2023-07-01,S1_D5_T2_k3,S1,0.5440844419041156,18.3795,0.6051854398148148,0.5890417129629629,21276,-133.40015007687862,-10.539459724148585,-37.73824097499938,85.12870665687316,0.006257279142522914,-66700.0750384393,4.352675535243055,-3.134991306563231,-0.24740328610107898,-1.2315421906074167,-1.2528418223236673,-1.2028287497406136,0.5916995675878924
SOLUSDT,2023-07-01,S1_D5_T2_k6,S1,0.5440844419041156,18.3795,0.6140828703703703,0.5978433101851852,21867,-137.1789565188384,-10.707037732255294,-38.96950406703142,87.49864425038767,-0.003770469164014241,-68589.4782594192,3.264506651432292,-3.136666129758046,-0.24455687463397915,-1.2265416815534569,-1.243063604281931,-1.1850594309819917,0.5880550601362784
SOLUSDT,2023-07-01,S1_D5_T5_k3,S1,0.5440844419041156,18.3795,0.46492219907407406,0.45313858796296297,15804,-98.12409712826762,-7.7085883729151,-27.204222095269284,63.21842639897713,0.0071397388938763285,-49062.04856413381,2.176337767621538,-3.104407021268907,-0.24366843780131098,-1.2323907826508287,-1.2889185320170147,-1.1201789335100243,0.5861174386231334
SOLUSDT,2023-07-01,S1_D5_T5_k6,S1,0.5440844419041156,18.3795,0.47593680555555556,0.46392376157407406,16501,-102.34237257561382,-7.986615522728611,-28.34462308550306,66.01783247640034,0.006698509018199642,-51171.18628780691,1.0881688838107682,-3.1010960722263445,-0.2417657277843293,-1.217927010567216,-1.2402172381192818,-1.1621011659994571,0.5840252105932974
SOLUSDT,2023-07-01,S1_D10_T2_k3,S1,0.5440844419041156,18.3795,0.6051669212962963,0.5890417129629629,21276,-133.40015007687862,-10.539459724148585,-37.73824097499938,85.12870665687316,0.006257279142522914,-66700.0750384393,4.352675535243055,-3.134991306563231,-0.24740328610107898,-1.2315421906074167,-1.2528418223236673,-1.2028287497406136,0.5916995675878924
SOLUSDT,2023-07-01,S1_D10_T2_k6,S1,0.5440844419041156,18.3795,0.6140643518518518,0.5978433101851852,21867,-137.1789565188384,-10.707037732255294,-38.96950406703142,87.49864425038767,-0.003770469164014241,-68589.4782594192,3.264506651432292,-3.136666129758046,-0.24455687463397915,-1.2265416815534569,-1.243063604281931,-1.1850594309819917,0.5880550601362784
SOLUSDT,2023-07-01,S1_D10_T5_k3,S1,0.5440844419041156,18.3795,0.46486895833333336,0.45313858796296297,15804,-98.12409712826762,-7.7085883729151,-27.204222095269284,63.21842639897713,0.0071397388938763285,-49062.04856413381,2.176337767621538,-3.104407021268907,-0.24366843780131098,-1.2323907826508287,-1.2889185320170147,-1.1201789335100243,0.5861174386231334
SOLUSDT,2023-07-01,S1_D10_T5_k6,S1,0.5440844419041156,18.3795,0.4758835648148148,0.46392376157407406,16501,-102.34237257561382,-7.986615522728611,-28.34462308550306,66.01783247640034,0.006698509018199642,-51171.18628780691,1.0881688838107682,-3.1010960722263445,-0.2417657277843293,-1.217927010567216,-1.2402172381192818,-1.1621011659994571,0.5840252105932974
SOLUSDT,2023-07-02,S0,S0,0.5222068461305357,19.1495,0.7976535069444445,0.8058278125,50066,-319.082848220579,-27.366771978380456,-91.79143058565394,199.9166133841615,-0.008032272383090944,-159541.42411028952,0.0,-3.186622140979697,-0.27405223285023017,-1.1516564978082524,-1.1871467700226752,-1.2174861020925842,0.5608596652418807
SOLUSDT,2023-07-02,S1_D2_T2_k3,S1,0.5222068461305357,19.1495,0.47116984953703706,0.48117606481481484,26073,-163.47380276247375,-15.267761560353769,-44.13065615290198,104.07138797357635,-0.003997075641661661,-81736.90138123688,-1.0444136922635057,-3.1349250711938357,-0.293776282337406,-1.1686946644074625,-1.2302016885779063,-1.1687472005768056,0.5987036397806159
SOLUSDT,2023-07-02,S1_D2_T2_k6,S1,0.5222068461305357,19.1495,0.47899010416666665,0.4905667939814815,26807,-169.34041724326946,-15.641139455338017,-46.69521397425488,107.0040943105564,0.000030496879814096226,-84670.20862163472,-1.0444136922635057,-3.158511158340535,-0.2926970416230345,-1.1654232017724298,-1.2359112710050286,-1.2041338185027135,0.5973439773193568
SOLUSDT,2023-07-02,S1_D2_T5_k3,S1,0.5222068461305357,19.1495,0.3333349652777778,0.34144318287037034,18085,-112.08853056215536,-10.383560928483838,-29.486409566829032,72.20651547037782,-0.012044596464659654,-56044.26528107767,-1.0444136922635057,-3.098936426932689,-0.2879051325002744,-1.1639362548906234,-1.2034652935693446,-1.0360410598144445,0.5908764169200995
SOLUSDT,2023-07-02,S1_D2_T5_k6,S1,0.5222068461305357,19.1495,0.34374685185185183,0.35070380787037037,18782,-117.82051635812908,-10.597665735397849,-32.22225123371325,74.99258236507481,-0.008017023943183895,-58910.25817906454,-2.0888273845270113,-3.1365274294039263,-0.282919577052218,-1.1638453635268726,-1.2286479945658968,-1.09515715914475,0.5887019486742626
SOLUSDT,2023-07-02,S1_D5_T2_k3,S1,0.5222068461305357,19.1495,0.4712865046296296,0.48132428240740743,26137,-163.77281485156223,-15.298049557429408,-44.14318911720912,104.32757910128204,-0.003997075641661661,-81886.40742578112,-1.0444136922635057,-3.1329688727008116,-0.2936392424797219,-1.1699481781673835,-1.231799073208346,-1.1841702126139906,0.5987680299957914
SOLUSDT,2023-07-02,S1_D5_T2_k6,S1,0.5222068461305357,19.1495,0.4790160648148148,0.4907141203703704,26869,-170.01966442988015,-15.698582208412532,-47.069114076085214,107.25199864226222,0.000030496879814096226,-85009.83221494006,-1.0444136922635057,-3.1638628983192554,-0.2931029882744915,-1.1676656713088986,-1.2422535691930123,-1.2271453942047439,0.5975659682161599
SOLUSDT,2023-07-02,S1_D5_T5_k3,S1,0.5222068461305357,19.1495,0.3334795949074074,0.3417080324074074,18143,-112.40594918927357,-10.431603958327964,-29.521919632366,72.44038100211495,-0.012044596464659654,-56202.974594636784,-1.0444136922635057,-3.097777357362993,-0.28829891896810045,-1.1660759367706182,-1.2192765056254173,-1.0724289617060645,0.5911921953370446
SOLUSDT,2023-07-02,S1_D5_T5_k6,S1,0.5222068461305357,19.1495,0.34376208333333336,0.3509487962962963,18838,-118.09076612966359,-10.634220214627064,-32.230606543251355,75.21792234784199,-0.008017023943183895,-59045.383064831796,-2.0888273845270113,-3.134376423443667,-0.2830505093412021,-1.1602489396063622,-1.2300485712419515,-1.1155472085715321,0.5891814417666419
SOLUSDT,2023-07-02,S1_D10_T2_k3,S1,0.5222068461305357,19.1495,0.4713092013888889,0.481319224537037,26141,-163.95548531293193,-15.305360453275249,-44.302984412125426,104.34314337188961,-0.003997075641661661,-81977.74265646597,-1.0444136922635057,-3.1359834228402113,-0.29373683012277885,-1.170003954720468,-1.2329898411041027,-1.1863955463167521,0.5987529168738763
SOLUSDT,2023-07-02,S1_D10_T2_k6,S1,0.5222068461305357,19.1495,0.4790495833333333,0.4907124421296296,26879,-170.5006158907538,-15.687615864643753,-47.521867411681455,107.2911631113084,0.000030496879814096226,-85250.3079453769,-1.0444136922635057,-3.1716324247694074,-0.29278989201063654,-1.1671813564823406,-1.2431594964590453,-1.2363727814333203,0.5974924662375832
SOLUSDT,2023-07-02,S1_D10_T5_k3,S1,0.5222068461305357,19.1495,0.3335309259259259,0.3416810763888889,18157,-113.08289866576122,-10.419593200866935,-30.15535653672384,72.49590433170579,-0.012044596464659654,-56541.449332880606,-1.0444136922635057,-3.114030364756326,-0.2877417200279753,-1.167886873409109,-1.2388906268139315,-1.104622039198001,0.5911218813680674
SOLUSDT,2023-07-02,S1_D10_T5_k6,S1,0.5222068461305357,19.1495,0.3437983680555556,0.35090773148148147,18838,-118.33196866758885,-10.631609180396412,-32.47447714039488,75.21786532285438,-0.008017023943183895,-59165.98433379443,-2.0888273845270113,-3.1407784443037703,-0.28297892128863905,-1.1621762660185904,-1.2343216686636418,-1.1199272686697046,0.5891814417666419
SOLUSDT,2023-07-03,S0,S0,0.5179871021199499,19.305500000000002,0.8431315972222222,0.8610658217592593,32239,-202.2754609826208,-15.44378544974116,-58.0218072569997,128.81393944730777,0.004071171427831466,-101137.7304913104,3.107922612726944,-3.137123685328652,-0.23982673851748737,-1.05151820835937,-1.141363204785304,-1.1660417093381634,0.5596947796147523
SOLUSDT,2023-07-03,S1_D2_T2_k3,S1,0.5179871021199499,19.305500000000002,0.5469542824074074,0.5679442129629629,18521,-114.34871119629076,-9.81326564968464,-30.518764082774588,74.0247019761208,0.008020512289244011,-57174.355598145376,5.179871021211592,-3.0870015440929426,-0.2652479361414208,-1.1146242007521805,-1.1944375036063595,-1.0537010071014958,0.6036391123589439
SOLUSDT,2023-07-03,S1_D2_T2_k6,S1,0.5179871021199499,19.305500000000002,0.5562051273148149,0.5778581481481482,19005,-116.82076392737775,-9.963481909299682,-30.903110512548555,75.95819699049494,0.004025484965424457,-58410.38196368887,5.179871021211599,-3.073421834448244,-0.2624296705021936,-1.1038751830471845,-1.1762831409995693,-1.0283240595456526,0.6012628255722179
SOLUSDT,2023-07-03,S1_D2_T5_k3,S1,0.5179871021199499,19.305500000000002,0.40084908564814814,0.41708927083333336,13224,-84.06625324389385,-6.82758799305847,-24.37491906451543,52.85976638781694,-0.00397979850301732,-42033.126621946925,4.143896816969257,-3.178548595126053,-0.25839240097774074,-1.1061135361578138,-1.175382385665635,-1.095097493099431,0.5921052631578947
SOLUSDT,2023-07-03,S1_D2_T5_k6,S1,0.5179871021199499,19.305500000000002,0.41003702546296295,0.42689185185185186,13738,-86.4552820698761,-7.0927973893444705,-24.441221413586995,54.91327321229701,-0.007990054647639269,-43227.641034938046,4.143896816969269,-3.1465745403215934,-0.2583725181908066,-1.1137788331990852,-1.1927985042710363,-1.07773720363912,0.5905517542582618
SOLUSDT,2023-07-03,S1_D5_T2_k3,S1,0.5179871021199499,19.305500000000002,0.5468237037037037,0.5680262268518519,18523,-114.29652295977786,-9.817927533603733,-30.45401569500944,74.03260024345394,0.008020512289244011,-57148.261479888926,5.179871021211594,-3.0852594871181194,-0.2653412698890348,-1.1147270991461482,-1.1921083925836045,-1.0523468622505816,0.6040058305889975
SOLUSDT,2023-07-03,S1_D5_T2_k6,S1,0.5179871021199499,19.305500000000002,0.5561391898148148,0.5779544560185185,19009,-116.75385698376064,-9.969697754525136,-30.814016730983713,75.97416798321721,0.004025484965424389,-58376.928491880324,5.1798710212115875,-3.0710152292009214,-0.262535097665428,-1.1041342729465797,-1.173753084488467,-1.0266236832073172,0.6016623704560997
SOLUSDT,2023-07-03,S1_D5_T5_k3,S1,0.5179871021199499,19.305500000000002,0.40085171296296296,0.41717760416666666,13226,-84.02961311543305,-6.8156742897096825,-24.3422858770818,52.86767315013856,-0.00397979850301732,-42014.806557716525,4.1438968169692565,-3.176682788274348,-0.25789446816695,-1.1052872630985304,-1.1736258707367246,-1.0933413606623843,0.592166943898382
SOLUSDT,2023-07-03,S1_D5_T5_k6,S1,0.5179871021199499,19.305500000000002,0.410043125,0.4269766898148148,13742,-86.41418352282993,-7.083473621506286,-24.39356660019186,54.929153246484155,-0.007990054647639262,-43207.091761414966,4.14389681696926,-3.144163277646264,-0.2579504900600091,-1.1130867237779938,-1.1905131678994942,-1.0753922845942205,0.5905981662057924
SOLUSDT,2023-07-03,S1_D10_T2_k3,S1,0.5179871021199499,19.305500000000002,0.5468310763888888,0.5680262268518519,18523,-114.23746062003013,-9.823625391727067,-30.389267307244296,74.03258843334802,0.008020512289244011,-57118.73031001507,5.179871021211593,-3.083665189764891,-0.26549762991385795,-1.114825147088105,-1.1908478007126782,-1.0513548875045335,0.6040058305889975
SOLUSDT,2023-07-03,S1_D10_T2_k6,S1,0.5179871021199499,19.305500000000002,0.5561465625,0.5779544560185185,19009,-116.6947946440129,-9.97539561264847,-30.749268343218567,75.9741561731113,0.004025484965424389,-58347.39732200645,5.1798710212115875,-3.069461692987871,-0.26268746005902044,-1.1042298141128097,-1.1725247219641275,-1.025657070117673,0.6016623704560997
SOLUSDT,2023-07-03,S1_D10_T5_k3,S1,0.5179871021199499,19.305500000000002,0.40085171296296296,0.41717760416666666,13226,-84.02961311543305,-6.8156742897096825,-24.3422858770818,52.86767315013856,-0.00397979850301732,-42014.806557716525,4.1438968169692565,-3.176682788274348,-0.25789446816695,-1.1052872630985304,-1.1736258707367246,-1.0933413606623843,0.592166943898382
SOLUSDT,2023-07-03,S1_D10_T5_k6,S1,0.5179871021199499,19.305500000000002,0.410043125,0.4269766898148148,13742,-86.41418352282993,-7.083473621506286,-24.39356660019186,54.929153246484155,-0.007990054647639262,-43207.091761414966,4.14389681696926,-3.144163277646264,-0.2579504900600091,-1.1130867237779938,-1.1905131678994942,-1.0753922845942205,0.5905981662057924
SOLUSDT,2023-07-04,S0,S0,0.515556930372835,19.3965,0.8564480787037037,0.8504996064814815,31439,-200.44432026396439,-14.627381228571837,-59.893795272342516,125.92306529528523,-0.00007846776480292892,-100222.1601319822,-3.0933415822442196,-3.1878291336232767,-0.23216816361435696,-1.0982255300890404,-1.1389567317262113,-1.2326124348059824,0.5648398485956933
SOLUSDT,2023-07-04,S1_D2_T2_k3,S1,0.515556930372835,19.3965,0.5297367939814814,0.5316723842592592,16542,-100.9735050653464,-8.7082721109474,-26.1041940556286,66.16285041115665,0.0018115123862552512,-50486.7525326732,-4.124455442992293,-3.0520343690408174,-0.263123168008115,-1.1772067042654892,-1.225727105886715,-1.1851559551308912,0.6235642606698102
SOLUSDT,2023-07-04,S1_D2_T2_k6,S1,0.515556930372835,19.3965,0.5372841666666667,0.5389796990740741,17060,-104.22193493671497,-8.95677055138776,-27.021885391694333,68.24099667465781,-0.0022823189750728248,-52110.967468357485,-4.124455442992293,-3.0545701915801575,-0.2624166856419661,-1.175253042821671,-1.2288386196529295,-1.1750497128073896,0.6203399765533412
SOLUSDT,2023-07-04,S1_D2_T5_k3,S1,0.515556930372835,19.3965,0.38180469907407405,0.3743784259259259,11470,-66.62200572268162,-5.92426468692786,-14.83721289923427,45.86044966875468,-0.00007846776480292892,-33311.002861340814,-4.124455442992293,-2.904185079454299,-0.2583084836104919,-1.1666281810606518,-1.2076550299998765,-1.1462021328433123,0.6163034001743679
SOLUSDT,2023-07-04,S1_D2_T5_k6,S1,0.515556930372835,19.3965,0.3896288773148148,0.38103480324074074,11932,-69.6640622277211,-6.119660763539637,-15.828628876343453,47.71372567215735,-0.002046915680664038,-34832.031113860554,-4.124455442992293,-2.9192114577489567,-0.2564362328753255,-1.1671086230774923,-1.1988427218919628,-1.1277739501365112,0.6128059001005699
SOLUSDT,2023-07-04,S1_D5_T2_k3,S1,0.515556930372835,19.3965,0.529739224537037,0.5315886458333333,16542,-101.1405706699658,-8.695383187688059,-26.284123424329135,66.16287557033486,0.0018115123862552512,-50570.2853349829,-4.124455442992293,-3.05708410923606,-0.2627356220039431,-1.1787278902233271,-1.2267108169043088,-1.1900716363174517,0.6234433563051626
SOLUSDT,2023-07-04,S1_D5_T2_k6,S1,0.515556930372835,19.3965,0.5373150462962963,0.5390298726851852,17062,-104.18261361585812,-8.961926120691519,-26.969298584796157,68.24910659139536,-0.0022823189750728248,-52091.30680792905,-4.124455442992293,-3.053059829324174,-0.26253448941693747,-1.1772050480816374,-1.2223429685972842,-1.1744598763916356,0.620208650802954
SOLUSDT,2023-07-04,S1_D5_T5_k3,S1,0.515556930372835,19.3965,0.38186600694444445,0.3742259837962963,11462,-66.34751228314357,-5.907766865155878,-14.611398963730464,45.82826798649242,-0.00007846776480292892,-33173.75614157179,-4.124455442992293,-2.894238016190175,-0.2577767455376009,-1.16752878569198,-1.202191426354638,-1.1478864353379954,0.6161228406909789
SOLUSDT,2023-07-04,S1_D5_T5_k6,S1,0.515556930372835,19.3965,0.3896724537037037,0.3809777662037037,11926,-69.46148897997023,-6.117598535818123,-15.652308406155552,47.68953512231589,-0.002046915680664038,-34730.74448998511,-4.124455442992293,-2.9121871952025082,-0.25647872231226737,-1.1689349848783648,-1.1979706874135743,-1.130860908503961,0.6126111017943988
SOLUSDT,2023-07-04,S1_D10_T2_k3,S1,0.515556930372835,19.3965,0.5297439120370371,0.5315886458333333,16542,-101.12406954862948,-8.694867630757685,-26.26814115948754,66.1628722707705,0.0018115123862552512,-50562.034774314736,-4.124455442992293,-3.0565853448382745,-0.26271991842115217,-1.179087363844224,-1.2259125181073882,-1.189414268301002,0.6234433563051626
SOLUSDT,2023-07-04,S1_D10_T2_k6,S1,0.515556930372835,19.3965,0.5373197337962963,0.5390298726851852,17062,-104.1661124945218,-8.961410563761149,-26.953316319954563,68.249103291831,-0.0022823189750728248,-52083.056247260894,-4.124455442992293,-3.052576265810626,-0.26251926443355167,-1.1775535659949465,-1.2215689996195176,-1.1738225430351648,0.620208650802954
SOLUSDT,2023-07-04,S1_D10_T5_k3,S1,0.515556930372835,19.3965,0.38186600694444445,0.3742259837962963,11462,-66.34751228314357,-5.907766865155878,-14.611398963730464,45.82826798649242,-0.00007846776480292892,-33173.75614157179,-4.124455442992293,-2.894238016190175,-0.2577767455376009,-1.16752878569198,-1.202191426354638,-1.1478864353379954,0.6161228406909789
SOLUSDT,2023-07-04,S1_D10_T5_k6,S1,0.515556930372835,19.3965,0.3896724537037037,0.3809777662037037,11926,-69.46148897997023,-6.117598535818123,-15.652308406155552,47.68953512231589,-0.002046915680664038,-34730.74448998511,-4.124455442992293,-2.9121871952025082,-0.25647872231226737,-1.1689349848783648,-1.1979706874135743,-1.130860908503961,0.6126111017943988
SOLUSDT,2023-07-05,S0,S0,0.532240466241408,18.7885,0.8745477893518518,0.8575538194444444,26757,-166.30015525454345,-11.688000638687974,-47.14745722117256,107.46264193522633,-0.002055459456582465,-83150.07762727173,-5.32240466242655,-3.1076009129301387,-0.21780239491311223,-1.0463903369604828,-1.0949410644552178,-1.1281781401555824,0.5837724707553164
SOLUSDT,2023-07-05,S1_D2_T2_k3,S1,0.532240466241408,18.7885,0.5678845833333334,0.5426181944444445,14511,-92.13687459984533,-7.467333741384079,-26.36346701439706,58.3077759267637,0.001702082699523643,-46068.43729992266,-5.32240466242647,-3.1747251946745685,-0.2565111445589048,-1.105590912817719,-1.0925277367349417,-1.1618087799286665,0.638205499276411
SOLUSDT,2023-07-05,S1_D2_T2_k6,S1,0.532240466241408,18.7885,0.5750650810185185,0.5523049189814815,14993,-94.2517862856958,-7.618490033797093,-26.397530404236573,60.23831897171142,0.002553124049285483,-47125.8931428479,-5.322404662426469,-3.143193032938565,-0.2532905482014205,-1.1039128591434004,-1.0812772247680151,-1.1172125865810862,0.633362235709998
SOLUSDT,2023-07-05,S1_D2_T5_k3,S1,0.532240466241408,18.7885,0.4131080208333333,0.39641650462962963,10327,-67.33965844153573,-5.220746733373929,-20.631769433429923,41.493806317694336,0.006664042962450442,-33669.82922076787,-5.322404662426491,-3.2603688603435526,-0.2519430705268412,-1.084126188843004,-1.0006589099206136,-1.3163816756469533,0.6320325360704948
SOLUSDT,2023-07-05,S1_D2_T5_k6,S1,0.532240466241408,18.7885,0.42026162037037035,0.40618657407407405,10799,-69.31877429482901,-5.333049471751192,-20.606754131516496,43.386485775873545,0.007515084312212257,-34659.387147414505,-5.322404662426496,-3.2094996895466714,-0.2461092636878089,-1.078772897123114,-0.9788754558915146,-1.3093795558794066,0.6278359107324752
SOLUSDT,2023-07-05,S1_D5_T2_k3,S1,0.532240466241408,18.7885,0.5679071296296296,0.5426286574074074,14523,-92.42264813152694,-7.365675812331739,-26.7035686723261,58.35510572956863,0.0017020826995236455,-46211.32406576347,-5.322404662426473,-3.181940650400294,-0.2527329122692805,-1.08922190553575,-1.0371533866304468,-1.151352323768309,0.6385044412311506
SOLUSDT,2023-07-05,S1_D5_T2_k6,S1,0.532240466241408,18.7885,0.5750881712962963,0.5523177893518518,15007,-94.78405102210371,-7.5194933070759635,-26.973414588711112,60.29369625036591,0.0025531240492854715,-47392.02551105185,-5.322404662426455,-3.1579946365730565,-0.24968937711689973,-1.0875615912859082,-1.034168453015963,-1.1221993414481939,0.6333710934897048
SOLUSDT,2023-07-05,S1_D5_T5_k3,S1,0.532240466241408,18.7885,0.4130771296296296,0.39655024305555553,10337,-67.51726878829038,-5.209569683582833,-20.781329004444096,41.53303414322591,0.006664042962450434,-33758.634394145185,-5.322404662426489,-3.265805784477623,-0.2511470493718968,-1.079780998160366,-0.9945576585084527,-1.3223120159208548,0.6317113282383671
SOLUSDT,2023-07-05,S1_D5_T5_k6,S1,0.532240466241408,18.7885,0.42024239583333334,0.4063671990740741,10811,-69.07631576966733,-5.312824334033958,-20.337440455597722,43.43356606434787,0.007515084312212258,-34538.157884833665,-5.3224046624264965,-3.194723696682422,-0.24488270046551724,-1.0724301877091338,-0.9656459969273565,-1.2867592291137855,0.6277865137360096
SOLUSDT,2023-07-05,S1_D10_T2_k3,S1,0.532240466241408,18.7885,0.5679041550925926,0.5426286574074074,14523,-92.56851118605498,-7.360885648135563,-26.854192724272767,58.35513489634617,0.0017020826995236462,-46284.25559302749,-5.322404662426473,-3.1869624452955647,-0.2525672308574384,-1.089293595348891,-1.0439956406473423,-1.1021845327646076,0.6385044412311506
SOLUSDT,2023-07-05,S1_D10_T2_k6,S1,0.532240466241408,18.7885,0.5750816898148148,0.5523167013888889,15011,-94.82232102769225,-7.500864890757473,-27.014397104611795,60.30961215637227,0.00255312404928547,-47411.16051384613,-5.322404662426463,-3.158427853830266,-0.24899828377776073,-1.0862179593436678,-1.0365719011442645,-1.079289382765861,0.6334021717407234
SOLUSDT,2023-07-05,S1_D10_T5_k3,S1,0.532240466241408,18.7885,0.41307208333333334,0.39655024305555553,10337,-67.63438510944428,-5.215424328711507,-20.892567261888807,41.53305756180643,0.006664042962450434,-33817.19255472214,-5.322404662426491,-3.2714706931142636,-0.25143253633464524,-1.0822656527085286,-1.0043772161460527,-1.251836307595983,0.631808068104866
SOLUSDT,2023-07-05,S1_D10_T5_k6,S1,0.532240466241408,18.7885,0.4202376388888889,0.4063820601851852,10827,-68.99869403296671,-5.4251270724111595,-20.083561753199994,43.49752029166778,0.007515084312212257,-34499.347016483356,-5.322404662426478,-3.1864179381623123,-0.24982856789449015,-1.0953965326581316,-1.0048307036295836,-1.2141555131178068,0.6277823958621963
SOLUSDT,2023-07-06,S0,S0,0.505906457894756,19.7665,0.7419057638888888,0.754557349537037,69520,-435.9553631143588,-35.65628715250433,-120.26711860976889,280.02599145018087,-0.005965901904737848,-217977.6815571794,2.0236258315837024,-3.1354672260814067,-0.2552024783609794,-1.0874024007675847,-1.0741175985337124,-1.0632900681649264,0.565952243958573
SOLUSDT,2023-07-06,S1_D2_T2_k3,S1,0.505906457894756,19.7665,0.3799693055555556,0.38140618055555553,29477,-181.79036354438009,-15.992209040548211,-47.24154503832203,118.55068525029722,-0.005924215212607192,-90895.18177219004,1.0118129157918574,-3.083596762634937,-0.27029285022508054,-1.1179079637930995,-1.1026164020843408,-0.902719830938384,0.6070834888217933
SOLUSDT,2023-07-06,S1_D2_T2_k6,S1,0.505906457894756,19.7665,0.39453091435185184,0.3978227199074074,31371,-194.67661174208826,-16.73487972073965,-51.72084081653238,126.21297488174437,-0.007916323071863976,-97338.30587104413,-1.0118129157918894,-3.102811700967267,-0.26565735349878256,-1.1116841915646885,-1.0950748393579117,-0.8851536272802801,0.6000127506295624
SOLUSDT,2023-07-06,S1_D2_T5_k3,S1,0.505906457894756,19.7665,0.2590091898148148,0.2632512037037037,19807,-125.52348503781622,-10.576480408772188,-35.28141046720453,79.64771729947134,-0.01787686236814811,-62761.742518908104,1.0118129157918387,-3.1686647406930937,-0.266126362589682,-1.1308343429609415,-1.0772144039166294,-0.9865278706341545,0.6039783914777603
SOLUSDT,2023-07-06,S1_D2_T5_k6,S1,0.505906457894756,19.7665,0.27748572916666664,0.28094747685185184,21679,-135.42172154908513,-11.353552728100297,-36.83454329294496,87.21574866567173,-0.017876862368148148,-67710.86077454257,1.0118129157918894,-3.123338750613154,-0.2607553130597451,-1.1040665801226066,-1.082110831294847,-0.8996386597232826,0.5937081968725495
SOLUSDT,2023-07-06,S1_D5_T2_k3,S1,0.505906457894756,19.7665,0.3802009490740741,0.38132357638888886,29513,-182.31611570080634,-16.034705183011482,-47.57949055219648,118.69599575038576,-0.005924215212607215,-91158.05785040317,1.0118129157918405,-3.0887425151764702,-0.270701971328325,-1.117289692289895,-1.101223819626618,-0.9022068174971168,0.60722393521499
SOLUSDT,2023-07-06,S1_D5_T2_k6,S1,0.505906457894756,19.7665,0.3947059953703704,0.39763494212962963,31399,-194.80966230743866,-16.75865732426076,-51.71729947132707,126.32578918877898,-0.007916323071863978,-97404.83115371934,-1.011812915791893,-3.102163481439515,-0.26580550484467375,-1.1089044800260575,-1.0995496537081075,-0.8799848530205244,0.6000191088888182
SOLUSDT,2023-07-06,S1_D5_T5_k3,S1,0.505906457894756,19.7665,0.2593963310185185,0.2632495138888889,19847,-125.19119211797708,-10.6493309387092,-34.71985429894005,79.80413001795968,-0.017876862368148127,-62595.59605898854,1.0118129157918778,-3.153907192975691,-0.26746062499751655,-1.1275368445653229,-1.0702183034109525,-0.9495780636390913,0.6038696024588099
SOLUSDT,2023-07-06,S1_D5_T5_k6,S1,0.505906457894756,19.7665,0.2779052893518518,0.28076577546296294,21717,-135.3694108213387,-11.436015480737373,-36.54769433131793,87.36782414691524,-0.01787686236814815,-67684.70541066935,1.0118129157918725,-3.116669218154872,-0.2622037640947372,-1.0989880126321552,-1.0650713287139124,-0.8816558977827873,0.5935442280241285
SOLUSDT,2023-07-06,S1_D10_T2_k3,S1,0.505906457894756,19.7665,0.38021645833333334,0.3813037731481482,29513,-182.54577517516952,-16.029140211974628,-47.81473705511809,118.69597369286419,-0.005924215212607208,-91272.88758758476,1.0118129157918387,-3.0926333340421093,-0.270606354388422,-1.1176469238969922,-1.1038639983531664,-0.9077791638948237,0.6071561684681327
SOLUSDT,2023-07-06,S1_D10_T2_k6,S1,0.505906457894756,19.7665,0.3947296875,0.39759972222222223,31397,-194.90812445298798,-16.75713960488707,-51.82505754685892,126.31801097817014,-0.007916323071864021,-97454.06222649399,-1.0118129157918831,-3.103929108720387,-0.2657993677746534,-1.1087525411099826,-1.1008828944790436,-0.8839156359656203,0.6000573303181833
SOLUSDT,2023-07-06,S1_D10_T5_k3,S1,0.505906457894756,19.7665,0.2593974884259259,0.2632526041666667,19847,-125.26706290946774,-10.644777780588145,-34.8002934257455,79.80411484076595,-0.017876862368148123,-62633.531454733864,1.0118129157918796,-3.1558185849112648,-0.2673458070452635,-1.1279462100269295,-1.0715088641043797,-0.9518117706430899,0.6038192170101275
SOLUSDT,2023-07-06,S1_D10_T5_k6,S1,0.505906457894756,19.7665,0.27791131944444447,0.2807688657407407,21717,-135.29955141274334,-11.427415070953149,-36.48647964991251,87.36777982950953,-0.01787686236814815,-67649.77570637167,1.0118129157918743,-3.1150608144021583,-0.26200514904242633,-1.0959876402274342,-1.0624192382531443,-0.8798781940470671,0.5935442280241285
SOLUSDT,2023-07-07,S0,S0,0.48238103277666694,20.7305,0.7255601388888889,0.7466233796296297,74654,-461.2399213852087,-35.99334314174655,-128.31431948095766,296.94900287016713,0.01674410766262274,-230619.96069260433,1.9295241311111744,-3.089184245889093,-0.24293454301005044,-1.0085728457509577,-1.0464163848115657,-1.0710455220282438,0.5372920406140327
SOLUSDT,2023-07-07,S1_D2_T2_k3,S1,0.48238103277666694,20.7305,0.39074907407407405,0.40581516203703705,34473,-215.30023568109726,-17.19398953233102,-61.078603989291054,137.01935582836884,-0.008286331106340807,-107650.11784054863,-4.823810327777907,-3.122737151989923,-0.2516603249027045,-1.0270877342750167,-1.0370327516984224,-1.051672341580511,0.5660661967336756
SOLUSDT,2023-07-07,S1_D2_T2_k6,S1,0.48238103277666694,20.7305,0.4127891087962963,0.4265111226851852,36825,-229.12225429997287,-18.407177829767104,-64.29463833482066,146.42150107329783,0.0010629379127372347,-114561.12714998642,-4.823810327777889,-3.1109606829595773,-0.25201963426721263,-1.0293335613254162,-1.0479987223194651,-1.0453477936594149,0.5633944331296673
SOLUSDT,2023-07-07,S1_D2_T5_k3,S1,0.48238103277666694,20.7305,0.27730212962962963,0.2802867013888889,23199,-147.92424880186164,-11.499481440389737,-44.22662260919865,92.1898584211669,-0.008286331106340828,-73962.12440093083,-4.823810327777897,-3.188160024179095,-0.2502870956961727,-1.0299457044123932,-1.099779263814679,-1.077217145293606,0.5600672442777705
SOLUSDT,2023-07-07,S1_D2_T5_k6,S1,0.48238103277666694,20.7305,0.30072184027777776,0.3081213078703704,25947,-159.70452836424047,-12.619570198499297,-43.926581606811084,103.16411413135236,0.0057375724222763005,-79852.26418212024,-4.823810327777913,-3.0775143246664447,-0.24537405334433038,-1.0289243648615625,-1.038467318197503,-0.9782797713257207,0.5528577484873011
SOLUSDT,2023-07-07,S1_D5_T2_k3,S1,0.48238103277666694,20.7305,0.3910225462962963,0.40594288194444444,34533,-215.30015232565475,-17.197366199560456,-60.83982537806601,137.25467441692194,-0.008286331106340786,-107650.07616282738,-4.82381032777792,-3.117310287632913,-0.2512715885129449,-1.0224323334231855,-1.0332296895114848,-1.0582860687689153,0.56583557756349
SOLUSDT,2023-07-07,S1_D5_T2_k6,S1,0.48238103277666694,20.7305,0.41301921296296296,0.4266506481481481,36909,-229.23564606572862,-18.428402595209306,-64.05634210462846,146.7519643038036,0.0010629379127372364,-114617.8230328643,-4.8238103277779105,-3.1054166472368343,-0.251752465414613,-1.0269907910187446,-1.0443141854301932,-1.0515060062947224,0.5632230621257688
SOLUSDT,2023-07-07,S1_D5_T5_k3,S1,0.48238103277666694,20.7305,0.27746782407407405,0.28034747685185185,23253,-146.60413052203236,-11.519259062733635,-42.67480282675246,92.40178230143991,-0.008286331106340859,-73302.06526101618,-4.823810327777906,-3.1523702430231015,-0.25015537501323193,-1.0277772388774107,-1.077016050646599,-1.0588679482521859,0.5611318969595321
SOLUSDT,2023-07-07,S1_D5_T5_k6,S1,0.48238103277666694,20.7305,0.30090827546296295,0.30829983796296295,26019,-158.60407116349762,-12.613781626105993,-42.54600709100103,103.45002001881288,0.0057375724222762554,-79302.03558174882,-4.823810327777918,-3.0478510158633614,-0.2445750061037836,-1.0216040205241534,-1.0261018726666056,-0.9498395159518348,0.55394135055152
SOLUSDT,2023-07-07,S1_D10_T2_k3,S1,0.48238103277666694,20.7305,0.39100005787037034,0.4059286226851852,34537,-215.3652330521206,-17.174694291019904,-60.9117001519499,137.27055227804445,-0.008286331106340777,-107682.6165260603,-4.823810327777914,-3.1178914360268783,-0.25091609770114964,-1.0203248805938419,-1.033975546233401,-1.0595756230205373,0.5657121348119408
SOLUSDT,2023-07-07,S1_D10_T2_k6,S1,0.48238103277666694,20.7305,0.4130151851851852,0.4266479398148148,36911,-229.40372845640903,-18.42840259520931,-64.21649260751067,146.75989619160177,0.0010629379127372017,-114701.8642282045,-4.823810327777915,-3.1075252425619606,-0.2517380976918032,-1.0270235770457696,-1.0458172529285468,-1.0538289621657544,0.5632196364227466
SOLUSDT,2023-07-07,S1_D10_T5_k3,S1,0.48238103277666694,20.7305,0.27746782407407405,0.28033138888888887,23253,-146.60316595291923,-11.519259062733639,-42.673838064686905,92.40178249439234,-0.008286331106340859,-73301.58297645961,-4.823810327777906,-3.152349502277539,-0.25015537555559986,-1.0275613108150083,-1.0767789577491895,-1.0588463500784477,0.5611318969595321
SOLUSDT,2023-07-07,S1_D10_T5_k6,S1,0.48238103277666694,20.7305,0.30090827546296295,0.3082811921296296,26019,-158.64844134270217,-12.613781626105993,-42.590386146016584,103.45001114300187,0.0057375724222762554,-79324.22067135108,-4.823810327777918,-3.0487036654502897,-0.24457498385961254,-1.0215847865657532,-1.025969116077523,-0.9504759746656051,0.5539797840039971
SOLUSDT,2023-07-08,S0,S0,0.45870507557059215,21.8005,0.7689996527777778,0.8024063888888889,62689,-364.13575547498897,-18.192702002248218,-94.90057567486915,251.03484672369902,-0.00763107417261076,-182067.87773749448,0.9174101511433461,-2.904303430226906,-0.144968266901629,-0.8219024901891565,-0.8837413708365089,-0.8774734259613883,0.48590661838600074
SOLUSDT,2023-07-08,S1_D2_T2_k3,S1,0.45870507557059215,21.8005,0.4053013657407407,0.4339790046296296,27085,-153.61537225465008,-8.611270383707241,-36.67530561225611,108.33734107015894,0.008544811472213948,-76807.68612732504,0.9174101511433266,-2.835801592295553,-0.15907899731860486,-0.8879283250938772,-0.9520536713106371,-0.8484181290161912,0.5264168358870224
SOLUSDT,2023-07-08,S1_D2_T2_k6,S1,0.45870507557059215,21.8005,0.4306218287037037,0.4621562384259259,29411,-166.50278511215325,-9.189238778927429,-39.67248457604133,117.64960656865668,0.00854481147221394,-83251.39255607664,0.9174101511433128,-2.8306209430511244,-0.15632449143933433,-0.8787235774335633,-0.9397925227165493,-0.8461574383649202,0.5193635034510897
SOLUSDT,2023-07-08,S1_D2_T5_k3,S1,0.45870507557059215,21.8005,0.2924966898148148,0.3088093981481482,18524,-101.61563524093475,-5.615467535148322,-21.93802894429012,74.0709486479668,0.00880988647049378,-50807.81762046738,1.8348203022866372,-2.742810279662458,-0.15168438262472064,-0.8663464262638747,-0.9468044872484906,-0.7791925335889524,0.5137659252861153
SOLUSDT,2023-07-08,S1_D2_T5_k6,S1,0.45870507557059215,21.8005,0.32109225694444443,0.3420697222222222,21110,-116.6130268038575,-6.28013118965157,-25.900782092153676,84.44065833352447,0.008544811472213922,-58306.51340192874,1.8348203022866438,-2.7620328470833133,-0.14881049109315006,-0.8677403726727101,-0.9405050030977236,-0.8445682902202966,0.5070108953102795
SOLUSDT,2023-07-08,S1_D5_T2_k3,S1,0.45870507557059215,21.8005,0.40535784722222223,0.4340349421296296,27095,-153.50894955792293,-8.635581752712511,-36.50512602921904,108.3767865874636,0.008544811472213936,-76754.47477896146,0.9174101511433381,-2.8327910972120858,-0.15946918829335555,-0.8902479766105171,-0.9541812891007782,-0.8494270059867249,0.5267761579627237
SOLUSDT,2023-07-08,S1_D5_T2_k6,S1,0.45870507557059215,21.8005,0.43071746527777777,0.4620361574074074,29437,-166.79737395185876,-9.241072452466998,-39.81147221393956,117.7533740969244,0.008544811472213944,-83398.68697592938,0.917410151143319,-2.833124536329428,-0.15706864966117692,-0.8815993382536536,-0.9459698969653286,-0.8522521680828222,0.5197200801712131
SOLUSDT,2023-07-08,S1_D5_T5_k3,S1,0.45870507557059215,21.8005,0.29240924768518517,0.3088963425925926,18532,-101.34034118804605,-5.637944083851329,-21.608219994954105,74.1029869957111,0.008809886470493798,-50670.170594023024,1.8348203022866327,-2.7341987154124228,-0.15222240440975324,-0.8694394180778637,-0.9578117707116445,-0.7693465357801229,0.5141916684653572
SOLUSDT,2023-07-08,S1_D5_T5_k6,S1,0.45870507557059215,21.8005,0.3211075,0.3419208912037037,21126,-116.09546986709002,-6.31545148047059,-25.2838237655098,84.50473943258184,0.008544811472213922,-58047.73493354501,1.8348203022866567,-2.7476917037557986,-0.14953860732314497,-0.871616112215134,-0.9455613406886617,-0.8286655173566079,0.5074316008709647
SOLUSDT,2023-07-08,S1_D10_T2_k3,S1,0.45870507557059215,21.8005,0.40535784722222223,0.4340349421296296,27095,-153.50894955792293,-8.635581752712511,-36.50512602921904,108.3767865874636,0.008544811472213936,-76754.47477896146,0.9174101511433381,-2.8327910972120858,-0.15946918829335555,-0.8902479766105171,-0.9541812891007782,-0.8494270059867249,0.5267761579627237
SOLUSDT,2023-07-08,S1_D10_T2_k6,S1,0.45870507557059215,21.8005,0.43071746527777777,0.4620361574074074,29437,-166.79737395185876,-9.241072452466998,-39.81147221393956,117.7533740969244,0.008544811472213944,-83398.68697592938,0.917410151143319,-2.833124536329428,-0.15706864966117692,-0.8815993382536536,-0.9459698969653286,-0.8522521680828222,0.5197200801712131
SOLUSDT,2023-07-08,S1_D10_T5_k3,S1,0.45870507557059215,21.8005,0.29240924768518517,0.3088963425925926,18532,-101.34034118804605,-5.637944083851329,-21.608219994954105,74.1029869957111,0.008809886470493798,-50670.170594023024,1.8348203022866327,-2.7341987154124228,-0.15222240440975324,-0.8694394180778637,-0.9578117707116445,-0.7693465357801229,0.5141916684653572
SOLUSDT,2023-07-08,S1_D10_T5_k6,S1,0.45870507557059215,21.8005,0.3211075,0.3419208912037037,21126,-116.09546986709002,-6.31545148047059,-25.2838237655098,84.50473943258184,0.008544811472213922,-58047.73493354501,1.8348203022866567,-2.7476917037557986,-0.14953860732314497,-0.871616112215134,-0.9455613406886617,-0.8286655173566079,0.5074316008709647
SOLUSDT,2023-07-09,S0,S0,0.46260958064333696,21.616500000000002,0.8319311921296296,0.8456106134259259,39166,-229.22877184057512,-11.66285013762621,-61.13431869173991,156.43511687831054,0.0035138671015197153,-114614.38592028756,1.8504383225776542,-2.9263745575317257,-0.14893084022590566,-0.9003792391053075,-0.9451005440246103,-0.9545590508546934,0.45899504672419955
SOLUSDT,2023-07-09,S1_D2_T2_k3,S1,0.46260958064333696,21.616500000000002,0.5035169560185185,0.5151038541666667,19604,-113.86522147357803,-6.788332986375986,-28.77801679272792,78.28820502856614,-0.010666665907986962,-56932.610736789014,-1.8504383225776477,-2.904132357518314,-0.17333477120060284,-0.9739287398414835,-0.9869629399719047,-0.8388608517045154,0.5136706794531728
SOLUSDT,2023-07-09,S1_D2_T2_k6,S1,0.46260958064333696,21.616500000000002,0.521167650462963,0.5336136574074074,20615,-118.46985682157609,-7.011773413827145,-29.117572224921012,82.32984451691995,-0.010666665907986927,-59234.928410788045,-0.9252191612888279,-2.8733896876443383,-0.17026070031541182,-0.9661755318968257,-0.9615882158846701,-0.8064036065940853,0.508464710162503
SOLUSDT,2023-07-09,S1_D2_T5_k3,S1,0.46260958064333696,21.616500000000002,0.37323961805555556,0.38180895833333334,13924,-81.48831148716475,-4.738509934540716,-21.14357088335286,55.602925913075666,-0.0033047561954988006,-40744.15574358238,-3.70087664515533,-2.926181825882101,-0.1703172058199614,-0.9675199285668733,-0.9500141367965447,-0.865599714281126,0.5043091065785694
SOLUSDT,2023-07-09,S1_D2_T5_k6,S1,0.46260958064333696,21.616500000000002,0.3940492013888889,0.39822979166666667,14917,-85.73991131774325,-5.009136539217732,-21.157449170772175,59.57529165221012,0.0019660444567806846,-42869.95565887162,-4.626095806444171,-2.8738992866442064,-0.16804043046736794,-0.9557008279303227,-0.9456574655497572,-0.7986338833374165,0.49487162298049203
SOLUSDT,2023-07-09,S1_D5_T2_k3,S1,0.46260958064333696,21.616500000000002,0.5036132060185186,0.5149575,19614,-113.90409270620127,-6.810538246246925,-28.7548863136957,78.32800148035065,-0.01066666590798699,-56952.04635310064,-1.8504383225776464,-2.9036426202253813,-0.17381648698336014,-0.9761147590666261,-0.9912931563905989,-0.8345682537470113,0.5139696135413481
SOLUSDT,2023-07-09,S1_D5_T2_k6,S1,0.46260958064333696,21.616500000000002,0.5212284490740741,0.5335255208333334,20621,-118.51955959492052,-7.0284273587303545,-29.126824416533893,82.35364115374828,-0.01066666590798693,-59259.77979746026,-0.9252191612888419,-2.873758779761421,-0.17061652833033833,-0.9689216251140077,-0.9663017785201761,-0.8057705942634539,0.5086562242374278
SOLUSDT,2023-07-09,S1_D5_T5_k3,S1,0.46260958064333696,21.616500000000002,0.37328207175925926,0.38144224537037036,13932,-81.53684552366465,-4.743598639927812,-21.15513612286897,55.63480600467236,-0.003304756195498815,-40768.42276183233,-3.7008766451553337,-2.926243379402263,-0.1704007282162716,-0.9676659485817661,-0.9497521498703906,-0.8703070900713445,0.5046655182314097
SOLUSDT,2023-07-09,S1_D5_T5_k6,S1,0.46260958064333696,21.616500000000002,0.3940057986111111,0.39819483796296296,14921,-85.77648745171496,-5.016075682927404,-21.17086484861085,59.59151296463348,0.0019660444567807015,-42888.24372585748,-4.626095806444155,-2.874354515505494,-0.16822400823911335,-0.9563148556934091,-0.9467125805402687,-0.8019030321792241,0.4954091548823805
SOLUSDT,2023-07-09,S1_D10_T2_k3,S1,0.46260958064333696,21.616500000000002,0.5036125462962963,0.5149575,19614,-113.8309857739967,-6.800823445053398,-28.691508801147414,78.32798686188791,-0.01066666590798699,-56915.49288699835,-1.8504383225776446,-2.9017789786376236,-0.173575399194416,-0.9768667754564331,-0.9878098078466037,-0.8327564843291111,0.5139186295503212
SOLUSDT,2023-07-09,S1_D10_T2_k6,S1,0.46260958064333696,21.616500000000002,0.5212277893518519,0.5335255208333334,20621,-118.44645266271597,-7.018712557536828,-29.063446903985607,82.35362653528554,-0.01066666590798693,-59223.22633135798,-0.9252191612888423,-2.8719861467124765,-0.1703872137533367,-0.9696369177511093,-0.9629885348199713,-0.8040473002737012,0.508607729983997
SOLUSDT,2023-07-09,S1_D10_T5_k3,S1,0.46260958064333696,21.616500000000002,0.3732832291666667,0.3814460416666667,13932,-81.42296936424937,-4.743598639927809,-21.041334166030445,55.634731802095615,-0.0033047561954988114,-40711.48468212469,-3.7008766451553354,-2.9221565232647633,-0.17040193097283146,-0.9687958739946594,-0.9539613748866774,-0.8668246737256603,0.5046655182314097
SOLUSDT,2023-07-09,S1_D10_T5_k6,S1,0.46260958064333696,21.616500000000002,0.3940057986111111,0.39819483796296296,14921,-85.77648745171496,-5.016075682927404,-21.17086484861085,59.59151296463348,0.0019660444567807015,-42888.24372585748,-4.626095806444155,-2.874354515505494,-0.16822400823911335,-0.9563148556934091,-0.9467125805402687,-0.8019030321792241,0.4954091548823805
SOLUSDT,2023-07-10,S0,S0,0.47505938242169576,21.049999999999997,0.7953484490740741,0.806133113425926,51096,-314.633020054156,-21.880285035628262,-88.19667458432346,204.56626223277914,0.010201798574821806,-157316.510027078,1.9002375296912146,-3.078841984246869,-0.21365366862101434,-1.016345374542965,-1.057857852992638,-1.0195135544153484,0.5536832628777204
SOLUSDT,2023-07-10,S1_D2_T2_k3,S1,0.47505938242169576,21.049999999999997,0.4606015046296296,0.45733568287037035,25151,-156.8314875534437,-11.505938242279568,-44.66080760095036,100.66277263657959,-0.0019690736342042976,-78415.74377672185,0.9501187648455973,-3.117798249641042,-0.228395375401446,-1.0772787871754232,-1.0231699202131137,-0.9571041403693806,0.5956423203848753
SOLUSDT,2023-07-10,S1_D2_T2_k6,S1,0.47505938242169576,21.049999999999997,0.47441239583333333,0.4741576851851852,26338,-164.4384625076005,-11.83562945368096,-47.18574821852759,105.41815847981,0.0010736444180522752,-82219.23125380024,1.9002375296912173,-3.121696076156134,-0.22433880833994604,-1.066918136190598,-1.0231425345917666,-0.9570577460756524,0.5905915407396157
SOLUSDT,2023-07-10,S1_D2_T5_k3,S1,0.47505938242169576,21.049999999999997,0.32460688657407405,0.3210192361111111,17172,-110.68788447220845,-7.845130641329707,-34.11211401425166,68.73296532066509,0.0023255040380047685,-55343.94223610422,4.440892098500626e-16,-3.2229176703997338,-0.22807256557340014,-1.062859361259581,-0.9976427967910801,-1.1293935538747595,0.5931749359422316
SOLUSDT,2023-07-10,S1_D2_T5_k6,S1,0.47505938242169576,21.049999999999997,0.34322011574074074,0.33932091435185185,18556,-118.77590310475001,-8.363895486935313,-36.13871733966742,74.27454213776724,0.0012518596199524675,-59387.95155237501,1.9002375296912093,-3.2004716292506474,-0.2249885389472431,-1.051574991570791,-1.0181846333436875,-1.0639945659866032,0.5877883164475103
SOLUSDT,2023-07-10,S1_D5_T2_k3,S1,0.47505938242169576,21.049999999999997,0.4605654861111111,0.4573654398148148,25155,-156.6786738717335,-11.512589073633468,-44.48503562945393,100.6790800950119,-0.0019690736342043184,-78339.33693586676,0.9501187648455822,-3.114265034222491,-0.22849121255223617,-1.0758167053161518,-1.0205861769555573,-0.9578062356728535,0.5956668654343072
SOLUSDT,2023-07-10,S1_D5_T2_k6,S1,0.47505938242169576,21.049999999999997,0.47435498842592594,0.4742089699074074,26342,-164.26472074988075,-11.841330166270005,-46.99002375296941,105.4344404750594,0.0010736444180522756,-82132.36037494038,1.9002375296912284,-3.1179242417029984,-0.22441399536604809,-1.0644452893220397,-1.0170436415340467,-0.9556468859249246,0.5906537089059297
SOLUSDT,2023-07-10,S1_D5_T5_k3,S1,0.47505938242169576,21.049999999999997,0.3247558449074074,0.3210425810185185,17194,-110.83013017292106,-7.852731591448505,-34.15771971496423,68.82200437054632,0.0023255040380047633,-55415.065086460534,6.217248937900877e-15,-3.2229303877201656,-0.22800085850444882,-1.0659053502187106,-1.0019353592593978,-1.1351000076282651,0.5932301965802024
SOLUSDT,2023-07-10,S1_D5_T5_k6,S1,0.47505938242169576,21.049999999999997,0.3431662384259259,0.3393643171296296,18576,-118.51991849667401,-8.367695961994709,-35.79762470308784,74.35584969121142,0.0012518596199524645,-59259.95924833701,1.9002375296912044,-3.190135618450528,-0.22484751262321648,-1.0512241440021464,-1.0101203672312549,-1.048950114433406,0.5876399655469423
SOLUSDT,2023-07-10,S1_D10_T2_k3,S1,0.47505938242169576,21.049999999999997,0.4605654861111111,0.4573654398148148,25155,-156.6786738717335,-11.512589073633468,-44.48503562945393,100.6790800950119,-0.0019690736342043184,-78339.33693586676,0.9501187648455822,-3.114265034222491,-0.22849121255223617,-1.0758167053161518,-1.0205861769555573,-0.9578062356728535,0.5956668654343072
SOLUSDT,2023-07-10,S1_D10_T2_k6,S1,0.47505938242169576,21.049999999999997,0.47435498842592594,0.4742089699074074,26342,-164.26472074988075,-11.841330166270005,-46.99002375296941,105.4344404750594,0.0010736444180522756,-82132.36037494038,1.9002375296912284,-3.1179242417029984,-0.22441399536604809,-1.0644452893220397,-1.0170436415340467,-0.9556468859249246,0.5906537089059297
SOLUSDT,2023-07-10,S1_D10_T5_k3,S1,0.47505938242169576,21.049999999999997,0.3247558449074074,0.3210425810185185,17194,-110.83013017292106,-7.852731591448505,-34.15771971496423,68.82200437054632,0.0023255040380047633,-55415.065086460534,6.217248937900877e-15,-3.2229303877201656,-0.22800085850444882,-1.0659053502187106,-1.0019353592593978,-1.1351000076282651,0.5932301965802024
SOLUSDT,2023-07-10,S1_D10_T5_k6,S1,0.47505938242169576,21.049999999999997,0.3431662384259259,0.3393643171296296,18576,-118.51991849667401,-8.367695961994709,-35.79762470308784,74.35584969121142,0.0012518596199524645,-59259.95924833701,1.9002375296912044,-3.190135618450528,-0.22484751262321648,-1.0512241440021464,-1.0101203672312549,-1.048950114433406,0.5876399655469423
SOLUSDT,2023-07-11,S0,S0,0.454886619509027,21.9835,0.8043905555555556,0.8258687615740741,50425,-294.8258259905158,-16.340437146042156,-77.15104510200767,201.33713830827668,0.0027945658107216814,-147412.91299525788,4.548866195100853,-2.923409281016517,-0.16252159737135916,-0.8986304435124136,-0.9498006321180527,-0.9034723403340138,0.5316013882002975
SOLUSDT,2023-07-11,S1_D2_T2_k3,S1,0.454886619509027,21.9835,0.4458946643518519,0.46472284722222224,23849,-136.82503163157844,-8.601451088316377,-33.079354970773565,95.14302999977257,-0.0011955727159005558,-68412.51581578921,4.548866195100885,-2.8685695759062946,-0.1810489457450906,-0.946681269073365,-0.9937077860472823,-0.8844338733653588,0.5775504214013166
SOLUSDT,2023-07-11,S1_D2_T2_k6,S1,0.454886619509027,21.9835,0.46155127314814814,0.48011449074074075,25119,-143.85203952386132,-8.97673254941224,-34.65553710737604,100.21857429435714,-0.0011955727159005574,-71926.01976193066,4.548866195100862,-2.863410954334594,-0.17940138255576088,-0.9445227119153853,-0.9856363684172922,-0.8776156280877593,0.575022891038656
SOLUSDT,2023-07-11,S1_D2_T5_k3,S1,0.454886619509027,21.9835,0.31492591435185185,0.3323245833333333,16507,-96.04760214333047,-5.90897718743613,-24.292310141697318,65.84565223917939,-0.0006625750176268595,-48023.80107166523,4.548866195100876,-2.9092991501584318,-0.17970915369023124,-0.9403660682240266,-0.9829253102684695,-0.9799393267997821,0.5671533288907736
SOLUSDT,2023-07-11,S1_D2_T5_k6,S1,0.454886619509027,21.9835,0.3313975810185185,0.3481530439814815,17645,-100.74569054087407,-6.2587849978394114,-24.08897582277627,70.39729306070463,-0.0006366595537562253,-50372.845270437036,4.548866195100868,-2.85479429132542,-0.1780750267834047,-0.9388491155829815,-0.985014671346167,-0.8821361242398241,0.5645792009067725
SOLUSDT,2023-07-11,S1_D5_T2_k3,S1,0.454886619509027,21.9835,0.4460663425925926,0.4645854861111111,23855,-136.66500069928827,-8.612368367184619,-32.88466349762325,95.1667732617645,-0.001195572715900553,-68332.50034964413,4.5488661951008735,-2.8644938314669517,-0.18123144151126436,-0.9462778923112521,-0.9934336223067779,-0.8806431152093814,0.5774051561517501
SOLUSDT,2023-07-11,S1_D5_T2_k6,S1,0.454886619509027,21.9835,0.46172422453703704,0.4800698842592593,25125,-143.77659039155756,-8.99083403461705,-34.542270339118026,100.24229044510656,-0.0011955727159005606,-71888.29519577877,4.548866195100867,-2.861225679433981,-0.17963740345969326,-0.9444786599316913,-0.9861402230710506,-0.8756743661028512,0.5750049751243781
SOLUSDT,2023-07-11,S1_D5_T5_k3,S1,0.454886619509027,21.9835,0.3151064699074074,0.33225199074074074,16521,-95.95022838573955,-5.918984693065351,-24.1294607319127,65.90112038574387,-0.0006625750176268543,-47975.114192869776,4.548866195100876,-2.903886822399962,-0.17986245366822365,-0.9384568554987734,-0.9825641296940154,-0.9754207455237914,0.5667332485927002
SOLUSDT,2023-07-11,S1_D5_T5_k6,S1,0.454886619509027,21.9835,0.33162844907407407,0.3482672685185185,17673,-100.86937621421998,-6.2810744421953935,-24.078513430527547,70.50915168194328,-0.0006366595537562181,-50434.68810710999,4.548866195100868,-2.8537706165965027,-0.17842583505353657,-0.937428554223727,-0.984527588036081,-0.8789116251984538,0.5644768856447688
SOLUSDT,2023-07-11,S1_D10_T2_k3,S1,0.454886619509027,21.9835,0.4460790740740741,0.46459517361111113,23857,-136.66280214127886,-8.613278140423638,-32.873746218755,95.17458220938431,-0.0011955727159005565,-68331.40107063943,4.5488661951008815,-2.864207614982581,-0.18123579300413561,-0.9462376601685453,-0.9933697972217912,-0.880471369122081,0.5773986670578866
SOLUSDT,2023-07-11,S1_D10_T2_k6,S1,0.454886619509027,21.9835,0.4617392708333333,0.4800699652777778,25125,-143.77176295279668,-9.000386653626753,-34.52816885391323,100.24201187254079,-0.001195572715900562,-71885.88147639834,4.548866195100866,-2.861129611000929,-0.17982674514096625,-0.9441651106739868,-0.9861318497262583,-0.8754911002011168,0.5749253731343283
SOLUSDT,2023-07-11,S1_D10_T5_k3,S1,0.454886619509027,21.9835,0.31514350694444443,0.3322879513888889,16529,-95.96872917041897,-5.9239884458799565,-24.111720153751822,65.93235799576956,-0.0006625750176268565,-47984.36458520948,4.548866195100879,-2.903040993720702,-0.1799304593154098,-0.9382281031187798,-0.9822010111632222,-0.9746943821938977,0.5668824490289793
SOLUSDT,2023-07-11,S1_D10_T5_k6,S1,0.454886619509027,21.9835,0.33166548611111113,0.3483032291666667,17681,-100.8878769988994,-6.286078195009999,-24.060772852366664,70.54038929196898,-0.0006366595537562201,-50443.9384994497,4.548866195100867,-2.8530025733527347,-0.17849005983105237,-0.9372151714015609,-0.9841872399866372,-0.8782762546584838,0.564617385894463
SOLUSDT,2023-07-12,S0,S0,0.4520795660025631,22.119999999999997,0.824785,0.8424104282407407,40192,-232.57589128924022,-14.53164556961974,-56.747739602170185,161.29792947558772,0.0014233581374321954,-116287.94564462011,1.808318264014475,-2.8933107495178176,-0.17985718468216405,-0.8939004984585116,-1.0040788554430504,-0.8678495622109972,0.5319715366242038
SOLUSDT,2023-07-12,S1_D2_T2_k3,S1,0.4520795660025631,22.119999999999997,0.49225886574074074,0.5103293865740741,18761,-111.11378652644659,-7.116184448462664,-28.810126582278652,75.19110813743221,0.003632641726943931,-55556.89326322329,4.520795660036188,-2.96129701312421,-0.1890017201750766,-0.9306812358411762,-1.0113837951559972,-1.0111429926791888,0.5786471936463942
SOLUSDT,2023-07-12,S1_D2_T2_k6,S1,0.4520795660025631,22.119999999999997,0.5035742361111111,0.5243587962962963,19817,-116.59896898575931,-7.628390596744705,-29.5339059674504,79.44030506329115,0.0036326417269439315,-58299.48449287966,4.520795660036166,-2.9418925413977726,-0.19175181162236057,-0.9281582871477716,-0.9932844578771658,-0.9536101944912003,0.5757178180350204
SOLUSDT,2023-07-12,S1_D2_T5_k3,S1,0.4520795660025631,22.119999999999997,0.3662872453703704,0.3748311574074074,13028,-75.29508560488236,-4.830018083182367,-18.273960216998365,52.195280108499105,0.0041728037974683475,-37647.54280244118,3.6166365280289323,-2.889740773905525,-0.1848196636888823,-0.9377779844065783,-1.0062263919252477,-0.907196015335408,0.5694657660423703
SOLUSDT,2023-07-12,S1_D2_T5_k6,S1,0.4520795660025631,22.119999999999997,0.37957827546296297,0.3902830324074074,14047,-83.67660733951163,-5.310126582278267,-22.0773056057867,56.29226763110308,0.003092479656419538,-41838.30366975582,4.5207956600361605,-2.9784511760344428,-0.18832510245531042,-0.9308359205634271,-1.037309349733868,-0.9927994237600919,0.5658147647184453
SOLUSDT,2023-07-12,S1_D5_T2_k3,S1,0.4520795660025631,22.119999999999997,0.49214274305555555,0.5103780208333333,18793,-110.52324403096739,-7.1057866184445855,-28.100813743218986,75.32027631103075,0.0036326417269439363,-55261.62201548369,4.520795660036174,-2.9405428625277334,-0.18841839498467045,-0.9320026365538754,-1.013744207701235,-1.0244082766082794,0.5787261214281914
SOLUSDT,2023-07-12,S1_D5_T2_k6,S1,0.4520795660025631,22.119999999999997,0.5035714583333334,0.5245709606481481,19839,-115.64151021541576,-7.618896925858635,-28.497287522604132,79.52895840867994,0.0036326417269439367,-57820.75510770788,4.520795660036164,-2.914499476168551,-0.1913129548487247,-0.9300207327278059,-0.9886601326366908,-0.9473434376588254,0.5756338525127275
SOLUSDT,2023-07-12,S1_D5_T5_k3,S1,0.4520795660025631,22.119999999999997,0.3661394675925926,0.3748913078703704,13042,-75.08326083092216,-4.846292947558491,-17.989150090416093,52.251990596745046,0.004172803797468356,-37541.63041546108,3.6166365280289283,-2.8785178972136998,-0.1852380888694962,-0.9330742145371238,-0.9941385344958196,-0.8936232167751254,0.5698512498083116
SOLUSDT,2023-07-12,S1_D5_T5_k6,S1,0.4520795660025631,22.119999999999997,0.3794065277777778,0.39036479166666666,14061,-82.8366254226943,-5.307414104882271,-21.183092224231537,56.34921157323691,0.00309247965641953,-41418.31271134714,4.520795660036166,-2.9456164363378954,-0.18803903966588792,-0.92654538620631,-1.0306725646766743,-0.9567472428768612,0.5664604224450608
SOLUSDT,2023-07-12,S1_D10_T2_k3,S1,0.4520795660025631,22.119999999999997,0.49214581018518516,0.5103861226851852,18793,-110.55757929317355,-7.108499095840607,-28.132459312839245,75.32025352622064,0.0036326417269439346,-55278.789646586774,4.520795660036174,-2.9414563745323674,-0.18848928088347847,-0.9317188225460639,-1.0119039070058133,-1.0236670523656397,0.5786729101261108
SOLUSDT,2023-07-12,S1_D10_T2_k6,S1,0.4520795660025631,22.119999999999997,0.5035755092592593,0.5245790625,19839,-115.66680207798359,-7.623869801084677,-28.517631103074294,79.52893381555155,0.003632641726943936,-57833.4010389918,4.520795660036162,-2.9151369040270074,-0.19143605564875224,-0.9297519571667663,-0.9869056568790422,-0.9465412212919212,0.5756338525127275
SOLUSDT,2023-07-12,S1_D10_T5_k3,S1,0.4520795660025631,22.119999999999997,0.366142037037037,0.37489966435185185,13046,-74.93515884177206,-4.829566003616374,-17.8413200723329,52.26844556962027,0.004172803797468351,-37467.57942088603,3.6166365280289283,-2.8719591768270756,-0.1845568154668833,-0.9258186933133119,-0.9580644460859123,-0.8945230107289024,0.5698298328989728
SOLUSDT,2023-07-12,S1_D10_T5_k6,S1,0.4520795660025631,22.119999999999997,0.37940686342592594,0.39037057870370373,14061,-82.87095598327296,-5.307414104882271,-21.217450271247813,56.3491840867993,0.0030924796564195316,-41435.47799163648,4.520795660036166,-2.946837208707523,-0.1880390897412787,-0.9254401908657008,-1.0279920766897792,-0.9545987739712273,0.5664604224450608
SOLUSDT,2023-07-13,S0,S0,0.4102648259441914,24.3745,0.7123675115740741,0.7369334490740741,62052,-385.17871649180506,-32.80149336396633,-107.32199634864322,245.04690131079613,-0.008325468399351782,-192589.35824590252,3.2821186075611806,-3.1036768878666687,-0.2625447502689194,-0.9864533986753451,-1.13512829292589,-1.1687076100799139,0.5620286211564495
SOLUSDT,2023-07-13,S1_D2_T2_k3,S1,0.4102648259441914,24.3745,0.39693189814814817,0.41075677083333334,26961,-165.25159332422405,-14.441321873269152,-44.67578822129687,106.11236218178834,-0.02212104786969989,-82625.79666211203,-4.102648259451476,-3.064641395427173,-0.2674526937832408,-1.0624354346359206,-1.1787644796420107,-1.1511677496254116,0.5923741700975483
SOLUSDT,2023-07-13,S1_D2_T2_k6,S1,0.4102648259441914,24.3745,0.41269068287037036,0.4260993171296296,28547,-177.21303565124623,-15.167080350366088,-49.645326057970564,112.37850819503988,-0.02212104786969989,-88606.5178256231,-2.4615889556708854,-3.103881942958038,-0.2651550665506298,-1.0582914356593534,-1.1999625563316918,-1.1851246247526626,0.5884331103093144
SOLUSDT,2023-07-13,S1_D2_T5_k3,S1,0.4102648259441914,24.3745,0.27815947916666667,0.28854980324074075,18198,-105.62032322693784,-9.58870951198981,-24.437014092596804,71.57236488953619,-0.0222347328150321,-52810.161613468925,-3.2821186075611806,-2.9019761299851043,-0.2634251271457107,-1.0490884954545505,-1.1879294115376682,-1.1681154405394187,0.5896252335421475
SOLUSDT,2023-07-13,S1_D2_T5_k6,S1,0.4102648259441914,24.3745,0.29581274305555555,0.3106287384259259,19820,-117.38521932737085,-10.350981558596143,-29.03608279144183,77.97592024451784,-0.0222347328150321,-58692.60966368542,-1.6410593037805903,-2.9612820213766615,-0.2610891315266541,-1.025572480539148,-1.1537384407817572,-1.2050057748420613,0.5863773965691221
SOLUSDT,2023-07-13,S1_D5_T2_k3,S1,0.4102648259441914,24.3745,0.39709516203703704,0.41067190972222223,27065,-164.76992978240787,-14.415475189234623,-43.791667521385136,106.54066602391843,-0.02212104786969989,-82384.96489120394,-4.102648259451476,-3.04396692744149,-0.2660128895798608,-1.0618235693420353,-1.1783911460199694,-1.1586061112626274,0.5925734343247737
SOLUSDT,2023-07-13,S1_D5_T2_k6,S1,0.4102648259441914,24.3745,0.41283887731481483,0.426200474537037,28631,-178.41607259559382,-15.175285646885014,-50.50031795524022,112.7183479455989,-0.02212104786969989,-89208.0362977969,-2.4615889556708854,-3.1157848589918933,-0.2645731709153615,-1.0645293894660197,-1.2060044831357781,-1.2289898594336237,0.5884880025147567
SOLUSDT,2023-07-13,S1_D5_T5_k3,S1,0.4102648259441914,24.3745,0.27839583333333334,0.2888263888888889,18290,-107.50057726291803,-9.619479373935679,-25.903710845350663,71.95515231081664,-0.0222347328150321,-53750.28863145902,-3.2821186075611806,-2.9387801329392573,-0.26290272783700347,-1.0326542162238361,-1.2026938693791895,-1.2144885520293902,0.5886823400765445
SOLUSDT,2023-07-13,S1_D5_T5_k6,S1,0.4102648259441914,24.3745,0.29610458333333334,0.3107070601851852,19892,-119.70230103161089,-10.261954091366,-31.146074791277712,78.27203741615213,-0.0222347328150321,-59851.15051580545,-1.6410593037805903,-3.008805073185474,-0.2579560322145616,-1.0059725217581152,-1.177359302456075,-1.2571360146847403,0.5854614920571084
SOLUSDT,2023-07-13,S1_D10_T2_k3,S1,0.4102648259441914,24.3745,0.3971248726851852,0.4106904513888889,27077,-165.60370737784572,-14.403167244456277,-44.58676075406681,106.59165833145295,-0.02212104786969989,-82801.85368892287,-4.102648259451476,-3.0580143180161343,-0.2656636463626689,-1.0535663137314508,-1.161701552225782,-1.1811222455871297,0.5928647929977472
SOLUSDT,2023-07-13,S1_D10_T2_k6,S1,0.4102648259441914,24.3745,0.41286975694444444,0.426211087962963,28643,-179.26051527134098,-15.184721737881766,-51.284334037621385,112.76933844796815,-0.02212104786969989,-89630.2576356705,-2.4615889556708854,-3.1292203203460005,-0.264608476412414,-1.054466016554722,-1.1904494883866552,-1.2496427760030229,0.5886604056837622
SOLUSDT,2023-07-13,S1_D10_T5_k3,S1,0.4102648259441914,24.3745,0.2784070717592593,0.2888231712962963,18290,-108.27952362079203,-9.60922275328705,-26.69265010564319,71.95541602904676,-0.0222347328150321,-54139.76181039602,-3.2821186075611806,-2.9600744565552772,-0.2626337321520897,-1.0351756256001847,-1.2132722083355683,-1.2445155437888018,0.5885729907053034
SOLUSDT,2023-07-13,S1_D10_T5_k6,S1,0.4102648259441914,24.3745,0.29611729166666667,0.3107051157407407,19888,-120.48198012246402,-10.25128720589142,-31.95265543908588,78.25580274467168,-0.0222347328150321,-60240.99006123201,-1.6410593037805903,-3.0290119700941274,-0.2577508688343971,-1.0086688284575671,-1.1940347629973498,-1.2853733850019071,0.5854283990345938
SOLUSDT,2023-07-14,S0,S0,0.35590355013708314,28.0975,0.6079321180555556,0.6293633912037037,100131,-630.7849305272039,-60.831034789571696,-173.64498620873798,396.2751175727379,-0.033791956156241656,-315392.465263602,2.135421300827476,-3.149798416710129,-0.3070375414122373,-1.0528663555062168,-1.1909317502262413,-1.2039773062034742,0.5229848897943694
SOLUSDT,2023-07-14,S1_D2_T2_k3,S1,0.35590355013708314,28.0975,0.33867849537037037,0.3521138773148148,48304,-315.31243202472115,-29.909778450039898,-94.43651570424431,190.96484199661893,-0.0012958738179553349,-157656.2160123606,1.4236142005516506,-3.263833554412897,-0.3131666027697567,-1.0789506425843798,-1.193572177447184,-1.2726202969777365,0.5462901623053992
SOLUSDT,2023-07-14,S1_D2_T2_k6,S1,0.35590355013708314,28.0975,0.3647192939814815,0.37802746527777775,52303,-343.528403195747,-31.80176172257278,-104.89189429664597,206.83589643206696,0.0011492555387489986,-171764.20159787347,0.7118071002758253,-3.2840219795781023,-0.3075337828619961,-1.0615291190673042,-1.187170940196134,-1.255868755486605,0.5386497906429841
SOLUSDT,2023-07-14,S1_D2_T5_k3,S1,0.35590355013708314,28.0975,0.24269172453703702,0.2503781944444444,33430,-214.63753072561272,-20.071180710027505,-62.43153305454244,132.139560601477,0.004743640434202331,-107318.76536280636,0.0,-3.210253226527262,-0.3038523505973965,-1.0680594857561099,-1.1256145493187548,-1.2552399901811169,0.5395154053245588
SOLUSDT,2023-07-14,S1_D2_T5_k6,S1,0.35590355013708314,28.0975,0.2766907638888889,0.28463804398148146,38230,-244.56075677775257,-22.659667230180492,-70.71945902660403,151.18637416140228,0.004743640434202331,-122280.37838887628,-1.4236142005516506,-3.198545079489309,-0.29985189175021026,-1.0566222137063463,-1.0934269130141092,-1.1760854513338692,0.5312843316766936
SOLUSDT,2023-07-14,S1_D5_T2_k3,S1,0.35590355013708314,28.0975,0.3390267361111111,0.3523605439814815,48488,-317.47909596279396,-29.896254115134695,-95.88789038170671,191.69365559213455,-0.0012958738179553349,-158739.547981397,1.4236142005516506,-3.2737903807415645,-0.3118415148498944,-1.0757506770901573,-1.1884744232863482,-1.257105728615903,0.5462382445141066
SOLUSDT,2023-07-14,S1_D5_T2_k6,S1,0.35590355013708314,28.0975,0.36510607638888887,0.37824824074074076,52493,-342.8106812631907,-31.83984340243757,-103.39033721861409,207.58164989767778,0.0011492555387489986,-171405.34063159535,0.7118071002758253,-3.2652990042785768,-0.3067958792994043,-1.057349929081679,-1.1869711236790716,-1.2546906083729215,0.538643247671118
SOLUSDT,2023-07-14,S1_D5_T5_k3,S1,0.35590355013708314,28.0975,0.24308826388888888,0.2506390625,33652,-216.0415534322592,-20.198950084526977,-62.84046623365093,133.00688075451552,0.004743640434202331,-108020.77671612959,0.0,-3.2099363103568765,-0.30369164767939644,-1.0613854622568137,-1.1241798090607287,-1.211644005684409,0.5401759182217996
SOLUSDT,2023-07-14,S1_D5_T5_k6,S1,0.35590355013708314,28.0975,0.27738836805555556,0.2850846296296296,38516,-248.08012013748206,-22.788504315330385,-73.00080078298805,152.29555867959783,0.004743640434202331,-124040.06006874102,-1.4236142005516506,-3.22048136018125,-0.29940166780108657,-1.049878717760966,-1.1141243706135207,-1.206531187330512,0.5320126700591962
SOLUSDT,2023-07-14,S1_D10_T2_k3,S1,0.35590355013708314,28.0975,0.33902635416666665,0.352366875,48490,-315.9363081702857,-29.908710739389527,-94.32511789305116,191.70118366402704,-0.0012958738179553349,-157968.15408514286,1.4236142005516506,-3.2577470423828183,-0.3119805709114144,-1.069608198001284,-1.1927113242379057,-1.2281891933413285,0.5460301093008868
SOLUSDT,2023-07-14,S1_D10_T2_k6,S1,0.35590355013708314,28.0975,0.3651040972222222,0.3782583912037037,52499,-342.5283532268885,-31.833081234984967,-103.09244594714868,207.60397530029363,0.0011492555387489986,-171264.17661344426,0.7118071002758253,-3.2622369304833287,-0.30671809440999775,-1.0559839308084638,-1.1926809075132323,-1.2323409472329037,0.5385054953427685
SOLUSDT,2023-07-14,S1_D10_T5_k3,S1,0.35590355013708314,28.0975,0.24313479166666666,0.25066782407407406,33688,-216.5162785145619,-20.1729691253669,-63.203131951241446,133.14492107838774,0.004743640434202331,-108258.13925728096,0.0,-3.21355198460226,-0.30299678849131556,-1.0724089471335752,-1.1655821672944142,-1.197700984048759,0.5404298266445025
SOLUSDT,2023-07-14,S1_D10_T5_k6,S1,0.35590355013708314,28.0975,0.2773672106481481,0.28511408564814816,38538,-246.44251109753193,-22.781386244327635,-71.28534567132337,152.38052282231516,0.004743640434202331,-123221.25554876596,-1.4236142005516506,-3.1973962205813997,-0.2991666149617528,-1.058454662024763,-1.1472869823184146,-1.1707765687365062,0.5320203435570087
SOLUSDT,2023-07-15,S0,S0,0.3597057606869191,27.8005,0.7061592592592593,0.7119599652777778,83307,-522.3717475584968,-47.86604557471958,-139.05253502634844,335.46514659808287,0.011979640653945085,-261185.87377924845,-2.158234564126546,-3.135221215255002,-0.2852097628938418,-0.9830933175313716,-1.1026813729027087,-1.1015455426301388,0.4806438834671756
SOLUSDT,2023-07-15,S1_D2_T2_k3,S1,0.3597057606869191,27.8005,0.39261899305555553,0.38875043981481483,38870,-246.65520645312128,-22.340965090555585,-67.82216147191622,156.48208298411902,-0.009996906530458115,-123327.60322656063,-2.8776460855020547,-3.1728223109483054,-0.2852938179424284,-0.9885658478132495,-1.0822992878004136,-1.1290210991518426,0.5075636737844096
SOLUSDT,2023-07-15,S1_D2_T2_k6,S1,0.3597057606869191,27.8005,0.41483010416666666,0.4114761111111111,41714,-262.02167065340535,-23.860362223700506,-70.19118361180588,167.96012791136855,-0.009996906530458047,-131010.83532670268,-2.877646085502048,-3.140692221477266,-0.28382775551461203,-0.9899006238031928,-1.052291965264784,-1.1168104892465947,0.5024452222275495
SOLUSDT,2023-07-15,S1_D2_T5_k3,S1,0.3597057606869191,27.8005,0.2810883912037037,0.2764913310185185,26670,-168.6942306793043,-14.8126832251216,-46.547364256038755,107.32220355749,-0.011979640653945085,-84347.11533965215,-2.8776460855020525,-3.162621497549762,-0.2757688670115287,-0.9842427467228936,-1.0332367256222643,-1.1362362146811973,0.5014998125234346
SOLUSDT,2023-07-15,S1_D2_T5_k6,S1,0.3597057606869191,27.8005,0.3064695138888889,0.3022300347222222,29878,-186.61690915631021,-16.373086814985186,-49.954497221273186,120.27527950936137,-0.01404561069045521,-93308.4545781551,-2.877646085502054,-3.1229819458516332,-0.27208073753035217,-0.9768456691391673,-0.9816392558090284,-1.0689977831483157,0.49558203360332015
SOLUSDT,2023-07-15,S1_D5_T2_k3,S1,0.3597057606869191,27.8005,0.39281756944444446,0.3888565046296296,38888,-246.59225593064863,-22.37657596086367,-67.6513012355895,156.554381827665,-0.009996906530458137,-123296.12796532433,-2.8776460855020396,-3.1705443315502038,-0.28561573691125847,-0.9873883863232729,-1.0806512978683387,-1.128367489004661,0.5077144620448467
SOLUSDT,2023-07-15,S1_D5_T2_k6,S1,0.3597057606869191,27.8005,0.4149337847222222,0.41171074074074077,41742,-261.81376288196236,-23.886620744230704,-69.84190931817804,168.07523591302316,-0.009996906530458068,-130906.88144098119,-2.8776460855020654,-3.1360950946524166,-0.28393959543705855,-0.9877940068517013,-1.04979023740278,-1.113726342758506,0.5025394087489818
SOLUSDT,2023-07-15,S1_D5_T5_k3,S1,0.3597057606869191,27.8005,0.28128605324074074,0.27683953703703706,26726,-168.85032844733007,-14.841819391737314,-46.451322817935136,107.54520659700367,-0.011979640653945026,-84425.16422366504,-2.87764608550207,-3.158915072351457,-0.2757480509395032,-0.9841004362008006,-1.0328803524568495,-1.1343377243111603,0.5017585871436054
SOLUSDT,2023-07-15,S1_D5_T5_k6,S1,0.3597057606869191,27.8005,0.306256400462963,0.3024083912037037,29916,-185.91731368140867,-16.442869732558616,-49.0314922393484,120.4289060988112,-0.014045610690455228,-92958.65684070434,-2.8776460855020547,-3.1073223974028723,-0.27290328224467164,-0.9774945811145364,-0.9809949635015371,-1.0492885008707862,0.49572135312207516
SOLUSDT,2023-07-15,S1_D10_T2_k3,S1,0.3597057606869191,27.8005,0.3928187268518519,0.38886158564814816,38890,-246.60452304814655,-22.377295372385042,-67.6548982931964,156.56233247603464,-0.009996906530458097,-123302.26152407327,-2.877646085502065,-3.1705389952191636,-0.28561035440475646,-0.9874306689899237,-1.0805309993024579,-1.128360657113416,0.5077140653124197
SOLUSDT,2023-07-15,S1_D10_T2_k6,S1,0.3597057606869191,27.8005,0.41493417824074075,0.41171074074074077,41742,-261.82599532382494,-23.88913868455552,-69.85162137371661,168.07523835902236,-0.009996906530458068,-130912.99766191246,-2.8776460855020654,-3.1362416190386773,-0.28396881960180786,-0.9878189958276998,-1.0500198841789352,-1.113922405121408,0.502563365435293
SOLUSDT,2023-07-15,S1_D10_T5_k3,S1,0.3597057606869191,27.8005,0.28128605324074074,0.27683953703703706,26726,-168.85032844733007,-14.841819391737314,-46.451322817935136,107.54520659700367,-0.011979640653945026,-84425.16422366504,-2.87764608550207,-3.158915072351457,-0.2757480509395032,-0.9841004362008006,-1.0328803524568495,-1.1343377243111603,0.5017585871436054
SOLUSDT,2023-07-15,S1_D10_T5_k6,S1,0.3597057606869191,27.8005,0.306256400462963,0.3024083912037037,29916,-185.91731368140867,-16.442869732558616,-49.0314922393484,120.4289060988112,-0.014045610690455228,-92958.65684070434,-2.8776460855020547,-3.1073223974028723,-0.27290328224467164,-0.9774945811145364,-0.9809949635015371,-1.0492885008707862,0.49572135312207516
SOLUSDT,2023-07-16,S0,S0,0.3608610143794704,27.7115,0.7748709143518518,0.7961274074074074,56112,-357.7335321076087,-26.807282175269854,-106.26166032152747,224.66259062122228,-0.0019989895891598265,-178866.76605380437,-2.88688811504249,-3.187674045726482,-0.23901946165606966,-1.1062080223189321,-1.1804343475366168,-1.2243509839277444,0.4977723125178215
SOLUSDT,2023-07-16,S1_D2_T2_k3,S1,0.3608610143794704,27.7115,0.45835034722222223,0.4646842824074074,28772,-184.17769460332352,-14.663948180358116,-54.360103206250315,115.15367208559623,0.000028868881150471634,-92088.84730166176,2.8868881150424874,-3.200641154652501,-0.2549478968335551,-1.1772865503201875,-1.1911551760171804,-1.2001324290710629,0.5454608647295982
SOLUSDT,2023-07-16,S1_D2_T2_k6,S1,0.3608610143794704,27.7115,0.4732091550925926,0.4829115625,30323,-193.7775437995056,-15.264420908287015,-57.1556934846545,121.35951500279668,0.0020855962326109733,-96888.7718997528,2.1651660862818916,-3.195223820194334,-0.25180063582634926,-1.1710912859038614,-1.1977891597432027,-1.1838780568073428,0.5401840187316559
SOLUSDT,2023-07-16,S1_D2_T5_k3,S1,0.3608610143794704,27.7115,0.32519307870370373,0.3326037962962963,19845,-129.53538364938737,-9.881457156775753,-40.22301210688725,79.42294729624886,-0.00796708947548853,-64767.691824693684,3.608610143803107,-3.263678096482423,-0.2490436025675684,-1.1610073273923718,-1.2006197474936688,-1.226834186216155,0.5364071554547745
SOLUSDT,2023-07-16,S1_D2_T5_k6,S1,0.3608610143794704,27.7115,0.34525471064814817,0.3553238773148148,21622,-137.4859342872092,-10.72478934738244,-40.22806416108871,86.53316738538152,0.00008660664345131863,-68742.9671436046,2.886888115042498,-3.179306592526344,-0.24811149683558067,-1.1662813297552597,-1.1765692669296728,-1.1017508585396047,0.5302932198686523
SOLUSDT,2023-07-16,S1_D5_T2_k3,S1,0.3608610143794704,27.7115,0.45836949074074074,0.46463190972222224,28776,-184.02782613716323,-14.68848672933597,-54.169568590657505,115.16979968605091,0.000028868881150452552,-92013.9130685816,2.8868881150424865,-3.197592197267918,-0.25534984784733805,-1.1751509192432026,-1.1738319446302832,-1.1953470252622482,0.5453850430914651
SOLUSDT,2023-07-16,S1_D5_T2_k6,S1,0.3608610143794704,27.7115,0.47322175925925924,0.4829523611111111,30323,-193.0697719358389,-15.316024033343398,-56.39608104938395,121.35975244934416,0.0020855962326109707,-96534.88596791946,2.1651660862818964,-3.1835532753328977,-0.25268682631677036,-1.1691338064613117,-1.1767001094295808,-1.1700034741194116,0.5401840187316559
SOLUSDT,2023-07-16,S1_D5_T5_k3,S1,0.3608610143794704,27.7115,0.32522574074074073,0.3326945949074074,19849,-129.8344866210778,-9.881096295761372,-40.50628800317579,79.43913523266514,-0.007967089475488522,-64917.2433105389,3.608610143803105,-3.270554854679777,-0.2489872672317903,-1.164054830212763,-1.2076178478329322,-1.2332748351399399,0.5362486775152401
SOLUSDT,2023-07-16,S1_D5_T5_k6,S1,0.3608610143794704,27.7115,0.34527899305555554,0.35546212962962964,21628,-137.45394136008508,-10.737058621871366,-40.16022229038521,86.55674705447197,0.00008660664345128827,-68726.97068004255,2.886888115042493,-3.1776849768837865,-0.24834367596412926,-1.1716543808368562,-1.177711855236419,-1.0962757991260224,0.5300536341779175
SOLUSDT,2023-07-16,S1_D10_T2_k3,S1,0.3608610143794704,27.7115,0.45837833333333333,0.46463466435185186,28780,-183.80233534814067,-14.707612363098129,-53.9093877992893,115.18536405463438,0.000028868881150456455,-91901.16767407034,2.886888115042489,-3.1932302874937575,-0.25566351212684835,-1.170134461019166,-1.1641671603948016,-1.18922232921532,0.5453787352328006
SOLUSDT,2023-07-16,S1_D10_T2_k6,S1,0.3608610143794704,27.7115,0.47323291666666667,0.48295511574074074,30327,-192.84428114681631,-15.335149667105556,-56.13590025801575,121.3753168179276,0.00208559623261104,-96422.14057340816,2.1651660862818862,-3.1794157210870897,-0.252984841618331,-1.1643740346659925,-1.1675279538271024,-1.1641945455070852,0.5401787186335608
SOLUSDT,2023-07-16,S1_D10_T5_k3,S1,0.3608610143794704,27.7115,0.32522574074074073,0.3326953356481481,19849,-129.62234278187745,-9.871353048373102,-40.303844974108436,79.43917766992043,-0.007967089475488522,-64811.171390938725,3.608610143803105,-3.2652109119320234,-0.2487318394737388,-1.160866418668922,-1.1941168961755209,-1.2285602714755528,0.5361479167716258
SOLUSDT,2023-07-16,S1_D10_T5_k6,S1,0.3608610143794704,27.7115,0.3452794675925926,0.35546212962962964,21628,-137.4474445627266,-10.74174981505831,-40.14903559893941,86.55674575537233,0.00008660664345128827,-68723.7222813633,2.886888115042493,-3.177534782752141,-0.2484550446223987,-1.1716540235949926,-1.1780530471295498,-1.0966509059108285,0.5300536341779175
SOLUSDT,2023-07-17,S0,S0,0.36950135791662925,27.063499999999998,0.7325575925925926,0.7620872685185185,67931,-432.871346352098,-36.12208324865585,-124.74809244923989,272.0133314611932,0.012160806990965702,-216435.673176049,2.2170081475049415,-3.1861105117847375,-0.26596666060870755,-1.177742623980702,-1.2200829330131975,-1.1172896745849537,0.520410416451988
SOLUSDT,2023-07-17,S1_D2_T2_k3,S1,0.36950135791662925,27.063499999999998,0.39377664351851854,0.40616752314814814,31688,-202.92704502374053,-17.76008276830415,-58.32172483233883,126.85544840837292,0.01021098527537089,-101463.52251187027,1.4780054316699571,-3.201954131275886,-0.2803252014758359,-1.226663988891685,-1.1965331919987454,-1.264516070686197,0.5588550870992174
SOLUSDT,2023-07-17,S1_D2_T2_k6,S1,0.36950135791662925,27.063499999999998,0.41102765046296297,0.42448134259259257,33640,-216.84193230735139,-18.571138248933103,-63.63108984425524,134.6499151994384,0.01021098527537089,-108420.9661536757,1.4780054316699633,-3.2229775907751392,-0.2761213894176823,-1.2240001819018813,-1.1828606603728455,-1.2213932551584727,0.5531212841854934
SOLUSDT,2023-07-17,S1_D2_T5_k3,S1,0.36950135791662925,27.063499999999998,0.27172739583333333,0.28069052083333335,21368,-139.69142575793964,-12.040940750457022,-42.12795832024702,85.53672969128162,0.014203004046039863,-69845.71287896982,-1.4780054316699625,-3.268706143718168,-0.28173110835704374,-1.2142796028485692,-1.1664488072991448,-1.2656415440010993,0.5576563084986896
SOLUSDT,2023-07-17,S1_D2_T5_k6,S1,0.36950135791662925,27.063499999999998,0.2885263425925926,0.30184605324074076,23190,-152.7893605779001,-12.770336430986301,-47.227077059508275,92.80415408206626,0.012206994660705382,-76394.68028895005,-1.4780054316699625,-3.29429410474127,-0.2754116843118377,-1.2161565919399637,-1.1344359361183898,-1.3080549825549532,0.5510133678309617
SOLUSDT,2023-07-17,S1_D5_T2_k3,S1,0.36950135791662925,27.063499999999998,0.3937825462962963,0.40633177083333333,31702,-202.9806728250227,-17.777818833484204,-58.30177175901125,126.91129321780261,0.01021098527537089,-101490.33641251134,1.4780054316699598,-3.201385919264127,-0.2804842361944634,-1.222744080757151,-1.1969971041796683,-1.2645465306130388,0.5589868147120055
SOLUSDT,2023-07-17,S1_D5_T2_k6,S1,0.36950135791662925,27.063499999999998,0.4110492476851852,0.42481844907407407,33668,-217.02811029615543,-18.59478633583982,-63.68208103164784,134.76145391394314,0.01021098527537089,-108514.0551480777,1.4780054316699598,-3.2230621108494035,-0.2762477809903567,-1.2242654993923905,-1.1823661389168585,-1.2176204053248703,0.553344422003089
SOLUSDT,2023-07-17,S1_D5_T5_k3,S1,0.36950135791662925,27.063499999999998,0.2717640972222222,0.2806987731481482,21390,-140.51427247030128,-12.06754484822708,-42.83740092744857,85.62352969867166,0.014203004046039868,-70257.13623515064,-1.4780054316699625,-3.284578599118777,-0.2820674225070299,-1.2135932041341115,-1.1765161694873383,-1.2838079769567339,0.5576905095839177
SOLUSDT,2023-07-17,S1_D5_T5_k6,S1,0.36950135791662925,27.063499999999998,0.2885009027777778,0.3017918171296296,23238,-153.6308962255436,-12.773661943207546,-47.8762909453693,92.99315033162748,0.012206994660705382,-76815.4481127718,-1.4780054316699625,-3.3055963556576216,-0.2749170106589167,-1.2174113711315413,-1.145879125918388,-1.335347256724698,0.5515104570100697
SOLUSDT,2023-07-17,S1_D10_T2_k3,S1,0.36950135791662925,27.063499999999998,0.3937906134259259,0.4063352430555556,31704,-202.85989435956182,-17.750475732998307,-58.200528386941855,126.91910122489702,0.01021098527537089,-101429.94717978091,1.478005431669958,-3.199279181799801,-0.2800234346791393,-1.221876197062416,-1.1948515117792873,-1.2632018180675675,0.5590461771385314
SOLUSDT,2023-07-17,S1_D10_T2_k6,S1,0.36950135791662925,27.063499999999998,0.4110534490740741,0.42481844907407407,33668,-216.64966523176986,-18.58850481275522,-63.309993164224935,134.76137824006506,0.01021098527537089,-108324.83261588492,1.4780054316699598,-3.2174418621802583,-0.27615071762501736,-1.2244812255982755,-1.1804821082933084,-1.213935575754213,0.5534038255910657
SOLUSDT,2023-07-17,S1_D10_T5_k3,S1,0.36950135791662925,27.063499999999998,0.2717660300925926,0.2806987731481482,21390,-140.53792528682538,-12.065697341437495,-42.862896521144876,85.62353442828905,0.014203004046039868,-70268.9626434127,-1.4780054316699625,-3.2851314933806774,-0.2820224468684549,-1.2129985414861957,-1.1754701034072113,-1.2851883884002402,0.5576905095839177
SOLUSDT,2023-07-17,S1_D10_T5_k6,S1,0.36950135791662925,27.063499999999998,0.2884954398148148,0.30180207175925927,23238,-153.68688720971048,-12.728952278899524,-47.97716481608077,92.99297710939089,0.012206994660705382,-76843.44360485523,-1.4780054316699625,-3.306801084639609,-0.27393764963104855,-1.2175874284275,-1.1460957592829424,-1.3355298276613368,0.55142439108357
SOLUSDT,2023-07-18,S0,S0,0.3921953132650924,25.497500000000002,0.780337962962963,0.7744490277777778,58723,-370.2817756642806,-28.069810765761357,-105.85116187861529,236.36286788900873,0.002064869104814228,-185140.8878321403,0.7843906265320344,-3.1527831996345603,-0.23775763239650696,-1.144546579539201,-1.1338404403270048,-1.093774966320041,0.5141937571309367
SOLUSDT,2023-07-18,S1_D2_T2_k3,S1,0.3921953132650924,25.497500000000002,0.4732148842592593,0.4637590162037037,30364,-200.07731926659477,-15.363074811255897,-62.32532601235425,122.38088189038142,-0.0080365526031964,-100038.65963329739,1.5687812530640297,-3.2946469382590364,-0.25119730527613443,-1.21158638299582,-1.2053042008126378,-1.2160124037585078,0.5566789619285997
SOLUSDT,2023-07-18,S1_D2_T2_k6,S1,0.3921953132650924,25.497500000000002,0.4938367939814815,0.4835818865740741,32138,-209.1682113148347,-16.011765859397933,-63.60702029610745,129.54138860672614,-0.008036552603196362,-104584.10565741736,1.568781253063996,-3.254219480285561,-0.24734959558684078,-1.2052677224781394,-1.1834824940624564,-1.1939639747751092,0.5534258510174871
SOLUSDT,2023-07-18,S1_D2_T5_k3,S1,0.3921953132650924,25.497500000000002,0.34620253472222223,0.3368352777777778,21204,-142.35339813707225,-10.579860770663657,-46.25629963721947,85.5112182763016,-0.006019452887537994,-71176.69906853612,-1.568781253064028,-3.3567581149092685,-0.24749155975095352,-1.2080633425260576,-1.1868551895002284,-1.226433631820276,0.5550367855121675
SOLUSDT,2023-07-18,S1_D2_T5_k6,S1,0.3921953132650924,25.497500000000002,0.3709587268518518,0.36091528935185185,23239,-153.85468069418562,-11.452887537993835,-48.684380821649185,93.71139288165506,-0.006019452887538048,-76927.3403470928,-0.7843906265320144,-3.310268959382624,-0.24442558293395247,-1.2100496392196434,-1.1985201898769402,-1.2433322683696475,0.5508842893411937
SOLUSDT,2023-07-18,S1_D5_T2_k3,S1,0.3921953132650924,25.497500000000002,0.4732132407407407,0.4638217939814815,30382,-199.6106948524365,-15.398764584763107,-61.75232865967261,122.45156505539758,-0.008036552603196405,-99805.34742621824,1.5687812530640222,-3.2850157141142207,-0.2516485396082339,-1.212661844313735,-1.2015375635725118,-1.204284716464078,0.5567770390362715
SOLUSDT,2023-07-18,S1_D5_T2_k6,S1,0.3921953132650924,25.497500000000002,0.49377182870370373,0.4836359259259259,32158,-208.4303965486812,-16.068634179821526,-62.73281694283751,129.62090887341895,-0.008036552603196356,-104215.1982743406,1.5687812530640093,-3.240723871955364,-0.2480889118228417,-1.205551438442678,-1.1806014634140318,-1.1802873345574316,0.5535792026867342
SOLUSDT,2023-07-18,S1_D5_T5_k3,S1,0.3921953132650924,25.497500000000002,0.3463158796296296,0.3369383449074074,21236,-142.28469744092558,-10.612412981664736,-46.030787332091535,85.63547767428179,-0.006019452887538,-71142.34872046279,-1.5687812530640315,-3.3500823469797885,-0.247899638917911,-1.2061535220731916,-1.194381249178724,-1.2240081833774807,0.554812582407233
SOLUSDT,2023-07-18,S1_D5_T5_k6,S1,0.3921953132650924,25.497500000000002,0.3710392708333333,0.3609173726851852,23265,-153.72896327090882,-11.486224139621445,-48.42357093832729,93.81314874007255,-0.006019452887538017,-76864.4816354544,-0.7843906265319922,-3.303867682589917,-0.24487935189546595,-1.210128492557614,-1.2058124927072966,-1.2342975684091837,0.5509133892112615
SOLUSDT,2023-07-18,S1_D10_T2_k3,S1,0.3921953132650924,25.497500000000002,0.4732132407407407,0.4638217939814815,30382,-199.6106948524365,-15.398764584763107,-61.75232865967261,122.45156505539758,-0.008036552603196405,-99805.34742621824,1.5687812530640222,-3.2850157141142207,-0.2516485396082339,-1.212661844313735,-1.2015375635725118,-1.204284716464078,0.5567770390362715
SOLUSDT,2023-07-18,S1_D10_T2_k6,S1,0.3921953132650924,25.497500000000002,0.49377182870370373,0.4836359259259259,32158,-208.4303965486812,-16.068634179821526,-62.73281694283751,129.62090887341895,-0.008036552603196356,-104215.1982743406,1.5687812530640093,-3.240723871955364,-0.2480889118228417,-1.205551438442678,-1.1806014634140318,-1.1802873345574316,0.5535792026867342
SOLUSDT,2023-07-18,S1_D10_T5_k3,S1,0.3921953132650924,25.497500000000002,0.3463158796296296,0.3369383449074074,21236,-142.28469744092558,-10.612412981664736,-46.030787332091535,85.63547767428179,-0.006019452887538,-71142.34872046279,-1.5687812530640315,-3.3500823469797885,-0.247899638917911,-1.2061535220731916,-1.194381249178724,-1.2240081833774807,0.554812582407233
SOLUSDT,2023-07-18,S1_D10_T5_k6,S1,0.3921953132650924,25.497500000000002,0.3710392708333333,0.3609173726851852,23265,-153.72896327090882,-11.486224139621445,-48.42357093832729,93.81314874007255,-0.006019452887538017,-76864.4816354544,-0.7843906265319922,-3.303867682589917,-0.24487935189546595,-1.210128492557614,-1.2058124927072966,-1.2342975684091837,0.5509133892112615
SOLUSDT,2023-07-19,S0,S0,0.37991755788905246,26.3215,0.773091412037037,0.7998952893518518,58534,-357.2296477404401,-25.04758467412546,-97.98415743783602,234.18790768003345,-0.009997948445187395,-178614.82387022005,3.039340463119517,-3.0514713477674524,-0.21393470910868803,-1.035771716609033,-1.0356854551034422,-1.0666003001501285,0.5111046571223562
SOLUSDT,2023-07-19,S1_D2_T2_k3,S1,0.37991755788905246,26.3215,0.4383050462962963,0.45992711805555553,29513,-178.89960648139322,-13.776570484204761,-47.05392929734232,118.07305449917368,0.003947799327545893,-89449.80324069661,-2.2795053473396263,-3.0308610863245558,-0.23336940260080305,-1.0866597734979266,-1.0652994701843628,-1.1487341928164896,0.5560600413377156
SOLUSDT,2023-07-19,S1_D2_T2_k6,S1,0.37991755788905246,26.3215,0.4557334837962963,0.4771538773148148,31125,-190.6355177326517,-14.36316319358669,-51.765666850293485,124.51063548809907,0.003947799327545899,-95317.75886632584,-2.2795053473396254,-3.062417955544606,-0.23074227029437047,-1.0776130631969916,-1.0848490598872378,-1.165155225180052,0.5519678714859437
SOLUSDT,2023-07-19,S1_D2_T5_k3,S1,0.37991755788905246,26.3215,0.30856974537037035,0.3194871412037037,20061,-117.9069398020627,-9.045077218243229,-28.60665235643881,80.2591580267082,0.00394779932754592,-58953.46990103135,-2.2795053473396267,-2.938710428245419,-0.22541910153858222,-1.0983913484337053,-1.1121051602792216,-1.1046223500619023,0.5452370270674443
SOLUSDT,2023-07-19,S1_D2_T5_k6,S1,0.37991755788905246,26.3215,0.32685618055555554,0.3392030208333333,21721,-129.8406859031588,-9.60659536880463,-33.354102159831456,86.88793982105882,0.007951446536101681,-64920.342951579405,-0.7598351157798606,-2.9888284587072143,-0.2211600906738749,-1.0974531126607967,-1.120477378749325,-1.095053435002034,0.5401685005294415
SOLUSDT,2023-07-19,S1_D5_T2_k3,S1,0.37991755788905246,26.3215,0.43837649305555554,0.45990649305555553,29525,-178.81302874076295,-13.761753699447048,-46.93349543149121,118.12172740915223,0.0039477993275459184,-89406.51437038147,-2.2795053473396245,-3.028163060808856,-0.2330236291365426,-1.0845743495984697,-1.0634186960240022,-1.1468574832546226,0.5560372565622353
SOLUSDT,2023-07-19,S1_D5_T2_k6,S1,0.37991755788905246,26.3215,0.4558790625,0.4772167361111111,31145,-190.86463947723317,-14.352145584407893,-51.92485230704936,124.59158938510345,0.003947799327545912,-95432.31973861658,-2.2795053473396245,-3.0641297074527722,-0.2304201735412149,-1.075852541419448,-1.0843191907070915,-1.1680547833246708,0.55187028415476
SOLUSDT,2023-07-19,S1_D5_T5_k3,S1,0.37991755788905246,26.3215,0.30863,0.31961398148148146,20089,-117.87081420131805,-9.050775981611574,-28.45202591037761,80.37196010865642,0.003947799327545929,-58935.407100659024,-2.279505347339628,-2.9337153218507157,-0.22524806618351725,-1.095920128904725,-1.1062033244986975,-1.0993073453358582,0.5456219821793021
SOLUSDT,2023-07-19,S1_D5_T5_k6,S1,0.37991755788905246,26.3215,0.3268888888888889,0.3392290509259259,21739,-129.9280798586705,-9.608494956594086,-33.36663943924183,86.96089690937067,0.00795144653610168,-64964.039929335246,-0.7598351157798673,-2.9883637669320224,-0.22102599349423205,-1.0955869350514604,-1.1186760142280154,-1.0963557264584476,0.5404112424674548
SOLUSDT,2023-07-19,S1_D10_T2_k3,S1,0.37991755788905246,26.3215,0.43837649305555554,0.45990649305555553,29525,-178.81302874076295,-13.761753699447048,-46.93349543149121,118.12172740915223,0.0039477993275459184,-89406.51437038147,-2.2795053473396245,-3.028163060808856,-0.2330236291365426,-1.0845743495984697,-1.0634186960240022,-1.1468574832546226,0.5560372565622353
SOLUSDT,2023-07-19,S1_D10_T2_k6,S1,0.37991755788905246,26.3215,0.4558790625,0.4772167361111111,31145,-190.86463947723317,-14.352145584407893,-51.92485230704936,124.59158938510345,0.003947799327545912,-95432.31973861658,-2.2795053473396245,-3.0641297074527722,-0.2304201735412149,-1.075852541419448,-1.0843191907070915,-1.1680547833246708,0.55187028415476
SOLUSDT,2023-07-19,S1_D10_T5_k3,S1,0.37991755788905246,26.3215,0.30863,0.31961398148148146,20089,-117.87081420131805,-9.050775981611574,-28.45202591037761,80.37196010865642,0.003947799327545929,-58935.407100659024,-2.279505347339628,-2.9337153218507157,-0.22524806618351725,-1.095920128904725,-1.1062033244986975,-1.0993073453358582,0.5456219821793021
SOLUSDT,2023-07-19,S1_D10_T5_k6,S1,0.37991755788905246,26.3215,0.3268888888888889,0.3392290509259259,21739,-129.9280798586705,-9.608494956594086,-33.36663943924183,86.96089690937067,0.00795144653610168,-64964.039929335246,-0.7598351157798673,-2.9883637669320224,-0.22102599349423205,-1.0955869350514604,-1.1186760142280154,-1.0963557264584476,0.5404112424674548
SOLUSDT,2023-07-20,S0,S0,0.37797894657179504,26.4565,0.7895149305555555,0.8177232523148148,52055,-310.11781800313713,-21.57088050195581,-81.53761835465772,207.01743949502017,0.008120348496588742,-155058.90900156857,0.7559578931453519,-2.9787514936426582,-0.20830036620620465,-1.0109380992491608,-1.014003911821774,-0.9950744606945001,0.5083469407357603
SOLUSDT,2023-07-20,S1_D2_T2_k3,S1,0.37797894657179504,26.4565,0.45167288194444444,0.4637158101851852,25436,-157.54131925991703,-11.292121028858599,-45.06076011566141,101.18676514278157,-0.00167297261542532,-78770.65962995852,-3.0238315725814076,-3.0968178813476372,-0.223116602006452,-1.0652024241427074,-1.0717690250323804,-1.017547888356273,0.5605834250668345
SOLUSDT,2023-07-20,S1_D2_T2_k6,S1,0.37797894657179504,26.4565,0.46680179398148147,0.4813313425925926,26902,-165.55635405287904,-11.824315385632957,-46.73142705951262,106.99893863511804,-0.00167297261542532,-82778.17702643953,-3.0238315725814076,-3.0770268763080635,-0.22094779939449652,-1.0540790689398292,-1.0774992306052937,-1.0524933326420987,0.5552003568507917
SOLUSDT,2023-07-20,S1_D2_T5_k3,S1,0.37797894657179504,26.4565,0.31525280092592595,0.32152315972222223,17130,-106.43156075066607,-7.335437416135823,-30.947026250637798,68.15527662389206,0.006179539999622023,-53215.78037533303,-3.0238315725814076,-3.1065837930725646,-0.21526156072150282,-1.026428881834883,-1.0483996924444527,-1.0132290080581818,0.5513134851138354
SOLUSDT,2023-07-20,S1_D2_T5_k6,S1,0.37797894657179504,26.4565,0.3332932638888889,0.3382486111111111,18618,-115.33803730652193,-8.003326214729716,-33.275754540472114,74.06310600419557,0.004149452875474837,-57669.01865326096,-3.0238315725814076,-3.0974873054711014,-0.21614725899187193,-1.0284832793625087,-1.069562733897436,-1.076795084256278,0.5489311419056827
SOLUSDT,2023-07-20,S1_D5_T2_k3,S1,0.37797894657179504,26.4565,0.4516397916666667,0.46367119212962965,25438,-157.4729466482715,-11.281915597301134,-44.99461380001118,101.19474427834372,-0.00167297261542532,-78736.47332413575,-3.0238315725814076,-3.095230494698315,-0.2228989400523979,-1.0650592423781295,-1.0722382591490924,-1.0182651951917412,0.5605393505778756
SOLUSDT,2023-07-20,S1_D5_T2_k6,S1,0.37797894657179504,26.4565,0.4667621875,0.4813927314814815,26906,-165.58275512633924,-11.814109954075489,-46.752215901574104,107.0147562980742,-0.00167297261542532,-82791.37756316962,-3.0238315725814076,-3.077060044717521,-0.22072464001623937,-1.0543569868688505,-1.078081288580533,-1.0558411497437385,0.5552664833122724
SOLUSDT,2023-07-20,S1_D5_T5_k3,S1,0.37797894657179504,26.4565,0.31513680555555557,0.3214970138888889,17130,-106.28904091622083,-7.336571352975541,-30.803772229886754,68.15487687335816,0.006179539999622023,-53144.52045811041,-3.0238315725814076,-3.102423844606562,-0.21530173355164028,-1.029115435287504,-1.0529271258605566,-1.012558395999026,0.5513134851138354
SOLUSDT,2023-07-20,S1_D5_T5_k6,S1,0.37797894657179504,26.4565,0.33324630787037035,0.3383172916666667,18628,-115.45786177309914,-8.019201330485762,-33.340010961389474,74.10279893409938,0.004149452875474837,-57728.93088654957,-3.0238315725814076,-3.099040739024564,-0.2164657943418036,-1.0312628786952285,-1.077389293615291,-1.0843375656747638,0.5489048743826498
SOLUSDT,2023-07-20,S1_D10_T2_k3,S1,0.37797894657179504,26.4565,0.4516397916666667,0.46367119212962965,25438,-157.4729466482715,-11.281915597301134,-44.99461380001118,101.19474427834372,-0.00167297261542532,-78736.47332413575,-3.0238315725814076,-3.095230494698315,-0.2228989400523979,-1.0650592423781295,-1.0722382591490924,-1.0182651951917412,0.5605393505778756
SOLUSDT,2023-07-20,S1_D10_T2_k6,S1,0.37797894657179504,26.4565,0.4667621875,0.4813927314814815,26906,-165.58275512633924,-11.814109954075489,-46.752215901574104,107.0147562980742,-0.00167297261542532,-82791.37756316962,-3.0238315725814076,-3.077060044717521,-0.22072464001623937,-1.0543569868688505,-1.078081288580533,-1.0558411497437385,0.5552664833122724
SOLUSDT,2023-07-20,S1_D10_T5_k3,S1,0.37797894657179504,26.4565,0.31513680555555557,0.3214970138888889,17130,-106.28904091622083,-7.336571352975541,-30.803772229886754,68.15487687335816,0.006179539999622023,-53144.52045811041,-3.0238315725814076,-3.102423844606562,-0.21530173355164028,-1.029115435287504,-1.0529271258605566,-1.012558395999026,0.5513134851138354
SOLUSDT,2023-07-20,S1_D10_T5_k6,S1,0.37797894657179504,26.4565,0.33324630787037035,0.3383172916666667,18628,-115.45786177309914,-8.019201330485762,-33.340010961389474,74.10279893409938,0.004149452875474837,-57728.93088654957,-3.0238315725814076,-3.099040739024564,-0.2164657943418036,-1.0312628786952285,-1.077389293615291,-1.0843375656747638,0.5489048743826498
SOLUSDT,2023-07-21,S0,S0,0.39401103230798634,25.380000000000003,0.8335569212962963,0.8523168981481481,38377,-232.91819816111098,-15.620173364854196,-63.42198581560274,153.88065894405042,0.004619963396375092,-116459.09908055549,-0.7880220646178091,-3.034606641492443,-0.2030292095640282,-1.0247456294450394,-1.0606881562475723,-0.9655741469118473,0.5055892852489773
SOLUSDT,2023-07-21,S1_D2_T2_k3,S1,0.39401103230798634,25.380000000000003,0.4938064467592593,0.5205911805555555,20083,-123.72092167982657,-9.305358550039369,-33.91804570527971,80.49739763593381,-0.00011978857368006675,-61860.460839913285,3.9401103230890433,-3.080240045805571,-0.23122857180564504,-1.0969351514011993,-1.127717914968803,-1.0527993875314023,0.5693372504107952
SOLUSDT,2023-07-21,S1_D2_T2_k6,S1,0.39401103230798634,25.380000000000003,0.509625011574074,0.5352259259259259,21011,-129.70615855695425,-9.694641449960582,-35.793538219070115,84.2178890464933,-0.00008984143026002781,-64853.07927847712,3.9401103230890557,-3.0866250667972555,-0.2302535825417802,-1.0967033646865203,-1.1209630428341781,-1.051788637146755,0.5676550378373233
SOLUSDT,2023-07-21,S1_D2_T5_k3,S1,0.39401103230798634,25.380000000000003,0.35531811342592595,0.36893324074074074,14113,-87.01655035460993,-6.473601260835233,-23.983845547675408,56.55910354609929,-1.3169773749321933e-17,-43508.27517730497,3.9401103230890477,-3.0828509301569453,-0.22894348504246043,-1.1136413188298013,-1.1665867059500141,-1.1213033774819148,0.5630978530432934
SOLUSDT,2023-07-21,S1_D2_T5_k6,S1,0.39401103230798634,25.380000000000003,0.3710981597222222,0.3893658912037037,15119,-93.82281843741127,-6.801024428683841,-26.431048069346026,60.590775886524824,0.00002994714342000284,-46911.40921870564,3.940110323089045,-3.1028116422187733,-0.22452261661962158,-1.1065781749697574,-1.1699510646326103,-1.1329243536869347,0.5601560949798267
SOLUSDT,2023-07-21,S1_D5_T2_k3,S1,0.39401103230798634,25.380000000000003,0.4937768981481481,0.5205371643518518,20083,-123.73263972553185,-9.314026792750179,-33.92119779353817,80.49729535066982,-0.00011978857368006228,-61866.31986276593,3.9401103230890486,-3.080531786225461,-0.23144325014548375,-1.0972679162021957,-1.1270440829746442,-1.0515129367178777,0.5693372504107952
SOLUSDT,2023-07-21,S1_D5_T2_k6,S1,0.39401103230798634,25.380000000000003,0.5096380671296297,0.5352200694444444,21015,-129.74265627169027,-9.69976359338061,-35.80890464933016,84.23389818754924,-0.00008984143026003677,-64871.328135845135,3.9401103230890526,-3.086905930803956,-0.23033024004976257,-1.0975548857191721,-1.1226561361640588,-1.051093407456885,0.567546990245063
SOLUSDT,2023-07-21,S1_D5_T5_k3,S1,0.39401103230798634,25.380000000000003,0.35519833333333334,0.36888578703703706,14109,-87.01847391646966,-6.475177304964461,-24.00039401103239,56.54290260047281,-1.3169773749321933e-17,-43509.23695823483,3.940110323089048,-3.0837931078201737,-0.22906339560166572,-1.1131330804883757,-1.1656549941591137,-1.1231634296218567,0.5631866184704798
SOLUSDT,2023-07-21,S1_D5_T5_k6,S1,0.39401103230798634,25.380000000000003,0.3709795717592593,0.3893184375,15115,-93.81994767302986,-6.80023640661922,-26.445232466509147,60.57450874704491,0.00002994714342000284,-46909.97383651493,3.940110323089045,-3.1035377993063133,-0.22455638711133757,-1.1065633889213295,-1.1699017491490202,-1.133942087824995,0.5601720145550777
SOLUSDT,2023-07-21,S1_D10_T2_k3,S1,0.39401103230798634,25.380000000000003,0.4937695486111111,0.5205383217592593,20081,-123.7112772353821,-9.31402679275018,-33.907801418439654,80.48932923561858,-0.00011978857368006854,-61855.63861769105,3.940110323089039,-3.080306688794933,-0.23146629448689754,-1.0971998469831186,-1.1270183697486675,-1.0512038808363446,0.5693441561675215
SOLUSDT,2023-07-21,S1_D10_T2_k6,S1,0.39401103230798634,25.380000000000003,0.5095893171296296,0.5352212268518518,21013,-129.7173528831954,-9.69897557131599,-35.79235618597318,84.22593128447596,-0.00008984143026002856,-64858.6764415977,3.9401103230890566,-3.0865976510539994,-0.23033333396948472,-1.0974334017104967,-1.1224240771497784,-1.051212021525984,0.5675058297244563
SOLUSDT,2023-07-21,S1_D10_T5_k3,S1,0.39401103230798634,25.380000000000003,0.3551884259259259,0.3688869444444444,14107,-86.99474688731284,-6.475177304964465,-23.984633569740033,56.53493601260835,7.861360196148581e-18,-43497.37344365642,3.940110323089046,-3.0833893417208773,-0.22909585964396031,-1.1129543210656083,-1.1655397522943842,-1.1226495399437875,0.5631955766640675
SOLUSDT,2023-07-21,S1_D10_T5_k6,S1,0.39401103230798634,25.380000000000003,0.37094508101851853,0.3893055208333333,15113,-93.79464428453498,-6.800236406619219,-26.427895981087552,60.56654184397163,0.000029947143420006712,-46897.3221422675,3.940110323089053,-3.1031113704934485,-0.2245860927016659,-1.1065003568004117,-1.1696900552519784,-1.1340656659751178,0.5601138093032488
SOLUSDT,2023-07-22,S0,S0,0.39044960271661927,25.6115,0.8533493634259259,0.8747030902777778,28423,-169.90620276047866,-9.462155672256113,-47.435331784550385,112.99666399859437,-0.01205130507779708,-84953.10138023933,-3.9044960271752753,-2.9888858100918037,-0.1676386555541063,-0.9482189988445081,-0.9517522555663588,-0.9181022622677668,0.45734088590226224
SOLUSDT,2023-07-22,S1_D2_T2_k3,S1,0.39044960271661927,25.6115,0.5372666319444445,0.5605293981481482,14932,-89.13584682662082,-6.000039044959819,-23.656950979052787,59.48083618686919,0.001979384260976519,-44567.92341331041,1.5617984108701113,-2.984725650502974,-0.20177912961940975,-1.030016895539449,-1.1357055757799244,-1.2143958409565865,0.5239753549424055
SOLUSDT,2023-07-22,S1_D2_T2_k6,S1,0.39044960271661927,25.6115,0.5471749421296296,0.5717554976851852,15516,-91.97572406926574,-6.1929211487023235,-23.99117583897896,61.79360646584543,0.0019793842609765085,-45987.86203463287,1.5617984108701162,-2.96389933195623,-0.2004132185850512,-1.032429163140856,-1.1371596586296882,-1.1584055022182929,0.5230085073472545
SOLUSDT,2023-07-22,S1_D2_T5_k3,S1,0.39044960271661927,25.6115,0.38337479166666666,0.40811324074074073,10390,-57.03848798391347,-4.1141674638342725,-11.510063838510359,41.41222544560062,-0.00203123596821739,-28519.243991956733,1.5617984108701148,-2.744874301439532,-0.19867183030815722,-1.0227256103072744,-1.0978822978578084,-1.0922313657087133,0.5195380173243503
SOLUSDT,2023-07-22,S1_D2_T5_k6,S1,0.39044960271661927,25.6115,0.3946129398148148,0.4195361226851852,11058,-62.078197528454055,-4.381625441695773,-13.630595630869314,44.065950530035344,-0.000025925853620467273,-31039.098764227027,1.561798410870121,-2.806936043066289,-0.19886536294839927,-1.0339064048493172,-1.139859203636605,-1.1161169515556468,0.5202568276361006
SOLUSDT,2023-07-22,S1_D5_T2_k3,S1,0.39044960271661927,25.6115,0.5373744907407407,0.5605606481481481,14940,-86.51589266540418,-5.987544657672856,-21.018292563887726,59.51203482810457,0.001979384260976524,-43257.946332702086,1.5617984108701175,-2.8954448683200864,-0.20124297156205675,-1.0266003777274906,-1.1037548727636082,-1.1215931454747448,0.5238286479250335
SOLUSDT,2023-07-22,S1_D5_T2_k6,S1,0.39044960271661927,25.6115,0.5473028125,0.5717890625,15530,-90.56349846748529,-6.173008218963723,-22.544560060910527,61.84790957187202,0.0019793842609764946,-45281.74923374264,1.561798410870122,-2.915759770363338,-0.1995498789395261,-1.027405120743349,-1.1250164492481387,-1.1135094977882742,0.5226014166130071
SOLUSDT,2023-07-22,S1_D5_T5_k3,S1,0.39044960271661927,25.6115,0.38332314814814816,0.4081225,10400,-55.022897799816484,-4.102453975752743,-9.468012416297693,41.45040017179783,-0.002031235968217392,-27511.448899908242,1.5617984108701202,-2.6453316249911776,-0.19789359833854375,-1.0135703549404298,-1.032110045196215,-0.9558762389812822,0.5196153846153846
SOLUSDT,2023-07-22,S1_D5_T5_k6,S1,0.39044960271661927,25.6115,0.39458016203703705,0.41954538194444446,11068,-59.886858637721375,-4.369521504011525,-11.413232337036474,44.104078870819755,-0.000025925853620467273,-29943.42931886069,1.561798410870122,-2.7054056124738604,-0.19811266217101128,-1.0282482480131172,-1.0886355380922286,-0.9882634789289727,0.520057824358511
SOLUSDT,2023-07-22,S1_D10_T2_k3,S1,0.39044960271661927,25.6115,0.5373737962962963,0.5605604976851852,14936,-86.53973632938325,-5.955137340647308,-21.08974484118503,59.49683353181188,0.001979384260976524,-43269.86816469162,1.5617984108701166,-2.8970184898695512,-0.20015106947093478,-1.0216300076216078,-1.0996065276636637,-1.1064688432643741,0.5237680771290841
SOLUSDT,2023-07-22,S1_D10_T2_k6,S1,0.39044960271661927,25.6115,0.5473058680555556,0.5717902199074074,15532,-90.43682380961677,-6.155047537238717,-22.428206079300704,61.85554957733832,0.0019793842609764946,-45218.41190480838,1.5617984108701264,-2.911306457945428,-0.1989208358649535,-1.022216926334289,-1.1152800919284278,-1.0987305532850378,0.5226628895184136
SOLUSDT,2023-07-22,S1_D10_T5_k3,S1,0.39044960271661927,25.6115,0.38332078703703704,0.40812609953703705,10402,-54.823596236065825,-4.10206352615003,-9.261464576460114,41.45803689748746,-0.002031235968217392,-27411.79811803291,1.5617984108701193,-2.635243041533639,-0.19783623683119467,-0.9971855089546271,-1.0136938436538585,-0.9335880082236419,0.5198038838684869
SOLUSDT,2023-07-22,S1_D10_T5_k6,S1,0.39044960271661927,25.6115,0.39458224537037034,0.4195489814814815,11070,-59.68365179704434,-4.3656170079843495,-11.206294047596185,44.111714815610185,-0.000025925853620467273,-29841.82589852217,1.5617984108701202,-2.695738563552138,-0.19789164726812003,-1.0141089560472805,-1.0711336082624112,-0.9676459406316913,0.5201445347786812
SOLUSDT,2023-07-23,S0,S0,0.40476816903024404,24.7055,0.8560146412037037,0.8835175,26304,-155.08829241827937,-8.519155653599327,-41.26328145554642,105.31120600675965,0.005350697626034684,-77544.14620913968,1.619072676124735,-2.9479982591674148,-0.1618465257013511,-0.8980979377386803,-0.9743533380764392,-0.8808155686296858,0.43860249391727496
SOLUSDT,2023-07-23,S1_D2_T2_k3,S1,0.40476816903024404,24.7055,0.5156771759259259,0.5355787731481482,13068,-80.76552264471482,-5.394750156847762,-23.06126166238285,52.32427937099027,0.014768545506061399,-40382.761322357415,3.2381453522494867,-3.090202121392517,-0.20627521920979522,-1.0014874729105716,-1.0717001307303962,-0.9976984327158063,0.5271655953474136
SOLUSDT,2023-07-23,S1_D2_T2_k6,S1,0.40476816903024404,24.7055,0.5258442592592593,0.5482464004629629,13626,-84.50338733071591,-5.547347756572505,-24.41116350610186,54.559644613547604,0.014768545506061388,-42251.693665357954,3.238145352249478,-3.100814154216788,-0.2034345221973128,-0.9996226541110944,-1.0830021461485038,-1.0228326504997114,0.5247321297519448
SOLUSDT,2023-07-23,S1_D2_T5_k3,S1,0.40476816903024404,24.7055,0.35953141203703703,0.3833825925925926,8950,-56.74460584481186,-3.5615551193054005,-17.36334014693083,35.83447912408168,0.014768545506061386,-28372.30292240593,1.6190726761247443,-3.1700897120006624,-0.1988078704687386,-0.9963048907011152,-1.0691431260664943,-1.0517249521867817,0.522122905027933
SOLUSDT,2023-07-23,S1_D2_T5_k6,S1,0.40476816903024404,24.7055,0.3733065509259259,0.39374864583333335,9495,-60.01130176272485,-3.7445103317074677,-18.26394932302523,38.01761065349821,0.014768545506061416,-30005.650881362424,2.428609014187136,-3.160152804777507,-0.19705746234469612,-0.998036325752491,-1.1008962067417378,-1.041019952068208,0.5189046866771986
SOLUSDT,2023-07-23,S1_D5_T2_k3,S1,0.40476816903024404,24.7055,0.5159047800925926,0.53525375,13066,-80.78505805181041,-5.398797838538069,-23.08473821618666,52.31629054259174,0.014768545506061399,-40392.529025905205,3.2381453522494894,-3.0914227021204046,-0.2064609923682211,-1.0018248312934415,-1.0718955752573418,-0.9996544485281992,0.5271697535588551
SOLUSDT,2023-07-23,S1_D5_T2_k6,S1,0.40476816903024404,24.7055,0.5261048842592593,0.5479254282407408,13626,-84.4977038999009,-5.556252656291186,-24.39659185201674,54.55962793709904,0.014768545506061399,-42248.85194995045,3.2381453522494787,-3.10060560325484,-0.20376144346180725,-0.9999780803720253,-1.0833305012987389,-1.025188380210415,0.524805518861001
SOLUSDT,2023-07-23,S1_D5_T5_k3,S1,0.40476816903024404,24.7055,0.3594920601851852,0.3832886574074074,8946,-56.768246410677754,-3.5603408147983036,-17.40422173200298,35.81845240938253,0.014768545506061395,-28384.123205338878,1.619072676124744,-3.1728284378871985,-0.19882863446453358,-0.9965219536159776,-1.0698013221555447,-1.056137561805378,0.5222445785826068
SOLUSDT,2023-07-23,S1_D5_T5_k6,S1,0.40476816903024404,24.7055,0.3732706712962963,0.3937116435185185,9491,-60.034942328590745,-3.744915099876498,-18.30321183542125,38.00158393879906,0.014768545506061406,-30017.47116429537,2.4286090141871357,-3.1627300773675455,-0.19716228407959965,-0.998413622560268,-1.1014870002463684,-1.0453036445864503,0.5191233800442524
SOLUSDT,2023-07-23,S1_D10_T2_k3,S1,0.40476816903024404,24.7055,0.5159047800925926,0.53525375,13066,-80.78505805181041,-5.398797838538069,-23.08473821618666,52.31629054259174,0.014768545506061399,-40392.529025905205,3.2381453522494894,-3.0914227021204046,-0.2064609923682211,-1.0018248312934415,-1.0718955752573418,-0.9996544485281992,0.5271697535588551
SOLUSDT,2023-07-23,S1_D10_T2_k6,S1,0.40476816903024404,24.7055,0.5261048842592593,0.5479254282407408,13626,-84.4977038999009,-5.556252656291186,-24.39659185201674,54.55962793709904,0.014768545506061399,-42248.85194995045,3.2381453522494787,-3.10060560325484,-0.20376144346180725,-0.9999780803720253,-1.0833305012987389,-1.025188380210415,0.524805518861001
SOLUSDT,2023-07-23,S1_D10_T5_k3,S1,0.40476816903024404,24.7055,0.35949465277777776,0.3832886574074074,8946,-56.79334705628298,-3.55912651029121,-17.430531662990006,35.81845742850782,0.014768545506061395,-28396.67352814149,1.619072676124744,-3.1742313355847855,-0.1987618368520952,-0.9957658885610605,-1.0718925217776036,-1.0570720514207015,0.5222445785826068
SOLUSDT,2023-07-23,S1_D10_T5_k6,S1,0.40476816903024404,24.7055,0.3732706712962963,0.3937116435185185,9491,-60.034942328590745,-3.744915099876498,-18.30321183542125,38.00158393879906,0.014768545506061406,-30017.47116429537,2.4286090141871357,-3.1627300773675455,-0.19716228407959965,-0.998413622560268,-1.1014870002463684,-1.0453036445864503,0.5191233800442524
SOLUSDT,2023-07-24,S0,S0,0.42436716246797906,23.564500000000002,0.819617037037037,0.8460797916666667,39898,-246.453003910034,-17.722421439028974,-67.9148719472086,160.8252848140211,0.009574290224702416,-123226.501955017,2.353672812205332e-14,-3.088538321595493,-0.22056389774796237,-1.0071871747000094,-1.0639679421577601,-1.0453524487384256,0.5019549852122913
SOLUSDT,2023-07-24,S1_D2_T2_k3,S1,0.42436716246797906,23.564500000000002,0.49304011574074075,0.5144619675925926,20025,-123.41665377236946,-10.448343907148544,-32.273971440089895,80.69814084746122,0.0038024223302001135,-61708.32688618473,2.54620297481381,-3.0815643888232076,-0.25902691595833416,-1.0961921335701899,-1.1476965476407506,-0.8948292963295159,0.5562546816479401
SOLUSDT,2023-07-24,S1_D2_T2_k6,S1,0.42436716246797906,23.564500000000002,0.5048698958333333,0.5254852430555556,20732,-125.9727257450402,-10.697447431517773,-31.72993273780472,83.5452091069193,-0.00013646879840436437,-62986.3628725201,1.6974686498758604,-3.0381228474107704,-0.25612387202525283,-1.0980184525109273,-1.1348232193333707,-0.8304530924800129,0.5521898514373915
SOLUSDT,2023-07-24,S1_D2_T5_k3,S1,0.42436716246797906,23.564500000000002,0.35722747685185186,0.3668192824074074,13834,-84.86815846637953,-7.083536675931814,-22.049269027562865,55.743367013940464,0.00801425105561334,-42434.07923318976,3.3949372997517377,-3.067375974641446,-0.25435107656460004,-1.0844173386041955,-1.1028996354251568,-0.7270166947539993,0.5478531155125054
SOLUSDT,2023-07-24,S1_D2_T5_k6,S1,0.42436716246797906,23.564500000000002,0.36917824074074074,0.37801457175925923,14508,-86.90852193685423,-7.336035137600918,-21.124572980542958,58.45395862420167,0.006044805491311094,-43454.260968427116,3.3949372997517546,-2.995193063718439,-0.25113014630456904,-1.0813886366064882,-1.1241406725282566,-0.6551712817705186,0.5414254204576785
SOLUSDT,2023-07-24,S1_D5_T2_k3,S1,0.42436716246797906,23.564500000000002,0.49305832175925923,0.514422025462963,20023,-123.56666620632733,-10.452163211610763,-32.42801672006614,80.69028869698062,0.0038024223302000806,-61783.33310316367,2.5462029748137947,-3.0856181942348133,-0.2591548732850331,-1.096991416477635,-1.1499321721482754,-0.8932273193846669,0.5562603006542476
SOLUSDT,2023-07-24,S1_D5_T2_k6,S1,0.42436716246797906,23.564500000000002,0.5048967013888889,0.5254653587962963,20740,-126.34898460900932,-10.651615777971127,-32.12035052727619,83.5768818349636,-0.00013646879840435657,-63174.49230450466,1.6974686498758649,-3.0460218083174864,-0.2549152970193123,-1.0931396792601986,-1.1362904124587787,-0.836370803938893,0.5520732883317261
SOLUSDT,2023-07-24,S1_D5_T5_k3,S1,0.42436716246797906,23.564500000000002,0.3571638888888889,0.36682140046296297,13844,-84.61621864164317,-7.073351864032555,-21.768337966008417,55.78254306265781,0.008014251055613326,-42308.10932082159,3.394937299751743,-3.0560610604465173,-0.2537803068186516,-1.089802112155858,-1.132224158571295,-0.7143950800726029,0.5480352499277665
SOLUSDT,2023-07-24,S1_D5_T5_k6,S1,0.42436716246797906,23.564500000000002,0.36908274305555555,0.37788006944444447,14520,-87.80253861448371,-7.341551910713005,-21.966093063718933,58.500938445543085,0.006044805491311074,-43901.269307241855,3.3949372997517537,-3.023503395815555,-0.2511187823818898,-1.086883340818638,-1.1544029813264707,-0.6778891660577779,0.5413911845730027
SOLUSDT,2023-07-24,S1_D10_T2_k3,S1,0.42436716246797906,23.564500000000002,0.4930527314814815,0.5144257175925926,20023,-122.77309876377603,-10.468713530947056,-31.617899806912874,80.6902878482463,0.003802422330200083,-61386.54938188802,2.5462029748137973,-3.065801797027819,-0.25957291942985716,-1.0945610414078828,-1.137267940374346,-0.8844754996332226,0.5562103580881985
SOLUSDT,2023-07-24,S1_D10_T2_k6,S1,0.42436716246797906,23.564500000000002,0.5049036458333334,0.5254770486111111,20742,-126.6802586865412,-10.628699951197806,-32.46663413185087,83.58478813469412,-0.0001364687984043661,-63340.12934327059,1.6974686498758569,-3.0537136892908396,-0.2543246303170315,-1.092641967179229,-1.1280197450909073,-0.8647386158846991,0.5521646900009642
SOLUSDT,2023-07-24,S1_D10_T5_k3,S1,0.42436716246797906,23.564500000000002,0.35717638888888886,0.3668255208333333,13854,-85.59500316921643,-7.0466167327970055,-22.733773260625323,55.82262742684971,0.008014251055613326,-42797.50158460821,3.394937299751736,-3.0891801345898813,-0.25267434016512014,-1.0833815353878584,-1.100356072182234,-0.7826544345433383,0.5482893027284539
SOLUSDT,2023-07-24,S1_D10_T5_k6,S1,0.42436716246797906,23.564500000000002,0.3691040740740741,0.3779122337962963,14530,-88.45340954321122,-7.167985741263196,-22.75074794712404,58.540720660315294,0.006044805491311091,-44226.70477160561,3.3949372997517573,-3.043820011810434,-0.24494366440297435,-1.0591650521869556,-1.0665006260501626,-0.7553290096606409,0.5415003441156229
SOLUSDT,2023-07-25,S0,S0,0.4302648280006322,23.241500000000002,0.8539452893518519,0.8752116203703704,27978,-171.24889851893374,-12.559860594195376,-46.791730310006095,111.90143665426069,0.0041290395284297385,-85624.44925946687,1.7210593120065543,-3.0604206612147715,-0.22443720071817524,-1.0519450175911964,-1.097365691659033,-1.0250019049253194,0.47976981914361283
SOLUSDT,2023-07-25,S1_D2_T2_k3,S1,0.4302648280006322,23.241500000000002,0.5468376967592593,0.5803113773148149,15187,-96.72232471813791,-7.98485467805428,-27.992599444958522,60.74759529290279,0.002724697777682159,-48361.162359068956,2.581588968009814,-3.184378900314015,-0.2628152344066835,-1.132458472686364,-1.2123549554055566,-1.0451963757902984,0.5569236847303615
SOLUSDT,2023-07-25,S1_D2_T2_k6,S1,0.4302648280006322,23.241500000000002,0.5535608796296296,0.5907250462962963,15609,-99.7771326068112,-8.098874857474717,-29.247681948239304,62.43422739496159,0.0036515938644235634,-49888.5663034056,2.5815889680098123,-3.19614109189606,-0.25937648404490793,-1.1247456096215982,-1.218480844674464,-1.0410921708698015,0.5521173681850214
SOLUSDT,2023-07-25,S1_D2_T5_k3,S1,0.4302648280006322,23.241500000000002,0.3948301273148148,0.4363529050925926,10976,-69.7003610055978,-5.628724479917279,-20.169954607060795,43.90022158638642,-0.0014603322332895903,-34850.180502798896,3.442118624013083,-3.1751257746719115,-0.25634793754210816,-1.1227018998297045,-1.1977772050205968,-0.9753034508122618,0.5509293002915452
SOLUSDT,2023-07-25,S1_D2_T5_k6,S1,0.4302648280006322,23.241500000000002,0.4060113888888889,0.4461744097222222,11420,-73.13098773318417,-5.784480347653844,-21.670718327130487,45.676182518340035,0.00039345994019318424,-36565.493866592085,3.442118624013082,-3.201882124920498,-0.2532062736468785,-1.1222082881450064,-1.2442547040607546,-0.9947284406715708,0.5481611208406305
SOLUSDT,2023-07-25,S1_D5_T2_k3,S1,0.4302648280006322,23.241500000000002,0.5468738888888889,0.580306712962963,15197,-96.67339207609673,-7.995181033926323,-27.893638534518146,60.787297205429944,0.002724697777682164,-48336.696038048365,2.581588968009819,-3.1806735564945954,-0.26298267001165165,-1.1330903622768431,-1.2111152928374977,-1.039119122025857,0.5569520300059222
SOLUSDT,2023-07-25,S1_D5_T2_k6,S1,0.4302648280006322,23.241500000000002,0.5536265972222222,0.5907228472222222,15623,-99.838589053254,-8.113073596798769,-29.239506916507285,62.48966013381236,0.0036515938644235578,-49919.294526627,2.581588968009828,-3.1952438409157646,-0.2596009988048989,-1.1277833675115454,-1.2212880574871061,-1.0352107763220646,0.5522626896242719
SOLUSDT,2023-07-25,S1_D5_T5_k3,S1,0.4302648280006322,23.241500000000002,0.3949283796296296,0.4362493171296296,10976,-69.52734239664399,-5.6407718951013335,-19.984940731020085,43.90016943828927,-0.0014603322332895929,-34763.671198321994,3.442118624013087,-3.167244096057033,-0.25689927554290737,-1.1232596043825016,-1.1987437122720523,-0.955919993703551,0.5510204081632653
SOLUSDT,2023-07-25,S1_D5_T5_k6,S1,0.4302648280006322,23.241500000000002,0.4060635300925926,0.4461457523148148,11418,-73.27625099071918,-5.783619817997852,-21.824753135555067,45.66827149710646,0.00039345994019318164,-36638.12549535959,3.4421186240130774,-3.208804124659274,-0.25321184030916594,-1.12386977934525,-1.2449039829125634,-0.9939542997856589,0.5482571378525136
SOLUSDT,2023-07-25,S1_D10_T2_k3,S1,0.4302648280006322,23.241500000000002,0.5468738888888889,0.580306712962963,15197,-96.67339207609673,-7.995181033926323,-27.893638534518146,60.787297205429944,0.002724697777682164,-48336.696038048365,2.581588968009819,-3.1806735564945954,-0.26298267001165165,-1.1330903622768431,-1.2111152928374977,-1.039119122025857,0.5569520300059222
SOLUSDT,2023-07-25,S1_D10_T2_k6,S1,0.4302648280006322,23.241500000000002,0.5536265972222222,0.5907228472222222,15623,-99.838589053254,-8.113073596798769,-29.239506916507285,62.48966013381236,0.0036515938644235578,-49919.294526627,2.581588968009828,-3.1952438409157646,-0.2596009988048989,-1.1277833675115454,-1.2212880574871061,-1.0352107763220646,0.5522626896242719
SOLUSDT,2023-07-25,S1_D10_T5_k3,S1,0.4302648280006322,23.241500000000002,0.3949283796296296,0.4362493171296296,10976,-69.52734239664399,-5.6407718951013335,-19.984940731020085,43.90016943828927,-0.0014603322332895929,-34763.671198321994,3.442118624013087,-3.167244096057033,-0.25689927554290737,-1.1232596043825016,-1.1987437122720523,-0.955919993703551,0.5510204081632653
SOLUSDT,2023-07-25,S1_D10_T5_k6,S1,0.4302648280006322,23.241500000000002,0.4060635300925926,0.4461457523148148,11418,-73.27625099071918,-5.783619817997852,-21.824753135555067,45.66827149710646,0.00039345994019318164,-36638.12549535959,3.4421186240130774,-3.208804124659274,-0.25321184030916594,-1.12386977934525,-1.2449039829125634,-0.9939542997856589,0.5482571378525136
SOLUSDT,2023-07-26,S0,S0,0.4071246819328934,24.5625,0.7782325578703704,0.8073595023148148,54492,-331.0158810487693,-24.386768447837373,-89.36875318066126,217.2622461068702,0.0018866865994910762,-165507.94052438467,3.256997455470727,-3.03728878595729,-0.2242792463527556,-0.988783821919304,-1.0851162923377393,-1.0905293323931478,0.4873375908390222
SOLUSDT,2023-07-26,S1_D2_T2_k3,S1,0.4071246819328934,24.5625,0.43748883101851854,0.4613668287037037,25115,-159.81091205144833,-12.41282442748107,-47.46340966921101,99.93181296692111,-0.002864987835114497,-79905.45602572415,-2.4427480916030584,-3.1815829594156546,-0.24851891889325836,-1.0329145298083717,-1.117794694015561,-1.230731610514086,0.5403543698984671
SOLUSDT,2023-07-26,S1_D2_T2_k6,S1,0.4071246819328934,24.5625,0.44803,0.47347631944444446,26205,-167.59677533367932,-12.837048346056122,-50.460661577607965,104.2952570788804,-0.003808331134860064,-83798.38766683966,-2.442748091603068,-3.1978014755519806,-0.24624024436030859,-1.0171870375108387,-1.0819793054993962,-1.22920223419893,0.5357374546842205
SOLUSDT,2023-07-26,S1_D2_T5_k3,S1,0.4071246819328934,24.5625,0.3045610300925926,0.3234083101851852,16968,-111.55077506080409,-8.290687022901011,-35.76508905852394,67.4931822086514,-0.0018167707277353816,-55775.38753040204,-3.2569974554707297,-3.2870926173032795,-0.24579172184452147,-1.014099984837212,-1.1092156085808929,-1.4509195977968254,0.5308227251296558
SOLUSDT,2023-07-26,S1_D2_T5_k6,S1,0.4071246819328934,24.5625,0.3176916087962963,0.337920150462963,18310,-120.84668942658111,-8.847226463104487,-39.11694656488527,72.87786959796438,-0.004646800626972023,-60423.34471329055,-3.2569974554707346,-3.300018826504126,-0.24285512182464578,-1.0255605197048954,-1.1248322650345999,-1.3889218208908949,0.5269251774986347
SOLUSDT,2023-07-26,S1_D5_T2_k3,S1,0.4071246819328934,24.5625,0.4376323263888889,0.46152310185185186,25149,-159.80743711484985,-12.42788804071262,-47.30585241730262,100.06988832569975,-0.0038083311348600444,-79903.71855742493,-2.442748091603065,-3.1772125554664172,-0.2484653430665421,-1.0347915892475343,-1.1107638533703323,-1.228899117982915,0.5406974432382997
SOLUSDT,2023-07-26,S1_D5_T2_k6,S1,0.4071246819328934,24.5625,0.4481088078703704,0.4736107986111111,26245,-167.57819818842947,-12.847633587786419,-50.267684478371294,104.45812844783715,-0.004751674434605602,-83789.09909421473,-2.442748091603052,-3.1925737890727657,-0.2460566006393102,-1.0196969836375973,-1.081899008345589,-1.2324597053713553,0.536254524671366
SOLUSDT,2023-07-26,S1_D5_T5_k3,S1,0.4071246819328934,24.5625,0.30458229166666667,0.3235458101851852,16990,-112.8713269590229,-8.303715012722858,-36.983206106870014,67.58258906870229,-0.0018167707277353857,-56435.66347951145,-3.256997455470735,-3.32169885106012,-0.2458429856812068,-1.017810596217878,-1.141627521214061,-1.481010494794371,0.5312536786344909
SOLUSDT,2023-07-26,S1_D5_T5_k6,S1,0.4071246819328934,24.5625,0.3176478125,0.3380583449074074,18326,-121.45299139095769,-8.861068702290227,-39.64458015267154,72.94269573536896,-0.004646800626972025,-60726.49569547884,-3.2569974554707333,-3.3136797825755124,-0.24300470002121471,-1.0322913266460099,-1.1418335564402589,-1.3917251707221303,0.5271199388846448
SOLUSDT,2023-07-26,S1_D10_T2_k3,S1,0.4071246819328934,24.5625,0.43763581018518516,0.46152944444444444,25159,-159.88526893164374,-12.39776081424951,-47.37343511450366,100.11026467175573,-0.0038083311348600293,-79942.63446582186,-2.4427480916030486,-3.177496500887232,-0.24777595235293848,-1.0318630422139392,-1.1097405713524378,-1.2273754347735475,0.5406812671409833
SOLUSDT,2023-07-26,S1_D10_T2_k6,S1,0.4071246819328934,24.5625,0.4481000347222222,0.47361745370370373,26257,-167.32795476858215,-12.808956743002701,-50.007531806615575,104.50671454452926,-0.004751674434605609,-83663.97738429108,-2.4427480916030655,-3.18634944526378,-0.2452172136415823,-1.0153093155660287,-1.0778373892042614,-1.2247071787269306,0.5363522108390144
SOLUSDT,2023-07-26,S1_D10_T5_k3,S1,0.4071246819328934,24.5625,0.30455899305555556,0.32348958333333333,16988,-112.86743338141474,-8.272773536895883,-37.01821882951633,67.5746242442748,-0.0018167707277353825,-56433.71669070737,-3.2569974554707235,-3.321975317324427,-0.24497209364754527,-1.0134383758221135,-1.1420352278356365,-1.476818611805013,0.5314339533788557
SOLUSDT,2023-07-26,S1_D10_T5_k6,S1,0.4071246819328934,24.5625,0.3176304513888889,0.33797928240740743,18330,-121.56755399655565,-8.841119592875462,-39.76223918575042,72.9595484173028,-0.004646800626972025,-60783.77699827782,-3.2569974554707284,-3.3160816693004813,-0.24240878041874114,-1.027119862981896,-1.1440113806808727,-1.3867857264931764,0.5273322422258593
SOLUSDT,2023-07-27,S0,S0,0.39729047893274644,25.1705,0.8130749421296296,0.83319125,43323,-259.2195569325241,-15.695357660753778,-70.35180071909556,173.17127923561313,-0.0011193170616396182,-129609.77846626204,-0.7945809578673289,-2.9917082950456355,-0.18108102798544679,-0.9314418407537635,-1.020572419313693,-0.950081842876645,0.46354130600373933
SOLUSDT,2023-07-27,S1_D2_T2_k3,S1,0.39729047893274644,25.1705,0.4920747800925926,0.5045356944444445,22167,-135.9534874489064,-8.971613595280274,-38.40726246995476,88.57271917522496,-0.0018922084463955787,-67976.74372445319,3.972904789336718,-3.0665739037512156,-0.20243548748148513,-0.9791413884497598,-1.0501146758060251,-1.066439441642401,0.5238417467406505
SOLUSDT,2023-07-27,S1_D2_T2_k6,S1,0.39729047893274644,25.1705,0.510950011574074,0.5229710185185186,23375,-144.7182991133549,-9.196877296835758,-42.11755825271628,93.40197135535647,-0.001892208446395586,-72359.14955667745,3.972904789336732,-3.095578590659998,-0.19679291429534873,-0.9803178820349456,-1.0678019379044208,-1.1257211153772815,0.519187165775401
SOLUSDT,2023-07-27,S1_D2_T5_k3,S1,0.39729047893274644,25.1705,0.35803122685185185,0.37367319444444447,15767,-96.45700537217373,-6.376512186885426,-27.082100077471605,62.998884249418964,0.0004911416022725011,-48228.50268608686,3.9729047893367238,-3.0588255651732648,-0.20230083671644072,-0.9654809459658678,-1.0211528631767992,-1.0998644845655419,0.5167755438574237
SOLUSDT,2023-07-27,S1_D2_T5_k6,S1,0.39729047893274644,25.1705,0.3779110185185185,0.39078127314814814,17133,-106.60222948137297,-6.80677777557046,-31.33827297828816,68.45865215232118,0.0014734248068175035,-53301.11474068649,3.97290478933673,-3.1110205300114684,-0.19874074344760018,-0.9752108972021094,-1.0375735689459786,-1.1668579832389963,0.5112939940465768
SOLUSDT,2023-07-27,S1_D5_T2_k3,S1,0.39729047893274644,25.1705,0.49193335648148145,0.5045772337962963,22169,-135.85661944866803,-8.976778371506427,-38.297213007290125,88.58073586142508,-0.0018922084463955835,-67928.30972433402,3.972904789336729,-3.064112487001399,-0.2025360255692496,-0.9791115707024005,-1.0471392242132682,-1.0635441571704407,0.5237493797645361
SOLUSDT,2023-07-27,S1_D5_T2_k6,S1,0.39729047893274644,25.1705,0.5107814467592593,0.5230251620370371,23377,-144.55628151338672,-9.20283665401978,-41.94155857054866,93.40999408037187,-0.0018922084463955857,-72278.14075669336,3.9729047893367273,-3.091848430367171,-0.19690549479252184,-0.9800687204488486,-1.063524217179497,-1.1207825414929014,0.519099970056038
SOLUSDT,2023-07-27,S1_D5_T5_k3,S1,0.39729047893274644,25.1705,0.3580758796296296,0.37375292824074074,15769,-96.58182085061078,-6.374128444011831,-27.201287221151702,63.00689632704952,0.0004911416022724992,-48290.91042530539,3.9729047893367193,-3.0623952327544797,-0.20219865393467973,-0.9672631093978638,-1.0304940574642676,-1.1007137495567634,0.5166465850719767
SOLUSDT,2023-07-27,S1_D5_T5_k6,S1,0.39729047893274644,25.1705,0.3780177430555556,0.3908962037037037,17137,-106.70405598462082,-6.797640094554993,-31.4332254027533,68.47466391211935,0.0014734248068175061,-53352.02799231041,3.972904789336725,-3.1132653318731642,-0.19842675451259023,-0.9771956675189105,-1.0491763826977818,-1.1626583285170682,0.5110579447978059
SOLUSDT,2023-07-27,S1_D10_T2_k3,S1,0.39729047893274644,25.1705,0.49193335648148145,0.5045800694444444,22169,-135.89157401850179,-8.97638108102749,-38.332571859915234,88.58072886911266,-0.0018922084463955835,-67945.7870092509,3.972904789336729,-3.064900852959127,-0.20252719721586088,-0.9788824821769004,-1.0480393991854686,-1.064799081092727,0.5237493797645361
SOLUSDT,2023-07-27,S1_D10_T2_k6,S1,0.39729047893274644,25.1705,0.5107814467592593,0.5230275347222222,23377,-144.58488070688705,-9.200850201625109,-41.97214993742655,93.40998835938898,-0.0018922084463955857,-72292.44035344353,3.9729047893367273,-3.0924601254841733,-0.1968636553238353,-0.9799183339703923,-1.0642523626990668,-1.1217547452162335,0.5190571929674467
SOLUSDT,2023-07-27,S1_D10_T5_k3,S1,0.39729047893274644,25.1705,0.3581232986111111,0.3737371527777778,15775,-96.59505634454216,-6.374923024969693,-27.189368506783694,63.03125595439105,0.0004911416022724993,-48297.528172271086,3.9729047893367166,-3.0616499633769307,-0.20214645757765268,-0.9686569051715223,-1.0360197944599232,-1.1040323554287226,0.5167670364500793
SOLUSDT,2023-07-27,S1_D10_T5_k6,S1,0.39729047893274644,25.1705,0.37806270833333333,0.39088216435185186,17143,-106.70696081368659,-6.794859061202449,-31.414552750243423,68.49902242704754,0.001473424806817505,-53353.48040684329,3.972904789336729,-3.1122604215623455,-0.198277298518251,-0.9774244471317947,-1.0516403570628299,-1.1620922084490706,0.5111707402438314
SOLUSDT,2023-07-28,S0,S0,0.4005126561990025,24.968,0.8420146875,0.865052650462963,28847,-167.00790964434478,-8.87616148670299,-42.75112143543738,115.38077138737584,0.00014466517141943202,-83503.9548221724,-4.005126561999361,-2.8947188554155505,-0.15366759394299423,-0.8342209763984553,-0.9134437211120122,-0.9152167020035311,0.4476375359656117
SOLUSDT,2023-07-28,S1_D2_T2_k3,S1,0.4005126561990025,24.968,0.5400619560185185,0.5689230902777778,14946,-88.95534700416542,-5.377282922140653,-23.85773790451755,59.72821323293817,0.007887055430951606,-44477.67350208271,3.2041012495994843,-2.9758914426657777,-0.17996131129239432,-0.901550226664175,-0.9790195598400491,-1.007835358574404,0.517128328649806
SOLUSDT,2023-07-28,S1_D2_T2_k6,S1,0.4005126561990025,24.968,0.5496320138888889,0.5818398611111111,15518,-92.69944557033011,-5.468599807754131,-25.213873758410646,62.01879910285166,0.0018270986863184822,-46349.72278516505,3.2041012495994834,-2.9868361119451645,-0.17625088363001387,-0.9007911745045021,-0.9732439711022352,-1.0338272621565965,0.5128238175022555
SOLUSDT,2023-07-28,S1_D2_T5_k3,S1,0.4005126561990025,24.968,0.40017261574074076,0.4240333333333333,10544,-63.5766105414932,-3.6847164370395484,-17.76033322652992,42.13131976930471,-0.00024110861903239508,-31788.3052707466,3.2041012495994856,-3.014824096239245,-0.17479817077994478,-0.8961249899196776,-0.9779817632697512,-0.9958959105751091,0.5063543247344461
SOLUSDT,2023-07-28,S1_D2_T5_k6,S1,0.4005126561990025,24.968,0.4099264351851852,0.4359122916666667,11076,-66.84419032361433,-3.851730214674885,-18.731576417814793,44.26064258250561,-0.00024110861903237947,-33422.09516180716,3.2041012495994825,-3.0175239402137204,-0.17391548607579735,-0.9049736859535127,-0.9919551712141497,-1.0164666344327553,0.5062296858071506
SOLUSDT,2023-07-28,S1_D5_T2_k3,S1,0.4005126561990025,24.968,0.5400713310185186,0.5690036805555555,14948,-88.92580887536053,-5.378484460109258,-23.818888176866146,59.73632329381609,0.007887055430951608,-44462.90443768026,3.204101249599485,-2.974505247369566,-0.1799767520083028,-0.9010994270514017,-0.978661921306725,-1.006691006921429,0.5171260369280172
SOLUSDT,2023-07-28,S1_D5_T2_k6,S1,0.4005126561990025,24.968,0.5496531944444445,0.5819308680555556,15524,-92.68405418936247,-5.469000320410336,-25.174223005446844,62.04265796219161,0.0018270986863184605,-46342.02709468124,3.204101249599493,-2.9851859762098187,-0.1761935517321816,-0.9004022690787298,-0.9710301710774623,-1.0325096522774508,0.5127544447307395
SOLUSDT,2023-07-28,S1_D5_T5_k3,S1,0.4005126561990025,24.968,0.4001735300925926,0.42400770833333334,10544,-63.56219400833076,-3.6823133611023486,-17.74831784684392,42.131321691765464,-0.00024110861903240202,-31781.09700416538,3.2041012495994856,-3.0141404594238788,-0.1746826241588142,-0.8962020382236403,-0.977828093797767,-0.9945863945345154,0.5062594840667678
SOLUSDT,2023-07-28,S1_D5_T5_k6,S1,0.4005126561990025,24.968,0.409927349537037,0.4358901388888889,11076,-66.82977379045188,-3.8493271387376855,-18.719561038128795,44.260644504966365,-0.000241108619032376,-33414.88689522594,3.2041012495994816,-3.0168731396917603,-0.17380548936460188,-0.9050470334902573,-0.991808882760502,-1.015220016779088,0.5061394005055977
SOLUSDT,2023-07-28,S1_D10_T2_k3,S1,0.4005126561990025,24.968,0.5400713310185186,0.5690036805555555,14948,-88.92580887536053,-5.378484460109258,-23.818888176866146,59.73632329381609,0.007887055430951608,-44462.90443768026,3.204101249599485,-2.974505247369566,-0.1799767520083028,-0.9010994270514017,-0.978661921306725,-1.006691006921429,0.5171260369280172
SOLUSDT,2023-07-28,S1_D10_T2_k6,S1,0.4005126561990025,24.968,0.5496531944444445,0.5819308680555556,15524,-92.68405418936247,-5.469000320410336,-25.174223005446844,62.04265796219161,0.0018270986863184605,-46342.02709468124,3.204101249599493,-2.9851859762098187,-0.1761935517321816,-0.9004022690787298,-0.9710301710774623,-1.0325096522774508,0.5127544447307395
SOLUSDT,2023-07-28,S1_D10_T5_k3,S1,0.4005126561990025,24.968,0.4001735300925926,0.42400770833333334,10544,-63.56219400833076,-3.6823133611023486,-17.74831784684392,42.131321691765464,-0.00024110861903240202,-31781.09700416538,3.2041012495994856,-3.0141404594238788,-0.1746826241588142,-0.8962020382236403,-0.977828093797767,-0.9945863945345154,0.5062594840667678
SOLUSDT,2023-07-28,S1_D10_T5_k6,S1,0.4005126561990025,24.968,0.409927349537037,0.4358901388888889,11076,-66.82977379045188,-3.8493271387376855,-18.719561038128795,44.260644504966365,-0.000241108619032376,-33414.88689522594,3.2041012495994816,-3.0168731396917603,-0.17380548936460188,-0.9050470334902573,-0.991808882760502,-1.015220016779088,0.5061394005055977
SOLUSDT,2023-07-29,S0,S0,0.3982556402945775,25.1095,0.8768361689814815,0.8906267476851852,17813,-101.73862195270702,-3.070152731038007,-27.42467990202903,71.24891312053208,0.005123800892092601,-50869.31097635351,-0.7965112805909933,-2.8557408059481,-0.08616631146388919,-0.7122695355283695,-0.7981862361435859,-0.854814127855922,0.37573682142255654
SOLUSDT,2023-07-29,S1_D2_T2_k3,S1,0.3982556402945775,25.1095,0.5629559953703703,0.5913983912037037,9423,-53.763980482347314,-2.761902865449412,-13.313686055078666,37.69351536271133,0.005123800892092632,-26881.99024117366,2.3895338417730345,-2.852805926050478,-0.14657766898374422,-0.810084161560489,-0.9297474429914708,-0.973998714834207,0.4813753581661891
SOLUSDT,2023-07-29,S1_D2_T2_k6,S1,0.3982556402945775,25.1095,0.5669529861111111,0.5973497800925925,9587,-54.90271876865325,-2.759513331607608,-13.80194747008095,38.348377944602646,0.007119977637945812,-27451.359384326624,2.3895338417730314,-2.863394115398626,-0.14394991423519213,-0.8042615347136599,-0.9214070628621959,-0.9664665840487254,0.47793887556065506
SOLUSDT,2023-07-29,S1_D2_T5_k3,S1,0.3982556402945775,25.1095,0.4132017476851852,0.429014375,6707,-37.18406082482722,-1.9032637049722374,-8.457356777315304,26.830848563292776,0.007408220753101416,-18592.03041241361,2.3895338417730296,-2.7720337576283898,-0.1418881696968173,-0.8140401648059704,-0.9321840478483067,-0.9023432249089754,0.4745787982704637
SOLUSDT,2023-07-29,S1_D2_T5_k6,S1,0.3982556402945775,25.1095,0.4201403819444444,0.43334930555555556,6893,-38.42322050542618,-1.908839283936313,-8.947211214878823,27.574578227364146,0.0074082207531014225,-19211.61025271309,2.389533841773034,-2.7871188528526174,-0.13847166039062736,-0.8200320711095226,-0.9239107011686987,-0.9176067593864674,0.47323371536341213
SOLUSDT,2023-07-29,S1_D5_T2_k3,S1,0.3982556402945775,25.1095,0.5629409490740741,0.5914030208333333,9423,-53.763980482347314,-2.761902865449412,-13.313686055078666,37.69351536271133,0.005123800892092632,-26881.99024117366,2.3895338417730345,-2.852805926050478,-0.14657766898374422,-0.810084161560489,-0.9297474429914708,-0.973998714834207,0.48158760479677387
SOLUSDT,2023-07-29,S1_D5_T2_k6,S1,0.3982556402945775,25.1095,0.5669379398148148,0.5973555671296297,9587,-54.90271876865325,-2.759513331607608,-13.80194747008095,38.348377944602646,0.007119977637945812,-27451.359384326624,2.3895338417730314,-2.863394115398626,-0.14394991423519213,-0.8042615347136599,-0.9214070628621959,-0.9664665840487254,0.47814749139459684
SOLUSDT,2023-07-29,S1_D5_T5_k3,S1,0.3982556402945775,25.1095,0.4132075347222222,0.42901784722222225,6707,-37.18406082482722,-1.9032637049722374,-8.457356777315304,26.830848563292776,0.007408220753101416,-18592.03041241361,2.3895338417730296,-2.7720337576283898,-0.1418881696968173,-0.8140401648059704,-0.9321840478483067,-0.9023432249089754,0.4747278962278217
SOLUSDT,2023-07-29,S1_D5_T5_k6,S1,0.3982556402945775,25.1095,0.4201461689814815,0.43335277777777775,6893,-38.42322050542618,-1.908839283936313,-8.947211214878823,27.574578227364146,0.0074082207531014225,-19211.61025271309,2.389533841773034,-2.7871188528526174,-0.13847166039062736,-0.8200320711095226,-0.9239107011686987,-0.9176067593864674,0.4733787900768896
SOLUSDT,2023-07-29,S1_D10_T2_k3,S1,0.3982556402945775,25.1095,0.5629409490740741,0.5914030208333333,9423,-53.763980482347314,-2.761902865449412,-13.313686055078666,37.69351536271133,0.005123800892092632,-26881.99024117366,2.3895338417730345,-2.852805926050478,-0.14657766898374422,-0.810084161560489,-0.9297474429914708,-0.973998714834207,0.48158760479677387
SOLUSDT,2023-07-29,S1_D10_T2_k6,S1,0.3982556402945775,25.1095,0.5669379398148148,0.5973555671296297,9587,-54.90271876865325,-2.759513331607608,-13.80194747008095,38.348377944602646,0.007119977637945812,-27451.359384326624,2.3895338417730314,-2.863394115398626,-0.14394991423519213,-0.8042615347136599,-0.9214070628621959,-0.9664665840487254,0.47814749139459684
SOLUSDT,2023-07-29,S1_D10_T5_k3,S1,0.3982556402945775,25.1095,0.4132075347222222,0.42901784722222225,6707,-37.18406082482722,-1.9032637049722374,-8.457356777315304,26.830848563292776,0.007408220753101416,-18592.03041241361,2.3895338417730296,-2.7720337576283898,-0.1418881696968173,-0.8140401648059704,-0.9321840478483067,-0.9023432249089754,0.4747278962278217
SOLUSDT,2023-07-29,S1_D10_T5_k6,S1,0.3982556402945775,25.1095,0.4201461689814815,0.43335277777777775,6893,-38.42322050542618,-1.908839283936313,-8.947211214878823,27.574578227364146,0.0074082207531014225,-19211.61025271309,2.389533841773034,-2.7871188528526174,-0.13847166039062736,-0.8200320711095226,-0.9239107011686987,-0.9176067593864674,0.4733787900768896
SOLUSDT,2023-07-30,S0,S0,0.4014693779222632,24.9085,0.8590194791666667,0.8847284722222222,21414,-119.02328337832482,-4.4085352389744745,-29.807093963908216,84.80334969990164,-0.0043044755404781886,-59511.64168916241,3.211755023385577,-2.7790997333128984,-0.10436060876839974,-0.7257301140775047,-0.7675403680628774,-0.7653992897710307,0.4094050621089007
SOLUSDT,2023-07-30,S1_D2_T2_k3,S1,0.4014693779222632,24.9085,0.5586816087962962,0.5827489236111111,10575,-59.03686564652648,-3.067627516711122,-14.028143003392648,41.94155858441898,0.0004634579962663589,-29518.43282326324,-2.408816267539194,-2.791341165320401,-0.14659142559565205,-0.8232367503410198,-0.8826145643985867,-1.030241216565675,0.4851063829787234
SOLUSDT,2023-07-30,S1_D2_T2_k6,S1,0.4014693779222632,24.9085,0.5657866898148148,0.5886306597222222,10913,-60.734199328382026,-3.122227352108599,-14.340486179416924,43.271794768854015,0.0003089719975108802,-30367.099664191013,-2.4088162675391955,-2.7826536849803913,-0.14454152286337804,-0.8168345990486723,-0.8790740980655699,-1.0297495177198173,0.4819023183359296
SOLUSDT,2023-07-30,S1_D2_T5_k3,S1,0.4014693779222632,24.9085,0.4031049189814815,0.43534194444444446,7351,-41.73346511943721,-2.0719834594616215,-10.491197783889108,29.155074291908388,-0.015209584178091786,-20866.73255971861,-4.014693779232,-2.8386250251283642,-0.14239636504134215,-0.8033396424592597,-0.8329596026386875,-1.0442301818789657,0.4817031696367841
SOLUSDT,2023-07-30,S1_D2_T5_k6,S1,0.4014693779222632,24.9085,0.40862760416666666,0.4390965046296296,7633,-42.237587487303585,-2.246221169480215,-9.71074131320647,30.26541542043881,-0.01520958417809182,-21118.793743651793,-4.014693779231999,-2.7667750220950857,-0.14880037139847047,-0.8242511961286794,-0.8395944898683597,-1.0228700411359846,0.48460631468623083
SOLUSDT,2023-07-30,S1_D5_T2_k3,S1,0.4014693779222632,24.9085,0.558684849537037,0.5833485763888889,10583,-59.165545896240424,-2.9969689061966385,-14.19676014212039,41.97228030591967,0.00046345799626636413,-29582.77294812021,-2.408816267539192,-2.795310682048589,-0.1429756731263336,-0.8137394732805424,-0.8853069122139537,-1.0305264291504481,0.48502315033544363
SOLUSDT,2023-07-30,S1_D5_T2_k6,S1,0.4014693779222632,24.9085,0.5658311111111111,0.5889984722222222,10919,-60.14581383748535,-3.1025553525903735,-13.748318846980206,43.29524860991228,0.0003089719975108824,-30072.906918742676,-2.4088162675391906,-2.7541814194287637,-0.14352278663365106,-0.8151542966282865,-0.8745274410697094,-1.001053669484016,0.48182067954940927
SOLUSDT,2023-07-30,S1_D5_T5_k3,S1,0.4014693779222632,24.9085,0.4031426736111111,0.43559555555555557,7353,-41.189239011883565,-2.0519099905654485,-9.958849388762955,29.163270048377065,-0.01520958417809179,-20594.619505941784,-4.014693779232006,-2.8008458460413137,-0.14093780546584309,-0.8044897120664498,-0.8021690960302541,-1.0238595029557949,0.4819801441588467
SOLUSDT,2023-07-30,S1_D5_T5_k6,S1,0.4014693779222632,24.9085,0.40866413194444445,0.4392522916666667,7635,-41.98323881114885,-2.24300941445682,-9.451392095068083,30.27362771744585,-0.01520958417809183,-20991.619405574427,-4.014693779231992,-2.749393504331948,-0.14853845078896719,-0.8267322514451885,-0.8412974323263174,-1.0133459427632523,0.4847413228552718
SOLUSDT,2023-07-30,S1_D10_T2_k3,S1,0.4014693779222632,24.9085,0.5586837384259259,0.5833508912037038,10583,-59.17099126629483,-3.0041953549992595,-14.195154264608693,41.972105104683145,0.00046345799626636413,-29585.495633147413,-2.408816267539192,-2.7955679517289442,-0.1433358000815073,-0.8139358769081853,-0.8834101006333763,-1.026835614512297,0.4848341680052915
SOLUSDT,2023-07-30,S1_D10_T2_k6,S1,0.4014693779222632,24.9085,0.5658377777777778,0.5890018055555556,10925,-61.5386302656123,-3.1752213099944773,-15.045466407050055,43.318251520565276,0.0003089719975108824,-30769.31513280615,-2.4088162675391924,-2.8164132844673824,-0.14692081799902587,-0.8225777591369025,-0.9052407372431537,-1.063251344693931,0.4820137299771167
SOLUSDT,2023-07-30,S1_D10_T5_k3,S1,0.4014693779222632,24.9085,0.4031431828703704,0.435596712962963,7353,-41.03504393791283,-2.0535158680771404,-9.803079270128753,29.16323921552884,-0.01520958417809179,-20517.521968956415,-4.014693779232006,-2.790360664892753,-0.14105045487087772,-0.7978185827893874,-0.7939932251899711,-1.0131811697928559,0.48238814089487286
SOLUSDT,2023-07-30,S1_D10_T5_k6,S1,0.4014693779222632,24.9085,0.4086636342592593,0.4392534490740741,7635,-41.821012743742145,-2.236987373787974,-9.295220507055959,30.273595278720116,-0.01520958417809183,-20910.50637187107,-4.014693779231992,-2.7387696623275795,-0.1481313799229026,-0.8212833803628041,-0.8312565225843114,-1.003171018942557,0.48500327439423707
SOLUSDT,2023-07-31,S0,S0,0.4113279723578016,24.311500000000002,0.855826400462963,0.8708998958333334,27282,-166.0253580794314,-9.36100199494038,-48.02912202044313,108.6356443658351,0.0004103017872200351,-83012.6790397157,-1.6453118894350518,-3.04276369180103,-0.17265985284789015,-0.9430733954968562,-1.0487770500400515,-1.0546505074404298,0.45682134740854774
SOLUSDT,2023-07-31,S1_D2_T2_k3,S1,0.4113279723578016,24.311500000000002,0.5366758333333334,0.5414116435185186,14395,-87.08552686104913,-6.20200316722509,-23.54811508956679,57.33696036854986,0.0015517642926187096,-43542.76343052456,0.8226559447175179,-3.0248533122976426,-0.21658087153816832,-1.0151467998348962,-1.0943369468845425,-1.1190874691738373,0.5399096908648836
SOLUSDT,2023-07-31,S1_D2_T2_k6,S1,0.4113279723578016,24.311500000000002,0.5438288310185185,0.547076412037037,14735,-89.9729577476666,-6.315941015568525,-24.972543857845142,58.68602463854554,0.0015517642926187092,-44986.47887383329,0.8226559447175208,-3.053035553025673,-0.21550253840561726,-1.0030555138902204,-1.0869951854325237,-1.1313470858611079,0.538310145911096
SOLUSDT,2023-07-31,S1_D2_T5_k3,S1,0.4113279723578016,24.311500000000002,0.37971928240740743,0.38010928240740743,9782,-58.90965680903671,-4.140838697735484,-15.806099993830065,38.96623194784362,0.0035138303724574814,-29454.828404518354,8.215650382226158e-15,-3.0111253735962333,-0.21272194243862794,-1.032160387389637,-1.1287990683975906,-1.1359640374929552,0.5292373747699857
SOLUSDT,2023-07-31,S1_D2_T5_k6,S1,0.4113279723578016,24.311500000000002,0.3884139467592593,0.38791721064814816,10143,-63.08858388917979,-4.387224153178348,-18.306151409826587,40.39964971309874,0.004441386923883759,-31544.29194458989,-0.8226559447175212,-3.109956812046721,-0.21742169854644622,-1.0253963397780728,-1.107979937764999,-1.1503051644388202,0.5291333924874297
SOLUSDT,2023-07-31,S1_D5_T2_k3,S1,0.4113279723578016,24.311500000000002,0.5366501736111111,0.5414347916666666,14393,-87.15411580043995,-6.204059807086882,-23.62256545256373,57.329042305081956,0.001551764292618708,-43577.057900219974,0.8226559447175141,-3.0276563537983727,-0.21668235254717333,-1.016103625085586,-1.0946876151217622,-1.1196104746965951,0.5399152365733343
SOLUSDT,2023-07-31,S1_D5_T2_k6,S1,0.4113279723578016,24.311500000000002,0.5436689814814815,0.5470995601851851,14731,-90.00066068660496,-6.317174999485599,-25.014910638998103,58.670126812413876,0.0015517642926187098,-45000.330343302485,0.8226559447175199,-3.0548048566494117,-0.21560155612998635,-1.0030443202309145,-1.0874812561502358,-1.1317578042933816,0.5383205485031566
SOLUSDT,2023-07-31,S1_D5_T5_k3,S1,0.4113279723578016,24.311500000000002,0.37973253472222224,0.3801243287037037,9780,-58.90427318400328,-4.140016041790766,-15.809390617608933,38.958380354976036,0.0035138303724574814,-29452.13659200164,9.103828801926284e-15,-3.011465909202622,-0.21272258363696286,-1.032285743588302,-1.128944151177521,-1.1347383067381072,0.5291411042944786
SOLUSDT,2023-07-31,S1_D5_T5_k6,S1,0.4113279723578016,24.311500000000002,0.38844805555555556,0.3879392013888889,10145,-63.19458952437302,-4.381876889537688,-18.40939473088865,40.40775929087057,0.004441386923883759,-31597.294762186513,-0.822655944717529,-3.114568236785265,-0.21711483083671576,-1.0244382609829041,-1.1126981653048789,-1.1524222598585172,0.5292262198127157
SOLUSDT,2023-07-31,S1_D10_T2_k3,S1,0.4113279723578016,24.311500000000002,0.5366501736111111,0.5414347916666666,14393,-87.15411580043995,-6.204059807086882,-23.62256545256373,57.329042305081956,0.001551764292618708,-43577.057900219974,0.8226559447175141,-3.0276563537983727,-0.21668235254717333,-1.016103625085586,-1.0946876151217622,-1.1196104746965951,0.5399152365733343
SOLUSDT,2023-07-31,S1_D10_T2_k6,S1,0.4113279723578016,24.311500000000002,0.5436689814814815,0.5470995601851851,14731,-90.00066068660496,-6.317174999485599,-25.014910638998103,58.670126812413876,0.0015517642926187098,-45000.330343302485,0.8226559447175199,-3.0548048566494117,-0.21560155612998635,-1.0030443202309145,-1.0874812561502358,-1.1317578042933816,0.5383205485031566
SOLUSDT,2023-07-31,S1_D10_T5_k3,S1,0.4113279723578016,24.311500000000002,0.37973253472222224,0.3801243287037037,9780,-58.90427318400328,-4.140016041790766,-15.809390617608933,38.958380354976036,0.0035138303724574814,-29452.13659200164,9.103828801926284e-15,-3.011465909202622,-0.21272258363696286,-1.032285743588302,-1.128944151177521,-1.1347383067381072,0.5291411042944786
SOLUSDT,2023-07-31,S1_D10_T5_k6,S1,0.4113279723578016,24.311500000000002,0.38844805555555556,0.3879392013888889,10145,-63.19458952437302,-4.381876889537688,-18.40939473088865,40.40775929087057,0.004441386923883759,-31597.294762186513,-0.822655944717529,-3.114568236785265,-0.21711483083671576,-1.0244382609829041,-1.1126981653048789,-1.1524222598585172,0.5292262198127157
