n_events,conditioning_variable,activity_group,side,bin,mean_condition,mean_response,response_std,mean_price_change_fraction,endpoint_move_probability,observations,response_standard_error
250,sign_bias,lowest activity,negative,29,-0.6281228094383884,-0.0002553139850866844,0.0002272362157016982,0.3671070372285333,0.9358010211121843,28988,1.3346531683703165e-06
250,sign_bias,lowest activity,negative,28,-0.5168113557972938,-0.00027273924408039433,0.00023932450806792143,0.4267280051487457,0.9621252321570708,30152,1.3782535274577056e-06
250,sign_bias,lowest activity,negative,27,-0.45880471960758323,-0.0002667895762370181,0.00024015267055537066,0.45030260242880576,0.9712978920853772,30172,1.3825644032049856e-06
250,sign_bias,lowest activity,negative,26,-0.41958891110849705,-0.00026007088386140724,0.0002435450186013411,0.464232966056281,0.9768654668078265,25503,1.5250483601207146e-06
250,sign_bias,lowest activity,negative,25,-0.3875899898056496,-0.0002488320253845964,0.0002443545378682789,0.4738630935329995,0.9782630142392055,30409,1.4012619824424197e-06
250,sign_bias,lowest activity,negative,24,-0.35563068747924276,-0.00024192967307013307,0.00025122627313402853,0.4836578684937914,0.9814015277316506,36132,1.3216578962122164e-06
250,sign_bias,lowest activity,negative,23,-0.33182682781850603,-0.0002318809271690043,0.00025131833543277243,0.4899855017454402,0.9827125024767188,20188,1.7687951002958954e-06
250,sign_bias,lowest activity,negative,22,-0.3118153233350433,-0.00022300340116994388,0.00025244451255967607,0.4956392151787088,0.9821660279429072,33139,1.3867438076469237e-06
250,sign_bias,lowest activity,negative,21,-0.28784167713053443,-0.00021322127812731744,0.0002556565102931718,0.5012876751313821,0.982611781405252,36634,1.335717715359357e-06
250,sign_bias,lowest activity,negative,20,-0.26794648318042813,-0.00020358618375584738,0.00025469422838857967,0.5062459317391892,0.9841743119266055,26160,1.5747087247585852e-06
250,sign_bias,lowest activity,negative,19,-0.25193331163429894,-0.0001938551444111901,0.00025706333402596317,0.5086936295324148,0.9837980543199161,27651,1.5459118093027936e-06
250,sign_bias,lowest activity,negative,18,-0.23595451343463822,-0.0001847563436886082,0.0002577348192202915,0.5131542910429413,0.986347321458522,29811,1.4927422399076406e-06
250,sign_bias,lowest activity,negative,17,-0.21991499822104343,-0.0001762652780966055,0.00026177706762552084,0.5158340123764457,0.9848626968981467,30917,1.4887882259798951e-06
250,sign_bias,lowest activity,negative,16,-0.20395609180803773,-0.0001635308117853797,0.0002607754259045524,0.5193911817095106,0.9844567419637728,33069,1.4340230507224587e-06
250,sign_bias,lowest activity,negative,15,-0.18798634651600754,-0.00015436040339257754,0.0002576857187326951,0.5212254384770721,0.9855225988700564,33984,1.3978259623800191e-06
250,sign_bias,lowest activity,negative,14,-0.176,-0.00014726809246244773,0.0002669656777998625,0.5235014005412888,0.9846827133479212,17823,1.9997008293767455e-06
250,sign_bias,lowest activity,negative,13,-0.16395431081823175,-0.00013869125979726563,0.0002636078918018396,0.5252094594743609,0.9836902800658979,36420,1.381301352798714e-06
250,sign_bias,lowest activity,negative,12,-0.14796947697525303,-0.00012626833631066843,0.00026279730421615904,0.5277445961047305,0.9855863494250438,37742,1.3527216808042146e-06
250,sign_bias,lowest activity,negative,11,-0.136,-0.00011929799257058165,0.0002698229371994062,0.5305447401233556,0.9862319582352339,19538,1.930362236513598e-06
250,sign_bias,lowest activity,negative,10,-0.12390795887954334,-0.00010843432311013923,0.000265092479623513,0.5308249745211049,0.9855270137152383,39591,1.332291238146986e-06
250,sign_bias,lowest activity,negative,9,-0.112,-0.00010102613168988455,0.00026663443988168985,0.5327005359542981,0.9856855728221972,20399,1.8668602363505658e-06
250,sign_bias,lowest activity,negative,8,-0.0999784873298125,-9.22007757592057e-05,0.0002708878525004056,0.5334749531582408,0.9852706041959397,41278,1.3333071464983121e-06
250,sign_bias,lowest activity,negative,7,-0.088,-8.347866228514964e-05,0.00026991824970116986,0.5348627814868617,0.9857793213497912,21307,1.8491455474692882e-06
250,sign_bias,lowest activity,negative,6,-0.08,-7.698245262065869e-05,0.0002677079759613287,0.5352671030245889,0.9858916478555305,21264,1.8358569110580425e-06
250,sign_bias,lowest activity,negative,5,-0.06796090597373516,-6.311944228635862e-05,0.0002700993819832774,0.5365532480508679,0.9838352266100627,42871,1.3044930917388033e-06
250,sign_bias,lowest activity,negative,4,-0.056,-5.523992182995201e-05,0.0002722686671823984,0.5376770550636258,0.9862479008759588,22033,1.8342598003230072e-06
250,sign_bias,lowest activity,negative,3,-0.048,-4.9257576281781836e-05,0.0002732037738759111,0.5386078030638397,0.9845626072041166,22154,1.8355263289853137e-06
250,sign_bias,lowest activity,negative,2,-0.03596593423787916,-3.833942066092436e-05,0.00027472128034116127,0.538073163521601,0.9845765250240294,44737,1.2988496242908508e-06
250,sign_bias,lowest activity,negative,1,-0.024,-2.7524835487599937e-05,0.000270046284286222,0.5393816645893921,0.9838250977603982,22504,1.8001485558142513e-06
250,sign_bias,lowest activity,negative,0,-0.01202569442921974,-1.8676851715998865e-05,0.0002721049924135456,0.5386665377666147,0.9850042750970118,45613,1.2740667783212025e-06
250,sign_bias,lowest activity,positive,0,0.011994246896643286,5.2479420650782826e-06,0.0002730088515965874,0.5394490581537088,0.9860819153408714,45193,1.2842250658085585e-06
250,sign_bias,lowest activity,positive,1,0.023999999999999997,1.3155433958544214e-05,0.00027715377658513044,0.5400873978024459,0.9853746113762754,22837,1.834008207398109e-06
250,sign_bias,lowest activity,positive,2,0.03600335881910991,2.640584124213833e-05,0.000275607758186881,0.5387779074045774,0.9849737039819685,45254,1.2955761729596374e-06
250,sign_bias,lowest activity,positive,3,0.048,3.091831659421215e-05,0.0002761664697208064,0.5392999043862219,0.9840895960179548,22501,1.8410688859513742e-06
250,sign_bias,lowest activity,positive,4,0.056,4.470139136895262e-05,0.00027247610197939917,0.5389266915944594,0.9856360535057007,22278,1.8255356474035517e-06
250,sign_bias,lowest activity,positive,5,0.06799228552628593,5.2768051194771364e-05,0.00027552590130970947,0.5381317432733224,0.9850929140289973,44073,1.3124299272516136e-06
250,sign_bias,lowest activity,positive,6,0.08,6.093651056499787e-05,0.0002717394383550515,0.537331522314639,0.9847827080382032,21883,1.8369580698276018e-06
250,sign_bias,lowest activity,positive,7,0.09197847028113378,7.093754051340426e-05,0.00027535009992803893,0.5364891848110407,0.9853542470373536,43289,1.3234162460950476e-06
250,sign_bias,lowest activity,positive,8,0.104,8.355201621660666e-05,0.0002729374924931812,0.5355252214803202,0.9856639359878072,20996,1.8836270358224376e-06
250,sign_bias,lowest activity,positive,9,0.11594896731019211,9.136077160259061e-05,0.00027672180311311736,0.5339401030050586,0.9851234894805257,41542,1.3576870580386755e-06
250,sign_bias,lowest activity,positive,10,0.128,0.00010479375512852873,0.0002770552458974253,0.5333149230334154,0.9859847194510681,20549,1.9327293047760378e-06
250,sign_bias,lowest activity,positive,11,0.13994601548901392,0.00011485536425950582,0.0002715450639767067,0.5317173438842527,0.9853939103453495,39641,1.3638594335300255e-06
250,sign_bias,lowest activity,positive,12,0.152,0.0001243511540427884,0.00027162107421496603,0.5303772534755199,0.9842349304482225,19410,1.949623247369018e-06
250,sign_bias,lowest activity,positive,13,0.16397360617636844,0.00013234037565472222,0.00027270804857601136,0.5286034475304043,0.9858146555178586,37433,1.4095180397296644e-06
250,sign_bias,lowest activity,positive,14,0.17999299589603282,0.00014423549170583533,0.00026865336221852605,0.5255373340145809,0.9865389876880984,36550,1.4052338071795928e-06
250,sign_bias,lowest activity,positive,15,0.192,0.00015022949302479448,0.0002753915430277092,0.5242042794598489,0.984359669879379,17327,2.0921311785889522e-06
250,sign_bias,lowest activity,positive,16,0.20394290096148174,0.00015864850546229098,0.000266745571133114,0.5217750610771997,0.9845750014746653,33906,1.4486348823800543e-06
250,sign_bias,lowest activity,positive,17,0.21992817645231438,0.00017128130487480418,0.0002669701073708569,0.518457052815175,0.983690587138863,32190,1.4879973158925223e-06
250,sign_bias,lowest activity,positive,18,0.2359553528098612,0.00018174845385593848,0.000266545953596489,0.516584309349079,0.983532304506778,30909,1.5161061752195529e-06
250,sign_bias,lowest activity,positive,19,0.2519190795122789,0.0001916716643971338,0.0002652607576817718,0.5133623968654973,0.9847844753563455,29115,1.5545854855239514e-06
250,sign_bias,lowest activity,positive,20,0.2717674007078254,0.00020134333169888785,0.0002653023725082156,0.5080825662066275,0.9838527329925285,40688,1.3152489456714474e-06
250,sign_bias,lowest activity,positive,21,0.29193839786700626,0.00021156790420289514,0.00026671988766654016,0.5031659128854947,0.984201520155995,25129,1.6825492928647902e-06
250,sign_bias,lowest activity,positive,22,0.3117796091907161,0.00022226173737170077,0.0002625957738325114,0.49863392531657247,0.9835172835551413,34339,1.4170785050255683e-06
250,sign_bias,lowest activity,positive,23,0.33578398801381015,0.00023676967952098121,0.0002590573394527884,0.4920144390996335,0.9814344342388118,30702,1.478470172625676e-06
250,sign_bias,lowest activity,positive,24,0.3597971658591672,0.00024314619361722603,0.0002555355204075822,0.4847044730596277,0.9801100142071327,27451,1.5423118391749393e-06
250,sign_bias,lowest activity,positive,25,0.3876545794392523,0.0002542812989931424,0.00025838494803303663,0.47728484029576246,0.9792211838006231,32100,1.4421641466413557e-06
250,sign_bias,lowest activity,positive,26,0.4195690321612189,0.0002604180330178921,0.00025159964942681606,0.46541176527327455,0.976207452996585,26647,1.5412953588893457e-06
250,sign_bias,lowest activity,positive,27,0.45887799315849487,0.00027256296471880496,0.00025064663364932234,0.4522412467556785,0.9707969086532371,31572,1.4106225725027499e-06
250,sign_bias,lowest activity,positive,28,0.5169299911381188,0.00027704719650789496,0.00024408606335221705,0.4281549542898776,0.9642676288137739,31596,1.3731782960804424e-06
250,sign_bias,lowest activity,positive,29,0.6276779318702034,0.0002587760695250293,0.00023293331867408265,0.3685425693618692,0.9374915847583143,29708,1.3514342045398561e-06
250,trade_imbalance,lowest activity,negative,29,-0.8593808356370921,-0.00038818716689824605,0.00026012619280972745,0.45516554976666845,0.9908915525475189,31619,1.462884436101805e-06
250,trade_imbalance,lowest activity,negative,28,-0.7627081438701635,-0.00034574432912523584,0.00023915054085319094,0.47802786464495506,0.9907966728865556,31619,1.3449226328213852e-06
250,trade_imbalance,lowest activity,negative,27,-0.7015627081015012,-0.00031860982436072673,0.00023778898550624194,0.4861091529124913,0.989215004111582,31618,1.337286734251447e-06
250,trade_imbalance,lowest activity,negative,26,-0.6528381399677318,-0.000299368297722509,0.00023721610257505097,0.49276685476210164,0.9876972706284196,31619,1.3340438373447587e-06
250,trade_imbalance,lowest activity,negative,25,-0.6107417178934148,-0.00028167727906634754,0.00024209698317001908,0.49705053808961136,0.9864638350358962,31619,1.3614926850741104e-06
250,trade_imbalance,lowest activity,negative,24,-0.5730456890634559,-0.00026636134498792685,0.00024004207071215753,0.4995300323312353,0.9865582895818837,31618,1.3499577204646837e-06
250,trade_imbalance,lowest activity,negative,23,-0.5388098301898858,-0.00025031183889198585,0.00024468165751145,0.5038211608570974,0.9852303994433727,31619,1.376028245009963e-06
250,trade_imbalance,lowest activity,negative,22,-0.506809747059925,-0.00023467224316313877,0.0002447530624546734,0.5055634156220695,0.9842183497264303,31619,1.3764298084933397e-06
250,trade_imbalance,lowest activity,negative,21,-0.4766276991471293,-0.00022546773630249445,0.0002474933102680496,0.5073411490226832,0.9843127332532102,31618,1.3918622846757224e-06
250,trade_imbalance,lowest activity,negative,20,-0.4482008762346821,-0.0002084967414017127,0.00024507141007862104,0.5092552124434357,0.9827951548119801,31619,1.3782201156489274e-06
250,trade_imbalance,lowest activity,negative,19,-0.4210695216689407,-0.00019710793882114457,0.00024739399697963426,0.5112101261012167,0.9797583654880132,31618,1.3913037628297675e-06
250,trade_imbalance,lowest activity,negative,18,-0.3949459686951702,-0.00018554760127098658,0.00024357100597696417,0.5129437068937377,0.9814668395584933,31619,1.3697822194706572e-06
250,trade_imbalance,lowest activity,negative,17,-0.36975985451676596,-0.0001730043283654081,0.00024384941637640932,0.5129668234911879,0.9809608147000222,31619,1.3713479296969055e-06
250,trade_imbalance,lowest activity,negative,16,-0.3453102033435211,-0.00016656399830303805,0.00024621538692516296,0.5150030192247261,0.981497880953887,31618,1.3846754508104184e-06
250,trade_imbalance,lowest activity,negative,15,-0.3215784280793937,-0.00015174753169222707,0.0002443177864238931,0.516119063686353,0.9802966570732787,31619,1.3739819253180288e-06
250,trade_imbalance,lowest activity,negative,14,-0.2984298040886735,-0.0001418346967219425,0.00024709725831528734,0.5164157690250549,0.9789367152661375,31619,1.3896129777952288e-06
250,trade_imbalance,lowest activity,negative,13,-0.2760241626453305,-0.00013114536754205803,0.0002459665138711646,0.5177402633495587,0.9789360490859637,31618,1.3832758290705128e-06
250,trade_imbalance,lowest activity,negative,12,-0.2538013972242744,-0.00011975849648823852,0.00024698719767401615,0.5190834497736669,0.978272557639394,31619,1.3889940243657263e-06
250,trade_imbalance,lowest activity,negative,11,-0.23230139750347806,-0.0001122007884481684,0.00024731306879040895,0.5187629927661562,0.9782409310857396,31619,1.3908266417549902e-06
250,trade_imbalance,lowest activity,negative,10,-0.2110497435829817,-9.880313167638113e-05,0.00024467310556407386,0.5197193353082137,0.9789676766398887,31618,1.376001910274986e-06
250,trade_imbalance,lowest activity,negative,9,-0.19008549954002835,-9.051506884062836e-05,0.00024847505991437794,0.5199935070304305,0.9793162339099908,31619,1.3973613882631438e-06
250,trade_imbalance,lowest activity,negative,8,-0.1695334853537518,-8.029427059546804e-05,0.0002477658152376118,0.5193013181195907,0.9763109621101904,31618,1.3933948084805458e-06
250,trade_imbalance,lowest activity,negative,7,-0.14911417317649514,-6.892793924521355e-05,0.00024609109754913694,0.5203731526885556,0.977987918656504,31619,1.3839545821176571e-06
250,trade_imbalance,lowest activity,negative,6,-0.1289475288534262,-6.017350088057887e-05,0.00024409026907596602,0.5206495357437848,0.9774818937980329,31619,1.3727024248431606e-06
250,trade_imbalance,lowest activity,negative,5,-0.10895241455632329,-4.97009932792748e-05,0.0002443828943999362,0.5211804266849166,0.9786514011006389,31618,1.3743698097001562e-06
250,trade_imbalance,lowest activity,negative,4,-0.08887486390954796,-4.190431002689662e-05,0.00024370948985366893,0.5207004684667383,0.9766596034030172,31619,1.3705610180441276e-06
250,trade_imbalance,lowest activity,negative,3,-0.06911139283823865,-3.269736578733874e-05,0.00024498650691817615,0.5216901636718607,0.978620449729593,31619,1.3777426415789419e-06
250,trade_imbalance,lowest activity,negative,2,-0.04941260547414014,-2.214443597483499e-05,0.00024841084754501276,0.5217996408430864,0.9772281611740148,31618,1.397022365686421e-06
250,trade_imbalance,lowest activity,negative,1,-0.02964080346082298,-1.0112750164213048e-05,0.00024820004481781365,0.5212519644344797,0.9764698440810905,31619,1.39581477236833e-06
250,trade_imbalance,lowest activity,negative,0,-0.009884252657730028,1.308849221013292e-06,0.00024483763072855855,0.5219421599869226,0.977070748600525,31619,1.3769053992453449e-06
250,trade_imbalance,lowest activity,positive,0,0.009543191326654318,8.547912326296367e-06,0.0002464516909307609,0.5216720940284866,0.9785914757522355,30642,1.4079046655842535e-06
250,trade_imbalance,lowest activity,positive,1,0.028676347849678745,1.8809170487779942e-05,0.00024801366531421767,0.5216344638368755,0.9768610685029862,30641,1.4168508768343313e-06
250,trade_imbalance,lowest activity,positive,2,0.04776737460698637,2.5733215772260813e-05,0.0002475534747406045,0.5209571027820692,0.977252700629875,30641,1.4142219030763383e-06
250,trade_imbalance,lowest activity,positive,3,0.06698663820491628,3.6434954029802034e-05,0.00024795405115563636,0.5207434614277088,0.9766978884501158,30641,1.4165103134514602e-06
250,trade_imbalance,lowest activity,positive,4,0.0862771765229486,4.678248340321226e-05,0.0002479505449247157,0.5209487144098734,0.9769916125452824,30641,1.41649028307794e-06
250,trade_imbalance,lowest activity,positive,5,0.10559790550871617,5.4558574740481e-05,0.00025404878237442554,0.5208130587032703,0.9778075128096342,30641,1.4513282548760614e-06
250,trade_imbalance,lowest activity,positive,6,0.12515438261056014,6.620570683697759e-05,0.00024628845880400325,0.5207502769801179,0.9781665089259489,30641,1.4069951281455615e-06
250,trade_imbalance,lowest activity,positive,7,0.1449194417826731,7.355736854859006e-05,0.0002464028862844341,0.5203777808273006,0.9784275970105414,30641,1.4076488287220075e-06
250,trade_imbalance,lowest activity,positive,8,0.1648737355458287,8.275151751128267e-05,0.00024814390615982197,0.5203600866047002,0.9800267615286707,30641,1.417594915901938e-06
250,trade_imbalance,lowest activity,positive,9,0.1850773555069842,9.524434971200179e-05,0.00025070601113652395,0.5199994547736013,0.9781672214607402,30642,1.4322083221912024e-06
250,trade_imbalance,lowest activity,positive,10,0.20564308942315176,0.00010641343042769103,0.0002466387404582655,0.5185175282245787,0.9786560490845599,30641,1.4089962149338708e-06
250,trade_imbalance,lowest activity,positive,11,0.22662123559173175,0.00011187928599498513,0.00024860612190351073,0.5187740289181267,0.9790150452008747,30641,1.4202354590385524e-06
250,trade_imbalance,lowest activity,positive,12,0.24794045602420414,0.00012533639890512826,0.00024657015184649907,0.5178904974029468,0.9798635814758004,30641,1.408604382352392e-06
250,trade_imbalance,lowest activity,positive,13,0.2695860616479988,0.0001355610230130136,0.0002493578573876298,0.5174903458355468,0.9780359648836526,30641,1.4245299686917694e-06
250,trade_imbalance,lowest activity,positive,14,0.29181431254369194,0.00014450960392337956,0.00024531338493291984,0.5158023169994688,0.9811363858881891,30641,1.4014247323874388e-06
250,trade_imbalance,lowest activity,positive,15,0.3144969893450716,0.00015684913040216972,0.0002471451579993648,0.5152514368691764,0.9804836656767076,30641,1.4118892738152907e-06
250,trade_imbalance,lowest activity,positive,16,0.3377737036315145,0.00016633418336060003,0.00024759742601925775,0.5149373971850982,0.9810711138670409,30641,1.4144729876591938e-06
250,trade_imbalance,lowest activity,positive,17,0.36192216221797824,0.00017912080152401015,0.0002495597866609971,0.5129958822267301,0.9810384778564668,30641,1.4256835489498026e-06
250,trade_imbalance,lowest activity,positive,18,0.386928680901801,0.00019076238760650887,0.00024627369949452294,0.5119394716033285,0.9819196501419667,30641,1.4069108112570056e-06
250,trade_imbalance,lowest activity,positive,19,0.4129178283389975,0.00019998890411508698,0.0002467373688519098,0.5108768734621274,0.9832582729586842,30642,1.4095366579496575e-06
250,trade_imbalance,lowest activity,positive,20,0.4400709424591455,0.00021451543388804333,0.00024572253203737496,0.5099720051184798,0.9818217421102444,30641,1.403762105342139e-06
250,trade_imbalance,lowest activity,positive,21,0.46852088538106196,0.00022665344957565969,0.000249030478600918,0.5075448820509675,0.9828660944486146,30641,1.4226597212583388e-06
250,trade_imbalance,lowest activity,positive,22,0.4985748802255191,0.00024298319987366848,0.0002493563128426929,0.5061340627022958,0.9844326229561698,30641,1.424521145025358e-06
250,trade_imbalance,lowest activity,positive,23,0.5306371019491359,0.0002573934861266288,0.0002465462360413574,0.5040424745226132,0.9851179791782253,30641,1.4084677562941374e-06
250,trade_imbalance,lowest activity,positive,24,0.5651617103319029,0.0002660533322571703,0.0002419042787224602,0.499948031412881,0.9856401553474103,30641,1.3819492122890138e-06
250,trade_imbalance,lowest activity,positive,25,0.6033250128743873,0.0002855385763751028,0.0002444348668437899,0.49701747494530846,0.9876309519924285,30641,1.396405939881302e-06
250,trade_imbalance,lowest activity,positive,26,0.645544670956564,0.00030433082415403105,0.0002436906202580684,0.4921911463614977,0.9870108677915211,30641,1.3921542127588286e-06
250,trade_imbalance,lowest activity,positive,27,0.6947275044355081,0.00032118992665799414,0.0002402039596101325,0.48633593150055265,0.9890669364576874,30641,1.3722356401673022e-06
250,trade_imbalance,lowest activity,positive,28,0.7564206678787674,0.00034731571178374507,0.00023920918018871182,0.4773155478871853,0.9898828367220391,30641,1.3665526706675736e-06
250,trade_imbalance,lowest activity,positive,29,0.8547385913024578,0.000396156711556226,0.00026730709748069213,0.45466704622812115,0.9912538346060962,30642,1.5270453542661328e-06
250,sign_bias,highest activity,negative,29,-0.6825006783811509,-0.0005721498401706562,0.0006186702855124619,0.392277870873281,0.9625070319997353,30219,3.5589280920388036e-06
250,sign_bias,highest activity,negative,28,-0.5229900591080064,-0.0005445481182248248,0.0005967574315553439,0.5003954560854919,0.9918390650188071,29776,3.458315874441934e-06
250,sign_bias,highest activity,negative,27,-0.45868683720399867,-0.000508339361804308,0.000598569806218186,0.5334126807125876,0.9930822152115246,26309,3.6903081756696445e-06
250,sign_bias,highest activity,negative,26,-0.4151355686138956,-0.0004703467499725383,0.0006120530595312228,0.5525071596444541,0.9942965779467681,28930,3.598444894374177e-06
250,sign_bias,highest activity,negative,25,-0.3753328306764326,-0.0004315208020850635,0.0009556000013487588,0.5682389186214916,0.9953683757001293,37136,4.958822694615603e-06
250,sign_bias,highest activity,negative,24,-0.3437986870897155,-0.00039910672596504045,0.000614018046446198,0.5810979525132901,0.9958877235342941,26506,3.7714559426863443e-06
250,sign_bias,highest activity,negative,23,-0.3197776319243896,-0.0003789846429652067,0.0005803936950589986,0.5890926531012473,0.9954712522971909,30472,3.3248511419778324e-06
250,sign_bias,highest activity,negative,22,-0.2957844528125639,-0.00035336733052781583,0.0005832978424896032,0.5974408185329109,0.995533759523601,34257,3.1514883514353567e-06
250,sign_bias,highest activity,negative,21,-0.2759190816408445,-0.0003332720416516789,0.0005900227165946036,0.602712366685978,0.9951432929276712,24914,3.7380663243144505e-06
250,sign_bias,highest activity,negative,20,-0.2598678964593871,-0.0003182183241562937,0.000608100427315328,0.6077103713873644,0.9959461469800654,26888,3.708481004868952e-06
250,sign_bias,highest activity,negative,19,-0.24392923289564616,-0.0003038388175180707,0.00061661141615312,0.613914261052503,0.9958534899792675,28940,3.6246184582486544e-06
250,sign_bias,highest activity,negative,18,-0.2279393121606056,-0.00028523891303675194,0.0006082877880809359,0.6166504424808004,0.9954911963139708,30385,3.4896307675468143e-06
250,sign_bias,highest activity,negative,17,-0.21192957399655257,-0.0002681709126890203,0.0006026144108580173,0.6214400819233595,0.9962139867027826,32488,3.3433206049157515e-06
250,sign_bias,highest activity,negative,16,-0.19594018955671985,-0.00025409893725272884,0.0006088282192616404,0.6248384365743423,0.9955259904632955,33974,3.3030977991306366e-06
250,sign_bias,highest activity,negative,15,-0.1799780225909915,-0.00023530616826178776,0.0009938504702874953,0.6286047270941246,0.9961790545251709,35855,5.248632727751701e-06
250,sign_bias,highest activity,negative,14,-0.168,-0.0002099505433130421,0.0006770980655693839,0.6303470236879722,0.9955508474576271,18880,4.927771688445285e-06
250,sign_bias,highest activity,negative,13,-0.1559604578563996,-0.00020359401718933503,0.000632020536960741,0.6338392069840235,0.9957075962539021,38440,3.223587781933185e-06
250,sign_bias,highest activity,negative,12,-0.144,-0.0001884491729395019,0.000596377130849046,0.636124603336672,0.9958131557707829,19824,4.235701402846865e-06
250,sign_bias,highest activity,negative,11,-0.13198225098673727,-0.00017695416298993202,0.0006026222154640338,0.6381635487550948,0.9960775661297835,40791,2.983753638549579e-06
250,sign_bias,highest activity,negative,10,-0.12000000000000001,-0.00014975732971224024,0.0006220964959314956,0.6392209609550271,0.9963074857334676,20853,4.307978066656127e-06
250,sign_bias,highest activity,negative,9,-0.10796942268911504,-0.000150418627992548,0.0006456162399393093,0.6415787428662264,0.9956619612624865,42646,3.126333432245038e-06
250,sign_bias,highest activity,negative,8,-0.096,-0.00012915068680352166,0.0006883329828436994,0.6430680613335804,0.9958806298059318,21848,4.656855225266621e-06
250,sign_bias,highest activity,negative,7,-0.088,-0.00012722720569617208,0.0006332154502119467,0.6446929694084982,0.9957334785766159,22032,4.26603624999493e-06
250,sign_bias,highest activity,negative,6,-0.07597142920718275,-0.00011088564834872514,0.0006170993860205566,0.6449408144136145,0.9957722347077279,44941,2.910943314440111e-06
250,sign_bias,highest activity,negative,5,-0.064,-9.664859378653162e-05,0.0006051576222191612,0.647452267189017,0.9959001939693176,22684,4.017988491387946e-06
250,sign_bias,highest activity,negative,4,-0.056,-8.344584558175364e-05,0.0006117462026018055,0.648007818012573,0.9948502683053488,23108,4.02429772110309e-06
250,sign_bias,highest activity,negative,3,-0.04401818453460824,-6.942514234221976e-05,0.0006430507164998738,0.6496000436124366,0.9959020767080016,46853,2.970821268733121e-06
250,sign_bias,highest activity,negative,2,-0.032,-5.304416816583858e-05,0.0006138359716063023,0.6510218338384,0.9956663520123573,23306,4.020855482847797e-06
250,sign_bias,highest activity,negative,1,-0.024,-3.665574928747028e-05,0.0006138330679131647,0.6524471211443399,0.9949903174202239,23754,3.982739530085607e-06
250,sign_bias,highest activity,negative,0,-0.01200944072154086,-2.716051935302277e-05,0.0006657021702052626,0.6524495588456579,0.9953217853078771,47454,3.055931110768971e-06
250,sign_bias,highest activity,positive,0,0.01197753512746101,6.5491541358088784e-06,0.0006386259722240523,0.6546542769612806,0.9958661294026766,47897,2.918047926913226e-06
250,sign_bias,highest activity,positive,1,0.024,1.9053429732573265e-05,0.000638258208802438,0.6530574881924466,0.9953697857473587,23757,4.140955946031723e-06
250,sign_bias,highest activity,positive,2,0.032,3.738555119833234e-05,0.0006305008745831453,0.6526259669092683,0.9954545454545455,23540,4.109438298444423e-06
250,sign_bias,highest activity,positive,3,0.04400051782169673,5.5986317631698466e-05,0.0006865267475119551,0.6503440186914916,0.9963752481228964,46348,3.1889078025808734e-06
250,sign_bias,highest activity,positive,4,0.05600000000000001,8.170010860279502e-05,0.0006682189939068012,0.648800835531098,0.9961218104094134,22691,4.436004706472064e-06
250,sign_bias,highest activity,positive,5,0.064,7.773511715321496e-05,0.0007206052839886273,0.6471920751731984,0.9962282356037016,22801,4.772220423765744e-06
250,sign_bias,highest activity,positive,6,0.07597074396482097,0.00010185325530158393,0.0006278936495171781,0.647122096931205,0.9960513326752222,44572,2.9740963208047e-06
250,sign_bias,highest activity,positive,7,0.088,0.00010784499273663723,0.0006355675608302989,0.6459094705458139,0.9956246093401196,22398,4.246753982132292e-06
250,sign_bias,highest activity,positive,8,0.0999797849857576,0.00013180543859993865,0.0006775009404246014,0.6436738408194941,0.9956583662593035,43532,3.247174233190173e-06
250,sign_bias,highest activity,positive,9,0.112,0.00014414733611464413,0.0007385374307176396,0.6427344005096278,0.9964877307893113,21069,5.088040383748154e-06
250,sign_bias,highest activity,positive,10,0.12398230215483223,0.00015637959250286158,0.000721759874601118,0.6402799152508919,0.9959103628058259,41813,3.5296941087551016e-06
250,sign_bias,highest activity,positive,11,0.136,0.00018067974596580082,0.0006926898912874174,0.6387284306086384,0.9964345845300584,20194,4.874473053100031e-06
250,sign_bias,highest activity,positive,12,0.1479653946074104,0.00019388687745641785,0.0006704889576816809,0.637360145047109,0.9966453956163139,39647,3.3673360856162324e-06
250,sign_bias,highest activity,positive,13,0.16,0.0002084560347794033,0.0006534627394784471,0.6350652234629053,0.9955599153286179,19369,4.695341984479369e-06
250,sign_bias,highest activity,positive,14,0.17196005921141166,0.0002221290148760652,0.0006548736744983924,0.6320383674382634,0.996608800968914,37155,3.397417344364564e-06
250,sign_bias,highest activity,positive,15,0.18795310850602812,0.0002438933777743176,0.0006271307690220061,0.6296242249959894,0.9962775709761653,35998,3.3053611850012336e-06
250,sign_bias,highest activity,positive,16,0.2,0.0002721810438283287,0.0008727431685403666,0.6269420419642767,0.995249406175772,17261,6.6428352527714045e-06
250,sign_bias,highest activity,positive,17,0.21195070379991543,0.00027272826501523336,0.0006316651499033323,0.6228319306343965,0.9958315713163777,33106,3.471631029087982e-06
250,sign_bias,highest activity,positive,18,0.22797862468401012,0.0002952075775478716,0.0006210218550525987,0.6193464781014557,0.9960641259479697,31251,3.5129739126489855e-06
250,sign_bias,highest activity,positive,19,0.24393450658678556,0.00031842193390197707,0.0006171748988734233,0.6156283232805273,0.9957449705551963,29377,3.600845875174624e-06
250,sign_bias,highest activity,positive,20,0.2598852689685031,0.0003298858158103284,0.0006682183510416902,0.6116054215780755,0.9963560269870476,27717,4.013703502385421e-06
250,sign_bias,highest activity,positive,21,0.2797524259113559,0.0003578945611228731,0.0006327392861507027,0.6050735330516928,0.9963021243115657,38130,3.2403460856437763e-06
250,sign_bias,highest activity,positive,22,0.29998354479712463,0.0003750638175212907,0.0005991206500025487,0.5990980768003378,0.9958861992811675,23093,3.9425218686048096e-06
250,sign_bias,highest activity,positive,23,0.31981849957103364,0.0004062835456968426,0.0005960120353264949,0.5926405887284003,0.9954879095039878,31471,3.359694265546081e-06
250,sign_bias,highest activity,positive,24,0.3476270442322467,0.0004342788129149147,0.0005927389025585402,0.5820639599336871,0.9952529908901329,36444,3.1049199852073783e-06
250,sign_bias,highest activity,positive,25,0.3794879514095201,0.0004751812771358344,0.0005908231621681682,0.5712999220755738,0.9953786228296032,30294,3.394526490234341e-06
250,sign_bias,highest activity,positive,26,0.4116105325678084,0.0005068655902210535,0.0006251783053904294,0.5583628515248878,0.9959611958028113,25255,3.933962470826441e-06
250,sign_bias,highest activity,positive,27,0.4540887086865708,0.0005424142660693384,0.0006313126963584266,0.5397975980590256,0.9947782282835729,32556,3.498879643511397e-06
250,sign_bias,highest activity,positive,28,0.5233895717427869,0.0006004347779058415,0.0006001822320078877,0.5066390546011189,0.9931427092767499,30916,3.4134338030669128e-06
250,sign_bias,highest activity,positive,29,0.6822336515269899,0.0006351741897585524,0.0006318451209707254,0.4015274332373827,0.9655195841967592,29437,3.682678974829466e-06
250,trade_imbalance,highest activity,negative,29,-0.9108607080415568,-0.0008610088705591267,0.0007934670854541923,0.50213073652828,0.9767366511145671,30864,4.516508281988899e-06
250,trade_imbalance,highest activity,negative,28,-0.8200284224656486,-0.0007398136867263898,0.0010588342613384496,0.5687718473687389,0.9923211508553654,30864,6.027009561274094e-06
250,trade_imbalance,highest activity,negative,27,-0.7602995433347338,-0.000668603677360142,0.0006068772650590815,0.5853870069917749,0.9939085636522698,30863,3.4544729693944334e-06
250,trade_imbalance,highest activity,negative,26,-0.7120311378762232,-0.0006229871502477956,0.0005902555239295863,0.5941864919501749,0.9947187662001037,30864,3.359804094194627e-06
250,trade_imbalance,highest activity,negative,25,-0.6697536944190615,-0.0005757820138273382,0.0005928454476375298,0.5987187474626344,0.9954963711767756,30864,3.3745462455592937e-06
250,trade_imbalance,highest activity,negative,24,-0.6313987427177002,-0.0005442225252384877,0.0006674392196314455,0.6036494746116631,0.9958202378252277,30863,3.7992043460485874e-06
250,trade_imbalance,highest activity,negative,23,-0.5954610009360554,-0.0005051245339998156,0.0005872575805138849,0.6066947936900531,0.9955611715914982,30864,3.3427394465058086e-06
250,trade_imbalance,highest activity,negative,22,-0.5617042005739532,-0.0004736109649931321,0.0005887495069679877,0.6097333866310238,0.9963063763608087,30864,3.351231667934523e-06
250,trade_imbalance,highest activity,negative,21,-0.5296735099073145,-0.0004501547788108405,0.0005995766461822763,0.6112244721360249,0.9959174415967339,30863,3.4129163120243156e-06
250,trade_imbalance,highest activity,negative,20,-0.49916564577502964,-0.0004272875103874569,0.0005389642078250076,0.6148066865700229,0.9955935717988595,30864,3.0678478703925573e-06
250,trade_imbalance,highest activity,negative,19,-0.46958200771499037,-0.00039751875715443016,0.0005686163307067064,0.6136913919488992,0.9951398114246833,30863,3.2366836879139554e-06
250,trade_imbalance,highest activity,negative,18,-0.4412076002356672,-0.0003712208418862018,0.0005357332378027706,0.6160796633917734,0.9956583722135822,30864,3.0494568077614736e-06
250,trade_imbalance,highest activity,negative,17,-0.41360292943840693,-0.000350278622070727,0.0005624946748790296,0.6166705442818449,0.995334370139969,30864,3.2017860655323388e-06
250,trade_imbalance,highest activity,negative,16,-0.38654792493758594,-0.00033028774722033933,0.000524795034579147,0.6187298525014097,0.9959498428539028,30863,2.9872436583195937e-06
250,trade_imbalance,highest activity,negative,15,-0.3600939883077365,-0.0003116605722484962,0.0009876490230562357,0.6194383547669163,0.9955611715914982,30864,5.621814784892241e-06
250,trade_imbalance,highest activity,negative,14,-0.33421362553839645,-0.0002836309339163614,0.0005523867805877614,0.6201119928131396,0.9953991705546915,30864,3.14425073846348e-06
250,trade_imbalance,highest activity,negative,13,-0.3090017888956835,-0.00026647502340883874,0.000526180418810893,0.6206743183081287,0.9950102063960081,30863,2.9951295565997438e-06
250,trade_imbalance,highest activity,negative,12,-0.2844664163812203,-0.00024525939745782013,0.000559268036832781,0.6224558680549049,0.9953019699326076,30864,3.183419661019768e-06
250,trade_imbalance,highest activity,negative,11,-0.2604369265690816,-0.00022836733917170712,0.0005288132195341765,0.6225602253492977,0.9960795749092795,30864,3.01006724719296e-06
250,trade_imbalance,highest activity,negative,10,-0.23651143290058804,-0.00020473620615226224,0.0005228789926792021,0.622936680786588,0.9949778051388394,30863,2.9763371450381272e-06
250,trade_imbalance,highest activity,negative,9,-0.21309604368189786,-0.00018517956095114802,0.0005697247464487903,0.6241725585597965,0.9951723691031623,30864,3.2429404860783463e-06
250,trade_imbalance,highest activity,negative,8,-0.189761717327738,-0.00016674106406435826,0.0005537915016027941,0.6243900528400743,0.9949454038816706,30863,3.152297644204819e-06
250,trade_imbalance,highest activity,negative,7,-0.1667937857323538,-0.000144847889176921,0.0005234137961404775,0.6247034535237893,0.9949779678589943,30864,2.979333092087274e-06
250,trade_imbalance,highest activity,negative,6,-0.14404395586344768,-0.00012767932461237635,0.0005215498424351638,0.6248690979574076,0.9945891653706583,30864,2.9687232476442945e-06
250,trade_imbalance,highest activity,negative,5,-0.12141670286933835,-0.00010623885581500336,0.0005415908112864812,0.6251571428441303,0.9947509963386579,30863,3.0828487501165686e-06
250,trade_imbalance,highest activity,negative,4,-0.09911829366759896,-8.478015304957934e-05,0.0005531607972530779,0.625386590425986,0.9950751684810782,30864,3.148656532658835e-06
250,trade_imbalance,highest activity,negative,3,-0.07678640967640475,-6.759541193034905e-05,0.0004979313268421681,0.6261291927690024,0.9945243649559358,30864,2.8342838698306733e-06
250,trade_imbalance,highest activity,negative,2,-0.0548037848288297,-5.234780909672395e-05,0.0005249455429501989,0.6259079671568365,0.9945241875384765,30863,2.9881003836072274e-06
250,trade_imbalance,highest activity,negative,1,-0.03273085888838515,-3.13919447098232e-05,0.0005236076719239988,0.6262240512074216,0.9949131674442716,30864,2.9804366559250226e-06
250,trade_imbalance,highest activity,negative,0,-0.010821946971778981,-7.805034761975952e-06,0.0005889942108568236,0.6260640019903356,0.9944595645412131,30864,3.3526245513455963e-06
250,trade_imbalance,highest activity,positive,0,0.011205198349893943,1.1879216357659828e-05,0.0005117310378221858,0.6267199821462756,0.9949974509304104,31384,2.888601359459695e-06
250,trade_imbalance,highest activity,positive,1,0.03339671361305057,3.125775938669323e-05,0.000595640823347366,0.6260284422269904,0.9949335627569066,31383,3.3623059324483315e-06
250,trade_imbalance,highest activity,positive,2,0.055783301445344415,4.4938882134477426e-05,0.0005506402023037496,0.6249710798329694,0.9949018608208005,31384,3.108234442290094e-06
250,trade_imbalance,highest activity,positive,3,0.0781158313181192,6.383963858666298e-05,0.0005026567082933601,0.6269805346997396,0.995507121690087,31383,2.837424108679822e-06
250,trade_imbalance,highest activity,positive,4,0.10046321215201721,8.21415852481334e-05,0.0005590692257054854,0.6252762771708809,0.9947106806015804,31384,3.155814297052845e-06
250,trade_imbalance,highest activity,positive,5,0.12292423291106983,0.00010846249621912603,0.0005271755808796647,0.6258259946071127,0.9949335627569066,31383,2.9758295831242748e-06
250,trade_imbalance,highest activity,positive,6,0.14562420394982,0.00012688055446464754,0.0005283097003938408,0.6250818978181398,0.9941371399439205,31384,2.9821840107022537e-06
250,trade_imbalance,highest activity,positive,7,0.1685546244361286,0.00014543107019784478,0.0007084428625170396,0.6248855473514361,0.9951884778383201,31383,3.999057059345617e-06
250,trade_imbalance,highest activity,positive,8,0.19168526924907184,0.00015858475093409052,0.0005446286694092271,0.6245958854536167,0.9943283201631404,31384,3.0743007528944775e-06
250,trade_imbalance,highest activity,positive,9,0.21492661995207205,0.0001813469137708704,0.0005396196309885304,0.6245633203559546,0.9947742408310232,31383,3.0460744385215057e-06
250,trade_imbalance,highest activity,positive,10,0.23854867961343215,0.0002051933648859086,0.0005153199551483491,0.623858805090359,0.9953479479989804,31384,2.9088599537233205e-06
250,trade_imbalance,highest activity,positive,11,0.2625226502641049,0.000233337416303672,0.0005509889799085369,0.623408524324491,0.9962081381639741,31383,3.1102527618053002e-06
250,trade_imbalance,highest activity,positive,12,0.2866424175751839,0.00024406447846943126,0.0005944213299688725,0.6224131806348514,0.9960808055059903,31384,3.355368611502039e-06
250,trade_imbalance,highest activity,positive,13,0.3113436459498376,0.00026756639700622646,0.0005477995520512673,0.621893494380287,0.9956983080011471,31383,3.0922489048074737e-06
250,trade_imbalance,highest activity,positive,14,0.33636482486359676,0.0002872512105040364,0.0005441045830227078,0.62121580894058,0.9954435381085903,31384,3.0713424084973572e-06
250,trade_imbalance,highest activity,positive,15,0.36185957047024964,0.0003128528147965013,0.0005315254054235836,0.6203695065767963,0.9959850874677373,31383,3.000383710873505e-06
250,trade_imbalance,highest activity,positive,16,0.38777159339627393,0.00033663804962048404,0.0005341779450999829,0.618876231433717,0.9949016983717299,31383,3.0153569120719905e-06
250,trade_imbalance,highest activity,positive,17,0.41463725450510325,0.00035785357183096186,0.0005651191113761592,0.6180631268382221,0.9958896252867703,31384,3.189964478850019e-06
250,trade_imbalance,highest activity,positive,18,0.44211722255859953,0.00037945807471249975,0.0005488014227251676,0.6173590260094004,0.9957301723863238,31383,3.0979043192424184e-06
250,trade_imbalance,highest activity,positive,19,0.47031035373026353,0.000404480272927625,0.0005897796209109675,0.6159611681495291,0.9956984450675503,31384,3.329167255508581e-06
250,trade_imbalance,highest activity,positive,20,0.49942352958394004,0.0004348161380949195,0.000609124320496181,0.6136631412371597,0.99509288468279,31383,3.43841831540898e-06
250,trade_imbalance,highest activity,positive,21,0.5299022461578765,0.000460596677618023,0.0005502642657625975,0.6124425051723591,0.9953479479989804,31384,3.1061123689281497e-06
250,trade_imbalance,highest activity,positive,22,0.5618386331747184,0.0004947845638133615,0.000571009840151705,0.610466977043694,0.9958894943122072,31383,3.2232676098978484e-06
250,trade_imbalance,highest activity,positive,23,0.5951019728827909,0.0005236081332322573,0.0006303241342349107,0.6089755401928899,0.9960170787662503,31384,3.55803149795242e-06
250,trade_imbalance,highest activity,positive,24,0.6302354733096295,0.0005586049196789882,0.0005887988271855846,0.6056713230898932,0.9960488162380907,31383,3.3236838578979945e-06
250,trade_imbalance,highest activity,positive,25,0.6684197058681645,0.0005975378597504927,0.0006245536209829716,0.6023297881815306,0.9961126688758604,31384,3.525458307756121e-06
250,trade_imbalance,highest activity,positive,26,0.7102832847357133,0.0006396197602180759,0.0006129118856446897,0.5962178382458874,0.9951247490679668,31383,3.459798570537898e-06
250,trade_imbalance,highest activity,positive,27,0.7584516740800431,0.0006975959111490261,0.0005897049881959008,0.5896864286101837,0.9951886311496304,31384,3.3287459713841722e-06
250,trade_imbalance,highest activity,positive,28,0.8178579896917184,0.0007762183000623407,0.0006695878099130032,0.5737425692957601,0.9938501736608992,31383,3.779725930995546e-06
250,trade_imbalance,highest activity,positive,29,0.9099921971177155,0.0008947657528627606,0.0007985793830358871,0.5068301500675145,0.9780461381595718,31384,4.507792807118136e-06
1000,sign_bias,lowest activity,negative,29,-0.5159669289238565,-0.0004583597788208362,0.00041620344698812655,0.3731429789570875,0.9903987198293106,7499,4.806223868730692e-06
1000,sign_bias,lowest activity,negative,28,-0.4036654101130898,-0.0004997433051360902,0.00047411062168424794,0.4324337336166272,0.9955803977642013,7693,5.405449556471269e-06
1000,sign_bias,lowest activity,negative,27,-0.353832972972973,-0.000499331726743592,0.0004880214283467944,0.4546848199550902,0.9967567567567568,7400,5.6731338701700836e-06
1000,sign_bias,lowest activity,negative,26,-0.31833709575142677,-0.00048271420707536556,0.0004973247542806075,0.4683358056852032,0.9967025998731769,7885,5.600660247565262e-06
1000,sign_bias,lowest activity,negative,25,-0.290687163932166,-0.0004698081350021116,0.000508997903794065,0.4793228358649564,0.99779401626913,7253,5.9766407974897334e-06
1000,sign_bias,lowest activity,negative,24,-0.26778700038309283,-0.0004435961438885695,0.0004998904861998602,0.4858542618726503,0.9971906525347976,7831,5.648930862951946e-06
1000,sign_bias,lowest activity,negative,23,-0.24775041643531373,-0.00043307876603224083,0.0005061341654216732,0.493571861700679,0.9975013881177124,7204,5.963192130403411e-06
1000,sign_bias,lowest activity,negative,22,-0.22984970384995065,-0.000413223193482075,0.0005186963723902772,0.4984614426865167,0.9969151036525172,8104,5.761870518076752e-06
1000,sign_bias,lowest activity,negative,21,-0.213821567778259,-0.0004037154341858705,0.0005179312834895071,0.5032097204754921,0.996535296665223,6927,6.222996400027717e-06
1000,sign_bias,lowest activity,negative,20,-0.19990710748226476,-0.0003800570199901306,0.000517389696117389,0.5054931788970071,0.9963860259670727,7471,5.985885527241073e-06
1000,sign_bias,lowest activity,negative,19,-0.1858876879115418,-0.0003698051222916029,0.0005234547173222949,0.509165271620235,0.998509131569139,8049,5.8345605909930695e-06
1000,sign_bias,lowest activity,negative,18,-0.17294513513513513,-0.0003458495940686534,0.0005237282311002211,0.5122238454670888,0.9966216216216216,7400,6.0882170208878e-06
1000,sign_bias,lowest activity,negative,17,-0.1609831727681439,-0.00033081513869061453,0.0005267690178891231,0.5158404390260524,0.9973025048169557,7785,5.9702279789361125e-06
1000,sign_bias,lowest activity,negative,16,-0.14997185958804757,-0.0003195525848803119,0.0005368831902954598,0.5170607218765038,0.9975340876124166,6894,6.466126057699253e-06
1000,sign_bias,lowest activity,negative,15,-0.13898519888991673,-0.0003088778496730044,0.0005365375443655575,0.519936448937374,0.9968778908418131,8648,5.7695544556150055e-06
1000,sign_bias,lowest activity,negative,14,-0.12797737983034874,-0.0002801287887673088,0.0005350946901011499,0.5222099708433356,0.9967685471926754,7427,6.209032447454751e-06
1000,sign_bias,lowest activity,negative,13,-0.11795749147205457,-0.00025409138795292046,0.0005257700461833006,0.5231058925627281,0.9973760167934925,7622,6.022285882062445e-06
1000,sign_bias,lowest activity,negative,12,-0.10792141601807682,-0.00024258323426043344,0.0005325777853354245,0.5243533767259602,0.9972382626161185,7966,5.967094233112316e-06
1000,sign_bias,lowest activity,negative,11,-0.09901776061776062,-0.00023460954797120846,0.0005445902623797508,0.5264394896827329,0.9961389961389961,6475,6.7678384780287575e-06
1000,sign_bias,lowest activity,negative,10,-0.08994715639810426,-0.00020662349540470317,0.0005386685431902493,0.5277359112667169,0.9972748815165877,8440,5.863411727654665e-06
1000,sign_bias,lowest activity,negative,9,-0.08096796943873052,-0.00018401053594540513,0.0005373140585439018,0.5288287111678237,0.9975022039377021,6806,6.513017295061133e-06
1000,sign_bias,lowest activity,negative,8,-0.07195029476361114,-0.0001746544761564051,0.0005574558042227461,0.529447375939111,0.9974569413940585,8651,5.993455507417099e-06
1000,sign_bias,lowest activity,negative,7,-0.06296848451630584,-0.00014402504290074458,0.0005407384324406589,0.5303995417725207,0.9971224993148808,7298,6.329731792533755e-06
1000,sign_bias,lowest activity,negative,6,-0.054972942972110445,-0.0001440043340645575,0.0005516674890820891,0.5325537831434877,0.9963923962813931,7207,6.498305577038791e-06
1000,sign_bias,lowest activity,negative,5,-0.04697594501718213,-0.00012122971147285807,0.000552597092071929,0.5340473119167277,0.9976632302405498,7275,6.4787630460650976e-06
1000,sign_bias,lowest activity,negative,4,-0.03901385425325574,-9.425665872268804e-05,0.0005469635291638847,0.5326849431864671,0.9966749792186201,7218,6.437984551600456e-06
1000,sign_bias,lowest activity,negative,3,-0.029996554694229113,-7.987434417575834e-05,0.0005433129292689618,0.5320085373918277,0.9974160206718347,9288,5.637530918486634e-06
1000,sign_bias,lowest activity,negative,2,-0.020996002132196163,-6.922468129670456e-05,0.0005434751666751903,0.5342512021616499,0.9965351812366737,7504,6.273837875132915e-06
1000,sign_bias,lowest activity,negative,1,-0.012947054243446665,-3.7568207476629305e-05,0.0005443756304019703,0.5338000860969976,0.996106929665196,7706,6.2013204367326024e-06
1000,sign_bias,lowest activity,negative,0,-0.0049920417482061325,-1.5024494378000593e-05,0.0005470566560612774,0.5345257847540952,0.9966079582517938,7665,6.248506513702848e-06
1000,sign_bias,lowest activity,positive,0,0.005974777754806699,7.06770483768281e-06,0.0005520435294388285,0.5337056096824548,0.9970022741368617,9674,5.6126800018632785e-06
1000,sign_bias,lowest activity,positive,1,0.014967656415694591,2.261491697471537e-05,0.0005547189179580559,0.5345740756663344,0.9977465535524921,7544,6.386635597488779e-06
1000,sign_bias,lowest activity,positive,2,0.02299947047921631,4.144431520763879e-05,0.0005440221816706362,0.5336579629669383,0.9972200158856235,7554,6.259333873827156e-06
1000,sign_bias,lowest activity,positive,3,0.030952974798649002,5.9548141716074924e-05,0.0005608697573888611,0.5344182842234284,0.9958430761236685,7698,6.392534340262204e-06
1000,sign_bias,lowest activity,positive,4,0.03900080042689435,7.214436096126024e-05,0.0005405545303511049,0.53478972569154,0.9967982924226254,7496,6.243451214570122e-06
1000,sign_bias,lowest activity,positive,5,0.04703570947311683,0.00010036250679318374,0.000554580779465737,0.5343444778830846,0.9973049454251448,7421,6.4377424474796635e-06
1000,sign_bias,lowest activity,positive,6,0.055985876641288755,0.00012049973480941689,0.0005545075527000509,0.5343099913330521,0.9973518702416418,9063,5.824672020714219e-06
1000,sign_bias,lowest activity,positive,7,0.06500054171180931,0.00014170126226276434,0.0005549276662223703,0.5318711181387238,0.9968851570964247,7384,6.45788836600268e-06
1000,sign_bias,lowest activity,positive,8,0.07394240837696335,0.00014650158738676696,0.0005548964771711854,0.5320510585705214,0.9981789210106988,8786,5.91992722923048e-06
1000,sign_bias,lowest activity,positive,9,0.08298116390216474,0.00017440080026202053,0.0005557172569986643,0.5308929958915902,0.9966263705369693,7114,6.588657816690093e-06
1000,sign_bias,lowest activity,positive,10,0.09193994839315037,0.00019306054852604275,0.0005506431352714699,0.5297572965881668,0.9973023692235515,8526,5.963449765135068e-06
1000,sign_bias,lowest activity,positive,11,0.10104209260372819,0.0002083059061817022,0.0005380554912691574,0.5279475205813149,0.9963920625375827,6652,6.597067804767485e-06
1000,sign_bias,lowest activity,positive,12,0.1099970703125,0.00021218793731168657,0.0005478047619144057,0.5269275623279529,0.9971923828125,8192,6.052444717436851e-06
1000,sign_bias,lowest activity,positive,13,0.11999464695386183,0.000245836345892682,0.0005396343434312656,0.5258550674049017,0.9969411164924803,7846,6.092217914631691e-06
1000,sign_bias,lowest activity,positive,14,0.1299841083756676,0.00026636975544550294,0.0005531645897766391,0.5253394595585555,0.996222482740654,7677,6.313331606223377e-06
1000,sign_bias,lowest activity,positive,15,0.1409440936746642,0.00029342241738520197,0.0005516526672785035,0.5239974218277513,0.9974744575823671,8711,5.91060198755562e-06
1000,sign_bias,lowest activity,positive,16,0.15191000996725046,0.00030181553954869585,0.0005446785394270451,0.5208413596566808,0.9974369927381461,7023,6.499484763776107e-06
1000,sign_bias,lowest activity,positive,17,0.16298337950138503,0.0003333162628769786,0.0005334263818287859,0.5191081285264111,0.9973558297658021,7942,5.985625617309396e-06
1000,sign_bias,lowest activity,positive,18,0.1748985955418116,0.00034536123381617256,0.0005356627971820005,0.5151423811390311,0.9984538074990337,7761,6.080406899119844e-06
1000,sign_bias,lowest activity,positive,19,0.18795603603603603,0.00036281016949414374,0.0005353691460863805,0.5136098260422585,0.9977177177177177,8325,5.867609696742322e-06
1000,sign_bias,lowest activity,positive,20,0.20185076923076922,0.0003866891384623632,0.0005367904656441767,0.5106560406560406,0.9976923076923077,7800,6.07795516396685e-06
1000,sign_bias,lowest activity,positive,21,0.2159514432155382,0.0004001919061142973,0.0005346568859441619,0.5065178477641386,0.9978419206905854,7414,6.2093890819827885e-06
1000,sign_bias,lowest activity,positive,22,0.23196404230317275,0.00041542237231147184,0.0005297367359268414,0.5015913681013564,0.9968272620446533,8510,5.7424247284145525e-06
1000,sign_bias,lowest activity,positive,23,0.24975784511784513,0.000454858388325782,0.0005399781529305031,0.4964893513041661,0.9974410774410775,7425,6.266542075295287e-06
1000,sign_bias,lowest activity,positive,24,0.26977541045243764,0.00047051174458344705,0.0005324414754617227,0.49075708118194644,0.997869407193884,7979,5.9607052323536285e-06
1000,sign_bias,lowest activity,positive,25,0.2926065508553242,0.00047285729996680696,0.0005368624533244225,0.48034853577885006,0.9973478318525395,7541,6.182278442485537e-06
1000,sign_bias,lowest activity,positive,26,0.3202498749374687,0.0004844564963709609,0.0005115829584235854,0.470792077720542,0.9974987493746873,7996,5.721101810109597e-06
1000,sign_bias,lowest activity,positive,27,0.3566009377772146,0.0004987793783746468,0.0005096055896093642,0.4560241397144198,0.9956912938791028,7891,5.736779548185285e-06
1000,sign_bias,lowest activity,positive,28,0.40784782327864616,0.0004985041347376315,0.0004786861772759507,0.43226303425244134,0.996512078542824,7741,5.440669601656226e-06
1000,sign_bias,lowest activity,positive,29,0.5177852990569694,0.0004548873484273596,0.0004261484712630878,0.37353915082890665,0.9900529647332386,7741,4.843534539867811e-06
1000,trade_imbalance,lowest activity,negative,29,-0.665411769970042,-0.0008088977638284141,0.0005022019903751807,0.463629335025675,0.9982451742291301,7978,5.622525239140975e-06
1000,trade_imbalance,lowest activity,negative,28,-0.5536787696308857,-0.0007178510929842093,0.000466350654784153,0.4857677933636821,0.9989972424166458,7978,5.221142841060721e-06
1000,trade_imbalance,lowest activity,negative,27,-0.4983084793509176,-0.0006583913265640286,0.0004696933976282762,0.49001608778495215,0.9984958636249687,7978,5.258567336322079e-06
1000,trade_imbalance,lowest activity,negative,26,-0.4573294053791977,-0.0006176897215226409,0.0004753660520915579,0.4956056583030762,0.9984958636249687,7978,5.322076927092318e-06
1000,trade_imbalance,lowest activity,negative,25,-0.4232863233617175,-0.0005750097725082313,0.00047418307630592516,0.49735695329276874,0.9978688730099035,7977,5.309165380580466e-06
1000,trade_imbalance,lowest activity,negative,24,-0.394576460639046,-0.0005401040976905373,0.0004697847856289212,0.5004144279651925,0.9974931060416145,7978,5.259590493039952e-06
1000,trade_imbalance,lowest activity,negative,23,-0.3684779991362983,-0.0005134400672094206,0.00047170793817384517,0.5033101539744809,0.9983705189270494,7978,5.281121617825967e-06
1000,trade_imbalance,lowest activity,negative,22,-0.34458524788700545,-0.00048820710236971296,0.0004714778485518179,0.5051871876890679,0.9978691401353723,7978,5.2785455931747175e-06
1000,trade_imbalance,lowest activity,negative,21,-0.3223186039154951,-0.00045947521981016957,0.00046070791080191965,0.5055265844937442,0.9976184507395337,7978,5.157968120398193e-06
1000,trade_imbalance,lowest activity,negative,20,-0.30177879701513377,-0.00042690642787196036,0.0004736650263973519,0.5080964128225003,0.9967406293092641,7977,5.303365062565244e-06
1000,trade_imbalance,lowest activity,negative,19,-0.28241039062107326,-0.000409663390220244,0.0004703863465257531,0.5088701135329363,0.9964903484582602,7978,5.2663254152229385e-06
1000,trade_imbalance,lowest activity,negative,18,-0.2639108123079983,-0.00038714330062241303,0.00046609566944056345,0.5102603229953443,0.9968663825520181,7978,5.218288090268372e-06
1000,trade_imbalance,lowest activity,negative,17,-0.24616497203343188,-0.00035279457294218596,0.0004678186360846724,0.5117329663581857,0.9972424166457758,7978,5.237577984829449e-06
1000,trade_imbalance,lowest activity,negative,16,-0.22949350622354567,-0.00033768225518412487,0.00047168154279659754,0.5117945722107166,0.9972424166457758,7978,5.280826101922773e-06
1000,trade_imbalance,lowest activity,negative,15,-0.21336788146995012,-0.0003118707802010184,0.00047422126038206653,0.5118721579797172,0.9957377460198069,7977,5.309592906540942e-06
1000,trade_imbalance,lowest activity,negative,14,-0.1977677097101279,-0.00029515748832207044,0.000469042754996268,0.5135186577904052,0.996365003760341,7978,5.251282907565845e-06
1000,trade_imbalance,lowest activity,negative,13,-0.18274118304167905,-0.0002674013562834708,0.00047189728952912055,0.514561063946875,0.9957382802707445,7978,5.283241547245813e-06
1000,trade_imbalance,lowest activity,negative,12,-0.16802395953109,-0.00024504795032388347,0.00046719359814576894,0.5156303207193155,0.9976184507395337,7978,5.230580219678658e-06
1000,trade_imbalance,lowest activity,negative,11,-0.1534886340186713,-0.0002222631786346856,0.0004650381804164638,0.5153012124684223,0.9962396590624216,7978,5.206448713200843e-06
1000,trade_imbalance,lowest activity,negative,10,-0.13942504974570694,-0.00019415674290264095,0.0004612340488297607,0.5155584316923166,0.9953616647862605,7977,5.1641822889775e-06
1000,trade_imbalance,lowest activity,negative,9,-0.12541506571580774,-0.00018570230181820104,0.0004783064841482384,0.5180685824957572,0.9966156931561795,7978,5.354997253513793e-06
1000,trade_imbalance,lowest activity,negative,8,-0.11145158043219278,-0.0001613569704361912,0.0004753447187106422,0.5183521450756348,0.9968663825520181,7978,5.321838084007397e-06
1000,trade_imbalance,lowest activity,negative,7,-0.0978487177091004,-0.00014417798064254218,0.0004713932245697956,0.5159588016193681,0.9953622461769868,7978,5.2775981646820485e-06
1000,trade_imbalance,lowest activity,negative,6,-0.0845274426104194,-0.00012090918908013155,0.00045795757671298075,0.5174003283805239,0.9966156931561795,7978,5.127176082279076e-06
1000,trade_imbalance,lowest activity,negative,5,-0.07113811346639881,-0.00010439838839063595,0.0004760529911821769,0.5173649266666691,0.9963645480757177,7977,5.330101782197682e-06
1000,trade_imbalance,lowest activity,negative,4,-0.05800961064598423,-8.771891881727173e-05,0.00047052431708623617,0.5171020857909803,0.9971170719478566,7978,5.267870098385175e-06
1000,trade_imbalance,lowest activity,negative,3,-0.04490418315858697,-6.178545763117232e-05,0.0004692810792994078,0.5177411053570492,0.9958636249686639,7978,5.253951125603976e-06
1000,trade_imbalance,lowest activity,negative,2,-0.03186396656730222,-3.3426497545204785e-05,0.00045946118671118035,0.5171935535435159,0.9948608673853097,7978,5.144010115848689e-06
1000,trade_imbalance,lowest activity,negative,1,-0.019098480992060463,-1.8534943594491533e-05,0.00046259395154973643,0.5191058443753355,0.9958636249686639,7978,5.179083750980872e-06
1000,trade_imbalance,lowest activity,negative,0,-0.0063719623690251985,7.499717986953933e-06,0.00047141394644023104,0.5186981917992196,0.9938581098019553,7978,5.277830161451791e-06
1000,trade_imbalance,lowest activity,positive,0,0.006124918356626803,2.9445365159138695e-05,0.00047539115959364714,0.5197323328336905,0.9952550415183867,7587,5.457780424032438e-06
1000,trade_imbalance,lowest activity,positive,1,0.01836896727706994,4.347931694946961e-05,0.00046272059406009947,0.5175709517346528,0.9953868459206537,7587,5.31231460470688e-06
1000,trade_imbalance,lowest activity,positive,2,0.030963003192262153,6.366264892286376e-05,0.000468294823672832,0.5176869461077213,0.9964408120221461,7586,5.376664505743797e-06
1000,trade_imbalance,lowest activity,positive,3,0.04356532676603434,7.738315737182567e-05,0.0004684351781910721,0.5176890347577049,0.9960458679319889,7587,5.37792151550465e-06
1000,trade_imbalance,lowest activity,positive,4,0.056136479782695224,0.00010643473439354326,0.00047112418651713443,0.5187750365709765,0.9968362773530187,7586,5.409149457551548e-06
1000,trade_imbalance,lowest activity,positive,5,0.06880147934409073,0.00011621370234193366,0.0004676919753698374,0.5186220885443239,0.9949914327138526,7587,5.36938909388308e-06
1000,trade_imbalance,lowest activity,positive,6,0.08166085388341392,0.000142587746682775,0.0004769395658123396,0.5163786248679473,0.9961771684682309,7586,5.4759179586396815e-06
1000,trade_imbalance,lowest activity,positive,7,0.09464410098786469,0.00015742387948305554,0.0004831355807074607,0.5174640833003822,0.9952550415183867,7587,5.546691101266242e-06
1000,trade_imbalance,lowest activity,positive,8,0.10785559213166447,0.0001747434740665514,0.0004725924067022949,0.5165707494998294,0.9959135249143158,7586,5.426006631616073e-06
1000,trade_imbalance,lowest activity,positive,9,0.12104950709471875,0.0001979533434480049,0.0004732630641115057,0.5156818872384972,0.996309476736523,7587,5.433348590102603e-06
1000,trade_imbalance,lowest activity,positive,10,0.13467606797181553,0.00021605071806892205,0.00047320081814613136,0.5154626020695096,0.9970999209069338,7586,5.432992026392183e-06
1000,trade_imbalance,lowest activity,positive,11,0.1484453674411541,0.00024068159041883277,0.0004734287497240139,0.5157932415082803,0.9957822591274549,7587,5.435250761975685e-06
1000,trade_imbalance,lowest activity,positive,12,0.16264906329868908,0.0002608359261866968,0.0004737702357076858,0.5153681231983368,0.9970999209069338,7586,5.439529718114131e-06
1000,trade_imbalance,lowest activity,positive,13,0.17716325601807298,0.0002801666896915132,0.0004662993008552166,0.5139832068789496,0.99644128113879,7587,5.353400341148503e-06
1000,trade_imbalance,lowest activity,positive,14,0.19204052396432775,0.00030505479715207425,0.0004848049871961863,0.5144348144611788,0.997627208014764,7586,5.566223744310275e-06
1000,trade_imbalance,lowest activity,positive,15,0.20729268372461057,0.0003371255297132398,0.00048434696200537166,0.5135102151050484,0.9968366943455912,7587,5.5605984973133816e-06
1000,trade_imbalance,lowest activity,positive,16,0.2232790534833764,0.000346223285774601,0.0004684732136094573,0.5109423950710531,0.997627208014764,7586,5.378712665988047e-06
1000,trade_imbalance,lowest activity,positive,17,0.23974403208520997,0.0003726127678994329,0.0004698274187836848,0.5104391329513248,0.9965730855410571,7587,5.3939052865499514e-06
1000,trade_imbalance,lowest activity,positive,18,0.25707826591109756,0.00039655491993691725,0.0004689942547246934,0.5091627351052608,0.9964408120221461,7586,5.384694929999319e-06
1000,trade_imbalance,lowest activity,positive,19,0.27516920259933686,0.00042103422012135824,0.0004664815473165375,0.5090266225102129,0.9971003031501252,7587,5.355492641665401e-06
1000,trade_imbalance,lowest activity,positive,20,0.2939686204195907,0.00043524888806243317,0.00045904650007382806,0.5073203971173916,0.9968362773530187,7586,5.270481112892252e-06
1000,trade_imbalance,lowest activity,positive,21,0.3141445134522959,0.0004711390800409897,0.0004775532229479865,0.5062657226885512,0.9978911295637274,7587,5.482602229850025e-06
1000,trade_imbalance,lowest activity,positive,22,0.33591903643229026,0.0004934596731674083,0.0004737780126676487,0.5030016834656962,0.9960453466912734,7586,5.439619008241806e-06
1000,trade_imbalance,lowest activity,positive,23,0.3594868456225196,0.0005238829230237668,0.0004819843040877667,0.5028489673276809,0.9985501515750627,7587,5.53347374357919e-06
1000,trade_imbalance,lowest activity,positive,24,0.38568696460490354,0.0005503412834243711,0.0004882034390334991,0.5003288286968751,0.997627208014764,7586,5.605242615424094e-06
1000,trade_imbalance,lowest activity,positive,25,0.4145046233947311,0.0005892957883894494,0.0004842756740013178,0.4975349674176615,0.9989455647818637,7587,5.559780067552664e-06
1000,trade_imbalance,lowest activity,positive,26,0.448750575626427,0.0006224929242355913,0.00046972494408235876,0.4946595686115855,0.9984181386765094,7586,5.393084242320288e-06
1000,trade_imbalance,lowest activity,positive,27,0.4911073174638312,0.0006860697746264065,0.00047791223915634375,0.49117616364222405,0.9989455647818637,7587,5.486723954863922e-06
1000,trade_imbalance,lowest activity,positive,28,0.5477239319142432,0.0007377711806526198,0.000475737116071708,0.48292861804593945,0.9989454257843395,7586,5.462112192456557e-06
1000,trade_imbalance,lowest activity,positive,29,0.6610049701626236,0.0008504185247166671,0.0005222521374488761,0.4656826326788103,0.9985501515750627,7587,5.995773027445385e-06
1000,sign_bias,highest activity,negative,29,-0.5118886402527314,-0.0011801293156000513,0.0012883335818375244,0.46603402138481775,0.9946031328155851,7597,1.4781117321105142e-05
1000,sign_bias,highest activity,negative,28,-0.3886452644198748,-0.0010900713667789728,0.0011597713904809032,0.537187513875938,0.9982682829359265,7507,1.338564131410609e-05
1000,sign_bias,highest activity,negative,27,-0.34105989548438964,-0.0010400671779316076,0.0011347908201318616,0.5590301543671502,0.9990620393943455,7463,1.3135877602096746e-05
1000,sign_bias,highest activity,negative,26,-0.30740806492518385,-0.000967624602002525,0.0010949524853930321,0.5730493364274749,0.9989855440020289,7886,1.2330108191033203e-05
1000,sign_bias,highest activity,negative,25,-0.2816572783045176,-0.0009082385032345198,0.001099698935692213,0.5828392530846519,0.9990239821528165,7172,1.2985350132555402e-05
1000,sign_bias,highest activity,negative,24,-0.26084484563055993,-0.0008549204587390083,0.0010782866906450114,0.589151160579732,0.9990842490842491,7644,1.2333146931827342e-05
1000,sign_bias,highest activity,negative,23,-0.24181808878086222,-0.0008029305466509063,0.001087159053454066,0.595072365444631,0.9988486631700141,7817,1.2296259809789948e-05
1000,sign_bias,highest activity,negative,22,-0.22487077637348468,-0.0007602821695400025,0.0011378837180567771,0.6021143661071441,0.9989682744389993,7754,1.2922156153552143e-05
1000,sign_bias,highest activity,negative,21,-0.20992736209721463,-0.0007319590735213308,0.001099484608214813,0.6069098864019672,0.9994538503549972,7324,1.2847392315536081e-05
1000,sign_bias,highest activity,negative,20,-0.19585858083757923,-0.0007295484650605834,0.0011809272810194714,0.6113444126368197,0.9985087610289549,8047,1.3164554138055308e-05
1000,sign_bias,highest activity,negative,19,-0.18295882025598217,-0.0006805681661990688,0.0011593830743545758,0.6144681130769055,0.9993043962159154,7188,1.3674861034188898e-05
1000,sign_bias,highest activity,negative,18,-0.17095096390218656,-0.0006540776799628577,0.0012018378497787835,0.6163933373145432,0.9984474058739811,7729,1.3670494471373285e-05
1000,sign_bias,highest activity,negative,17,-0.1589748938750758,-0.0005951679029555896,0.0011535963276966689,0.6199197378093679,0.9984232868405094,8245,1.2704528004228145e-05
1000,sign_bias,highest activity,negative,16,-0.1480190449516874,-0.0005724430697272428,0.0011451265198862783,0.6220812606472879,0.9987396723148019,7141,1.3551081461892437e-05
1000,sign_bias,highest activity,negative,15,-0.1379639085683732,-0.0005326571435751359,0.0011993818033014644,0.6244584378523691,0.9989306242480952,7481,1.3866843947348243e-05
1000,sign_bias,highest activity,negative,14,-0.12800236842105264,-0.000519599367615767,0.0011969388873829996,0.6250773141562614,0.9986842105263158,7600,1.3729830662359227e-05
1000,sign_bias,highest activity,negative,13,-0.11798851601378078,-0.0005032623390926502,0.0011917954846778988,0.628878208309113,0.9993620007655991,7837,1.3462533974535391e-05
1000,sign_bias,highest activity,negative,12,-0.10798185162477007,-0.0004801029514092457,0.0011717870588469964,0.630394956575214,0.9977927651747395,8155,1.2975876836610442e-05
1000,sign_bias,highest activity,negative,11,-0.09900594353640417,-0.0004136409079880242,0.0011788430093740568,0.6322798281193527,0.9985141158989599,6730,1.436972445090581e-05
1000,sign_bias,highest activity,negative,10,-0.09002019002375297,-0.0003814536963620038,0.0011759020918624143,0.6319509533286255,0.9986935866983373,8420,1.2814896920904082e-05
1000,sign_bias,highest activity,negative,9,-0.08100494473531122,-0.0003394706092269767,0.0012247841205341359,0.6331315317644579,0.9985456660849331,6876,1.4770378109731885e-05
1000,sign_bias,highest activity,negative,8,-0.07197532838378069,-0.000324945536037147,0.0013024447799697375,0.6356637619915747,0.9988577955454027,8755,1.3919743874994624e-05
1000,sign_bias,highest activity,negative,7,-0.06299316692232604,-0.00029858698803915016,0.001187203227341693,0.636578287951876,0.9990238460465765,7171,1.4019586588679835e-05
1000,sign_bias,highest activity,negative,6,-0.05500634833011317,-0.0002532547620125098,0.0014850712755834657,0.6369898742242104,0.9990339497653878,7246,1.7446090987623186e-05
1000,sign_bias,highest activity,negative,5,-0.046964854475562874,-0.00022731989481792437,0.001243124569490175,0.6375599927219916,0.999176276771005,7284,1.4565643677409198e-05
1000,sign_bias,highest activity,negative,4,-0.039023008378773774,-0.00018059567535570411,0.0012987877831885214,0.639240916671426,0.9980050538635457,7519,1.4978149203165969e-05
1000,sign_bias,highest activity,negative,3,-0.03101388147357181,-0.0001451135368350115,0.0011890463479750535,0.6393805711744847,0.9990656700480512,7492,1.3737253071403537e-05
1000,sign_bias,highest activity,negative,2,-0.023022985468956404,-0.00013143972642439973,0.001236571954543799,0.639586085424923,0.9990752972258917,7570,1.421253190831774e-05
1000,sign_bias,highest activity,negative,1,-0.013998090388287714,-8.204892830639106e-05,0.0012641762086081482,0.6402049195386772,0.9992573732230002,9426,1.3020986693153459e-05
1000,sign_bias,highest activity,negative,0,-0.005006076276664512,-2.8438403899758204e-05,0.0012097938618468816,0.6404545463368994,0.9989657401422107,7735,1.3755653186640397e-05
1000,sign_bias,highest activity,positive,0,0.006013442554085276,-1.4661192662713632e-05,0.0012449536753213338,0.6416068452405357,0.9989498004620878,9522,1.2758191102649717e-05
1000,sign_bias,highest activity,positive,1,0.014957176843774782,5.378998522482728e-05,0.001389211482844543,0.6417416623602191,0.9986782976473698,7566,1.5971113496104872e-05
1000,sign_bias,highest activity,positive,2,0.022994204070629465,4.579822743169489e-05,0.001508647264347896,0.6393411877978531,0.9978433751179404,7419,1.7515196906923015e-05
1000,sign_bias,highest activity,positive,3,0.030997714746605728,0.00011385977940230892,0.0012689613738107043,0.6409767745968848,0.9994622933189945,7439,1.4712657443418986e-05
1000,sign_bias,highest activity,positive,4,0.03902781104457751,0.0001412861198869438,0.0012641912087365328,0.6412320504136871,0.9982701264138389,7515,1.458304693073422e-05
1000,sign_bias,highest activity,positive,5,0.04798562874251497,0.0001867093393459693,0.001393463533397784,0.6396712444616636,0.9983669025585193,9185,1.4539719476340444e-05
1000,sign_bias,highest activity,positive,6,0.057001497617426816,0.00022704987733881588,0.0013832026856239693,0.6391236709820781,0.9980939414567733,7345,1.6139494322732486e-05
1000,sign_bias,highest activity,positive,7,0.06496121045392023,0.00026764985107340366,0.001219368480973712,0.6387157446304625,0.9993122420907841,7270,1.4301044547763035e-05
1000,sign_bias,highest activity,positive,8,0.0740365975379838,0.00030256668248425465,0.0012163272374923501,0.638587572822906,0.9990018853277143,9017,1.2809123037485394e-05
1000,sign_bias,highest activity,positive,9,0.08304930684579105,0.000342275862425576,0.0012253399265670414,0.6358387829018098,0.9985708160640274,6997,1.4648752718761557e-05
1000,sign_bias,highest activity,positive,10,0.09195314513295069,0.00036002783098320164,0.001240250734524131,0.636464389890652,0.9989457654913905,8537,1.3423224453350903e-05
1000,sign_bias,highest activity,positive,11,0.10094361402989492,0.0003951482632607792,0.001196336718948483,0.6342051686139298,0.999260026639041,6757,1.455380236919452e-05
1000,sign_bias,highest activity,positive,12,0.10999537993920973,0.00043463317121949916,0.0011902298911320543,0.6318158888371654,0.9978115501519756,8225,1.3123899606472021e-05
1000,sign_bias,highest activity,positive,13,0.11999147014550929,0.0004858570010414741,0.001214564134100053,0.630750168131001,0.9986201705970899,7972,1.3603066066247191e-05
1000,sign_bias,highest activity,positive,14,0.12996422681720157,0.0005162207752902915,0.0011937142120911628,0.6290997327404786,0.9987314474184955,7883,1.3444807895107586e-05
1000,sign_bias,highest activity,positive,15,0.13997738760308592,0.0005576209942996499,0.001300196243996666,0.6277276212099303,0.9988028731045491,7518,1.4995389345944888e-05
1000,sign_bias,highest activity,positive,16,0.149948406676783,0.0005789271432808142,0.0012637009635963448,0.6235525082262563,0.9975168988826045,7249,1.4842438796648047e-05
1000,sign_bias,highest activity,positive,17,0.16098679154658982,0.0006474209750699544,0.0012892740754577752,0.6222638344396269,0.9987992315081652,8328,1.412781150195296e-05
1000,sign_bias,highest activity,positive,18,0.17293438970042088,0.0006679313962307717,0.0012603113427069623,0.6196036343350035,0.9992572418915573,8078,1.4022515233301181e-05
1000,sign_bias,highest activity,positive,19,0.18488342073416703,0.0007019489820557887,0.0012307377468848786,0.6160996279323562,0.9989242974317601,7437,1.4271401681603674e-05
1000,sign_bias,highest activity,positive,20,0.19796385688295937,0.000758605193999876,0.0012777237905658388,0.6120285233687296,0.9989084293511219,8245,1.4071540702044061e-05
1000,sign_bias,highest activity,positive,21,0.21197129928894634,0.0007984158568708863,0.0011874410733226312,0.6099905982258923,0.999224305106658,7735,1.3501496494008062e-05
1000,sign_bias,highest activity,positive,22,0.22689582806573957,0.0008358451839495335,0.001233101604498621,0.6046324453404099,0.9993678887484198,7910,1.3864704604025983e-05
1000,sign_bias,highest activity,positive,23,0.24287177316969952,0.00086987202892907,0.0011747189426054084,0.599266497418564,0.9991536182818451,7089,1.3952161147774359e-05
1000,sign_bias,highest activity,positive,24,0.2608175434273747,0.0009055090685710912,0.0011256711978512941,0.5945138189809867,0.9991376124183812,8117,1.2494353267742625e-05
1000,sign_bias,highest activity,positive,25,0.28268207663782446,0.000989829965712069,0.0011801023211079707,0.5870774359031466,0.9986402966625464,8090,1.3120349494710114e-05
1000,sign_bias,highest activity,positive,26,0.3084954682779456,0.0010549795783385172,0.001187401968719995,0.5764084063046364,0.998555103113096,7613,1.3608800569908654e-05
1000,sign_bias,highest activity,positive,27,0.33993981603153745,0.0011222418569388655,0.0011891344493133525,0.5637169363844791,0.9986859395532195,7610,1.3631342577518652e-05
1000,sign_bias,highest activity,positive,28,0.385867293758739,0.001204842993521623,0.0012485567450432607,0.5427429463275402,0.9984746409050465,7867,1.4076792538247791e-05
1000,sign_bias,highest activity,positive,29,0.49935223300970877,0.0013280754726832946,0.0013096173745562156,0.47818200077099754,0.9962459546925566,7725,1.4900305888302622e-05
1000,trade_imbalance,highest activity,negative,29,-0.7570075514556345,-0.0019813826777909885,0.0014023934687213753,0.5660312345915962,0.9971594577146546,7745,1.5935260572623655e-05
1000,trade_imbalance,highest activity,negative,28,-0.6492432388537902,-0.0016287519836830895,0.0011972358357044573,0.5925570456820457,0.9987086776859504,7744,1.3604952678459741e-05
1000,trade_imbalance,highest activity,negative,27,-0.5915926901490891,-0.0014481725044711913,0.0010750443002678486,0.599371194541649,0.9993543388429752,7744,1.2216412503043735e-05
1000,trade_imbalance,highest activity,negative,26,-0.5478499684156191,-0.0013448181536309903,0.001123387640985427,0.6012551808006353,0.9992252066115702,7744,1.2765768647561672e-05
1000,trade_imbalance,highest activity,negative,25,-0.511636423904369,-0.0012404605035334533,0.0010938539181851315,0.6023757779729374,0.9993544222078761,7745,1.242935567188423e-05
1000,trade_imbalance,highest activity,negative,24,-0.4799269578728345,-0.0011840272890310643,0.0010630782912522724,0.6045234283870647,0.9994834710743802,7744,1.2080435127866731e-05
1000,trade_imbalance,highest activity,negative,23,-0.4512211727704932,-0.001100869739271031,0.001003456954661462,0.6058239282671101,0.9993543388429752,7744,1.1402919939334796e-05
1000,trade_imbalance,highest activity,negative,22,-0.4249743656531418,-0.0010761615635658537,0.0009840598397456636,0.6084830956990047,0.9993543388429752,7744,1.1182498178927997e-05
1000,trade_imbalance,highest activity,negative,21,-0.4001390680679347,-0.0010237259633493379,0.0010098954756222573,0.6101949593234293,0.9990961910910264,7745,1.147534405577846e-05
1000,trade_imbalance,highest activity,negative,20,-0.3768590999423402,-0.0009511040131253993,0.001076438384608131,0.6114280602916966,0.9992252066115702,7744,1.2232254370546944e-05
1000,trade_imbalance,highest activity,negative,19,-0.3545144958152915,-0.0009092911420011789,0.0009837627635427696,0.6125706026274208,0.9990960743801653,7744,1.1179122312986017e-05
1000,trade_imbalance,highest activity,negative,18,-0.3326126591895474,-0.0008639399235409701,0.0009738462552083589,0.6112301609460701,0.9989669421487604,7744,1.1066434718276805e-05
1000,trade_imbalance,highest activity,negative,17,-0.3115281313883455,-0.0008129046974299582,0.0010084756634136957,0.6146473135498313,0.9992253066494513,7745,1.1459210867759372e-05
1000,trade_imbalance,highest activity,negative,16,-0.29113037829762833,-0.0007941385406552191,0.0009626757991939162,0.6147746403428221,0.9987086776859504,7744,1.0939497718112684e-05
1000,trade_imbalance,highest activity,negative,15,-0.27118623200108194,-0.0007102350059834467,0.0009998143522036483,0.6148456049024231,0.9981921487603306,7744,1.1361526729586912e-05
1000,trade_imbalance,highest activity,negative,14,-0.25174733773575064,-0.000695393697459174,0.001054791729002969,0.6178835085085085,0.9989669421487604,7744,1.198626964776101e-05
1000,trade_imbalance,highest activity,negative,13,-0.23295638178152503,-0.0006377928188334498,0.0009654610827545266,0.6179966123147941,0.9981921487603306,7744,1.0971148667665075e-05
1000,trade_imbalance,highest activity,negative,12,-0.21434357683662558,-0.0005719946810468873,0.000942295995851431,0.6182842623126678,0.9988379599741769,7745,1.0707217742623234e-05
1000,trade_imbalance,highest activity,negative,11,-0.19588772224435183,-0.0005527783822670117,0.0010093518591722892,0.6204410764069855,0.9979338842975206,7744,1.1469907490594196e-05
1000,trade_imbalance,highest activity,negative,10,-0.17799590193147746,-0.0004983653686978906,0.000968930684310813,0.6188730052366416,0.9981921487603306,7744,1.101057595807742e-05
1000,trade_imbalance,highest activity,negative,9,-0.16019086239487723,-0.0004561987114160802,0.0011753494388907469,0.6209577345940982,0.9989669421487604,7744,1.3356243623758488e-05
1000,trade_imbalance,highest activity,negative,8,-0.14256303512149165,-0.0004019212209353298,0.0010630364477415724,0.6197863454157838,0.9983214977404777,7745,1.2079179752885559e-05
1000,trade_imbalance,highest activity,negative,7,-0.12531595043283758,-0.0003632025849727857,0.0010231318272248381,0.6213787392764665,0.9981921487603306,7744,1.1626498036645889e-05
1000,trade_imbalance,highest activity,negative,6,-0.10829758649787373,-0.0003056288423708121,0.0010117062295410722,0.6220032015486562,0.9981921487603306,7744,1.1496661699330365e-05
1000,trade_imbalance,highest activity,negative,5,-0.09114758347907644,-0.000252793674307025,0.0009616911143651241,0.6212278911142548,0.9980630165289256,7744,1.0928308117785502e-05
1000,trade_imbalance,highest activity,negative,4,-0.07421767012418386,-0.0002200096377923786,0.000998327190955171,0.623330754899509,0.996901226597805,7745,1.1343894762366973e-05
1000,trade_imbalance,highest activity,negative,3,-0.0575452550744803,-0.00015272252475641797,0.0010313641998921643,0.6229832621878076,0.9992252066115702,7744,1.1720047726047321e-05
1000,trade_imbalance,highest activity,negative,2,-0.04100678353267208,-0.00011226882241879277,0.0009872686934542774,0.6228655049677777,0.9984504132231405,7744,1.1218962425616788e-05
1000,trade_imbalance,highest activity,negative,1,-0.024622901583006115,-9.822227417510228e-05,0.001015649067626622,0.6242721285334922,0.9983212809917356,7744,1.154146667757525e-05
1000,trade_imbalance,highest activity,negative,0,-0.008226237875791626,-6.549717147768974e-06,0.0009557988633507352,0.6242553722218022,0.9979341510652033,7745,1.086064951257807e-05
1000,trade_imbalance,highest activity,positive,0,0.008452990981523339,1.6445270227635647e-05,0.0009794904996761834,0.6231438599725045,0.9983375959079284,7820,1.1076354616029512e-05
1000,trade_imbalance,highest activity,positive,1,0.025118162339429158,8.90434988516496e-05,0.0009560045628168272,0.6231054583995761,0.9982097186700767,7820,1.0810769023081026e-05
1000,trade_imbalance,highest activity,positive,2,0.04198909589219009,0.00010721455984369128,0.0009660239151321115,0.6235594929968332,0.9980818414322251,7820,1.0924070682774218e-05
1000,trade_imbalance,highest activity,positive,3,0.0587334908622408,0.0001652875587989474,0.0010177718565620557,0.6239592533710181,0.99846547314578,7820,1.150925098836889e-05
1000,trade_imbalance,highest activity,positive,4,0.07561101435705805,0.00020856884145333232,0.0009488399770585875,0.6243194601250868,0.9971867007672635,7820,1.0729749868161756e-05
1000,trade_imbalance,highest activity,positive,5,0.09254193808856577,0.0002561565437941817,0.0009607472843730347,0.6221885568432882,0.9983375959079284,7820,1.0864401055059906e-05
1000,trade_imbalance,highest activity,positive,6,0.10949476244303906,0.00029153833389215935,0.001002171820084169,0.6215859081587982,0.9985933503836317,7820,1.1332841379384226e-05
1000,trade_imbalance,highest activity,positive,7,0.12670850512409976,0.00036042534114639503,0.0009858190429649,0.6217717717717718,0.99846547314578,7820,1.114791956708508e-05
1000,trade_imbalance,highest activity,positive,8,0.14396888450958428,0.00039269938564179355,0.0009446379092474377,0.6199032792383176,0.9979539641943734,7820,1.0682231701102163e-05
1000,trade_imbalance,highest activity,positive,9,0.1610391776901665,0.00045270901925881197,0.0009744983512848584,0.620945369922352,0.9991048593350383,7820,1.1019901995104207e-05
1000,trade_imbalance,highest activity,positive,10,0.17902983005955478,0.0004911563183010217,0.0010149756892043626,0.6203869811748057,0.9987210640746899,7819,1.147836507413049e-05
1000,trade_imbalance,highest activity,positive,11,0.1970683959164879,0.000546733028480512,0.0009746910310198605,0.6187550722077577,0.9985933503836317,7820,1.1022080871849731e-05
1000,trade_imbalance,highest activity,positive,12,0.21518231371514154,0.0005712359794657983,0.0009806103908712883,0.6190186350032898,0.9983375959079284,7820,1.1089018661277988e-05
1000,trade_imbalance,highest activity,positive,13,0.2335649812280826,0.0006640526081906715,0.0009875194060949154,0.617853019259669,0.9987212276214834,7820,1.1167147752565487e-05
1000,trade_imbalance,highest activity,positive,14,0.25242563984126637,0.0007006028619949772,0.0009716339772618581,0.6170076726342711,0.9987212276214834,7820,1.0987510846397627e-05
1000,trade_imbalance,highest activity,positive,15,0.2714717244167604,0.0007469973860918258,0.000983369240165059,0.6177300062210548,0.99846547314578,7820,1.112021650660685e-05
1000,trade_imbalance,highest activity,positive,16,0.29143643430054306,0.0007775177583766123,0.0009772713252906057,0.6150896420717392,0.9989769820971867,7820,1.1051259566656808e-05
1000,trade_imbalance,highest activity,positive,17,0.31161424519738695,0.0008149577355235539,0.0009840532030181727,0.613822262159858,0.99923273657289,7820,1.1127950951308235e-05
1000,trade_imbalance,highest activity,positive,18,0.3324697743626304,0.0008990158778830979,0.0009964112433290628,0.6137797644191506,0.9989769820971867,7820,1.1267699153958348e-05
1000,trade_imbalance,highest activity,positive,19,0.35373946978270954,0.0009149627257343519,0.0010473791766922999,0.6129543866116757,0.9979539641943734,7820,1.1844058908508299e-05
1000,trade_imbalance,highest activity,positive,20,0.37579392885832413,0.000994010231173838,0.0010756892845835532,0.6116884245800988,0.999744212814938,7819,1.2164975423656876e-05
1000,trade_imbalance,highest activity,positive,21,0.3994824288219382,0.0010581974043780988,0.001131883417130681,0.6103245188922939,0.9989769820971867,7820,1.279965667486047e-05
1000,trade_imbalance,highest activity,positive,22,0.4243138048598789,0.0011045608799514594,0.0009949945605688053,0.6091240857225513,0.9991048593350383,7820,1.1251678906047605e-05
1000,trade_imbalance,highest activity,positive,23,0.4509250151422303,0.0011706171295161653,0.0010415803410306235,0.6092543950600217,0.99923273657289,7820,1.1778484040584578e-05
1000,trade_imbalance,highest activity,positive,24,0.47931888724218735,0.001212819516536862,0.0011316576955821096,0.6070667854555323,0.9989769820971867,7820,1.2797104151975067e-05
1000,trade_imbalance,highest activity,positive,25,0.5102886991624479,0.0013244787559069185,0.0012026774691635182,0.6066832817472203,0.9994884910485934,7820,1.3600215766837965e-05
1000,trade_imbalance,highest activity,positive,26,0.5460408691284461,0.0013879907226883952,0.001137045296460637,0.6043955720426308,0.9994884910485934,7820,1.285802866107437e-05
1000,trade_imbalance,highest activity,positive,27,0.5887310765634254,0.0015011997454573494,0.0012188525955845807,0.59993382128932,0.99923273657289,7820,1.3783128654975242e-05
1000,trade_imbalance,highest activity,positive,28,0.6448853003309086,0.00168936093282863,0.0013656178981479063,0.5963148570565451,0.9993606138107417,7820,1.5442792058609773e-05
1000,trade_imbalance,highest activity,positive,29,0.7516222770296603,0.002099829932778504,0.0015940593589711721,0.5739508050249739,0.9983375959079284,7820,1.8026072478296144e-05
4000,sign_bias,lowest activity,negative,29,-0.4136930797675647,-0.000668182879828998,0.0007466828741009767,0.3890454916951636,0.9984152139461173,1893,1.7161722824629247e-05
4000,sign_bias,lowest activity,negative,28,-0.3123558963511369,-0.0007681913887875927,0.0008658370071085588,0.44318059948620153,0.997355896351137,1891,1.9910876555894388e-05
4000,sign_bias,lowest activity,negative,27,-0.26927948851774536,-0.0007264707624793186,0.0009350335292732267,0.4602689033427459,0.9984342379958246,1916,2.1361386212295022e-05
4000,sign_bias,lowest activity,negative,26,-0.2397287066246057,-0.0007484121861354486,0.0009351633007764151,0.47238215968292807,0.9989484752891693,1902,2.1442834759498442e-05
4000,sign_bias,lowest activity,negative,25,-0.21733245521601688,-0.0007098009791880205,0.0009745940286521527,0.4805725930955868,0.9989462592202318,1898,2.2370497476989278e-05
4000,sign_bias,lowest activity,negative,24,-0.19897529224229543,-0.0007038158767155791,0.0009868936036322791,0.48845340984555385,0.9994686503719448,1882,2.2748906443223662e-05
4000,sign_bias,lowest activity,negative,23,-0.183260939167556,-0.0006742035101452287,0.001029211915125297,0.49412526557466474,0.9983991462113126,1874,2.3774971888091744e-05
4000,sign_bias,lowest activity,negative,22,-0.1691368613138686,-0.0006439145919506922,0.0010231664419434992,0.5003664889110703,0.9994786235662148,1918,2.3362643727969246e-05
4000,sign_bias,lowest activity,negative,21,-0.1566167192429022,-0.0006378934026945255,0.001002371582033027,0.5019544844150049,0.998422712933754,1902,2.298388760904774e-05
4000,sign_bias,lowest activity,negative,20,-0.14544217687074829,-0.0005962667665637963,0.001018821151649839,0.504703098851636,0.998953427524856,1911,2.330599286732306e-05
4000,sign_bias,lowest activity,negative,19,-0.1351165858912224,-0.0005498383118740848,0.0010747853272740403,0.5079790410715226,0.9994614970382337,1857,2.4941109957767576e-05
4000,sign_bias,lowest activity,negative,18,-0.12547832738398776,-0.0005702946068986174,0.0010809363809095324,0.5103675204879752,0.9994900560938297,1961,2.4409637912843008e-05
4000,sign_bias,lowest activity,negative,17,-0.11651738185768604,-0.0005378037421657556,0.00105070793122064,0.5133757638214551,0.9983704508419338,1841,2.448810147646727e-05
4000,sign_bias,lowest activity,negative,16,-0.10797532808398949,-0.000483365366581301,0.001073759778416702,0.5174976158737847,0.9994750656167979,1905,2.4601389775153373e-05
4000,sign_bias,lowest activity,negative,15,-0.09972278279341476,-0.000473915156944507,0.0010467581831810624,0.515896764950664,0.9989378651088688,1883,2.4122438326834356e-05
4000,sign_bias,lowest activity,negative,14,-0.09188750661725781,-0.0004572692252352922,0.0010773607070433875,0.5191356070886435,0.9984118581259925,1889,2.478820922560781e-05
4000,sign_bias,lowest activity,negative,13,-0.0844768,-0.00043073239280651103,0.00110903506425177,0.5220238392931567,1.0,1875,2.5612067715459736e-05
4000,sign_bias,lowest activity,negative,12,-0.07717901554404145,-0.00039561792745133244,0.0010919307736631323,0.5207481922294045,0.9989637305699481,1930,2.485515359736246e-05
4000,sign_bias,lowest activity,negative,11,-0.07048818277310924,-0.00037410150498387763,0.0011069750461062163,0.522148000235353,0.9984243697478992,1904,2.5369059025332586e-05
4000,sign_bias,lowest activity,negative,10,-0.06401511063140852,-0.00030666522432620254,0.00110867650863998,0.5238491220214659,0.9989206691851052,1853,2.5755331010311124e-05
4000,sign_bias,lowest activity,negative,9,-0.057455020920502094,-0.00027301634311504967,0.0011045495557755187,0.5280973747621006,0.9984309623430963,1912,2.5260460374849027e-05
4000,sign_bias,lowest activity,negative,8,-0.051012314007183174,-0.00027054626280849,0.0010954651559038056,0.5264340713192665,1.0,1949,2.4813764074233755e-05
4000,sign_bias,lowest activity,negative,7,-0.044662147505422994,-0.00022246297941459195,0.001061088759552024,0.5267503155615367,0.9983731019522777,1844,2.4709915234007366e-05
4000,sign_bias,lowest activity,negative,6,-0.03841166077738516,-0.0002282301118156592,0.0011501408016185671,0.5254772804761008,0.9994952044422009,1981,2.5840967668985638e-05
4000,sign_bias,lowest activity,negative,5,-0.03246019900497513,-0.00017702819995747142,0.0011308729597475325,0.5293497227264251,0.9988944168048646,1809,2.6588542808365307e-05
4000,sign_bias,lowest activity,negative,4,-0.0267044140830268,-0.00018465531487033365,0.001111735751709495,0.527855032596825,0.999474513925381,1903,2.548485564767032e-05
4000,sign_bias,lowest activity,negative,3,-0.02078701825557809,-0.00012084247051206973,0.0011044022099622847,0.5256270964292796,0.9989858012170385,1972,2.4869886983759676e-05
4000,sign_bias,lowest activity,negative,2,-0.014982113373692901,-0.00013260197829405884,0.0010982329231208092,0.5288957076913697,0.9988992845349477,1817,2.576421978535948e-05
4000,sign_bias,lowest activity,negative,1,-0.009216284987277354,-6.795569212279177e-05,0.0010850411630217525,0.5265807546034091,1.0,1965,2.4477380381835123e-05
4000,sign_bias,lowest activity,negative,0,-0.003214646464646465,-4.391269427394652e-05,0.0011276008779110103,0.5255781116996421,1.0,1980,2.5340945226701138e-05
4000,sign_bias,lowest activity,positive,0,0.003309790550414028,-3.2241408090854985e-05,0.0011221755294375407,0.5262049803731985,0.9980516317584024,2053,2.4766595973550925e-05
4000,sign_bias,lowest activity,positive,1,0.009284819639278557,7.490132153751397e-05,0.0010991644735966497,0.5294482438244832,0.998997995991984,1996,2.460267980761307e-05
4000,sign_bias,lowest activity,positive,2,0.015227596741344196,5.122868245461802e-05,0.0010591171275307057,0.5282710698041109,0.9989816700610998,1964,2.3898643429157624e-05
4000,sign_bias,lowest activity,positive,3,0.021257235528942115,5.0645757874824916e-05,0.0011343979845297636,0.5283353023884713,0.999001996007984,2004,2.5340582144964695e-05
4000,sign_bias,lowest activity,positive,4,0.027278403275332652,0.00011501370330150836,0.0011250937786261726,0.5284614398225964,0.9994882292732856,1954,2.5452265421744587e-05
4000,sign_bias,lowest activity,positive,5,0.033218000000000004,9.225796867482797e-05,0.001110650731554401,0.5279003500875219,0.9995,2000,2.483490535015511e-05
4000,sign_bias,lowest activity,positive,6,0.0393017063081696,0.0001265101925450372,0.0011050918354491039,0.5271908721751275,1.0,1934,2.512870659068054e-05
4000,sign_bias,lowest activity,positive,7,0.04546112469437653,0.00021290966295077664,0.0011171267114520873,0.5279328389554602,0.9985330073349633,2045,2.4703345936523212e-05
4000,sign_bias,lowest activity,positive,8,0.05191994032819493,0.00023353921099393774,0.001122740198157189,0.526398009248707,0.9985082048731975,2011,2.5036478136369756e-05
4000,sign_bias,lowest activity,positive,9,0.0584863301787592,0.0002902284613496791,0.0011335615481234231,0.5284841189266822,1.0,1902,2.599200903836925e-05
4000,sign_bias,lowest activity,positive,10,0.0652292899408284,0.00033440982970871675,0.0010808546275354219,0.5270999702588369,0.9980276134122288,2028,2.4001219621631868e-05
4000,sign_bias,lowest activity,positive,11,0.07218428781204111,0.00030795178602287916,0.0011119958006272476,0.5237114467065126,0.9985315712187959,2043,2.4601917842585966e-05
4000,sign_bias,lowest activity,positive,12,0.07918313502327988,0.00038509687843889663,0.0010796380359630502,0.523775020320005,0.9984480082772892,1933,2.455626149545756e-05
4000,sign_bias,lowest activity,positive,13,0.08646603128054742,0.00042228921809275133,0.0010865622182563912,0.5230053847772794,1.0,2046,2.4021591930124124e-05
4000,sign_bias,lowest activity,positive,14,0.09387559429477021,0.0004000948605677635,0.0010784119146630125,0.5198703267998721,0.9984152139461173,1893,2.478616694203371e-05
4000,sign_bias,lowest activity,positive,15,0.10166823587710605,0.00046217983601339177,0.0011375380284447622,0.520770182634856,0.9990089197224975,2018,2.5322427902652482e-05
4000,sign_bias,lowest activity,positive,16,0.10980368257261411,0.0005078118763181156,0.0010968489644477735,0.5202478005393465,0.9994813278008299,1928,2.4980050658838328e-05
4000,sign_bias,lowest activity,positive,17,0.1179085,0.0004949926310292644,0.001087179613569758,0.5181135283820956,0.9995,2000,2.4310075196939312e-05
4000,sign_bias,lowest activity,positive,18,0.12697437848807713,0.0005350585848866663,0.0010551715626085695,0.517586524992486,0.9984779299847792,1971,2.3767295515960126e-05
4000,sign_bias,lowest activity,positive,19,0.13657001484413658,0.0006046733675171846,0.0010846737349907809,0.512071733915666,0.9985155863433943,2021,2.4127702386544432e-05
4000,sign_bias,lowest activity,positive,20,0.14691847265221877,0.0006249844994402285,0.001074502016288344,0.5080434195236115,0.999484004127967,1938,2.440789624012669e-05
4000,sign_bias,lowest activity,positive,21,0.15827664342629483,0.0006673581022987302,0.0011046741662438233,0.5072271553944263,0.9995019920318725,2008,2.4652010471806047e-05
4000,sign_bias,lowest activity,positive,22,0.17061386639676113,0.0007257701303562998,0.0011014429927306186,0.5053021858703542,0.9984817813765182,1976,2.477813154276769e-05
4000,sign_bias,lowest activity,positive,23,0.18447235932872655,0.0007013246014740171,0.0010569480674380727,0.4992090816386229,0.9995064165844028,2026,2.348193753831538e-05
4000,sign_bias,lowest activity,positive,24,0.20023816872427985,0.0007250491919476669,0.001052516077119437,0.4947574342145207,0.9989711934156379,1944,2.3871549398318976e-05
4000,sign_bias,lowest activity,positive,25,0.21868521341463415,0.000751093679457372,0.0010558719198352428,0.4856032351583831,0.9984756097560976,1968,2.380119120533609e-05
4000,sign_bias,lowest activity,positive,26,0.24183651431441489,0.0007837731022755796,0.00100595626602496,0.47613121261229424,0.9989954796584631,1991,2.254464858645908e-05
4000,sign_bias,lowest activity,positive,27,0.27148964123294594,0.0007602321114569649,0.0009785177551429197,0.4633291976354372,0.9994946942900454,1979,2.1996106471693283e-05
4000,sign_bias,lowest activity,positive,28,0.31629537456008044,0.0007303663311279202,0.0008978059846622039,0.4410427644618545,0.9969834087481146,1989,2.013098867231117e-05
4000,sign_bias,lowest activity,positive,29,0.4177400302877335,0.0006845084467593912,0.0007533332318605114,0.391430265441171,0.9974760222110045,1981,1.6925631767071185e-05
4000,trade_imbalance,lowest activity,negative,29,-0.4625827146727916,-0.001601908055957524,0.0009487043194685928,0.47970954067222804,1.0,2017,2.1124086093280677e-05
4000,trade_imbalance,lowest activity,negative,28,-0.3742949783088735,-0.0014076132001313974,0.0008880051891963932,0.4911960513678246,1.0,2017,1.9772544177275252e-05
4000,trade_imbalance,lowest activity,negative,27,-0.33453419317860505,-0.001294671008564297,0.0008628014217368495,0.49331780143846077,1.0,2017,1.9211350828868607e-05
4000,trade_imbalance,lowest activity,negative,26,-0.30496354342859294,-0.0011962611363314757,0.0008700213914140593,0.4962101953351501,1.0,2017,1.937211246758201e-05
4000,trade_imbalance,lowest activity,negative,25,-0.2812216967035449,-0.0011129494887138762,0.0008551603839949565,0.5019257046404458,0.9995039682539683,2016,1.9045935521733148e-05
4000,trade_imbalance,lowest activity,negative,24,-0.2610731166860995,-0.001089214363175656,0.0008395958812754925,0.4998200467320598,0.999008428358949,2017,1.8694650499285e-05
4000,trade_imbalance,lowest activity,negative,23,-0.24319949013018918,-0.0009805743812672067,0.0008397957854978002,0.5021850405586027,0.9985126425384234,2017,1.86991016163673e-05
4000,trade_imbalance,lowest activity,negative,22,-0.2276426426572121,-0.0009431354562481373,0.0008722645874209421,0.5033324518536675,0.9995042141794744,2017,1.9422060027217912e-05
4000,trade_imbalance,lowest activity,negative,21,-0.21286395748510376,-0.0008922329913145484,0.000878055911056466,0.5060322620337624,1.0,2016,1.9555859438124697e-05
4000,trade_imbalance,lowest activity,negative,20,-0.19899751484050068,-0.0008711511158826016,0.0008386688586694253,0.5059306472627081,0.999008428358949,2017,1.8674009183609373e-05
4000,trade_imbalance,lowest activity,negative,19,-0.18601765179477428,-0.0007904550971585305,0.0008408636255800038,0.5063945708787138,0.9980168567178979,2017,1.8722878408954225e-05
4000,trade_imbalance,lowest activity,negative,18,-0.17381669725603036,-0.00075005726750171,0.0008301775000650548,0.5078438672632958,0.9985126425384234,2017,1.8484938483153286e-05
4000,trade_imbalance,lowest activity,negative,17,-0.16257537686294404,-0.0007096826012361833,0.0008502986107252991,0.5072054223873429,0.998015873015873,2016,1.8937655224904378e-05
4000,trade_imbalance,lowest activity,negative,16,-0.15175117564231747,-0.0006406146512642102,0.0008770292194959185,0.5110231449781136,0.9975210708973723,2017,1.952815050882443e-05
4000,trade_imbalance,lowest activity,negative,15,-0.14103426820987686,-0.0006226974315056557,0.0008491614945929002,0.5090882289238645,0.9975210708973723,2017,1.890764082209194e-05
4000,trade_imbalance,lowest activity,negative,14,-0.13082416043409795,-0.0005601197749479776,0.0008842465146482103,0.5125181890415589,0.999008428358949,2017,1.9688852595901498e-05
4000,trade_imbalance,lowest activity,negative,13,-0.12102590852887006,-0.0005084296046190626,0.0008219931905125777,0.5117254772294958,0.999008428358949,2017,1.8302704613176364e-05
4000,trade_imbalance,lowest activity,negative,12,-0.1113465296481816,-0.0005080820793875629,0.0008421877409552006,0.5103892540595466,0.9990079365079365,2016,1.8757011797592173e-05
4000,trade_imbalance,lowest activity,negative,11,-0.10183167275988096,-0.0004932664463074819,0.000823075061678508,0.5119359909387362,0.9970252850768468,2017,1.8326793825359725e-05
4000,trade_imbalance,lowest activity,negative,10,-0.09236039144398117,-0.0004181076930595079,0.0008417767221400369,0.5106293925985215,0.9980168567178979,2017,1.8743209643828776e-05
4000,trade_imbalance,lowest activity,negative,9,-0.082739160836101,-0.00034393470539890536,0.0008895173876074606,0.5148276409707286,0.9980168567178979,2017,1.9806215162818358e-05
4000,trade_imbalance,lowest activity,negative,8,-0.07370478818539264,-0.00032240555361441446,0.0008257544367586586,0.513397322544922,0.9975198412698413,2016,1.83910130235678e-05
4000,trade_imbalance,lowest activity,negative,7,-0.06474501666319311,-0.000278041948923594,0.0009058306504301355,0.5119109474939384,1.0,2017,2.01694503260371e-05
4000,trade_imbalance,lowest activity,negative,6,-0.05592160593867952,-0.0002391410548588127,0.000826933446910967,0.514142789539725,0.999008428358949,2017,1.8412705589603783e-05
4000,trade_imbalance,lowest activity,negative,5,-0.04728928625862473,-0.00018632099166522532,0.0008767429299485091,0.5152474286147144,0.9975210708973723,2017,1.9521775914630037e-05
4000,trade_imbalance,lowest activity,negative,4,-0.03849379830901512,-0.00015811620561065174,0.0008671338837200616,0.5142709288433219,0.9985119047619048,2016,1.9312606555613954e-05
4000,trade_imbalance,lowest activity,negative,3,-0.029876179321807268,-9.382757515980475e-05,0.0008402980570128745,0.512654564236002,0.9985126425384234,2017,1.8710285318716812e-05
4000,trade_imbalance,lowest activity,negative,2,-0.02110147742860217,-6.032939828488395e-05,0.0008605322521748455,0.5160567534050096,0.9985126425384234,2017,1.9160824935600962e-05
4000,trade_imbalance,lowest activity,negative,1,-0.012662030555263359,-6.027092031985289e-05,0.0008564337126225353,0.5144635192015654,0.9985126425384234,2017,1.906956583560212e-05
4000,trade_imbalance,lowest activity,negative,0,-0.00432788718700608,4.20427540500757e-05,0.000845649459213105,0.515742222615644,0.999008428358949,2017,1.882944096972171e-05
4000,trade_imbalance,lowest activity,positive,0,0.004026237874126122,6.125081578501425e-05,0.0008649550419628306,0.5150430274235225,0.9994666666666666,1875,1.9975281052566573e-05
4000,trade_imbalance,lowest activity,positive,1,0.012162436903968456,0.00010570170553929787,0.0008758231040718276,0.5129225209183833,0.996264674493063,1874,2.023166402588138e-05
4000,trade_imbalance,lowest activity,positive,2,0.020308673112013273,0.00012249091348446667,0.0008356268771609594,0.5102122649125461,0.9983991462113126,1874,1.930312428516442e-05
4000,trade_imbalance,lowest activity,positive,3,0.02840576774755452,0.00014469625439153012,0.0008692454961450376,0.5147149914479687,0.9994663820704376,1874,2.0079720153825366e-05
4000,trade_imbalance,lowest activity,positive,4,0.03657836098280289,0.0001923874743416396,0.0008534287449409217,0.5136745519713262,1.0,1875,1.9709092625032224e-05
4000,trade_imbalance,lowest activity,positive,5,0.04479984221275666,0.00026477231845163234,0.0008421363520290811,0.514285588472892,0.9989327641408752,1874,1.9453494271871182e-05
4000,trade_imbalance,lowest activity,positive,6,0.053213558938555026,0.0003056216662827578,0.0008762049583258697,0.5144529195265731,0.9983991462113126,1874,2.0240484924689273e-05
4000,trade_imbalance,lowest activity,positive,7,0.0614949692564167,0.00033764756498665317,0.0008581468194746713,0.5154641114921207,0.9989327641408752,1874,1.98233388178195e-05
4000,trade_imbalance,lowest activity,positive,8,0.07018792482142656,0.000392162084519261,0.0008284026067185078,0.5134987746936734,0.9984,1875,1.9131138719452727e-05
4000,trade_imbalance,lowest activity,positive,9,0.07898689906151583,0.0004147286540830227,0.0008722728074260933,0.5142148664167109,0.9989327641408752,1874,2.014965156401006e-05
4000,trade_imbalance,lowest activity,positive,10,0.0879914987608951,0.00046333122073399514,0.0008737263991339921,0.5135184543200901,0.9994663820704376,1874,2.0183229781949608e-05
4000,trade_imbalance,lowest activity,positive,11,0.097408489784571,0.0005111755778408253,0.0008624177790604663,0.5109150820255758,0.9989327641408752,1874,1.992199871729714e-05
4000,trade_imbalance,lowest activity,positive,12,0.10669986971266653,0.0005389851983044084,0.0008500230334248362,0.5116607151787947,0.9984,1875,1.9630441086608458e-05
4000,trade_imbalance,lowest activity,positive,13,0.11602815593661155,0.000559358029764065,0.0009053974912339839,0.5148600383820608,0.9994663820704376,1874,2.0914837445324553e-05
4000,trade_imbalance,lowest activity,positive,14,0.12571688770682193,0.0005839976849932366,0.0008585704297401996,0.5093681371249963,0.9983991462113126,1874,1.9833124287659515e-05
4000,trade_imbalance,lowest activity,positive,15,0.13576689345368315,0.0006537008280551165,0.0008517852257882525,0.5099650045915961,0.9994663820704376,1874,1.9676384911791648e-05
4000,trade_imbalance,lowest activity,positive,16,0.14625142165102042,0.0007303993758929266,0.0008769135978717929,0.5090929882950994,0.9989327641408752,1874,2.0256854619827384e-05
4000,trade_imbalance,lowest activity,positive,17,0.15698831771149238,0.0007594628681092954,0.000882161244969621,0.5090273901808786,0.9994666666666666,1875,2.0372641290074643e-05
4000,trade_imbalance,lowest activity,positive,18,0.16863673280276495,0.0008232964880138769,0.0008724416240054156,0.5077474010978732,1.0,1874,2.0153551255967226e-05
4000,trade_imbalance,lowest activity,positive,19,0.18071271709695844,0.00088479699081045,0.000891588199425149,0.5065644746298634,0.9994663820704376,1874,2.0595840434383872e-05
4000,trade_imbalance,lowest activity,positive,20,0.19311978752547068,0.000908900019255444,0.0009191180783786781,0.5053638009288876,0.9989327641408752,1874,2.1231785363298768e-05
4000,trade_imbalance,lowest activity,positive,21,0.20679298676348343,0.0009116078177081754,0.0008781802905520424,0.5032762190547637,1.0,1875,2.028070508588982e-05
4000,trade_imbalance,lowest activity,positive,22,0.22138849293910512,0.0009651299866175894,0.0008288393216092501,0.5009313961361205,0.9994663820704376,1874,1.914633058693843e-05
4000,trade_imbalance,lowest activity,positive,23,0.2374234945223063,0.0010699969393167578,0.000842899572705548,0.5032277279565356,1.0,1874,1.947112480049288e-05
4000,trade_imbalance,lowest activity,positive,24,0.2551192346488648,0.0010793717095895362,0.0008400555511420224,0.49973832839213,0.9994663820704376,1874,1.9405427414242045e-05
4000,trade_imbalance,lowest activity,positive,25,0.275696696607914,0.001165784484350796,0.0008299796439602411,0.50016144036009,0.9984,1875,1.91675588344942e-05
4000,trade_imbalance,lowest activity,positive,26,0.2989780253128147,0.0012548255604742646,0.0008742153576403957,0.4963145802459153,0.9994663820704376,1874,2.0194524807369884e-05
4000,trade_imbalance,lowest activity,positive,27,0.32904005810218884,0.0013538139363458966,0.0008885769426848679,0.49375817807173245,1.0,1874,2.052627988684659e-05
4000,trade_imbalance,lowest activity,positive,28,0.3701620694391509,0.0014976175684896795,0.0009059802516248008,0.4912919798786409,1.0,1874,2.0928299310374452e-05
4000,trade_imbalance,lowest activity,positive,29,0.4585407245617149,0.0017050518188291384,0.0009915799640068262,0.4844071017754439,1.0,1875,2.289955836569522e-05
4000,sign_bias,highest activity,negative,29,-0.39102431289640593,-0.00209473862528018,0.0025042873413048177,0.5066279783476525,0.9984143763213531,1892,5.7573627315572974e-05
4000,sign_bias,highest activity,negative,28,-0.29160988433228185,-0.0020722342350523925,0.002407355932752881,0.5593131984363072,0.9994742376445847,1902,5.5199488079205576e-05
4000,sign_bias,highest activity,negative,27,-0.2527778941854374,-0.001980200124082151,0.0024617627082758075,0.5720588083112973,0.998952331063384,1909,5.6343422539051165e-05
4000,sign_bias,highest activity,negative,26,-0.2265268562401264,-0.0018675934238829807,0.002450279090900002,0.5813669057074695,0.9994734070563455,1899,5.622805638706304e-05
4000,sign_bias,highest activity,negative,25,-0.20657733050847457,-0.0018803536705263083,0.002290735351768976,0.5913312279341022,0.9994703389830508,1888,5.271982052902266e-05
4000,sign_bias,highest activity,negative,24,-0.1897865466101695,-0.0017428858096418499,0.002288027261584104,0.5947348860520214,1.0,1888,5.265749555184334e-05
4000,sign_bias,highest activity,negative,23,-0.17544195046439628,-0.0017335190566167102,0.0026492912212932114,0.6011612552260872,0.9989680082559339,1938,6.018008738836155e-05
4000,sign_bias,highest activity,negative,22,-0.16248030867482705,-0.0016329851627952606,0.0024065935852547373,0.603175008760173,0.9994678020223523,1879,5.5518709764324414e-05
4000,sign_bias,highest activity,negative,21,-0.1513897176345232,-0.0015129615185094443,0.002268148455038005,0.60716471073016,0.9994672349493873,1877,5.235273082844051e-05
4000,sign_bias,highest activity,negative,20,-0.14087454827052143,-0.0014915207096114704,0.0023094569081658412,0.6096813310193837,0.9989674754775426,1937,5.2474106556401506e-05
4000,sign_bias,highest activity,negative,19,-0.13120959332638166,-0.0013497118631015607,0.002486021999345113,0.6129573321380397,1.0,1918,5.676500312136013e-05
4000,sign_bias,highest activity,negative,18,-0.12233621593291404,-0.0012885116977929085,0.0022478924157213667,0.6130829090920529,0.9989517819706499,1908,5.146196165324464e-05
4000,sign_bias,highest activity,negative,17,-0.11424180327868852,-0.0012658991562306196,0.002456127912001599,0.6141221097624132,1.0,1830,5.741500879591162e-05
4000,sign_bias,highest activity,negative,16,-0.1060925831202046,-0.0011961169290820067,0.002450892017572806,0.619581621748148,0.9994884910485934,1955,5.5430755318621534e-05
4000,sign_bias,highest activity,negative,15,-0.09854323607427057,-0.0012025241538944362,0.002381679075750254,0.620451929958617,0.9989389920424403,1885,5.485643292587454e-05
4000,sign_bias,highest activity,negative,14,-0.09097183098591549,-0.0010527447198254206,0.0023689157626890466,0.6213105087136975,1.0,1988,5.3130197180823184e-05
4000,sign_bias,highest activity,negative,13,-0.08400308468872687,-0.0009868971845934538,0.002500636410608007,0.6212500965959381,0.9988782950084127,1783,5.9220883041836734e-05
4000,sign_bias,highest activity,negative,12,-0.0773143148242486,-0.0010785721920540227,0.002473293488343974,0.6255815099979783,0.999490575649516,1963,5.582329974517345e-05
4000,sign_bias,highest activity,negative,11,-0.07048857598299682,-0.0008638448643858565,0.0024289841141750396,0.6268840058048518,1.0,1882,5.59905669284623e-05
4000,sign_bias,highest activity,negative,10,-0.06377521761392729,-0.0007799953276501843,0.002533125973163528,0.6271964816600976,0.9989759344598055,1953,5.7319931970330287e-05
4000,sign_bias,highest activity,negative,9,-0.056913157894736846,-0.000611750643133695,0.0024411050109680345,0.6256794461773337,1.0,1900,5.600278975463373e-05
4000,sign_bias,highest activity,negative,8,-0.05076331685886875,-0.0006951030771941535,0.002580637427138209,0.6296744422239552,0.99945085118067,1821,6.0474462731754854e-05
4000,sign_bias,highest activity,negative,7,-0.04474974411463664,-0.0007332737129662826,0.002904724700609495,0.6276172420791994,1.0,1954,6.571169929255762e-05
4000,sign_bias,highest activity,negative,6,-0.03879405684754522,-0.0005385086484786016,0.002576149643954772,0.6281971009548253,0.9989664082687338,1935,5.856398249353434e-05
4000,sign_bias,highest activity,negative,5,-0.03276613756613757,-0.0004639858558858587,0.0024439123492073197,0.6295515677861264,1.0,1890,5.621532474131453e-05
4000,sign_bias,highest activity,negative,4,-0.02700277315585136,-0.00030467674347641686,0.0025407269115681063,0.6301255014252731,1.0,1803,5.9835665314980035e-05
4000,sign_bias,highest activity,negative,3,-0.02131924273858921,-0.0003550303298017227,0.0025278664621069154,0.630834575863883,1.0,1928,5.75705811182501e-05
4000,sign_bias,highest activity,negative,2,-0.015310894141829394,-0.00026099963156554437,0.0027685759086943603,0.6319771104132662,0.9994861253854059,1946,6.276030095737618e-05
4000,sign_bias,highest activity,negative,1,-0.009245672097759674,-0.00020980422449878917,0.0026312386520442443,0.6338394680136429,0.9994908350305499,1964,5.93730690285713e-05
4000,sign_bias,highest activity,negative,0,-0.003307299642674834,-5.78876145925923e-05,0.003110041758606689,0.6294341579269243,0.9989790709545686,1959,7.026661012426152e-05
4000,sign_bias,highest activity,positive,0,0.003253365384615385,-3.403192131141253e-05,0.00251365563404583,0.6325786975590051,0.9995192307692308,2080,5.511554579040476e-05
4000,sign_bias,highest activity,positive,1,0.009248754980079682,0.00010410775403647181,0.0023817938688168614,0.6315213016401511,0.999003984063745,2008,5.3152331420409923e-05
4000,sign_bias,highest activity,positive,2,0.01505268759978712,0.00022849004592306448,0.0024857072211620576,0.6314648113864549,0.9989356040447046,1879,5.734381518189496e-05
4000,sign_bias,highest activity,positive,3,0.020769366197183097,0.0002334909265843443,0.002691046607650393,0.6330426922626028,0.9994969818913481,1988,6.035496877480919e-05
4000,sign_bias,highest activity,positive,4,0.0267743871935968,0.0002806256586169313,0.0025764291275721667,0.6336621674177925,0.9994997498749375,1999,5.7625114764544735e-05
4000,sign_bias,highest activity,positive,5,0.03271796796796797,0.0004420373007534068,0.0025300627698890883,0.6329386400654218,1.0,1998,5.660223160275427e-05
4000,sign_bias,highest activity,positive,6,0.03902517106549365,0.0006136204529587836,0.0026820912151805454,0.6291428673395133,1.0,2046,5.9295362573738035e-05
4000,sign_bias,highest activity,positive,7,0.0451991502920871,0.0004697769926917784,0.0029229781864859587,0.6312492886896711,0.9994689325544344,1883,6.735974188414188e-05
4000,sign_bias,highest activity,positive,8,0.051462268993839835,0.0005534799131699297,0.002583434932316415,0.6295675561600872,1.0,1948,5.85333056418285e-05
4000,sign_bias,highest activity,positive,9,0.05798034825870647,0.0007442432627720478,0.0026716992637773815,0.6302724934965084,1.0,2010,5.959221691170786e-05
4000,sign_bias,highest activity,positive,10,0.06447439836149514,0.0007182995418151011,0.0025524759083202253,0.6293804633954188,0.9984639016897081,1953,5.775778503352676e-05
4000,sign_bias,highest activity,positive,11,0.07111895551257254,0.0007805693849691973,0.002599587740446809,0.6285217339151036,1.0,2068,5.716486905015142e-05
4000,sign_bias,highest activity,positive,12,0.07797981943706851,0.0009611396219928619,0.0025287072312774935,0.6276699286345749,1.0,1883,5.827380689562777e-05
4000,sign_bias,highest activity,positive,13,0.08494682975536695,0.0009406868567898379,0.0027480209464580178,0.6277229567002335,0.99900149775337,2003,6.140158246813859e-05
4000,sign_bias,highest activity,positive,14,0.09273596321393998,0.0010527058438529215,0.0024552466063023654,0.6255477228455226,0.9985479186834463,2066,5.401693783408663e-05
4000,sign_bias,highest activity,positive,15,0.10064223918575063,0.0011753512667967661,0.002820621789917556,0.6247196659215694,0.9994910941475827,1965,6.363024262861127e-05
4000,sign_bias,highest activity,positive,16,0.10870954568657477,0.0012319475511097461,0.0025766841504431793,0.6240466446371674,0.9994895354772844,1959,5.8216215300487846e-05
4000,sign_bias,highest activity,positive,17,0.11691379310344828,0.0013605808151150264,0.0024917091929992368,0.621136901872527,0.9994929006085193,1972,5.6110469054930865e-05
4000,sign_bias,highest activity,positive,18,0.12560291164658635,0.001411175123142414,0.00246149774978614,0.6221078361959969,0.9994979919678715,1992,5.51511758250052e-05
4000,sign_bias,highest activity,positive,19,0.13507067404426562,0.0014317362735855607,0.0027403394639545636,0.6158241019007267,1.0,1988,6.146051216993343e-05
4000,sign_bias,highest activity,positive,20,0.14468659793814434,0.0014382579306741396,0.0025981636797808667,0.61666022175647,0.9989690721649485,1940,5.898826769132075e-05
4000,sign_bias,highest activity,positive,21,0.15512983706720979,0.0016538715907668195,0.002687608878620722,0.6128820901763119,0.9994908350305499,1964,6.064504538506073e-05
4000,sign_bias,highest activity,positive,22,0.1666927374301676,0.0017513547644329491,0.002671747204952909,0.6085994581428497,0.9994921279837481,1969,6.021053770540366e-05
4000,sign_bias,highest activity,positive,23,0.17939053850025163,0.0017079808503998235,0.00239559986904864,0.605299034874471,0.9994967287367891,1987,5.374218840527199e-05
4000,sign_bias,highest activity,positive,24,0.19368386444107233,0.001794234263192281,0.00253252489279523,0.5997942328273014,0.9994941831057157,1977,5.695743040565932e-05
4000,sign_bias,highest activity,positive,25,0.209611337061515,0.0019950787949402286,0.0026078811000107447,0.594330712825639,1.0,1967,5.8801121175071796e-05
4000,sign_bias,highest activity,positive,26,0.22856369107321967,0.0019073777547973507,0.002517328804707991,0.5848621132213846,1.0,1994,5.637380751757296e-05
4000,sign_bias,highest activity,positive,27,0.2534206106870229,0.0020999471119811635,0.0024400351789836787,0.5771721556343283,0.9994910941475827,1965,5.5044611445626136e-05
4000,sign_bias,highest activity,positive,28,0.2895499235863474,0.002199973975156183,0.002514093558133076,0.5622377321278869,0.9989811512990321,1963,5.674417490058658e-05
4000,sign_bias,highest activity,positive,29,0.38006875631951464,0.0021753898013623166,0.0024110070116175244,0.5135911126416589,0.9994944388270981,1978,5.42107392663509e-05
4000,trade_imbalance,highest activity,negative,29,-0.5852620769189925,-0.004548510776244596,0.0030497422783100116,0.6005027653633039,1.0,1951,6.904536116619821e-05
4000,trade_imbalance,highest activity,negative,28,-0.4779361461746957,-0.003571521380702848,0.0023963972925107263,0.6033772545700528,1.0,1950,5.4267712379923694e-05
4000,trade_imbalance,highest activity,negative,27,-0.4274364764901319,-0.003210938843340892,0.0022256822882369045,0.6062001148672612,0.9994874423372629,1951,5.038886024090014e-05
4000,trade_imbalance,highest activity,negative,26,-0.3921813342484055,-0.002931260801951355,0.0021675499372332437,0.60512589685883,0.9994871794871795,1950,4.908534028581524e-05
4000,trade_imbalance,highest activity,negative,25,-0.3645812058556313,-0.0027445939993134692,0.0019418703952484011,0.606624861343541,1.0,1950,4.3974705036501074e-05
4000,trade_imbalance,highest activity,negative,24,-0.3405903689409364,-0.002626848005001064,0.0020250579970018997,0.6067626593988322,0.9994874423372629,1951,4.584677917865723e-05
4000,trade_imbalance,highest activity,negative,23,-0.3186675845700249,-0.002538430255916798,0.0019731927012627036,0.6088281044620129,1.0,1950,4.468401559162995e-05
4000,trade_imbalance,highest activity,negative,22,-0.29919339074385426,-0.0023475194965260895,0.0019420457573364842,0.605311327831958,0.9994871794871795,1950,4.3978676205800994e-05
4000,trade_imbalance,highest activity,negative,21,-0.2804472436159644,-0.0022332822931233555,0.0019141611171476888,0.6115717806950456,0.9994874423372629,1951,4.3336103054909e-05
4000,trade_imbalance,highest activity,negative,20,-0.2636383426831264,-0.0021747394617066228,0.0019417445031899554,0.6097008867601516,1.0,1950,4.397185414276989e-05
4000,trade_imbalance,highest activity,negative,19,-0.2484311774852428,-0.002018027605420592,0.0018706422521678693,0.6100953736640209,1.0,1951,4.235084742480385e-05
4000,trade_imbalance,highest activity,negative,18,-0.23360673619319064,-0.0019925698772059117,0.002380398249573597,0.6107414032995429,0.9994871794871795,1950,5.39054054022036e-05
4000,trade_imbalance,highest activity,negative,17,-0.21851658904520413,-0.0019187566016664371,0.001983149283745822,0.6134725989189606,0.9994871794871795,1950,4.490948778531398e-05
4000,trade_imbalance,highest activity,negative,16,-0.2042614553984075,-0.0017266119357858282,0.001812290899398666,0.6127749261764441,0.9989748846745259,1951,4.10297881814902e-05
4000,trade_imbalance,highest activity,negative,15,-0.19042223530736488,-0.0016485440136812639,0.001978588120040001,0.6123049993267548,0.9994871794871795,1950,4.4806197767052474e-05
4000,trade_imbalance,highest activity,negative,14,-0.17674313057675012,-0.001577938865634216,0.001883806698169027,0.6139355351658426,0.9994871794871795,1950,4.2659821222090994e-05
4000,trade_imbalance,highest activity,negative,13,-0.16381886257936576,-0.0015143869867059506,0.0017440037983546942,0.6156751899404888,0.9994874423372629,1951,3.948378621663354e-05
4000,trade_imbalance,highest activity,negative,12,-0.1512358898897042,-0.0013048755903306533,0.0018277241849907087,0.6153097248671142,0.9984615384615385,1950,4.1389802388312565e-05
4000,trade_imbalance,highest activity,negative,11,-0.13841527333637393,-0.0012937313108819645,0.0018460045373536152,0.6151192926436737,1.0,1950,4.180377085144436e-05
4000,trade_imbalance,highest activity,negative,10,-0.12579436689859294,-0.0011682331105655722,0.0019346451705148314,0.6160347108817184,0.9989748846745259,1951,4.3799856622855005e-05
4000,trade_imbalance,highest activity,negative,9,-0.1131481185433365,-0.000894461177321432,0.0016104998559171412,0.6153710222427402,0.9994871794871795,1950,3.647064000696319e-05
4000,trade_imbalance,highest activity,negative,8,-0.10096547321130629,-0.0009989918213587816,0.0017541377891967206,0.6190768604503766,0.9989748846745259,1951,3.9713217097635846e-05
4000,trade_imbalance,highest activity,negative,7,-0.08890843211485178,-0.0008998885068664475,0.001785675732676838,0.6193168805021768,0.9984615384615385,1950,4.043759245078617e-05
4000,trade_imbalance,highest activity,negative,6,-0.07722480424456522,-0.0007337214113000483,0.001752358753701458,0.6189569187168588,0.9994871794871795,1950,3.968311144796814e-05
4000,trade_imbalance,highest activity,negative,5,-0.06526939854641145,-0.0005926236747953833,0.0017030974238779126,0.6191219768037858,0.9984623270117888,1951,3.855767668277671e-05
4000,trade_imbalance,highest activity,negative,4,-0.053196805956746064,-0.0004667738254168738,0.001752246779666844,0.6195983611287438,0.9989743589743589,1950,3.968057573541186e-05
4000,trade_imbalance,highest activity,negative,3,-0.04147110589464766,-0.00042360378638129915,0.0017227926792631278,0.6162403421368162,0.9994871794871795,1950,3.901357170644153e-05
4000,trade_imbalance,highest activity,negative,2,-0.029593897818471104,-0.00027575240591395695,0.001690983225172579,0.6160122808764723,0.9994874423372629,1951,3.8283414417798586e-05
4000,trade_imbalance,highest activity,negative,1,-0.017813187957549013,-0.00015726855352907253,0.001657330316164522,0.6196926154615576,1.0,1950,3.75311410996938e-05
4000,trade_imbalance,highest activity,negative,0,-0.005957747444456535,3.1972793070122253e-05,0.001956494376437381,0.6205990246921033,0.9989748846745259,1951,4.4294516884755246e-05
4000,trade_imbalance,highest activity,positive,0,0.005976495035748331,-2.6954268407123943e-05,0.0017955216605403095,0.6188587332304483,0.9984544049459042,1941,4.075471692716322e-05
4000,trade_imbalance,highest activity,positive,1,0.01757025319972366,0.00015105491197218927,0.002137975279394122,0.6194179920559738,1.0,1941,4.852772273588732e-05
4000,trade_imbalance,highest activity,positive,2,0.02946494685235019,0.0002530470323652764,0.0018612729718298397,0.6195157036681851,0.9994845360824742,1940,4.225802599094866e-05
4000,trade_imbalance,highest activity,positive,3,0.041686450680202346,0.00036851415860170573,0.0017716094366574296,0.6188892663660506,0.9979392065945389,1941,4.0211957718592906e-05
4000,trade_imbalance,highest activity,positive,4,0.053679281652302714,0.0005482774511195777,0.0016722403180742468,0.615128524399141,0.9989690721649485,1940,3.79662606688054e-05
4000,trade_imbalance,highest activity,positive,5,0.06549607042230228,0.0006190450453256729,0.001709189198454849,0.6177605710031321,0.9989696032972695,1941,3.879514432425782e-05
4000,trade_imbalance,highest activity,positive,6,0.07718387599382605,0.0006600864259857315,0.0016960590026192201,0.6177237608371166,0.9979381443298969,1940,3.8507036044478616e-05
4000,trade_imbalance,highest activity,positive,7,0.08906750067719824,0.0008124702141303,0.001800100363424181,0.6177074923032664,0.9989696032972695,1941,4.085864423922339e-05
4000,trade_imbalance,highest activity,positive,8,0.1012403848674173,0.0008911162611857763,0.00221810930832324,0.6136121871786855,0.9994848016486347,1941,5.0346603419430046e-05
4000,trade_imbalance,highest activity,positive,9,0.11365468031447748,0.0011496357628214583,0.0018947977492039041,0.6156942586162004,0.9994845360824742,1940,4.301916685263603e-05
4000,trade_imbalance,highest activity,positive,10,0.12640676679404494,0.0012481550630763798,0.0017967547469605657,0.6160257220410204,1.0,1941,4.078270549957017e-05
4000,trade_imbalance,highest activity,positive,11,0.1390316636980978,0.001256750374041735,0.0018470929130213348,0.616734724918343,0.9994845360824742,1940,4.1936084339857106e-05
4000,trade_imbalance,highest activity,positive,12,0.1517389900718792,0.001369282187652755,0.001717459245221,0.6140241912616228,0.9994848016486347,1941,3.8982857690426555e-05
4000,trade_imbalance,highest activity,positive,13,0.16474774067178913,0.0015064523372902926,0.0021683200800532657,0.6145720708527648,0.9994845360824742,1940,4.922917147907934e-05
4000,trade_imbalance,highest activity,positive,14,0.17782355462137472,0.0016197572822758044,0.002041847458862759,0.614488372221855,1.0,1941,4.6345815270954856e-05
4000,trade_imbalance,highest activity,positive,15,0.19127924443737715,0.0017556702945118435,0.001849574554334167,0.6156226073519926,0.9994848016486347,1941,4.198160849526593e-05
4000,trade_imbalance,highest activity,positive,16,0.20492241779972578,0.001861551280017559,0.0019025899405008173,0.6132544734121675,1.0,1940,4.319607944274778e-05
4000,trade_imbalance,highest activity,positive,17,0.2193262562454248,0.001974304777029456,0.0017944735101531042,0.6130288368073472,1.0,1941,4.073092602936097e-05
4000,trade_imbalance,highest activity,positive,18,0.23412917425208826,0.002099528343546864,0.0019451111476936403,0.6117524226417429,1.0,1940,4.416147372177946e-05
4000,trade_imbalance,highest activity,positive,19,0.2494169969609444,0.0021611306081257254,0.002005404906763047,0.610780721970807,1.0,1941,4.5518642907865556e-05
4000,trade_imbalance,highest activity,positive,20,0.2655127288592863,0.0022711539465700183,0.0019274443925435037,0.6105811246626089,0.9984536082474227,1940,4.3760370708084355e-05
4000,trade_imbalance,highest activity,positive,21,0.28241300007229286,0.0024325109621994735,0.0020129540409602915,0.6090061928155919,1.0,1941,4.568999301408554e-05
4000,trade_imbalance,highest activity,positive,22,0.3007054276224333,0.0025380939329047217,0.0021885179307536413,0.6107867770652091,1.0,1941,4.9674938887145377e-05
4000,trade_imbalance,highest activity,positive,23,0.3197916478228086,0.002652047926661449,0.0018927049953998264,0.6091476477366765,1.0,1940,4.297165332507515e-05
4000,trade_imbalance,highest activity,positive,24,0.34067371170961724,0.0027525548747278114,0.0022596315543388502,0.6067421028363738,1.0,1941,5.128907457961477e-05
4000,trade_imbalance,highest activity,positive,25,0.36428565575085037,0.0029018277770493594,0.002266055244191919,0.6081095016022047,1.0,1940,5.144813407559763e-05
4000,trade_imbalance,highest activity,positive,26,0.39156638336069016,0.0030160764125654947,0.0021645841356019184,0.6043043475964303,1.0,1941,4.9131690054320015e-05
4000,trade_imbalance,highest activity,positive,27,0.4267212418436618,0.0032756965583962483,0.0021496690027677187,0.6048131878330407,1.0,1940,4.880572058250451e-05
4000,trade_imbalance,highest activity,positive,28,0.4736010898389223,0.0035933980225957593,0.0026576336355884286,0.6060616132910095,1.0,1941,6.032291834447768e-05
4000,trade_imbalance,highest activity,positive,29,0.5750008729030143,0.004462891309257485,0.003228174095680686,0.6034606281657998,0.9994848016486347,1941,7.327303499166775e-05
16000,sign_bias,lowest activity,negative,29,-0.3218223684210526,-0.0006922785756972867,0.001444292451453794,0.40749586322829384,1.0,475,6.626868253479697e-05
16000,sign_bias,lowest activity,negative,28,-0.23073157894736843,-0.0006470139310396615,0.0017548040964355696,0.45097660709057474,1.0,475,8.051593391656684e-05
16000,sign_bias,lowest activity,negative,27,-0.1957478813559322,-0.0007798055158438985,0.0017525510970080127,0.46887901362479223,0.9978813559322034,472,8.066770282377194e-05
16000,sign_bias,lowest activity,negative,26,-0.17278721174004194,-0.0007944161285015575,0.0018611416716221181,0.47513006250521683,1.0,477,8.521582320080665e-05
16000,sign_bias,lowest activity,negative,25,-0.1557863157894737,-0.0008704294030040383,0.0019689903195616513,0.48309085107292893,1.0,475,9.034347182925363e-05
16000,sign_bias,lowest activity,negative,24,-0.1410299145299145,-0.0006782552641515872,0.0021054615399582126,0.49322206569534527,1.0,468,9.732499411329112e-05
16000,sign_bias,lowest activity,negative,23,-0.1292107894736842,-0.0006692906356618089,0.0021001792507727435,0.49454906721143754,1.0,475,9.63628328151511e-05
16000,sign_bias,lowest activity,negative,22,-0.11835512552301254,-0.0006901503480278142,0.002112466362214535,0.49945315619883146,1.0,478,9.662196242242054e-05
16000,sign_bias,lowest activity,negative,21,-0.10996420940170941,-0.0004910517453610534,0.0019961396718445237,0.5008420665180463,1.0,468,9.227158897209347e-05
16000,sign_bias,lowest activity,negative,20,-0.10229080578512396,-0.0006401875696963273,0.0019884107685832707,0.5022717070643362,1.0,484,9.038230766287595e-05
16000,sign_bias,lowest activity,negative,19,-0.09414578891257996,-0.0005426650217352239,0.002000514179891532,0.5102473755355978,0.997867803837953,469,9.237516192930331e-05
16000,sign_bias,lowest activity,negative,18,-0.08739003164556962,-0.0005611819252177992,0.0021840672754903563,0.5115952658433558,0.9978902953586498,474,0.0001003175324045509
16000,sign_bias,lowest activity,negative,17,-0.0807780987394958,-0.0006705518859123307,0.00231242412668444,0.5108662253575722,0.9978991596638656,476,0.00010598978607117
16000,sign_bias,lowest activity,negative,16,-0.07463576680672268,-0.0005788704274971601,0.0021569479351977246,0.5156270271093624,1.0,476,9.88635465181929e-05
16000,sign_bias,lowest activity,negative,15,-0.06867297441364606,-0.0005062516900082946,0.0020927558742313414,0.5133933610722738,1.0,469,9.663448762512777e-05
16000,sign_bias,lowest activity,negative,14,-0.06322631578947369,-0.0005320557948590987,0.002256138870336552,0.5158807951812778,1.0,475,0.00010351875093043205
16000,sign_bias,lowest activity,negative,13,-0.05814503205128205,-0.0004054409820294009,0.002244406213802393,0.5144545625981966,1.0,468,0.0001037477139337759
16000,sign_bias,lowest activity,negative,12,-0.05309168388429752,-0.0005619979541655932,0.00222005181821605,0.5190651120240469,1.0,484,0.00010091144628254772
16000,sign_bias,lowest activity,negative,11,-0.047953488372093026,-1.9547860573598725e-05,0.002104112793459404,0.519363459159115,0.9978858350951374,473,9.674720931779511e-05
16000,sign_bias,lowest activity,negative,10,-0.04322741596638655,-0.00038514793085713,0.00211488488631522,0.51977552693682,1.0,476,9.693558983364209e-05
16000,sign_bias,lowest activity,negative,9,-0.03859872611464968,-0.0002572433513093928,0.002114984669999576,0.5161113440078328,1.0,471,9.745334943990205e-05
16000,sign_bias,lowest activity,negative,8,-0.03411820083682009,-0.00014962815924142298,0.0020790137281156856,0.5198146536878221,0.997907949790795,478,9.509187455326195e-05
16000,sign_bias,lowest activity,negative,7,-0.029969473684210525,-6.731784318951186e-05,0.0023050882639701325,0.52071478151595,0.9978947368421053,475,0.00010576470314302543
16000,sign_bias,lowest activity,negative,6,-0.025915966386554624,-0.00015765927900324156,0.0022138391717884203,0.5169325183664315,1.0,476,0.00010147115207203126
16000,sign_bias,lowest activity,negative,5,-0.02202774841437632,-0.0001278862903887584,0.002165073653333514,0.5227833346349474,1.0,473,9.95501926411067e-05
16000,sign_bias,lowest activity,negative,4,-0.017987709205020918,-9.525949268407078e-05,0.0021728336205771794,0.5233237642206194,1.0,478,9.938309655141341e-05
16000,sign_bias,lowest activity,negative,3,-0.013848326359832637,-3.604617407414377e-05,0.0022590819360666105,0.5209912439611157,1.0,478,0.00010332800267975561
16000,sign_bias,lowest activity,negative,2,-0.00985786937901499,-0.00015849768598489615,0.002146510059853108,0.52493484268891,1.0,467,9.932863970709167e-05
16000,sign_bias,lowest activity,negative,1,-0.00587603734439834,9.85964900527284e-06,0.0022406550840250433,0.5236120826016356,1.0,482,0.00010205904244274705
16000,sign_bias,lowest activity,negative,0,-0.001978466386554622,-0.00019872541761283455,0.002178102031568252,0.5231252636062863,0.9978991596638656,476,9.983314293563551e-05
16000,sign_bias,lowest activity,positive,0,0.0021982499999999997,-9.963294737216595e-06,0.002312763040532628,0.5220846302893931,1.0,500,0.00010342990748960114
16000,sign_bias,lowest activity,positive,1,0.006346230158730159,8.47772381214867e-05,0.0021850398682867677,0.5259367648970124,1.0,504,9.732941147108029e-05
16000,sign_bias,lowest activity,positive,2,0.01062322874493927,5.895926070397471e-05,0.00226359204395451,0.5291531378605899,1.0,494,0.00010184382086851163
16000,sign_bias,lowest activity,positive,3,0.014731022267206477,0.00017793347719525525,0.0021104168412932416,0.5203812080360286,1.0,494,9.495214268692595e-05
16000,sign_bias,lowest activity,positive,4,0.018808300395256917,0.00022262817076799084,0.002272516856681734,0.5239197262081844,1.0,506,0.000101025696882712
16000,sign_bias,lowest activity,positive,5,0.02288911704312115,0.0001250172234907286,0.002252087105414159,0.5215700724621778,0.997946611909651,487,0.00010205180802059578
16000,sign_bias,lowest activity,positive,6,0.027376230314960632,8.399832166954527e-05,0.002141391203473203,0.5220350878229102,1.0,508,9.500887118041764e-05
16000,sign_bias,lowest activity,positive,7,0.032068762781186096,0.0002726335914235543,0.0022400415730406634,0.5237714882742543,1.0,489,0.00010129818148661845
16000,sign_bias,lowest activity,positive,8,0.036331162324649294,0.0002614309049312048,0.0021273908039585346,0.5227714006674515,1.0,499,9.523509180421151e-05
16000,sign_bias,lowest activity,positive,9,0.040766919191919194,0.00031137734825872687,0.0022547847993404702,0.5221029597178106,1.0,495,0.00010134504010663692
16000,sign_bias,lowest activity,positive,10,0.04509950495049505,0.0002457984788402058,0.002094388258948973,0.5194401382759689,1.0,505,9.319905429366909e-05
16000,sign_bias,lowest activity,positive,11,0.04964680527383367,0.00034367138995750583,0.0023089764199099743,0.5217596637315187,1.0,493,0.00010399106791589653
16000,sign_bias,lowest activity,positive,12,0.05459019308943089,0.00025418167546411023,0.0021595347724401213,0.525330216268598,1.0,492,9.735934646588504e-05
16000,sign_bias,lowest activity,positive,13,0.05968259557344065,0.00046341032904713956,0.0021688179087189447,0.5169471733834472,0.9979879275653923,497,9.728477893087804e-05
16000,sign_bias,lowest activity,positive,14,0.06501625,0.00031704452710549374,0.0021553623908954914,0.5174745921620102,0.998,500,9.639073644377585e-05
16000,sign_bias,lowest activity,positive,15,0.07049046184738957,0.0004972228754638064,0.0021758111762968163,0.5199730103613402,0.9979919678714859,498,9.750043018026958e-05
16000,sign_bias,lowest activity,positive,16,0.07653685258964144,0.0005949129765524988,0.0021472950424713737,0.5208096920400155,1.0,502,9.583846801279806e-05
16000,sign_bias,lowest activity,positive,17,0.08246336633663368,0.0005975586159608641,0.0022382465790519728,0.5162934069517959,1.0,505,9.960066551765664e-05
16000,sign_bias,lowest activity,positive,18,0.08878021694214876,0.0005740124962199384,0.002164751030325485,0.5117076015598082,1.0,484,9.839777410570387e-05
16000,sign_bias,lowest activity,positive,19,0.09538405432595574,0.0007102340918385825,0.002173306401265091,0.5137992150666358,1.0,497,9.74861153378347e-05
16000,sign_bias,lowest activity,positive,20,0.10331112224448898,0.0006988914285565629,0.0021664235311085814,0.5100180985760507,1.0,499,9.69824366486973e-05
16000,sign_bias,lowest activity,positive,21,0.11151077154308618,0.0006819243243697654,0.002185008688578223,0.5080599351086698,1.0,499,9.781442256051172e-05
16000,sign_bias,lowest activity,positive,22,0.12062825651302606,0.0007387313447529927,0.0022822846569453365,0.504104026541739,1.0,499,0.00010216909296735353
16000,sign_bias,lowest activity,positive,23,0.13047046843177187,0.000648423531264247,0.0020851692669651934,0.500540703345894,1.0,491,9.410237169296349e-05
16000,sign_bias,lowest activity,positive,24,0.14217184368737473,0.0008240871159583288,0.0020302379418064426,0.49919653044447543,0.9979959919839679,499,9.088593238842383e-05
16000,sign_bias,lowest activity,positive,25,0.1561847389558233,0.0008485815038761241,0.002089344973220268,0.4911836859281617,1.0,498,9.362578697232057e-05
16000,sign_bias,lowest activity,positive,26,0.17406804435483872,0.0009468590503233367,0.001983901867637603,0.480154631640284,1.0,496,8.907982353213363e-05
16000,sign_bias,lowest activity,positive,27,0.19987926706827308,0.0007868077847933614,0.001837473544865648,0.46837114066617114,1.0,498,8.233915838881873e-05
16000,sign_bias,lowest activity,positive,28,0.23714465725806452,0.00078222698411688,0.001625062597511814,0.44909472668654693,1.0,496,7.296746465963117e-05
16000,sign_bias,lowest activity,positive,29,0.3261946680080483,0.0005994842008816367,0.0013957391032949644,0.4064153657490917,0.9979879275653923,497,6.260745522404698e-05
16000,trade_imbalance,lowest activity,negative,29,-0.2992565678637626,-0.00314161971388558,0.0018504603816178293,0.4884434961603246,1.0,507,8.218183072706088e-05
16000,trade_imbalance,lowest activity,negative,28,-0.23509992635666674,-0.0026104803036069405,0.0015766639980407922,0.4947396662884315,1.0,506,7.009126409057108e-05
16000,trade_imbalance,lowest activity,negative,27,-0.20762811200186487,-0.002421890307738215,0.0016749099836897803,0.5000226051677638,1.0,506,7.445883088636185e-05
16000,trade_imbalance,lowest activity,negative,26,-0.18757187008054887,-0.0022617091150061667,0.001528622966103396,0.4985692522942447,0.9980276134122288,507,6.788852930532614e-05
16000,trade_imbalance,lowest activity,negative,25,-0.17305175719127425,-0.002182210805014474,0.001688037980192213,0.5026629628778676,1.0,506,7.5042441516766e-05
16000,trade_imbalance,lowest activity,negative,24,-0.15977468131566433,-0.0019993566644531027,0.0016393147780889986,0.5002381571773137,1.0,506,7.287643098427566e-05
16000,trade_imbalance,lowest activity,negative,23,-0.14835649137176338,-0.0019363916547362858,0.0015097587447221838,0.5033540880890036,0.9980237154150198,506,6.711696279033945e-05
16000,trade_imbalance,lowest activity,negative,22,-0.13834670746673536,-0.0018123142265227402,0.0015809536670899976,0.5048859685880269,1.0,507,7.021261732851816e-05
16000,trade_imbalance,lowest activity,negative,21,-0.12931333961193053,-0.0016800238249493615,0.0015367803105215791,0.5046835931198269,1.0,506,6.831821791314283e-05
16000,trade_imbalance,lowest activity,negative,20,-0.12092026123948157,-0.0014975559797534644,0.0015565162938898144,0.5093869503207586,0.9980237154150198,506,6.919558939119335e-05
16000,trade_imbalance,lowest activity,negative,19,-0.11323726247820866,-0.0014321301980097794,0.001527259618463587,0.5023128915912976,1.0,506,6.789497152571282e-05
16000,trade_imbalance,lowest activity,negative,18,-0.10575343847415807,-0.0014227504319132278,0.0016596698738841377,0.5067058555065017,1.0,507,7.370852680407071e-05
16000,trade_imbalance,lowest activity,negative,17,-0.09853405289179655,-0.001314018552688957,0.001443309239751258,0.5062497730218811,1.0,506,6.416292197543377e-05
16000,trade_imbalance,lowest activity,negative,16,-0.09147544689545029,-0.0011770459623634548,0.0016349400819234336,0.5093240758377439,0.9980237154150198,506,7.268195201815629e-05
16000,trade_imbalance,lowest activity,negative,15,-0.08503710256118742,-0.001234101983313476,0.0016083611206278547,0.5118841419683592,1.0,506,7.150037306554721e-05
16000,trade_imbalance,lowest activity,negative,14,-0.07923781856186207,-0.001127626696644913,0.00157889336280355,0.5057186143167478,1.0,507,7.012111600279563e-05
16000,trade_imbalance,lowest activity,negative,13,-0.07356065610277134,-0.0010075387854929264,0.001414192637177837,0.5101577494838487,1.0,506,6.286853110779816e-05
16000,trade_imbalance,lowest activity,negative,12,-0.0677079265135354,-0.0008528866133015952,0.001602029887509264,0.5098549884664234,0.9960474308300395,506,7.121891542264704e-05
16000,trade_imbalance,lowest activity,negative,11,-0.06185412770170743,-0.0008794652249659347,0.001557144202107603,0.5092808438594474,1.0,507,6.915520186568382e-05
16000,trade_imbalance,lowest activity,negative,10,-0.056186413733822625,-0.0007502913375535148,0.0015283723055827378,0.5080622627847047,0.9980237154150198,506,6.794443650164649e-05
16000,trade_imbalance,lowest activity,negative,9,-0.0505809745345932,-0.0006709625917740028,0.0015217264533968237,0.5107083026681263,1.0,506,6.764899233519844e-05
16000,trade_imbalance,lowest activity,negative,8,-0.044956954357569245,-0.00042448033788505953,0.00142753505419832,0.51185696635684,1.0,506,6.346167389291362e-05
16000,trade_imbalance,lowest activity,negative,7,-0.03908177010997499,-0.00039015476327486034,0.001573222478470823,0.5108087993172157,1.0,507,6.986926318771539e-05
16000,trade_imbalance,lowest activity,negative,6,-0.03366115605974018,-0.0004951766591408615,0.0016313547405228824,0.5135018320067929,1.0,506,7.25225641515765e-05
16000,trade_imbalance,lowest activity,negative,5,-0.02852437724069263,-0.0002296277948537161,0.00165115045622153,0.5103077094492319,0.9980237154150198,506,7.340259105560927e-05
16000,trade_imbalance,lowest activity,negative,4,-0.023227280304943834,-0.00026640251692232894,0.0015895190314749075,0.5087364650013946,1.0,506,7.066274003246063e-05
16000,trade_imbalance,lowest activity,negative,3,-0.018084473322606133,-0.0001325090003413852,0.0015776480801324491,0.5154583749255531,0.9980276134122288,507,7.00658110577666e-05
16000,trade_imbalance,lowest activity,negative,2,-0.012951574581698167,-8.363721404936294e-05,0.001444528117421947,0.5073161687229958,1.0,506,6.4217107697196e-05
16000,trade_imbalance,lowest activity,negative,1,-0.007829390592442509,7.886403327280999e-05,0.0015721126521814114,0.5073465559976945,1.0,506,6.988893208768791e-05
16000,trade_imbalance,lowest activity,negative,0,-0.00259974566328356,-5.323516039009914e-05,0.0015938205317646264,0.5129324527556148,1.0,507,7.078405485032767e-05
16000,trade_imbalance,lowest activity,positive,0,0.0022454309919279335,0.00019592898621441306,0.0016065970698379774,0.5125385914778132,1.0,467,7.434444612634438e-05
16000,trade_imbalance,lowest activity,positive,1,0.006947695327468711,0.0002378524008777347,0.0016199495214594814,0.5118306750395076,0.9957081545064378,466,7.504271247392237e-05
16000,trade_imbalance,lowest activity,positive,2,0.011653862779059906,0.0002727266978785743,0.0015610590085790642,0.5138782094651794,0.9978586723768736,467,7.22371959604376e-05
16000,trade_imbalance,lowest activity,positive,3,0.016271012683343862,0.00042585312529417317,0.0014415377640607662,0.5142144077137869,0.9978540772532188,466,6.677794740866483e-05
16000,trade_imbalance,lowest activity,positive,4,0.020864410880224348,0.00044453290697589546,0.0014214614766337398,0.5054571799388425,1.0,467,6.577739257356447e-05
16000,trade_imbalance,lowest activity,positive,5,0.025300397975041748,0.0006711370223860524,0.0015542865649733478,0.508980040866288,1.0,466,7.2000934752764e-05
16000,trade_imbalance,lowest activity,positive,6,0.02982184183379146,0.0005081236946605218,0.0015520519669290482,0.5091398244510196,1.0,467,7.182039977969086e-05
16000,trade_imbalance,lowest activity,positive,7,0.03451105204678918,0.0005586384056931764,0.0014958486938073876,0.5099047231224484,1.0,466,6.929385264594358e-05
16000,trade_imbalance,lowest activity,positive,8,0.0394731125434913,0.0006153637053406143,0.0015185969120062649,0.5098192832330991,0.9978540772532188,466,7.034764350484294e-05
16000,trade_imbalance,lowest activity,positive,9,0.044977230038541954,0.0007963008333040312,0.001602571190127903,0.508455092147756,1.0,467,7.41581506308304e-05
16000,trade_imbalance,lowest activity,positive,10,0.05060715416076949,0.0008223701992392169,0.0015204985382636868,0.5055285107679746,1.0,466,7.043573464013956e-05
16000,trade_imbalance,lowest activity,positive,11,0.056090881630699356,0.001031809395587987,0.0015654109378342635,0.5103303431839222,1.0,467,7.24385792295428e-05
16000,trade_imbalance,lowest activity,positive,12,0.06176392870101451,0.0010212382622262683,0.0014689129392576614,0.5078632865197852,1.0,466,6.804607791150485e-05
16000,trade_imbalance,lowest activity,positive,13,0.06768663371651025,0.0011560796766307024,0.001555927183178967,0.5045730240367003,1.0,467,7.199972340172951e-05
16000,trade_imbalance,lowest activity,positive,14,0.07355210259909023,0.0011403438022798162,0.0015452027003139371,0.5073263699152871,1.0,466,7.158013284828613e-05
16000,trade_imbalance,lowest activity,positive,15,0.07985375055235779,0.0012462921147749022,0.0015493284686859767,0.5105215803455527,1.0,466,7.1771255377461e-05
16000,trade_imbalance,lowest activity,positive,16,0.08599390625300543,0.0014183017676987222,0.0014898982660576144,0.5052644484070404,1.0,467,6.8944269508611e-05
16000,trade_imbalance,lowest activity,positive,17,0.09209932778960292,0.001442383562335053,0.0016490745201975993,0.5127821830066096,1.0,466,7.63919019870245e-05
16000,trade_imbalance,lowest activity,positive,18,0.09879200232849777,0.0014804975693864422,0.001594376572715574,0.5028235838615717,1.0,467,7.377894896030928e-05
16000,trade_imbalance,lowest activity,positive,19,0.10618404631080912,0.0015213716415354917,0.0014931555042520643,0.5050376002577414,1.0,466,6.916909304895576e-05
16000,trade_imbalance,lowest activity,positive,20,0.1137959272258567,0.0016308003442633491,0.0016027241708324164,0.5040541211555916,1.0,467,7.416522973358653e-05
16000,trade_imbalance,lowest activity,positive,21,0.12242511916539256,0.0017636773403692156,0.0016751684741310984,0.5018252213724731,1.0,466,7.76006810609398e-05
16000,trade_imbalance,lowest activity,positive,22,0.13145002478088982,0.0019136268619493015,0.0015434778807817738,0.5030435110348903,1.0,466,7.150023212637664e-05
16000,trade_imbalance,lowest activity,positive,23,0.14149601463721295,0.001956850138120993,0.0014318519570439777,0.5010972982385274,1.0,467,6.625820666540373e-05
16000,trade_imbalance,lowest activity,positive,24,0.15314497638405236,0.0021164125212078675,0.0016466681488158724,0.5005524755168442,1.0,466,7.628042898535854e-05
16000,trade_imbalance,lowest activity,positive,25,0.1655050127371604,0.0021946240762095743,0.0015513676222914247,0.49992043132246083,1.0,467,7.178873208652821e-05
16000,trade_imbalance,lowest activity,positive,26,0.18093545549388823,0.002373446172973725,0.0016438360184022136,0.49723091598804325,1.0,466,7.614923307739631e-05
16000,trade_imbalance,lowest activity,positive,27,0.19923411870460714,0.00262107731250566,0.0015947020418749154,0.500902692927944,1.0,467,7.379400987684941e-05
16000,trade_imbalance,lowest activity,positive,28,0.2280996277703106,0.002905373976642374,0.001672042173464692,0.5013734764002149,1.0,466,7.745585797916574e-05
16000,trade_imbalance,lowest activity,positive,29,0.2949995407665769,0.0034167856659957836,0.0017704046651628612,0.4948502536226501,1.0,467,8.192455763927338e-05
16000,sign_bias,highest activity,negative,29,-0.3003025898520085,-0.0024143549698526644,0.00593560298098995,0.530934742618031,1.0,473,0.0002729193158343119
16000,sign_bias,highest activity,negative,28,-0.20971428571428571,-0.0028594754888930964,0.005028805174983482,0.5632282987835994,1.0,469,0.00023220864766637387
16000,sign_bias,highest activity,negative,27,-0.17945220588235294,-0.0026359469598810636,0.005156923557749229,0.5772564041555118,0.9978991596638656,476,0.00023636720373390471
16000,sign_bias,highest activity,negative,26,-0.15906395966029724,-0.0022543584097980307,0.004483891029574002,0.5849062487849227,1.0,471,0.000206606792736519
16000,sign_bias,highest activity,negative,25,-0.14434414556962025,-0.002127260889612081,0.005156230798010604,0.5915905081620344,1.0,474,0.00023683352430095786
16000,sign_bias,highest activity,negative,24,-0.1315333686440678,-0.0014257202377633224,0.0057115266649650715,0.5913738252708591,1.0,472,0.0002628943238608153
16000,sign_bias,highest activity,negative,23,-0.12113546137339054,-0.0016323988569928033,0.005297116835626175,0.5964942283141624,1.0,466,0.00024538419893388707
16000,sign_bias,highest activity,negative,22,-0.11172228033472803,-0.0019874946044798397,0.005290716930808063,0.5997924556477249,1.0,478,0.00024199175978371627
16000,sign_bias,highest activity,negative,21,-0.10339354838709679,-0.0018090322120200314,0.0054934347827217105,0.6077568020044264,1.0,465,0.0002547519380069866
16000,sign_bias,highest activity,negative,20,-0.09579657894736841,-0.0014062755311480778,0.005567206755167299,0.6038672153851721,1.0,475,0.00025544096466917094
16000,sign_bias,highest activity,negative,19,-0.089146888185654,-0.0026817556143857338,0.0071352431451342764,0.6081520654112612,1.0,474,0.00032773257191248917
16000,sign_bias,highest activity,negative,18,-0.08301890756302521,-0.001616400586759783,0.005858891531244373,0.6084901052114077,1.0,476,0.0002685418530471516
16000,sign_bias,highest activity,negative,17,-0.07689400428265525,-0.0015465497540747483,0.005773291055507757,0.6102881430089381,1.0,467,0.00026715604920852224
16000,sign_bias,highest activity,negative,16,-0.07089435146443515,-0.001737932349154818,0.005275248067420452,0.6115456745335286,1.0,478,0.00024128423044091128
16000,sign_bias,highest activity,negative,15,-0.06537765392781317,-0.0015646679690688016,0.006132183277157069,0.617735662619041,1.0,471,0.0002825560904601883
16000,sign_bias,highest activity,negative,14,-0.06010354872881356,-0.0012169699457628355,0.005539901807250414,0.6170784243930499,0.9978813559322034,472,0.00025499464947018903
16000,sign_bias,highest activity,negative,13,-0.05509889240506329,-0.0012175260807843196,0.005483624028409015,0.6221595337050337,1.0,474,0.00025187119340945607
16000,sign_bias,highest activity,negative,12,-0.05059642094017094,-0.0013707530618324217,0.005572286228524407,0.6217998133430348,0.9978632478632479,468,0.00025757902203213585
16000,sign_bias,highest activity,negative,11,-0.04611223958333333,-0.001112154525999442,0.005067213508614575,0.6209479238285726,1.0,480,0.0002312855951969251
16000,sign_bias,highest activity,negative,10,-0.04180730277185501,-0.0006864379182842875,0.005583137903066245,0.6178904305186451,1.0,469,0.0002578053547700117
16000,sign_bias,highest activity,negative,9,-0.037580494505494506,-0.0009312580355200694,0.005833823232233078,0.622524759445817,1.0,455,0.00027349385152878523
16000,sign_bias,highest activity,negative,8,-0.033713050314465406,-0.0006153627434155537,0.005143348821385431,0.6208471100722621,1.0,477,0.00023549776489677592
16000,sign_bias,highest activity,negative,7,-0.02950741308793456,-0.0008973650023846638,0.005589798812521371,0.6260547214671265,1.0,489,0.0002527794400779165
16000,sign_bias,highest activity,negative,6,-0.025283530042918455,-0.0006195318626698607,0.005258643987067231,0.6263394412794576,1.0,466,0.00024360197863984947
16000,sign_bias,highest activity,negative,5,-0.021417910447761195,-0.0009106329602466784,0.00577183634774715,0.628153731889693,1.0,469,0.00026651863936375116
16000,sign_bias,highest activity,negative,4,-0.0174865221987315,-0.0005758606103414438,0.00579988853375572,0.6325568445279416,1.0,473,0.0002666791589022152
16000,sign_bias,highest activity,negative,3,-0.013632978723404255,-0.0005033983373804088,0.005741651923027264,0.6292090064139646,0.997872340425532,470,0.0002648426542315857
16000,sign_bias,highest activity,negative,2,-0.01004384133611691,-0.0005744708962710859,0.004889907612782389,0.6284055331746334,0.9979123173277662,479,0.00022342558162652423
16000,sign_bias,highest activity,negative,1,-0.0061384989200863925,-0.0001087266963483745,0.006077830934598314,0.6303190925674754,1.0,463,0.0002824607576848145
16000,sign_bias,highest activity,negative,0,-0.0021083844580777095,0.00012217035620631808,0.0056759216072451105,0.6258132697710785,1.0,489,0.0002566740474794291
16000,sign_bias,highest activity,positive,0,0.0021808823529411766,0.0002187571316913626,0.005118722095823332,0.6297720813433193,1.0,510,0.00022666082415020685
16000,sign_bias,highest activity,positive,1,0.006350548902195608,0.00020680753450049428,0.005419381067678369,0.624253711465749,1.0,501,0.00024212009011510545
16000,sign_bias,highest activity,positive,2,0.010563645621181263,-3.5548696252843704e-06,0.005901143603289433,0.6339418616922213,1.0,491,0.00026631488271381933
16000,sign_bias,highest activity,positive,3,0.014706401209677419,0.0005304622799833464,0.005627523952801423,0.6290970302579395,1.0,496,0.00025268328480145246
16000,sign_bias,highest activity,positive,4,0.01881275,0.00046595819203302955,0.005517769444267585,0.6334033377086068,1.0,500,0.00024676215123107116
16000,sign_bias,highest activity,positive,5,0.02301388888888889,0.0004344536432290764,0.005634907705619687,0.6278545430531903,1.0,513,0.00024878725283894736
16000,sign_bias,highest activity,positive,6,0.027268686868686866,0.00033284955922619104,0.005523436989952428,0.6306471174650435,1.0,495,0.0002482600305966874
16000,sign_bias,highest activity,positive,7,0.03159625,0.0010667196833097738,0.006339511796333043,0.630898056128508,1.0,500,0.0002835115864152497
16000,sign_bias,highest activity,positive,8,0.036247210953346855,0.0007800671347936871,0.0056882291424588975,0.6257490484636019,1.0,493,0.0002561849562316831
16000,sign_bias,highest activity,positive,9,0.0408441235059761,0.0006647256039208481,0.00533766251781304,0.6238612024805334,1.0,502,0.00023823153705406828
16000,sign_bias,highest activity,positive,10,0.04551973684210526,0.0006345147408081507,0.005309155617842749,0.6250390649415588,1.0,513,0.00023440494681754582
16000,sign_bias,highest activity,positive,11,0.05006463782696177,0.0011595154948608264,0.005231613123374947,0.6252977581722601,1.0,497,0.00023466992047296273
16000,sign_bias,highest activity,positive,12,0.05487371663244354,0.0008117738800927142,0.005761355285738976,0.6236766851316298,1.0,487,0.00026107192841040377
16000,sign_bias,highest activity,positive,13,0.0596831983805668,0.0011593696420347682,0.0053646042613854795,0.6222915501044726,1.0,494,0.00024136495659019753
16000,sign_bias,highest activity,positive,14,0.06487624501992031,0.0011496017685442158,0.005514928508694332,0.6201667484695881,1.0,502,0.00024614330542348657
16000,sign_bias,highest activity,positive,15,0.07011678286852589,0.001194058573784281,0.005566478126863018,0.6196489123199682,1.0,502,0.00024844407748052325
16000,sign_bias,highest activity,positive,16,0.07569770916334662,0.0013905037361787336,0.005575298270279088,0.6248850463512535,1.0,502,0.00024883773974673724
16000,sign_bias,highest activity,positive,17,0.08154819277108434,0.0012914129574173035,0.005720915856039168,0.6195008171946489,1.0,498,0.00025636036944083244
16000,sign_bias,highest activity,positive,18,0.0876230079681275,0.0019975002767035673,0.005125602483567077,0.6203999552760892,1.0,502,0.0002287668345297781
16000,sign_bias,highest activity,positive,19,0.09461057692307692,0.001342493062976114,0.0059301872531586615,0.6153383068223139,1.0,494,0.0002668117384227557
16000,sign_bias,highest activity,positive,20,0.10213649999999999,0.0015855927673401949,0.005147676492159651,0.6174140883805238,1.0,500,0.00023021109125293286
16000,sign_bias,highest activity,positive,21,0.1098186127744511,0.001705620838466676,0.005612476231793014,0.6083723546094885,1.0,501,0.00025074694583024663
16000,sign_bias,highest activity,positive,22,0.11885151515151515,0.0022280016517280616,0.005577755922080155,0.6115910022154162,1.0,495,0.000250701485034665
16000,sign_bias,highest activity,positive,23,0.1284098605577689,0.002365906684236907,0.005389111632064532,0.6049837776215595,1.0,502,0.00024052782340175315
16000,sign_bias,highest activity,positive,24,0.13891204637096774,0.0018349171739936577,0.004754086854883042,0.6012574626639972,1.0,496,0.00021346480135819732
16000,sign_bias,highest activity,positive,25,0.1506305,0.0023828224275394246,0.005960035567602627,0.5942091380711295,1.0,500,0.00026654089354952035
16000,sign_bias,highest activity,positive,26,0.16605586172344688,0.0022491643308589645,0.005048690619863732,0.5878305770864186,1.0,499,0.00022601043201799778
16000,sign_bias,highest activity,positive,27,0.18512474949899801,0.002194176447452985,0.004889649711159053,0.5848074673003737,1.0,499,0.00021889078314439546
16000,sign_bias,highest activity,positive,28,0.21281049999999999,0.002246823529472063,0.005013702963229949,0.5712758297393588,1.0,500,0.00022421961289548588
16000,sign_bias,highest activity,positive,29,0.2856943887775551,0.002364225306008938,0.005044766077449663,0.5425664755349814,1.0,499,0.00022583474537105078
16000,trade_imbalance,highest activity,negative,29,-0.40102525092955665,-0.010311042794677027,0.006733576896830229,0.6097370182999521,1.0,493,0.0003032650512829775
16000,trade_imbalance,highest activity,negative,28,-0.3143821199288594,-0.007624355090551678,0.005032523885562626,0.6076832641796704,1.0,493,0.00022665347669177115
16000,trade_imbalance,highest activity,negative,27,-0.2771251279185078,-0.0067234265997631265,0.004516068437881887,0.6071390640776837,1.0,492,0.00020360008892590412
16000,trade_imbalance,highest activity,negative,26,-0.2514141822376363,-0.006224120805257113,0.003980848445436384,0.6075399996475438,1.0,493,0.0001792883970068463
16000,trade_imbalance,highest activity,negative,25,-0.23326184042701795,-0.006160757021942239,0.004038980903934463,0.6083833586455137,1.0,493,0.00018190655126241355
16000,trade_imbalance,highest activity,negative,24,-0.2160911098108448,-0.005654190067344273,0.003396842114866635,0.6053035835064895,1.0,492,0.00015314146943673734
16000,trade_imbalance,highest activity,negative,23,-0.2008133802155745,-0.005533938102579833,0.004531911721712335,0.6101632619787216,1.0,493,0.00020410703876300732
16000,trade_imbalance,highest activity,negative,22,-0.1879506047998635,-0.005197855625596293,0.00461846786476708,0.6090111869314347,1.0,493,0.00020800533138883457
16000,trade_imbalance,highest activity,negative,21,-0.17629170772652486,-0.0048066306055136385,0.004124916743718911,0.6023788580282202,1.0,492,0.00018596560866713025
16000,trade_imbalance,highest activity,negative,20,-0.1650659567593704,-0.004767398043679345,0.0039336262226298815,0.6104487767808003,1.0,493,0.0001771616150541739
16000,trade_imbalance,highest activity,negative,19,-0.15438623680795868,-0.004241204060699184,0.003301865815671665,0.6101215504468015,1.0,493,0.00014870855731825827
16000,trade_imbalance,highest activity,negative,18,-0.14427476307246104,-0.003922549852822383,0.003360918269414541,0.6096035219680905,1.0,492,0.0001515218974065054
16000,trade_imbalance,highest activity,negative,17,-0.1345879980105625,-0.004147586993051853,0.0037852060800841816,0.6062323621392666,1.0,493,0.00017047710801873235
16000,trade_imbalance,highest activity,negative,16,-0.12535485933437096,-0.0037239322733685232,0.003400827989087945,0.6124691870321003,1.0,493,0.00015316558945080745
16000,trade_imbalance,highest activity,negative,15,-0.11702696446451491,-0.0035032577655787632,0.0030307876491495337,0.611584082745009,0.9979674796747967,492,0.00013663845961816128
16000,trade_imbalance,highest activity,negative,14,-0.10925559265780224,-0.0033621329606892012,0.00313498830246813,0.6117335933901549,1.0,493,0.00014119277211597313
16000,trade_imbalance,highest activity,negative,13,-0.1008252302488809,-0.002936434807465374,0.0029846691770991822,0.60818798639418,1.0,493,0.00013442273919553736
16000,trade_imbalance,highest activity,negative,12,-0.09276689561599373,-0.002795002603129663,0.0031791409479024098,0.6100017938113003,0.9959349593495935,492,0.000143326742852572
16000,trade_imbalance,highest activity,negative,11,-0.08497731627612547,-0.0026635086834932045,0.0033066065340744953,0.6161358715751377,1.0,493,0.00014892206853697314
16000,trade_imbalance,highest activity,negative,10,-0.07779358365610534,-0.00243051341257877,0.00345609639067794,0.6144622122046928,1.0,493,0.00015565475307057812
16000,trade_imbalance,highest activity,negative,9,-0.0697984537188695,-0.0021984859391323075,0.002788306170682147,0.6156714825164378,1.0,492,0.00012570655031299594
16000,trade_imbalance,highest activity,negative,8,-0.06228481687639275,-0.0020026297358885295,0.0028564068772890558,0.6153058247682062,1.0,493,0.00012864609573760028
16000,trade_imbalance,highest activity,negative,7,-0.054364475512904596,-0.0017894574795144526,0.0030163169561334504,0.6145344783846152,1.0,493,0.00013584808347820795
16000,trade_imbalance,highest activity,negative,6,-0.04687905050368479,-0.0011815243642742286,0.003084556112384842,0.6139220083369031,1.0,492,0.00013906252914826177
16000,trade_imbalance,highest activity,negative,5,-0.03988002728768906,-0.001415862617040129,0.0031090923816749,0.6170066156518149,1.0,493,0.00014002647850000868
16000,trade_imbalance,highest activity,negative,4,-0.032844172680018685,-0.001077734527432778,0.0034262171424806935,0.6181173595154971,1.0,493,0.00015430905941092742
16000,trade_imbalance,highest activity,negative,3,-0.025468869774080277,-0.0008533917321314404,0.003899820338610823,0.6091487171200233,1.0,492,0.00017581747899919213
16000,trade_imbalance,highest activity,negative,2,-0.018087575030369958,-0.0003060669346081701,0.003140124137901176,0.6179039841105688,0.9979716024340771,493,0.0001414240785107537
16000,trade_imbalance,highest activity,negative,1,-0.0109158577740673,-0.00020751069403481144,0.0034683766396274504,0.614810104130494,0.9979716024340771,493,0.00015620782766740852
16000,trade_imbalance,highest activity,negative,0,-0.00365252695175499,2.749725473143399e-07,0.0027534533625393643,0.6144718476953491,1.0,493,0.0001240093026321372
16000,trade_imbalance,highest activity,positive,0,0.0031517769530449474,0.0001650072859060025,0.0031734440552693747,0.623551316032096,1.0,481,0.00014469659397351207
16000,trade_imbalance,highest activity,positive,1,0.010002334654124454,0.00022893657524913476,0.002969217674063443,0.6162508854720087,1.0,480,0.00013552562485229748
16000,trade_imbalance,highest activity,positive,2,0.017409123028967678,0.00039303551993544097,0.0030971299078725372,0.6178301508427609,1.0,480,0.00014136399283880713
16000,trade_imbalance,highest activity,positive,3,0.024323556388651114,0.0008712296167940752,0.0028872622836773987,0.620122742046378,1.0,480,0.00013178489018366593
16000,trade_imbalance,highest activity,positive,4,0.03130275425979193,0.0012310749334939648,0.004431691024281292,0.6182296549784361,1.0,480,0.00020227809515766987
16000,trade_imbalance,highest activity,positive,5,0.038605382175925136,0.0013786582824994874,0.003566469807246216,0.6210789215992666,1.0,480,0.00016278633034082118
16000,trade_imbalance,highest activity,positive,6,0.04585766993868796,0.0013681301515486599,0.0030892815994330142,0.6135034481321749,1.0,480,0.00014100576820792504
16000,trade_imbalance,highest activity,positive,7,0.05330854125917973,0.0018910378787458289,0.0032376700608364203,0.6176774069212658,1.0,480,0.0001477787438399359
16000,trade_imbalance,highest activity,positive,8,0.06093512624986649,0.0021549478846209147,0.004503602497224265,0.6147531356126426,1.0,480,0.0002055603898138606
16000,trade_imbalance,highest activity,positive,9,0.06869715020962748,0.002063743682474109,0.0028206064328236947,0.6107612194512158,1.0,480,0.00012874248075847645
16000,trade_imbalance,highest activity,positive,10,0.0766451652439434,0.002350253358837053,0.0031716803841640713,0.6203033522928517,1.0,480,0.00014476674096694273
16000,trade_imbalance,highest activity,positive,11,0.0842396610914881,0.003052637976707421,0.0036059780654937807,0.6181706669166823,1.0,480,0.00016458962736164875
16000,trade_imbalance,highest activity,positive,12,0.0921506377489523,0.0027016009837215055,0.003174134982236536,0.6131979602891847,1.0,480,0.00014487877752810088
16000,trade_imbalance,highest activity,positive,13,0.10027390509437481,0.0032163313017323225,0.0031140594322358684,0.6136861418421984,1.0,480,0.00014213671637060962
16000,trade_imbalance,highest activity,positive,14,0.10837325994802847,0.0034255060251991844,0.0033346338500360785,0.6149583567722983,1.0,480,0.00015220451505708828
16000,trade_imbalance,highest activity,positive,15,0.11655655174475799,0.004045364563859452,0.003770456745553136,0.6144851501135488,1.0,480,0.00017209701763641407
16000,trade_imbalance,highest activity,positive,16,0.12520577643541345,0.004119319983932103,0.003935125291241804,0.6124731754067962,1.0,480,0.0001796130740518519
16000,trade_imbalance,highest activity,positive,17,0.1342519619948645,0.004101774319827351,0.004197946310691973,0.6076141477592351,1.0,480,0.00019160915746346534
16000,trade_imbalance,highest activity,positive,18,0.14390238554360318,0.004187647085184446,0.0036490749429664133,0.6065937714857179,1.0,480,0.0001665567216907985
16000,trade_imbalance,highest activity,positive,19,0.15431815276529062,0.00488686706818548,0.004144380926673606,0.6101231587390878,1.0,480,0.0001891642433694415
16000,trade_imbalance,highest activity,positive,20,0.16489060934973204,0.004511207364850352,0.0032061224727824673,0.6060087088776382,1.0,480,0.00014633880003893336
16000,trade_imbalance,highest activity,positive,21,0.17627053833857206,0.004672025652523824,0.0033038728485434415,0.6081499885409504,1.0,480,0.000150800473856341
16000,trade_imbalance,highest activity,positive,22,0.18772448815569323,0.004983912064762597,0.003314954953530641,0.60517350042711,1.0,480,0.00015130630043018513
16000,trade_imbalance,highest activity,positive,23,0.20033003306632433,0.0056203448271845,0.0036936274637081584,0.6074750765672854,1.0,480,0.00016859025674112937
16000,trade_imbalance,highest activity,positive,24,0.21441195973315538,0.006133199528553241,0.004652537601363526,0.6111269975206783,1.0,480,0.00021235831615898178
16000,trade_imbalance,highest activity,positive,25,0.22999014188240713,0.0060670040593114455,0.0038469462463073716,0.6082864554034627,1.0,480,0.00017558826971769768
16000,trade_imbalance,highest activity,positive,26,0.2498765750814956,0.006507140242313071,0.004833490888895414,0.6025614882180136,1.0,480,0.00022061766594530958
16000,trade_imbalance,highest activity,positive,27,0.274106624516543,0.006740771145093043,0.004288620594885644,0.6052878304894056,1.0,480,0.00019574785336667433
16000,trade_imbalance,highest activity,positive,28,0.3096491453228985,0.007986857799859626,0.004485876561906985,0.6065610871512803,1.0,480,0.0002047513152616813
16000,trade_imbalance,highest activity,positive,29,0.3869291306711707,0.008822338188566066,0.0057185393604489865,0.6038007583807321,1.0,480,0.00026101441697492297
