n_events,side,bin,mean_q,median_q,mean_response,response_std,observations,standard_error,q_scale,r_scale,scaled_q,scaled_response,master_prediction,collapse_residual
100,negative,59,-0.0006112497680929934,-0.0004684022882751641,-0.00040702098164674817,0.0005442185368428076,195089,1.2321311550734474e-06,1.0371572410318829e-05,0.00014132649299016328,-58.93511069592997,-2.8800048245382976,-2.570150168097998,-0.3098546564402995
100,negative,58,-0.00026374221550361183,-0.00025967143849878877,-0.0003026176502725048,0.00035868102779678675,195088,8.120693652190371e-07,1.0371572410318829e-05,0.00014132649299016328,-25.42933752660405,-2.1412662542582717,-2.109867030214062,-0.031399224044209806
100,negative,57,-0.0001925428574177222,-0.00019134799807078468,-0.0002743749000613646,0.00031309358293745435,195089,7.088556009664855e-07,1.0371572410318829e-05,0.00014132649299016328,-18.564480852118287,-1.9414258024534852,-1.9572724422075274,0.015846639754042213
100,negative,56,-0.00015501133001977047,-0.0001545091369588021,-0.00025857823302964883,0.00031471318055461444,195088,7.125242567996775e-07,1.0371572410318829e-05,0.00014132649299016328,-14.945788727806349,-1.8296515222212908,-1.8572545508449205,0.027603028623629733
100,negative,55,-0.0001308817132538124,-0.0001306127640928296,-0.0002476278898501531,0.0003554779020676342,195088,8.048173499854258e-07,1.0371572410318829e-05,0.00014132649299016328,-12.619273922592132,-1.752168928916878,-1.7817385084424535,0.029569579525575485
100,negative,54,-0.00011375250291606158,-0.00011358519248574063,-0.00023920009862340747,0.0002743075775949337,195089,6.210426318592455e-07,1.0371572410318829e-05,0.00014132649299016328,-10.967720073273322,-1.6925354444340204,-1.7206164806543836,0.028081036220363176
100,negative,53,-0.00010076541233235496,-0.00010065575298183149,-0.00023210069652357962,0.0002831088848446835,195088,6.409707639567302e-07,1.0371572410318829e-05,0.00014132649299016328,-9.715538622870914,-1.6423013945427378,-1.6687374339802419,0.026436039437504055
100,negative,52,-9.046045218213604e-05,-9.0376118394593e-05,-0.0002258522337217787,0.00028648918989222766,195089,6.486222584511582e-07,1.0371572410318829e-05,0.00014132649299016328,-8.721961203504264,-1.5980884329840312,-1.6232117997085809,0.025123366724549623
100,negative,51,-8.210396294375716e-05,-8.205595405520516e-05,-0.00022097168891701923,0.0002802533641855227,195088,6.345057416406675e-07,1.0371572410318829e-05,0.00014132649299016328,-7.9162502748446055,-1.5635546049557705,-1.5827516300280304,0.019197025072259954
100,negative,50,-7.509134451258108e-05,-7.504184135974734e-05,-0.00021542662667734785,0.0002616737743328712,195088,5.924407463707728e-07,1.0371572410318829e-05,0.00014132649299016328,-7.2401118694279765,-1.5243187750533238,-1.545794894391995,0.021476119338671218
100,negative,49,-6.911276276178269e-05,-6.908236536532561e-05,-0.00021102021828704767,0.0002585713883067735,195089,5.854153097974915e-07,1.0371572410318829e-05,0.00014132649299016328,-6.663672587680282,-1.4931398481793168,-1.511672321521356,0.018532473342039335
100,negative,48,-6.392611892114477e-05,-6.39001711678024e-05,-0.00020572417697366715,0.00026620894970903194,195088,6.027085796361621e-07,1.0371572410318829e-05,0.00014132649299016328,-6.163589896701077,-1.4556660440727567,-1.479740073048161,0.024074028975404227
100,negative,47,-5.936228034270862e-05,-5.934086814806703e-05,-0.00020260123831351723,0.00025377584028728715,195089,5.745580094292635e-07,1.0371572410318829e-05,0.00014132649299016328,-5.723556467064553,-1.4335687104867085,-1.4495229875419464,0.015954277055237887
100,negative,46,-5.5334104307938225e-05,-5.53195957984707e-05,-0.0001995232270568477,0.00028697923346597385,195088,6.497334006854516e-07,1.0371572410318829e-05,0.00014132649299016328,-5.335170224804632,-1.4117892748582892,-1.420916325331566,0.009127050473276777
100,negative,45,-5.171468401834625e-05,-5.1699133634536075e-05,-0.00019569658093569075,0.00030022708228761354,195088,6.797271035840666e-07,1.0371572410318829e-05,0.00014132649299016328,-4.986195146928209,-1.3847126380565586,-1.393405057627438,0.008692419570879295
100,negative,44,-4.845886099670185e-05,-4.844271772410736e-05,-0.00019115701017121864,0.0002865398057098321,195089,6.487368545583981e-07,1.0371572410318829e-05,0.00014132649299016328,-4.67227717067177,-1.3525914789700733,-1.366961071866885,0.014369592896811723
100,negative,43,-4.550792254414012e-05,-4.54984575024785e-05,-0.00018868705961730127,0.0004114225214349453,195088,9.314783886695576e-07,1.0371572410318829e-05,0.00014132649299016328,-4.387755370522566,-1.3351145678711098,-1.3413900117172226,0.006275443846112783
100,negative,42,-4.280185781039449e-05,-4.279179518485955e-05,-0.00018316921227271772,0.0002538522956999598,195089,5.747311073477476e-07,1.0371572410318829e-05,0.00014132649299016328,-4.126843656590615,-1.296071305508634,-1.3163993865705916,0.020328081061957715
100,negative,41,-4.032884528008623e-05,-4.031820105815087e-05,-0.00018078240389737615,0.000251538485999102,195088,5.694940150812134e-07,1.0371572410318829e-05,0.00014132649299016328,-3.8884022291511435,-1.2791826930139638,-1.2920829986793052,0.012900305665341394
100,negative,40,-3.804583911039547e-05,-3.803872613988419e-05,-0.0001786124615989126,0.0002669165596025113,195088,6.043106390496477e-07,1.0371572410318829e-05,0.00014132649299016328,-3.6682807201483847,-1.2638285845764567,-1.2682035842287427,0.004374999652285938
100,negative,39,-3.592899607487539e-05,-3.592411645184606e-05,-0.0001734773100336739,0.0002567803134906679,195089,5.813602493161015e-07,1.0371572410318829e-05,0.00014132649299016328,-3.4641802277858185,-1.2274932064276753,-1.244663966614873,0.017170760187197764
100,negative,38,-3.395560477323651e-05,-3.39512653583899e-05,-0.0001695150221356899,0.00025443310408216095,195088,5.760475556565264e-07,1.0371572410318829e-05,0.00014132649299016328,-3.273910977997279,-1.199456793621056,-1.2213429228538246,0.02188612923276856
100,negative,37,-3.2112019449040604e-05,-3.210548052120662e-05,-0.00016757861898918528,0.00026882031779539473,195089,6.086192701078854e-07,1.0371572410318829e-05,0.00014132649299016328,-3.0961572824861046,-1.1857551648214268,-1.198195360547048,0.01244019572562105
100,negative,36,-3.0389488627516114e-05,-3.0384944904218477e-05,-0.0001649041978157246,0.0002659230788496026,195088,6.020613556422493e-07,1.0371572410318829e-05,0.00014132649299016328,-2.930075346847231,-1.1668314576178043,-1.175224162235226,0.008392704617421698
100,negative,35,-2.8776364093635063e-05,-2.8771022352408274e-05,-0.00016116956562571693,0.0002565146179047665,195088,5.80760193007325e-07,1.0371572410318829e-05,0.00014132649299016328,-2.774542080524361,-1.1404058942928328,-1.1523833667729544,0.011977472480121598
100,negative,34,-2.726192792079973e-05,-2.7259874620461427e-05,-0.00015711574027409714,0.00024940827994642813,195089,5.646696891988374e-07,1.0371572410318829e-05,0.00014132649299016328,-2.6285240889487924,-1.1117217794757903,-1.1296224928881387,0.017900713412348335
100,negative,33,-2.5831305679399735e-05,-2.5829579655544802e-05,-0.0001545938160455857,0.00027467101191414457,195088,6.218670545785365e-07,1.0371572410318829e-05,0.00014132649299016328,-2.4905872183565716,-1.093877112314291,-1.106803657166362,0.012926544852071009
100,negative,32,-2.4473725954985918e-05,-2.44711177418067e-05,-0.00015046382394158628,0.0002538811310119958,195089,5.747963915744334e-07,1.0371572410318829e-05,0.00014132649299016328,-2.3596929170196654,-1.064654055712392,-1.0838210393812295,0.01916698366883751
100,negative,31,-2.318864995298642e-05,-2.3184361082022945e-05,-0.00014872639319263997,0.0002544224401888085,195088,5.760234121406046e-07,1.0371572410318829e-05,0.00014132649299016328,-2.2357892357686953,-1.0523603186204566,-1.0607294838392929,0.008369165218836239
100,negative,30,-2.1968273488371707e-05,-2.196464886284698e-05,-0.00014495247726313616,0.0002511234229499756,195088,5.685542943803436e-07,1.0371572410318829e-05,0.00014132649299016328,-2.1181237154083936,-1.0256567908553795,-1.0374537843933107,0.011796993537931177
100,negative,29,-2.0806887500056316e-05,-2.0803387857755167e-05,-0.0001412722642725337,0.0002491353115282612,195089,5.640516784740911e-07,1.0371572410318829e-05,0.00014132649299016328,-2.0061459031376225,-0.9996162876720265,-1.013941557447177,0.014325269775150584
100,negative,28,-1.9697569940502536e-05,-1.9695515314139688e-05,-0.00013875564124719072,0.00025898245908241205,195088,5.863474922043359e-07,1.0371572410318829e-05,0.00014132649299016328,-1.8991883931606297,-0.9818091308389609,-0.9900996323802201,0.00829050154125921
100,negative,27,-1.8638914572186592e-05,-1.863769088381444e-05,-0.00013595745391770299,0.0002568423787116793,195089,5.815007673015753e-07,1.0371572410318829e-05,0.00014132649299016328,-1.7971155997177886,-0.9620096773162411,-0.9659413289972881,0.0039316516810470326
100,negative,26,-1.7627317954579033e-05,-1.7624024246724335e-05,-0.0001323221531738205,0.0002568390477457945,195088,5.814947162038265e-07,1.0371572410318829e-05,0.00014132649299016328,-1.6995800884580776,-0.9362869648440969,-0.9414299091212859,0.005142944277188977
100,negative,25,-1.6659439293761914e-05,-1.665702244898271e-05,-0.00012884119952599732,0.0002542989119341052,195088,5.757437388275227e-07,1.0371572410318829e-05,0.00014132649299016328,-1.6062597487327182,-0.9116563837394949,-0.9165272719239803,0.004870888184485445
100,negative,24,-1.5729647447424064e-05,-1.572832724757739e-05,-0.00012648961215953362,0.0002593276368329138,195089,5.871274847914589e-07,1.0371572410318829e-05,0.00014132649299016328,-1.5166116404658574,-0.8950169885581017,-0.8911225763724968,-0.003894412185604934
100,negative,23,-1.4838088176338058e-05,-1.4838170968527373e-05,-0.00012174340535790474,0.00026155746753896305,195088,5.921774227573669e-07,1.0371572410318829e-05,0.00014132649299016328,-1.430649817531566,-0.8614337112743499,-0.8652518895914278,0.0038181783170779804
100,negative,22,-1.3979285231264617e-05,-1.3979153931837957e-05,-0.00011831585367321206,0.00025693205805538165,195089,5.817038046953091e-07,1.0371572410318829e-05,0.00014132649299016328,-1.3478462742405792,-0.8371809925365314,-0.8387854301615847,0.0016044376250532455
100,negative,21,-1.3152367676734631e-05,-1.315217018560677e-05,-0.00011345588249187263,0.0002498262814503183,195088,5.656175099044644e-07,1.0371572410318829e-05,0.00014132649299016328,-1.268117037263236,-0.8027927396441478,-0.8117189829594265,0.008926243315278692
100,negative,20,-1.2351427557104673e-05,-1.2350136913206347e-05,-0.0001104480213953933,0.0002698488334358145,195088,6.109494338726847e-07,1.0371572410318829e-05,0.00014132649299016328,-1.190892476903122,-0.781509673512388,-0.7838718189816272,0.0023621454692391852
100,negative,19,-1.1580215335596191e-05,-1.1579518271461258e-05,-0.0001063149121679234,0.00027004317884667155,195089,6.113878733391261e-07,1.0371572410318829e-05,0.00014132649299016328,-1.1165342030563143,-0.7522645607241044,-0.7553904998448644,0.0031259391207599796
100,negative,18,-1.0835800186986035e-05,-1.0834824536618061e-05,-0.0001029247082024639,0.00025889117968634086,195088,5.861408317024397e-07,1.0371572410318829e-05,0.00014132649299016328,-1.0447596331878606,-0.7282761075068052,-0.7261962581359167,-0.0020798493708884536
100,negative,17,-1.0116485860562889e-05,-1.0115311950416683e-05,-9.966982042257316e-05,0.0002898620191975131,195089,6.562584703521638e-07,1.0371572410318829e-05,0.00014132649299016328,-0.975405219221904,-0.7052451264711597,-0.6962480439650496,-0.008997082506110088
100,negative,16,-9.418222687098115e-06,-9.417731239487684e-06,-9.436573424238706e-05,0.00025043757196177937,195088,5.670014980698152e-07,1.0371572410318829e-05,0.00014132649299016328,-0.9080805025984091,-0.6677143983821574,-0.6653931742656588,-0.002321224116498599
100,negative,15,-8.741482240485027e-06,-8.740895417609773e-06,-9.057905251552147e-05,0.00028236090286896465,195088,6.392773004023618e-07,1.0371572410318829e-05,0.00014132649299016328,-0.8428309512439983,-0.6409205422073696,-0.6336661374630482,-0.007254404744321374
100,negative,14,-8.083582888816448e-06,-8.082814696639825e-06,-8.664696650199389e-05,0.0002496369453079045,195089,5.651873961435433e-07,1.0371572410318829e-05,0.00014132649299016328,-0.7793980091942446,-0.6130978323223852,-0.6009575153616892,-0.012140316960696063
100,negative,13,-7.442098466217346e-06,-7.441668515637274e-06,-8.150779461974297e-05,0.00024756604995325904,195088,5.605002480065062e-07,1.0371572410318829e-05,0.00014132649299016328,-0.7175477518542023,-0.5767340071575692,-0.5671533430387503,-0.00958066411881886
100,negative,12,-6.819572731883119e-06,-6.819029611453303e-06,-7.755983953201213e-05,0.00026090274629185273,195089,5.906935916136713e-07,1.0371572410318829e-05,0.00014132649299016328,-0.6575254418605059,-0.548799010652663,-0.5324081409070495,-0.016390869745613545
100,negative,11,-6.213206564835401e-06,-6.212564186918609e-06,-7.286032051096636e-05,0.0002468642841774307,195088,5.589114199282275e-07,1.0371572410318829e-05,0.00014132649299016328,-0.5990611952584732,-0.5155460874277666,-0.4965997948583181,-0.01894629256944852
100,negative,10,-5.622915584308697e-06,-5.622663840358105e-06,-6.79203475090193e-05,0.00026995767287044456,195088,6.111958510616109e-07,1.0371572410318829e-05,0.00014132649299016328,-0.5421468762744572,-0.48059175652046177,-0.4597602298944355,-0.020831526626026275
100,negative,9,-5.045552897064789e-06,-5.045145543699203e-06,-6.218039784543268e-05,0.0002586875468809572,195089,5.856782971610071e-07,1.0371572410318829e-05,0.00014132649299016328,-0.4864790696582222,-0.4399769394246598,-0.42173150583042757,-0.018245433594232252
100,negative,8,-4.479386414007565e-06,-4.479230213116144e-06,-5.73683884102033e-05,0.0002589494589731891,195088,5.862727785293099e-07,1.0371572410318829e-05,0.00014132649299016328,-0.4318907718901869,-0.4059280549344439,-0.38243210203301053,-0.02349595290143336
100,negative,7,-3.924493107827018e-06,-3.92343488928517e-06,-5.140516505460534e-05,0.0002584165748473207,195089,5.850648063256268e-07,1.0371572410318829e-05,0.00014132649299016328,-0.37838940447665226,-0.3637333946875996,-0.3419128343264698,-0.02182056036112978
100,negative,6,-3.3795857073149736e-06,-3.37935867787537e-06,-4.504707049493014e-05,0.0002570868517318625,195088,5.820557551494911e-07,1.0371572410318829e-05,0.00014132649299016328,-0.32585085208030506,-0.3187446991843599,-0.30014365186754643,-0.018601047316813446
100,negative,5,-2.8447512287580568e-06,-2.844334554002816e-06,-3.902928598593827e-05,0.00026027126229727403,195088,5.892653984426836e-07,1.0371572410318829e-05,0.00014132649299016328,-0.2742835045848759,-0.27616397435585427,-0.2572177036369574,-0.018946270718896874
100,negative,4,-2.3153533935574355e-06,-2.3151510994835174e-06,-3.3084380403266006e-05,0.0002633305666754702,195089,5.96190267913842e-07,1.0371572410318829e-05,0.00014132649299016328,-0.22324034408262497,-0.2340989272660206,-0.2128590863264024,-0.0212398409396182
100,negative,3,-1.7911559108718695e-06,-1.7908162573719536e-06,-2.6143783786647652e-05,0.00031341782110557527,195088,7.09591506963498e-07,1.0371572410318829e-05,0.00014132649299016328,-0.17269858802603763,-0.18498855546119958,-0.16716052364997575,-0.017828031811223832
100,negative,2,-1.2754851767078435e-06,-1.2754830151684243e-06,-1.9307819386606515e-05,0.0002874680833754522,195089,6.508385099687497e-07,1.0371572410318829e-05,0.00014132649299016328,-0.12297895885476774,-0.1366185417758183,-0.12059183233101531,-0.016026709444803
100,negative,1,-7.626306339682769e-07,-7.629945925059259e-07,-1.2712276214530546e-05,0.0002717728588171854,195088,6.153055105788114e-07,1.0371572410318829e-05,0.00014132649299016328,-0.07353085952613363,-0.08994970401915624,-0.07287272185317473,-0.01707698216598151
100,negative,0,-2.530173637567611e-07,-2.525995002102864e-07,-4.723269351290402e-06,0.00025483021564101763,195089,5.769451547294027e-07,1.0371572410318829e-05,0.00014132649299016328,-0.024395275253059064,-0.03342097614789857,-0.024354739128623105,-0.009066237019275468
100,positive,0,2.520566941341912e-07,2.516414717896497e-07,2.2089786273912293e-06,0.0002527788546581283,194016,5.738811612714453e-07,1.0371572410318829e-05,0.00014132649299016328,0.02430264999002623,0.01563032224640981,0.024262502489894814,-0.008632180243485003
100,positive,1,7.570468977954045e-07,7.569100479628874e-07,8.997987744740724e-06,0.0002692012420198241,194016,6.111647336759714e-07,1.0371572410318829e-05,0.00014132649299016328,0.07299249022667069,0.06366808907772875,0.07234640792298058,-0.008678318845251831
100,positive,2,1.2662669099101343e-06,1.2657569820272906e-06,1.5669136160083126e-05,0.0002700925391468791,194015,6.131898163782766e-07,1.0371572410318829e-05,0.00014132649299016328,0.12209015757825756,0.11087189548511432,0.11974579241625935,-0.008873896931145028
100,positive,3,1.7807389104936771e-06,1.7808000293551376e-06,2.3761026245043965e-05,0.0002931333872986711,194016,6.654976300842431e-07,1.0371572410318829e-05,0.00014132649299016328,0.1716942079796882,0.16812860591324372,0.16623514820268837,0.0018934577105553518
100,positive,4,2.300591439481545e-06,2.299836256896434e-06,2.9924693725677662e-05,0.00027039095556293885,194016,6.138657277548727e-07,1.0371572410318829e-05,0.00014132649299016328,0.22181703491677435,0.2117415715379034,0.21159595767799386,0.00014561385990954911
100,positive,5,2.8268149304567336e-06,2.826121322645194e-06,3.5386282419496036e-05,0.00027174009023347144,194015,6.169302438312244e-07,1.0371572410318829e-05,0.00014132649299016328,0.2725541334160955,0.25038675814278516,0.2557450538516895,-0.005358295708904337
100,positive,6,3.3622624016833306e-06,3.361437185461751e-06,4.2326790359230226e-05,0.0002834866211286834,194016,6.435966788372174e-07,1.0371572410318829e-05,0.00014132649299016328,0.32418058406825245,0.29949650248645376,0.2987832552417532,0.0007132472447005656
100,positive,7,3.908182102737203e-06,3.908288020251028e-06,4.749802233543044e-05,0.00025703237819418596,194016,5.835378907857457e-07,1.0371572410318829e-05,0.00014132649299016328,0.37681673984639935,0.3360871789179431,0.3406911957839656,-0.00460401686602252
100,positive,8,4.4633611839525205e-06,4.4629824046100395e-06,5.392427491650405e-05,0.0002706665562805726,194015,6.144930047666684e-07,1.0371572410318829e-05,0.00014132649299016328,0.4303456609445119,0.38155814791397485,0.38129001431994947,0.00026813359402538817
100,positive,9,5.028647979287928e-06,5.027849892628046e-06,5.920603562142561e-05,0.00026532543565952664,194016,6.023655314724526e-07,1.0371572410318829e-05,0.00014132649299016328,0.4848491415134751,0.4189309050890162,0.4205873023228923,-0.0016563972338761168
100,positive,10,5.60680778173929e-06,5.606690409546249e-06,6.494675545229536e-05,0.0002739023263781453,194015,6.218391583414398e-07,1.0371572410318829e-05,0.00014132649299016328,0.540593803902,0.4595511717453842,0.4587265056316659,0.0008246661137182865
100,positive,11,6.200527585932932e-06,6.200001284284009e-06,7.049345180412987e-05,0.00026451074000368894,194016,6.005159365382273e-07,1.0371572410318829e-05,0.00014132649299016328,0.5978387211339272,0.4987985643218105,0.4958294551986849,0.002969109123125646
100,positive,12,6.808465873668128e-06,6.807885670395574e-06,7.519445899072736e-05,0.000288292657523876,194016,6.545077724542692e-07,1.0371572410318829e-05,0.00014132649299016328,0.6564545475182033,0.5320620175295874,0.5317700578845624,0.00029195964502493066
100,positive,13,7.432229928050008e-06,7.431398499997352e-06,8.020276059864227e-05,0.0002620958904903583,194015,5.95035062689701e-07,1.0371572410318829e-05,0.00014132649299016328,0.7165962531058043,0.5674998289543958,0.5666178129503222,0.0008820160040735603
100,positive,14,8.070537779493962e-06,8.06987057978993e-06,8.478255615938786e-05,0.0002614199860658531,194016,5.934990305495977e-07,1.0371572410318829e-05,0.00014132649299016328,0.7781402337281534,0.5999056112238557,0.6002893655408311,-0.0003837543169754598
100,positive,15,8.725525453105264e-06,8.724589883665827e-06,8.89979314476281e-05,0.0002653653896314792,194016,6.024562385525703e-07,1.0371572410318829e-05,0.00014132649299016328,0.8412924393628213,0.6297328233696607,0.6328951666617573,-0.0031623432920965255
100,positive,16,9.400943928179396e-06,9.398834611952683e-06,9.367354112808422e-05,0.0002541406108584606,194015,5.769742289024024e-07,1.0371572410318829e-05,0.00014132649299016328,0.9064145296643987,0.6628165685439046,0.6646060742015505,-0.0017895056576459067
100,positive,17,1.0097967306865427e-05,1.0096120146405245e-05,9.745746284009357e-05,0.0002659645478413383,194016,6.038165011019212e-07,1.0371572410318829e-05,0.00014132649299016328,0.9736197085042585,0.6895908953664964,0.695453095994452,-0.005862200627955616
100,positive,18,1.0816245465011421e-05,1.0815965174717297e-05,0.00010239360585711238,0.00026076329994586633,194016,5.920081629940876e-07,1.0371572410318829e-05,0.00014132649299016328,1.0428742178235366,0.724518126012221,0.7254053983768078,-0.0008872723645868552
100,positive,19,1.1557554352066566e-05,1.155696389673983e-05,0.00010677834570545192,0.00026982991833265956,194015,6.125935895837229e-07,1.0371572410318829e-05,0.00014132649299016328,1.1143492900428278,0.7555437303102398,0.7545272572142471,0.0010164730959927315
100,positive,20,1.2326935996464856e-05,1.2326081453684875e-05,0.00011020606051068149,0.0002547217563158307,194016,5.782921103639494e-07,1.0371572410318829e-05,0.00014132649299016328,1.1885310644122398,0.7797976032586624,0.7829933145884991,-0.003195711329836648
100,positive,21,1.3123499391470691e-05,1.312194392694164e-05,0.00011419413303437052,0.0002546777661082315,194015,5.78193729929769e-07,1.0371572410318829e-05,0.00014132649299016328,1.2653336323828708,0.8080164632849041,0.8107441083671225,-0.002727645082218455
100,positive,22,1.3947232748644504e-05,1.3944485154751199e-05,0.00011899582064567523,0.00026060292276209934,194016,5.916440603693403e-07,1.0371572410318829e-05,0.00014132649299016328,1.34475585734408,0.8419923124672575,0.8377662206457631,0.00422609182149436
100,positive,23,1.480272954277229e-05,1.4801792899375991e-05,0.00012147592582817194,0.00025323300651705903,194016,5.749122174353371e-07,1.0371572410318829e-05,0.00014132649299016328,1.427240630171452,0.8595410758308918,0.8641932170628681,-0.0046521412319763256
100,positive,24,1.568978068356047e-05,1.5687457760166684e-05,0.0001249832428889999,0.00026990476019905037,194015,6.127635027196227e-07,1.0371572410318829e-05,0.00014132649299016328,1.5127677909234358,0.8843581995464862,0.8899984734645804,-0.005640273918094185
100,positive,25,1.6615553806620946e-05,1.6613537628931505e-05,0.00012909600166168537,0.00026100570297659927,194016,5.925584880319982e-07,1.0371572410318829e-05,0.00014132649299016328,1.6020284243582863,0.9134593162986844,0.9153620417968077,-0.0019027254981233144
100,positive,26,1.7582158815446154e-05,1.75820491572415e-05,0.00013243512719003853,0.0002676242792228492,194016,6.075845717101544e-07,1.0371572410318829e-05,0.00014132649299016328,1.6952259618756949,0.9370863479875382,0.9403007294592025,-0.003214381471664307
100,positive,27,1.858529614672409e-05,1.8583558623205732e-05,0.00013675662482492198,0.0002563453737480131,194015,5.81979691680725e-07,1.0371572410318829e-05,0.00014132649299016328,1.7919458507789336,0.9676644621362013,0.9646784646196319,0.002985997516569361
100,positive,28,1.9636798196711428e-05,1.963545322799743e-05,0.00013945344341223507,0.0002484380308109059,194016,5.640262347836744e-07,1.0371572410318829e-05,0.00014132649299016328,1.893328939898688,0.9867466492778634,0.988751405469078,-0.0020047561912146517
100,positive,29,2.07364866685194e-05,2.07337958578691e-05,0.00014295314238598413,0.0002595624545666159,194016,5.892818964252968e-07,1.0371572410318829e-05,0.00014132649299016328,1.9993580383133003,1.0115098688250481,1.0124702432778496,-0.0009603744528015046
100,positive,30,2.1894348983205453e-05,2.1892416333011143e-05,0.0001469987034452043,0.00025313063081386567,194015,5.746812759757979e-07,1.0371572410318829e-05,0.00014132649299016328,2.110996107149813,1.0401355070449234,1.0359983439095812,0.004137163135342181
100,positive,31,2.3110508901165404e-05,2.310677149007545e-05,0.00014940763120643958,0.00026223893173601997,194016,5.953582742464221e-07,1.0371572410318829e-05,0.00014132649299016328,2.228255079063269,1.0571806322034663,1.0592800471393682,-0.002099414935901933
100,positive,32,2.4389849145629035e-05,2.4387477062981857e-05,0.00015289745921990365,0.00025857119027909795,194015,5.870329524420133e-07,1.0371572410318829e-05,0.00014132649299016328,2.351605733510882,1.0818740066701134,1.0823551430964808,-0.00048113642636749
100,positive,33,2.5732998523461083e-05,2.5729111514934836e-05,0.00015678533269059547,0.0002531264734578251,194016,5.746703565572598e-07,1.0371572410318829e-05,0.00014132649299016328,2.48110869841288,1.1093838768185393,1.1051846951170325,0.004199181701506793
100,positive,34,2.7153805856396254e-05,2.714975215328194e-05,0.00016039751994052404,0.0002492435940137797,194016,5.65855096406487e-07,1.0371572410318829e-05,0.00014132649299016328,2.618099241092945,1.1349430425029237,1.1279445488757738,0.006998493627149882
100,positive,35,2.866066257405473e-05,2.8656169977549436e-05,0.0001632429806857834,0.00025631288358425754,194015,5.819059294153536e-07,1.0371572410318829e-05,0.00014132649299016328,2.7633864413403524,1.1550769939302574,1.1506914364789738,0.0043855574512836615
100,positive,36,3.026460740515456e-05,3.0260175495076037e-05,0.0001667858414317169,0.00025574521852767825,194016,5.806156658031369e-07,1.0371572410318829e-05,0.00014132649299016328,2.9180346246287456,1.180145618156149,1.1735038587111086,0.006641759445040307
100,positive,37,3.196225943659923e-05,3.1957751311346896e-05,0.00017014727005107514,0.00025543781349011876,194016,5.7991776739635e-07,1.0371572410318829e-05,0.00014132649299016328,3.081717812122635,1.2039304623721037,1.19625207812354,0.007678384248563708
100,positive,38,3.3769975042059525e-05,3.37656195781067e-05,0.00017394183991349012,0.000251339642887314,194015,5.7061520454233e-07,1.0371572410318829e-05,0.00014132649299016328,3.256013042772693,1.2307801335280921,1.219074515317558,0.011705618210534174
100,positive,39,3.571799211900118e-05,3.571039276212916e-05,0.0001769365082593657,0.0002580969252012991,194016,5.859547206012633e-07,1.0371572410318829e-05,0.00014132649299016328,3.4438357759007525,1.251969850208347,1.2422368564854214,0.009732993722925576
100,positive,40,3.780552191389028e-05,3.7797319013678786e-05,0.0001811295696202202,0.0002636379919182752,194015,5.985360882804404e-07,1.0371572410318829e-05,0.00014132649299016328,3.645109961945309,1.2816391731508354,1.2656022699299516,0.016036903220883802
100,positive,41,4.0058005797645074e-05,4.005143479820169e-05,0.00018577382967098732,0.00027399291304530557,194016,6.220432137460432e-07,1.0371572410318829e-05,0.00014132649299016328,3.862288591630598,1.3145010941714779,1.289325605356848,0.02517548881462983
100,positive,42,4.249906060762465e-05,4.24921522511223e-05,0.00018727492618182917,0.00029012974163176633,194016,6.586784850821719e-07,1.0371572410318829e-05,0.00014132649299016328,4.09764873890691,1.325122574115414,1.313501885731942,0.011620688383471967
100,positive,43,4.516504452790002e-05,4.5153399454154656e-05,0.00019205714558875913,0.00025752709408681073,194015,5.846625457863829e-07,1.0371572410318829e-05,0.00014132649299016328,4.354695965190839,1.3589606699016217,1.338309515604924,0.020651154296697616
100,positive,44,4.807355026195196e-05,4.806409009505134e-05,0.00019475338871459454,0.0002559370308328469,194016,5.810511352516603e-07,1.0371572410318829e-05,0.00014132649299016328,4.635126513133427,1.3780387851848126,1.3637135750677727,0.01432521011703991
100,positive,45,5.126174809448619e-05,5.124699945707979e-05,0.00019934651758359438,0.0002628079993454361,194016,5.966502224237148e-07,1.0371572410318829e-05,0.00014132649299016328,4.942524244779425,1.4105389114655909,1.38982811094543,0.020710800520160833
100,positive,46,5.480285975705389e-05,5.478705432096534e-05,0.00020279515745846228,0.0002550110783460357,194015,5.789504471295159e-07,1.0371572410318829e-05,0.00014132649299016328,5.283949008785758,1.4349408463180175,1.4169919627530463,0.017948883564971263
100,positive,47,5.8770660069320465e-05,5.8750358572474886e-05,0.00020761264007702998,0.00037964255144429135,194016,8.618984708414913e-07,1.0371572410318829e-05,0.00014132649299016328,5.666513981124856,1.4690284580363882,1.445442487653795,0.023585970382593135
100,positive,48,6.32565870497092e-05,6.322904452244938e-05,0.00021043111943777092,0.0002536291805928315,194016,5.758116472510842e-07,1.0371572410318829e-05,0.00014132649299016328,6.099035377391214,1.488971494201144,1.475439556133496,0.013531938067647964
100,positive,49,6.835773349965579e-05,6.832211689097101e-05,0.0002157469890348571,0.00027186842001198486,194015,6.17221590321472e-07,1.0371572410318829e-05,0.00014132649299016328,6.5908746326300225,1.5265855995582776,1.507167938349289,0.019417661208988468
100,positive,50,7.425564240738521e-05,7.421467112893047e-05,0.00021908648869545705,0.00027010555696752573,194016,6.132177903410315e-07,1.0371572410318829e-05,0.00014132649299016328,7.159535648953979,1.55021527853738,1.5411806513015442,0.009034627235835702
100,positive,51,8.116689826501501e-05,8.110571195969235e-05,0.0002253855503705936,0.00026441364225438294,194015,6.002970435762585e-07,1.0371572410318829e-05,0.00014132649299016328,7.8259009390187435,1.5947862683204137,1.5779845630424543,0.016801705277959433
100,positive,52,8.941864297024937e-05,8.933955259754858e-05,0.00023027873425812318,0.00027222470174621165,194016,6.180288623278057e-07,1.0371572410318829e-05,0.00014132649299016328,8.621512672590075,1.6294095281494831,1.6183558119412238,0.011053716208259345
100,positive,53,9.94945090783287e-05,9.939315306265795e-05,0.00023630516915952782,0.00027115327305889505,194016,6.155964091064776e-07,1.0371572410318829e-05,0.00014132649299016328,9.59300144106791,1.6720514615470952,1.6633516203569678,0.008699841190127344
100,positive,54,0.00011223134298894869,0.0001120532402350278,0.00024330278175456192,0.000271876275333101,194015,6.17239424219913e-07,1.0371572410318829e-05,0.00014132649299016328,10.821053794821708,1.7215652678192226,1.7148141984914196,0.006751069327803005
100,positive,55,0.00012908856748363666,0.00012882225877084656,0.00025121349239898836,0.0002736390211316647,194016,6.21239776675963e-07,1.0371572410318829e-05,0.00014132649299016328,12.446383477514418,1.7775399861968804,1.7756707940081757,0.001869192188704627
100,positive,56,0.00015265519583183482,0.00015216819920525824,0.0002621039263423723,0.0003080130183973311,194016,6.992786992553117e-07,1.0371572410318829e-05,0.00014132649299016328,14.71861640573959,1.8545986728802184,1.850331998550925,0.004266674329293396
100,positive,57,0.00018938877605217413,0.00018824667209418436,0.0002787536376244828,0.00032756576933759644,194015,7.436710195193505e-07,1.0371572410318829e-05,0.00014132649299016328,18.260372541365903,1.9724089356967545,1.9495145291431824,0.02289440655357211
100,positive,58,0.0002591368942672411,0.0002549557248954653,0.00030442222424038786,0.00034619905452289813,194016,7.859720533561987e-07,1.0371572410318829e-05,0.00014132649299016328,24.985304447127227,2.154035084289373,2.101070819435,0.05296426485437333
100,positive,59,0.000601538811006137,0.0004599175233117407,0.00040280646088546214,0.0006306051466473706,194016,1.4316561974742146e-06,1.0371572410318829e-05,0.00014132649299016328,57.99880550490659,2.850183658866414,2.5605662883576326,0.2896173705087812
250,negative,59,-0.0010578264187160451,-0.0008397498447052906,-0.0006099324034807858,0.0006764622467183242,78167,2.4195346250781926e-06,2.2934969225012895e-05,0.00024358920328865647,-46.12286192049383,-2.5039385787473005,-2.4271278328408767,-0.07681074590642378
250,negative,58,-0.000497299236671333,-0.0004904796590299694,-0.0004854482452811899,0.000467786057891675,78166,1.673163298533047e-06,2.2934969225012895e-05,0.00024358920328865647,-21.68301303535119,-1.9928972168192827,-2.0314042467957094,0.03850702997642674
250,negative,57,-0.00037430208377974065,-0.0003724806944417602,-0.0004522121683184486,0.000486002200430385,78166,1.738318256921469e-06,2.2934969225012895e-05,0.00024358920328865647,-16.32014763601804,-1.8564540719096285,-1.8973697624436423,0.04091569053401378
250,negative,56,-0.000307269154937489,-0.0003062909437118908,-0.00043100504153249585,0.00044854391943371225,78167,1.6043283260862456e-06,2.2934969225012895e-05,0.00024358920328865647,-13.397408643669817,-1.7693930425222875,-1.8082079300530967,0.038814887530809195
250,negative,55,-0.0002631850800909425,-0.0002626608668276208,-0.00041162308431525753,0.0006708765188279545,78166,2.3995712360680952e-06,2.2934969225012895e-05,0.00024358920328865647,-11.475275048719604,-1.6898248311419561,-1.7401933449406397,0.05036851379868357
250,negative,54,-0.00023103816677496003,-0.00023071197733854493,-0.00040193626568937115,0.0004242389200453765,78166,1.5174051873807504e-06,2.2934969225012895e-05,0.00024358920328865647,-10.073620091148396,-1.6500578033135207,-1.6841413838074342,0.03408358049391347
250,negative,53,-0.00020641550203174917,-0.00020623194769144818,-0.0003912416934664831,0.0004100469787435327,78167,1.4666344911215633e-06,2.2934969225012895e-05,0.00024358920328865647,-9.00003396588962,-1.606153672594661,-1.6363986859244062,0.030245013329745163
250,negative,52,-0.00018676498666894868,-0.0001866383439179713,-0.00038443091166978654,0.00044681006575339455,78166,1.598136991946937e-06,2.2934969225012895e-05,0.00024358920328865647,-8.143241215482542,-1.5781935589905056,-1.5945134828954621,0.016319923904956513
250,negative,51,-0.00017049397051748473,-0.00017037827350789445,-0.000375326132994169,0.0004045076749535242,78166,1.446831055114302e-06,2.2934969225012895e-05,0.00024358920328865647,-7.433799838350944,-1.54081596362628,-1.5566951634241728,0.015879199797892873
250,negative,50,-0.00015672790780620305,-0.00015665947094348039,-0.0003683647625170346,0.0004000983491034404,78167,1.4310507552914311e-06,2.2934969225012895e-05,0.00024358920328865647,-6.833578291235528,-1.5122376424890942,-1.5220078437153823,0.009770201226288133
250,negative,49,-0.00014491579046740338,-0.0001448474212909892,-0.0003594769742235111,0.0004040646657597893,78166,1.4452465129686668e-06,2.2934969225012895e-05,0.00024358920328865647,-6.318551773305112,-1.475750851721971,-1.4898902928887119,0.014139441166740818
250,negative,48,-0.00013467474057276407,-0.00013463281419785801,-0.0003551789551235506,0.00039913164241688737,78166,1.4276022213765866e-06,2.2934969225012895e-05,0.00024358920328865647,-5.872026216886644,-1.4581063131220098,-1.4599615173158593,0.0018552041938495467
250,negative,47,-0.0001255992353525526,-0.0001255642824832971,-0.0003450969248537377,0.0004114509642483487,78167,1.4716561927146529e-06,2.2934969225012895e-05,0.00024358920328865647,-5.476320204326849,-1.4167168338934677,-1.4315417525543566,0.014824918660888864
250,negative,46,-0.00011749101562302074,-0.00011744801195723532,-0.0003412810659996894,0.0004016707503335025,78166,1.4366840272693115e-06,2.2934969225012895e-05,0.00024358920328865647,-5.122789329705529,-1.4010516943777134,-1.40439451077466,0.0033428163969466684
250,negative,45,-0.0001101798432198879,-0.00011014613626208305,-0.000335812774519553,0.00039357128100734245,78166,1.4077140855929752e-06,2.2934969225012895e-05,0.00024358920328865647,-4.804010946730449,-1.3786028690344307,-1.3782695877648516,-0.00033328126957909987
250,negative,44,-0.00010354223532634212,-0.0001035147196454589,-0.0003251108367659079,0.00039308966968225063,78167,1.405982478949466e-06,2.2934969225012895e-05,0.00024358920328865647,-4.51460101430696,-1.3346685008064467,-1.3529928960381339,0.018324395231687163
250,negative,43,-9.751032260025004e-05,-9.74919844620206e-05,-0.00032070981038042956,0.00039865945408175705,78166,1.4259133121433868e-06,2.2934969225012895e-05,0.00024358920328865647,-4.251600324534345,-1.316601089254289,-1.328546227479561,0.01194513822527199
250,negative,42,-9.199159462971906e-05,-9.196974791906894e-05,-0.00031500025471522435,0.0003969782884558898,78166,1.4199001687918425e-06,2.2934969225012895e-05,0.00024358920328865647,-4.010975280899569,-1.293161808743817,-1.3047715935853093,0.011609784841492221
250,negative,41,-8.688823713413835e-05,-8.687145859413485e-05,-0.00030907802361534266,0.000392502425186413,78167,1.4038820536885463e-06,2.2934969225012895e-05,0.00024358920328865647,-3.788461030040449,-1.2688494376701953,-1.2814226467752081,0.012573209105012806
250,negative,40,-8.216846964767584e-05,-8.215547169692394e-05,-0.00030521336593549646,0.0003898697595454907,78166,1.3944745934058501e-06,2.2934969225012895e-05,0.00024358920328865647,-3.582671894674393,-1.252983965688391,-1.2585041600042202,0.005520194315829174
250,negative,39,-7.77837673816929e-05,-7.777559981607025e-05,-0.0003032966535694559,0.0006344300517529735,78166,2.269210593542976e-06,2.2934969225012895e-05,0.00024358920328865647,-3.3914921192421685,-1.245115339574576,-1.2359209226706553,-0.009194416903920644
250,negative,38,-7.366910088319771e-05,-7.365647820794158e-05,-0.00029609854580126764,0.0003998265315012763,78167,1.4300785323723664e-06,2.2934969225012895e-05,0.00024358920328865647,-3.212086319385776,-1.2155651474026412,-1.213449615014234,-0.0021155323884072263
250,negative,37,-6.984373449628191e-05,-6.984124793168317e-05,-0.0002870599180229603,0.00038445497728553353,78166,1.3751071608069803e-06,2.2934969225012895e-05,0.00024358920328865647,-3.045294450193126,-1.1784591194823626,-1.1913058578639726,0.01284673838160999
250,negative,36,-6.622978688511186e-05,-6.621973235355905e-05,-0.0002816124341120137,0.0003961393866605608,78166,1.416899609729984e-06,2.2934969225012895e-05,0.00024358920328865647,-2.887720765410123,-1.15609571487575,-1.1691382005509778,0.01304248567522781
250,negative,35,-6.28328212751594e-05,-6.283257800648273e-05,-0.00027959346138466037,0.00038676071868651036,78167,1.383345419529071e-06,2.2934969225012895e-05,0.00024358920328865647,-2.739607830240028,-1.1478072821369605,-1.1470598530187666,-0.0007474291181939208
250,negative,34,-5.9626702220392005e-05,-5.9618383683340935e-05,-0.00027186369249126947,0.0003872342869048882,78166,1.3850481130262978e-06,2.2934969225012895e-05,0.00024358920328865647,-2.599816098962238,-1.1160744762940389,-1.1249839045688004,0.008909428274761488
250,negative,33,-5.659492823200179e-05,-5.6584037685579035e-05,-0.0002679751899112226,0.0003928437079004979,78166,1.4051117236823646e-06,2.2934969225012895e-05,0.00024358920328865647,-2.467626081236652,-1.10011111450481,-1.1028700147524846,0.002758900247674667
250,negative,32,-5.3732890163453155e-05,-5.372852314726538e-05,-0.00026217599263784097,0.0003866736243151139,78167,1.3830339049570967e-06,2.2934969225012895e-05,0.00024358920328865647,-2.342836811171825,-1.076303830786617,-1.080759366420452,0.0044555356338349394
250,negative,31,-5.099755381736142e-05,-5.09875682413332e-05,-0.0002583269058528984,0.00038784439460949475,78166,1.3872303281699058e-06,2.2934969225012895e-05,0.00024358920328865647,-2.223571931447959,-1.0605022815677818,-1.0583763645937685,-0.00212591697401332
250,negative,30,-4.8398297175381566e-05,-4.8393332575707976e-05,-0.00025091997636998215,0.0004321155852400713,78166,1.5455782098474608e-06,2.2934969225012895e-05,0.00024358920328865647,-2.1102403365162727,-1.030094819402314,-1.0358437002058754,0.005748880803561285
250,negative,29,-4.59233566841717e-05,-4.5920533500812146e-05,-0.00024436267135578946,0.0003928749576870145,78167,1.4052145083651303e-06,2.2934969225012895e-05,0.00024358920328865647,-2.002329117323936,-1.003175297002866,-1.0131149168680258,0.009939619865159788
250,negative,28,-4.353038459052651e-05,-4.352163943126634e-05,-0.00023510640018361951,0.0003863509021571844,78166,1.3818884486596352e-06,2.2934969225012895e-05,0.00024358920328865647,-1.8979918465751522,-0.9651757836943835,-0.989824682319091,0.024648898624707538
250,negative,27,-4.125217960199407e-05,-4.124848786561697e-05,-0.0002324365625846451,0.00039456536196498336,78166,1.4112696848803752e-06,2.2934969225012895e-05,0.00024358920328865647,-1.7986585984603987,-0.9542153734507053,-0.9663174917028896,0.012102118252184324
250,negative,26,-3.9074033990315315e-05,-3.907061638108653e-05,-0.00022763809414655593,0.0003943619502723571,78167,1.4105331053229423e-06,2.2934969225012895e-05,0.00024358920328865647,-1.7036880933636112,-0.9345163540635326,-0.9424924282630729,0.007976074199540273
250,negative,25,-3.696937515034631e-05,-3.696424211177972e-05,-0.00021955324499412467,0.0003908459377366015,78166,1.3979661586088757e-06,2.2934969225012895e-05,0.00024358920328865647,-1.6119217247532855,-0.9013258470817819,-0.9180814179125748,0.016755570830792932
250,negative,24,-3.494973485251875e-05,-3.49463097302169e-05,-0.00021542236254870953,0.00041483570011042586,78166,1.4837720291927887e-06,2.2934969225012895e-05,0.00024358920328865647,-1.5238622955902004,-0.884367449953975,-0.8932349299784003,0.008867480024425278
250,negative,23,-3.301824540995314e-05,-3.301760175312108e-05,-0.00020814641036809515,0.0003912641412131609,78167,1.39945302462817e-06,2.2934969225012895e-05,0.00024358920328865647,-1.439646379553168,-0.8544976852748225,-0.868033312815344,0.013535627540521511
250,negative,22,-3.115052242737591e-05,-3.114932592868563e-05,-0.0002046080236732939,0.0003830999695793748,78166,1.3702606094296426e-06,2.2934969225012895e-05,0.00024358920328865647,-1.3582107794329685,-0.8399716445183765,-0.8421866237247125,0.002214979206336065
250,negative,21,-2.935467878827602e-05,-2.9350490998705136e-05,-0.00019853595867577,0.00040108701701514543,78166,1.434596147248244e-06,2.2934969225012895e-05,0.00024358920328865647,-1.2799092294513212,-0.8150441645006007,-0.8158260962610071,0.000781931760406418
250,negative,20,-2.761065208877894e-05,-2.760869881038288e-05,-0.00019170242277939922,0.000390298227768909,78167,1.3959981961665174e-06,2.2934969225012895e-05,0.00024358920328865647,-1.2038669778840054,-0.786990639122167,-0.7886693343171449,0.001678695194977875
250,negative,19,-2.5929150892631078e-05,-2.5928325768442495e-05,-0.00018201441170275415,0.0003796003588392722,78166,1.3577433055239164e-06,2.2934969225012895e-05,0.00024358920328865647,-1.1305509346117948,-0.7472187159587063,-0.7608917105761113,0.01367299461740501
250,negative,18,-2.4287830735878762e-05,-2.4284230345361386e-05,-0.00018210841691689776,0.0003998307763589994,78166,1.4301028629262145e-06,2.2934969225012895e-05,0.00024358920328865647,-1.058986846574463,-0.7476046329569741,-0.7321235127593485,-0.015481120197625597
250,negative,17,-2.2698649410442328e-05,-2.2697785407837647e-05,-0.00016929037088118143,0.00038584854561221155,78167,1.3800828067993336e-06,2.2934969225012895e-05,0.00024358920328865647,-0.9896960919261737,-0.6949830640915972,-0.7025663500187591,0.0075832859271619535
250,negative,16,-2.115440475121119e-05,-2.115286995856074e-05,-0.00016424113693320601,0.00043032567103529006,78166,1.5391760978040607e-06,2.2934969225012895e-05,0.00024358920328865647,-0.9223646451698823,-0.6742545840119936,-0.6720940259199285,-0.002160558092065057
250,negative,15,-1.9653628995710846e-05,-1.965199624109326e-05,-0.00015721152330299792,0.00039173242052605717,78166,1.4011369039593963e-06,2.2934969225012895e-05,0.00024358920328865647,-0.8569285095999424,-0.6453961061513065,-0.6406805089246943,-0.004715597226612189
250,negative,14,-1.8197564932585404e-05,-1.819516332463869e-05,-0.0001510667951107619,0.0003866132880263641,78167,1.3828180972893562e-06,2.2934969225012895e-05,0.00024358920328865647,-0.7934418727163203,-0.6201703239356866,-0.6083650686645519,-0.01180525527113474
250,negative,13,-1.6784316714128716e-05,-1.6782853793984774e-05,-0.0001424642799577815,0.000390309348036319,78166,1.3960469004827784e-06,2.2934969225012895e-05,0.00024358920328865647,-0.7318220726376091,-0.584854657080016,-0.5751299495051869,-0.009724707574829128
250,negative,12,-1.5394387173524858e-05,-1.5393260441132758e-05,-0.00013463621893644774,0.00040333274952883576,78166,1.442628616700549e-06,2.2934969225012895e-05,0.00024358920328865647,-0.671219002846349,-0.5527183352905096,-0.5405102074677816,-0.012208127822728065
250,negative,11,-1.4037396295789072e-05,-1.403464983077152e-05,-0.0001248405404998916,0.00039425853830091483,78167,1.4101632268163946e-06,2.2934969225012895e-05,0.00024358920328865647,-0.6120521095131829,-0.5125044083006991,-0.5047304873835211,-0.00777392091717799
250,negative,10,-1.2716194972262429e-05,-1.2716783222357384e-05,-0.00011662562651615357,0.0003760071710488194,78166,1.3448912979997527e-06,2.2934969225012895e-05,0.00024358920328865647,-0.5544456958936809,-0.47877994977450067,-0.4678921982541186,-0.010887751520382072
250,negative,9,-1.1422638952178864e-05,-1.1421234645699051e-05,-0.00010907846240068743,0.0003892254464448385,78166,1.3921700334161105e-06,2.2934969225012895e-05,0.00024358920328865647,-0.4980446601045065,-0.44779678626161434,-0.4297996757563333,-0.017997110505281022
250,negative,8,-1.0152144407634761e-05,-1.015107345781476e-05,-9.877594109112856e-05,0.0003840489210385489,78167,1.3736460041703e-06,2.2934969225012895e-05,0.00024358920328865647,-0.4426491401855828,-0.40550213128320695,-0.3903384873244318,-0.01516364395877512
250,negative,7,-8.901195588017445e-06,-8.900525705352322e-06,-8.849649338873308e-05,0.00041084404973743357,78166,1.4694948125207754e-06,2.2934969225012895e-05,0.00024358920328865647,-0.3881058439925786,-0.3633021997443111,-0.34942154473713677,-0.013880655007174336
250,negative,6,-7.673357325028786e-06,-7.672260002297067e-06,-7.853352160121624e-05,0.0003746311749656855,78166,1.3399696760181117e-06,2.2934969225012895e-05,0.00024358920328865647,-0.3345702036809457,-0.32240148800089863,-0.3072127798966198,-0.015188708104278803
250,negative,5,-6.4642884553686925e-06,-6.464124729564184e-06,-6.986234315205697e-05,0.0004111116530418383,78167,1.4704425622174422e-06,2.2934969225012895e-05,0.00024358920328865647,-0.2818529378412566,-0.28680393961989015,-0.2636382895459717,-0.023165650073918465
250,negative,4,-5.269069373080335e-06,-5.266741410256013e-06,-5.399330638827225e-05,0.0004089034101099497,78166,1.4625535902555818e-06,2.2934969225012895e-05,0.00024358920328865647,-0.22973954407289476,-0.2216572231417394,-0.2186089803535356,-0.0030482427882038143
250,negative,3,-4.0900669667626564e-06,-4.09024264790568e-06,-4.400235943955029e-05,0.00038832931161667417,78166,1.3889647649397914e-06,2.2934969225012895e-05,0.00024358920328865647,-0.17833322236604646,-0.18064166574495877,-0.17233975606271934,-0.008301909682239428
250,negative,2,-2.9144200494306262e-06,-2.9138616994266478e-06,-3.434949317383407e-05,0.0003818347629631748,78167,1.3657265198904998e-06,2.2934969225012895e-05,0.00024358920328865647,-0.12707320514963488,-0.14101402159901752,-0.12448320042128687,-0.01653082117773065
250,negative,1,-1.7476128004733562e-06,-1.7476555425857734e-06,-2.1228487888115475e-05,0.00039803433375022593,78166,1.423677400281031e-06,2.2934969225012895e-05,0.00024358920328865647,-0.07619861109590713,-0.0871487225275721,-0.07547875863427371,-0.011669963893298385
250,negative,0,-5.820435805030169e-07,-5.830653042321858e-07,-8.228977577645314e-06,0.0003926608748894982,78167,1.4044487882621427e-06,2.2934969225012895e-05,0.00024358920328865647,-0.025377997013758348,-0.03378219340819414,-0.025333197388801243,-0.008448996019392897
250,positive,0,5.777612732423393e-07,5.768444989453323e-07,2.0099194067357793e-06,0.0003767069684419436,77476,1.353380948838125e-06,2.2934969225012895e-05,0.00024358920328865647,0.025191281818343687,0.008251266392763712,0.0251473121104259,-0.016896045717662185
250,positive,1,1.7373151635909416e-06,1.7379933910404066e-06,1.5930764605402123e-05,0.00041077356493292403,77475,1.4757802521597757e-06,2.2934969225012895e-05,0.00024358920328865647,0.07574961825962358,0.06540012607424128,0.07504038429024174,-0.009640258216000452
250,positive,2,2.895704816257347e-06,2.894875848433275e-06,2.592999585853999e-05,0.00039970068952209785,77475,1.4359988926446102e-06,2.2934969225012895e-05,0.00024358920328865647,0.1262571921439201,0.10644969279616467,0.1237083993438291,-0.017258706547664426
250,positive,3,4.061645200273476e-06,4.062359411451049e-06,3.76151387064433e-05,0.00039283675344553196,77475,1.4113389286677727e-06,2.2934969225012895e-05,0.00024358920328865647,0.17709398955041294,0.1544203856271448,0.17120245954627436,-0.01678207391912956
250,positive,4,5.238809613667865e-06,5.2381333105949955e-06,4.9962978329680784e-05,0.0003995824375139048,77475,1.435574050363199e-06,2.2934969225012895e-05,0.00024358920328865647,0.22842017193353872,0.20511162914915398,0.21744409901063472,-0.012332469861480733
250,positive,5,6.43010944619746e-06,6.430683939303672e-06,6.134233550034788e-05,0.0003907625686783217,77475,1.4038870350210152e-06,2.2934969225012895e-05,0.00024358920328865647,0.2803626803730252,0.25182698852073665,0.2623774589790076,-0.010550470458270955
250,positive,6,7.635996166688562e-06,7.635819591482266e-06,7.231152389124792e-05,0.0004133175839749946,77475,1.4849201126179803e-06,2.2934969225012895e-05,0.00024358920328865647,0.3329411996053929,0.2968584933773021,0.30589623538782856,-0.009037742010526484
250,positive,7,8.858381131179531e-06,8.857598455995482e-06,8.075201036912506e-05,0.0003967761909792518,77475,1.4254920889808763e-06,2.2934969225012895e-05,0.00024358920328865647,0.38623906769923083,0.33150898840714565,0.34798412998480915,-0.0164751415776635
250,positive,8,1.0100208193117217e-05,1.0098929707418538e-05,9.242380323333163e-05,0.00041673025252330845,77476,1.497171095353568e-06,2.2934969225012895e-05,0.00024358920328865647,0.44038464120117166,0.3794248759203346,0.388680935331781,-0.009256059411446416
250,positive,9,1.136639760026947e-05,1.1366434706480222e-05,0.00010246309971049168,0.0003989261080686259,77475,1.433216065047343e-06,2.2934969225012895e-05,0.00024358920328865647,0.49559245049578127,0.4206389212951755,0.428096434094115,-0.007457512798939525
250,positive,10,1.2659120964380043e-05,1.266109547194231e-05,0.00011169947547928114,0.00039638319229218905,77475,1.4240801682756416e-06,2.2934969225012895e-05,0.00024358920328865647,0.5519571812014465,0.45855675855598477,0.4662545233297467,-0.007697764773761939
250,positive,11,1.397513887464409e-05,1.3975369115852398e-05,0.00011920462648437475,0.00040617862171022105,77475,1.459272066028159e-06,2.2934969225012895e-05,0.00024358920328865647,0.6093375900152852,0.48936744681214656,0.5030398897402601,-0.013672442928113593
250,positive,12,1.5315914419763147e-05,1.531490554012578e-05,0.00012838672438327109,0.0004179852398358166,77475,1.5016895323940648e-06,2.2934969225012895e-05,0.00024358920328865647,0.66779746985924,0.5270624586391504,0.5384956785778796,-0.011433219938729255
250,positive,13,1.668882260190619e-05,1.6686225032156946e-05,0.0001389832591736008,0.00041171533535270535,77475,1.479163737140871e-06,2.2934969225012895e-05,0.00024358920328865647,0.727658382192436,0.5705641190053229,0.572814312519181,-0.002250193513858134
250,positive,14,1.8096919067348404e-05,1.8092403336316557e-05,0.00014543899535061794,0.00039869495948835785,77475,1.4323856208824901e-06,2.2934969225012895e-05,0.00024358920328865647,0.7890535579010889,0.597066673674657,0.6060607738861188,-0.008994100211461742
250,positive,15,1.9542121643150014e-05,1.9539672578705136e-05,0.00015450855511976502,0.0004929894267165531,77475,1.771155990991436e-06,2.2934969225012895e-05,0.00024358920328865647,0.8520666172003126,0.6342996858389914,0.6382715940992313,-0.003971908260239854
250,positive,16,2.1028295037942336e-05,2.1026620289049998e-05,0.0001626186096807689,0.0003967474879430793,77475,1.4253889679975012e-06,2.2934969225012895e-05,0.00024358920328865647,0.9168660673417804,0.6675936678854508,0.6695246698395564,-0.00193100195410556
250,positive,17,2.2561236326525735e-05,2.2558498526393035e-05,0.00016921908687360544,0.0003951734176681863,77476,1.419724666021937e-06,2.2934969225012895e-05,0.00024358920328865647,0.9837046697198283,0.6946904238324494,0.6999269594461348,-0.005236535613685422
250,positive,18,2.4135925077504435e-05,2.4132652777492022e-05,0.00017688747097512915,0.00042623973557210125,77475,1.5313453399705216e-06,2.2934969225012895e-05,0.00024358920328865647,1.0523635257893338,0.7261712283919051,0.7293730118046368,-0.0032017834127316958
250,positive,19,2.5757063790218168e-05,2.5757566166480246e-05,0.0001820283569251934,0.0004062943383832662,77475,1.459687799647613e-06,2.2934969225012895e-05,0.00024358920328865647,1.1230476717678564,0.7472759648935974,0.7579547389191723,-0.010678774025574933
250,positive,20,2.743272591914295e-05,2.7430441899878238e-05,0.00018966428448259108,0.00040166214346074405,77475,1.4430457798722431e-06,2.2934969225012895e-05,0.00024358920328865647,1.196109122711392,0.7786235265026765,0.785806696982746,-0.007183170480069445
250,positive,21,2.9171315247749054e-05,2.916582842409333e-05,0.00019859504851870634,0.0004308124044327081,77475,1.5477735013232402e-06,2.2934969225012895e-05,0.00024358920328865647,1.2719142965291097,0.8152867443938743,0.8130455937132869,0.0022411506805873893
250,positive,22,3.096675560178562e-05,3.0963588504888256e-05,0.00020590592251485253,0.00039812753767492706,77475,1.4303470527310986e-06,2.2934969225012895e-05,0.00024358920328865647,1.3501982626605513,0.8452998726337277,0.8395595441175113,0.00574032851621642
250,positive,23,3.282550417531714e-05,3.28233996504127e-05,0.00021043561130808504,0.0004187130576726106,77475,1.5043043530213016e-06,2.2934969225012895e-05,0.00024358920328865647,1.431242564717184,0.8638954783998206,0.865435695597532,-0.0015402171977113577
250,positive,24,3.475580858341011e-05,3.4751759926293076e-05,0.00021947920631048602,0.00039101455356422497,77475,1.4047923374800952e-06,2.2934969225012895e-05,0.00024358920328865647,1.5154068114251227,0.9010218981273986,0.8907705527139423,0.010251345413456292
250,positive,25,3.67506373131539e-05,3.674688680557255e-05,0.00022356829980556495,0.00041077366486274116,77476,1.4757710870308167e-06,2.2934969225012895e-05,0.00024358920328865647,1.602384417986209,0.9178087402364608,0.9154602010576869,0.0023485391787738674
250,positive,26,3.8826404500344966e-05,3.882045111964195e-05,0.00023044588984302874,0.00039818632045329533,77475,1.430558240769689e-06,2.2934969225012895e-05,0.00024358920328865647,1.6928910660146368,0.9460431198584252,0.9396939304450547,0.006349189413370482
250,positive,27,4.0986711460091135e-05,4.0979518431941394e-05,0.00023763319082467437,0.00039951143504395807,77475,1.4353189608152163e-06,2.2934969225012895e-05,0.00024358920328865647,1.7870837783985773,0.9755489472293066,0.9634871635332557,0.012061783696050932
250,positive,28,4.324105534943484e-05,4.3234397968864046e-05,0.0002445061180016539,0.0004311661186897786,77475,1.5490442854243965e-06,2.2934969225012895e-05,0.00024358920328865647,1.8853766458197867,1.0037641845394554,0.9869143417086337,0.016849842830821693
250,positive,29,4.560178152869415e-05,4.5597448511075993e-05,0.0002471419398714781,0.00039922739107548183,77475,1.434298480153344e-06,2.2934969225012895e-05,0.00024358920328865647,1.988307945011795,1.0145849509537235,1.0100633146259228,0.004521636327800671
250,positive,30,4.807019609050659e-05,4.8062710124534196e-05,0.00025400282833916194,0.00039728509479834044,77475,1.4273204203794227e-06,2.2934969225012895e-05,0.00024358920328865647,2.095934623626231,1.04275076608451,1.0329049528795884,0.009845813204921505
250,positive,31,5.064042279707321e-05,5.0635811940260244e-05,0.0002615355751504406,0.0004033147348998393,77475,1.4489830212599728e-06,2.2934969225012895e-05,0.00024358920328865647,2.208000468640033,1.0736747426383977,1.0553564477275788,0.018318294910818933
250,positive,32,5.333059349910526e-05,5.331803333953389e-05,0.0002662034699978307,0.000397573788055675,77475,1.4283576044742064e-06,2.2934969225012895e-05,0.00024358920328865647,2.3252960566846053,1.0928377218853005,1.0775473876309882,0.015290334254312254
250,positive,33,5.618363705285579e-05,5.618241477393733e-05,0.00027026530818110553,0.00041438796262772444,77475,1.4887656465395462e-06,2.2934969225012895e-05,0.00024358920328865647,2.449693152044079,1.1095126735187746,1.0997695725363092,0.009743100982465336
250,positive,34,5.917827212309359e-05,5.91707852905104e-05,0.0002789370631745475,0.00040710285815883393,77476,1.462583117929839e-06,2.2934969225012895e-05,0.00024358920328865647,2.580263855708763,1.1451125887710358,1.1217922435740393,0.02332034519699655
250,positive,35,6.234490112218945e-05,6.233842457777765e-05,0.00028765913911166447,0.000406166394241749,77475,1.4592281365788335e-06,2.2934969225012895e-05,0.00024358920328865647,2.7183337597068173,1.1809190851976494,1.1437812906240614,0.03713779457358801
250,positive,36,6.570284826430906e-05,6.569540827458477e-05,0.00028920943378991985,0.0003981969002724215,77475,1.4305962507330137e-06,2.2934969225012895e-05,0.00024358920328865647,2.864745429553639,1.1872834669408676,1.1657958584534829,0.021487608487384735
250,positive,37,6.925528801159523e-05,6.924619244658823e-05,0.00029378165160056486,0.00039260841285531696,77475,1.4105185727282155e-06,2.2934969225012895e-05,0.00024358920328865647,3.0196372766903634,1.206053665902547,1.1877828555153649,0.018270810387182035
250,positive,38,7.3021071959246e-05,7.3003802058214e-05,0.00030245163829533523,0.00039470968600287005,77475,1.4180677864076762e-06,2.2934969225012895e-05,0.00024358920328865647,3.183831259717112,1.2416463218073175,1.209787367543461,0.03185895426385654
250,positive,39,7.705445046706233e-05,7.704576123110657e-05,0.00030561712110756153,0.00039730356453162495,77475,1.4273867763233559e-06,2.2934969225012895e-05,0.00024358920328865647,3.3596927779186507,1.254641490597599,1.2320326387997693,0.022608851797829788
250,positive,40,8.139253916065243e-05,8.138561201200289e-05,0.0003136695561870015,0.00040113726441148254,77475,1.4411600544950537e-06,2.2934969225012895e-05,0.00024358920328865647,3.5488401297650602,1.2876989289845449,1.254602900163061,0.03309602882148388
250,positive,41,8.601755578645667e-05,8.600034672220863e-05,0.00032127495311173843,0.0003970954145537651,77475,1.426638958905107e-06,2.2934969225012895e-05,0.00024358920328865647,3.7504979815994632,1.3189211540341683,1.2772954218605541,0.041625732173614205
250,positive,42,9.102493522294057e-05,9.10067456628866e-05,0.0003274516324809701,0.0004054149999150185,77476,1.4565192131367658e-06,2.2934969225012895e-05,0.00024358920328865647,3.96882744118395,1.3442781045305012,1.300454832090214,0.043823272440287164
250,positive,43,9.646993850134255e-05,9.64345719942221e-05,0.0003323399363091024,0.0004171187198361279,77475,1.49857639851007e-06,2.2934969225012895e-05,0.00024358920328865647,4.20623797463536,1.3643459226527177,1.3241727485289518,0.040173174123765865
250,positive,44,0.00010242906165533025,0.00010240988849327409,0.00033597685088405173,0.0004109598698427572,77475,1.4764495871177278e-06,2.2934969225012895e-05,0.00024358920328865647,4.46606492689866,1.3792764471827377,1.348593030333627,0.03068341684911058
250,positive,45,0.00010889650547056818,0.00010886395260279534,0.0003433990169117283,0.0003993499676417064,77475,1.434738859211917e-06,2.2934969225012895e-05,0.00024358920328865647,4.748055443292488,1.4097464595128046,1.373504897715877,0.03624156179692761
250,positive,46,0.0001160269967497599,0.00011599138850804184,0.0003502701961660975,0.00041708578291680423,77475,1.4984580665158658e-06,2.2934969225012895e-05,0.00024358920328865647,5.058955850841987,1.4379545211247422,1.3992957130736239,0.03865880805111832
250,positive,47,0.00012396396573019107,0.00012392756243674816,0.00035644573962626696,0.00039279134222335233,77475,1.4111757804259182e-06,2.2934969225012895e-05,0.00024358920328865647,5.405019928912565,1.4633068084051082,1.4262085224667316,0.03709828593837661
250,positive,48,0.00013286587014074672,0.00013283153987230127,0.00036295780383206695,0.0004015672677917718,77475,1.442704921427025e-06,2.2934969225012895e-05,0.00024358920328865647,5.7931566786600746,1.4900406049686739,1.454448652394753,0.03559195257392078
250,positive,49,0.00014294714484719946,0.00014286129172431852,0.0003678504464062387,0.0004061205843032721,77475,1.459063555874698e-06,2.2934969225012895e-05,0.00024358920328865647,6.232715790666996,1.5101262348246651,1.4842976402728039,0.02582859455186126
250,positive,50,0.00015455535301705202,0.0001544538650548184,0.00037475839505910863,0.00040752461899237356,77475,1.4641078110177027e-06,2.2934969225012895e-05,0.00024358920328865647,6.738851554616164,1.5384852448284208,1.5162756864123181,0.022209558416102615
250,positive,51,0.00016801274436968947,0.00016791992519939107,0.00038675966211653513,0.00041605295568421436,77476,1.4947377964885923e-06,2.2934969225012895e-05,0.00024358920328865647,7.3256145548455605,1.5877537136086435,1.5506395606035004,0.03711415300514309
250,positive,52,0.00018387953607089912,0.00018372613494594092,0.00039265399439508285,0.00043481477698314796,77475,1.562152767361672e-06,2.2934969225012895e-05,0.00024358920328865647,8.017431123053784,1.6119515524248527,1.5880317791400727,0.02391977328478001
250,positive,53,0.00020314498525903936,0.00020292724148091119,0.00040251580193318684,0.0004802179230593889,77475,1.7252719943162678e-06,2.2934969225012895e-05,0.00024358920328865647,8.857434394875458,1.6524369573810718,1.629682389083197,0.0227545682978747
250,positive,54,0.00022730072964200298,0.00022703926930011056,0.00041041787516761074,0.0004333091631571185,77475,1.5567435703209718e-06,2.2934969225012895e-05,0.00024358920328865647,9.9106620729235,1.6848771194561527,1.6771917305588664,0.007685388897286316
250,positive,55,0.00025862555813230536,0.0002581606302894227,0.00042177804668179063,0.00041198579260191636,77475,1.4801354049927304e-06,2.2934969225012895e-05,0.00024358920328865647,11.27647286529812,1.7315137164842975,1.7326157488110356,-0.0011020323267381116
250,positive,56,0.00030184733159260943,0.00030091815812701263,0.0004368512207546708,0.00043920668844673276,77475,1.5779315242255684e-06,2.2934969225012895e-05,0.00024358920328865647,13.161008791039253,1.7933931999317567,1.800306554635009,-0.006913354703252272
250,positive,57,0.0003673356560782757,0.0003654299411323565,0.0004526722177014587,0.00043338200309838223,77475,1.5570052613256086e-06,2.2934969225012895e-05,0.00024358920328865647,16.01640065327226,1.8583426998816366,1.8887509627992964,-0.030408262917659856
250,positive,58,0.0004888945875080824,0.00048220352629459537,0.00049055694950383,0.00048603817670926804,77475,1.7461823355171554e-06,2.2934969225012895e-05,0.00024358920328865647,21.316557380634876,2.0138698385679823,2.0231582084630726,-0.009288369895090298
250,positive,59,0.0010463876207790137,0.0008292795343078155,0.0006092413790162675,0.0006831925764101843,77476,2.454480258555867e-06,2.2934969225012895e-05,0.00024358920328865647,45.62411270374946,2.5011017351795695,2.4209621402683306,0.0801395949112389
500,negative,59,-0.0016170824462916442,-0.001317616863796299,-0.0008476535557322686,0.000842219834806831,39161,4.255970200889621e-06,4.1311963078158494e-05,0.0003635229400194451,-39.143200317841846,-2.3317745936114154,-2.3356197721648466,0.00384517855343125
500,negative,58,-0.0008025658872042677,-0.0007927926121321232,-0.0006974455276181526,0.0006500054887400641,39161,3.2846578484189946e-06,4.1311963078158494e-05,0.0003635229400194451,-19.426960797914294,-1.9185736327419824,-1.9787260774302091,0.06015244468822667
500,negative,57,-0.000613329943012981,-0.0006103901632622133,-0.0006523522648734965,0.0006116028761532817,39161,3.0905988058138766e-06,4.1311963078158494e-05,0.0003635229400194451,-14.846303523572972,-1.7945284686534548,-1.8542338017548834,0.05970533310142856
500,negative,56,-0.0005086761961798016,-0.0005072202742809057,-0.0006311613618648796,0.0006017884816396647,39161,3.0410039508087e-06,4.1311963078158494e-05,0.0003635229400194451,-12.313048286217537,-1.73623530287007,-1.770942313181739,0.034707010311668895
500,negative,55,-0.0004393846903906441,-0.0004385290827844905,-0.0006073408389294433,0.0006179492090039046,39161,3.122668584250492e-06,4.1311963078158494e-05,0.0003635229400194451,-10.635773699723929,-1.6707084259853209,-1.7073863599597994,0.036677933974478494
500,negative,54,-0.00038884652993796524,-0.00038844383317258397,-0.0005908529319539527,0.0005782933178414639,39161,2.922276377724295e-06,4.1311963078158494e-05,0.0003635229400194451,-9.412443780565518,-1.6253525346222923,-1.6553042252394423,0.029951690617149973
500,negative,53,-0.0003494901653017023,-0.0003490856228195933,-0.0005754594526944433,0.0005966694028207752,39161,3.0151358270614173e-06,4.1311963078158494e-05,0.0003635229400194451,-8.459781120555771,-1.5830072585341148,-1.610429584263441,0.027422325729326236
500,negative,52,-0.00031775451669152546,-0.00031750484490996716,-0.000556453627223163,0.0005728516621638452,39161,2.894778183725149e-06,4.1311963078158494e-05,0.0003635229400194451,-7.691585996297554,-1.5307249308486497,-1.570804117262918,0.04007918641426822
500,negative,51,-0.00029146937612496774,-0.000291229594518909,-0.000553587718998936,0.0005683669765482594,39161,2.8721158246218766e-06,4.1311963078158494e-05,0.0003635229400194451,-7.055326215642042,-1.5228412241860836,-1.535141049886834,0.0122998257007505
500,negative,50,-0.00026918222275652994,-0.000269120650578725,-0.0005412522175169443,0.0005753394798748418,39161,2.907349815982748e-06,4.1311963078158494e-05,0.0003635229400194451,-6.515841966823546,-1.4889080108341783,-1.502475906725901,0.013567895891722692
500,negative,49,-0.00024983417158677717,-0.0002497195879686181,-0.0005302067423789377,0.0005697411050060677,39161,2.879059676484458e-06,4.1311963078158494e-05,0.0003635229400194451,-6.047501812347032,-1.458523476814356,-1.4719750545840848,0.013451577769728829
500,negative,48,-0.00023301072479313,-0.00023294574604284634,-0.0005226399183182847,0.0005883516237020636,39161,2.9731037843525945e-06,4.1311963078158494e-05,0.0003635229400194451,-5.64027239161438,-1.437708218057238,-1.443551875440738,0.005843657383499901
500,negative,47,-0.00021793187257381722,-0.00021786331869756286,-0.0005179744224774638,0.0005705243376009946,39161,2.8830175678171154e-06,4.1311963078158494e-05,0.0003635229400194451,-5.275272737863118,-1.4248741013421515,-1.4163235058333832,-0.008550595508768355
500,negative,46,-0.00020434054305603228,-0.00020426687628755116,-0.0005058302042322063,0.0005603829583152629,39161,2.831770368152324e-06,4.1311963078158494e-05,0.0003635229400194451,-4.946280153025856,-1.391467081018736,-1.3901369861102368,-0.0013300949084991132
500,negative,45,-0.000192183812598158,-0.0001921503058850195,-0.000500801772876179,0.0005531728499956364,39161,2.795335692922246e-06,4.1311963078158494e-05,0.0003635229400194451,-4.652013564074978,-1.3776345802259158,-1.3651930027939994,-0.012441577431916429
500,negative,44,-0.0001810862816460505,-0.0001810370549123077,-0.000483154277812127,0.0005595751173533572,39161,2.8276881239224463e-06,4.1311963078158494e-05,0.0003635229400194451,-4.383386025579362,-1.3290888266536431,-1.3409842421767828,0.011895415523139663
500,negative,43,-0.00017088778227446116,-0.00017084253493853814,-0.0004771077880785134,0.0005721369500287534,39161,2.891166545262772e-06,4.1311963078158494e-05,0.0003635229400194451,-4.136520502575899,-1.312455791794027,-1.3173550876523832,0.004899295858356245
500,negative,42,-0.0001615493883207815,-0.00016150400901540773,-0.0004669359788242335,0.0005585866367628947,39161,2.8226930575949824e-06,4.1311963078158494e-05,0.0003635229400194451,-3.9104747459021656,-1.284474588589256,-1.2943985667475608,0.009923978158304925
500,negative,41,-0.00015286996309073182,-0.00015282984961003873,-0.0004606587480667398,0.0005771287085523,39161,2.9163912842777636e-06,4.1311963078158494e-05,0.0003635229400194451,-3.7003800279719385,-1.2672068179303866,-1.2717786461200016,0.00457182818961499
500,negative,40,-0.00014486912755543347,-0.0001448287525804327,-0.0004497988021346697,0.0005485384142269049,39161,2.7719166047999843e-06,4.1311963078158494e-05,0.0003635229400194451,-3.506711295257362,-1.2373326484172076,-1.2496890759197676,0.012356427502560052
500,negative,39,-0.00013740452499101574,-0.0001373699269628513,-0.00044135519573417696,0.0005428327203118501,39161,2.743084152423177e-06,4.1311963078158494e-05,0.0003635229400194451,-3.3260226518662117,-1.214105485916703,-1.2278722495454077,0.013766763628704659
500,negative,38,-0.00013037307594821395,-0.00013035787359726357,-0.000439911022872293,0.0005435434303015208,39161,2.746675566935763e-06,4.1311963078158494e-05,0.0003635229400194451,-3.1558189501079843,-1.2101327713974854,-1.206121681265634,-0.004011090131851525
500,negative,37,-0.0001237794097127594,-0.0001237636446037628,-0.00042920590258316635,0.0005432779303269987,39161,2.7453339219955647e-06,4.1311963078158494e-05,0.0003635229400194451,-2.996212246766874,-1.180684505248026,-1.1845377521087925,0.0038532468607666015
500,negative,36,-0.00011754463639731891,-0.00011752455279059549,-0.0004195035032307352,0.0005619561263814628,39161,2.8397200223091553e-06,4.1311963078158494e-05,0.0003635229400194451,-2.845292928223602,-1.153994582042871,-1.1629429701630494,0.008948388120178397
500,negative,35,-0.00011168338589147173,-0.00011167146520542749,-0.0004106601240772091,0.0005462170004917053,39161,2.7601858579419367e-06,4.1311963078158494e-05,0.0003635229400194451,-2.7034151265137623,-1.1296677014530159,-1.141465293701496,0.011797592248480093
500,negative,34,-0.00010611230765411223,-0.0001060920556276012,-0.00040225560256430815,0.0005506402425920929,39161,2.782537725937171e-06,4.1311963078158494e-05,0.0003635229400194451,-2.56856125314978,-1.106548055929541,-1.119869153717059,0.013321097787518
500,negative,33,-0.00010082379927559319,-0.000100812061617746,-0.00038852784366560076,0.0005424648237927157,39161,2.7412250693693965e-06,4.1311963078158494e-05,0.0003635229400194451,-2.440547283721272,-1.0687849400778342,-1.0981786662032769,0.029393726125442665
500,negative,32,-9.577503775606776e-05,-9.576909783710297e-05,-0.0003891289662070978,0.0005521939453285742,39161,2.7903890163891722e-06,4.1311963078158494e-05,0.0003635229400194451,-2.318336641976322,-1.0704385428503715,-1.0762655885047185,0.005827045654346996
500,negative,31,-9.10117687923283e-05,-9.100076796612745e-05,-0.0003762642212582391,0.0005375212641673694,39161,2.716243892742726e-06,4.1311963078158494e-05,0.0003635229400194451,-2.2030366511545885,-1.0350494558558325,-1.0543888265735697,0.01933937071773717
500,negative,30,-8.647600388841719e-05,-8.646870137345615e-05,-0.0003721687076442925,0.0005540482980331158,39161,2.799759574438637e-06,4.1311963078158494e-05,0.0003635229400194451,-2.09324363804287,-1.0237832793286303,-1.032349691642323,0.008566412313692595
500,negative,29,-8.215612898236464e-05,-8.215283027892249e-05,-0.00036653691702036057,0.0005448971125271257,39161,2.7535160983214547e-06,4.1311963078158494e-05,0.0003635229400194451,-1.9886764719200751,-1.0082910228464652,-1.0101438230642321,0.0018528002177669034
500,negative,28,-7.799190979119706e-05,-7.799364157442787e-05,-0.0003569194228063276,0.0005523330619688736,39161,2.791092011321247e-06,4.1311963078158494e-05,0.0003635229400194451,-1.8878771179099725,-0.9818346616233784,-0.9874928849550574,0.00565822333167898
500,negative,27,-7.401340019073104e-05,-7.400427515600275e-05,-0.00034398384239727104,0.0005511398110130725,39161,2.785062183596711e-06,4.1311963078158494e-05,0.0003635229400194451,-1.7915730620378507,-0.9462507163340809,-0.9645872478412897,0.01833653150720882
500,negative,26,-7.017935964419484e-05,-7.016637293801251e-05,-0.00034171849740834045,0.000538176025681109,39161,2.719552584103342e-06,4.1311963078158494e-05,0.0003635229400194451,-1.698766033253415,-0.9400190738720964,-0.9412190309261284,0.0011999570540319748
500,negative,25,-6.648592409542565e-05,-6.647999718572154e-05,-0.00032928375059570987,0.0005410882761356733,39161,2.734268992622735e-06,4.1311963078158494e-05,0.0003635229400194451,-1.6093624979679688,-0.9058128507050923,-0.9173796554639488,0.01156680475885652
500,negative,24,-6.291666094007957e-05,-6.290488684369327e-05,-0.00032478875270461777,0.0005527349796929796,39161,2.793123012950883e-06,4.1311963078158494e-05,0.0003635229400194451,-1.5229646875179217,-0.893447749644753,-0.8929739951900523,-0.00047375445470076993
500,negative,23,-5.946651573325968e-05,-5.9456962925752916e-05,-0.00030942579238294653,0.0005798532978094351,39161,2.93015938876641e-06,4.1311963078158494e-05,0.0003635229400194451,-1.439450253689335,-0.8511864268219087,-0.8679728672350796,0.0167864404131709
500,negative,22,-5.6148600114320466e-05,-5.61425091624559e-05,-0.0003040248601622818,0.000553162233688665,39161,2.7952820457813855e-06,4.1311963078158494e-05,0.0003635229400194451,-1.3591365776565107,-0.8363292290330269,-0.842489165764467,0.006159936731440108
500,negative,21,-5.293939557088081e-05,-5.294059410959104e-05,-0.0002959398824444703,0.0005433419136529192,39161,2.7456572474709544e-06,4.1311963078158494e-05,0.0003635229400194451,-1.2814543688162257,-0.8140886031254045,-0.8163615090237918,0.002272905898387245
500,negative,20,-4.9831671031207425e-05,-4.982236198880309e-05,-0.00028420900073143656,0.0005500477588670278,39161,2.7795437414996427e-06,4.1311963078158494e-05,0.0003635229400194451,-1.206228591387207,-0.7818186129222932,-0.789537277586538,0.0077186646642448675
500,negative,19,-4.683111409041021e-05,-4.682286690313029e-05,-0.0002750614018792736,0.0005477675774268988,39161,2.7680213528538846e-06,4.1311963078158494e-05,0.0003635229400194451,-1.1335969196576299,-0.7566548671304221,-0.7620788515081994,0.005423984377777358
500,negative,18,-4.391546651348437e-05,-4.3911098646070174e-05,-0.00026262462669676944,0.0005492171547969101,39161,2.775346468976407e-06,4.1311963078158494e-05,0.0003635229400194451,-1.0630205693784216,-0.7224430642058558,-0.733791107500943,0.011348043295087207
500,negative,17,-4.1082011514941226e-05,-4.1078840521861695e-05,-0.0002560025467066241,0.0005411177575832092,39161,2.7344179705463204e-06,4.1311963078158494e-05,0.0003635229400194451,-0.9944337778676308,-0.7042266622649188,-0.7046437518220638,0.00041708955714503393
500,negative,16,-3.832760217102055e-05,-3.83257908486025e-05,-0.00024705028668356503,0.0005375206791617711,39161,2.7162409365473347e-06,4.1311963078158494e-05,0.0003635229400194451,-0.9277603704890081,-0.6796002658603887,-0.6746031454570056,-0.004997120403383071
500,negative,15,-3.561849417660849e-05,-3.5616000762108454e-05,-0.0002343253515777092,0.0006115951717248884,39161,3.0905598732023398e-06,4.1311963078158494e-05,0.0003635229400194451,-0.8621835304514948,-0.6445957758956696,-0.643272266302024,-0.0013235095936455776
500,negative,14,-3.299546580563561e-05,-3.299907159789991e-05,-0.00022388856711560247,0.000539121842102465,39161,2.7243320565622475e-06,4.1311963078158494e-05,0.0003635229400194451,-0.798690339241715,-0.6158856635117071,-0.6111087575180034,-0.004776905993703728
500,negative,13,-3.0437824653228872e-05,-3.043895324069363e-05,-0.00021248051455821732,0.0005398570033001305,39161,2.7280470298041593e-06,4.1311963078158494e-05,0.0003635229400194451,-0.7367799151941355,-0.5845037304849361,-0.5778754535551004,-0.006628276929835697
500,negative,12,-2.795263578387554e-05,-2.795474814428007e-05,-0.0001970357523092182,0.0005439529020652226,39161,2.7487447412206695e-06,4.1311963078158494e-05,0.0003635229400194451,-0.6766232757080965,-0.5420173821731267,-0.5436788067008314,0.0016614245277046802
500,negative,11,-2.5525751764264846e-05,-2.5525929726317432e-05,-0.0001859270101908746,0.000537880095036995,39161,2.7180571645574844e-06,4.1311963078158494e-05,0.0003635229400194451,-0.6178779671150566,-0.5114588096721743,-0.5083440172071134,-0.003114792465060856
500,negative,10,-2.3128775264271457e-05,-2.313100089602203e-05,-0.0001739355303423153,0.0005296764922691015,39161,2.676602086587137e-06,4.1311963078158494e-05,0.0003635229400194451,-0.5598566018398571,-0.4784719509943756,-0.47143962129320044,-0.007032329701175177
500,negative,9,-2.0780122644125684e-05,-2.0780638000831074e-05,-0.00016273852577749175,0.0005266347601670406,39161,2.6612313714241183e-06,4.1311963078158494e-05,0.0003635229400194451,-0.5030049674669677,-0.4476705810334466,-0.4332328183182536,-0.014437762715192981
500,negative,8,-1.84787045291538e-05,-1.8475620355709095e-05,-0.00015091317285090443,0.0005424269624666446,39161,2.7410337455975436e-06,4.1311963078158494e-05,0.0003635229400194451,-0.4472966945239025,-0.4151407139335745,-0.3937293152762703,-0.02141139865730418
500,negative,7,-1.6200839444649464e-05,-1.619509908466966e-05,-0.00013200661792484809,0.000535183259501529,39161,2.7044293073148726e-06,4.1311963078158494e-05,0.0003635229400194451,-0.3921585477310517,-0.3631314654249521,-0.3525336220525425,-0.010597843372409599
500,negative,6,-1.3965464775371156e-05,-1.3959903211702236e-05,-0.00011755135046893678,0.0005298781125449092,39161,2.6776209297089323e-06,4.1311963078158494e-05,0.0003635229400194451,-0.3380489266256789,-0.32336707681404886,-0.3100178602217257,-0.013349216592323132
500,negative,5,-1.1774222879754543e-05,-1.1778969695174894e-05,-0.00010651463951149728,0.000527429625027724,39161,2.6652480438188956e-06,4.1311963078158494e-05,0.0003635229400194451,-0.28500758624030476,-0.2930066518107488,-0.2663020243267201,-0.026704627484028687
500,negative,4,-9.59756050267668e-06,-9.597038711689715e-06,-8.239688043419158e-05,0.0005278424728147362,39161,2.6673342780850717e-06,4.1311963078158494e-05,0.0003635229400194451,-0.2323191586059216,-0.22666212049722118,-0.22088302890221354,-0.0057790915950076405
500,negative,3,-7.437022343034199e-06,-7.438632855253515e-06,-6.686628720297755e-05,0.00054369892587198,39161,2.7474613291404687e-06,4.1311963078158494e-05,0.0003635229400194451,-0.1800210348020506,-0.18393966333844247,-0.17388711289892567,-0.010052550439516805
500,negative,2,-5.297630244348005e-06,-5.3029619365380665e-06,-5.210803670450861e-05,0.0005408849676526491,39161,2.7332416185220793e-06,4.1311963078158494e-05,0.0003635229400194451,-0.1282347738916538,-0.14334181139083357,-0.12558543461037497,-0.017756376780458605
500,negative,1,-3.1634084617255614e-06,-3.161652263967705e-06,-3.079872953607228e-05,0.000537685638921241,39161,2.717074523921599e-06,4.1311963078158494e-05,0.0003635229400194451,-0.07657366598001356,-0.08472293257318185,-0.07584487130626436,-0.008878061266917495
500,negative,0,-1.052443113329324e-06,-1.0515198208113954e-06,-1.629172893379365e-05,0.0005175480407540275,39161,2.6153136603380345e-06,4.1311963078158494e-05,0.0003635229400194451,-0.025475504791147224,-0.04481623342098354,-0.02543026802966703,-0.019385965391316505
500,positive,0,1.0495349358892438e-06,1.0464365862760235e-06,1.667852501584827e-06,0.0005386025983456779,38660,2.7392868923028783e-06,4.1311963078158494e-05,0.0003635229400194451,0.02540510926347457,0.004588025453072129,0.025360188349088566,-0.02077216289601644
500,positive,1,3.1495105516504577e-06,3.1498759327253766e-06,2.067301757749084e-05,0.0005422373902270806,38660,2.757773133898365e-06,4.1311963078158494e-05,0.0003635229400194451,0.0762372522867497,0.05686853648461642,0.07551648157094412,-0.0186479450863277
500,positive,2,5.262433400116685e-06,5.260974557418327e-06,3.809169265351774e-05,0.0005328323620350955,38660,2.7099399624150207e-06,4.1311963078158494e-05,0.0003635229400194451,0.12738279684653664,0.10478483875455064,0.12477705484043324,-0.0199922160858826
500,positive,3,7.393685198731222e-06,7.391131361024504e-06,5.768181344470101e-05,0.000549892121574512,38660,2.796704444865902e-06,4.1311963078158494e-05,0.0003635229400194451,0.17897201313680106,0.15867447991484543,0.17292560822945935,-0.01425112831461392
500,positive,4,9.538772893526077e-06,9.539544265161448e-06,7.683420639497902e-05,0.0005552874148367917,38660,2.824144446378868e-06,4.1311963078158494e-05,0.0003635229400194451,0.23089614200805667,0.21135999392739588,0.2196291489420678,-0.00826915501467193
500,positive,5,1.1700041297305753e-05,1.1700694577646283e-05,8.93743654013189e-05,0.0005498443688740293,38660,2.796461578702786e-06,4.1311963078158494e-05,0.0003635229400194451,0.28321194214785517,0.245856191074319,0.26478668593726873,-0.01893049486294973
500,positive,6,1.389332407393734e-05,1.3894903878342463e-05,0.00010288883984222034,0.0005622602104577624,38659,2.8596444751626534e-06,4.1311963078158494e-05,0.0003635229400194451,0.3363026842285957,0.2830325916617992,0.3086108591243784,-0.025578267462579185
500,positive,7,1.6093450971660924e-05,1.6089691826468215e-05,0.00012355783511347818,0.0005788165186938474,38660,2.943811462433439e-06,4.1311963078158494e-05,0.0003635229400194451,0.38955909553882906,0.3398900633530004,0.3505388363580693,-0.01064877300506889
500,positive,8,1.834442030435752e-05,1.8339527933289155e-05,0.0001398904756874464,0.0005414524657222622,38660,2.7537810747918915e-06,4.1311963078158494e-05,0.0003635229400194451,0.44404620205656986,0.38481883888803153,0.3913593370465795,-0.006540498158547958
500,positive,9,2.0653686418461313e-05,2.065282886961211e-05,0.00015606830547048952,0.0005538165819834713,38660,2.816663915894529e-06,4.1311963078158494e-05,0.0003635229400194451,0.4999444441646699,0.4293217519151372,0.43111648045916057,-0.0017947285440233496
500,positive,10,2.298037203593652e-05,2.2982507305283608e-05,0.00016346450503655727,0.0005329805334226528,38660,2.7106935494585976e-06,4.1311963078158494e-05,0.0003635229400194451,0.5562643438768508,0.44966764691057304,0.469086569249681,-0.01941892233910797
500,positive,11,2.533546398867706e-05,2.5331475960378036e-05,0.00018094777154199757,0.0005417762910477935,38660,2.755428022787219e-06,4.1311963078158494e-05,0.0003635229400194451,0.6132718491431806,0.4977616310330196,0.505488708923805,-0.0077270778907854165
500,positive,12,2.7765684569417692e-05,2.7760359141122408e-05,0.00019368995529383092,0.0005764465600103256,38659,2.9317959725764316e-06,4.1311963078158494e-05,0.0003635229400194451,0.6720979227466759,0.532813569574097,0.5410266397744113,-0.008213070200314365
500,positive,13,3.0237479578610845e-05,3.02350670306531e-05,0.00020678815843583887,0.0005465983130018869,38660,2.7799524153055916e-06,4.1311963078158494e-05,0.0003635229400194451,0.7319303496036794,0.5688448669148022,0.5751900468259076,-0.006345179911105392
500,positive,14,3.275940804381037e-05,3.2758240733196446e-05,0.00021783059159898513,0.0005456861218496584,38660,2.7753130888815283e-06,4.1311963078158494e-05,0.0003635229400194451,0.792976310078331,0.5992210328936414,0.6081210467656512,-0.008900013872009782
500,positive,15,3.5349187005827724e-05,3.534914614093487e-05,0.00023165573447283036,0.0005548741805029652,38660,2.8220427717906333e-06,4.1311963078158494e-05,0.0003635229400194451,0.8556646639848671,0.6372520382357133,0.6400553371839555,-0.002803298948242161
500,positive,16,3.800962733192612e-05,3.8012203236778916e-05,0.00024368716089830453,0.0005491441133699345,38660,2.792900138914858e-06,4.1311963078158494e-05,0.0003635229400194451,0.9200634513546438,0.6703487842755385,0.6710202611213814,-0.0006714768458428999
500,positive,17,4.0732652631980524e-05,4.072667507444959e-05,0.00025016923861162293,0.0005469668741315335,38660,2.78182688578634e-06,4.1311963078158494e-05,0.0003635229400194451,0.9859771745757526,0.6881800598285247,0.7009296775069487,-0.012749617678423975
500,positive,18,4.3537020258632405e-05,4.354105679086817e-05,0.0002662185836005179,0.0005547937381392748,38659,2.821670142429532e-06,4.1311963078158494e-05,0.0003635229400194451,1.0538598753166075,0.7323295294274349,0.7299957541487401,0.0023337752786948274
500,positive,19,4.6442413214551463e-05,4.644556461149164e-05,0.00027803167030138344,0.0005575842396765174,38660,2.8358259016794943e-06,4.1311963078158494e-05,0.0003635229400194451,1.1241880015889494,0.7648256538817366,0.7584022580186653,0.0064233958630712795
500,positive,20,4.944345598509397e-05,4.944416828111644e-05,0.0002857279569506035,0.0005481690219560092,38660,2.7879409071228713e-06,4.1311963078158494e-05,0.0003635229400194451,1.1968314333441727,0.7859970458406825,0.786073973296097,-7.69274554144328e-05
500,positive,21,5.253809565661981e-05,5.253911757752773e-05,0.00029421976451595285,0.0005429915524282364,38660,2.7616087385512983e-06,4.1311963078158494e-05,0.0003635229400194451,1.271740477624423,0.8093568029027681,0.8129849528356291,-0.00362814993286098
500,positive,22,5.5716495462230223e-05,5.572034608408987e-05,0.000301565822512638,0.0005404536761768909,38660,2.7487013163239445e-06,4.1311963078158494e-05,0.0003635229400194451,1.3486770250258904,0.8295647655592437,0.8390590107740359,-0.00949424521479214
500,positive,23,5.8990702014087916e-05,5.898064673509414e-05,0.0003204951508751213,0.0005544630807550111,38660,2.8199519535241438e-06,4.1311963078158494e-05,0.0003635229400194451,1.4279326766070848,0.8816366605584168,0.8644083304301128,0.017228330128304048
500,positive,24,6.238565914652227e-05,6.238679244243725e-05,0.00032604399637114096,0.0005509427089129702,38659,2.802083882819011e-06,4.1311963078158494e-05,0.0003635229400194451,1.5101112244047625,0.8969007467691051,0.8892198463312951,0.007680900437810001
500,positive,25,6.588973254279936e-05,6.588283036780966e-05,0.00033574187773844564,0.0005534858892754515,38660,2.8149820409773987e-06,4.1311963078158494e-05,0.0003635229400194451,1.5949310474097287,0.9235782416385787,0.9134002435351597,0.010177998103419017
500,positive,26,6.953358495076578e-05,6.953935580707628e-05,0.0003414878101708784,0.0005587945453547543,38660,2.8419814131646923e-06,4.1311963078158494e-05,0.0003635229400194451,1.6831343700422692,0.9393844860316434,0.9371486252846858,0.0022358607469575853
500,positive,27,7.332462542329328e-05,7.331135915401518e-05,0.00035663536698005507,0.0005662923547702197,38660,2.8801146325658874e-06,4.1311963078158494e-05,0.0003635229400194451,1.7749005363063897,0.981053264371647,0.9604866040917217,0.020566660279925264
500,positive,28,7.728821634942154e-05,7.72767607085142e-05,0.00036709869619899955,0.0005623818865823277,38660,2.860226324780589e-06,4.1311963078158494e-05,0.0003635229400194451,1.8708434698007266,1.0098363976132103,0.9835351338973884,0.026301263715821865
500,positive,29,8.141871725736846e-05,8.13998245096275e-05,0.00036842684263032856,0.0005481978237045521,38660,2.788087390360236e-06,4.1311963078158494e-05,0.0003635229400194451,1.970826636907368,1.0134899398938102,1.0062254590571504,0.007264480836659759
500,positive,30,8.57308995773844e-05,8.571582196386382e-05,0.0003800113884709361,0.0005532391941706555,38659,2.813763762094277e-06,4.1311963078158494e-05,0.0003635229400194451,2.0752075958043754,1.045357380886634,1.0286077256882336,0.016749655198400548
500,positive,31,9.022710549061561e-05,9.021924168785813e-05,0.00039340478474625754,0.0005753808919963291,38660,2.926338157981763e-06,4.1311963078158494e-05,0.0003635229400194451,2.184043041477213,1.0822007126296185,1.0506639724097124,0.031536740219906045
500,positive,32,9.490644350804124e-05,9.490519795885348e-05,0.00039890329820790134,0.000561870970920412,38660,2.8576278512862974e-06,4.1311963078158494e-05,0.0003635229400194451,2.297311394486068,1.0973263425591895,1.0723671420645293,0.02495920049466016
500,positive,33,9.985970246411584e-05,9.985035731226495e-05,0.00040818860206461233,0.0005644148334768715,38660,2.87056571935105e-06,4.1311963078158494e-05,0.0003635229400194451,2.417210295119366,1.1228688952691075,1.0940892144143355,0.028779680854772005
500,positive,34,0.00010504826791098695,0.00010504679490872944,0.00041552926017457496,0.0005591225847867192,38660,2.843649793746033e-06,4.1311963078158494e-05,0.0003635229400194451,2.5428050396018493,1.143062003603811,1.115602369353488,0.02745963425032305
500,positive,35,0.0001105422614223033,0.00011052514547010203,0.00042707210410072215,0.0005522137122251595,38660,2.808511856969269e-06,4.1311963078158494e-05,0.0003635229400194451,2.6757929951952986,1.1748147285502195,1.137139825931959,0.037674902618260564
500,positive,36,0.0001162970461575758,0.00011627240216213389,0.00043726857279625903,0.0005558956455155553,38659,2.8272744218754423e-06,4.1311963078158494e-05,0.0003635229400194451,2.8150936797061012,1.2028637663770798,1.1584713469329215,0.04439241944415828
500,positive,37,0.00012237431597731323,0.0001223652918555408,0.0004433008016624359,0.0005666328350405541,38660,2.8818462861904326e-06,4.1311963078158494e-05,0.0003635229400194451,2.9622004586369353,1.2194575716149396,1.1797764646502515,0.03968110696468807
500,positive,38,0.000128856558051919,0.00012885519063445856,0.00044926645753037684,0.0005609533933321506,38660,2.8529611299078346e-06,4.1311963078158494e-05,0.0003635229400194451,3.1191100216693664,1.2358682439857722,1.201264196487104,0.03460404749866819
500,positive,39,0.0001357461705115228,0.00013571872758721168,0.0004621357831251541,0.0005821194974697239,38660,2.9606101308656065e-06,4.1311963078158494e-05,0.0003635229400194451,3.285880418093503,1.271269931686936,1.2228524926977509,0.04841743898918516
500,positive,40,0.00014310696768373042,0.00014306167525915793,0.00046981093809383176,0.0005526322889211543,38660,2.810640702355986e-06,4.1311963078158494e-05,0.0003635229400194451,3.464056341573142,1.2923831933926955,1.2446492330949641,0.04773396029773136
500,positive,41,0.0001509730924170984,0.00015095038755974684,0.00048014062879603,0.000644371312743144,38660,3.277217555568552e-06,4.1311963078158494e-05,0.0003635229400194451,3.654464256067207,1.3207987060468507,1.266654555056266,0.05414415099058467
500,positive,42,0.00015940666036014372,0.00015938282487643033,0.00048370165012279236,0.0005607976559662797,38659,2.8522059515157678e-06,4.1311963078158494e-05,0.0003635229400194451,3.8586077369056695,1.3305945701718818,1.288935362172177,0.041659207999704684
500,positive,43,0.00016859405050697815,0.00016854665067740908,0.0004887399928387429,0.0005649206119490513,38660,2.873138065536358e-06,4.1311963078158494e-05,0.0003635229400194451,4.080998285847938,1.3444543357087722,1.311839759562405,0.0326145761463672
500,positive,44,0.00017855449544526648,0.00017853681336499469,0.0005035989187513748,0.0005919806566036777,38660,3.010763145428703e-06,4.1311963078158494e-05,0.0003635229400194451,4.322101448131563,1.385329131428231,1.335248727007691,0.05008040442054007
500,positive,45,0.00018938558509648445,0.00018935094959622367,0.0005123822931846163,0.0005650745574156019,38660,2.873921019053379e-06,4.1311963078158494e-05,0.0003635229400194451,4.584279491589012,1.409490947551229,1.3592257447835707,0.050265202767658224
500,positive,46,0.0002012804777470867,0.00020123464064196358,0.0005187131512389945,0.0005626717689924065,38660,2.8617006420020008e-06,4.1311963078158494e-05,0.0003635229400194451,4.872208017960373,1.4269062392905607,1.3840016677644882,0.04290457152607252
500,positive,47,0.00021445439214050607,0.00021438974681178878,0.0005247034819675862,0.0005791885527380835,38660,2.945703595861678e-06,4.1311963078158494e-05,0.0003635229400194451,5.191096625807343,1.443384788700046,1.40978119842024,0.03360359027980597
500,positive,48,0.00022917308351321514,0.00022909808689017464,0.0005367818126225265,0.0005992928454876894,38659,3.0479917353712804e-06,4.1311963078158494e-05,0.0003635229400194451,5.547378203249272,1.476610561616314,1.4367895808198743,0.03982098079643981
500,positive,49,0.0002457446021296875,0.0002456654317507797,0.0005507678564228034,0.0005720238515516003,38660,2.9092645365112737e-06,4.1311963078158494e-05,0.0003635229400194451,5.948509434537424,1.5150841825644963,1.4652396976648692,0.04984448489962712
500,positive,50,0.00026474394507069196,0.0002645662879837563,0.0005565631943982224,0.0005588425414922131,38660,2.8422255174275117e-06,4.1311963078158494e-05,0.0003635229400194451,6.408408735499216,1.5310263345923958,1.495668030921122,0.03535830367127368
500,positive,51,0.00028662481026159493,0.00028649297357300824,0.0005691785731437709,0.000587066665212789,38660,2.9857710041963813e-06,4.1311963078158494e-05,0.0003635229400194451,6.938058346908539,1.5657294505632164,1.5282445577762624,0.037484892786953994
500,positive,52,0.00031245008345780255,0.00031221290578416656,0.0005775372444929066,0.0005987658662273783,38660,3.0452721430473912e-06,4.1311963078158494e-05,0.0003635229400194451,7.563186548813362,1.5887229687953497,1.5638318391609718,0.024891129634377895
500,positive,53,0.0003436216292356685,0.0003433166409680354,0.0005911363364226722,0.0005767685256289273,38660,2.9333955443233253e-06,4.1311963078158494e-05,0.0003635229400194451,8.3177269641137,1.6261321400818662,1.6033545252540695,0.02277761482779672
500,positive,54,0.000382187147661168,0.00038171584883398436,0.0006050377599996912,0.0005753534617095275,38659,2.9262364959167865e-06,4.1311963078158494e-05,0.0003635229400194451,9.25124635055721,1.664372982809083,1.6480037248697634,0.016369257939319537
500,positive,55,0.00043171603737268157,0.0004310299138938111,0.0006200964742176738,0.0005833789076609729,38660,2.9670153837171846e-06,4.1311963078158494e-05,0.0003635229400194451,10.450145798104872,1.7057973677933622,1.6998313129105582,0.005966054882803995
500,positive,56,0.0004998873609872838,0.0004986165665067676,0.0006349225830010425,0.000606014652054579,38660,3.0821388497111755e-06,4.1311963078158494e-05,0.0003635229400194451,12.100305183792456,1.7465818882491433,1.7633069715748164,-0.01672508332567313
500,positive,57,0.0006028873621900157,0.0005996481625990346,0.0006618082240364258,0.0005942188255623921,38660,3.0221462819196833e-06,4.1311963078158494e-05,0.0003635229400194451,14.593529749467663,1.8205404698834828,1.846482276828192,-0.025941806944709267
500,positive,58,0.0007915840945145619,0.0007811004813613113,0.0006988079376926002,0.000638561212592425,38660,3.2476678815886706e-06,4.1311963078158494e-05,0.0003635229400194451,19.161134827143325,1.92232142944052,1.9721977179104833,-0.04987628846996328
500,positive,59,0.0016068304716526135,0.001306031323031029,0.0008513217284890185,0.0009357224516202195,38660,4.75900460641985e-06,4.1311963078158494e-05,0.0003635229400194451,38.89504036912106,2.341865216108454,2.332138244463369,0.009726971645084959
1000,negative,59,-0.0024978819727720556,-0.002069996706253911,-0.0012118163611155458,0.0010997934418515605,19642,7.84726415812034e-06,7.377665298991486e-05,0.0005405190503126844,-33.85735014454385,-2.241949401070181,-2.257381123258947,0.015431722188766095
1000,negative,58,-0.001293479674466836,-0.0012775950246760525,-0.0010121352480213718,0.0008913469842250279,19641,6.360115486605228e-06,7.377665298991486e-05,0.0005405190503126844,-17.532371313234453,-1.8725246546553032,-1.9305058731279294,0.05798121847262627
1000,negative,57,-0.000998721839017862,-0.0009941283912265307,-0.0009549678600923123,0.0008542260750973025,19641,6.095243025937871e-06,7.377665298991486e-05,0.0005405190503126844,-13.537098777771684,-1.7667607821405624,-1.8128219923775823,0.04606121023701992
1000,negative,56,-0.0008349171212795662,-0.0008326078561121756,-0.0009185220859427481,0.0008247484615595554,19642,5.884758715204924e-06,7.377665298991486e-05,0.0005405190503126844,-11.316820260112612,-1.6993334192594933,-1.7341628613131332,0.034829442053639914
1000,negative,55,-0.0007263605674128658,-0.0007251878748739635,-0.0008851457358450594,0.0008163355555342799,19641,5.824879088511389e-06,7.377665298991486e-05,0.0005405190503126844,-9.84539875388706,-1.6375847166404445,-1.674380377536207,0.03679566089576247
1000,negative,54,-0.0006452683027803153,-0.0006444860152323888,-0.0008585922501489627,0.000815030086580197,19641,5.8155640479502045e-06,7.377665298991486e-05,0.0005405190503126844,-8.74623985542584,-1.588458815008049,-1.6243779915493297,0.03591917654128074
1000,negative,53,-0.0005829833447394152,-0.0005823112752544157,-0.0008490723223419282,0.0008134596235213451,19642,5.804210413357503e-06,7.377665298991486e-05,0.0005405190503126844,-7.902003155647465,-1.5708462483436043,-1.5820032164663211,0.011156968122716826
1000,negative,52,-0.0005328653940400566,-0.0005324395009859475,-0.0008307896875307422,0.0008346939937991067,19641,5.9558738521493984e-06,7.377665298991486e-05,0.0005405190503126844,-7.222683226262628,-1.5370220291960834,-1.544800880051799,0.007778850855715502
1000,negative,51,-0.0004906982032094483,-0.0004905364700941605,-0.0008155089519440359,0.000802411718576259,19641,5.725526970159106e-06,7.377665298991486e-05,0.0005405190503126844,-6.651131263389326,-1.5087515444132318,-1.5108996402945385,0.002148095881306711
1000,negative,50,-0.0004546095431486528,-0.00045435790367404517,-0.000798233553354189,0.0007811687253461584,19642,5.573807868442294e-06,7.377665298991486e-05,0.0005405190503126844,-6.161970280907121,-1.476790786360665,-1.47963270502506,0.0028419186643948713
1000,negative,49,-0.0004232572258082061,-0.0004231250649314025,-0.0007897401507449777,0.0008209979758364124,19641,5.858147313000236e-06,7.377665298991486e-05,0.0005405190503126844,-5.737007693559433,-1.4610773668164363,-1.4504794551160316,-0.010597911700404694
1000,negative,48,-0.0003956396711838781,-0.0003955202028415285,-0.000762500586454592,0.0007807317856354282,19641,5.570832020060156e-06,7.377665298991486e-05,0.0005405190503126844,-5.362667661786736,-1.41068216932131,-1.4230077748648369,0.012325605543526796
1000,negative,47,-0.00037114324879976556,-0.0003710075642327903,-0.0007470943469508115,0.0007618059071108513,19642,5.435649971008103e-06,7.377665298991486e-05,0.0005405190503126844,-5.030632778238126,-1.3821794930606526,-1.39701280796517,0.014833314904517447
1000,negative,46,-0.0003489906647341472,-0.0003488166644945718,-0.0007439044712115383,0.0008059086056885972,19641,5.750478651459099e-06,7.377665298991486e-05,0.0005405190503126844,-4.730367271904482,-1.3762779883173362,-1.3719869322759024,-0.004291056041433761
1000,negative,45,-0.0003288156306429868,-0.000328767522698214,-0.0007283030572639384,0.0007721776841326882,19641,5.509795101324326e-06,7.377665298991486e-05,0.0005405190503126844,-4.456906315442845,-1.3474142249799022,-1.3477573127152114,0.0003430877353092221
1000,negative,44,-0.0003104486355114895,-0.00031038240676649884,-0.0007136306721132204,0.0007643761100636668,19642,5.453988925163683e-06,7.377665298991486e-05,0.0005405190503126844,-4.207952284768561,-1.3202692332497676,-1.3243389132924444,0.0040696800426767155
1000,negative,43,-0.0002936857789763951,-0.0002936120234398676,-0.0006938724050155812,0.0007653975646501601,19641,5.4614162503436915e-06,7.377665298991486e-05,0.0005405190503126844,-3.9807414280035376,-1.283714985834789,-1.3016798946371666,0.017964908802377666
1000,negative,42,-0.00027813289763715124,-0.00027805506854488557,-0.0006810572692204261,0.0007519000222336883,19641,5.365105913209661e-06,7.377665298991486e-05,0.0005405190503126844,-3.769931087483347,-1.260006042019133,-1.2794136082940908,0.019407566274957766
1000,negative,41,-0.000263887533592479,-0.0002638350301591016,-0.0006719449655302388,0.0007771599981316549,19642,5.545204732441506e-06,7.377665298991486e-05,0.0005405190503126844,-3.5768433901244063,-1.2431476099529257,-1.2578348591688027,0.01468724921587694
1000,negative,40,-0.0002505007596824333,-0.00025046953763122753,-0.0006650625949260704,0.0007588075835178443,19641,5.414394112166471e-06,7.377665298991486e-05,0.0005405190503126844,-3.3953933870743134,-1.2304147181146325,-1.2363952548401154,0.005980536725482821
1000,negative,39,-0.0002378922176880636,-0.00023784490319459433,-0.0006425889018357925,0.0007864946778782581,19641,5.611952549831316e-06,7.377665298991486e-05,0.0005405190503126844,-3.224491869000659,-1.188836732884922,-1.2150465522660518,0.026209819381129762
1000,negative,38,-0.00022603390462109998,-0.00022596778183158413,-0.0006431602587683782,0.0007609262248244363,19641,5.429511461103633e-06,7.377665298991486e-05,0.0005405190503126844,-3.0637592715408006,-1.1898937852353528,-1.1938213380207425,0.0039275527853896985
1000,negative,37,-0.00021486665849140184,-0.0002148364631791111,-0.0006214112638418343,0.0007495744629946432,19642,5.348375970852602e-06,7.377665298991486e-05,0.0005405190503126844,-2.9123936880244994,-1.1496565449124405,-1.1726952453163075,0.02303870040386702
1000,negative,36,-0.00020438875195544622,-0.00020435833180764272,-0.0006239509593188444,0.0007736178407040855,19641,5.520071191640427e-06,7.377665298991486e-05,0.0005405190503126844,-2.770371705306092,-1.1543551683477122,-1.1517517388467011,-0.002603429501011112
1000,negative,35,-0.00019455736222870234,-0.00019450494754758957,-0.0006145894601862725,0.0007798448761298126,19641,5.564503567749536e-06,7.377665298991486e-05,0.0005405190503126844,-2.6371128852280408,-1.137035706383964,-1.1309994129657133,-0.006036293418250738
1000,negative,34,-0.00018508622173174218,-0.00018501031360651965,-0.0005904806285664649,0.0007629448482247002,19642,5.443776562275886e-06,7.377665298991486e-05,0.0005405190503126844,-2.508737035780725,-1.092432594604905,-1.1098848055714552,0.017452210966550252
1000,negative,33,-0.00017615123147092353,-0.00017612916761767632,-0.0005852831075450447,0.0007772099675939851,19641,5.545702446658544e-06,7.377665298991486e-05,0.0005405190503126844,-2.387628393700689,-1.082816798420823,-1.0888422959360358,0.006025497515212752
1000,negative,32,-0.00016761448461118873,-0.00016758563848573527,-0.0005771167009248068,0.0007621446422376593,19641,5.438205354274458e-06,7.377665298991486e-05,0.0005405190503126844,-2.2719177113402167,-1.067708345507806,-1.0676058290579107,-0.00010251644989534014
1000,negative,31,-0.00015948320398783176,-0.00015947705365025881,-0.0005645729759097047,0.0007891138472147107,19642,5.630498031975206e-06,7.377665298991486e-05,0.0005405190503126844,-2.1617028900678488,-1.0445015315983874,-1.0462368326058211,0.0017353010074336872
1000,negative,30,-0.00015177128765319863,-0.00015177925072828188,-0.0005578131019438043,0.0007498627054566781,19641,5.350568847158051e-06,7.377665298991486e-05,0.0005405190503126844,-2.0571723099710892,-1.0319952675509132,-1.024829988691833,-0.0071652788590801375
1000,negative,29,-0.0001442728401067069,-0.00014423437203510753,-0.0005340709763570149,0.000755385784445295,19641,5.3899782139152484e-06,7.377665298991486e-05,0.0005405190503126844,-1.955535176235614,-0.9880705889053505,-1.0028376916272057,0.014767102721855219
1000,negative,28,-0.00013713746537539985,-0.00013713447389201755,-0.0005235776402728208,0.0007724496707133088,19642,5.511595527188591e-06,7.377665298991486e-05,0.0005405190503126844,-1.8588192852032241,-0.9686571453308386,-0.9807176601034312,0.012060514772592623
1000,negative,27,-0.00013026327890348202,-0.00013024230273233904,-0.0005103977174451334,0.0007480647826018942,19641,5.337739952019785e-06,7.377665298991486e-05,0.0005405190503126844,-1.76564365045523,-0.9442733186737338,-0.9581918778775815,0.013918559203847769
1000,negative,26,-0.0001236836895717156,-0.00012366717182427388,-0.0004992256130291541,0.0007611870334339779,19641,5.4313724343339715e-06,7.377665298991486e-05,0.0005405190503126844,-1.6764611101105784,-0.9236041037598166,-0.9353986346916617,0.011794530931845126
1000,negative,25,-0.00011729768491182308,-0.00011726509099162539,-0.00048576332037349927,0.0007709887702854113,19642,5.501171686556188e-06,7.377665298991486e-05,0.0005405190503126844,-1.5899024983941392,-0.8986978721517594,-0.9120047163437545,0.013306844191995015
1000,negative,24,-0.00011114149308692563,-0.00011112993406099047,-0.00045883252234855634,0.0007405254768664996,19641,5.283944004970471e-06,7.377665298991486e-05,0.0005405190503126844,-1.5064588671719559,-0.8488739149584583,-0.8881470326624434,0.039273117703985116
1000,negative,23,-0.00010516879539466511,-0.00010515636698917591,-0.00046097901800666867,0.0007509738760694013,19641,5.358497491723316e-06,7.377665298991486e-05,0.0005405190503126844,-1.4255023931356916,-0.8528450898076531,-0.8636524397295461,0.010807349921893028
1000,negative,22,-9.943928118811506e-05,-9.943218243030778e-05,-0.0004439961531438137,0.0007533621410003272,19642,5.3754018729224174e-06,7.377665298991486e-05,0.0005405190503126844,-1.3478421310561248,-0.8214255406668215,-0.8387840653167902,0.017358524649968676
1000,negative,21,-9.3908118844034e-05,-9.391045711660217e-05,-0.00044140834661440245,0.0007583141280556087,19641,5.41087311104922e-06,7.377665298991486e-05,0.0005405190503126844,-1.272870414125063,-0.8166379082458842,-0.8133790135036258,-0.003258894742258378
1000,negative,20,-8.852590752190678e-05,-8.850943275899052e-05,-0.0004255793909595136,0.0007569302943203434,19641,5.400998906585288e-06,7.377665298991486e-05,0.0005405190503126844,-1.199917642428264,-0.7873531760135384,-0.7872142366881788,-0.0001389393253595772
1000,negative,19,-8.327806444110328e-05,-8.327579320163757e-05,-0.00041007789597986003,0.0007523692779307644,19641,5.368454239371045e-06,7.377665298991486e-05,0.0005405190503126844,-1.1287861547810694,-0.7586742701161678,-0.7602025521073463,0.0015282819911784928
1000,negative,18,-7.812712948327464e-05,-7.813283919513931e-05,-0.0003897915305220032,0.0007514639078500971,19642,5.361857568695181e-06,7.377665298991486e-05,0.0005405190503126844,-1.0589682008745298,-0.7211430018914468,-0.7321157912141212,0.010972789322674426
1000,negative,17,-7.311383556629504e-05,-7.31026873581279e-05,-0.0003757963071160681,0.0008018360026381894,19641,5.721419007807289e-06,7.377665298991486e-05,0.0005405190503126844,-0.9910158919284341,-0.6952508091965935,-0.7031459184858329,0.00789510928923931
1000,negative,16,-6.824057289914144e-05,-6.82268973800715e-05,-0.00036495933236606256,0.0007646672660340503,19641,5.456205279060488e-06,7.377665298991486e-05,0.0005405190503126844,-0.9249616258475403,-0.6752016088145969,-0.673303174019441,-0.0018984347951559455
1000,negative,15,-6.352171268232265e-05,-6.351492856113025e-05,-0.0003406195576618142,0.0007384058200829104,19642,5.268685287237928e-06,7.377665298991486e-05,0.0005405190503126844,-0.8610001959699359,-0.6301712353427127,-0.6426897281450291,0.012518492802316428
1000,negative,14,-5.890334248288852e-05,-5.890754295491641e-05,-0.00031984528874831174,0.0007381251112913233,19641,5.266816441251315e-06,7.377665298991486e-05,0.0005405190503126844,-0.7984008503467961,-0.5917373098381726,-0.6109577712262352,0.01922046138806255
1000,negative,13,-5.437518147913876e-05,-5.438243874242751e-05,-0.0003181320117911557,0.0007361796609606883,19641,5.252934878857236e-06,7.377665298991486e-05,0.0005405190503126844,-0.737024238366733,-0.5885676214503814,-0.578010421916351,-0.010557199534030448
1000,negative,12,-4.996160675949559e-05,-4.995646137426341e-05,-0.0002953374900197999,0.0007403671095739361,19642,5.282679512099565e-06,7.377665298991486e-05,0.0005405190503126844,-0.6772007774102365,-0.5463960795626914,-0.5440164420272549,-0.002379637535436574
1000,negative,11,-4.56343292860234e-05,-4.563198875709695e-05,-0.00027337174574918117,0.0007560094143787877,19641,5.3944280616940745e-06,7.377665298991486e-05,0.0005405190503126844,-0.6185470258763505,-0.5057578370106263,-0.508757716887004,0.0029998798763777312
1000,negative,10,-4.140127839825953e-05,-4.14058019740701e-05,-0.0002502444593848314,0.0008535517632187613,19641,6.090431542309819e-06,7.377665298991486e-05,0.0005405190503126844,-0.5611704613913431,-0.4629706561499871,-0.4722982216940076,0.009327565544020477
1000,negative,9,-3.723234827889256e-05,-3.723081695427149e-05,-0.0002481412566087486,0.0007535056319953622,19642,5.3764257122175985e-06,7.377665298991486e-05,0.0005405190503126844,-0.5046630169571688,-0.4590795763168783,-0.4343767722958636,-0.024702804021014713
1000,negative,8,-3.3130914901811554e-05,-3.312272782012246e-05,-0.0002126901941207875,0.0007661246688461008,19641,5.466604428167615e-06,7.377665298991486e-05,0.0005405190503126844,-0.4490704519536891,-0.39349250317402973,-0.3950195253359932,0.0015270221619634872
1000,negative,7,-2.9047372374896785e-05,-2.903931284443758e-05,-0.0001873906111863812,0.0007705358488083834,19641,5.498079952838526e-06,7.377665298991486e-05,0.0005405190503126844,-0.39372038711037094,-0.34668641387935867,-0.3537298578182361,0.007043443938877458
1000,negative,6,-2.5035311958599794e-05,-2.5023200774861987e-05,-0.00017517110415347725,0.0007414580927975545,19642,5.29046391344442e-06,7.377665298991486e-05,0.0005405190503126844,-0.33933922106797226,-0.3240794270842862,-0.3110560819406184,-0.01302334514366782
1000,negative,5,-2.1072254253750067e-05,-2.1075706398403094e-05,-0.00014948637304569527,0.0007154624211310114,19641,5.105109127256131e-06,7.377665298991486e-05,0.0005405190503126844,-0.2856222585298171,-0.27656078533997835,-0.26682021303426817,-0.009740572305710182
1000,negative,4,-1.7175402904503164e-05,-1.7165315366505726e-05,-0.0001312196002315359,0.0007209810755500071,19641,5.144486922948113e-06,7.377665298991486e-05,0.0005405190503126844,-0.2328026849747577,-0.24276591205365805,-0.22130876236762498,-0.021457149686033072
1000,negative,3,-1.3335477568228404e-05,-1.3337302934412436e-05,-0.00010125550354540813,0.0007208829287119128,19642,5.143655666065823e-06,7.377665298991486e-05,0.0005405190503126844,-0.18075471070843158,-0.1873301292282537,-0.17455915029422137,-0.01277097893403234
1000,negative,2,-9.503481352343527e-06,-9.507434836963057e-06,-6.0638382552824404e-05,0.0007056469354607892,19641,5.035071730457163e-06,7.377665298991486e-05,0.0005405190503126844,-0.12881421109795582,-0.11218546787156855,-0.12613497805788926,0.013949510186320707
1000,negative,1,-5.688911316647675e-06,-5.688113016005431e-06,-4.410869128228786e-05,0.0007171887240086123,19641,5.1174269853526015e-06,7.377665298991486e-05,0.0005405190503126844,-0.07710991331397671,-0.08160432320890718,-0.07636821854183726,-0.0052361046670699185
1000,negative,0,-1.8963500068463086e-06,-1.8833403578033205e-06,-1.03678090015222e-05,0.0007159573991003241,19642,5.108510946603133e-06,7.377665298991486e-05,0.0005405190503126844,-0.025703931121753874,-0.019181209238646694,-0.025657660244730433,0.006476451006083739
1000,positive,0,1.8902740079096176e-06,1.8983457703565855e-06,7.916141549261434e-06,0.0007112381888267025,19270,5.123588120458167e-06,7.377665298991486e-05,0.0005405190503126844,0.025621574458901175,0.014645444123906516,0.025575678049136963,-0.010930233925230447
1000,positive,1,5.639139112399891e-06,5.635782542929169e-06,3.696883295432039e-05,0.0006996445027042774,19269,5.040200786090151e-06,7.377665298991486e-05,0.0005405190503126844,0.07643527977842464,0.0683950601425321,0.07570979223984381,-0.007314732097311705
1000,positive,2,9.416225611214595e-06,9.414180538383395e-06,5.534129352454041e-05,0.000755689433955428,19269,5.443945409904932e-06,7.377665298991486e-05,0.0005405190503126844,0.12763150982875,0.10238546355124037,0.12501308459059152,-0.022627621039351148
1000,positive,3,1.320930640318497e-05,1.3207184213743474e-05,9.082178409115556e-05,0.0007463442283979819,19269,5.376623059461592e-06,7.377665298991486e-05,0.0005405190503126844,0.17904453330229902,0.16802698080412917,0.17299210149433777,-0.004965120690208602
1000,positive,4,1.7030808125351015e-05,1.7036812808779925e-05,0.00010500402730032739,0.0007048361530618242,19269,5.077601151721657e-06,7.377665298991486e-05,0.0005405190503126844,0.23084278610035477,0.1942651738908808,0.219582107298596,-0.02531693340771521
1000,positive,5,2.0895182275848358e-05,2.0885461406293338e-05,0.00013590759811578316,0.0007343619478021047,19269,5.290303364466404e-06,7.377665298991486e-05,0.0005405190503126844,0.28322214994904543,0.2514390529568978,0.26479530680302027,-0.01335625384612249
1000,positive,6,2.4834220699348912e-05,2.4820279714838388e-05,0.00017405439405330524,0.0007064302598570505,19269,5.089085010011624e-06,7.377665298991486e-05,0.0005405190503126844,0.336613544975315,0.3220134312613342,0.30886148955284076,0.013151941708493431
1000,positive,7,2.8807554768168704e-05,2.8788385889780226e-05,0.00018287966916550683,0.0007238788320869864,19269,5.214783571394656e-06,7.377665298991486e-05,0.0005405190503126844,0.3904697977028945,0.3383408393463892,0.351238241681793,-0.012897402335403818
1000,positive,8,3.285025501197274e-05,3.286258052766868e-05,0.00020177462299777,0.0007360401094306287,19269,5.3023927491847575e-06,7.377665298991486e-05,0.0005405190503126844,0.44526626894369026,0.3732978937209439,0.3922497558527238,-0.018951862131779906
1000,positive,9,3.691791574511436e-05,3.692331036204403e-05,0.00023093026629816067,0.0007201865630454767,19270,5.188050046947743e-06,7.377665298991486e-05,0.0005405190503126844,0.5004010652280604,0.4272379783183775,0.4314326243292764,-0.004194646010898917
1000,positive,10,4.100987769694365e-05,4.10187637182673e-05,0.00025118938254323084,0.0007409477265777155,19269,5.337746955080707e-06,7.377665298991486e-05,0.0005405190503126844,0.5558652505224061,0.4647188334951756,0.468824648771638,-0.004105815276462366
1000,positive,11,4.521911282952176e-05,4.5232476343222214e-05,0.0002762167324495185,0.0007369324805367089,19269,5.30882134189572e-06,7.377665298991486e-05,0.0005405190503126844,0.612919006175343,0.5110212716642089,0.5052694636940808,0.005751807970128087
1000,positive,12,4.948231053835065e-05,4.948088334913424e-05,0.0002781541355398171,0.0007632361229893231,19269,5.49831134553938e-06,7.377665298991486e-05,0.0005405190503126844,0.6707041934406376,0.5146056098835146,0.5402075171877352,-0.025601907304220628
1000,positive,13,5.38589881715912e-05,5.384643106458228e-05,0.0003121832122384223,0.0007509853216179178,19269,5.410057241542667e-06,7.377665298991486e-05,0.0005405190503126844,0.7300275356616358,0.5775619047244084,0.5741330298478581,0.003428874876550303
1000,positive,14,5.8358176195183226e-05,5.8355099270847394e-05,0.0003274448539981371,0.0007653085754303243,19269,5.513241179736453e-06,7.377665298991486e-05,0.0005405190503126844,0.791011435598206,0.6057970645229133,0.6070900092170152,-0.0012929446941019052
1000,positive,15,6.29487760349169e-05,6.293501175646514e-05,0.00034010740125317004,0.000756450454110721,19269,5.449427757540213e-06,7.377665298991486e-05,0.0005405190503126844,0.8532343700048564,0.6292237083159633,0.6388511513038964,-0.009627442987933055
1000,positive,16,6.764040923824199e-05,6.765180509345527e-05,0.00036552223825982237,0.0007467374368417811,19269,5.379455711615469e-06,7.377665298991486e-05,0.0005405190503126844,0.9168267534105717,0.6762430261215987,0.6695062540621675,0.00673677205943124
1000,positive,17,7.244644855515853e-05,7.244314750535428e-05,0.00037364386842639265,0.0007445010475181242,19269,5.363344885069229e-06,7.377665298991486e-05,0.0005405190503126844,0.9819698457323868,0.691268639301878,0.6991601539807475,-0.007891514678869505
1000,positive,18,7.739926578290101e-05,7.739471440105456e-05,0.0003996036252649497,0.0007664411143450041,19269,5.521399928223697e-06,7.377665298991486e-05,0.0005405190503126844,1.0491024280198962,0.7392960988771502,0.7280130942289235,0.011283004648226735
1000,positive,19,8.248865239243639e-05,8.248637862018322e-05,0.0004055162043452331,0.0007508712477616846,19270,5.409095104091425e-06,7.377665298991486e-05,0.0005405190503126844,1.1180861295471407,0.7502348050649581,0.7560027123543827,-0.0057679072894245564
1000,positive,20,8.7658363105674e-05,8.765186235915256e-05,0.0004116250572244753,0.0007634498003896178,19269,5.499850665861017e-06,7.377665298991486e-05,0.0005405190503126844,1.1881585779942707,0.7615366322174115,0.7828545892952137,-0.021317957077802152
1000,positive,21,9.302312623638949e-05,9.300637989644039e-05,0.0004357808144928658,0.0007527682692504677,19269,5.42290149891109e-06,7.377665298991486e-05,0.0005405190503126844,1.2608748495151385,0.8062265598978822,0.8091780767848404,-0.002951516886958272
1000,positive,22,9.85664523916555e-05,9.856614420678108e-05,0.0004586329860765947,0.0007597019380399715,19269,5.472851270185312e-06,7.377665298991486e-05,0.0005405190503126844,1.3360114398945335,0.8485047581787922,0.8348696212562162,0.013635136922576008
1000,positive,23,0.00010432160975175877,0.00010429043107505489,0.0004717024855313808,0.0008006892704729572,19269,5.768121774491399e-06,7.377665298991486e-05,0.0005405190503126844,1.4140192801375708,0.872684293474034,0.8600629943512312,0.012621299122802743
1000,positive,24,0.00011028076438363898,0.00011028167607312626,0.0004921633065433061,0.0008072159641064522,19269,5.815139718968861e-06,7.377665298991486e-05,0.0005405190503126844,1.4947921857977777,0.910538317305551,0.8847019980434397,0.025836319262111274
1000,positive,25,0.00011634483400755305,0.00011634538277997347,0.0005104890157726221,0.0007880163266809876,19269,5.6768265795524344e-06,7.377665298991486e-05,0.0005405190503126844,1.5769871536928788,0.9444422272948747,0.9083990401847487,0.036043187110125996
1000,positive,26,0.00012267783884268435,0.00012267990510529176,0.0005211058511299398,0.0007710744091880193,19269,5.554777931223348e-06,7.377665298991486e-05,0.0005405190503126844,1.6628273833383875,0.9640841536084356,0.931800139675109,0.03228401393332658
1000,positive,27,0.00012922671958228614,0.00012921238964442347,0.0005299007959522812,0.0007653386238270863,19269,5.51345764674562e-06,7.377665298991486e-05,0.0005405190503126844,1.7515936864193502,0.9803554484263586,0.954684100455324,0.02567134797103454
1000,positive,28,0.00013603177166325855,0.00013605411600650996,0.0005342946811618278,0.0007785893549823173,19269,5.608915190293409e-06,7.377665298991486e-05,0.0005405190503126844,1.843832244353154,0.9884844592484653,0.977178094766064,0.011306364482401299
1000,positive,29,0.00014306322446787207,0.0001430426039847671,0.0005441703271501994,0.0007671784072602342,19270,5.526567942301948e-06,7.377665298991486e-05,0.0005405190503126844,1.9391395335788486,1.0067551307126044,0.9991729682615484,0.007582162451055918
1000,positive,30,0.00015046521183516187,0.0001504679727034592,0.0005688570043831879,0.0008105284966735229,19269,5.839003022666618e-06,7.377665298991486e-05,0.0005405190503126844,2.039469205193277,1.0524272993784591,1.021086272809542,0.03134102656891713
1000,positive,31,0.0001581270623429992,0.00015812259411505006,0.0005795015035259362,0.0007805401446288984,19269,5.622968572364146e-06,7.377665298991486e-05,0.0005405190503126844,2.143321171870116,1.0721204057298275,1.042556143065315,0.02956426266451251
1000,positive,32,0.00016612446373995152,0.00016612431302992094,0.0006034348901360042,0.0007883197399917408,19269,5.67901235247205e-06,7.377665298991486e-05,0.0005405190503126844,2.251721337408197,1.1163989313363214,1.0637768573468807,0.05262207398944074
1000,positive,33,0.00017444784008421472,0.00017443208447678267,0.0005995526618750739,0.000808543642184366,19269,5.82470423933043e-06,7.377665298991486e-05,0.0005405190503126844,2.3645399054367706,1.1092165235031757,1.084696954599146,0.02451956890402962
1000,positive,34,0.00018328921895548433,0.00018329031682722555,0.0006198300602224111,0.000787226438873707,19269,5.671136270928855e-06,7.377665298991486e-05,0.0005405190503126844,2.484379699097215,1.1467312019138753,1.1057441632820917,0.04098703863178366
1000,positive,35,0.0001924965536344532,0.0001924638582527419,0.00062343077545131,0.0007787385976340037,19269,5.609990326205204e-06,7.377665298991486e-05,0.0005405190503126844,2.6091798127622727,1.1533927899315704,1.1265030558358793,0.026889734095691065
1000,positive,36,0.00020220867392103877,0.00020220088097110296,0.0006316071441931981,0.0007908560997762015,19269,5.697284149834901e-06,7.377665298991486e-05,0.0005405190503126844,2.7408220043362546,1.1685196735023868,1.1472461253091035,0.02127354819328331
1000,positive,37,0.00021250301120847082,0.0002124989604217949,0.0006521236480400009,0.0007819629363163431,19269,5.633218285974106e-06,7.377665298991486e-05,0.0005405190503126844,2.8803558117162025,1.2064767146740794,1.168069962115131,0.03840675255894843
1000,positive,38,0.0002233289981248477,0.00022330547474665185,0.0006691745811834963,0.0008662790611478706,19269,6.240627044298281e-06,7.377665298991486e-05,0.0005405190503126844,3.02709582332742,1.2380221951407375,1.188810344085283,0.04921185105545445
1000,positive,39,0.00023475279035775292,0.0002347389544628644,0.0006753871259577474,0.0007873808320084584,19270,5.67210133051217e-06,7.377665298991486e-05,0.0005405190503126844,3.181938741377211,1.2495158599258311,1.2095408151568878,0.03997504476894331
1000,positive,40,0.0002470142841041473,0.0002469896548259568,0.00069017424840939,0.0007910813984485848,19269,5.698907189165965e-06,7.377665298991486e-05,0.0005405190503126844,3.3481362205183496,1.276873124101975,1.2306097475655233,0.04626337653645174
1000,positive,41,0.0002602119100711954,0.0002602054802145894,0.0006961211185691448,0.0008043313129382546,19269,5.794358849499654e-06,7.377665298991486e-05,0.0005405190503126844,3.527022432242432,1.2878752713090247,1.252065944224641,0.03580932708438378
1000,positive,42,0.00027420917089140983,0.0002742038694801033,0.0007173345098871406,0.000805941113701819,19269,5.805955766280397e-06,7.377665298991486e-05,0.0005405190503126844,3.71674723342212,1.3271216055607482,1.2735889245856271,0.053532680975121094
1000,positive,43,0.00028954582552913707,0.00028946571514119017,0.0007343075175668925,0.0008035441685957341,19269,5.788688304646369e-06,7.377665298991486e-05,0.0005405190503126844,3.924626745655126,1.3585229181878113,1.2958760155505085,0.06264690263730288
1000,positive,44,0.0003061428820706726,0.0003060382380007534,0.0007391018483703423,0.0008340131290998585,19269,6.008185032042437e-06,7.377665298991486e-05,0.0005405190503126844,4.149590279088994,1.3673927828127055,1.3186422043547485,0.04875057845795694
1000,positive,45,0.0003240315499506423,0.00032394667342911714,0.000743827993815098,0.0007840725283215725,19269,5.648415671563486e-06,7.377665298991486e-05,0.0005405190503126844,4.392060859618243,1.3761364995087622,1.3417894458920678,0.03434705361669432
1000,positive,46,0.0003436504030095897,0.00034353961845513435,0.0007682762769660753,0.0008033670053908097,19269,5.787412030593941e-06,7.377665298991486e-05,0.0005405190503126844,4.657983102819345,1.4213676215882416,1.3657146751746283,0.05565294641361329
1000,positive,47,0.00036535708396246916,0.0003653440078835122,0.000782220266086498,0.0007936145948682117,19269,5.717156197821323e-06,7.377665298991486e-05,0.0005405190503126844,4.952204649517142,1.4471650270864498,1.390623722822602,0.05654130426384785
1000,positive,48,0.0003895113897426878,0.00038934248831326617,0.0007956950603215525,0.0008021989185716784,19269,5.778997196944493e-06,7.377665298991486e-05,0.0005405190503126844,5.279602339725731,1.4720943875359278,1.4166572124354204,0.055437175100507385
1000,positive,49,0.00041660539488374106,0.0004163655253557385,0.0008060874227077521,0.0007995232609981196,19270,5.759572456082023e-06,7.377665298991486e-05,0.0005405190503126844,5.646845960072088,1.4913210223422084,1.444026280103715,0.0472947422384935
1000,positive,50,0.00044753832689343337,0.0004474167452745512,0.0008284625155883589,0.0008212345266295017,19269,5.916128677754967e-06,7.377665298991486e-05,0.0005405190503126844,6.066124021031573,1.5327165899316635,1.4732302456348043,0.05948634429685917
1000,positive,51,0.00048282688527052545,0.000482520616059498,0.0008382680305807431,0.0008272948244257052,19269,5.959786732092994e-06,7.377665298991486e-05,0.0005405190503126844,6.544440086439365,1.5508575138948648,1.5042702263705123,0.04658728752435248
1000,positive,52,0.0005241232753902493,0.0005236465662765156,0.0008574723839220057,0.0008460972873902625,19269,6.0952386483849e-06,7.377665298991486e-05,0.0005405190503126844,7.104188847681882,1.5863869801184014,1.5379831980884195,0.04840378202998186
1000,positive,53,0.0005741555985678697,0.0005734367736094051,0.0008624984068504546,0.0008013376778930521,19269,5.7727928661327065e-06,7.377665298991486e-05,0.0005405190503126844,7.782348145372707,1.5956854922162478,1.5756686547500351,0.020016837466212634
1000,positive,54,0.0006352890781840941,0.0006343095788721646,0.0008920842102523098,0.00081522198580902,19269,5.872814662061771e-06,7.377665298991486e-05,0.0005405190503126844,8.610977218916899,1.6504214046410552,1.6178435640651598,0.03257784057589541
1000,positive,55,0.0007145410055263611,0.0007132530028811991,0.0008950274065282958,0.0008139418216489061,19269,5.863592429369038e-06,7.377665298991486e-05,0.0005405190503126844,9.685191406338772,1.6558665342332193,1.6674091858185196,-0.011542651585300323
1000,positive,56,0.0008224048302331681,0.0008201121460459699,0.0009373140015703165,0.0008654211953572707,19269,6.234447025995517e-06,7.377665298991486e-05,0.0005405190503126844,11.147223368151296,1.7340998453765701,1.7276274722244482,0.006472373152121902
1000,positive,57,0.0009842478077914673,0.0009794958005391497,0.0009603969657300471,0.0008910485837962118,19269,6.419065332658584e-06,7.377665298991486e-05,0.0005405190503126844,13.340911628588144,1.7768050268986226,1.8063303115790736,-0.029525284680451014
1000,positive,58,0.0012760833951748311,0.0012593041587430766,0.001021951930759,0.0009475783714214595,19269,6.826302835311717e-06,7.377665298991486e-05,0.0005405190503126844,17.296574776159463,1.8906862397686295,1.9242107914647606,-0.03352455169613111
1000,positive,59,0.002494488868572594,0.0020554086285812503,0.0012118773050049884,0.0011788938405448647,19270,8.492466478299152e-06,7.377665298991486e-05,0.0005405190503126844,33.81135857320047,2.2420621517482697,2.2566594652429908,-0.014597313494721043
2000,negative,59,-0.003874565257361211,-0.0032362631120459017,-0.001759226896027324,0.0015228018303241127,9849,1.5344308497722313e-05,0.0001316653672405548,0.0008071411741868962,-29.427368324445684,-2.1795776901104653,-2.184015963788519,0.004438273678053495
2000,negative,58,-0.002062913331066236,-0.002040041391372879,-0.0014884280030661111,0.0012967090309201007,9848,1.3066778086751705e-05,0.0001316653672405548,0.0008071411741868962,-15.667850812258468,-1.8440739373326291,-1.8786932518371495,0.03461931450452038
2000,negative,57,-0.0016085709485212372,-0.0016024229652640367,-0.001406726063651408,0.001232306125257382,9848,1.2417797894302808e-05,0.0001316653672405548,0.0008071411741868962,-12.217115117161763,-1.7428500845202526,-1.7675132675609395,0.02466318304068693
2000,negative,56,-0.0013570260643166882,-0.0013550203169193779,-0.0013480116892316404,0.0011924881777180436,9848,1.2016557313756166e-05,0.0001316653672405548,0.0008071411741868962,-10.30662878748805,-1.670106460111653,-1.6939098805600397,0.02380342044838657
2000,negative,55,-0.0011860818334826248,-0.001184651558109982,-0.0013091725494192873,0.001178752931919948,9848,1.187814892410891e-05,0.0001316653672405548,0.0008071411741868962,-9.008305360327851,-1.6219870715158735,-1.6367853463752196,0.014798274859346039
2000,negative,54,-0.001059077013704854,-0.0010581986293046685,-0.0012576373070086486,0.0010899566352327024,9848,1.0983359517950222e-05,0.0001316653672405548,0.0008071411741868962,-8.043702272670556,-1.558137965487359,-1.5893928442692877,0.031254878781928674
2000,negative,53,-0.0009593133590724747,-0.0009586909676498672,-0.0012354268787708386,0.0011327691292831808,9849,1.141419627314076e-05,0.0001316653672405548,0.0008071411741868962,-7.285996152046524,-1.5306205633920138,-1.5484012793330633,0.017780715941049463
2000,negative,52,-0.0008784623818238939,-0.0008781617691954674,-0.001218574002157891,0.0011158525564225258,9848,1.1244309544109393e-05,0.0001316653672405548,0.0008071411741868962,-6.67193203675898,-1.5097408497162434,-1.5121804458537338,0.0024395961374903408
2000,negative,51,-0.0008105343106447558,-0.0008103312807852326,-0.0011928273995401287,0.00111414381366988,9848,1.1227090752673718e-05,0.0001316653672405548,0.0008071411741868962,-6.1560175438078275,-1.47784233748423,-1.479237852514337,0.0013955150301070418
2000,negative,50,-0.0007521389936792809,-0.000751854235207707,-0.0011672494248066057,0.0011339533735741198,9848,1.1426709261601082e-05,0.0001316653672405548,0.0008071411741868962,-5.7125044303040635,-1.4461527451904284,-1.4487354827938101,0.0025827376033817906
2000,negative,49,-0.0007018607915456895,-0.0007015590362159153,-0.0011190068170808122,0.001047771814516453,9848,1.055826824628883e-05,0.0001316653672405548,0.0008071411741868962,-5.330640898630375,-1.3863830180737409,-1.4205708073930496,0.03418778931930877
2000,negative,48,-0.0006567277834833531,-0.0006564713280786995,-0.001110352765620208,0.001061620628295232,9848,1.0697821046567896e-05,0.0001316653672405548,0.0008071411741868962,-4.9878551759438805,-1.3756611620498278,-1.3935404065589445,0.01787924450911671
2000,negative,47,-0.000617368397033746,-0.0006170938645452331,-0.0010878450646568606,0.0010682779847282868,9848,1.0764906411966648e-05,0.0001316653672405548,0.0008071411741868962,-4.688920176752355,-1.347775456694725,-1.3684074311420462,0.020631974447321122
2000,negative,46,-0.000581948235928618,-0.0005817937782034287,-0.0010765121732708822,0.0010932791864725034,9849,1.1016281158397646e-05,0.0001316653672405548,0.0008071411741868962,-4.419903640001163,-1.333734677028894,-1.3443628585874907,0.010628181558596683
2000,negative,45,-0.0005502526015237115,-0.0005501241246568919,-0.0010661994393319598,0.0010659795357289695,9848,1.074174522290908e-05,0.0001316653672405548,0.0008071411741868962,-4.179174926982817,-1.3209578118797318,-1.3215402550775524,0.0005824431978205258
2000,negative,44,-0.0005211354093466912,-0.0005211592452610361,-0.0010276586576688346,0.001088574899939739,9848,1.0969435940634673e-05,0.0001316653672405548,0.0008071411741868962,-3.9580295127614558,-1.2732080713192273,-1.2993412024874877,0.026133131168260437
2000,negative,43,-0.0004937025092600223,-0.0004937603879962701,-0.0010105227720130041,0.0010696258097973243,9848,1.0778488280108938e-05,0.0001316653672405548,0.0008071411741868962,-3.7496763166127027,-1.2519777262397647,-1.2772056061234691,0.02522787988370445
2000,negative,42,-0.00046869555794980396,-0.00046862627810215365,-0.0010018243883998205,0.0011377527468999268,9848,1.1464995081267054e-05,0.0001316653672405548,0.0008071411741868962,-3.5597482297185215,-1.2412009453105222,-1.2558650634707593,0.01466411816023716
2000,negative,41,-0.00044559015419098116,-0.00044557811498518746,-0.0009809436503040825,0.0010864802951747507,9848,1.0948328864960084e-05,0.0001316653672405548,0.0008071411741868962,-3.384262418657752,-1.215330950365991,-1.2350403556168825,0.019709405250891487
2000,negative,40,-0.0004236259624242534,-0.00042355301505389207,-0.0009704393969700236,0.001090130809063258,9848,1.0985114646308335e-05,0.0001316653672405548,0.0008071411741868962,-3.217444125988589,-1.2023168040555383,-1.2141401295298364,0.011823325474298096
2000,negative,39,-0.0004030393180100323,-0.0004029328390435245,-0.0009644686390575192,0.0010564956754520452,9849,1.0645637040766693e-05,0.0001316653672405548,0.0008071411741868962,-3.0610883215300864,-1.1949193894477168,-1.19345849395728,-0.0014608954904367089
2000,negative,38,-0.0003837164614025289,-0.0003835894310042729,-0.0009567908550202307,0.00107547609797128,9848,1.0837440917508545e-05,0.0001316653672405548,0.0008071411741868962,-2.9143310002050318,-1.1854070708065287,-1.1729731468446218,-0.0124339239619069
2000,negative,37,-0.0003653952253332973,-0.00036533989469009014,-0.000927492768285544,0.0010801170120900599,9848,1.0884206840675394e-05,0.0001316653672405548,0.0008071411741868962,-2.775180998551534,-1.1491084805825802,-1.152480042574699,0.0033715619921188544
2000,negative,36,-0.0003482385706101504,-0.00034815625655431454,-0.0008943684285041243,0.0010604292205480285,9848,1.0685815376620106e-05,0.0001316653672405548,0.0008071411741868962,-2.6448760058057847,-1.1080693899739407,-1.1322397199130643,0.024170329939123603
2000,negative,35,-0.0003320384854504588,-0.00033203156035552315,-0.0008897480742353976,0.001050389768723994,9848,1.0584649050197433e-05,0.0001316653672405548,0.0008071411741868962,-2.5218361700523646,-1.1023450453159183,-1.112093289945815,0.009748244629896652
2000,negative,34,-0.00031662031486121597,-0.00031661404753746653,-0.0008296519677636766,0.0009964684431081293,9848,1.004129045612175e-05,0.0001316653672405548,0.0008071411741868962,-2.4047349845821295,-1.0278895369195575,-1.0918851764232789,0.06399563950372134
2000,negative,33,-0.000301827522699241,-0.0003018410953348838,-0.0008503754729758978,0.0010341356674616027,9849,1.0420329417814953e-05,0.0001316653672405548,0.0008071411741868962,-2.292383555561708,-1.0535647296553237,-1.0714477329798686,0.017883003324544955
2000,negative,32,-0.0002875705572006111,-0.0002875129936756549,-0.0008268407625233479,0.0010275936300744907,9848,1.0354935153043092e-05,0.0001316653672405548,0.0008071411741868962,-2.1841017362995307,-1.0244066205100946,-1.0506755380706245,0.02626891756052996
2000,negative,31,-0.0002740800626036022,-0.0002740513643354204,-0.0008315327807104134,0.0010765937872522853,9848,1.0848703735501317e-05,0.0001316653672405548,0.0008071411741868962,-2.0816412724756495,-1.0302197525087096,-1.0299466203748422,-0.0002731321338673709
2000,negative,30,-0.0002611133804411284,-0.0002610694734707659,-0.0007866116848823129,0.0011154725760252435,9848,1.1240480528185072e-05,0.0001316653672405548,0.0008071411741868962,-1.983159170202062,-0.9745651814563115,-1.0089368002811656,0.03437161882485407
2000,negative,29,-0.00024843440706125933,-0.00024841027512484594,-0.0007659709022657654,0.0010371057229676245,9848,1.0450787348108747e-05,0.0001316653672405548,0.0008071411741868962,-1.8868622194883304,-0.9489924771058729,-0.9872581648767536,0.038265687770880685
2000,negative,28,-0.00023631554383040306,-0.0002362634705060302,-0.0007658536108459689,0.0010849338604934037,9848,1.0932745632079783e-05,0.0001316653672405548,0.0008071411741868962,-1.7948193118897444,-0.9488471599995876,-0.9653808777516234,0.016533717752035826
2000,negative,27,-0.00022471891622157737,-0.00022464358735703045,-0.0007627677689738028,0.001027705975413833,9848,1.0356067243267856e-05,0.0001316653672405548,0.0008071411741868962,-1.7067427899320875,-0.9450239851067014,-0.9432807381118221,-0.0017432469948792662
2000,negative,26,-0.00021351250848004836,-0.00021351805456046487,-0.000723028476029491,0.0010306242303766248,9849,1.038494689276849e-05,0.0001316653672405548,0.0008071411741868962,-1.6216299924182604,-0.8957893602167685,-0.9207328437562832,0.0249434835395147
2000,negative,25,-0.00020258584867985661,-0.00020256538400415623,-0.0007007991425769625,0.001020069211381627,9848,1.0279112507447965e-05,0.0001316653672405548,0.0008071411741868962,-1.5386418837820042,-0.8682485356826688,-0.8975084788011393,0.029259943118470466
2000,negative,24,-0.0001921120494784892,-0.00019206168549852225,-0.0006889728205282729,0.0010608178183087462,9848,1.0689731228660332e-05,0.0001316653672405548,0.0008071411741868962,-1.4590932566762018,-0.8535964247175661,-0.8739852816217792,0.020388856904213104
2000,negative,23,-0.0001820226844292352,-0.00018201005139101105,-0.0006588993434884518,0.0010436302414263742,9848,1.0516534121510101e-05,0.0001316653672405548,0.0008071411741868962,-1.3824644114399254,-0.8163371719355275,-0.8500448991379024,0.033707727202374915
2000,negative,22,-0.00017215762622504083,-0.00017212228187615778,-0.0006557416066891193,0.0010219049387912048,9848,1.0297610907718765e-05,0.0001316653672405548,0.0008071411741868962,-1.307539179308299,-0.8124249234958248,-0.8253057831144416,0.012880859618616736
2000,negative,21,-0.00016254186275368063,-0.00016251281690921092,-0.0006266484267831903,0.001041825962804194,9848,1.0498352626818135e-05,0.0001316653672405548,0.0008071411741868962,-1.234507343580442,-0.7763802006686972,-0.7998058141515157,0.023425613482818575
2000,negative,20,-0.0001533082459867241,-0.0001532903896076883,-0.0005978214409945637,0.001028392812341633,9848,1.0362988414867145e-05,0.0001316653672405548,0.0008071411741868962,-1.164377916530073,-0.7406652765506622,-0.7739118086955141,0.03324653214485196
2000,negative,19,-0.00014434684445046184,-0.00014436129700067185,-0.0005927973399094422,0.0010471753743908478,9849,1.0551722276595295e-05,0.0001316653672405548,0.0008071411741868962,-1.096315967332076,-0.7344407135549971,-0.7473426676817094,0.012901954126712356
2000,negative,18,-0.00013545969733756228,-0.00013543350303975554,-0.0005561365500236867,0.001008722090417652,9848,1.0164768959262308e-05,0.0001316653672405548,0.0008071411741868962,-1.0288179813456577,-0.6890201712035464,-0.719469234090114,0.03044906288656757
2000,negative,17,-0.0001268601038639661,-0.00012681611597361954,-0.000544844539093335,0.0010338012209607603,9848,1.0417488286113102e-05,0.0001316653672405548,0.0008071411741868962,-0.9635039686039124,-0.6750300399954252,-0.6909258809480084,0.01589584095258323
2000,negative,16,-0.00011860571808344699,-0.00011859004648425751,-0.0005364881227470031,0.0010946584709208471,9848,1.1030739340310033e-05,0.0001316653672405548,0.0008071411741868962,-0.9008118123177554,-0.6646769362093992,-0.6619504144749886,-0.0027265217344105697
2000,negative,15,-0.00011043770981589627,-0.00011045974923532895,-0.0004968658920371508,0.0010299766442282404,9848,1.0378948494804536e-05,0.0001316653672405548,0.0008071411741868962,-0.8387756942501421,-0.6155873444787242,-0.6316316509896382,0.01604430651091404
2000,negative,14,-0.00010254198668923304,-0.00010253615000789073,-0.00046814033057846155,0.001032140320313079,9848,1.0400751593709567e-05,0.0001316653672405548,0.0008071411741868962,-0.7788075850036338,-0.5799980790845668,-0.6006439701933144,0.020645891108747594
2000,negative,13,-9.484512437426758e-05,-9.48727692593112e-05,-0.00047349445590021773,0.0010328796914684736,9849,1.0407673744095278e-05,0.0001316653672405548,0.0008071411741868962,-0.7203498259415778,-0.5866315225179908,-0.5687276395608539,-0.017903882957136852
2000,negative,12,-8.72686965369947e-05,-8.725725652652717e-05,-0.0004385381784729422,0.0010032340680956099,9848,1.0109466830482976e-05,0.0001316653672405548,0.0008071411741868962,-0.6628067681424026,-0.5433227699165762,-0.5355454654340475,-0.00777730448252878
2000,negative,11,-7.969026365503844e-05,-7.96694806451512e-05,-0.00040127025723856445,0.0010052009280630942,9848,1.0129286637478998e-05,0.0001316653672405548,0.0008071411741868962,-0.6052484820054693,-0.49715002786569407,-0.5004848877481941,0.003334859882500041
2000,negative,10,-7.22591832124669e-05,-7.224260732675757e-05,-0.0003792829943788476,0.0010228131969848562,9848,1.0306763314294892e-05,0.0001316653672405548,0.0008071411741868962,-0.5488093393644524,-0.4699091144259026,-0.4641773441546009,-0.005731770271301728
2000,negative,9,-6.50035324295565e-05,-6.503185591338491e-05,-0.0003567517957426721,0.0010279882871505627,9848,1.0358912064062013e-05,0.0001316653672405548,0.0008071411741868962,-0.49370258703485764,-0.4419942968490727,-0.42678106319290143,-0.015213233656171277
2000,negative,8,-5.78486989506747e-05,-5.7844858821799176e-05,-0.0003257895051093247,0.0009854199129328645,9848,9.92995577074324e-06,0.0001316653672405548,0.0008071411741868962,-0.43936154330534144,-0.4036338567878425,-0.3879308958053869,-0.015702960982455605
2000,negative,7,-5.07754193383619e-05,-5.076213667796887e-05,-0.000269798025962368,0.0010576272146456593,9848,1.0657579906324934e-05,0.0001316653672405548,0.0008071411741868962,-0.3856399021437002,-0.33426373798135023,-0.34752224961701583,0.013258511635665604
2000,negative,6,-4.380596007608211e-05,-4.3813021472713116e-05,-0.0002707962349745599,0.0010744727701224065,9849,1.0826780825218327e-05,0.0001316653672405548,0.0008071411741868962,-0.33270677775157,-0.3355004596901609,-0.30570662094868856,-0.029793838741472345
2000,negative,5,-3.6823814556329345e-05,-3.680945649476712e-05,-0.0002132989022130743,0.0009661321498562617,9848,9.735595344539544e-06,0.0001316653672405548,0.0008071411741868962,-0.27967730108595396,-0.26426467764818085,-0.2617970604659158,-0.0024676171822650694
2000,negative,4,-3.0082487548879277e-05,-3.0054403993375876e-05,-0.00017218136023852714,0.0009691864817343948,9848,9.766373472788205e-06,0.0001316653672405548,0.0008071411741868962,-0.22847684383029954,-0.21332248402763057,-0.2174941598917599,0.004171675864129337
2000,negative,3,-2.3341899568139758e-05,-2.3360323265671583e-05,-0.00015545905688285895,0.0009546825619190835,9848,9.620219249214828e-06,0.0001316653672405548,0.0008071411741868962,-0.1772819994911321,-0.19260454286632875,-0.1713750689643277,-0.021229473902001056
2000,negative,2,-1.6700487638238545e-05,-1.6726594989329922e-05,-9.785153551803528e-05,0.0009776340125613825,9848,9.851498206298327e-06,0.0001316653672405548,0.0008071411741868962,-0.12684039841491862,-0.12123224368600657,-0.12426219094543296,0.003029947259426388
2000,negative,1,-1.0024541619668912e-05,-1.0056612602990128e-05,-6.538237832822521e-05,0.0009662861784474136,9848,9.737147471787527e-06,0.0001316653672405548,0.0008071411741868962,-0.07613651053244631,-0.08100488541436458,-0.07541813234025918,-0.005586753074105402
2000,negative,0,-3.3074575200878764e-06,-3.2805173510625984e-06,-3.673531305527373e-05,0.0009544369933020188,9849,9.617256411983446e-06,0.0001316653672405548,0.0008071411741868962,-0.025120178444838093,-0.04551287213451899,-0.025076522317237497,-0.020436349817281492
2000,positive,0,3.2515703824813776e-06,3.2719341353611154e-06,5.2710583516817485e-06,0.0009491651284750352,9608,9.683342141021898e-06,0.0001316653672405548,0.0008071411741868962,0.02469571498282236,0.006530528388657345,0.024653902708513878,-0.018123374319856535
2000,positive,1,9.788350035400532e-06,9.799345335869037e-06,4.059460642981463e-05,0.0009678734525531444,9607,9.874717558350843e-06,0.0001316653672405548,0.0008071411741868962,0.07434263269487605,0.05029430752397079,0.07366606508305269,-0.023371757559081906
2000,positive,2,1.6308476214698328e-05,1.6361649486472692e-05,9.043133498781796e-05,0.000940252519042581,9607,9.592915307865184e-06,0.0001316653672405548,0.0008071411741868962,0.12386306708052143,0.1120390557189916,0.12143295332155957,-0.009393897602567966
2000,positive,3,2.2840379137070312e-05,2.2830123698381263e-05,0.000130443917181637,0.0010286786416294686,9607,1.0495081787400563e-05,0.0001316653672405548,0.0008071411741868962,0.17347294596718485,0.16161226976562626,0.1678735232869959,-0.006261253521369636
2000,positive,4,2.9537922211700256e-05,2.9554881545141035e-05,0.00016902679299046481,0.0009889768258273279,9607,1.0090024476896137e-05,0.0001316653672405548,0.0008071411741868962,0.22434086374235362,0.20941416247379557,0.21383478952138243,-0.004420627047586861
2000,positive,5,3.628137964967498e-05,3.624136921460779e-05,0.0001977476470493313,0.0009509909479592003,9607,9.702474003056506e-06,0.0001316653672405548,0.0008071411741868962,0.27555750164269316,0.24499759567902082,0.2583012106387724,-0.013303614959751603
2000,positive,6,4.3028829731727114e-05,4.3007943177265554e-05,0.0002446157316202418,0.0009782801677554707,9607,9.98089194825904e-06,0.0001316653672405548,0.0008071411741868962,0.3268044637213728,0.30306437020347105,0.3009194472123276,0.0021449229911434387
2000,positive,7,4.9913128624937376e-05,4.9941580339693194e-05,0.0002715045932423651,0.0009539736496162886,9607,9.732904981762325e-06,0.0001316653672405548,0.0008071411741868962,0.37909079411706853,0.3363780735332644,0.3424571031606543,-0.006079029627389931
2000,positive,8,5.6940796276174053e-05,5.6970799901940615e-05,0.0003024434496840652,0.00099845452986791,9607,1.0186720641312578e-05,0.0001316653672405548,0.0008071411741868962,0.43246601190229683,0.3747094800221819,0.3828568749011133,-0.008147394878931402
2000,positive,9,6.40422431408558e-05,6.4062694114683e-05,0.0003199739160682705,0.000987093307767009,9607,1.0070807905956372e-05,0.0001316653672405548,0.0008071411741868962,0.4864015836742366,0.3964286872003626,0.4216771511438504,-0.025248463943487787
2000,positive,10,7.119313351762158e-05,7.119625185820068e-05,0.0003515498353278584,0.0010256147875071396,9607,1.0463822851619051e-05,0.0001316653672405548,0.0008071411741868962,0.5407126794971874,0.4355493767022916,0.45880568356021717,-0.02325630685792557
2000,positive,11,7.850026021338591e-05,7.85174822785713e-05,0.00039511376954024966,0.0009984119317197567,9607,1.01862860342052e-05,0.0001316653672405548,0.0008071411741868962,0.5962103919853475,0.4895225050788448,0.4948019638759661,-0.0052794587971212725
2000,positive,12,8.601094985730041e-05,8.599626437560358e-05,0.00043635447151132084,0.0010454872721564659,9607,1.0666571643392514e-05,0.0001316653672405548,0.0008071411741868962,0.6532541674391641,0.5406172866238658,0.5298592519870786,0.01075803463678715
2000,positive,13,9.368524016970899e-05,9.369034780701888e-05,0.0004619800917722338,0.0010078549710294802,9607,1.0282628532111251e-05,0.0001316653672405548,0.0008071411741868962,0.7115404918785098,0.5723659088976928,0.5637642082148095,0.00860170068288324
2000,positive,14,0.00010126775387047584,0.00010125486143723657,0.0004941817926596152,0.0010917958558251057,9607,1.1139034425638284e-05,0.0001316653672405548,0.0008071411741868962,0.7691297718819101,0.6122619046877986,0.5954799301280473,0.016781974559751278
2000,positive,15,0.00010908592469237942,0.0001090392221613106,0.0005008540549643439,0.0010225744849557846,9607,1.0432804200464432e-05,0.0001316653672405548,0.0008071411741868962,0.8285088704691617,0.6205284415937495,0.626447017435876,-0.005918575842126517
2000,positive,16,0.00011713426687224434,0.00011711802476704487,0.000526878842526249,0.001019375675837996,9607,1.0400168387923116e-05,0.0001316653672405548,0.0008071411741868962,0.8896361232049587,0.652771608457492,0.6566132072604741,-0.0038415988029820713
2000,positive,17,0.00012536039460881622,0.0001253561417479922,0.0005559502151720434,0.0010550161530097683,9607,1.0763789938641056e-05,0.0001316653672405548,0.0008071411741868962,0.9521136593177211,0.6887893133838707,0.6857800227494428,0.003009290634427897
2000,positive,18,0.00013378831612295323,0.00013376056778855862,0.0005747920552505562,0.0010462318119115977,9607,1.0674167801519898e-05,0.0001316653672405548,0.0008071411741868962,1.01612382152491,0.7121332347214159,0.714046778848477,-0.0019135441270611286
2000,positive,19,0.00014241099667266106,0.00014237930599992376,0.0005991179294088734,0.0010636543149529652,9607,1.0851920684646492e-05,0.0001316653672405548,0.0008071411741868962,1.081613180879022,0.7422715487317534,0.7414049359367711,0.0008666127949822355
2000,positive,20,0.00015119946745627947,0.00015119280500754015,0.0006291852429491414,0.0010224348131775947,9607,1.0431379200784092e-05,0.0001316653672405548,0.0008071411741868962,1.1483617189935418,0.7795231653037334,0.7677916808059299,0.01173148449780359
2000,positive,21,0.0001603170909763029,0.00016029254319773856,0.000648541525486159,0.0010403751557886698,9607,1.06144153360527e-05,0.0001316653672405548,0.0008071411741868962,1.217610175980453,0.8035044503082024,0.7936976195437955,0.009806830764406915
2000,positive,22,0.00016986339430154307,0.00016986818276398528,0.0006787226452059207,0.0010724951018826513,9607,1.094211870970227e-05,0.0001316653672405548,0.0008071411741868962,1.2901144610883122,0.8408970659806289,0.8193506861236148,0.02154637985701402
2000,positive,23,0.00017946795575725017,0.00017950287809804065,0.0007026295680702578,0.0010623513223423002,9607,1.0838626917804357e-05,0.0001316653672405548,0.0008071411741868962,1.3630612173766186,0.8705163242081881,0.8437694091903158,0.026746915017872297
2000,positive,24,0.00018925119239294834,0.00018924302539554967,0.0007073326857902508,0.0010832449491854042,9607,1.1051793900844323e-05,0.0001316653672405548,0.0008071411741868962,1.43736501374111,0.876343207869192,0.8673296791877707,0.009013528681421246
2000,positive,25,0.0001994861998512,0.00019953940836641413,0.0007434155351387286,0.0011398167162574144,9607,1.1628966691501312e-05,0.0001316653672405548,0.0008071411741868962,1.5151000147725668,0.9210477162035947,0.8906808672322104,0.030366848971384308
2000,positive,26,0.0002100418432379688,0.00021000342944565872,0.0007522448652271977,0.0010748603463425063,9607,1.096625008858854e-05,0.0001316653672405548,0.0008071411741868962,1.5952702494211624,0.9319867320422598,0.9134942122035974,0.018492519838662402
2000,positive,27,0.00022090725757184775,0.00022091126076117447,0.0007759782662563138,0.0011037064773084437,9607,1.1260552401756066e-05,0.0001316653672405548,0.0008071411741868962,1.6777931980263765,0.9613910070168636,0.9357485532581866,0.02564245375867702
2000,positive,28,0.00023224081528647701,0.0002322687957634603,0.0007868875867570575,0.0010990587584154045,9607,1.1213134104210754e-05,0.0001316653672405548,0.0008071411741868962,1.7638717010690381,0.9749070075005877,0.9577511442583335,0.017155863242254155
2000,positive,29,0.00024401431206174688,0.00024399594958713527,0.0008164224766096281,0.0010824754035115203,9608,1.1043367878762608e-05,0.0001316653672405548,0.0008071411741868962,1.8532915464089255,1.011498982730105,0.979415764433179,0.032083218296926064
2000,positive,30,0.0002563630571087907,0.00025630984069177984,0.0008300783261554173,0.0010781122464279857,9607,1.0999427561105611e-05,0.0001316653672405548,0.0008071411741868962,1.9470804090829075,1.028417769656749,1.0009521092507794,0.02746566040596954
2000,positive,31,0.0002693099657944485,0.0002692089042547318,0.000858716022232578,0.001066137898852174,9607,1.0877259420276096e-05,0.0001316653672405548,0.0008071411741868962,2.0454123315694304,1.0638981750591991,1.0223470458043398,0.041551129254859376
2000,positive,32,0.0002825720661907304,0.00028260065583441085,0.0008675782385473688,0.0013019728787725037,9607,1.3283363039452206e-05,0.0001316653672405548,0.0008071411741868962,2.1461381387746905,1.0748779349800315,1.0431224545737168,0.03175548040631471
2000,positive,33,0.0002965335187581116,0.0002964823004774513,0.0008924124177571221,0.0011230345479807595,9607,1.1457746816308399e-05,0.0001316653672405548,0.0008071411741868962,2.252175533877029,1.105646008774273,1.0638633833424462,0.04178262543182676
2000,positive,34,0.0003110784998570905,0.00031106643852311906,0.0009035413697056024,0.0010951237826886384,9607,1.117298756046758e-05,0.0001316653672405548,0.0008071411741868962,2.3626448349834086,1.1194341195836262,1.0843547265798728,0.0350793930037534
2000,positive,35,0.00032622910741551164,0.0003261506920493883,0.0009269500815915587,0.0011631218308116938,9607,1.1866736849657275e-05,0.0001316653672405548,0.0008071411741868962,2.4777138761135697,1.1484361239845762,1.1046031866599297,0.04383293732464644
2000,positive,36,0.0003422919611962101,0.00034234070260369344,0.0009521794141354786,0.0011382246886599532,9607,1.1612724048593234e-05,0.0001316653672405548,0.0008071411741868962,2.599711437942804,1.17969376930212,1.124966890493344,0.054726878808776025
2000,positive,37,0.00035907381823977775,0.0003590304768689806,0.000948815456630066,0.0010639216140511784,9607,1.0854647800563862e-05,0.0001316653672405548,0.0008071411741868962,2.727169837940329,1.1755260256495905,1.1451464383423187,0.03037958730727186
2000,positive,38,0.0003767844548537807,0.0003767279816530018,0.000963495053698457,0.001123758539088461,9607,1.146513332710116e-05,0.0001316653672405548,0.0008071411741868962,2.8616823296090406,1.1937131749833847,1.165348036873419,0.02836513810996566
2000,positive,39,0.00039578989335302807,0.00039580368741835603,0.00099768420147694,0.001119596952688466,9607,1.1422674790619739e-05,0.0001316653672405548,0.0008071411741868962,3.0060288566993734,1.236071499489534,1.1859010158909973,0.05017048359853682
2000,positive,40,0.00041603999668196834,0.00041596841335246224,0.0010049520634790442,0.0011040143915653261,9607,1.126369389335384e-05,0.0001316653672405548,0.0008071411741868962,3.159828627689591,1.2450759490635825,1.2066485441252481,0.03842740493833441
2000,positive,41,0.00043745023373124934,0.00043737830698164555,0.0010387762020407961,0.0011488265424181069,9607,1.1720889337330668e-05,0.0001316653672405548,0.0008071411741868962,3.322439627818153,1.2869820488184687,1.2274268541105633,0.05955519470790538
2000,positive,42,0.00046066318114040925,0.0004607685391352215,0.0010476349947919628,0.0011089463182600214,9607,1.1314011817665263e-05,0.0001316653672405548,0.0008071411741868962,3.4987422341576733,1.2979575671472057,1.2487524954711986,0.04920507167600707
2000,positive,43,0.0004856051853793506,0.0004856429516406768,0.001079601604151385,0.0011261295920331456,9607,1.1489323966985841e-05,0.0001316653672405548,0.0008071411741868962,3.688177047287932,1.337562298490053,1.2704234233487601,0.06713887514129291
2000,positive,44,0.0005123764184661504,0.0005124311269921062,0.0011116823121333482,0.001139965683934949,9607,1.1630486532485788e-05,0.0001316653672405548,0.0008071411741868962,3.8915048748546783,1.3773083912529216,1.2924093206133627,0.08489907063955893
2000,positive,45,0.0005415642729805434,0.0005414104763464307,0.0011005455940599018,0.001110300649967818,9607,1.1327829371044305e-05,0.0001316653672405548,0.0008071411741868962,4.113186970352625,1.3635106586757608,1.3150466642261407,0.04846399444962013
2000,positive,46,0.0005730927271594998,0.000572833855452092,0.0011318682884809124,0.0011365432511362644,9607,1.1595569201960503e-05,0.0001316653672405548,0.0008071411741868962,4.352645947604809,1.4023176176350343,1.3381177036824472,0.06419991395258706
2000,positive,47,0.000608236690568581,0.0006082874155237161,0.0011321133747830736,0.0011532342492838721,9607,1.1765858914980123e-05,0.0001316653672405548,0.0008071411741868962,4.619564759632824,1.4026212650142031,1.362345403494312,0.04027586151989104
2000,positive,48,0.0006474638691274298,0.000647196453310679,0.001169856247775973,0.001101455130681723,9607,1.1237583064177719e-05,0.0001316653672405548,0.0008071411741868962,4.9174956383519035,1.4493824440990406,1.387763807359755,0.06161863673928569
2000,positive,49,0.0006916832176336493,0.0006914666070090584,0.0011968902025704653,0.0011274473479353795,9607,1.1502768356137215e-05,0.0001316653672405548,0.0008071411741868962,5.253342106052328,1.4828759092561439,1.414629022035147,0.06824688722099692
2000,positive,50,0.0007412451013085283,0.0007410561804299411,0.0011926162344122132,0.0012045611455332606,9607,1.2289520972527527e-05,0.0001316653672405548,0.0008071411741868962,5.629765190676613,1.477580716426268,1.442792466849087,0.03478824957718096
2000,positive,51,0.0007974004325679442,0.0007971026702153889,0.0012191564073978794,0.0011405264179711516,9607,1.163620741491959e-05,0.0001316653672405548,0.0008071411741868962,6.056265586614591,1.5104624152349089,1.4725662198183833,0.03789619541652556
2000,positive,52,0.0008629282296642624,0.0008625319729893264,0.0012450494357120413,0.001116689834507957,9607,1.1393014951448051e-05,0.0001316653672405548,0.0008071411741868962,6.553949969908778,1.5425423402124026,1.5048652601571912,0.03767708005521131
2000,positive,53,0.0009416746574555829,0.0009411060717520894,0.0012753263648741036,0.0011125332375516179,9607,1.1350607319707067e-05,0.0001316653672405548,0.0008071411741868962,7.152030007519956,1.5800536580962448,1.5407483886108138,0.039305269485431005
2000,positive,54,0.0010393393465100264,0.0010379297505904532,0.001315441365331713,0.0011352757219314125,9607,1.1582637250100623e-05,0.0001316653672405548,0.0008071411741868962,7.893794460096225,1.6297537622917975,1.5815714486039734,0.04818231368782411
2000,positive,55,0.0011661701102698321,0.0011645751942311068,0.0013384301795863179,0.001207687606870441,9607,1.2321418657684942e-05,0.0001316653672405548,0.0008071411741868962,8.8570755902668,1.658235538454144,1.629665368569848,0.02857016988429617
2000,positive,56,0.001334186362839032,0.00133001724442066,0.0013635418032616402,0.0011813558566723436,9607,1.2052769284838357e-05,0.0001316653672405548,0.0008071411741868962,10.13316098835202,1.6893473494711193,1.6866561290761986,0.002691220394920757
2000,positive,57,0.0015877278874895022,0.0015819762705466328,0.0014134963202353172,0.0011922342296907514,9607,1.2163755758088342e-05,0.0001316653672405548,0.0008071411741868962,12.058811825502277,1.7512380305208137,1.7618044908804777,-0.01056646035966402
2000,positive,58,0.002039484527585171,0.002018707902061519,0.0014977908913780655,0.0012134968534202129,9607,1.2380687427537548e-05,0.0001316653672405548,0.0008071411741868962,15.48990877653498,1.8556740001362477,1.8734871523804502,-0.017813152244202435
2000,positive,59,0.0038990029278908396,0.003231416032113763,0.0017417397781451754,0.0015631125892373525,9608,1.594680793935427e-05,0.0001316653672405548,0.0008071411741868962,29.612972717170923,2.1579121891530093,2.1872592582754926,-0.029347069122483305
4000,negative,59,-0.005995449974219558,-0.005015328976723453,-0.002633621603530259,0.0022553591878812828,4938,3.209520652003179e-05,0.00023077925164344409,0.0012039497476039513,-25.97915510828755,-2.187484659365209,-2.120590773489036,-0.06689388587617318
4000,negative,58,-0.0032430503169856807,-0.0032161021197348676,-0.0021678940906995382,0.0017963624902313522,4937,2.5565978207523216e-05,0.00023077925164344409,0.0012039497476039513,-14.052607822804717,-1.8006516426570023,-1.8295113851746354,0.028859742517633125
4000,negative,57,-0.0025551035987704117,-0.0025455971713517897,-0.002039531457118363,0.0017347604554774796,4937,2.46892529994313e-05,0.00023077925164344409,0.0012039497476039513,-11.071634822345592,-1.6940337096106795,-1.7246870937805985,0.03065338416991903
4000,negative,56,-0.0021656008481229718,-0.0021598848859992873,-0.0019171776730886063,0.0016278956138689002,4937,2.316834381402324e-05,0.00023077925164344409,0.0012039497476039513,-9.383862858992382,-1.5924067237059438,-1.6540179197761937,0.061611196070249896
4000,negative,55,-0.0019018979801100281,-0.0019001204568875332,-0.0018829828396287225,0.0016702673698812615,4937,2.377138211877375e-05,0.00023077925164344409,0.0012039497476039513,-8.241200049684174,-1.5640045137898433,-1.5994978048830117,0.035493291093168455
4000,negative,54,-0.0017058864372902092,-0.0017040009643481814,-0.00183444267813713,0.0015603497668460738,4937,2.2207025782509526e-05,0.00023077925164344409,0.0012039497476039513,-7.391853579306247,-1.5236870822789392,-1.5543569547992622,0.03066987252032294
4000,negative,53,-0.0015519409606204418,-0.001550955845876275,-0.0017955990638484466,0.0016094137643633947,4937,2.290530861691688e-05,0.00023077925164344409,0.0012039497476039513,-6.724785480361137,-1.4914235975562686,-1.5154180736947354,0.023994476138466725
4000,negative,52,-0.0014253050445850685,-0.0014245316278847417,-0.0017719194374105896,0.0014874405284574762,4938,2.116723189974689e-05,0.00023077925164344409,0.0012039497476039513,-6.176053672221699,-1.47175531282513,-1.4805654238246622,0.008810110999532217
4000,negative,51,-0.0013190525188170102,-0.00131884568913211,-0.0017406637353731724,0.0015941646698591294,4937,2.2688282253974788e-05,0.00023077925164344409,0.0012039497476039513,-5.715646053203074,-1.4457943438564325,-1.4489594872495026,0.003165143393070169
4000,negative,50,-0.0012281964182395005,-0.0012279320718771743,-0.001677722184474346,0.0015402057845157698,4937,2.1920334974796792e-05,0.00023077925164344409,0.0012039497476039513,-5.32195337966116,-1.3935151262029633,-1.4199072727454962,0.026392146542532968
4000,negative,49,-0.00114739787384047,-0.001147277452422657,-0.0016753125438134745,0.0015188401058947483,4937,2.1616256885332993e-05,0.00023077925164344409,0.0012039497476039513,-4.971841557113676,-1.391513679991718,-1.392232868903303,0.0007191889115849559
4000,negative,48,-0.0010757214477290088,-0.0010758685822735753,-0.0016394885140895564,0.0015139327159618679,4937,2.154641450955299e-05,0.00023077925164344409,0.0012039497476039513,-4.661257197380151,-1.3617582605523157,-1.366000507541389,0.004242246989073273
4000,negative,47,-0.0010113355939792928,-0.0010108965342920438,-0.0015738333992282544,0.0015008922003071099,4937,2.136082082183272e-05,0.00023077925164344409,0.0012039497476039513,-4.382263946075252,-1.3072251581599892,-1.3408799706462782,0.03365481248628899
4000,negative,46,-0.0009536665866918322,-0.0009540420407753408,-0.0015601502178314488,0.0014854325330365056,4937,2.114079757001959e-05,0.00023077925164344409,0.0012039497476039513,-4.132375765587693,-1.2958599151969525,-1.3169460310440162,0.021086115847063658
4000,negative,45,-0.0009004417069710261,-0.0009001222265545121,-0.0015089308841487257,0.0014804567996651622,4937,2.1069982524821323e-05,0.00023077925164344409,0.0012039497476039513,-3.9017446350082468,-1.2533171647336068,-1.293484357298517,0.0401671925649103
4000,negative,44,-0.000852818137222092,-0.0008530473947303807,-0.0014850900886606935,0.0014979986283572416,4938,2.1317480427149048e-05,0.00023077925164344409,0.0012039497476039513,-3.6953847936889197,-1.2335150130777928,-1.2712244648214683,0.03770945174367557
4000,negative,43,-0.0008087638097068604,-0.0008087325786863262,-0.0014905972829829372,0.0015151172805176144,4937,2.1563273329408288e-05,0.00023077925164344409,0.0012039497476039513,-3.5044909971213847,-1.2380892856611825,-1.249428359407474,0.011339073746291506
4000,negative,42,-0.0007687069110444807,-0.000768728060628351,-0.0014874187766446543,0.001632941466138189,4937,2.3240156797124666e-05,0.00023077925164344409,0.0012039497476039513,-3.330918640087019,-1.2354492200399982,-1.228480021519715,-0.006969198520283326
4000,negative,41,-0.0007306588376408629,-0.0007306553472856681,-0.0014446614000218014,0.0016608705618905814,4937,2.363764597720075e-05,0.00023077925164344409,0.0012039497476039513,-3.1660508145235564,-1.1999349664692434,-1.2074646930352697,0.007529726566026351
4000,negative,40,-0.0006954948295261763,-0.0006952784108019373,-0.001357752270079127,0.0014670804616357305,4937,2.0879609385537573e-05,0.00023077925164344409,0.0012039497476039513,-3.0136800625418516,-1.1277482908080398,-1.186960202177052,0.05921191136901216
4000,negative,39,-0.0006632335924116708,-0.000663138233594803,-0.0013860413095115058,0.001488357831145505,4937,2.118243065249147e-05,0.00023077925164344409,0.0012039497476039513,-2.873887438704292,-1.1512451514441904,-1.1671292977645333,0.015884146320342962
4000,negative,38,-0.0006325897535229524,-0.0006324743894566906,-0.0013288354143548703,0.0014311675655487323,4937,2.0368494104672967e-05,0.00023077925164344409,0.0012039497476039513,-2.741103236179607,-1.103729966304209,-1.1472892575032498,0.043559291199040784
4000,negative,37,-0.0006033355696310231,-0.000603303089756548,-0.0013245018555351424,0.001474822852902358,4938,2.0987674290954338e-05,0.00023077925164344409,0.0012039497476039513,-2.614340610494663,-1.1001305147254763,-1.1273377672486358,0.027207252523159475
4000,negative,36,-0.0005752558006220715,-0.0005751235017453647,-0.0013055438713442207,0.0014815585100331214,4937,2.108566215708453e-05,0.00023077925164344409,0.0012039497476039513,-2.492666894989531,-1.0843840234548474,-1.1071579625963668,0.022773939141519373
4000,negative,35,-0.0005488728412975986,-0.0005489501083474964,-0.0013076504481693643,0.0017399854377922507,4937,2.4763615376023193e-05,0.00023077925164344409,0.0012039497476039513,-2.3783457021760857,-1.0861337450103656,-1.0871810138719387,0.0010472688615730252
4000,negative,34,-0.0005234144754169112,-0.0005235017146453084,-0.0012644638506817052,0.0014369576873488649,4937,2.04508995927446e-05,0.00023077925164344409,0.0012039497476039513,-2.268030906979415,-1.0502629808247281,-1.0668718693202839,0.01660888849555575
4000,negative,33,-0.0004997867769542159,-0.0004995944674495578,-0.0012124623030924338,0.0014685642981517705,4937,2.0900727468462873e-05,0.00023077925164344409,0.0012039497476039513,-2.165648659466106,-1.0070705239196436,-1.0470224220307862,0.039951898111142636
4000,negative,32,-0.0004771931239016502,-0.00047705376088137875,-0.0011947514851317488,0.0014429231595653397,4937,2.053580068231497e-05,0.00023077925164344409,0.0012039497476039513,-2.0677470808290757,-0.9923599282357851,-1.027049412111668,0.03468948387588289
4000,negative,31,-0.0004549229589570572,-0.0004548794818607755,-0.0011629976079732761,0.0014618471194082039,4937,2.0805128029982088e-05,0.00023077925164344409,0.0012039497476039513,-1.9712472231252272,-0.9659851752847854,-1.0063182316293564,0.04033305634457096
4000,negative,30,-0.00043380835385819924,-0.00043374619728368173,-0.0011655122401452232,0.0014945165564737503,4937,2.1270082136189375e-05,0.00023077925164344409,0.0012039497476039513,-1.8797545739875994,-0.9680738273875427,-0.9856104872850846,0.01753665989754194
4000,negative,29,-0.0004132620899065817,-0.00041312093680863186,-0.0011067473101099405,0.0014431703860257397,4938,2.053723940380544e-05,0.00023077925164344409,0.0012039497476039513,-1.7907246295480461,-0.9192637087324791,-0.964379570504171,0.04511586177169191
4000,negative,28,-0.00039380760710997826,-0.0003937499216184349,-0.001092904183784629,0.0014089579689045147,4937,2.0052405304727684e-05,0.00023077925164344409,0.0012039497476039513,-1.706425531348955,-0.9077656155995544,-0.9431989351093679,0.03543331950981354
4000,negative,27,-0.0003747971404465393,-0.00037474705777345283,-0.0010876143194078712,0.0015211565087901342,4937,2.1649224121214018e-05,0.00023077925164344409,0.0012039497476039513,-1.6240504195134668,-0.903371857149681,-0.9213912720237664,0.018019414874085316
4000,negative,26,-0.00035654109541305955,-0.00035646090975760704,-0.001062300454219282,0.0014707198513707013,4937,2.0931405478563855e-05,0.00023077925164344409,0.0012039497476039513,-1.5449443261213038,-0.8823461746085551,-0.8993178331010165,0.016971658492461406
4000,negative,25,-0.0003388195556562409,-0.0003386912192229929,-0.0010646713267172538,0.0014656224655316154,4937,2.0858859065472908e-05,0.00023077925164344409,0.0012039497476039513,-1.4681543216879824,-0.88431542000496,-0.8767307762630606,-0.007584643741899377
4000,negative,24,-0.0003217781619265159,-0.0003217901146812374,-0.0010338797193031983,0.001431217242948988,4937,2.0369201117505426e-05,0.00023077925164344409,0.0012039497476039513,-1.3943114887280506,-0.8587399277758735,-0.853833026025604,-0.004906901750269532
4000,negative,23,-0.00030490043622708477,-0.00030475432837224727,-0.0009640623925065314,0.0014360528387690687,4937,2.0438021713587152e-05,0.00023077925164344409,0.0012039497476039513,-1.3211778531033567,-0.8007496944329833,-0.8299125288988981,0.029162834465914833
4000,negative,22,-0.00028881404875500137,-0.0002888284033552175,-0.0009727814886540788,0.0014020308264246365,4938,1.9951797107680117e-05,0.00023077925164344409,0.0012039497476039513,-1.2514732008977199,-0.8079917709107597,-0.8058582624737742,-0.002133508436985454
4000,negative,21,-0.0002732323249115395,-0.0002732553710711075,-0.0009102002143918348,0.001384720045386102,4937,1.9707449190448353e-05,0.00023077925164344409,0.0012039497476039513,-1.183955329457805,-0.7560117988340259,-0.7812863104838537,0.025274511649827747
4000,negative,20,-0.0002581084671829995,-0.00025807752882448285,-0.0008899095273943798,0.0014553542532595933,4937,2.071272102673946e-05,0.00023077925164344409,0.0012039497476039513,-1.1184214583630736,-0.7391583653432705,-0.7561348920987865,0.016976526755515975
4000,negative,19,-0.00024329665130015725,-0.0002432255092432318,-0.0008270163225461873,0.0013877383570468456,4937,1.9750406049412903e-05,0.00023077925164344409,0.0012039497476039513,-1.054239709885413,-0.6869193038929402,-0.7301537063353095,0.04323440244236931
4000,negative,18,-0.00022848139223993608,-0.00022844619912203214,-0.0008481216747817526,0.001433723841942897,4937,2.0404875239850867e-05,0.00023077925164344409,0.0012039497476039513,-0.9900430416203176,-0.7044493978836306,-0.7027187714870365,-0.0017306263965940483
4000,negative,17,-0.0002140810223096847,-0.0002141314618861951,-0.0007712896367894526,0.0014318412036688876,4937,2.037808137761665e-05,0.00023077925164344409,0.0012039497476039513,-0.9276441481855644,-0.6406327492691782,-0.6745492263044461,0.0339164770352679
4000,negative,16,-0.00020001422189773802,-0.00019996364136720427,-0.0007623359855287707,0.0013824665129731676,4937,1.9675376732427024e-05,0.00023077925164344409,0.0012039497476039513,-0.8666906598984977,-0.6331958514430845,-0.6454853436525262,0.012289492209441644
4000,negative,15,-0.0001864976775661458,-0.00018650003614351356,-0.0007330512622062359,0.0013623176339485374,4937,1.9388616234559262e-05,0.00023077925164344409,0.0012039497476039513,-0.8081215110892478,-0.6088719763138974,-0.6160056682050657,0.007133691891168303
4000,negative,14,-0.0001734620305867916,-0.00017346352264406106,-0.000683187171615326,0.0013620879449887503,4938,1.938338430869965e-05,0.00023077925164344409,0.0012039497476039513,-0.7516361603199577,-0.5674548900192683,-0.5860262941061595,0.018571404086891175
4000,negative,13,-0.0001604972137985052,-0.00016058413645359755,-0.0006326351779819314,0.0014037265975863566,4937,1.9977951999315885e-05,0.00023077925164344409,0.0012039497476039513,-0.6954577270511075,-0.5254664318348623,-0.5545954503318725,0.029129018497010217
4000,negative,12,-0.00014749243785728064,-0.0001473905631078503,-0.0006002472284016136,0.001400389981902738,4937,1.9930465011406623e-05,0.00023077925164344409,0.0012039497476039513,-0.639106144971636,-0.49856501867806335,-0.5213418251115313,0.02277680643346791
4000,negative,11,-0.0001348609709037349,-0.0001349106235780468,-0.000586576009072552,0.0014377913960990699,4937,2.046276500401603e-05,0.00023077925164344409,0.0012039497476039513,-0.5843721649296976,-0.48720971140193364,-0.48728351225777566,7.380085584202112e-05
4000,negative,10,-0.0001223502048683209,-0.00012226511189330022,-0.0005232520780193202,0.0013354424711514718,4937,1.900612671469352e-05,0.00023077925164344409,0.0012039497476039513,-0.5301611994883881,-0.4346128890019486,-0.4517425547570731,0.01712966575512448
4000,negative,9,-0.00011015701842775583,-0.00011018962453662165,-0.0005087889508055622,0.0013610925359242286,4937,1.9371180539056888e-05,0.00023077925164344409,0.0012039497476039513,-0.47732635253514627,-0.42259982347114733,-0.4152832771918668,-0.0073165462792805225
4000,negative,8,-9.825497508331655e-05,-9.82878601493698e-05,-0.00044725241754951437,0.001356437285681871,4937,1.9304926636020116e-05,0.00023077925164344409,0.0012039497476039513,-0.4257530708831716,-0.3714876127011254,-0.37788556014765995,0.0063979474465345465
4000,negative,7,-8.636733691172952e-05,-8.635404641753482e-05,-0.00039194099693718175,0.0012855183606046798,4938,1.8293750055688107e-05,0.00023077925164344409,0.0012039497476039513,-0.37424220893639,-0.32554597707853317,-0.33868751200495006,0.013141534926416898
4000,negative,6,-7.465116780633361e-05,-7.456531347738403e-05,-0.0003578238739300091,0.0013385896179600194,4937,1.9050917166042145e-05,0.00023077925164344409,0.0012039497476039513,-0.3234743473458797,-0.2972083134218307,-0.2982074369347857,0.0009991235129550025
4000,negative,5,-6.327506219733397e-05,-6.322351469233701e-05,-0.0003126991639276313,0.0013255575496830116,4937,1.886544370209444e-05,0.00023077925164344409,0.0012039497476039513,-0.274180030252869,-0.2597277540445119,-0.25712964998329657,-0.002598104061215356
4000,negative,4,-5.202347914206443e-05,-5.2063989886638275e-05,-0.0002533567743989257,0.0012766339005960846,4937,1.8169158318052714e-05,0.00023077925164344409,0.0012039497476039513,-0.2254252874623285,-0.2104379978509447,-0.21479539994936392,0.004357402098419227
4000,negative,3,-4.0452811360508935e-05,-4.0424911573849606e-05,-0.00024349470056887103,0.0012813782815998805,4937,1.823668073739226e-05,0.00023077925164344409,0.0012039497476039513,-0.17528790423070126,-0.20224656473699473,-0.16954313932293627,-0.03270342541405846
4000,negative,2,-2.881764112081203e-05,-2.8792097686974827e-05,-0.0001385059683756775,0.0013297688641215324,4937,1.8925379474381906e-05,0.00023077925164344409,0.0012039497476039513,-0.12487102248401226,-0.11504298136307274,-0.12239134861004401,0.007348367246971271
4000,negative,1,-1.718143239069281e-05,-1.7249502481828092e-05,-6.082831832760983e-05,0.0012751086392015054,4937,1.8147450672860475e-05,0.00023077925164344409,0.0012039497476039513,-0.07444964080756389,-0.05052396783891331,-0.07377062104514442,0.023246653206231115
4000,negative,0,-5.716876842219183e-06,-5.747979612801523e-06,-7.952393685881976e-06,0.001369796906526,4938,1.9493087771421897e-05,0.00023077925164344409,0.0012039497476039513,-0.024772057286379483,-0.0066052538336491915,-0.02472991692594857,0.018124663092299376
4000,positive,0,5.437321129449152e-06,5.4180369224861354e-06,4.348458363935547e-05,0.0012511451646514875,4791,1.8075678839952572e-05,0.00023077925164344409,0.0012039497476039513,0.02356070179935352,0.036118271319792714,0.023523586098563285,0.012594685221229428
4000,positive,1,1.6355179837767177e-05,1.6396357380641428e-05,7.665378921262705e-05,0.0014713959926557106,4790,2.1259929116884782e-05,0.00023077925164344409,0.0012039497476039513,0.07086936854720402,0.06366859527582451,0.07026953635091464,-0.006600941075090128
4000,positive,2,2.7524549221918676e-05,2.746411990142857e-05,0.0001389177078433882,0.0013962088749381644,4791,2.0171458860174525e-05,0.00023077925164344409,0.0012039497476039513,0.11926786756568714,0.1153849719391164,0.11705628327687903,-0.001671311337762632
4000,positive,3,3.890574522100439e-05,3.894213541579085e-05,0.0001654633831681345,0.0013024962669828139,4790,1.8819528155083826e-05,0.00023077925164344409,0.0012039497476039513,0.16858424205792166,0.13743379530369318,0.163365669518063,-0.02593187421436982
4000,positive,4,4.9961883613648896e-05,4.9921453853180344e-05,0.0002167689277159735,0.0014108752919186538,4791,2.038334909526647e-05,0.00023077925164344409,0.0012039497476039513,0.21649209475226322,0.18004815246431807,0.20685786286183172,-0.026809710397513647
4000,positive,5,6.135206503274639e-05,6.134792832829558e-05,0.00029316585801978095,0.001308063943711246,4790,1.8899974488486266e-05,0.00023077925164344409,0.0012039497476039513,0.26584740437383797,0.24350340087136274,0.25001371954859436,-0.006510318677231619
4000,positive,6,7.263226903792504e-05,7.26536431766909e-05,0.00039002323385955794,0.0013753327466636428,4790,1.987192900629382e-05,0.00023077925164344409,0.0012039497476039513,0.3147261658952882,0.3239530841181414,0.29104498433262,0.032908099785521394
4000,positive,7,8.398473693634042e-05,8.402391940403174e-05,0.0004028213766484447,0.0013657558104622648,4791,1.9731494075343133e-05,0.00023077925164344409,0.0012039497476039513,0.3639180573568093,0.3345832144988795,0.33060504547624103,0.003978169022638478
4000,positive,8,9.546772573335628e-05,9.54600931109769e-05,0.00047047338299897125,0.0013189441003655018,4790,1.9057179863792877e-05,0.00023077925164344409,0.0012039497476039513,0.41367551481991427,0.39077493386687195,0.3688624239260168,0.02191250994085514
4000,positive,9,0.00010744105036068416,0.00010749979950266864,0.0004851288004717974,0.001354913417776657,4791,1.9574850694879532e-05,0.00023077925164344409,0.0012039497476039513,0.46555766861867415,0.40294771558138515,0.40690922056426293,-0.003961504982877784
4000,positive,10,0.00011935524563339474,0.00011931405180019394,0.0004790674767743493,0.0013414471015879956,4790,1.9382321574994567e-05,0.00023077925164344409,0.0012039497476039513,0.5171836063399652,0.39791318344288756,0.44295696252461614,-0.045043779081728574
4000,positive,11,0.00013131023207748813,0.00013130442882917408,0.0005581390785244957,0.001307920014906076,4791,1.8895922556175704e-05,0.00023077925164344409,0.0012039497476039513,0.5689862981285837,0.4635900124862188,0.47738352940022044,-0.013793516914001658
4000,positive,12,0.00014365036597680807,0.00014363861111275184,0.0006253697821628901,0.0016536257150270223,4790,2.389293274061437e-05,0.00023077925164344409,0.0012039497476039513,0.622457889753231,0.5194317980525964,0.5111706315299267,0.008261166522669727
4000,positive,13,0.00015619192281610464,0.00015617465063748716,0.000652109140483498,0.0013382430576485815,4790,1.9336026935496208e-05,0.00023077925164344409,0.0012039497476039513,0.6768022762177186,0.5416414944073018,0.5437834788452993,-0.002141984437997513
4000,positive,14,0.00016900128437125336,0.00016891310043762648,0.0006876821308804277,0.001526087175151893,4791,2.204785059254097e-05,0.00023077925164344409,0.0012039497476039513,0.7323070993936742,0.5711884007194012,0.5753991078143262,-0.0042107070949249925
4000,positive,15,0.00018184827773928713,0.00018187843029573525,0.0007543777314894311,0.00141818888934474,4790,2.0491149501776313e-05,0.00023077925164344409,0.0012039497476039513,0.7879749866779371,0.6265857300030678,0.605492981870866,0.021092748132201855
4000,positive,16,0.00019472846823213592,0.00019469389117939318,0.0007888220366021563,0.0014601775195694448,4791,2.109563353538431e-05,0.00023077925164344409,0.0012039497476039513,0.8437867219233082,0.6551951509371847,0.6341445431497926,0.021050607787392095
4000,positive,17,0.0002082323877722466,0.00020825986090632932,0.0008300519054912585,0.0013770081274915988,4790,1.9896136274645723e-05,0.00023077925164344409,0.0012039497476039513,0.9023011656783055,0.6894406574221157,0.6626576600390794,0.026782997383036244
4000,positive,18,0.00022225955648547005,0.00022231914973964151,0.0008401016772562523,0.0014558712826373626,4790,2.1035615447282792e-05,0.00023077925164344409,0.0012039497476039513,0.9630829240614012,0.6977879923378748,0.6907365766623245,0.007051415675550343
4000,positive,19,0.0002365720110370183,0.00023668438319174732,0.0008926709163211347,0.0014210430847700997,4791,2.0530246324530107e-05,0.00023077925164344409,0.0012039497476039513,1.025100867397404,0.7414519734712264,0.7178875165199196,0.023564456951306822
4000,positive,20,0.0002512347045294085,0.0002512634503810953,0.000916552078464342,0.0014098117087868649,4790,2.037010916610276e-05,0.00023077925164344409,0.0012039497476039513,1.0886364469088765,0.7612876536486878,0.7442503541483317,0.01703729950035604
4000,positive,21,0.00026608930416233167,0.0002660133081099267,0.0009675608913071892,0.001481646680365081,4791,2.14058051017775e-05,0.00023077925164344409,0.0012039497476039513,1.15300358358663,0.8036555456179022,0.7695736043878285,0.03408194123007369
4000,positive,22,0.0002813743362261508,0.0002813706268500847,0.0009921303077129258,0.0015215530839454562,4790,2.1984639671250564e-05,0.00023077925164344409,0.0012039497476039513,1.2192358464740867,0.8240628894083167,0.794288815052014,0.02977407435630275
4000,positive,23,0.00029718853113532207,0.00029714469055478127,0.0009948368892604012,0.0014694541812399577,4791,2.12296563185118e-05,0.00023077925164344409,0.0012039497476039513,1.2877610487899531,0.8263109745571047,0.8185403194001426,0.00777065515696207
4000,positive,24,0.00031347048418191043,0.00031341388496827327,0.0010450991107146135,0.0014806869314260397,4790,2.1394172176314356e-05,0.00023077925164344409,0.0012039497476039513,1.3583131150205177,0.8680587481284202,0.8422200761828765,0.02583867194554368
4000,positive,25,0.00033039502603035445,0.00033035067160448864,0.0010973364816738974,0.0014713379884041076,4790,2.125909102415943e-05,0.00023077925164344409,0.0012039497476039513,1.4316496118152666,0.9114470797952895,0.8655618725268933,0.04588520726839618
4000,positive,26,0.00034790454772910795,0.0003478767960812365,0.0011075401563443747,0.0014798792328716572,4791,2.13802702444642e-05,0.00023077925164344409,0.0012039497476039513,1.507520911223958,0.9199222463799284,0.8884592669719459,0.03146297940798248
4000,positive,27,0.00036591890745584036,0.00036592373207564553,0.0011478940390337593,0.001500916630231348,4790,2.1686467360481962e-05,0.00023077925164344409,0.0012039497476039513,1.5855797470961046,0.9534401592078476,0.9108013423668714,0.04263881684097626
4000,positive,28,0.0003848830941031776,0.0003848089224949992,0.001153797009703153,0.0015637252081586415,4791,2.259161882665074e-05,0.00023077925164344409,0.0012039497476039513,1.6677543209032728,0.9583431634080989,0.9331041735107913,0.02523898989730755
4000,positive,29,0.00040422858273612587,0.00040414720391868884,0.0011697158084991702,0.0014937069608841704,4790,2.1582296178799918e-05,0.00023077925164344409,0.0012039497476039513,1.751581131568372,0.9715653089566968,0.9546809524299159,0.016884356526780886
4000,positive,30,0.00042409784240104515,0.0004240679429507671,0.0012075967224938965,0.001500198707598615,4790,2.1676094228871237e-05,0.00023077925164344409,0.0012039497476039513,1.8376775181517615,1.0030291753432428,0.9757154481346145,0.027313727208628236
4000,positive,31,0.000444347457789584,0.00044413976085029073,0.0012583179169173776,0.0015320354958921123,4791,2.2133787810998894e-05,0.00023077925164344409,0.0012039497476039513,1.9254220413025025,1.0451581716110887,0.9960807577658438,0.04907741384524489
4000,positive,32,0.00046586656688862106,0.0004657499743658662,0.0012745534776401383,0.0015098495076539663,4790,2.1815536857587167e-05,0.00023077925164344409,0.0012039497476039513,2.018667464995462,1.0586434194422976,1.0166414215828894,0.04200199785940817
4000,positive,33,0.0004889022507149109,0.0004889470435076382,0.0013168788053514702,0.0015864243976231418,4791,2.2919560995377287e-05,0.00023077925164344409,0.0012039497476039513,2.118484427145422,1.0937988134241197,1.0375272974580998,0.05627151596601987
4000,positive,34,0.0005125635206846715,0.0005125504259947515,0.001316162105773409,0.0014739272620601313,4790,2.1296502961303507e-05,0.00023077925164344409,0.0012039497476039513,2.2210121448724798,1.0932035231476878,1.05788152760403,0.03532199554365767
4000,positive,35,0.0005367606925245863,0.0005366022484552937,0.0013504597777219385,0.0015599733655106253,4791,2.2537414802465852e-05,0.00023077925164344409,0.0012039497476039513,2.3258620032007307,1.1216911506560512,1.0776514384133409,0.044039712242710305
4000,positive,36,0.0005629464336840734,0.0005628605699085341,0.001395522184338363,0.0016940776880058081,4790,2.447741583181466e-05,0.00023077925164344409,0.0012039497476039513,2.4393286210747855,1.15911996087517,1.0979661850475246,0.061153775827645473
4000,positive,37,0.0005903294870673964,0.0005901554893988458,0.001389761187686492,0.001540844752506074,4790,2.226338142954835e-05,0.00023077925164344409,0.0012039497476039513,2.5579833666306384,1.1543348802160012,1.1181225542067459,0.03621232600925528
4000,positive,38,0.0006189775729907202,0.0006189340556538866,0.001449766287541976,0.001677315525401279,4791,2.4232693061532332e-05,0.00023077925164344409,0.0012039497476039513,2.6821196818293087,1.2041750832434976,1.1381348736055497,0.06604020963794799
4000,positive,39,0.0006495655928357432,0.0006493652484457332,0.0014282280976136478,0.0014823669336071418,4790,2.1418446217744887e-05,0.00023077925164344409,0.0012039497476039513,2.8146620123343133,1.1862854745026072,1.1584070489202145,0.02787842558239273
4000,positive,40,0.0006821528912187701,0.0006818243486348047,0.0014965807112478492,0.00164580056352916,4791,2.3777386718552976e-05,0.00023077925164344409,0.0012039497476039513,2.955867506983263,1.2430591178961408,1.1788833316403706,0.06417578625577014
4000,positive,41,0.0007171738487594077,0.0007170918830994227,0.001533657097550792,0.0015600808588590977,4790,2.2541320379763934e-05,0.00023077925164344409,0.0012039497476039513,3.10761840006071,1.2738547440231704,1.1997308160608293,0.07412392796234113
4000,positive,42,0.0007538246448849254,0.000753754190425423,0.0015361821750279861,0.001521373314502287,4790,2.1982042215746924e-05,0.00023077925164344409,0.0012039497476039513,3.26643162033297,1.2759520719907367,1.220396610942496,0.05555546104824072
4000,positive,43,0.0007936352486691106,0.0007936059635588876,0.0015862073194007338,0.0016024624814179394,4791,2.315126812263439e-05,0.00023077925164344409,0.0012039497476039513,3.43893674590506,1.3175029294682232,1.241650104549685,0.07585282491853818
4000,positive,44,0.0008362705419918881,0.0008360526948912142,0.0015562669754521756,0.0014989277564831098,4790,2.165773049078745e-05,0.00023077925164344409,0.0012039497476039513,3.6236816613130074,1.2926344962066654,1.2631809095957762,0.02945358661088915
4000,positive,45,0.00088337371654973,0.0008830260771633302,0.0015930652696153854,0.001578973871944421,4791,2.2811920960341953e-05,0.00023077925164344409,0.0012039497476039513,3.827786554722649,1.3231991391549647,1.2856522670788584,0.0375468720761063
4000,positive,46,0.0009329805264604305,0.0009327785820558196,0.001612360979551952,0.0015765917753806393,4790,2.277988356510279e-05,0.00023077925164344409,0.0012039497476039513,4.042740063573364,1.3392261452446859,1.3079937552048477,0.03123239003983813
4000,positive,47,0.0009887007785064077,0.0009883088686510884,0.0016671615357685624,0.0015349530039124933,4791,2.2175937946314394e-05,0.00023077925164344409,0.0012039497476039513,4.284184004695357,1.3847434571803974,1.3316580624622136,0.05308539471818374
4000,positive,48,0.0010508377930503496,0.0010507735010434438,0.0017064176730040741,0.0017176688833683812,4790,2.481828065929434e-05,0.00023077925164344409,0.0012039497476039513,4.553432709253703,1.4173495832364371,1.3564784368549379,0.060871146381499264
4000,positive,49,0.0011178765959295952,0.0011173504144823937,0.0016889426731489007,0.0015202447742044664,4790,2.196573614528257e-05,0.00023077925164344409,0.0012039497476039513,4.8439215742701345,1.4028348579416718,1.3816339975445298,0.021200860397142085
4000,positive,50,0.0011956358475388588,0.0011948864587721225,0.001751327360100294,0.0015789471344411494,4791,2.2811534675412135e-05,0.00023077925164344409,0.0012039497476039513,5.180863699940089,1.45465154470584,1.4089787279277883,0.04567281677805157
4000,positive,51,0.0012865867364015022,0.0012857433928717588,0.0018233133101630088,0.001637041232514313,4790,2.365330661384748e-05,0.00023077925164344409,0.0012039497476039513,5.57496710488207,1.5144430353440317,1.4388093998514115,0.07563363549262014
4000,positive,52,0.0013910295892697905,0.0013891251038013503,0.0017889447396004675,0.0015333463901364996,4791,2.2152726703162768e-05,0.00023077925164344409,0.0012039497476039513,6.027533148512601,1.4858965194857574,1.4706249794404462,0.015271540045311172
4000,positive,53,0.0015167181803258495,0.00151528324521045,0.0018287134765010934,0.0015480474301274067,4790,2.2367451589074154e-05,0.00023077925164344409,0.0012039497476039513,6.57216005999184,1.518928410542483,1.5060023948385575,0.012926015703925486
4000,positive,54,0.0016653460913029691,0.00166259571872675,0.0018641996296434257,0.0016001148040930366,4790,2.3119763465235856e-05,0.00023077925164344409,0.0012039497476039513,7.2161863748303645,1.5484031898785435,1.544429774307629,0.0039734155709145735
4000,positive,55,0.0018609685125981212,0.0018587722494550823,0.0019369137725509845,0.0016499922069949998,4791,2.3837944680363275e-05,0.00023077925164344409,0.0012039497476039513,8.063846725152457,1.6087995170942528,1.5904337655916934,0.01836575150255948
4000,positive,56,0.00212674769414812,0.0021205398709051963,0.0020355353622099584,0.001660513668202682,4790,2.3992455504714497e-05,0.00023077925164344409,0.0012039497476039513,9.215506502438805,1.6907145553715948,1.6463698653250989,0.04434469004649588
4000,positive,57,0.00251925852632606,0.0025072664181403953,0.002034730461084568,0.0016362561366970836,4791,2.363949544981591e-05,0.00023077925164344409,0.0012039497476039513,10.916312919752144,1.6900460049383292,1.7185904205654505,-0.02854441562712129
4000,positive,58,0.003230541623155384,0.003192947796689957,0.002150393071283582,0.0017431695563688819,4790,2.5186735176725093e-05,0.00023077925164344409,0.0012039497476039513,13.998405836529006,1.7861153055293222,1.8277809527621314,-0.04166564723280919
4000,positive,59,0.00605776136818858,0.005033480583286226,0.0025371803814639403,0.0022272010884949044,4791,3.217705884579811e-05,0.00023077925164344409,0.0012039497476039513,26.249159424209736,2.1073806332144067,2.125790954674084,-0.01841032145967736
8000,negative,59,-0.009166381884253678,-0.007787597999207264,-0.0038742056134608593,0.0032728946772353556,2477,6.576109354637304e-05,0.00038922115316402213,0.0017652910819056192,-23.550574807507605,-2.1946554045232483,-2.0717685931592125,-0.12288681136403579
8000,negative,58,-0.005016066262998409,-0.004969749516296666,-0.003327927631102138,0.0028228964087007786,2476,5.673089315699915e-05,0.00038922115316402213,0.0017652910819056192,-12.887445150969436,-1.8852005004804442,-1.7910124586802016,-0.09418804180024254
8000,negative,57,-0.003997938091941156,-0.00399026936266385,-0.0029589632532619815,0.002497536403334602,2476,5.0192231785969815e-05,0.00038922115316402213,0.0017652910819056192,-10.271636213606252,-1.6761899969878065,-1.6924552360475755,0.016265239059769065
8000,negative,56,-0.003401028128066444,-0.0033922948281137092,-0.0027371150269122077,0.0021082940858220224,2476,4.236974695835546e-05,0.00038922115316402213,0.0017652910819056192,-8.738035177222788,-1.55051767664147,-1.6239842152012538,0.07346653855978369
8000,negative,55,-0.0029808528272743193,-0.002976237498773892,-0.002746590688936374,0.002324114022214844,2477,4.6697585684733944e-05,0.00038922115316402213,0.0017652910819056192,-7.658506746210052,-1.555885438435144,-1.569018122330306,0.013132683895161978
8000,negative,54,-0.002678795889134032,-0.0026769202960649106,-0.002632280222977219,0.0022258127135412796,2476,4.4731483185214295e-05,0.00038922115316402213,0.0017652910819056192,-6.882451961713287,-1.4911309811499704,-1.524936269583843,0.03380528843387265
8000,negative,53,-0.0024406588964523304,-0.002440324958998247,-0.0026185293779388873,0.0022116629866089747,2476,4.444712041358615e-05,0.00038922115316402213,0.0017652910819056192,-6.2706224381998314,-1.4833414187490277,-1.4867764416325189,0.003435022883491179
8000,negative,52,-0.0022445809631693476,-0.0022420859156132003,-0.0025257190305008137,0.0020959166758463942,2476,4.2121001903197406e-05,0.00038922115316402213,0.0017652910819056192,-5.766852456303823,-1.4307663231235033,-1.452593860346957,0.021827537223453763
8000,negative,51,-0.002079946572517604,-0.002078969228540606,-0.002453403698603518,0.0022209527624422534,2477,4.4624803660474755e-05,0.00038922115316402213,0.0017652910819056192,-5.343868275425132,-1.3898012196125107,-1.4215790431106012,0.03177782349809055
8000,negative,50,-0.001937326574468191,-0.0019359662190377193,-0.0023653645471161657,0.0020947569099323228,2476,4.2097694439290645e-05,0.00038922115316402213,0.0017652910819056192,-4.977444208053564,-1.3399289054147214,-1.3926908125545976,0.05276190713987616
8000,negative,49,-0.001813303559591554,-0.001812845314062445,-0.0023013020558313043,0.0019629737060685467,2476,3.9449287351010785e-05,0.00038922115316402213,0.0017652910819056192,-4.658800131624417,-1.3036388612732723,-1.3657860218271356,0.06214716055386327
8000,negative,48,-0.0017041870934012705,-0.0017035908487809232,-0.002301877976745141,0.002093396142479045,2476,4.2070347508398856e-05,0.00038922115316402213,0.0017652910819056192,-4.378454458468518,-1.3039651082700083,-1.3405257617315787,0.036560653461570336
8000,negative,47,-0.001608367177125557,-0.0016080815835293925,-0.0022876516081799404,0.0021659905543295506,2477,4.352046781540327e-05,0.00038922115316402213,0.0017652910819056192,-4.132270725912405,-1.2959061718651161,-1.3169356588304055,0.02102948696528939
8000,negative,46,-0.001519977441782666,-0.0015198696040861093,-0.0022365334379358497,0.0021883703516198754,2476,4.39790153910856e-05,0.00038922115316402213,0.0017652910819056192,-3.9051768626309236,-1.2669488113662974,-1.2938440327715475,0.026895221405250025
8000,negative,45,-0.0014383614113848682,-0.001437647151874043,-0.0022245062489485157,0.002161826168907477,2476,4.3445564999935755e-05,0.00038922115316402213,0.0017652910819056192,-3.6954862285676615,-1.2601356636023884,-1.2712357260977885,0.011100062495400076
8000,negative,44,-0.0013653632674285835,-0.0013654945085874138,-0.0021428074947556636,0.002081071928775671,2477,4.1814228467794545e-05,0.00038922115316402213,0.0017652910819056192,-3.507936956481921,-1.21385505014987,-1.249832922579006,0.03597787242913597
8000,negative,43,-0.0012965124775443197,-0.0012964319334297935,-0.0021200196005799203,0.00215136836655026,2476,4.3235397717014685e-05,0.00038922115316402213,0.0017652910819056192,-3.3310432051414094,-1.2009461908635342,-1.2284954720743564,0.02754928121082223
8000,negative,42,-0.0012328225705484255,-0.0012327707413000782,-0.002006003744697486,0.002034552187675738,2476,4.088777839158946e-05,0.00038922115316402213,0.0017652910819056192,-3.167408966667596,-1.1363586239454737,-1.207642607425656,0.07128398348018239
8000,negative,41,-0.0011726416293137425,-0.0011724558810565682,-0.0020182298711663707,0.0020094938361408504,2476,4.038418829907505e-05,0.00038922115316402213,0.0017652910819056192,-3.0127900803468877,-1.1432844655781673,-1.1868371491797856,0.043552683601618236
8000,negative,40,-0.0011168204457253944,-0.0011171240290343955,-0.002059120228556376,0.0020501959188337963,2476,4.120216571312531e-05,0.00038922115316402213,0.0017652910819056192,-2.869372429136075,-1.1664479867725668,-1.1664713268987814,2.334012621463266e-05
8000,negative,39,-0.0010637497544448637,-0.0010637951461480982,-0.0019965738247878146,0.0020817065728283004,2477,4.182698014208578e-05,0.00038922115316402213,0.0017652910819056192,-2.7330214347229678,-1.1310167740906092,-1.146047818656279,0.015031044565669838
8000,negative,38,-0.0010143345831905824,-0.0010139213586259775,-0.0019445075402011282,0.0021169630189912833,2476,4.254396387963343e-05,0.00038922115316402213,0.0017652910819056192,-2.6060623245806234,-1.101522326902624,-1.125997948719767,0.024475621817143134
8000,negative,37,-0.0009678027280914528,-0.0009679419160278376,-0.0018548097289378153,0.0019916053069625778,2476,4.002468795240256e-05,0.00038922115316402213,0.0017652910819056192,-2.486511126705413,-1.0507104170806558,-1.1061082826698718,0.055397865589216
8000,negative,36,-0.0009233837303234694,-0.0009230641698183786,-0.0018284316640776223,0.0020454699228256135,2476,4.1107188804382134e-05,0.00038922115316402213,0.0017652910819056192,-2.3723883525270404,-1.035767802159768,-1.0861110748636298,0.05034327270386174
8000,negative,35,-0.0008822945050564317,-0.0008825463361330396,-0.0017361576227670741,0.0019482154046009692,2477,3.9144790194920277e-05,0.00038922115316402213,0.0017652910819056192,-2.266820541186319,-0.9834965125937781,-1.0666430277817098,0.0831465151879317
8000,negative,34,-0.0008420272144990135,-0.0008418236917250715,-0.0018785865480473785,0.00196736367053713,2476,3.95375111357953e-05,0.00038922115316402213,0.0017652910819056192,-2.1633644719822662,-1.0641794813915095,-1.0465678405004568,-0.017611640891052716
8000,negative,33,-0.0008038008366695624,-0.0008036108889423749,-0.0017452197730463922,0.0022498885711209385,2476,4.521532839462578e-05,0.00038922115316402213,0.0017652910819056192,-2.065151983995155,-0.9886300287442906,-1.0265059124336189,0.03787588368932826
8000,negative,32,-0.000767493307316457,-0.0007677461683999463,-0.0017238969761676076,0.0020933591390418513,2476,4.2069603861541886e-05,0.00038922115316402213,0.0017652910819056192,-1.9718694656686009,-0.976551116038423,-1.0064554456693848,0.02990432963096179
8000,negative,31,-0.0007317587266602025,-0.0007316535696459415,-0.0016943654526412753,0.0020611796073765104,2477,4.14145392209992e-05,0.00038922115316402213,0.0017652910819056192,-1.8800589862900674,-0.9598221335895607,-0.9856811942949274,0.0258590607053667
8000,negative,30,-0.0006975379611055644,-0.0006972718900731284,-0.001656635689330378,0.002289922751761932,2476,4.6019883183661595e-05,0.00038922115316402213,0.0017652910819056192,-1.792137851283777,-0.9384490219834178,-0.9647254367645205,0.026276414781102653
8000,negative,29,-0.0006652490997356678,-0.0006653042994500865,-0.001629696614818288,0.001963234195438327,2476,3.9454522326888744e-05,0.00038922115316402213,0.0017652910819056192,-1.7091802291005607,-0.923188606979786,-0.943908673145951,0.020720066166164952
8000,negative,28,-0.0006332534087441527,-0.0006329012314290229,-0.0015815474689873945,0.0019514449320930667,2476,3.921759707622129e-05,0.00038922115316402213,0.0017652910819056192,-1.6269758300553945,-0.8959131359119116,-0.9221856857098755,0.026272549797963896
8000,negative,27,-0.000603505293919367,-0.0006037609369734555,-0.0014932112275465798,0.0019836249669210344,2477,3.9856261772775297e-05,0.00038922115316402213,0.0017652910819056192,-1.5505459788436604,-0.8458725265493716,-0.9009195362533461,0.05504700970397447
8000,negative,26,-0.0005750872437326573,-0.0005749478070194766,-0.0015239442652979379,0.0020241653566864743,2476,4.0679037398729954e-05,0.00038922115316402213,0.0017652910819056192,-1.477533374169695,-0.8632821413524906,-0.8795543064835285,0.016272165131037908
8000,negative,25,-0.0005476898294959221,-0.0005477942373494113,-0.0014365846586488927,0.001943360982973381,2476,3.9055136402006685e-05,0.00038922115316402213,0.0017652910819056192,-1.4071430215025325,-0.8137947749093649,-0.8578993568638223,0.044104581954457434
8000,negative,24,-0.0005200081244121946,-0.0005198105492637672,-0.0013181781524690712,0.0019060880158821266,2476,3.830607288441502e-05,0.00038922115316402213,0.0017652910819056192,-1.3360222592862454,-0.7467199976142785,-0.8348732168618436,0.08815321924756503
8000,negative,23,-0.0004939958010220253,-0.0004941089263786825,-0.0014168715934357009,0.0019740378374341274,2477,3.9663631034177185e-05,0.00038922115316402213,0.0017652910819056192,-1.2691905283314597,-0.8026277410897006,-0.8120944106004439,0.009466669510743264
8000,negative,22,-0.00046826298852767513,-0.00046820180861376374,-0.0013421585105099442,0.00197866100572979,2476,3.976455025554415e-05,0.00038922115316402213,0.0017652910819056192,-1.203076926115431,-0.7603043624177229,-0.7883786110171389,0.028074248599415985
8000,negative,21,-0.00044296156026104596,-0.00044272007902589956,-0.0013315149671773345,0.0019382167714932902,2476,3.895175474373736e-05,0.00038922115316402213,0.0017652910819056192,-1.138071650680242,-0.754275020604519,-0.7638174852068509,0.00954246460233188
8000,negative,20,-0.0004186755629772188,-0.0004187236086209029,-0.001262495059235755,0.001853370622453354,2476,3.724662741383197e-05,0.00038922115316402213,0.0017652910819056192,-1.0756752544761725,-0.7151767049504949,-0.73898618431875,0.02380947936825506
8000,negative,19,-0.0003946964129974663,-0.0003944370831815619,-0.0012412389463289267,0.0018966383811413797,2477,3.810847164542311e-05,0.00038922115316402213,0.0017652910819056192,-1.0140672206249202,-0.7031355673020327,-0.7131627159949405,0.010027148692907772
8000,negative,18,-0.0003719969039143291,-0.0003719398735001482,-0.001161240186698059,0.0019209761216152752,2476,3.8605274630909885e-05,0.00038922115316402213,0.0017652910819056192,-0.9557468829489991,-0.6578179647542933,-0.6874270120848266,0.029609047330533267
8000,negative,17,-0.00034885583181355284,-0.0003487850226206533,-0.0011657094827732459,0.0019393494780618895,2476,3.897451840418319e-05,0.00038922115316402213,0.0017652910819056192,-0.8962920668048612,-0.6603497262983229,-0.6597983483340201,-0.0005513779643028238
8000,negative,16,-0.00032580844773564085,-0.000325826168276886,-0.001119232433034138,0.0018793674136029822,2476,3.776907704272684e-05,0.00038922115316402213,0.0017652910819056192,-0.8370779570614486,-0.6340214622428922,-0.6307776701077522,-0.0032437921351400334
8000,negative,15,-0.00030418732193659656,-0.0003043251604082571,-0.0010124990223073045,0.0019175629523237106,2477,3.852890151519862e-05,0.00038922115316402213,0.0017652910819056192,-0.7815282377738824,-0.5735592462260213,-0.6020873452710943,0.02852809904507303
8000,negative,14,-0.0002826360632200404,-0.0002826787839120768,-0.0009408397567505412,0.0018585023433211785,2476,3.734975805205404e-05,0.00038922115316402213,0.0017652910819056192,-0.7261580233305932,-0.5329657903980975,-0.5719776610785836,0.03901187068048606
8000,negative,13,-0.00026098009340980876,-0.00026098572986004386,-0.0009667146871968876,0.002004867078527148,2476,4.029120575425432e-05,0.00038922115316402213,0.0017652910819056192,-0.6705187816445034,-0.5476233903325031,-0.5400984650917269,-0.007524925240776192
8000,negative,12,-0.00024059650940423677,-0.00024062480914857564,-0.0007783467226487615,0.0018904946465753995,2476,3.799269766973447e-05,0.00038922115316402213,0.0017652910819056192,-0.618148596108924,-0.44091692901350965,-0.5085113873783234,0.0675944583648137
8000,negative,11,-0.00022008199093656312,-0.00022012420157435859,-0.0007647293427785258,0.00198229646760927,2477,3.982956871475394e-05,0.00038922115316402213,0.0017652910819056192,-0.5654420093756264,-0.4332029718028179,-0.47508219133204255,0.04187921952922463
8000,negative,10,-0.00019973017195576643,-0.00019966792980387959,-0.000748882089204214,0.0018161212437849703,2476,3.649803794562217e-05,0.00038922115316402213,0.0017652910819056192,-0.5131534356037374,-0.4242258383789041,-0.4402063393260197,0.015980500947115617
8000,negative,9,-0.0001798724817667857,-0.00017985284854754976,-0.0006213771122200116,0.001773601569715394,2476,3.564353294881226e-05,0.00038922115316402213,0.0017652910819056192,-0.462134394044574,-0.3519969701253118,-0.4044557741721417,0.0524588040468299
8000,negative,8,-0.00016053133666224696,-0.0001606244581044442,-0.0006646742072835887,0.00175733250232966,2476,3.531657843472548e-05,0.00038922115316402213,0.0017652910819056192,-0.41244247738662154,-0.3765238572247686,-0.36793548664145787,-0.008588370583310745
8000,negative,7,-0.00014102528268776423,-0.0001409419294534135,-0.000488571033926917,0.0018018301621781146,2477,3.620352426059776e-05,0.00038922115316402213,0.0017652910819056192,-0.3623268713464157,-0.2767651402846878,-0.3293525845026516,0.0525874442179638
8000,negative,6,-0.00012217558786355997,-0.00012226756170027309,-0.000549614181993488,0.0017614472532174554,2476,3.5399271335628144e-05,0.00038922115316402213,0.0017652910819056192,-0.3138976051799369,-0.3113447904581172,-0.2903637555371637,-0.02098103492095349
8000,negative,5,-0.00010305086112886922,-0.00010295884831788485,-0.000433984348385071,0.001760935721830905,2476,3.5388991244461005e-05,0.00038922115316402213,0.0017652910819056192,-0.2647617178335691,-0.24584293935059592,-0.24908291259020962,0.003239973239613697
8000,negative,4,-8.421862917393451e-05,-8.438415188489977e-05,-0.0003274624718915525,0.0017787037853741578,2476,3.5746070629794513e-05,0.00038922115316402213,0.0017652910819056192,-0.21637731785467434,-0.1855005529955202,-0.20675551970309688,0.021254966707576678
8000,negative,3,-6.535322496547506e-05,-6.52882852892011e-05,-0.00026608539924734655,0.0018143243476352177,2477,3.645456542741109e-05,0.00038922115316402213,0.0017652910819056192,-0.16790769061293667,-0.15073174162309214,-0.1627406073480851,0.012008865724992962
8000,negative,2,-4.6530781302285384e-05,-4.643726418880392e-05,-0.0002101809039605508,0.0018019268472993443,2476,3.621277746352579e-05,0.00038922115316402213,0.0017652910819056192,-0.11954843904045676,-0.11906302938644091,-0.11732385835245052,-0.0017391710339903915
8000,negative,1,-2.7809659091611486e-05,-2.805699025261382e-05,-4.2511315623383535e-05,0.0018158362000650601,2476,3.64923095084151e-05,0.00038922115316402213,0.0017652910819056192,-0.07144950593138032,-0.024081759693417172,-0.07083723970195017,0.046755480008533
8000,negative,0,-9.133215992146166e-06,-9.017600376830521e-06,3.825082660415621e-05,0.0017518241046893081,2477,3.519877056434241e-05,0.00038922115316402213,0.0017652910819056192,-0.023465363888630502,0.02166828292298668,-0.02342862737165454,0.04509691029464122
8000,positive,0,9.02547466589509e-06,8.95828153507896e-06,7.401084564198704e-05,0.0017918833988967936,2388,3.666845272360405e-05,0.00038922115316402213,0.0017652910819056192,0.023188551270983092,0.04192557612770176,0.02315290240871781,0.01877267371898395
8000,positive,1,2.629347962194508e-05,2.622000856222263e-05,6.385019039240839e-05,0.0019050835106782776,2388,3.898493880172811e-05,0.00038922115316402213,0.0017652910819056192,0.06755408694569258,0.036169780183493906,0.06702240772601142,-0.030852627542517518
8000,positive,2,4.4104700161696765e-05,4.404368115162984e-05,0.00020316246944124855,0.0022051450951270425,2387,4.5134741673961326e-05,0.00038922115316402213,0.0017652910819056192,0.11331527026001732,0.11508723491761828,0.11136892306528214,0.003718311852336148
8000,positive,3,6.233734547668255e-05,6.227018132306285e-05,0.0002552118136619702,0.0017177655844185257,2388,3.51517326190222e-05,0.00038922115316402213,0.0017652910819056192,0.16015919219686628,0.144572085747168,0.1555608881888817,-0.010988802441713685
8000,positive,4,8.037531948146121e-05,8.029595863836299e-05,0.0003937058458117054,0.001735586777914774,2387,3.5523857839120185e-05,0.00038922115316402213,0.0017652910819056192,0.20650295809485503,0.2230260209476064,0.197916980461709,0.025109040485897405
8000,positive,5,9.844233499371285e-05,9.831859916982326e-05,0.00046285650423763763,0.0018010155724897565,2388,3.6855330215668244e-05,0.00038922115316402213,0.0017652910819056192,0.2529213384048224,0.2621984039810519,0.23887719911803937,0.023321204863012507
8000,positive,6,0.00011674062215896193,0.00011683349310478122,0.00046223976770110416,0.0017365193812392487,2387,3.5542946292858423e-05,0.00038922115316402213,0.0017652910819056192,0.2999339095780494,0.2618490357987418,0.27880870252475326,-0.016959666726011458
8000,positive,7,0.00013508227601159898,0.00013484797603843923,0.0005477129824988809,0.0018011450948203615,2388,3.685798071371927e-05,0.00038922115316402213,0.0017652910819056192,0.3470578998944433,0.3102678012215575,0.3172418574624145,-0.006974056240857007
8000,positive,8,0.00015374568254772087,0.00015385812561609827,0.0006458476957201509,0.0017700055032673933,2387,3.622833768535361e-05,0.00038922115316402213,0.0017652910819056192,0.39500854796278434,0.3658590372659465,0.35471518132269225,0.011143855943254233
8000,positive,9,0.0001724302219094269,0.00017262184117393267,0.0006731281027181226,0.0017920703744525174,2388,3.6672278923640136e-05,0.00038922115316402213,0.0017652910819056192,0.4430134911931749,0.38131280989166133,0.3906048524553478,-0.009292042563686487
8000,positive,10,0.00019193467605107896,0.00019189166133417592,0.0007943523005514234,0.001868537913552964,2387,3.824509154639412e-05,0.00038922115316402213,0.0017652910819056192,0.49312498688938305,0.44998374981531414,0.42637857247425415,0.02360517734105999
8000,positive,11,0.00021152641812916063,0.00021153064996409733,0.0008581825487206387,0.0022448287568409553,2388,4.5937362438587136e-05,0.00038922115316402213,0.0017652910819056192,0.5434607456702669,0.4861422331518475,0.46063354015226826,0.025508692999579252
8000,positive,12,0.00023111266324730282,0.00023131518953936557,0.0009518276132058933,0.001982346673342286,2387,4.057452056431959e-05,0.00038922115316402213,0.0017652910819056192,0.5937823814778879,0.5391901783010211,0.49326688415972425,0.045923294141296866
8000,positive,13,0.00025123665077318193,0.00025116904113434136,0.0009838870464418613,0.0018270523600843103,2388,3.738813760457157e-05,0.00038922115316402213,0.0017652910819056192,0.6454856030584443,0.5573511680463271,0.5251966457717956,0.03215452227453153
8000,positive,14,0.00027189259115280084,0.0002719250212422091,0.0010235518553012252,0.001894846725275044,2387,3.87835782987847e-05,0.00038922115316402213,0.0017652910819056192,0.6985555356962376,0.5798204419615083,0.5563723735145595,0.0234480684469488
8000,positive,15,0.00029288737929036325,0.0002927522357257098,0.001012604286042284,0.0019382664775397806,2388,3.96639830142807e-05,0.00038922115316402213,0.0017652910819056192,0.7524960473228371,0.5736188759018626,0.586494603189084,-0.012875727287221417
8000,positive,16,0.00031386506958156336,0.00031384522373590723,0.0011215308813924962,0.0019040241250794605,2387,3.8971420618243106e-05,0.00038922115316402213,0.0017652910819056192,0.8063926305909102,0.635323484545003,0.6151111774219125,0.020212307123090523
8000,positive,17,0.00033509013989427744,0.0003350091537944503,0.00125616958335643,0.0020827895709369833,2388,4.262145124071052e-05,0.00038922115316402213,0.0017652910819056192,0.8609247908812055,0.711593456870809,0.6426525861249437,0.0689408707458653
8000,positive,18,0.0003573919745269556,0.0003573730311637395,0.001244334446710299,0.002004632135134104,2387,4.103065769710119e-05,0.00038922115316402213,0.0017652910819056192,0.9182234100630873,0.7048891026895399,0.6701600931117865,0.03472900957775338
8000,positive,19,0.000379347310794987,0.00037931193411043393,0.001242505543298077,0.0019529843409182297,2388,3.9965164038569106e-05,0.00038922115316402213,0.0017652910819056192,0.974631794061629,0.7038530676520504,0.6959038502496364,0.007949217402413944
8000,positive,20,0.000402023751175416,0.00040191387482446347,0.001383361230406016,0.0022117682518896496,2387,4.527030394159034e-05,0.00038922115316402213,0.0017652910819056192,1.032892862855269,0.7836448303543726,0.721197435640964,0.062447394713408655
8000,positive,21,0.0004253142384921938,0.0004251345558472107,0.0013953928586250182,0.001980574261496853,2388,4.0529754178199896e-05,0.00038922115316402213,0.0017652910819056192,1.0927315615679336,0.7904604928489762,0.7459017906082653,0.0445587022407109
8000,positive,22,0.0004493367468217582,0.000449297489139605,0.0013613083137231695,0.0019642857660911533,2387,4.020485129177212e-05,0.00038922115316402213,0.0017652910819056192,1.1544509931411735,0.7711523202471781,0.7701278681294705,0.0010244521177075194
8000,positive,23,0.0004737314089233383,0.00047360592252049206,0.0014417091371815853,0.002022357953174063,2388,4.13848005075686e-05,0.00038922115316402213,0.0017652910819056192,1.2171265746281332,0.8166976834354539,0.7935216058286196,0.023176077606834267
8000,positive,24,0.0005002064458785387,0.0005002849695060047,0.0014916073785455402,0.002105320188521427,2387,4.309153309678959e-05,0.00038922115316402213,0.0017652910819056192,1.2851471247446467,0.8449639800680127,0.8176385426715014,0.027325437396511276
8000,positive,25,0.0005269991760076521,0.0005270377774994623,0.0015009611911195656,0.0019182243840058697,2388,3.925384887291708e-05,0.00038922115316402213,0.0017652910819056192,1.3539839027853884,0.8502627167295768,0.8408026894689894,0.009460027260587367
8000,positive,26,0.0005538232016664339,0.0005537142737300877,0.001605894441790809,0.002074582252535164,2387,4.246239136666193e-05,0.00038922115316402213,0.0017652910819056192,1.4229010863472948,0.9097051802115589,0.8628418981090015,0.04686328210255741
8000,positive,27,0.0005820011348046286,0.0005818044060461275,0.0016795243078197538,0.0021306393934395866,2388,4.3600632673693155e-05,0.00038922115316402213,0.0017652910819056192,1.4952967742720982,0.9514149394595701,0.8848515726576934,0.06656336680187669
8000,positive,28,0.0006118536933318184,0.0006119432527678692,0.0016586998773885945,0.0020413367877889902,2387,4.178192572906501e-05,0.00038922115316402213,0.0017652910819056192,1.5719949657360386,0.9396183407883304,0.9069970062773386,0.032621334510991806
8000,positive,29,0.0006427472864594915,0.0006429468811117431,0.0017402737342605882,0.0020299701485626924,2388,4.154057371630676e-05,0.00038922115316402213,0.0017652910819056192,1.651367818101681,0.985828202554547,0.9287511170223166,0.05707708553223034
8000,positive,30,0.0006743437147413502,0.000674376118868823,0.0017970930371657542,0.0021748829868153277,2388,4.4506017540264025e-05,0.00038922115316402213,0.0017652910819056192,1.732546418044176,1.0180151339266978,0.9498800484798834,0.06813508544681446
8000,positive,31,0.0007072776079031951,0.0007072269590754456,0.0017770303115080285,0.002055953132220446,2387,4.208109195245287e-05,0.00038922115316402213,0.0017652910819056192,1.8171612774733763,1.0066500248728028,0.9708012110635359,0.035848813809266855
8000,positive,32,0.0007404514083782943,0.0007404772502044034,0.0017955785056280697,0.0021180526321135373,2388,4.33430617497638e-05,0.00038922115316402213,0.0017652910819056192,1.9023925147928942,1.0171571838961286,0.9908349673573486,0.026322216538780085
8000,positive,33,0.0007752960866808029,0.0007754274950859035,0.0018865659593363434,0.0025740093241371216,2387,5.268462658898352e-05,0.00038922115316402213,0.0017652910819056192,1.9919166272910263,1.0686996488419398,1.010850965108418,0.0578486837335217
8000,positive,34,0.0008121656137294166,0.0008117220651437867,0.0019194054039958696,0.0023507047339708796,2388,4.810397007853973e-05,0.00038922115316402213,0.0017652910819056192,2.0866430488868137,1.0873024985340576,1.0309843858067547,0.056318112727302916
8000,positive,35,0.0008512944772686496,0.0008516043211073738,0.0019464190600757157,0.0020525127299076845,2387,4.201067406023156e-05,0.00038922115316402213,0.0017652910819056192,2.1871742333333684,1.102605162415804,1.0512804873856376,0.051324675030166356
8000,positive,36,0.0008916823146145231,0.0008914580976605906,0.0019175248675083276,0.0019759918441267124,2388,4.043598124922457e-05,0.00038922115316402213,0.0017652910819056192,2.2909400153767034,1.0862372144532522,1.0711779917193884,0.01505922273386373
8000,positive,37,0.0009340052660092977,0.0009341035408962922,0.002008300044346795,0.002151589071264183,2387,4.403856106095935e-05,0.00038922115316402213,0.0017652910819056192,2.3996775571334314,1.1376594290494286,1.0909880694445144,0.0466713596049142
8000,positive,38,0.0009784997839775056,0.0009779293626255782,0.0020166922727982576,0.0020011210786345496,2388,4.095021680054353e-05,0.00038922115316402213,0.0017652910819056192,2.5139943603351766,1.1424134486768338,1.1107727043669378,0.03164074430989605
8000,positive,39,0.0010263002477745988,0.0010263227598858013,0.0020278414447767153,0.002112394434517418,2387,4.3236328224453825e-05,0.00038922115316402213,0.0017652910819056192,2.6368049100920894,1.1487292184061084,1.130950125128542,0.017779093277566327
8000,positive,40,0.0010764972853785177,0.0010765649598144572,0.0020794518778916122,0.0020040803225828056,2388,4.101077369664572e-05,0.00038922115316402213,0.0017652910819056192,2.765772817400985,1.177965435392592,1.1510539983552026,0.026911437037389296
8000,positive,41,0.001130692497443471,0.0011306096879801213,0.0021153927507797246,0.002047158532924175,2387,4.190108476460824e-05,0.00038922115316402213,0.0017652910819056192,2.905012968210863,1.1983251784720812,1.1716346482244904,0.026690530247590827
8000,positive,42,0.001189503165602759,0.001189340339988396,0.002186105088598503,0.0021297727796145962,2388,4.358289860232956e-05,0.00038922115316402213,0.0017652910819056192,3.056111303132307,1.238382219797212,1.1927814546130653,0.045600765184146796
8000,positive,43,0.0012533946727086717,0.0012536277444336872,0.0021965820817569336,0.002102558179175574,2387,4.303500050009034e-05,0.00038922115316402213,0.0017652910819056192,3.2202634993491146,1.2443172144651287,1.2145029914865386,0.029814222978590044
8000,positive,44,0.001318981493721697,0.0013184875775093773,0.002256159167237338,0.002070685823798096,2388,4.237376454412413e-05,0.00038922115316402213,0.0017652910819056192,3.3887713527375105,1.2780663712422033,1.2355897739386017,0.04247659730360165
8000,positive,45,0.0013892739580718995,0.0013889460701896946,0.0023598484186429934,0.0023247831178480555,2387,4.758348360111572e-05,0.00038922115316402213,0.0017652910819056192,3.569369102317119,1.3368041354945008,1.2569748680056114,0.07982926748888941
8000,positive,46,0.001468774477946123,0.00146966089906406,0.0024007261499099674,0.0022798519742481885,2388,4.665406487163401e-05,0.00038922115316402213,0.0017652910819056192,3.773624496012849,1.359960504257689,1.2798148820879909,0.08014562216969812
8000,positive,47,0.0015565788531095486,0.0015558009522264856,0.0023942534447324824,0.0022393100124667997,2387,4.5834026597139295e-05,0.00038922115316402213,0.0017652910819056192,3.9992144323502092,1.3562938538996656,1.303571836393384,0.05272201750628169
8000,positive,48,0.0016529908449211218,0.00165292159838527,0.0024670469974790105,0.002275247069000596,2388,4.655983175888126e-05,0.00038922115316402213,0.0017652910819056192,4.246919345168615,1.3975298593905832,1.3280971602380482,0.06943269915253492
8000,positive,49,0.0017580634246678224,0.0017576239608814487,0.0024329489475446923,0.002169880290997613,2387,4.4412944351834125e-05,0.00038922115316402213,0.0017652910819056192,4.516875330069625,1.3782140364739968,1.3531978801483333,0.025016156325663452
8000,positive,50,0.0018796749588735702,0.001879566704983893,0.0024865603452387795,0.002071322458789758,2388,4.238679241195767e-05,0.00038922115316402213,0.0017652910819056192,4.829323749733238,1.4085837575039213,1.380406667753865,0.028177089750056394
8000,positive,51,0.0020211335181402157,0.002021448247618835,0.0024352343211500715,0.0020952442904980596,2387,4.2885300384292425e-05,0.00038922115316402213,0.0017652910819056192,5.192763809752363,1.379508652205535,1.4099117911564023,-0.030403138950867215
8000,positive,52,0.002179941166801604,0.0021794712947373522,0.0026610465262140847,0.002247365159074625,2388,4.598926645502627e-05,0.00038922115316402213,0.0017652910819056192,5.6007777302970805,1.507426482516132,1.440690212226106,0.06673627029002605
8000,positive,53,0.0023729172392404313,0.0023698767540104395,0.0026791411290764252,0.0022701635532964095,2387,4.646553451838619e-05,0.00038922115316402213,0.0017652910819056192,6.096578307604102,1.5176766917013547,1.4752750104262553,0.04240168127509936
8000,positive,54,0.0026074533810365153,0.002604291500672543,0.0027041271036272406,0.002244333245590961,2388,4.592722247587772e-05,0.00038922115316402213,0.0017652910819056192,6.699156404630725,1.5318307169535772,1.513851119810122,0.017979597143455095
8000,positive,55,0.002917307344247072,0.002913324166452829,0.0027482619975471054,0.002445455255833364,2387,5.005339172065274e-05,0.00038922115316402213,0.0017652910819056192,7.495243566625183,1.5568321993562535,1.5600983805754252,-0.00326618121917166
8000,positive,56,0.003326733980665934,0.003316179947392352,0.0027552989963839287,0.0021579140338177203,2388,4.415877103351871e-05,0.00038922115316402213,0.0017652910819056192,8.54715616975733,1.5608185101176646,1.6147284320424624,-0.05390992192479782
8000,positive,57,0.00392715397625795,0.003916989681700742,0.0029892045009856103,0.002243291343821781,2387,4.5915516183753174e-05,0.00038922115316402213,0.0017652910819056192,10.089775296983934,1.6933210231588465,1.6848249886241007,0.008496034534745789
8000,positive,58,0.005002406052454397,0.004948086047489783,0.003198782388666019,0.0028409023171818387,2388,5.81351958358979e-05,0.00038922115316402213,0.0017652910819056192,12.85234888132179,1.812042456597558,1.789808078158486,0.022234378439071945
8000,positive,59,0.009318726348675494,0.007800088563431007,0.0036598503085495775,0.0026713573316046453,2388,5.466568867265891e-05,0.00038922115316402213,0.0017652910819056192,23.94198329901273,2.0732276654333943,2.0799010068986012,-0.006673341465206928
16000,negative,59,-0.013661813086325117,-0.011753307381202545,-0.0054928000882397705,0.004912384459292877,1245,0.00013922193739540566,0.0006628895995098061,0.0026145557327488167,-20.609484741392475,-2.100854083712688,-2.006919276289793,-0.09393480742289473
16000,negative,58,-0.007693692955680129,-0.007578893951895376,-0.004645085546849461,0.0038402002972583887,1244,0.00010887889051551824,0.0006628895995098061,0.0026145557327488167,-11.606296073085872,-1.776625179057034,-1.745126091526483,-0.03149908753055097
16000,negative,57,-0.006151929316511155,-0.006136404497999016,-0.0044046188668976916,0.0037154757330471145,1245,0.00010530033514007465,0.0006628895995098061,0.0026145557327488167,-9.280473431866161,-1.6846528883386584,-1.6493357022154174,-0.035317186123241084
16000,negative,56,-0.005261346120879302,-0.005246743501054021,-0.004190096227877932,0.003188985628909074,1244,9.041539249747885e-05,0.0006628895995098061,0.0026145557327488167,-7.936986980592191,-1.602603522806786,-1.5838387597521275,-0.018764763054658573
16000,negative,55,-0.004615750378072817,-0.004604710477450972,-0.0039014733881299864,0.0030255816403552687,1245,8.574803971651364e-05,0.0006628895995098061,0.0026145557327488167,-6.963075573196614,-1.4922127454625598,-1.5297248839081232,0.03751213844556345
16000,negative,54,-0.004149257716741047,-0.004147072731980369,-0.003949609622446653,0.0036354217103241617,1244,0.00010307292634155264,0.0006628895995098061,0.0026145557327488167,-6.259349550527481,-1.5106236111074312,-1.4860407777118396,-0.02458283339559153
16000,negative,53,-0.0037841825337127026,-0.003779329083233173,-0.0036434704540760482,0.0032741961915066405,1245,9.279402721256673e-05,0.0006628895995098061,0.0026145557327488167,-5.708616542650589,-1.3935332907382627,-1.4484581023154937,0.05492481157723095
16000,negative,52,-0.003490253884361537,-0.0034862518647786524,-0.0036922478262412114,0.0031608238835528035,1244,8.961693946065149e-05,0.0006628895995098061,0.0026145557327488167,-5.265211412190675,-1.4121893750413046,-1.415546977210239,0.003357602168934326
16000,negative,51,-0.0032429461804025462,-0.003239978384119171,-0.003441709798056916,0.0027967842421946078,1245,7.926369035279537e-05,0.0006628895995098061,0.0026145557327488167,-4.892136160833782,-1.3163650538971183,-1.3856614454499079,0.06929639155278955
16000,negative,50,-0.003023326847280796,-0.003022828115130663,-0.003440800040549088,0.0029458033336528093,1244,8.352059106761017e-05,0.0006628895995098061,0.0026145557327488167,-4.560830113365012,-1.3160170951611723,-1.357138994671941,0.04112189951076872
16000,negative,49,-0.0028276690464022754,-0.0028300110484860974,-0.003281191689899,0.002942169272977111,1244,8.341755672986518e-05,0.0006628895995098061,0.0026145557327488167,-4.265671159259824,-1.2549710257846807,-1.329893039704189,0.07492201391950837
16000,negative,48,-0.0026549206898402195,-0.0026540121796708492,-0.003412253228067564,0.0035243593762631525,1245,9.98839045492074e-05,0.0006628895995098061,0.0026145557327488167,-4.0050721746177365,-1.3050986771202184,-1.3041698608375738,-0.0009288162826446289
16000,negative,47,-0.002497541826567787,-0.002497343587493808,-0.003126925268843428,0.002708568483479777,1244,7.679441397291654e-05,0.0006628895995098061,0.0026145557327488167,-3.767658790264126,-1.1959681064269878,-1.2791665262792193,0.08319841985223153
16000,negative,46,-0.0023572597046718,-0.0023568570620066637,-0.0030363333305771217,0.0027313247299223793,1245,7.740850165675227e-05,0.0006628895995098061,0.0026145557327488167,-3.5560366408146207,-1.1613190312010937,-1.2554360630745132,0.09411703187341947
16000,negative,45,-0.0022313926563491807,-0.0022318874111052385,-0.0031934445520319338,0.0027992151641668093,1244,7.936446481874473e-05,0.0006628895995098061,0.0026145557327488167,-3.366160304821877,-1.221410013193523,-1.232826653355156,0.011416640161632907
16000,negative,44,-0.0021189066374809732,-0.0021189804833310812,-0.003052789323925018,0.0029709486765260693,1245,8.419968633884475e-05,0.0006628895995098061,0.0026145557327488167,-3.196469878314373,-1.1676130233856075,-1.2114298372823253,0.04381681389671788
16000,negative,43,-0.0020144845094043234,-0.002014313135399449,-0.0028843743099326996,0.002701912660880157,1244,7.660570543585611e-05,0.0006628895995098061,0.0026145557327488167,-3.0389442086495175,-1.1031986328706824,-1.1904369203558012,0.08723828748511875
16000,negative,42,-0.0019176041105215744,-0.001916589188295481,-0.0029451787483587137,0.0028451533747775163,1245,8.063452042607859e-05,0.0006628895995098061,0.0026145557327488167,-2.892795590607554,-1.1264547592038883,-1.1698725371063812,0.043417777902492904
16000,negative,41,-0.0018250175893717417,-0.001824204139602974,-0.0028384184188444254,0.0028090151162381474,1244,7.964231696864283e-05,0.0006628895995098061,0.0026145557327488167,-2.753124488182205,-1.0856216921642172,-1.1491284097462797,0.0635067175820625
16000,negative,40,-0.00173877479866969,-0.001738232548199907,-0.0028887554238641905,0.0027864731997260706,1244,7.900319956070955e-05,0.0006628895995098061,0.0026145557327488167,-2.6230232001761378,-1.1048742957286641,-1.1287380064406463,0.023863710711982122
16000,negative,39,-0.0016589973660349532,-0.0016575028119833837,-0.0029476893540303735,0.003524048664414869,1245,9.987509866158844e-05,0.0006628895995098061,0.0026145557327488167,-2.502675207548511,-1.1274150009918955,-1.1088584825951202,-0.0185565183967753
16000,negative,38,-0.0015827766874248071,-0.0015826874586307715,-0.002653453947559198,0.002734978181131382,1244,7.754319225440616e-05,0.0006628895995098061,0.0026145557327488167,-2.387692744908412,-1.0148775619211932,-1.088853787665011,0.0739762257438179
16000,negative,37,-0.0015108326650035456,-0.0015104029192980278,-0.0027667344582937396,0.0030662171437994346,1245,8.689969092855025e-05,0.0006628895995098061,0.0026145557327488167,-2.2791618183793756,-1.058204429777035,-1.0689700673179257,0.01076563754089066
16000,negative,36,-0.0014408427440029314,-0.001440332006529901,-0.0025466535069428695,0.0026558190960966955,1244,7.52988423024119e-05,0.0006628895995098061,0.0026145557327488167,-2.1735787453422204,-0.9740291534215804,-1.048596513735387,0.07456736031380662
16000,negative,35,-0.0013744936604628535,-0.00137452950312091,-0.002683541472872526,0.0029900504152031134,1245,8.474104890691657e-05,0.0006628895995098061,0.0026145557327488167,-2.0734880460928404,-1.0263852628037808,-1.0282491018873352,0.001863839083554364
16000,negative,34,-0.001311012186949925,-0.0013099884027378988,-0.0025481952395185123,0.0028699238924742225,1244,8.136922688633028e-05,0.0006628895995098061,0.0026145557327488167,-1.9777232708423738,-0.9746188262888792,-1.0077439842844609,0.03312515799558169
16000,negative,33,-0.0012542912067470518,-0.0012552088246921675,-0.002492691413283571,0.002869010038040342,1245,8.131064235968606e-05,0.0006628895995098061,0.0026145557327488167,-1.8921570163034322,-0.9533900471354178,-0.9884812071558042,0.03509116002038648
16000,negative,32,-0.001196549652842611,-0.0011961469026468444,-0.0023121145989682644,0.0026225435388429297,1244,7.435540043099124e-05,0.0006628895995098061,0.0026145557327488167,-1.8050511785483376,-0.8843240822934838,-0.9678722110426919,0.08354812874920814
16000,negative,31,-0.00114442939173027,-0.0011441681893915629,-0.002290482720716684,0.002709516872852996,1245,7.679044496009082e-05,0.0006628895995098061,0.0026145557327488167,-1.7264253241815124,-0.8760504478933338,-0.948324150369448,0.0722737024761142
16000,negative,30,-0.0010920879187684297,-0.0010916117993772295,-0.0023281496936080645,0.003388968181894149,1244,9.608537760399027e-05,0.0006628895995098061,0.0026145557327488167,-1.647465761381695,-0.8904570915994058,-0.9277077687181976,0.03725067711879182
16000,negative,29,-0.0010406036191174734,-0.0010413337109928967,-0.002226348335143801,0.0027491858587752297,1244,7.794601399778466e-05,0.0006628895995098061,0.0026145557327488167,-1.5697992846576254,-0.851520702832036,-0.9063788778014145,0.054858174969378504
16000,negative,28,-0.0009915077522486618,-0.0009918240486919865,-0.0021956620264735904,0.0025300663718749866,1245,7.170463650601658e-05,0.0006628895995098061,0.0026145557327488167,-1.4957358706213861,-0.8397839827897561,-0.8849816909940073,0.045197708204251175
16000,negative,27,-0.0009437598218354229,-0.0009436083823653123,-0.0019750243714654987,0.002440328191549002,1244,6.918915822679516e-05,0.0006628895995098061,0.0026145557327488167,-1.4237058818441484,-0.7553957816722668,-0.8630928257493693,0.10769704407710246
16000,negative,26,-0.0008987238779415835,-0.0008983061765811819,-0.002041744572937489,0.0028597075444274913,1245,8.104700029459087e-05,0.0006628895995098061,0.0026145557327488167,-1.355767051717469,-0.7809145344899181,-0.8413870427141017,0.060472508224183597
16000,negative,25,-0.0008552310437602561,-0.000855008282013155,-0.0020038525930041497,0.0026207489145473736,1244,7.430451852716664e-05,0.0006628895995098061,0.0026145557327488167,-1.2901560748466754,-0.7664218314051376,-0.8193650022066828,0.0529431708015452
16000,negative,24,-0.0008147943514981355,-0.0008147369258205685,-0.002013737907267432,0.002563321976661581,1245,7.264713393593314e-05,0.0006628895995098061,0.0026145557327488167,-1.22915543116178,-0.7702027086453751,-0.797879885051581,0.027677176406205928
16000,negative,23,-0.0007751234035656644,-0.0007748084344385655,-0.0018073709063720401,0.0026815320961746055,1244,7.602786753640997e-05,0.0006628895995098061,0.0026145557327488167,-1.16930994865337,-0.691272663930502,-0.7757805649352583,0.08450790100475625
16000,negative,22,-0.0007355397633785479,-0.000735458503492543,-0.0019394576762154692,0.003310576147126654,1245,9.382507190089438e-05,0.0006628895995098061,0.0026145557327488167,-1.1095961739669247,-0.7417924398866869,-0.7526439617615034,0.010851521874816528
16000,negative,21,-0.000697014194212354,-0.0006969480407311684,-0.0018076302853498984,0.0027780467928188515,1244,7.876429071115154e-05,0.0006628895995098061,0.0026145557327488167,-1.0514785489586538,-0.6913718696864204,-0.7290043363536628,0.037632466667242404
16000,negative,20,-0.0006595551991482733,-0.000659526153139614,-0.0016635997898661688,0.002638950586156408,1244,7.48205795804753e-05,0.0006628895995098061,0.0026145557327488167,-0.9949699009246811,-0.6362839273336663,-0.7048782974220872,0.06859437008842084
16000,negative,19,-0.0006200690880326572,-0.0006197501899773992,-0.0016502930246110345,0.0027151488647829945,1245,7.695006130005508e-05,0.0006628895995098061,0.0026145557327488167,-0.935403253409295,-0.6311944335093583,-0.6781367548464895,0.046942321337131165
16000,negative,18,-0.0005819413955882373,-0.0005820641288401346,-0.0016523868537285885,0.0027574122038613374,1244,7.817925061479463e-05,0.0006628895995098061,0.0026145557327488167,-0.8778858440659977,-0.6319952690361469,-0.6509434616775295,0.01894819264138259
16000,negative,17,-0.0005446848153308385,-0.0005447343722987406,-0.0015213702197886469,0.002560515114579664,1245,7.256758462942336e-05,0.0006628895995098061,0.0026145557327488167,-0.8216825482457746,-0.5818847924076005,-0.622972698733755,0.041087906326154555
16000,negative,16,-0.0005099747490463569,-0.0005098561838378008,-0.0014225884922516785,0.0024533432142213665,1244,6.955816534072435e-05,0.0006628895995098061,0.0026145557327488167,-0.7693207879916554,-0.5441033344338153,-0.5955823064691632,0.0514789720353479
16000,negative,15,-0.00047615580115229416,-0.0004765963825099705,-0.0014882709805248654,0.0024723312197022255,1245,7.00683639772847e-05,0.0006628895995098061,0.0026145557327488167,-0.7183033215552063,-0.5692251887704722,-0.5675782564858602,-0.0016469322846119905
16000,negative,14,-0.0004416918638744155,-0.00044186226035929945,-0.0012212510991661384,0.002633762464298693,1244,7.467348388025087e-05,0.0006628895995098061,0.0026145557327488167,-0.6663128584322909,-0.46709698472641636,-0.5376195268370284,0.07052254211061204
16000,negative,13,-0.0004080693395780893,-0.00040770385726366005,-0.0012468692934457077,0.0026857530460516936,1245,7.611695410557361e-05,0.0006628895995098061,0.0026145557327488167,-0.615591706190365,-0.47689528198919284,-0.5069283500576383,0.030033068068445412
16000,negative,12,-0.0003763038129536184,-0.0003760167553126439,-0.001127744951794868,0.0026001797975564044,1244,7.37213347181191e-05,0.0006628895995098061,0.0026145557327488167,-0.5676719218884829,-0.4313332998295706,-0.4765310057877031,0.045197705958132495
16000,negative,11,-0.00034526540930937,-0.00034541021115040243,-0.0012006039445446137,0.0026632856895072885,1245,7.548020652765385e-05,0.0006628895995098061,0.0026145557327488167,-0.5208490366490696,-0.45919998166662035,-0.4454494578901915,-0.013750523776428825
16000,negative,10,-0.0003135786778509855,-0.0003138005339139386,-0.0011451029460950535,0.0025968727119125203,1244,7.362757090689213e-05,0.0006628895995098061,0.0026145557327488167,-0.4730481185447332,-0.4379722840679889,-0.4122498990861225,-0.02572238498186641
16000,negative,9,-0.0002819089402155593,-0.00028227208884093897,-0.0008838541716201248,0.0025345709658640197,1244,7.186116695348815e-05,0.0006628895995098061,0.0026145557327488167,-0.42527283641804825,-0.3380513792646843,-0.3775287190353341,0.039477339770649766
16000,negative,8,-0.00025204652876086936,-0.0002517782661746208,-0.000805362076963371,0.0024456409883297694,1245,6.931193586136726e-05,0.0006628895995098061,0.0026145557327488167,-0.38022399046123645,-0.30803018152405287,-0.34333570892689824,0.03530552740284537
16000,negative,7,-0.00022245426649806095,-0.00022253567074698372,-0.0006392324919348381,0.0025452707512219484,1244,7.216453153563175e-05,0.0006628895995098061,0.0026145557327488167,-0.33558267720984236,-0.2444899085255988,-0.3080300890770173,0.0635401805514185
16000,negative,6,-0.00019264415041577134,-0.00019268536093990346,-0.0006339873937897713,0.0025160782435944603,1245,7.130819882165206e-05,0.0006628895995098061,0.0026145557327488167,-0.2906127212709747,-0.2424837940338062,-0.2710172983823867,0.028533504348580485
16000,negative,5,-0.0001622285045174222,-0.00016225189530829812,-0.0005087355289719355,0.0025302666926875395,1244,7.17391304836026e-05,0.0006628895995098061,0.0026145557327488167,-0.244729295251256,-0.19457819261595,-0.2317579780463205,0.03717978543037051
16000,negative,4,-0.00013198510189687168,-0.00013170280056764986,-0.0004482442387936065,0.0023314548487104133,1245,6.607578532933065e-05,0.0006628895995098061,0.0026145557327488167,-0.19910570628121496,-0.17144183739481594,-0.19125211264451997,0.019810275249704024
16000,negative,3,-0.00010282167027874961,-0.00010271238605482766,-0.0004216850153728285,0.002994445652202565,1244,8.489971748442254e-05,0.0006628895995098061,0.0026145557327488167,-0.15511130413689433,-0.16128362080447578,-0.15086301982587183,-0.01042060097860395
16000,negative,2,-7.400902807575318e-05,-7.38637530447563e-05,-0.00018448950008154042,0.0023977847540156334,1245,6.795564184308076e-05,0.0006628895995098061,0.0026145557327488167,-0.1116460842506526,-0.07056246603226053,-0.10977054775298561,0.03920808172072508
16000,negative,1,-4.4494505593108366e-05,-4.45596295373767e-05,-0.0001529271632272699,0.0024987937019778895,1244,7.084679569780553e-05,0.0006628895995098061,0.0026145557327488167,-0.06712204509772243,-0.058490687848711385,-0.06659888709802743,0.008108199249316043
16000,negative,0,-1.4744189026406681e-05,-1.4504836966821145e-05,-5.292799282528876e-05,0.002259744610379528,1245,6.404344474315648e-05,0.0006628895995098061,0.0026145557327488167,-0.02224229952817139,-0.020243589441347593,-0.02221022073381047,0.0019666312924628768
16000,positive,0,1.3209016030680388e-05,1.350510599951333e-05,6.601995430695336e-05,0.0023921731291102954,1188,6.940398182595452e-05,0.0006628895995098061,0.0026145557327488167,0.019926419181185217,0.025250926373462,0.019902138563426687,0.005348787810035314
16000,positive,1,4.0015804265389187e-05,4.043196211475781e-05,0.00018917845866588183,0.002270575501636348,1187,6.590381996994659e-05,0.0006628895995098061,0.0026145557327488167,0.06036571443416836,0.07235587151435047,0.05996527155987439,0.012390599954476077
16000,positive,2,6.651926274542796e-05,6.636291415569529e-05,0.0002078646520628936,0.002433935781814638,1188,7.061563927416517e-05,0.0006628895995098061,0.0026145557327488167,0.10034742254912078,0.07950285758275072,0.09891109303031148,-0.019408235447560762
16000,positive,3,9.415306334784817e-05,9.385123544413091e-05,0.0004741470490898967,0.0024262099385868974,1187,7.042113459195371e-05,0.0006628895995098061,0.0026145557327488167,0.14203430468281977,0.18134899292867687,0.13861885594724235,0.04273013698143452
16000,positive,4,0.00012278303624120284,0.00012312635595391195,0.00047259455871948383,0.0024312900926090567,1188,7.053888004494936e-05,0.0006628895995098061,0.0026145557327488167,0.18522395936216,0.1807552054828913,0.17864525364071193,0.0021099518421793806
16000,positive,5,0.0001509467827450606,0.0001507165605113389,0.0005177761529589976,0.002364982387085743,1187,6.864399503926114e-05,0.0006628895995098061,0.0026145557327488167,0.2277102897023619,0.19803599765480348,0.2168168380375887,-0.018780840382785213
16000,positive,6,0.00017859179793254588,0.00017838739211420275,0.000758189657118925,0.002489913713142292,1187,7.227014691798258e-05,0.0006628895995098061,0.0026145557327488167,0.2694140895627432,0.28998795000701755,0.25306568004447727,0.03692226996254028
16000,positive,7,0.00020649464666609626,0.00020630949136227601,0.0008155123617235259,0.0025092818682850735,1188,7.280165096053329e-05,0.0006628895995098061,0.0026145557327488167,0.31150684340016044,0.3119124031317305,0.28839534072549816,0.02351706240623236
16000,positive,8,0.00023555663083021144,0.00023560234323290825,0.0009191219363586183,0.0025733368243789105,1187,7.469151617009894e-05,0.0006628895995098061,0.0026145557327488167,0.3553482073099366,0.3515403878548415,0.32383811654215805,0.027702271312683435
16000,positive,9,0.00026485584532132204,0.0002644207448641246,0.001083900959932224,0.0029801744815640373,1188,8.646363134827577e-05,0.0006628895995098061,0.0026145557327488167,0.39954744427605704,0.4145641059992488,0.3581776759916069,0.05638643000764193
16000,positive,10,0.00029524721453367425,0.0002950913827730168,0.001041716823613682,0.0025263074694200274,1187,7.332648156090877e-05,0.0006628895995098061,0.0026145557327488167,0.44539424777821796,0.39842976401901814,0.39234309695238234,0.006086667066635798
16000,positive,11,0.0003255573774259178,0.0003255944196231753,0.0011970729455670957,0.0024514626827979325,1187,7.115409956362357e-05,0.0006628895995098061,0.0026145557327488167,0.4911185477440906,0.4578494658090732,0.4249786968315241,0.03287076897754909
16000,positive,12,0.00035618213417714983,0.000356170299688351,0.0013524618771673339,0.003066084256975381,1188,8.895612673615696e-05,0.0006628895995098061,0.0026145557327488167,0.5373174272767887,0.5172817164411413,0.45654069814215426,0.06074101829898704
16000,positive,13,0.00038652250283052785,0.0003859502526649706,0.001418704538530956,0.0026562825940549865,1187,7.709903050646926e-05,0.0006628895995098061,0.0026145557327488167,0.5830872940476871,0.5426178225083766,0.4864623454555988,0.05615547705277785
16000,positive,14,0.0004170906920668275,0.00041721879052671366,0.0014607135529730885,0.0029128501781547473,1188,8.451035519388588e-05,0.0006628895995098061,0.0026145557327488167,0.6292008388353927,0.5586851848965427,0.5153097325022893,0.043375452394253444
16000,positive,15,0.00044883718630791934,0.0004489028135181032,0.0015151570026098497,0.002669016566017283,1187,7.746863609549317e-05,0.0006628895995098061,0.0026145557327488167,0.6770919118957752,0.5795083974044368,0.5439528081752268,0.03555558922920998
16000,positive,16,0.0004812414520952634,0.00048115883781168903,0.0015726768149429858,0.002663587699638587,1187,7.731106237367478e-05,0.0006628895995098061,0.0026145557327488167,0.7259752641331709,0.6015082391414736,0.5718756675160148,0.029632571625458737
16000,positive,17,0.0005120567088849083,0.0005117242601363375,0.0017072532123649973,0.0027989952610636415,1188,8.120708901284421e-05,0.0006628895995098061,0.0026145557327488167,0.7724615218937878,0.6529802333071991,0.5972629928843088,0.05571724042289028
16000,positive,18,0.000545145668020601,0.0005444145002425646,0.001740482618610627,0.0027341743089351256,1187,7.935985008763343e-05,0.0006628895995098061,0.0026145557327488167,0.8223777661072456,0.6656896224509883,0.6233275327827303,0.04236208966825794
16000,positive,19,0.0005804962762691393,0.0005802252361606431,0.0017782171885142647,0.002565107621219465,1188,7.442132032933008e-05,0.0006628895995098061,0.0026145557327488167,0.8757058139068782,0.6801221202673441,0.6498849320461356,0.030237188221208466
16000,positive,20,0.0006166140945332013,0.0006165392804813445,0.0019182479337379566,0.002858219266288206,1187,8.296027497184695e-05,0.0006628895995098061,0.0026145557327488167,0.9301912339387665,0.7336802615108932,0.6757296262357545,0.05795063527513866
16000,positive,21,0.0006516846265894802,0.0006523869557329618,0.0018796268243183893,0.0025366599624906706,1187,7.362696434118896e-05,0.0006628895995098061,0.0026145557327488167,0.9830967736880896,0.7189086852404715,0.6996583962893961,0.01925028895107539
16000,positive,22,0.0006876675838215239,0.0006882743534686133,0.0019252096257442086,0.0029825716627374325,1188,8.65331806282034e-05,0.0006628895995098061,0.0026145557327488167,1.0373787495384459,0.736342928792777,0.7230930248775574,0.013249903915219519
16000,positive,23,0.0007267569238913436,0.0007268171585808284,0.0021377237863147614,0.003103082485718127,1187,9.006746938971203e-05,0.0006628895995098061,0.0026145557327488167,1.0963468493528425,0.8176241032227921,0.7473550631671588,0.07026904005563328
16000,positive,24,0.0007672216821494164,0.0007674646383631544,0.002152439273871135,0.002885206379183295,1188,8.370832723944239e-05,0.0006628895995098061,0.0026145557327488167,1.157389831906794,0.8232523969218147,0.7712512571373441,0.05200113978447063
16000,positive,25,0.000808141880164545,0.0008081580809503643,0.002236423368457237,0.0028019978555946924,1187,8.132843946312615e-05,0.0006628895995098061,0.0026145557327488167,1.219119866659773,0.8553741427060613,0.7942466625763579,0.06112748012970337
16000,positive,26,0.0008495420960877398,0.0008489168353794463,0.002202001214374625,0.0028169392873797273,1187,8.176211692936523e-05,0.0006628895995098061,0.0026145557327488167,1.2815740309034258,0.8422085583387233,0.8164029472463262,0.025805611092397096
16000,positive,27,0.0008934067369886879,0.0008937791501033414,0.0023733311968514425,0.002792634285809205,1188,8.102253840253012e-05,0.0006628895995098061,0.0026145557327488167,1.347745895620243,0.9077378489676475,0.8387523623296855,0.068985486637962
16000,positive,28,0.0009378032442754736,0.0009381498324199352,0.002343062101641629,0.002670808535046314,1187,7.752064828544054e-05,0.0006628895995098061,0.0026145557327488167,1.4147201056842056,0.8961607022919521,0.8602829105562898,0.0358777917356623
16000,positive,29,0.0009835373014227483,0.0009829080475892665,0.0024219557739893834,0.0027434058661662494,1188,7.959427708622194e-05,0.0006628895995098061,0.0026145557327488167,1.483712072342144,0.9263354931214478,0.8814042994723463,0.044931193649101475
16000,positive,30,0.0010314857990437265,0.0010310529564779556,0.00248106978247128,0.0027363208930634322,1187,7.942215503800408e-05,0.0006628895995098061,0.0026145557327488167,1.5560446261436145,0.9489450736866886,0.9024859100381827,0.046459163648505886
16000,positive,31,0.001083011074912108,0.0010833020892463106,0.002646999435706491,0.0027555261710214985,1187,7.997959132678154e-05,0.0006628895995098061,0.0026145557327488167,1.6337729174103404,1.01240887794102,0.9240256510185553,0.08838322692246481
16000,positive,32,0.0011368171453396915,0.0011372971922393458,0.0025330976814907104,0.0029205692443939127,1188,8.473430802006599e-05,0.0006628895995098061,0.0026145557327488167,1.7149418940655359,0.9688444005083551,0.9453891939527626,0.023455206555592523
16000,positive,33,0.0011901545578828644,0.0011892343838355002,0.0027566082105429054,0.0038987109072570972,1187,0.00011316071258655287,0.0006628895995098061,0.0026145557327488167,1.7954038783576638,1.0543314017042358,0.9655236254158382,0.08880777628839753
16000,positive,34,0.001249944478340063,0.0012498963888107379,0.002677077814187336,0.002777191333965853,1188,8.057449292620887e-05,0.0006628895995098061,0.0026145557327488167,1.8855997729702993,1.023913080396564,0.9869660013720754,0.03694707902448857
16000,positive,35,0.0013082750774145837,0.0013082379761865646,0.002633294484309139,0.0029059387176287566,1187,8.434533973976409e-05,0.0006628895995098061,0.0026145557327488167,1.9735942129459076,1.0071670882076096,1.0068355313650221,0.0003315568425874549
16000,positive,36,0.0013676699724322462,0.0013677755683852964,0.002738723865936635,0.0028821963888392465,1187,8.365621481919505e-05,0.0006628895995098061,0.0026145557327488167,2.063194193186334,1.0474911020761735,1.0260953888488245,0.02139571322734901
16000,positive,37,0.001433722546421875,0.0014330129656627594,0.002897490651167863,0.0030272412823036574,1188,8.782917773929027e-05,0.0006628895995098061,0.0026145557327488167,2.1628375938950994,1.1082152944284658,1.0464629101501226,0.061752384278343175
16000,positive,38,0.0015045685889149675,0.001504323848724536,0.0029400934917990875,0.002835060435055459,1187,8.228808616192744e-05,0.0006628895995098061,0.0026145557327488167,2.2697121662906863,1.124509779987752,1.0671895181159823,0.05732026187176964
16000,positive,39,0.0015787966492822971,0.001577816567313398,0.0030235236804266215,0.003031667299533444,1188,8.795758952338707e-05,0.0006628895995098061,0.0026145557327488167,2.381688671009149,1.1564196710573982,1.0877801142870334,0.06863955677036482
16000,positive,40,0.0016580698717200881,0.0016575271944798407,0.00300524365482591,0.0032539599078858865,1187,9.444671089077979e-05,0.0006628895995098061,0.0026145557327488167,2.5012760389455475,1.1494280336745177,1.1086212006979168,0.040806832976600926
16000,positive,41,0.001739126514329548,0.0017390671779483973,0.002996113535667109,0.0028045390596181325,1187,8.140219831956893e-05,0.0006628895995098061,0.0026145557327488167,2.623553779717766,1.1459359990452913,1.1288234072118088,0.01711259183348246
16000,positive,42,0.0018277656904886637,0.001826826168831187,0.0032356049113532338,0.002939151259620847,1188,8.527342696233896e-05,0.0006628895995098061,0.0026145557327488167,2.7572701273941553,1.237535261086776,1.1497606129211875,0.08777464816558855
16000,positive,43,0.001921180631380158,0.0019214723471523395,0.003220770083653917,0.003164602941141159,1187,9.185311052595554e-05,0.0006628895995098061,0.0026145557327488167,2.898190939789723,1.2318613228671764,1.1706517096746862,0.061209613192490187
16000,positive,44,0.002025329158624941,0.002025032126985772,0.0032451308281718685,0.0029199311793030916,1188,8.47157958741731e-05,0.0006628895995098061,0.0026145557327488167,3.055303869788623,1.2411786780923182,1.192671503848138,0.04850717424418027
16000,positive,45,0.002138299825165343,0.002138746735684896,0.003251664167021377,0.0029279369558055913,1187,8.498384214913885e-05,0.0006628895995098061,0.0026145557327488167,3.2257254100027724,1.2436775113616474,1.2152049799219173,0.028472531439730053
16000,positive,46,0.002256992957002866,0.002254753251993764,0.003225993677256959,0.002795609634716024,1187,8.114302032229045e-05,0.0006628895995098061,0.0026145557327488167,3.404779557066317,1.2338592124273848,1.2375340719231835,-0.00367485949579871
16000,positive,47,0.002391314324469336,0.002391487362265532,0.003375774973717955,0.003206785532558522,1188,9.303828477673862e-05,0.0006628895995098061,0.0026145557327488167,3.6074096293525586,1.291146687536406,1.2613320162522574,0.029814671284148497
16000,positive,48,0.0025356338463691113,0.002533297461919183,0.003398265439285502,0.0029887172232425986,1187,8.674799920976377e-05,0.0006628895995098061,0.0026145557327488167,3.8251223857549776,1.2997487093965028,1.2853671730253808,0.014381536371121939
16000,positive,49,0.002699762260410695,0.002696367085393908,0.0036634806502682526,0.0030854811226160303,1188,8.951888688675894e-05,0.0006628895995098061,0.0026145557327488167,4.072717783484785,1.4011866736597147,1.311010533012013,0.09017614064770174
16000,positive,50,0.0028924501759648165,0.002892255027916433,0.0036686338993853337,0.003082034323764665,1187,8.945654309588054e-05,0.0006628895995098061,0.0026145557327488167,4.363396526516221,1.4031576582719507,1.3391225613254445,0.06403509694650622
16000,positive,51,0.0031053851729139974,0.00310468757537749,0.00350521627687304,0.0029715767590907083,1187,8.625049447457509e-05,0.0006628895995098061,0.0026145557327488167,4.684618939881345,1.3406546408509052,1.3680341311343356,-0.02737949028343034
16000,positive,52,0.003355667297025729,0.0033523718570549607,0.0037435896523246473,0.0031436324306453036,1188,9.120602745217455e-05,0.0006628895995098061,0.0026145557327488167,5.0621812433128826,1.4318262966950868,1.399554878745465,0.03227141794962174
16000,positive,53,0.0036636664952868305,0.0036620425230891505,0.0037205600451929387,0.0033500449020511937,1187,9.723559333609826e-05,0.0006628895995098061,0.0026145557327488167,5.52681245564275,1.423018067119695,1.4352775391216883,-0.012259472001993288
16000,positive,54,0.004035517090434107,0.0040272550740137,0.003966243910980677,0.0032388735387555594,1188,9.396925226058397e-05,0.0006628895995098061,0.0026145557327488167,6.087766489952917,1.5169857965929687,1.4746843751226164,0.04230142147035232
16000,positive,55,0.00451708164230832,0.0045192085996311904,0.004073765496193606,0.003119026034298396,1187,9.053023345748204e-05,0.0006628895995098061,0.0026145557327488167,6.814229165231456,1.5581100242642933,1.5208430575519023,0.03726696671239105
16000,positive,56,0.005136550773452165,0.005135038252927071,0.0040810976371777425,0.0032331896122452506,1187,9.384384971147237e-05,0.0006628895995098061,0.0026145557327488167,7.748727355581599,1.5609143787067317,1.5738727719000163,-0.012958393193284623
16000,positive,57,0.006041683186591835,0.006006899808303462,0.004404539716925144,0.0031348284003378988,1188,9.095059662569522e-05,0.0006628895995098061,0.0026145557327488167,9.114161982718603,1.6846226155196262,1.6417061325099513,0.04291648300967488
16000,positive,58,0.007640278489594644,0.007533713820579298,0.004278535600970368,0.003036422303063019,1187,8.813264684199232e-05,0.0006628895995098061,0.0026145557327488167,11.52571784991721,1.6364292974822625,1.7420981226637988,-0.10566882518153631
16000,positive,59,0.014095611223320623,0.011849210134717751,0.0052583332645375425,0.003844393348244188,1188,0.0001115371637723375,0.0006628895995098061,0.0026145557327488167,21.263889543212102,2.011176582955907,2.0219637060111024,-0.010787123055195469
