n_events,side,bin,mean_q,median_q,mean_response,response_std,observations,standard_error
100,negative,59,-0.0006112497680929934,-0.0004684022882751641,-0.00040702098164674817,0.0005442185368428076,195089,1.2321311550734474e-06
100,negative,58,-0.00026374221550361183,-0.00025967143849878877,-0.0003026176502725048,0.00035868102779678675,195088,8.120693652190371e-07
100,negative,57,-0.0001925428574177222,-0.00019134799807078468,-0.0002743749000613646,0.00031309358293745435,195089,7.088556009664855e-07
100,negative,56,-0.00015501133001977047,-0.0001545091369588021,-0.00025857823302964883,0.00031471318055461444,195088,7.125242567996775e-07
100,negative,55,-0.0001308817132538124,-0.0001306127640928296,-0.0002476278898501531,0.0003554779020676342,195088,8.048173499854258e-07
100,negative,54,-0.00011375250291606158,-0.00011358519248574063,-0.00023920009862340747,0.0002743075775949337,195089,6.210426318592455e-07
100,negative,53,-0.00010076541233235496,-0.00010065575298183149,-0.00023210069652357962,0.0002831088848446835,195088,6.409707639567302e-07
100,negative,52,-9.046045218213604e-05,-9.0376118394593e-05,-0.0002258522337217787,0.00028648918989222766,195089,6.486222584511582e-07
100,negative,51,-8.210396294375716e-05,-8.205595405520516e-05,-0.00022097168891701923,0.0002802533641855227,195088,6.345057416406675e-07
100,negative,50,-7.509134451258108e-05,-7.504184135974734e-05,-0.00021542662667734785,0.0002616737743328712,195088,5.924407463707728e-07
100,negative,49,-6.911276276178269e-05,-6.908236536532561e-05,-0.00021102021828704767,0.0002585713883067735,195089,5.854153097974915e-07
100,negative,48,-6.392611892114477e-05,-6.39001711678024e-05,-0.00020572417697366715,0.00026620894970903194,195088,6.027085796361621e-07
100,negative,47,-5.936228034270862e-05,-5.934086814806703e-05,-0.00020260123831351723,0.00025377584028728715,195089,5.745580094292635e-07
100,negative,46,-5.5334104307938225e-05,-5.53195957984707e-05,-0.0001995232270568477,0.00028697923346597385,195088,6.497334006854516e-07
100,negative,45,-5.171468401834625e-05,-5.1699133634536075e-05,-0.00019569658093569075,0.00030022708228761354,195088,6.797271035840666e-07
100,negative,44,-4.845886099670185e-05,-4.844271772410736e-05,-0.00019115701017121864,0.0002865398057098321,195089,6.487368545583981e-07
100,negative,43,-4.550792254414012e-05,-4.54984575024785e-05,-0.00018868705961730127,0.0004114225214349453,195088,9.314783886695576e-07
100,negative,42,-4.280185781039449e-05,-4.279179518485955e-05,-0.00018316921227271772,0.0002538522956999598,195089,5.747311073477476e-07
100,negative,41,-4.032884528008623e-05,-4.031820105815087e-05,-0.00018078240389737615,0.000251538485999102,195088,5.694940150812134e-07
100,negative,40,-3.804583911039547e-05,-3.803872613988419e-05,-0.0001786124615989126,0.0002669165596025113,195088,6.043106390496477e-07
100,negative,39,-3.592899607487539e-05,-3.592411645184606e-05,-0.0001734773100336739,0.0002567803134906679,195089,5.813602493161015e-07
100,negative,38,-3.395560477323651e-05,-3.39512653583899e-05,-0.0001695150221356899,0.00025443310408216095,195088,5.760475556565264e-07
100,negative,37,-3.2112019449040604e-05,-3.210548052120662e-05,-0.00016757861898918528,0.00026882031779539473,195089,6.086192701078854e-07
100,negative,36,-3.0389488627516114e-05,-3.0384944904218477e-05,-0.0001649041978157246,0.0002659230788496026,195088,6.020613556422493e-07
100,negative,35,-2.8776364093635063e-05,-2.8771022352408274e-05,-0.00016116956562571693,0.0002565146179047665,195088,5.80760193007325e-07
100,negative,34,-2.726192792079973e-05,-2.7259874620461427e-05,-0.00015711574027409714,0.00024940827994642813,195089,5.646696891988374e-07
100,negative,33,-2.5831305679399735e-05,-2.5829579655544802e-05,-0.0001545938160455857,0.00027467101191414457,195088,6.218670545785365e-07
100,negative,32,-2.4473725954985918e-05,-2.44711177418067e-05,-0.00015046382394158628,0.0002538811310119958,195089,5.747963915744334e-07
100,negative,31,-2.318864995298642e-05,-2.3184361082022945e-05,-0.00014872639319263997,0.0002544224401888085,195088,5.760234121406046e-07
100,negative,30,-2.1968273488371707e-05,-2.196464886284698e-05,-0.00014495247726313616,0.0002511234229499756,195088,5.685542943803436e-07
100,negative,29,-2.0806887500056316e-05,-2.0803387857755167e-05,-0.0001412722642725337,0.0002491353115282612,195089,5.640516784740911e-07
100,negative,28,-1.9697569940502536e-05,-1.9695515314139688e-05,-0.00013875564124719072,0.00025898245908241205,195088,5.863474922043359e-07
100,negative,27,-1.8638914572186592e-05,-1.863769088381444e-05,-0.00013595745391770299,0.0002568423787116793,195089,5.815007673015753e-07
100,negative,26,-1.7627317954579033e-05,-1.7624024246724335e-05,-0.0001323221531738205,0.0002568390477457945,195088,5.814947162038265e-07
100,negative,25,-1.6659439293761914e-05,-1.665702244898271e-05,-0.00012884119952599732,0.0002542989119341052,195088,5.757437388275227e-07
100,negative,24,-1.5729647447424064e-05,-1.572832724757739e-05,-0.00012648961215953362,0.0002593276368329138,195089,5.871274847914589e-07
100,negative,23,-1.4838088176338058e-05,-1.4838170968527373e-05,-0.00012174340535790474,0.00026155746753896305,195088,5.921774227573669e-07
100,negative,22,-1.3979285231264617e-05,-1.3979153931837957e-05,-0.00011831585367321206,0.00025693205805538165,195089,5.817038046953091e-07
100,negative,21,-1.3152367676734631e-05,-1.315217018560677e-05,-0.00011345588249187263,0.0002498262814503183,195088,5.656175099044644e-07
100,negative,20,-1.2351427557104673e-05,-1.2350136913206347e-05,-0.0001104480213953933,0.0002698488334358145,195088,6.109494338726847e-07
100,negative,19,-1.1580215335596191e-05,-1.1579518271461258e-05,-0.0001063149121679234,0.00027004317884667155,195089,6.113878733391261e-07
100,negative,18,-1.0835800186986035e-05,-1.0834824536618061e-05,-0.0001029247082024639,0.00025889117968634086,195088,5.861408317024397e-07
100,negative,17,-1.0116485860562889e-05,-1.0115311950416683e-05,-9.966982042257316e-05,0.0002898620191975131,195089,6.562584703521638e-07
100,negative,16,-9.418222687098115e-06,-9.417731239487684e-06,-9.436573424238706e-05,0.00025043757196177937,195088,5.670014980698152e-07
100,negative,15,-8.741482240485027e-06,-8.740895417609773e-06,-9.057905251552147e-05,0.00028236090286896465,195088,6.392773004023618e-07
100,negative,14,-8.083582888816448e-06,-8.082814696639825e-06,-8.664696650199389e-05,0.0002496369453079045,195089,5.651873961435433e-07
100,negative,13,-7.442098466217346e-06,-7.441668515637274e-06,-8.150779461974297e-05,0.00024756604995325904,195088,5.605002480065062e-07
100,negative,12,-6.819572731883119e-06,-6.819029611453303e-06,-7.755983953201213e-05,0.00026090274629185273,195089,5.906935916136713e-07
100,negative,11,-6.213206564835401e-06,-6.212564186918609e-06,-7.286032051096636e-05,0.0002468642841774307,195088,5.589114199282275e-07
100,negative,10,-5.622915584308697e-06,-5.622663840358105e-06,-6.79203475090193e-05,0.00026995767287044456,195088,6.111958510616109e-07
100,negative,9,-5.045552897064789e-06,-5.045145543699203e-06,-6.218039784543268e-05,0.0002586875468809572,195089,5.856782971610071e-07
100,negative,8,-4.479386414007565e-06,-4.479230213116144e-06,-5.73683884102033e-05,0.0002589494589731891,195088,5.862727785293099e-07
100,negative,7,-3.924493107827018e-06,-3.92343488928517e-06,-5.140516505460534e-05,0.0002584165748473207,195089,5.850648063256268e-07
100,negative,6,-3.3795857073149736e-06,-3.37935867787537e-06,-4.504707049493014e-05,0.0002570868517318625,195088,5.820557551494911e-07
100,negative,5,-2.8447512287580568e-06,-2.844334554002816e-06,-3.902928598593827e-05,0.00026027126229727403,195088,5.892653984426836e-07
100,negative,4,-2.3153533935574355e-06,-2.3151510994835174e-06,-3.3084380403266006e-05,0.0002633305666754702,195089,5.96190267913842e-07
100,negative,3,-1.7911559108718695e-06,-1.7908162573719536e-06,-2.6143783786647652e-05,0.00031341782110557527,195088,7.09591506963498e-07
100,negative,2,-1.2754851767078435e-06,-1.2754830151684243e-06,-1.9307819386606515e-05,0.0002874680833754522,195089,6.508385099687497e-07
100,negative,1,-7.626306339682769e-07,-7.629945925059259e-07,-1.2712276214530546e-05,0.0002717728588171854,195088,6.153055105788114e-07
100,negative,0,-2.530173637567611e-07,-2.525995002102864e-07,-4.723269351290402e-06,0.00025483021564101763,195089,5.769451547294027e-07
100,positive,0,2.520566941341912e-07,2.516414717896497e-07,2.2089786273912293e-06,0.0002527788546581283,194016,5.738811612714453e-07
100,positive,1,7.570468977954045e-07,7.569100479628874e-07,8.997987744740724e-06,0.0002692012420198241,194016,6.111647336759714e-07
100,positive,2,1.2662669099101343e-06,1.2657569820272906e-06,1.5669136160083126e-05,0.0002700925391468791,194015,6.131898163782766e-07
100,positive,3,1.7807389104936771e-06,1.7808000293551376e-06,2.3761026245043965e-05,0.0002931333872986711,194016,6.654976300842431e-07
100,positive,4,2.300591439481545e-06,2.299836256896434e-06,2.9924693725677662e-05,0.00027039095556293885,194016,6.138657277548727e-07
100,positive,5,2.8268149304567336e-06,2.826121322645194e-06,3.5386282419496036e-05,0.00027174009023347144,194015,6.169302438312244e-07
100,positive,6,3.3622624016833306e-06,3.361437185461751e-06,4.2326790359230226e-05,0.0002834866211286834,194016,6.435966788372174e-07
100,positive,7,3.908182102737203e-06,3.908288020251028e-06,4.749802233543044e-05,0.00025703237819418596,194016,5.835378907857457e-07
100,positive,8,4.4633611839525205e-06,4.4629824046100395e-06,5.392427491650405e-05,0.0002706665562805726,194015,6.144930047666684e-07
100,positive,9,5.028647979287928e-06,5.027849892628046e-06,5.920603562142561e-05,0.00026532543565952664,194016,6.023655314724526e-07
100,positive,10,5.60680778173929e-06,5.606690409546249e-06,6.494675545229536e-05,0.0002739023263781453,194015,6.218391583414398e-07
100,positive,11,6.200527585932932e-06,6.200001284284009e-06,7.049345180412987e-05,0.00026451074000368894,194016,6.005159365382273e-07
100,positive,12,6.808465873668128e-06,6.807885670395574e-06,7.519445899072736e-05,0.000288292657523876,194016,6.545077724542692e-07
100,positive,13,7.432229928050008e-06,7.431398499997352e-06,8.020276059864227e-05,0.0002620958904903583,194015,5.95035062689701e-07
100,positive,14,8.070537779493962e-06,8.06987057978993e-06,8.478255615938786e-05,0.0002614199860658531,194016,5.934990305495977e-07
100,positive,15,8.725525453105264e-06,8.724589883665827e-06,8.89979314476281e-05,0.0002653653896314792,194016,6.024562385525703e-07
100,positive,16,9.400943928179396e-06,9.398834611952683e-06,9.367354112808422e-05,0.0002541406108584606,194015,5.769742289024024e-07
100,positive,17,1.0097967306865427e-05,1.0096120146405245e-05,9.745746284009357e-05,0.0002659645478413383,194016,6.038165011019212e-07
100,positive,18,1.0816245465011421e-05,1.0815965174717297e-05,0.00010239360585711238,0.00026076329994586633,194016,5.920081629940876e-07
100,positive,19,1.1557554352066566e-05,1.155696389673983e-05,0.00010677834570545192,0.00026982991833265956,194015,6.125935895837229e-07
100,positive,20,1.2326935996464856e-05,1.2326081453684875e-05,0.00011020606051068149,0.0002547217563158307,194016,5.782921103639494e-07
100,positive,21,1.3123499391470691e-05,1.312194392694164e-05,0.00011419413303437052,0.0002546777661082315,194015,5.78193729929769e-07
100,positive,22,1.3947232748644504e-05,1.3944485154751199e-05,0.00011899582064567523,0.00026060292276209934,194016,5.916440603693403e-07
100,positive,23,1.480272954277229e-05,1.4801792899375991e-05,0.00012147592582817194,0.00025323300651705903,194016,5.749122174353371e-07
100,positive,24,1.568978068356047e-05,1.5687457760166684e-05,0.0001249832428889999,0.00026990476019905037,194015,6.127635027196227e-07
100,positive,25,1.6615553806620946e-05,1.6613537628931505e-05,0.00012909600166168537,0.00026100570297659927,194016,5.925584880319982e-07
100,positive,26,1.7582158815446154e-05,1.75820491572415e-05,0.00013243512719003853,0.0002676242792228492,194016,6.075845717101544e-07
100,positive,27,1.858529614672409e-05,1.8583558623205732e-05,0.00013675662482492198,0.0002563453737480131,194015,5.81979691680725e-07
100,positive,28,1.9636798196711428e-05,1.963545322799743e-05,0.00013945344341223507,0.0002484380308109059,194016,5.640262347836744e-07
100,positive,29,2.07364866685194e-05,2.07337958578691e-05,0.00014295314238598413,0.0002595624545666159,194016,5.892818964252968e-07
100,positive,30,2.1894348983205453e-05,2.1892416333011143e-05,0.0001469987034452043,0.00025313063081386567,194015,5.746812759757979e-07
100,positive,31,2.3110508901165404e-05,2.310677149007545e-05,0.00014940763120643958,0.00026223893173601997,194016,5.953582742464221e-07
100,positive,32,2.4389849145629035e-05,2.4387477062981857e-05,0.00015289745921990365,0.00025857119027909795,194015,5.870329524420133e-07
100,positive,33,2.5732998523461083e-05,2.5729111514934836e-05,0.00015678533269059547,0.0002531264734578251,194016,5.746703565572598e-07
100,positive,34,2.7153805856396254e-05,2.714975215328194e-05,0.00016039751994052404,0.0002492435940137797,194016,5.65855096406487e-07
100,positive,35,2.866066257405473e-05,2.8656169977549436e-05,0.0001632429806857834,0.00025631288358425754,194015,5.819059294153536e-07
100,positive,36,3.026460740515456e-05,3.0260175495076037e-05,0.0001667858414317169,0.00025574521852767825,194016,5.806156658031369e-07
100,positive,37,3.196225943659923e-05,3.1957751311346896e-05,0.00017014727005107514,0.00025543781349011876,194016,5.7991776739635e-07
100,positive,38,3.3769975042059525e-05,3.37656195781067e-05,0.00017394183991349012,0.000251339642887314,194015,5.7061520454233e-07
100,positive,39,3.571799211900118e-05,3.571039276212916e-05,0.0001769365082593657,0.0002580969252012991,194016,5.859547206012633e-07
100,positive,40,3.780552191389028e-05,3.7797319013678786e-05,0.0001811295696202202,0.0002636379919182752,194015,5.985360882804404e-07
100,positive,41,4.0058005797645074e-05,4.005143479820169e-05,0.00018577382967098732,0.00027399291304530557,194016,6.220432137460432e-07
100,positive,42,4.249906060762465e-05,4.24921522511223e-05,0.00018727492618182917,0.00029012974163176633,194016,6.586784850821719e-07
100,positive,43,4.516504452790002e-05,4.5153399454154656e-05,0.00019205714558875913,0.00025752709408681073,194015,5.846625457863829e-07
100,positive,44,4.807355026195196e-05,4.806409009505134e-05,0.00019475338871459454,0.0002559370308328469,194016,5.810511352516603e-07
100,positive,45,5.126174809448619e-05,5.124699945707979e-05,0.00019934651758359438,0.0002628079993454361,194016,5.966502224237148e-07
100,positive,46,5.480285975705389e-05,5.478705432096534e-05,0.00020279515745846228,0.0002550110783460357,194015,5.789504471295159e-07
100,positive,47,5.8770660069320465e-05,5.8750358572474886e-05,0.00020761264007702998,0.00037964255144429135,194016,8.618984708414913e-07
100,positive,48,6.32565870497092e-05,6.322904452244938e-05,0.00021043111943777092,0.0002536291805928315,194016,5.758116472510842e-07
100,positive,49,6.835773349965579e-05,6.832211689097101e-05,0.0002157469890348571,0.00027186842001198486,194015,6.17221590321472e-07
100,positive,50,7.425564240738521e-05,7.421467112893047e-05,0.00021908648869545705,0.00027010555696752573,194016,6.132177903410315e-07
100,positive,51,8.116689826501501e-05,8.110571195969235e-05,0.0002253855503705936,0.00026441364225438294,194015,6.002970435762585e-07
100,positive,52,8.941864297024937e-05,8.933955259754858e-05,0.00023027873425812318,0.00027222470174621165,194016,6.180288623278057e-07
100,positive,53,9.94945090783287e-05,9.939315306265795e-05,0.00023630516915952782,0.00027115327305889505,194016,6.155964091064776e-07
100,positive,54,0.00011223134298894869,0.0001120532402350278,0.00024330278175456192,0.000271876275333101,194015,6.17239424219913e-07
100,positive,55,0.00012908856748363666,0.00012882225877084656,0.00025121349239898836,0.0002736390211316647,194016,6.21239776675963e-07
100,positive,56,0.00015265519583183482,0.00015216819920525824,0.0002621039263423723,0.0003080130183973311,194016,6.992786992553117e-07
100,positive,57,0.00018938877605217413,0.00018824667209418436,0.0002787536376244828,0.00032756576933759644,194015,7.436710195193505e-07
100,positive,58,0.0002591368942672411,0.0002549557248954653,0.00030442222424038786,0.00034619905452289813,194016,7.859720533561987e-07
100,positive,59,0.000601538811006137,0.0004599175233117407,0.00040280646088546214,0.0006306051466473706,194016,1.4316561974742146e-06
250,negative,59,-0.0010578264187160451,-0.0008397498447052906,-0.0006099324034807858,0.0006764622467183242,78167,2.4195346250781926e-06
250,negative,58,-0.000497299236671333,-0.0004904796590299694,-0.0004854482452811899,0.000467786057891675,78166,1.673163298533047e-06
250,negative,57,-0.00037430208377974065,-0.0003724806944417602,-0.0004522121683184486,0.000486002200430385,78166,1.738318256921469e-06
250,negative,56,-0.000307269154937489,-0.0003062909437118908,-0.00043100504153249585,0.00044854391943371225,78167,1.6043283260862456e-06
250,negative,55,-0.0002631850800909425,-0.0002626608668276208,-0.00041162308431525753,0.0006708765188279545,78166,2.3995712360680952e-06
250,negative,54,-0.00023103816677496003,-0.00023071197733854493,-0.00040193626568937115,0.0004242389200453765,78166,1.5174051873807504e-06
250,negative,53,-0.00020641550203174917,-0.00020623194769144818,-0.0003912416934664831,0.0004100469787435327,78167,1.4666344911215633e-06
250,negative,52,-0.00018676498666894868,-0.0001866383439179713,-0.00038443091166978654,0.00044681006575339455,78166,1.598136991946937e-06
250,negative,51,-0.00017049397051748473,-0.00017037827350789445,-0.000375326132994169,0.0004045076749535242,78166,1.446831055114302e-06
250,negative,50,-0.00015672790780620305,-0.00015665947094348039,-0.0003683647625170346,0.0004000983491034404,78167,1.4310507552914311e-06
250,negative,49,-0.00014491579046740338,-0.0001448474212909892,-0.0003594769742235111,0.0004040646657597893,78166,1.4452465129686668e-06
250,negative,48,-0.00013467474057276407,-0.00013463281419785801,-0.0003551789551235506,0.00039913164241688737,78166,1.4276022213765866e-06
250,negative,47,-0.0001255992353525526,-0.0001255642824832971,-0.0003450969248537377,0.0004114509642483487,78167,1.4716561927146529e-06
250,negative,46,-0.00011749101562302074,-0.00011744801195723532,-0.0003412810659996894,0.0004016707503335025,78166,1.4366840272693115e-06
250,negative,45,-0.0001101798432198879,-0.00011014613626208305,-0.000335812774519553,0.00039357128100734245,78166,1.4077140855929752e-06
250,negative,44,-0.00010354223532634212,-0.0001035147196454589,-0.0003251108367659079,0.00039308966968225063,78167,1.405982478949466e-06
250,negative,43,-9.751032260025004e-05,-9.74919844620206e-05,-0.00032070981038042956,0.00039865945408175705,78166,1.4259133121433868e-06
250,negative,42,-9.199159462971906e-05,-9.196974791906894e-05,-0.00031500025471522435,0.0003969782884558898,78166,1.4199001687918425e-06
250,negative,41,-8.688823713413835e-05,-8.687145859413485e-05,-0.00030907802361534266,0.000392502425186413,78167,1.4038820536885463e-06
250,negative,40,-8.216846964767584e-05,-8.215547169692394e-05,-0.00030521336593549646,0.0003898697595454907,78166,1.3944745934058501e-06
250,negative,39,-7.77837673816929e-05,-7.777559981607025e-05,-0.0003032966535694559,0.0006344300517529735,78166,2.269210593542976e-06
250,negative,38,-7.366910088319771e-05,-7.365647820794158e-05,-0.00029609854580126764,0.0003998265315012763,78167,1.4300785323723664e-06
250,negative,37,-6.984373449628191e-05,-6.984124793168317e-05,-0.0002870599180229603,0.00038445497728553353,78166,1.3751071608069803e-06
250,negative,36,-6.622978688511186e-05,-6.621973235355905e-05,-0.0002816124341120137,0.0003961393866605608,78166,1.416899609729984e-06
250,negative,35,-6.28328212751594e-05,-6.283257800648273e-05,-0.00027959346138466037,0.00038676071868651036,78167,1.383345419529071e-06
250,negative,34,-5.9626702220392005e-05,-5.9618383683340935e-05,-0.00027186369249126947,0.0003872342869048882,78166,1.3850481130262978e-06
250,negative,33,-5.659492823200179e-05,-5.6584037685579035e-05,-0.0002679751899112226,0.0003928437079004979,78166,1.4051117236823646e-06
250,negative,32,-5.3732890163453155e-05,-5.372852314726538e-05,-0.00026217599263784097,0.0003866736243151139,78167,1.3830339049570967e-06
250,negative,31,-5.099755381736142e-05,-5.09875682413332e-05,-0.0002583269058528984,0.00038784439460949475,78166,1.3872303281699058e-06
250,negative,30,-4.8398297175381566e-05,-4.8393332575707976e-05,-0.00025091997636998215,0.0004321155852400713,78166,1.5455782098474608e-06
250,negative,29,-4.59233566841717e-05,-4.5920533500812146e-05,-0.00024436267135578946,0.0003928749576870145,78167,1.4052145083651303e-06
250,negative,28,-4.353038459052651e-05,-4.352163943126634e-05,-0.00023510640018361951,0.0003863509021571844,78166,1.3818884486596352e-06
250,negative,27,-4.125217960199407e-05,-4.124848786561697e-05,-0.0002324365625846451,0.00039456536196498336,78166,1.4112696848803752e-06
250,negative,26,-3.9074033990315315e-05,-3.907061638108653e-05,-0.00022763809414655593,0.0003943619502723571,78167,1.4105331053229423e-06
250,negative,25,-3.696937515034631e-05,-3.696424211177972e-05,-0.00021955324499412467,0.0003908459377366015,78166,1.3979661586088757e-06
250,negative,24,-3.494973485251875e-05,-3.49463097302169e-05,-0.00021542236254870953,0.00041483570011042586,78166,1.4837720291927887e-06
250,negative,23,-3.301824540995314e-05,-3.301760175312108e-05,-0.00020814641036809515,0.0003912641412131609,78167,1.39945302462817e-06
250,negative,22,-3.115052242737591e-05,-3.114932592868563e-05,-0.0002046080236732939,0.0003830999695793748,78166,1.3702606094296426e-06
250,negative,21,-2.935467878827602e-05,-2.9350490998705136e-05,-0.00019853595867577,0.00040108701701514543,78166,1.434596147248244e-06
250,negative,20,-2.761065208877894e-05,-2.760869881038288e-05,-0.00019170242277939922,0.000390298227768909,78167,1.3959981961665174e-06
250,negative,19,-2.5929150892631078e-05,-2.5928325768442495e-05,-0.00018201441170275415,0.0003796003588392722,78166,1.3577433055239164e-06
250,negative,18,-2.4287830735878762e-05,-2.4284230345361386e-05,-0.00018210841691689776,0.0003998307763589994,78166,1.4301028629262145e-06
250,negative,17,-2.2698649410442328e-05,-2.2697785407837647e-05,-0.00016929037088118143,0.00038584854561221155,78167,1.3800828067993336e-06
250,negative,16,-2.115440475121119e-05,-2.115286995856074e-05,-0.00016424113693320601,0.00043032567103529006,78166,1.5391760978040607e-06
250,negative,15,-1.9653628995710846e-05,-1.965199624109326e-05,-0.00015721152330299792,0.00039173242052605717,78166,1.4011369039593963e-06
250,negative,14,-1.8197564932585404e-05,-1.819516332463869e-05,-0.0001510667951107619,0.0003866132880263641,78167,1.3828180972893562e-06
250,negative,13,-1.6784316714128716e-05,-1.6782853793984774e-05,-0.0001424642799577815,0.000390309348036319,78166,1.3960469004827784e-06
250,negative,12,-1.5394387173524858e-05,-1.5393260441132758e-05,-0.00013463621893644774,0.00040333274952883576,78166,1.442628616700549e-06
250,negative,11,-1.4037396295789072e-05,-1.403464983077152e-05,-0.0001248405404998916,0.00039425853830091483,78167,1.4101632268163946e-06
250,negative,10,-1.2716194972262429e-05,-1.2716783222357384e-05,-0.00011662562651615357,0.0003760071710488194,78166,1.3448912979997527e-06
250,negative,9,-1.1422638952178864e-05,-1.1421234645699051e-05,-0.00010907846240068743,0.0003892254464448385,78166,1.3921700334161105e-06
250,negative,8,-1.0152144407634761e-05,-1.015107345781476e-05,-9.877594109112856e-05,0.0003840489210385489,78167,1.3736460041703e-06
250,negative,7,-8.901195588017445e-06,-8.900525705352322e-06,-8.849649338873308e-05,0.00041084404973743357,78166,1.4694948125207754e-06
250,negative,6,-7.673357325028786e-06,-7.672260002297067e-06,-7.853352160121624e-05,0.0003746311749656855,78166,1.3399696760181117e-06
250,negative,5,-6.4642884553686925e-06,-6.464124729564184e-06,-6.986234315205697e-05,0.0004111116530418383,78167,1.4704425622174422e-06
250,negative,4,-5.269069373080335e-06,-5.266741410256013e-06,-5.399330638827225e-05,0.0004089034101099497,78166,1.4625535902555818e-06
250,negative,3,-4.0900669667626564e-06,-4.09024264790568e-06,-4.400235943955029e-05,0.00038832931161667417,78166,1.3889647649397914e-06
250,negative,2,-2.9144200494306262e-06,-2.9138616994266478e-06,-3.434949317383407e-05,0.0003818347629631748,78167,1.3657265198904998e-06
250,negative,1,-1.7476128004733562e-06,-1.7476555425857734e-06,-2.1228487888115475e-05,0.00039803433375022593,78166,1.423677400281031e-06
250,negative,0,-5.820435805030169e-07,-5.830653042321858e-07,-8.228977577645314e-06,0.0003926608748894982,78167,1.4044487882621427e-06
250,positive,0,5.777612732423393e-07,5.768444989453323e-07,2.0099194067357793e-06,0.0003767069684419436,77476,1.353380948838125e-06
250,positive,1,1.7373151635909416e-06,1.7379933910404066e-06,1.5930764605402123e-05,0.00041077356493292403,77475,1.4757802521597757e-06
250,positive,2,2.895704816257347e-06,2.894875848433275e-06,2.592999585853999e-05,0.00039970068952209785,77475,1.4359988926446102e-06
250,positive,3,4.061645200273476e-06,4.062359411451049e-06,3.76151387064433e-05,0.00039283675344553196,77475,1.4113389286677727e-06
250,positive,4,5.238809613667865e-06,5.2381333105949955e-06,4.9962978329680784e-05,0.0003995824375139048,77475,1.435574050363199e-06
250,positive,5,6.43010944619746e-06,6.430683939303672e-06,6.134233550034788e-05,0.0003907625686783217,77475,1.4038870350210152e-06
250,positive,6,7.635996166688562e-06,7.635819591482266e-06,7.231152389124792e-05,0.0004133175839749946,77475,1.4849201126179803e-06
250,positive,7,8.858381131179531e-06,8.857598455995482e-06,8.075201036912506e-05,0.0003967761909792518,77475,1.4254920889808763e-06
250,positive,8,1.0100208193117217e-05,1.0098929707418538e-05,9.242380323333163e-05,0.00041673025252330845,77476,1.497171095353568e-06
250,positive,9,1.136639760026947e-05,1.1366434706480222e-05,0.00010246309971049168,0.0003989261080686259,77475,1.433216065047343e-06
250,positive,10,1.2659120964380043e-05,1.266109547194231e-05,0.00011169947547928114,0.00039638319229218905,77475,1.4240801682756416e-06
250,positive,11,1.397513887464409e-05,1.3975369115852398e-05,0.00011920462648437475,0.00040617862171022105,77475,1.459272066028159e-06
250,positive,12,1.5315914419763147e-05,1.531490554012578e-05,0.00012838672438327109,0.0004179852398358166,77475,1.5016895323940648e-06
250,positive,13,1.668882260190619e-05,1.6686225032156946e-05,0.0001389832591736008,0.00041171533535270535,77475,1.479163737140871e-06
250,positive,14,1.8096919067348404e-05,1.8092403336316557e-05,0.00014543899535061794,0.00039869495948835785,77475,1.4323856208824901e-06
250,positive,15,1.9542121643150014e-05,1.9539672578705136e-05,0.00015450855511976502,0.0004929894267165531,77475,1.771155990991436e-06
250,positive,16,2.1028295037942336e-05,2.1026620289049998e-05,0.0001626186096807689,0.0003967474879430793,77475,1.4253889679975012e-06
250,positive,17,2.2561236326525735e-05,2.2558498526393035e-05,0.00016921908687360544,0.0003951734176681863,77476,1.419724666021937e-06
250,positive,18,2.4135925077504435e-05,2.4132652777492022e-05,0.00017688747097512915,0.00042623973557210125,77475,1.5313453399705216e-06
250,positive,19,2.5757063790218168e-05,2.5757566166480246e-05,0.0001820283569251934,0.0004062943383832662,77475,1.459687799647613e-06
250,positive,20,2.743272591914295e-05,2.7430441899878238e-05,0.00018966428448259108,0.00040166214346074405,77475,1.4430457798722431e-06
250,positive,21,2.9171315247749054e-05,2.916582842409333e-05,0.00019859504851870634,0.0004308124044327081,77475,1.5477735013232402e-06
250,positive,22,3.096675560178562e-05,3.0963588504888256e-05,0.00020590592251485253,0.00039812753767492706,77475,1.4303470527310986e-06
250,positive,23,3.282550417531714e-05,3.28233996504127e-05,0.00021043561130808504,0.0004187130576726106,77475,1.5043043530213016e-06
250,positive,24,3.475580858341011e-05,3.4751759926293076e-05,0.00021947920631048602,0.00039101455356422497,77475,1.4047923374800952e-06
250,positive,25,3.67506373131539e-05,3.674688680557255e-05,0.00022356829980556495,0.00041077366486274116,77476,1.4757710870308167e-06
250,positive,26,3.8826404500344966e-05,3.882045111964195e-05,0.00023044588984302874,0.00039818632045329533,77475,1.430558240769689e-06
250,positive,27,4.0986711460091135e-05,4.0979518431941394e-05,0.00023763319082467437,0.00039951143504395807,77475,1.4353189608152163e-06
250,positive,28,4.324105534943484e-05,4.3234397968864046e-05,0.0002445061180016539,0.0004311661186897786,77475,1.5490442854243965e-06
250,positive,29,4.560178152869415e-05,4.5597448511075993e-05,0.0002471419398714781,0.00039922739107548183,77475,1.434298480153344e-06
250,positive,30,4.807019609050659e-05,4.8062710124534196e-05,0.00025400282833916194,0.00039728509479834044,77475,1.4273204203794227e-06
250,positive,31,5.064042279707321e-05,5.0635811940260244e-05,0.0002615355751504406,0.0004033147348998393,77475,1.4489830212599728e-06
250,positive,32,5.333059349910526e-05,5.331803333953389e-05,0.0002662034699978307,0.000397573788055675,77475,1.4283576044742064e-06
250,positive,33,5.618363705285579e-05,5.618241477393733e-05,0.00027026530818110553,0.00041438796262772444,77475,1.4887656465395462e-06
250,positive,34,5.917827212309359e-05,5.91707852905104e-05,0.0002789370631745475,0.00040710285815883393,77476,1.462583117929839e-06
250,positive,35,6.234490112218945e-05,6.233842457777765e-05,0.00028765913911166447,0.000406166394241749,77475,1.4592281365788335e-06
250,positive,36,6.570284826430906e-05,6.569540827458477e-05,0.00028920943378991985,0.0003981969002724215,77475,1.4305962507330137e-06
250,positive,37,6.925528801159523e-05,6.924619244658823e-05,0.00029378165160056486,0.00039260841285531696,77475,1.4105185727282155e-06
250,positive,38,7.3021071959246e-05,7.3003802058214e-05,0.00030245163829533523,0.00039470968600287005,77475,1.4180677864076762e-06
250,positive,39,7.705445046706233e-05,7.704576123110657e-05,0.00030561712110756153,0.00039730356453162495,77475,1.4273867763233559e-06
250,positive,40,8.139253916065243e-05,8.138561201200289e-05,0.0003136695561870015,0.00040113726441148254,77475,1.4411600544950537e-06
250,positive,41,8.601755578645667e-05,8.600034672220863e-05,0.00032127495311173843,0.0003970954145537651,77475,1.426638958905107e-06
250,positive,42,9.102493522294057e-05,9.10067456628866e-05,0.0003274516324809701,0.0004054149999150185,77476,1.4565192131367658e-06
250,positive,43,9.646993850134255e-05,9.64345719942221e-05,0.0003323399363091024,0.0004171187198361279,77475,1.49857639851007e-06
250,positive,44,0.00010242906165533025,0.00010240988849327409,0.00033597685088405173,0.0004109598698427572,77475,1.4764495871177278e-06
250,positive,45,0.00010889650547056818,0.00010886395260279534,0.0003433990169117283,0.0003993499676417064,77475,1.434738859211917e-06
250,positive,46,0.0001160269967497599,0.00011599138850804184,0.0003502701961660975,0.00041708578291680423,77475,1.4984580665158658e-06
250,positive,47,0.00012396396573019107,0.00012392756243674816,0.00035644573962626696,0.00039279134222335233,77475,1.4111757804259182e-06
250,positive,48,0.00013286587014074672,0.00013283153987230127,0.00036295780383206695,0.0004015672677917718,77475,1.442704921427025e-06
250,positive,49,0.00014294714484719946,0.00014286129172431852,0.0003678504464062387,0.0004061205843032721,77475,1.459063555874698e-06
250,positive,50,0.00015455535301705202,0.0001544538650548184,0.00037475839505910863,0.00040752461899237356,77475,1.4641078110177027e-06
250,positive,51,0.00016801274436968947,0.00016791992519939107,0.00038675966211653513,0.00041605295568421436,77476,1.4947377964885923e-06
250,positive,52,0.00018387953607089912,0.00018372613494594092,0.00039265399439508285,0.00043481477698314796,77475,1.562152767361672e-06
250,positive,53,0.00020314498525903936,0.00020292724148091119,0.00040251580193318684,0.0004802179230593889,77475,1.7252719943162678e-06
250,positive,54,0.00022730072964200298,0.00022703926930011056,0.00041041787516761074,0.0004333091631571185,77475,1.5567435703209718e-06
250,positive,55,0.00025862555813230536,0.0002581606302894227,0.00042177804668179063,0.00041198579260191636,77475,1.4801354049927304e-06
250,positive,56,0.00030184733159260943,0.00030091815812701263,0.0004368512207546708,0.00043920668844673276,77475,1.5779315242255684e-06
250,positive,57,0.0003673356560782757,0.0003654299411323565,0.0004526722177014587,0.00043338200309838223,77475,1.5570052613256086e-06
250,positive,58,0.0004888945875080824,0.00048220352629459537,0.00049055694950383,0.00048603817670926804,77475,1.7461823355171554e-06
250,positive,59,0.0010463876207790137,0.0008292795343078155,0.0006092413790162675,0.0006831925764101843,77476,2.454480258555867e-06
500,negative,59,-0.0016170824462916442,-0.001317616863796299,-0.0008476535557322686,0.000842219834806831,39161,4.255970200889621e-06
500,negative,58,-0.0008025658872042677,-0.0007927926121321232,-0.0006974455276181526,0.0006500054887400641,39161,3.2846578484189946e-06
500,negative,57,-0.000613329943012981,-0.0006103901632622133,-0.0006523522648734965,0.0006116028761532817,39161,3.0905988058138766e-06
500,negative,56,-0.0005086761961798016,-0.0005072202742809057,-0.0006311613618648796,0.0006017884816396647,39161,3.0410039508087e-06
500,negative,55,-0.0004393846903906441,-0.0004385290827844905,-0.0006073408389294433,0.0006179492090039046,39161,3.122668584250492e-06
500,negative,54,-0.00038884652993796524,-0.00038844383317258397,-0.0005908529319539527,0.0005782933178414639,39161,2.922276377724295e-06
500,negative,53,-0.0003494901653017023,-0.0003490856228195933,-0.0005754594526944433,0.0005966694028207752,39161,3.0151358270614173e-06
500,negative,52,-0.00031775451669152546,-0.00031750484490996716,-0.000556453627223163,0.0005728516621638452,39161,2.894778183725149e-06
500,negative,51,-0.00029146937612496774,-0.000291229594518909,-0.000553587718998936,0.0005683669765482594,39161,2.8721158246218766e-06
500,negative,50,-0.00026918222275652994,-0.000269120650578725,-0.0005412522175169443,0.0005753394798748418,39161,2.907349815982748e-06
500,negative,49,-0.00024983417158677717,-0.0002497195879686181,-0.0005302067423789377,0.0005697411050060677,39161,2.879059676484458e-06
500,negative,48,-0.00023301072479313,-0.00023294574604284634,-0.0005226399183182847,0.0005883516237020636,39161,2.9731037843525945e-06
500,negative,47,-0.00021793187257381722,-0.00021786331869756286,-0.0005179744224774638,0.0005705243376009946,39161,2.8830175678171154e-06
500,negative,46,-0.00020434054305603228,-0.00020426687628755116,-0.0005058302042322063,0.0005603829583152629,39161,2.831770368152324e-06
500,negative,45,-0.000192183812598158,-0.0001921503058850195,-0.000500801772876179,0.0005531728499956364,39161,2.795335692922246e-06
500,negative,44,-0.0001810862816460505,-0.0001810370549123077,-0.000483154277812127,0.0005595751173533572,39161,2.8276881239224463e-06
500,negative,43,-0.00017088778227446116,-0.00017084253493853814,-0.0004771077880785134,0.0005721369500287534,39161,2.891166545262772e-06
500,negative,42,-0.0001615493883207815,-0.00016150400901540773,-0.0004669359788242335,0.0005585866367628947,39161,2.8226930575949824e-06
500,negative,41,-0.00015286996309073182,-0.00015282984961003873,-0.0004606587480667398,0.0005771287085523,39161,2.9163912842777636e-06
500,negative,40,-0.00014486912755543347,-0.0001448287525804327,-0.0004497988021346697,0.0005485384142269049,39161,2.7719166047999843e-06
500,negative,39,-0.00013740452499101574,-0.0001373699269628513,-0.00044135519573417696,0.0005428327203118501,39161,2.743084152423177e-06
500,negative,38,-0.00013037307594821395,-0.00013035787359726357,-0.000439911022872293,0.0005435434303015208,39161,2.746675566935763e-06
500,negative,37,-0.0001237794097127594,-0.0001237636446037628,-0.00042920590258316635,0.0005432779303269987,39161,2.7453339219955647e-06
500,negative,36,-0.00011754463639731891,-0.00011752455279059549,-0.0004195035032307352,0.0005619561263814628,39161,2.8397200223091553e-06
500,negative,35,-0.00011168338589147173,-0.00011167146520542749,-0.0004106601240772091,0.0005462170004917053,39161,2.7601858579419367e-06
500,negative,34,-0.00010611230765411223,-0.0001060920556276012,-0.00040225560256430815,0.0005506402425920929,39161,2.782537725937171e-06
500,negative,33,-0.00010082379927559319,-0.000100812061617746,-0.00038852784366560076,0.0005424648237927157,39161,2.7412250693693965e-06
500,negative,32,-9.577503775606776e-05,-9.576909783710297e-05,-0.0003891289662070978,0.0005521939453285742,39161,2.7903890163891722e-06
500,negative,31,-9.10117687923283e-05,-9.100076796612745e-05,-0.0003762642212582391,0.0005375212641673694,39161,2.716243892742726e-06
500,negative,30,-8.647600388841719e-05,-8.646870137345615e-05,-0.0003721687076442925,0.0005540482980331158,39161,2.799759574438637e-06
500,negative,29,-8.215612898236464e-05,-8.215283027892249e-05,-0.00036653691702036057,0.0005448971125271257,39161,2.7535160983214547e-06
500,negative,28,-7.799190979119706e-05,-7.799364157442787e-05,-0.0003569194228063276,0.0005523330619688736,39161,2.791092011321247e-06
500,negative,27,-7.401340019073104e-05,-7.400427515600275e-05,-0.00034398384239727104,0.0005511398110130725,39161,2.785062183596711e-06
500,negative,26,-7.017935964419484e-05,-7.016637293801251e-05,-0.00034171849740834045,0.000538176025681109,39161,2.719552584103342e-06
500,negative,25,-6.648592409542565e-05,-6.647999718572154e-05,-0.00032928375059570987,0.0005410882761356733,39161,2.734268992622735e-06
500,negative,24,-6.291666094007957e-05,-6.290488684369327e-05,-0.00032478875270461777,0.0005527349796929796,39161,2.793123012950883e-06
500,negative,23,-5.946651573325968e-05,-5.9456962925752916e-05,-0.00030942579238294653,0.0005798532978094351,39161,2.93015938876641e-06
500,negative,22,-5.6148600114320466e-05,-5.61425091624559e-05,-0.0003040248601622818,0.000553162233688665,39161,2.7952820457813855e-06
500,negative,21,-5.293939557088081e-05,-5.294059410959104e-05,-0.0002959398824444703,0.0005433419136529192,39161,2.7456572474709544e-06
500,negative,20,-4.9831671031207425e-05,-4.982236198880309e-05,-0.00028420900073143656,0.0005500477588670278,39161,2.7795437414996427e-06
500,negative,19,-4.683111409041021e-05,-4.682286690313029e-05,-0.0002750614018792736,0.0005477675774268988,39161,2.7680213528538846e-06
500,negative,18,-4.391546651348437e-05,-4.3911098646070174e-05,-0.00026262462669676944,0.0005492171547969101,39161,2.775346468976407e-06
500,negative,17,-4.1082011514941226e-05,-4.1078840521861695e-05,-0.0002560025467066241,0.0005411177575832092,39161,2.7344179705463204e-06
500,negative,16,-3.832760217102055e-05,-3.83257908486025e-05,-0.00024705028668356503,0.0005375206791617711,39161,2.7162409365473347e-06
500,negative,15,-3.561849417660849e-05,-3.5616000762108454e-05,-0.0002343253515777092,0.0006115951717248884,39161,3.0905598732023398e-06
500,negative,14,-3.299546580563561e-05,-3.299907159789991e-05,-0.00022388856711560247,0.000539121842102465,39161,2.7243320565622475e-06
500,negative,13,-3.0437824653228872e-05,-3.043895324069363e-05,-0.00021248051455821732,0.0005398570033001305,39161,2.7280470298041593e-06
500,negative,12,-2.795263578387554e-05,-2.795474814428007e-05,-0.0001970357523092182,0.0005439529020652226,39161,2.7487447412206695e-06
500,negative,11,-2.5525751764264846e-05,-2.5525929726317432e-05,-0.0001859270101908746,0.000537880095036995,39161,2.7180571645574844e-06
500,negative,10,-2.3128775264271457e-05,-2.313100089602203e-05,-0.0001739355303423153,0.0005296764922691015,39161,2.676602086587137e-06
500,negative,9,-2.0780122644125684e-05,-2.0780638000831074e-05,-0.00016273852577749175,0.0005266347601670406,39161,2.6612313714241183e-06
500,negative,8,-1.84787045291538e-05,-1.8475620355709095e-05,-0.00015091317285090443,0.0005424269624666446,39161,2.7410337455975436e-06
500,negative,7,-1.6200839444649464e-05,-1.619509908466966e-05,-0.00013200661792484809,0.000535183259501529,39161,2.7044293073148726e-06
500,negative,6,-1.3965464775371156e-05,-1.3959903211702236e-05,-0.00011755135046893678,0.0005298781125449092,39161,2.6776209297089323e-06
500,negative,5,-1.1774222879754543e-05,-1.1778969695174894e-05,-0.00010651463951149728,0.000527429625027724,39161,2.6652480438188956e-06
500,negative,4,-9.59756050267668e-06,-9.597038711689715e-06,-8.239688043419158e-05,0.0005278424728147362,39161,2.6673342780850717e-06
500,negative,3,-7.437022343034199e-06,-7.438632855253515e-06,-6.686628720297755e-05,0.00054369892587198,39161,2.7474613291404687e-06
500,negative,2,-5.297630244348005e-06,-5.3029619365380665e-06,-5.210803670450861e-05,0.0005408849676526491,39161,2.7332416185220793e-06
500,negative,1,-3.1634084617255614e-06,-3.161652263967705e-06,-3.079872953607228e-05,0.000537685638921241,39161,2.717074523921599e-06
500,negative,0,-1.052443113329324e-06,-1.0515198208113954e-06,-1.629172893379365e-05,0.0005175480407540275,39161,2.6153136603380345e-06
500,positive,0,1.0495349358892438e-06,1.0464365862760235e-06,1.667852501584827e-06,0.0005386025983456779,38660,2.7392868923028783e-06
500,positive,1,3.1495105516504577e-06,3.1498759327253766e-06,2.067301757749084e-05,0.0005422373902270806,38660,2.757773133898365e-06
500,positive,2,5.262433400116685e-06,5.260974557418327e-06,3.809169265351774e-05,0.0005328323620350955,38660,2.7099399624150207e-06
500,positive,3,7.393685198731222e-06,7.391131361024504e-06,5.768181344470101e-05,0.000549892121574512,38660,2.796704444865902e-06
500,positive,4,9.538772893526077e-06,9.539544265161448e-06,7.683420639497902e-05,0.0005552874148367917,38660,2.824144446378868e-06
500,positive,5,1.1700041297305753e-05,1.1700694577646283e-05,8.93743654013189e-05,0.0005498443688740293,38660,2.796461578702786e-06
500,positive,6,1.389332407393734e-05,1.3894903878342463e-05,0.00010288883984222034,0.0005622602104577624,38659,2.8596444751626534e-06
500,positive,7,1.6093450971660924e-05,1.6089691826468215e-05,0.00012355783511347818,0.0005788165186938474,38660,2.943811462433439e-06
500,positive,8,1.834442030435752e-05,1.8339527933289155e-05,0.0001398904756874464,0.0005414524657222622,38660,2.7537810747918915e-06
500,positive,9,2.0653686418461313e-05,2.065282886961211e-05,0.00015606830547048952,0.0005538165819834713,38660,2.816663915894529e-06
500,positive,10,2.298037203593652e-05,2.2982507305283608e-05,0.00016346450503655727,0.0005329805334226528,38660,2.7106935494585976e-06
500,positive,11,2.533546398867706e-05,2.5331475960378036e-05,0.00018094777154199757,0.0005417762910477935,38660,2.755428022787219e-06
500,positive,12,2.7765684569417692e-05,2.7760359141122408e-05,0.00019368995529383092,0.0005764465600103256,38659,2.9317959725764316e-06
500,positive,13,3.0237479578610845e-05,3.02350670306531e-05,0.00020678815843583887,0.0005465983130018869,38660,2.7799524153055916e-06
500,positive,14,3.275940804381037e-05,3.2758240733196446e-05,0.00021783059159898513,0.0005456861218496584,38660,2.7753130888815283e-06
500,positive,15,3.5349187005827724e-05,3.534914614093487e-05,0.00023165573447283036,0.0005548741805029652,38660,2.8220427717906333e-06
500,positive,16,3.800962733192612e-05,3.8012203236778916e-05,0.00024368716089830453,0.0005491441133699345,38660,2.792900138914858e-06
500,positive,17,4.0732652631980524e-05,4.072667507444959e-05,0.00025016923861162293,0.0005469668741315335,38660,2.78182688578634e-06
500,positive,18,4.3537020258632405e-05,4.354105679086817e-05,0.0002662185836005179,0.0005547937381392748,38659,2.821670142429532e-06
500,positive,19,4.6442413214551463e-05,4.644556461149164e-05,0.00027803167030138344,0.0005575842396765174,38660,2.8358259016794943e-06
500,positive,20,4.944345598509397e-05,4.944416828111644e-05,0.0002857279569506035,0.0005481690219560092,38660,2.7879409071228713e-06
500,positive,21,5.253809565661981e-05,5.253911757752773e-05,0.00029421976451595285,0.0005429915524282364,38660,2.7616087385512983e-06
500,positive,22,5.5716495462230223e-05,5.572034608408987e-05,0.000301565822512638,0.0005404536761768909,38660,2.7487013163239445e-06
500,positive,23,5.8990702014087916e-05,5.898064673509414e-05,0.0003204951508751213,0.0005544630807550111,38660,2.8199519535241438e-06
500,positive,24,6.238565914652227e-05,6.238679244243725e-05,0.00032604399637114096,0.0005509427089129702,38659,2.802083882819011e-06
500,positive,25,6.588973254279936e-05,6.588283036780966e-05,0.00033574187773844564,0.0005534858892754515,38660,2.8149820409773987e-06
500,positive,26,6.953358495076578e-05,6.953935580707628e-05,0.0003414878101708784,0.0005587945453547543,38660,2.8419814131646923e-06
500,positive,27,7.332462542329328e-05,7.331135915401518e-05,0.00035663536698005507,0.0005662923547702197,38660,2.8801146325658874e-06
500,positive,28,7.728821634942154e-05,7.72767607085142e-05,0.00036709869619899955,0.0005623818865823277,38660,2.860226324780589e-06
500,positive,29,8.141871725736846e-05,8.13998245096275e-05,0.00036842684263032856,0.0005481978237045521,38660,2.788087390360236e-06
500,positive,30,8.57308995773844e-05,8.571582196386382e-05,0.0003800113884709361,0.0005532391941706555,38659,2.813763762094277e-06
500,positive,31,9.022710549061561e-05,9.021924168785813e-05,0.00039340478474625754,0.0005753808919963291,38660,2.926338157981763e-06
500,positive,32,9.490644350804124e-05,9.490519795885348e-05,0.00039890329820790134,0.000561870970920412,38660,2.8576278512862974e-06
500,positive,33,9.985970246411584e-05,9.985035731226495e-05,0.00040818860206461233,0.0005644148334768715,38660,2.87056571935105e-06
500,positive,34,0.00010504826791098695,0.00010504679490872944,0.00041552926017457496,0.0005591225847867192,38660,2.843649793746033e-06
500,positive,35,0.0001105422614223033,0.00011052514547010203,0.00042707210410072215,0.0005522137122251595,38660,2.808511856969269e-06
500,positive,36,0.0001162970461575758,0.00011627240216213389,0.00043726857279625903,0.0005558956455155553,38659,2.8272744218754423e-06
500,positive,37,0.00012237431597731323,0.0001223652918555408,0.0004433008016624359,0.0005666328350405541,38660,2.8818462861904326e-06
500,positive,38,0.000128856558051919,0.00012885519063445856,0.00044926645753037684,0.0005609533933321506,38660,2.8529611299078346e-06
500,positive,39,0.0001357461705115228,0.00013571872758721168,0.0004621357831251541,0.0005821194974697239,38660,2.9606101308656065e-06
500,positive,40,0.00014310696768373042,0.00014306167525915793,0.00046981093809383176,0.0005526322889211543,38660,2.810640702355986e-06
500,positive,41,0.0001509730924170984,0.00015095038755974684,0.00048014062879603,0.000644371312743144,38660,3.277217555568552e-06
500,positive,42,0.00015940666036014372,0.00015938282487643033,0.00048370165012279236,0.0005607976559662797,38659,2.8522059515157678e-06
500,positive,43,0.00016859405050697815,0.00016854665067740908,0.0004887399928387429,0.0005649206119490513,38660,2.873138065536358e-06
500,positive,44,0.00017855449544526648,0.00017853681336499469,0.0005035989187513748,0.0005919806566036777,38660,3.010763145428703e-06
500,positive,45,0.00018938558509648445,0.00018935094959622367,0.0005123822931846163,0.0005650745574156019,38660,2.873921019053379e-06
500,positive,46,0.0002012804777470867,0.00020123464064196358,0.0005187131512389945,0.0005626717689924065,38660,2.8617006420020008e-06
500,positive,47,0.00021445439214050607,0.00021438974681178878,0.0005247034819675862,0.0005791885527380835,38660,2.945703595861678e-06
500,positive,48,0.00022917308351321514,0.00022909808689017464,0.0005367818126225265,0.0005992928454876894,38659,3.0479917353712804e-06
500,positive,49,0.0002457446021296875,0.0002456654317507797,0.0005507678564228034,0.0005720238515516003,38660,2.9092645365112737e-06
500,positive,50,0.00026474394507069196,0.0002645662879837563,0.0005565631943982224,0.0005588425414922131,38660,2.8422255174275117e-06
500,positive,51,0.00028662481026159493,0.00028649297357300824,0.0005691785731437709,0.000587066665212789,38660,2.9857710041963813e-06
500,positive,52,0.00031245008345780255,0.00031221290578416656,0.0005775372444929066,0.0005987658662273783,38660,3.0452721430473912e-06
500,positive,53,0.0003436216292356685,0.0003433166409680354,0.0005911363364226722,0.0005767685256289273,38660,2.9333955443233253e-06
500,positive,54,0.000382187147661168,0.00038171584883398436,0.0006050377599996912,0.0005753534617095275,38659,2.9262364959167865e-06
500,positive,55,0.00043171603737268157,0.0004310299138938111,0.0006200964742176738,0.0005833789076609729,38660,2.9670153837171846e-06
500,positive,56,0.0004998873609872838,0.0004986165665067676,0.0006349225830010425,0.000606014652054579,38660,3.0821388497111755e-06
500,positive,57,0.0006028873621900157,0.0005996481625990346,0.0006618082240364258,0.0005942188255623921,38660,3.0221462819196833e-06
500,positive,58,0.0007915840945145619,0.0007811004813613113,0.0006988079376926002,0.000638561212592425,38660,3.2476678815886706e-06
500,positive,59,0.0016068304716526135,0.001306031323031029,0.0008513217284890185,0.0009357224516202195,38660,4.75900460641985e-06
1000,negative,59,-0.0024978819727720556,-0.002069996706253911,-0.0012118163611155458,0.0010997934418515605,19642,7.84726415812034e-06
1000,negative,58,-0.001293479674466836,-0.0012775950246760525,-0.0010121352480213718,0.0008913469842250279,19641,6.360115486605228e-06
1000,negative,57,-0.000998721839017862,-0.0009941283912265307,-0.0009549678600923123,0.0008542260750973025,19641,6.095243025937871e-06
1000,negative,56,-0.0008349171212795662,-0.0008326078561121756,-0.0009185220859427481,0.0008247484615595554,19642,5.884758715204924e-06
1000,negative,55,-0.0007263605674128658,-0.0007251878748739635,-0.0008851457358450594,0.0008163355555342799,19641,5.824879088511389e-06
1000,negative,54,-0.0006452683027803153,-0.0006444860152323888,-0.0008585922501489627,0.000815030086580197,19641,5.8155640479502045e-06
1000,negative,53,-0.0005829833447394152,-0.0005823112752544157,-0.0008490723223419282,0.0008134596235213451,19642,5.804210413357503e-06
1000,negative,52,-0.0005328653940400566,-0.0005324395009859475,-0.0008307896875307422,0.0008346939937991067,19641,5.9558738521493984e-06
1000,negative,51,-0.0004906982032094483,-0.0004905364700941605,-0.0008155089519440359,0.000802411718576259,19641,5.725526970159106e-06
1000,negative,50,-0.0004546095431486528,-0.00045435790367404517,-0.000798233553354189,0.0007811687253461584,19642,5.573807868442294e-06
1000,negative,49,-0.0004232572258082061,-0.0004231250649314025,-0.0007897401507449777,0.0008209979758364124,19641,5.858147313000236e-06
1000,negative,48,-0.0003956396711838781,-0.0003955202028415285,-0.000762500586454592,0.0007807317856354282,19641,5.570832020060156e-06
1000,negative,47,-0.00037114324879976556,-0.0003710075642327903,-0.0007470943469508115,0.0007618059071108513,19642,5.435649971008103e-06
1000,negative,46,-0.0003489906647341472,-0.0003488166644945718,-0.0007439044712115383,0.0008059086056885972,19641,5.750478651459099e-06
1000,negative,45,-0.0003288156306429868,-0.000328767522698214,-0.0007283030572639384,0.0007721776841326882,19641,5.509795101324326e-06
1000,negative,44,-0.0003104486355114895,-0.00031038240676649884,-0.0007136306721132204,0.0007643761100636668,19642,5.453988925163683e-06
1000,negative,43,-0.0002936857789763951,-0.0002936120234398676,-0.0006938724050155812,0.0007653975646501601,19641,5.4614162503436915e-06
1000,negative,42,-0.00027813289763715124,-0.00027805506854488557,-0.0006810572692204261,0.0007519000222336883,19641,5.365105913209661e-06
1000,negative,41,-0.000263887533592479,-0.0002638350301591016,-0.0006719449655302388,0.0007771599981316549,19642,5.545204732441506e-06
1000,negative,40,-0.0002505007596824333,-0.00025046953763122753,-0.0006650625949260704,0.0007588075835178443,19641,5.414394112166471e-06
1000,negative,39,-0.0002378922176880636,-0.00023784490319459433,-0.0006425889018357925,0.0007864946778782581,19641,5.611952549831316e-06
1000,negative,38,-0.00022603390462109998,-0.00022596778183158413,-0.0006431602587683782,0.0007609262248244363,19641,5.429511461103633e-06
1000,negative,37,-0.00021486665849140184,-0.0002148364631791111,-0.0006214112638418343,0.0007495744629946432,19642,5.348375970852602e-06
1000,negative,36,-0.00020438875195544622,-0.00020435833180764272,-0.0006239509593188444,0.0007736178407040855,19641,5.520071191640427e-06
1000,negative,35,-0.00019455736222870234,-0.00019450494754758957,-0.0006145894601862725,0.0007798448761298126,19641,5.564503567749536e-06
1000,negative,34,-0.00018508622173174218,-0.00018501031360651965,-0.0005904806285664649,0.0007629448482247002,19642,5.443776562275886e-06
1000,negative,33,-0.00017615123147092353,-0.00017612916761767632,-0.0005852831075450447,0.0007772099675939851,19641,5.545702446658544e-06
1000,negative,32,-0.00016761448461118873,-0.00016758563848573527,-0.0005771167009248068,0.0007621446422376593,19641,5.438205354274458e-06
1000,negative,31,-0.00015948320398783176,-0.00015947705365025881,-0.0005645729759097047,0.0007891138472147107,19642,5.630498031975206e-06
1000,negative,30,-0.00015177128765319863,-0.00015177925072828188,-0.0005578131019438043,0.0007498627054566781,19641,5.350568847158051e-06
1000,negative,29,-0.0001442728401067069,-0.00014423437203510753,-0.0005340709763570149,0.000755385784445295,19641,5.3899782139152484e-06
1000,negative,28,-0.00013713746537539985,-0.00013713447389201755,-0.0005235776402728208,0.0007724496707133088,19642,5.511595527188591e-06
1000,negative,27,-0.00013026327890348202,-0.00013024230273233904,-0.0005103977174451334,0.0007480647826018942,19641,5.337739952019785e-06
1000,negative,26,-0.0001236836895717156,-0.00012366717182427388,-0.0004992256130291541,0.0007611870334339779,19641,5.4313724343339715e-06
1000,negative,25,-0.00011729768491182308,-0.00011726509099162539,-0.00048576332037349927,0.0007709887702854113,19642,5.501171686556188e-06
1000,negative,24,-0.00011114149308692563,-0.00011112993406099047,-0.00045883252234855634,0.0007405254768664996,19641,5.283944004970471e-06
1000,negative,23,-0.00010516879539466511,-0.00010515636698917591,-0.00046097901800666867,0.0007509738760694013,19641,5.358497491723316e-06
1000,negative,22,-9.943928118811506e-05,-9.943218243030778e-05,-0.0004439961531438137,0.0007533621410003272,19642,5.3754018729224174e-06
1000,negative,21,-9.3908118844034e-05,-9.391045711660217e-05,-0.00044140834661440245,0.0007583141280556087,19641,5.41087311104922e-06
1000,negative,20,-8.852590752190678e-05,-8.850943275899052e-05,-0.0004255793909595136,0.0007569302943203434,19641,5.400998906585288e-06
1000,negative,19,-8.327806444110328e-05,-8.327579320163757e-05,-0.00041007789597986003,0.0007523692779307644,19641,5.368454239371045e-06
1000,negative,18,-7.812712948327464e-05,-7.813283919513931e-05,-0.0003897915305220032,0.0007514639078500971,19642,5.361857568695181e-06
1000,negative,17,-7.311383556629504e-05,-7.31026873581279e-05,-0.0003757963071160681,0.0008018360026381894,19641,5.721419007807289e-06
1000,negative,16,-6.824057289914144e-05,-6.82268973800715e-05,-0.00036495933236606256,0.0007646672660340503,19641,5.456205279060488e-06
1000,negative,15,-6.352171268232265e-05,-6.351492856113025e-05,-0.0003406195576618142,0.0007384058200829104,19642,5.268685287237928e-06
1000,negative,14,-5.890334248288852e-05,-5.890754295491641e-05,-0.00031984528874831174,0.0007381251112913233,19641,5.266816441251315e-06
1000,negative,13,-5.437518147913876e-05,-5.438243874242751e-05,-0.0003181320117911557,0.0007361796609606883,19641,5.252934878857236e-06
1000,negative,12,-4.996160675949559e-05,-4.995646137426341e-05,-0.0002953374900197999,0.0007403671095739361,19642,5.282679512099565e-06
1000,negative,11,-4.56343292860234e-05,-4.563198875709695e-05,-0.00027337174574918117,0.0007560094143787877,19641,5.3944280616940745e-06
1000,negative,10,-4.140127839825953e-05,-4.14058019740701e-05,-0.0002502444593848314,0.0008535517632187613,19641,6.090431542309819e-06
1000,negative,9,-3.723234827889256e-05,-3.723081695427149e-05,-0.0002481412566087486,0.0007535056319953622,19642,5.3764257122175985e-06
1000,negative,8,-3.3130914901811554e-05,-3.312272782012246e-05,-0.0002126901941207875,0.0007661246688461008,19641,5.466604428167615e-06
1000,negative,7,-2.9047372374896785e-05,-2.903931284443758e-05,-0.0001873906111863812,0.0007705358488083834,19641,5.498079952838526e-06
1000,negative,6,-2.5035311958599794e-05,-2.5023200774861987e-05,-0.00017517110415347725,0.0007414580927975545,19642,5.29046391344442e-06
1000,negative,5,-2.1072254253750067e-05,-2.1075706398403094e-05,-0.00014948637304569527,0.0007154624211310114,19641,5.105109127256131e-06
1000,negative,4,-1.7175402904503164e-05,-1.7165315366505726e-05,-0.0001312196002315359,0.0007209810755500071,19641,5.144486922948113e-06
1000,negative,3,-1.3335477568228404e-05,-1.3337302934412436e-05,-0.00010125550354540813,0.0007208829287119128,19642,5.143655666065823e-06
1000,negative,2,-9.503481352343527e-06,-9.507434836963057e-06,-6.0638382552824404e-05,0.0007056469354607892,19641,5.035071730457163e-06
1000,negative,1,-5.688911316647675e-06,-5.688113016005431e-06,-4.410869128228786e-05,0.0007171887240086123,19641,5.1174269853526015e-06
1000,negative,0,-1.8963500068463086e-06,-1.8833403578033205e-06,-1.03678090015222e-05,0.0007159573991003241,19642,5.108510946603133e-06
1000,positive,0,1.8902740079096176e-06,1.8983457703565855e-06,7.916141549261434e-06,0.0007112381888267025,19270,5.123588120458167e-06
1000,positive,1,5.639139112399891e-06,5.635782542929169e-06,3.696883295432039e-05,0.0006996445027042774,19269,5.040200786090151e-06
1000,positive,2,9.416225611214595e-06,9.414180538383395e-06,5.534129352454041e-05,0.000755689433955428,19269,5.443945409904932e-06
1000,positive,3,1.320930640318497e-05,1.3207184213743474e-05,9.082178409115556e-05,0.0007463442283979819,19269,5.376623059461592e-06
1000,positive,4,1.7030808125351015e-05,1.7036812808779925e-05,0.00010500402730032739,0.0007048361530618242,19269,5.077601151721657e-06
1000,positive,5,2.0895182275848358e-05,2.0885461406293338e-05,0.00013590759811578316,0.0007343619478021047,19269,5.290303364466404e-06
1000,positive,6,2.4834220699348912e-05,2.4820279714838388e-05,0.00017405439405330524,0.0007064302598570505,19269,5.089085010011624e-06
1000,positive,7,2.8807554768168704e-05,2.8788385889780226e-05,0.00018287966916550683,0.0007238788320869864,19269,5.214783571394656e-06
1000,positive,8,3.285025501197274e-05,3.286258052766868e-05,0.00020177462299777,0.0007360401094306287,19269,5.3023927491847575e-06
1000,positive,9,3.691791574511436e-05,3.692331036204403e-05,0.00023093026629816067,0.0007201865630454767,19270,5.188050046947743e-06
1000,positive,10,4.100987769694365e-05,4.10187637182673e-05,0.00025118938254323084,0.0007409477265777155,19269,5.337746955080707e-06
1000,positive,11,4.521911282952176e-05,4.5232476343222214e-05,0.0002762167324495185,0.0007369324805367089,19269,5.30882134189572e-06
1000,positive,12,4.948231053835065e-05,4.948088334913424e-05,0.0002781541355398171,0.0007632361229893231,19269,5.49831134553938e-06
1000,positive,13,5.38589881715912e-05,5.384643106458228e-05,0.0003121832122384223,0.0007509853216179178,19269,5.410057241542667e-06
1000,positive,14,5.8358176195183226e-05,5.8355099270847394e-05,0.0003274448539981371,0.0007653085754303243,19269,5.513241179736453e-06
1000,positive,15,6.29487760349169e-05,6.293501175646514e-05,0.00034010740125317004,0.000756450454110721,19269,5.449427757540213e-06
1000,positive,16,6.764040923824199e-05,6.765180509345527e-05,0.00036552223825982237,0.0007467374368417811,19269,5.379455711615469e-06
1000,positive,17,7.244644855515853e-05,7.244314750535428e-05,0.00037364386842639265,0.0007445010475181242,19269,5.363344885069229e-06
1000,positive,18,7.739926578290101e-05,7.739471440105456e-05,0.0003996036252649497,0.0007664411143450041,19269,5.521399928223697e-06
1000,positive,19,8.248865239243639e-05,8.248637862018322e-05,0.0004055162043452331,0.0007508712477616846,19270,5.409095104091425e-06
1000,positive,20,8.7658363105674e-05,8.765186235915256e-05,0.0004116250572244753,0.0007634498003896178,19269,5.499850665861017e-06
1000,positive,21,9.302312623638949e-05,9.300637989644039e-05,0.0004357808144928658,0.0007527682692504677,19269,5.42290149891109e-06
1000,positive,22,9.85664523916555e-05,9.856614420678108e-05,0.0004586329860765947,0.0007597019380399715,19269,5.472851270185312e-06
1000,positive,23,0.00010432160975175877,0.00010429043107505489,0.0004717024855313808,0.0008006892704729572,19269,5.768121774491399e-06
1000,positive,24,0.00011028076438363898,0.00011028167607312626,0.0004921633065433061,0.0008072159641064522,19269,5.815139718968861e-06
1000,positive,25,0.00011634483400755305,0.00011634538277997347,0.0005104890157726221,0.0007880163266809876,19269,5.6768265795524344e-06
1000,positive,26,0.00012267783884268435,0.00012267990510529176,0.0005211058511299398,0.0007710744091880193,19269,5.554777931223348e-06
1000,positive,27,0.00012922671958228614,0.00012921238964442347,0.0005299007959522812,0.0007653386238270863,19269,5.51345764674562e-06
1000,positive,28,0.00013603177166325855,0.00013605411600650996,0.0005342946811618278,0.0007785893549823173,19269,5.608915190293409e-06
1000,positive,29,0.00014306322446787207,0.0001430426039847671,0.0005441703271501994,0.0007671784072602342,19270,5.526567942301948e-06
1000,positive,30,0.00015046521183516187,0.0001504679727034592,0.0005688570043831879,0.0008105284966735229,19269,5.839003022666618e-06
1000,positive,31,0.0001581270623429992,0.00015812259411505006,0.0005795015035259362,0.0007805401446288984,19269,5.622968572364146e-06
1000,positive,32,0.00016612446373995152,0.00016612431302992094,0.0006034348901360042,0.0007883197399917408,19269,5.67901235247205e-06
1000,positive,33,0.00017444784008421472,0.00017443208447678267,0.0005995526618750739,0.000808543642184366,19269,5.82470423933043e-06
1000,positive,34,0.00018328921895548433,0.00018329031682722555,0.0006198300602224111,0.000787226438873707,19269,5.671136270928855e-06
1000,positive,35,0.0001924965536344532,0.0001924638582527419,0.00062343077545131,0.0007787385976340037,19269,5.609990326205204e-06
1000,positive,36,0.00020220867392103877,0.00020220088097110296,0.0006316071441931981,0.0007908560997762015,19269,5.697284149834901e-06
1000,positive,37,0.00021250301120847082,0.0002124989604217949,0.0006521236480400009,0.0007819629363163431,19269,5.633218285974106e-06
1000,positive,38,0.0002233289981248477,0.00022330547474665185,0.0006691745811834963,0.0008662790611478706,19269,6.240627044298281e-06
1000,positive,39,0.00023475279035775292,0.0002347389544628644,0.0006753871259577474,0.0007873808320084584,19270,5.67210133051217e-06
1000,positive,40,0.0002470142841041473,0.0002469896548259568,0.00069017424840939,0.0007910813984485848,19269,5.698907189165965e-06
1000,positive,41,0.0002602119100711954,0.0002602054802145894,0.0006961211185691448,0.0008043313129382546,19269,5.794358849499654e-06
1000,positive,42,0.00027420917089140983,0.0002742038694801033,0.0007173345098871406,0.000805941113701819,19269,5.805955766280397e-06
1000,positive,43,0.00028954582552913707,0.00028946571514119017,0.0007343075175668925,0.0008035441685957341,19269,5.788688304646369e-06
1000,positive,44,0.0003061428820706726,0.0003060382380007534,0.0007391018483703423,0.0008340131290998585,19269,6.008185032042437e-06
1000,positive,45,0.0003240315499506423,0.00032394667342911714,0.000743827993815098,0.0007840725283215725,19269,5.648415671563486e-06
1000,positive,46,0.0003436504030095897,0.00034353961845513435,0.0007682762769660753,0.0008033670053908097,19269,5.787412030593941e-06
1000,positive,47,0.00036535708396246916,0.0003653440078835122,0.000782220266086498,0.0007936145948682117,19269,5.717156197821323e-06
1000,positive,48,0.0003895113897426878,0.00038934248831326617,0.0007956950603215525,0.0008021989185716784,19269,5.778997196944493e-06
1000,positive,49,0.00041660539488374106,0.0004163655253557385,0.0008060874227077521,0.0007995232609981196,19270,5.759572456082023e-06
1000,positive,50,0.00044753832689343337,0.0004474167452745512,0.0008284625155883589,0.0008212345266295017,19269,5.916128677754967e-06
1000,positive,51,0.00048282688527052545,0.000482520616059498,0.0008382680305807431,0.0008272948244257052,19269,5.959786732092994e-06
1000,positive,52,0.0005241232753902493,0.0005236465662765156,0.0008574723839220057,0.0008460972873902625,19269,6.0952386483849e-06
1000,positive,53,0.0005741555985678697,0.0005734367736094051,0.0008624984068504546,0.0008013376778930521,19269,5.7727928661327065e-06
1000,positive,54,0.0006352890781840941,0.0006343095788721646,0.0008920842102523098,0.00081522198580902,19269,5.872814662061771e-06
1000,positive,55,0.0007145410055263611,0.0007132530028811991,0.0008950274065282958,0.0008139418216489061,19269,5.863592429369038e-06
1000,positive,56,0.0008224048302331681,0.0008201121460459699,0.0009373140015703165,0.0008654211953572707,19269,6.234447025995517e-06
1000,positive,57,0.0009842478077914673,0.0009794958005391497,0.0009603969657300471,0.0008910485837962118,19269,6.419065332658584e-06
1000,positive,58,0.0012760833951748311,0.0012593041587430766,0.001021951930759,0.0009475783714214595,19269,6.826302835311717e-06
1000,positive,59,0.002494488868572594,0.0020554086285812503,0.0012118773050049884,0.0011788938405448647,19270,8.492466478299152e-06
2000,negative,59,-0.003874565257361211,-0.0032362631120459017,-0.001759226896027324,0.0015228018303241127,9849,1.5344308497722313e-05
2000,negative,58,-0.002062913331066236,-0.002040041391372879,-0.0014884280030661111,0.0012967090309201007,9848,1.3066778086751705e-05
2000,negative,57,-0.0016085709485212372,-0.0016024229652640367,-0.001406726063651408,0.001232306125257382,9848,1.2417797894302808e-05
2000,negative,56,-0.0013570260643166882,-0.0013550203169193779,-0.0013480116892316404,0.0011924881777180436,9848,1.2016557313756166e-05
2000,negative,55,-0.0011860818334826248,-0.001184651558109982,-0.0013091725494192873,0.001178752931919948,9848,1.187814892410891e-05
2000,negative,54,-0.001059077013704854,-0.0010581986293046685,-0.0012576373070086486,0.0010899566352327024,9848,1.0983359517950222e-05
2000,negative,53,-0.0009593133590724747,-0.0009586909676498672,-0.0012354268787708386,0.0011327691292831808,9849,1.141419627314076e-05
2000,negative,52,-0.0008784623818238939,-0.0008781617691954674,-0.001218574002157891,0.0011158525564225258,9848,1.1244309544109393e-05
2000,negative,51,-0.0008105343106447558,-0.0008103312807852326,-0.0011928273995401287,0.00111414381366988,9848,1.1227090752673718e-05
2000,negative,50,-0.0007521389936792809,-0.000751854235207707,-0.0011672494248066057,0.0011339533735741198,9848,1.1426709261601082e-05
2000,negative,49,-0.0007018607915456895,-0.0007015590362159153,-0.0011190068170808122,0.001047771814516453,9848,1.055826824628883e-05
2000,negative,48,-0.0006567277834833531,-0.0006564713280786995,-0.001110352765620208,0.001061620628295232,9848,1.0697821046567896e-05
2000,negative,47,-0.000617368397033746,-0.0006170938645452331,-0.0010878450646568606,0.0010682779847282868,9848,1.0764906411966648e-05
2000,negative,46,-0.000581948235928618,-0.0005817937782034287,-0.0010765121732708822,0.0010932791864725034,9849,1.1016281158397646e-05
2000,negative,45,-0.0005502526015237115,-0.0005501241246568919,-0.0010661994393319598,0.0010659795357289695,9848,1.074174522290908e-05
2000,negative,44,-0.0005211354093466912,-0.0005211592452610361,-0.0010276586576688346,0.001088574899939739,9848,1.0969435940634673e-05
2000,negative,43,-0.0004937025092600223,-0.0004937603879962701,-0.0010105227720130041,0.0010696258097973243,9848,1.0778488280108938e-05
2000,negative,42,-0.00046869555794980396,-0.00046862627810215365,-0.0010018243883998205,0.0011377527468999268,9848,1.1464995081267054e-05
2000,negative,41,-0.00044559015419098116,-0.00044557811498518746,-0.0009809436503040825,0.0010864802951747507,9848,1.0948328864960084e-05
2000,negative,40,-0.0004236259624242534,-0.00042355301505389207,-0.0009704393969700236,0.001090130809063258,9848,1.0985114646308335e-05
2000,negative,39,-0.0004030393180100323,-0.0004029328390435245,-0.0009644686390575192,0.0010564956754520452,9849,1.0645637040766693e-05
2000,negative,38,-0.0003837164614025289,-0.0003835894310042729,-0.0009567908550202307,0.00107547609797128,9848,1.0837440917508545e-05
2000,negative,37,-0.0003653952253332973,-0.00036533989469009014,-0.000927492768285544,0.0010801170120900599,9848,1.0884206840675394e-05
2000,negative,36,-0.0003482385706101504,-0.00034815625655431454,-0.0008943684285041243,0.0010604292205480285,9848,1.0685815376620106e-05
2000,negative,35,-0.0003320384854504588,-0.00033203156035552315,-0.0008897480742353976,0.001050389768723994,9848,1.0584649050197433e-05
2000,negative,34,-0.00031662031486121597,-0.00031661404753746653,-0.0008296519677636766,0.0009964684431081293,9848,1.004129045612175e-05
2000,negative,33,-0.000301827522699241,-0.0003018410953348838,-0.0008503754729758978,0.0010341356674616027,9849,1.0420329417814953e-05
2000,negative,32,-0.0002875705572006111,-0.0002875129936756549,-0.0008268407625233479,0.0010275936300744907,9848,1.0354935153043092e-05
2000,negative,31,-0.0002740800626036022,-0.0002740513643354204,-0.0008315327807104134,0.0010765937872522853,9848,1.0848703735501317e-05
2000,negative,30,-0.0002611133804411284,-0.0002610694734707659,-0.0007866116848823129,0.0011154725760252435,9848,1.1240480528185072e-05
2000,negative,29,-0.00024843440706125933,-0.00024841027512484594,-0.0007659709022657654,0.0010371057229676245,9848,1.0450787348108747e-05
2000,negative,28,-0.00023631554383040306,-0.0002362634705060302,-0.0007658536108459689,0.0010849338604934037,9848,1.0932745632079783e-05
2000,negative,27,-0.00022471891622157737,-0.00022464358735703045,-0.0007627677689738028,0.001027705975413833,9848,1.0356067243267856e-05
2000,negative,26,-0.00021351250848004836,-0.00021351805456046487,-0.000723028476029491,0.0010306242303766248,9849,1.038494689276849e-05
2000,negative,25,-0.00020258584867985661,-0.00020256538400415623,-0.0007007991425769625,0.001020069211381627,9848,1.0279112507447965e-05
2000,negative,24,-0.0001921120494784892,-0.00019206168549852225,-0.0006889728205282729,0.0010608178183087462,9848,1.0689731228660332e-05
2000,negative,23,-0.0001820226844292352,-0.00018201005139101105,-0.0006588993434884518,0.0010436302414263742,9848,1.0516534121510101e-05
2000,negative,22,-0.00017215762622504083,-0.00017212228187615778,-0.0006557416066891193,0.0010219049387912048,9848,1.0297610907718765e-05
2000,negative,21,-0.00016254186275368063,-0.00016251281690921092,-0.0006266484267831903,0.001041825962804194,9848,1.0498352626818135e-05
2000,negative,20,-0.0001533082459867241,-0.0001532903896076883,-0.0005978214409945637,0.001028392812341633,9848,1.0362988414867145e-05
2000,negative,19,-0.00014434684445046184,-0.00014436129700067185,-0.0005927973399094422,0.0010471753743908478,9849,1.0551722276595295e-05
2000,negative,18,-0.00013545969733756228,-0.00013543350303975554,-0.0005561365500236867,0.001008722090417652,9848,1.0164768959262308e-05
2000,negative,17,-0.0001268601038639661,-0.00012681611597361954,-0.000544844539093335,0.0010338012209607603,9848,1.0417488286113102e-05
2000,negative,16,-0.00011860571808344699,-0.00011859004648425751,-0.0005364881227470031,0.0010946584709208471,9848,1.1030739340310033e-05
2000,negative,15,-0.00011043770981589627,-0.00011045974923532895,-0.0004968658920371508,0.0010299766442282404,9848,1.0378948494804536e-05
2000,negative,14,-0.00010254198668923304,-0.00010253615000789073,-0.00046814033057846155,0.001032140320313079,9848,1.0400751593709567e-05
2000,negative,13,-9.484512437426758e-05,-9.48727692593112e-05,-0.00047349445590021773,0.0010328796914684736,9849,1.0407673744095278e-05
2000,negative,12,-8.72686965369947e-05,-8.725725652652717e-05,-0.0004385381784729422,0.0010032340680956099,9848,1.0109466830482976e-05
2000,negative,11,-7.969026365503844e-05,-7.96694806451512e-05,-0.00040127025723856445,0.0010052009280630942,9848,1.0129286637478998e-05
2000,negative,10,-7.22591832124669e-05,-7.224260732675757e-05,-0.0003792829943788476,0.0010228131969848562,9848,1.0306763314294892e-05
2000,negative,9,-6.50035324295565e-05,-6.503185591338491e-05,-0.0003567517957426721,0.0010279882871505627,9848,1.0358912064062013e-05
2000,negative,8,-5.78486989506747e-05,-5.7844858821799176e-05,-0.0003257895051093247,0.0009854199129328645,9848,9.92995577074324e-06
2000,negative,7,-5.07754193383619e-05,-5.076213667796887e-05,-0.000269798025962368,0.0010576272146456593,9848,1.0657579906324934e-05
2000,negative,6,-4.380596007608211e-05,-4.3813021472713116e-05,-0.0002707962349745599,0.0010744727701224065,9849,1.0826780825218327e-05
2000,negative,5,-3.6823814556329345e-05,-3.680945649476712e-05,-0.0002132989022130743,0.0009661321498562617,9848,9.735595344539544e-06
2000,negative,4,-3.0082487548879277e-05,-3.0054403993375876e-05,-0.00017218136023852714,0.0009691864817343948,9848,9.766373472788205e-06
2000,negative,3,-2.3341899568139758e-05,-2.3360323265671583e-05,-0.00015545905688285895,0.0009546825619190835,9848,9.620219249214828e-06
2000,negative,2,-1.6700487638238545e-05,-1.6726594989329922e-05,-9.785153551803528e-05,0.0009776340125613825,9848,9.851498206298327e-06
2000,negative,1,-1.0024541619668912e-05,-1.0056612602990128e-05,-6.538237832822521e-05,0.0009662861784474136,9848,9.737147471787527e-06
2000,negative,0,-3.3074575200878764e-06,-3.2805173510625984e-06,-3.673531305527373e-05,0.0009544369933020188,9849,9.617256411983446e-06
2000,positive,0,3.2515703824813776e-06,3.2719341353611154e-06,5.2710583516817485e-06,0.0009491651284750352,9608,9.683342141021898e-06
2000,positive,1,9.788350035400532e-06,9.799345335869037e-06,4.059460642981463e-05,0.0009678734525531444,9607,9.874717558350843e-06
2000,positive,2,1.6308476214698328e-05,1.6361649486472692e-05,9.043133498781796e-05,0.000940252519042581,9607,9.592915307865184e-06
2000,positive,3,2.2840379137070312e-05,2.2830123698381263e-05,0.000130443917181637,0.0010286786416294686,9607,1.0495081787400563e-05
2000,positive,4,2.9537922211700256e-05,2.9554881545141035e-05,0.00016902679299046481,0.0009889768258273279,9607,1.0090024476896137e-05
2000,positive,5,3.628137964967498e-05,3.624136921460779e-05,0.0001977476470493313,0.0009509909479592003,9607,9.702474003056506e-06
2000,positive,6,4.3028829731727114e-05,4.3007943177265554e-05,0.0002446157316202418,0.0009782801677554707,9607,9.98089194825904e-06
2000,positive,7,4.9913128624937376e-05,4.9941580339693194e-05,0.0002715045932423651,0.0009539736496162886,9607,9.732904981762325e-06
2000,positive,8,5.6940796276174053e-05,5.6970799901940615e-05,0.0003024434496840652,0.00099845452986791,9607,1.0186720641312578e-05
2000,positive,9,6.40422431408558e-05,6.4062694114683e-05,0.0003199739160682705,0.000987093307767009,9607,1.0070807905956372e-05
2000,positive,10,7.119313351762158e-05,7.119625185820068e-05,0.0003515498353278584,0.0010256147875071396,9607,1.0463822851619051e-05
2000,positive,11,7.850026021338591e-05,7.85174822785713e-05,0.00039511376954024966,0.0009984119317197567,9607,1.01862860342052e-05
2000,positive,12,8.601094985730041e-05,8.599626437560358e-05,0.00043635447151132084,0.0010454872721564659,9607,1.0666571643392514e-05
2000,positive,13,9.368524016970899e-05,9.369034780701888e-05,0.0004619800917722338,0.0010078549710294802,9607,1.0282628532111251e-05
2000,positive,14,0.00010126775387047584,0.00010125486143723657,0.0004941817926596152,0.0010917958558251057,9607,1.1139034425638284e-05
2000,positive,15,0.00010908592469237942,0.0001090392221613106,0.0005008540549643439,0.0010225744849557846,9607,1.0432804200464432e-05
2000,positive,16,0.00011713426687224434,0.00011711802476704487,0.000526878842526249,0.001019375675837996,9607,1.0400168387923116e-05
2000,positive,17,0.00012536039460881622,0.0001253561417479922,0.0005559502151720434,0.0010550161530097683,9607,1.0763789938641056e-05
2000,positive,18,0.00013378831612295323,0.00013376056778855862,0.0005747920552505562,0.0010462318119115977,9607,1.0674167801519898e-05
2000,positive,19,0.00014241099667266106,0.00014237930599992376,0.0005991179294088734,0.0010636543149529652,9607,1.0851920684646492e-05
2000,positive,20,0.00015119946745627947,0.00015119280500754015,0.0006291852429491414,0.0010224348131775947,9607,1.0431379200784092e-05
2000,positive,21,0.0001603170909763029,0.00016029254319773856,0.000648541525486159,0.0010403751557886698,9607,1.06144153360527e-05
2000,positive,22,0.00016986339430154307,0.00016986818276398528,0.0006787226452059207,0.0010724951018826513,9607,1.094211870970227e-05
2000,positive,23,0.00017946795575725017,0.00017950287809804065,0.0007026295680702578,0.0010623513223423002,9607,1.0838626917804357e-05
2000,positive,24,0.00018925119239294834,0.00018924302539554967,0.0007073326857902508,0.0010832449491854042,9607,1.1051793900844323e-05
2000,positive,25,0.0001994861998512,0.00019953940836641413,0.0007434155351387286,0.0011398167162574144,9607,1.1628966691501312e-05
2000,positive,26,0.0002100418432379688,0.00021000342944565872,0.0007522448652271977,0.0010748603463425063,9607,1.096625008858854e-05
2000,positive,27,0.00022090725757184775,0.00022091126076117447,0.0007759782662563138,0.0011037064773084437,9607,1.1260552401756066e-05
2000,positive,28,0.00023224081528647701,0.0002322687957634603,0.0007868875867570575,0.0010990587584154045,9607,1.1213134104210754e-05
2000,positive,29,0.00024401431206174688,0.00024399594958713527,0.0008164224766096281,0.0010824754035115203,9608,1.1043367878762608e-05
2000,positive,30,0.0002563630571087907,0.00025630984069177984,0.0008300783261554173,0.0010781122464279857,9607,1.0999427561105611e-05
2000,positive,31,0.0002693099657944485,0.0002692089042547318,0.000858716022232578,0.001066137898852174,9607,1.0877259420276096e-05
2000,positive,32,0.0002825720661907304,0.00028260065583441085,0.0008675782385473688,0.0013019728787725037,9607,1.3283363039452206e-05
2000,positive,33,0.0002965335187581116,0.0002964823004774513,0.0008924124177571221,0.0011230345479807595,9607,1.1457746816308399e-05
2000,positive,34,0.0003110784998570905,0.00031106643852311906,0.0009035413697056024,0.0010951237826886384,9607,1.117298756046758e-05
2000,positive,35,0.00032622910741551164,0.0003261506920493883,0.0009269500815915587,0.0011631218308116938,9607,1.1866736849657275e-05
2000,positive,36,0.0003422919611962101,0.00034234070260369344,0.0009521794141354786,0.0011382246886599532,9607,1.1612724048593234e-05
2000,positive,37,0.00035907381823977775,0.0003590304768689806,0.000948815456630066,0.0010639216140511784,9607,1.0854647800563862e-05
2000,positive,38,0.0003767844548537807,0.0003767279816530018,0.000963495053698457,0.001123758539088461,9607,1.146513332710116e-05
2000,positive,39,0.00039578989335302807,0.00039580368741835603,0.00099768420147694,0.001119596952688466,9607,1.1422674790619739e-05
2000,positive,40,0.00041603999668196834,0.00041596841335246224,0.0010049520634790442,0.0011040143915653261,9607,1.126369389335384e-05
2000,positive,41,0.00043745023373124934,0.00043737830698164555,0.0010387762020407961,0.0011488265424181069,9607,1.1720889337330668e-05
2000,positive,42,0.00046066318114040925,0.0004607685391352215,0.0010476349947919628,0.0011089463182600214,9607,1.1314011817665263e-05
2000,positive,43,0.0004856051853793506,0.0004856429516406768,0.001079601604151385,0.0011261295920331456,9607,1.1489323966985841e-05
2000,positive,44,0.0005123764184661504,0.0005124311269921062,0.0011116823121333482,0.001139965683934949,9607,1.1630486532485788e-05
2000,positive,45,0.0005415642729805434,0.0005414104763464307,0.0011005455940599018,0.001110300649967818,9607,1.1327829371044305e-05
2000,positive,46,0.0005730927271594998,0.000572833855452092,0.0011318682884809124,0.0011365432511362644,9607,1.1595569201960503e-05
2000,positive,47,0.000608236690568581,0.0006082874155237161,0.0011321133747830736,0.0011532342492838721,9607,1.1765858914980123e-05
2000,positive,48,0.0006474638691274298,0.000647196453310679,0.001169856247775973,0.001101455130681723,9607,1.1237583064177719e-05
2000,positive,49,0.0006916832176336493,0.0006914666070090584,0.0011968902025704653,0.0011274473479353795,9607,1.1502768356137215e-05
2000,positive,50,0.0007412451013085283,0.0007410561804299411,0.0011926162344122132,0.0012045611455332606,9607,1.2289520972527527e-05
2000,positive,51,0.0007974004325679442,0.0007971026702153889,0.0012191564073978794,0.0011405264179711516,9607,1.163620741491959e-05
2000,positive,52,0.0008629282296642624,0.0008625319729893264,0.0012450494357120413,0.001116689834507957,9607,1.1393014951448051e-05
2000,positive,53,0.0009416746574555829,0.0009411060717520894,0.0012753263648741036,0.0011125332375516179,9607,1.1350607319707067e-05
2000,positive,54,0.0010393393465100264,0.0010379297505904532,0.001315441365331713,0.0011352757219314125,9607,1.1582637250100623e-05
2000,positive,55,0.0011661701102698321,0.0011645751942311068,0.0013384301795863179,0.001207687606870441,9607,1.2321418657684942e-05
2000,positive,56,0.001334186362839032,0.00133001724442066,0.0013635418032616402,0.0011813558566723436,9607,1.2052769284838357e-05
2000,positive,57,0.0015877278874895022,0.0015819762705466328,0.0014134963202353172,0.0011922342296907514,9607,1.2163755758088342e-05
2000,positive,58,0.002039484527585171,0.002018707902061519,0.0014977908913780655,0.0012134968534202129,9607,1.2380687427537548e-05
2000,positive,59,0.0038990029278908396,0.003231416032113763,0.0017417397781451754,0.0015631125892373525,9608,1.594680793935427e-05
4000,negative,59,-0.005995449974219558,-0.005015328976723453,-0.002633621603530259,0.0022553591878812828,4938,3.209520652003179e-05
4000,negative,58,-0.0032430503169856807,-0.0032161021197348676,-0.0021678940906995382,0.0017963624902313522,4937,2.5565978207523216e-05
4000,negative,57,-0.0025551035987704117,-0.0025455971713517897,-0.002039531457118363,0.0017347604554774796,4937,2.46892529994313e-05
4000,negative,56,-0.0021656008481229718,-0.0021598848859992873,-0.0019171776730886063,0.0016278956138689002,4937,2.316834381402324e-05
4000,negative,55,-0.0019018979801100281,-0.0019001204568875332,-0.0018829828396287225,0.0016702673698812615,4937,2.377138211877375e-05
4000,negative,54,-0.0017058864372902092,-0.0017040009643481814,-0.00183444267813713,0.0015603497668460738,4937,2.2207025782509526e-05
4000,negative,53,-0.0015519409606204418,-0.001550955845876275,-0.0017955990638484466,0.0016094137643633947,4937,2.290530861691688e-05
4000,negative,52,-0.0014253050445850685,-0.0014245316278847417,-0.0017719194374105896,0.0014874405284574762,4938,2.116723189974689e-05
4000,negative,51,-0.0013190525188170102,-0.00131884568913211,-0.0017406637353731724,0.0015941646698591294,4937,2.2688282253974788e-05
4000,negative,50,-0.0012281964182395005,-0.0012279320718771743,-0.001677722184474346,0.0015402057845157698,4937,2.1920334974796792e-05
4000,negative,49,-0.00114739787384047,-0.001147277452422657,-0.0016753125438134745,0.0015188401058947483,4937,2.1616256885332993e-05
4000,negative,48,-0.0010757214477290088,-0.0010758685822735753,-0.0016394885140895564,0.0015139327159618679,4937,2.154641450955299e-05
4000,negative,47,-0.0010113355939792928,-0.0010108965342920438,-0.0015738333992282544,0.0015008922003071099,4937,2.136082082183272e-05
4000,negative,46,-0.0009536665866918322,-0.0009540420407753408,-0.0015601502178314488,0.0014854325330365056,4937,2.114079757001959e-05
4000,negative,45,-0.0009004417069710261,-0.0009001222265545121,-0.0015089308841487257,0.0014804567996651622,4937,2.1069982524821323e-05
4000,negative,44,-0.000852818137222092,-0.0008530473947303807,-0.0014850900886606935,0.0014979986283572416,4938,2.1317480427149048e-05
4000,negative,43,-0.0008087638097068604,-0.0008087325786863262,-0.0014905972829829372,0.0015151172805176144,4937,2.1563273329408288e-05
4000,negative,42,-0.0007687069110444807,-0.000768728060628351,-0.0014874187766446543,0.001632941466138189,4937,2.3240156797124666e-05
4000,negative,41,-0.0007306588376408629,-0.0007306553472856681,-0.0014446614000218014,0.0016608705618905814,4937,2.363764597720075e-05
4000,negative,40,-0.0006954948295261763,-0.0006952784108019373,-0.001357752270079127,0.0014670804616357305,4937,2.0879609385537573e-05
4000,negative,39,-0.0006632335924116708,-0.000663138233594803,-0.0013860413095115058,0.001488357831145505,4937,2.118243065249147e-05
4000,negative,38,-0.0006325897535229524,-0.0006324743894566906,-0.0013288354143548703,0.0014311675655487323,4937,2.0368494104672967e-05
4000,negative,37,-0.0006033355696310231,-0.000603303089756548,-0.0013245018555351424,0.001474822852902358,4938,2.0987674290954338e-05
4000,negative,36,-0.0005752558006220715,-0.0005751235017453647,-0.0013055438713442207,0.0014815585100331214,4937,2.108566215708453e-05
4000,negative,35,-0.0005488728412975986,-0.0005489501083474964,-0.0013076504481693643,0.0017399854377922507,4937,2.4763615376023193e-05
4000,negative,34,-0.0005234144754169112,-0.0005235017146453084,-0.0012644638506817052,0.0014369576873488649,4937,2.04508995927446e-05
4000,negative,33,-0.0004997867769542159,-0.0004995944674495578,-0.0012124623030924338,0.0014685642981517705,4937,2.0900727468462873e-05
4000,negative,32,-0.0004771931239016502,-0.00047705376088137875,-0.0011947514851317488,0.0014429231595653397,4937,2.053580068231497e-05
4000,negative,31,-0.0004549229589570572,-0.0004548794818607755,-0.0011629976079732761,0.0014618471194082039,4937,2.0805128029982088e-05
4000,negative,30,-0.00043380835385819924,-0.00043374619728368173,-0.0011655122401452232,0.0014945165564737503,4937,2.1270082136189375e-05
4000,negative,29,-0.0004132620899065817,-0.00041312093680863186,-0.0011067473101099405,0.0014431703860257397,4938,2.053723940380544e-05
4000,negative,28,-0.00039380760710997826,-0.0003937499216184349,-0.001092904183784629,0.0014089579689045147,4937,2.0052405304727684e-05
4000,negative,27,-0.0003747971404465393,-0.00037474705777345283,-0.0010876143194078712,0.0015211565087901342,4937,2.1649224121214018e-05
4000,negative,26,-0.00035654109541305955,-0.00035646090975760704,-0.001062300454219282,0.0014707198513707013,4937,2.0931405478563855e-05
4000,negative,25,-0.0003388195556562409,-0.0003386912192229929,-0.0010646713267172538,0.0014656224655316154,4937,2.0858859065472908e-05
4000,negative,24,-0.0003217781619265159,-0.0003217901146812374,-0.0010338797193031983,0.001431217242948988,4937,2.0369201117505426e-05
4000,negative,23,-0.00030490043622708477,-0.00030475432837224727,-0.0009640623925065314,0.0014360528387690687,4937,2.0438021713587152e-05
4000,negative,22,-0.00028881404875500137,-0.0002888284033552175,-0.0009727814886540788,0.0014020308264246365,4938,1.9951797107680117e-05
4000,negative,21,-0.0002732323249115395,-0.0002732553710711075,-0.0009102002143918348,0.001384720045386102,4937,1.9707449190448353e-05
4000,negative,20,-0.0002581084671829995,-0.00025807752882448285,-0.0008899095273943798,0.0014553542532595933,4937,2.071272102673946e-05
4000,negative,19,-0.00024329665130015725,-0.0002432255092432318,-0.0008270163225461873,0.0013877383570468456,4937,1.9750406049412903e-05
4000,negative,18,-0.00022848139223993608,-0.00022844619912203214,-0.0008481216747817526,0.001433723841942897,4937,2.0404875239850867e-05
4000,negative,17,-0.0002140810223096847,-0.0002141314618861951,-0.0007712896367894526,0.0014318412036688876,4937,2.037808137761665e-05
4000,negative,16,-0.00020001422189773802,-0.00019996364136720427,-0.0007623359855287707,0.0013824665129731676,4937,1.9675376732427024e-05
4000,negative,15,-0.0001864976775661458,-0.00018650003614351356,-0.0007330512622062359,0.0013623176339485374,4937,1.9388616234559262e-05
4000,negative,14,-0.0001734620305867916,-0.00017346352264406106,-0.000683187171615326,0.0013620879449887503,4938,1.938338430869965e-05
4000,negative,13,-0.0001604972137985052,-0.00016058413645359755,-0.0006326351779819314,0.0014037265975863566,4937,1.9977951999315885e-05
4000,negative,12,-0.00014749243785728064,-0.0001473905631078503,-0.0006002472284016136,0.001400389981902738,4937,1.9930465011406623e-05
4000,negative,11,-0.0001348609709037349,-0.0001349106235780468,-0.000586576009072552,0.0014377913960990699,4937,2.046276500401603e-05
4000,negative,10,-0.0001223502048683209,-0.00012226511189330022,-0.0005232520780193202,0.0013354424711514718,4937,1.900612671469352e-05
4000,negative,9,-0.00011015701842775583,-0.00011018962453662165,-0.0005087889508055622,0.0013610925359242286,4937,1.9371180539056888e-05
4000,negative,8,-9.825497508331655e-05,-9.82878601493698e-05,-0.00044725241754951437,0.001356437285681871,4937,1.9304926636020116e-05
4000,negative,7,-8.636733691172952e-05,-8.635404641753482e-05,-0.00039194099693718175,0.0012855183606046798,4938,1.8293750055688107e-05
4000,negative,6,-7.465116780633361e-05,-7.456531347738403e-05,-0.0003578238739300091,0.0013385896179600194,4937,1.9050917166042145e-05
4000,negative,5,-6.327506219733397e-05,-6.322351469233701e-05,-0.0003126991639276313,0.0013255575496830116,4937,1.886544370209444e-05
4000,negative,4,-5.202347914206443e-05,-5.2063989886638275e-05,-0.0002533567743989257,0.0012766339005960846,4937,1.8169158318052714e-05
4000,negative,3,-4.0452811360508935e-05,-4.0424911573849606e-05,-0.00024349470056887103,0.0012813782815998805,4937,1.823668073739226e-05
4000,negative,2,-2.881764112081203e-05,-2.8792097686974827e-05,-0.0001385059683756775,0.0013297688641215324,4937,1.8925379474381906e-05
4000,negative,1,-1.718143239069281e-05,-1.7249502481828092e-05,-6.082831832760983e-05,0.0012751086392015054,4937,1.8147450672860475e-05
4000,negative,0,-5.716876842219183e-06,-5.747979612801523e-06,-7.952393685881976e-06,0.001369796906526,4938,1.9493087771421897e-05
4000,positive,0,5.437321129449152e-06,5.4180369224861354e-06,4.348458363935547e-05,0.0012511451646514875,4791,1.8075678839952572e-05
4000,positive,1,1.6355179837767177e-05,1.6396357380641428e-05,7.665378921262705e-05,0.0014713959926557106,4790,2.1259929116884782e-05
4000,positive,2,2.7524549221918676e-05,2.746411990142857e-05,0.0001389177078433882,0.0013962088749381644,4791,2.0171458860174525e-05
4000,positive,3,3.890574522100439e-05,3.894213541579085e-05,0.0001654633831681345,0.0013024962669828139,4790,1.8819528155083826e-05
4000,positive,4,4.9961883613648896e-05,4.9921453853180344e-05,0.0002167689277159735,0.0014108752919186538,4791,2.038334909526647e-05
4000,positive,5,6.135206503274639e-05,6.134792832829558e-05,0.00029316585801978095,0.001308063943711246,4790,1.8899974488486266e-05
4000,positive,6,7.263226903792504e-05,7.26536431766909e-05,0.00039002323385955794,0.0013753327466636428,4790,1.987192900629382e-05
4000,positive,7,8.398473693634042e-05,8.402391940403174e-05,0.0004028213766484447,0.0013657558104622648,4791,1.9731494075343133e-05
4000,positive,8,9.546772573335628e-05,9.54600931109769e-05,0.00047047338299897125,0.0013189441003655018,4790,1.9057179863792877e-05
4000,positive,9,0.00010744105036068416,0.00010749979950266864,0.0004851288004717974,0.001354913417776657,4791,1.9574850694879532e-05
4000,positive,10,0.00011935524563339474,0.00011931405180019394,0.0004790674767743493,0.0013414471015879956,4790,1.9382321574994567e-05
4000,positive,11,0.00013131023207748813,0.00013130442882917408,0.0005581390785244957,0.001307920014906076,4791,1.8895922556175704e-05
4000,positive,12,0.00014365036597680807,0.00014363861111275184,0.0006253697821628901,0.0016536257150270223,4790,2.389293274061437e-05
4000,positive,13,0.00015619192281610464,0.00015617465063748716,0.000652109140483498,0.0013382430576485815,4790,1.9336026935496208e-05
4000,positive,14,0.00016900128437125336,0.00016891310043762648,0.0006876821308804277,0.001526087175151893,4791,2.204785059254097e-05
4000,positive,15,0.00018184827773928713,0.00018187843029573525,0.0007543777314894311,0.00141818888934474,4790,2.0491149501776313e-05
4000,positive,16,0.00019472846823213592,0.00019469389117939318,0.0007888220366021563,0.0014601775195694448,4791,2.109563353538431e-05
4000,positive,17,0.0002082323877722466,0.00020825986090632932,0.0008300519054912585,0.0013770081274915988,4790,1.9896136274645723e-05
4000,positive,18,0.00022225955648547005,0.00022231914973964151,0.0008401016772562523,0.0014558712826373626,4790,2.1035615447282792e-05
4000,positive,19,0.0002365720110370183,0.00023668438319174732,0.0008926709163211347,0.0014210430847700997,4791,2.0530246324530107e-05
4000,positive,20,0.0002512347045294085,0.0002512634503810953,0.000916552078464342,0.0014098117087868649,4790,2.037010916610276e-05
4000,positive,21,0.00026608930416233167,0.0002660133081099267,0.0009675608913071892,0.001481646680365081,4791,2.14058051017775e-05
4000,positive,22,0.0002813743362261508,0.0002813706268500847,0.0009921303077129258,0.0015215530839454562,4790,2.1984639671250564e-05
4000,positive,23,0.00029718853113532207,0.00029714469055478127,0.0009948368892604012,0.0014694541812399577,4791,2.12296563185118e-05
4000,positive,24,0.00031347048418191043,0.00031341388496827327,0.0010450991107146135,0.0014806869314260397,4790,2.1394172176314356e-05
4000,positive,25,0.00033039502603035445,0.00033035067160448864,0.0010973364816738974,0.0014713379884041076,4790,2.125909102415943e-05
4000,positive,26,0.00034790454772910795,0.0003478767960812365,0.0011075401563443747,0.0014798792328716572,4791,2.13802702444642e-05
4000,positive,27,0.00036591890745584036,0.00036592373207564553,0.0011478940390337593,0.001500916630231348,4790,2.1686467360481962e-05
4000,positive,28,0.0003848830941031776,0.0003848089224949992,0.001153797009703153,0.0015637252081586415,4791,2.259161882665074e-05
4000,positive,29,0.00040422858273612587,0.00040414720391868884,0.0011697158084991702,0.0014937069608841704,4790,2.1582296178799918e-05
4000,positive,30,0.00042409784240104515,0.0004240679429507671,0.0012075967224938965,0.001500198707598615,4790,2.1676094228871237e-05
4000,positive,31,0.000444347457789584,0.00044413976085029073,0.0012583179169173776,0.0015320354958921123,4791,2.2133787810998894e-05
4000,positive,32,0.00046586656688862106,0.0004657499743658662,0.0012745534776401383,0.0015098495076539663,4790,2.1815536857587167e-05
4000,positive,33,0.0004889022507149109,0.0004889470435076382,0.0013168788053514702,0.0015864243976231418,4791,2.2919560995377287e-05
4000,positive,34,0.0005125635206846715,0.0005125504259947515,0.001316162105773409,0.0014739272620601313,4790,2.1296502961303507e-05
4000,positive,35,0.0005367606925245863,0.0005366022484552937,0.0013504597777219385,0.0015599733655106253,4791,2.2537414802465852e-05
4000,positive,36,0.0005629464336840734,0.0005628605699085341,0.001395522184338363,0.0016940776880058081,4790,2.447741583181466e-05
4000,positive,37,0.0005903294870673964,0.0005901554893988458,0.001389761187686492,0.001540844752506074,4790,2.226338142954835e-05
4000,positive,38,0.0006189775729907202,0.0006189340556538866,0.001449766287541976,0.001677315525401279,4791,2.4232693061532332e-05
4000,positive,39,0.0006495655928357432,0.0006493652484457332,0.0014282280976136478,0.0014823669336071418,4790,2.1418446217744887e-05
4000,positive,40,0.0006821528912187701,0.0006818243486348047,0.0014965807112478492,0.00164580056352916,4791,2.3777386718552976e-05
4000,positive,41,0.0007171738487594077,0.0007170918830994227,0.001533657097550792,0.0015600808588590977,4790,2.2541320379763934e-05
4000,positive,42,0.0007538246448849254,0.000753754190425423,0.0015361821750279861,0.001521373314502287,4790,2.1982042215746924e-05
4000,positive,43,0.0007936352486691106,0.0007936059635588876,0.0015862073194007338,0.0016024624814179394,4791,2.315126812263439e-05
4000,positive,44,0.0008362705419918881,0.0008360526948912142,0.0015562669754521756,0.0014989277564831098,4790,2.165773049078745e-05
4000,positive,45,0.00088337371654973,0.0008830260771633302,0.0015930652696153854,0.001578973871944421,4791,2.2811920960341953e-05
4000,positive,46,0.0009329805264604305,0.0009327785820558196,0.001612360979551952,0.0015765917753806393,4790,2.277988356510279e-05
4000,positive,47,0.0009887007785064077,0.0009883088686510884,0.0016671615357685624,0.0015349530039124933,4791,2.2175937946314394e-05
4000,positive,48,0.0010508377930503496,0.0010507735010434438,0.0017064176730040741,0.0017176688833683812,4790,2.481828065929434e-05
4000,positive,49,0.0011178765959295952,0.0011173504144823937,0.0016889426731489007,0.0015202447742044664,4790,2.196573614528257e-05
4000,positive,50,0.0011956358475388588,0.0011948864587721225,0.001751327360100294,0.0015789471344411494,4791,2.2811534675412135e-05
4000,positive,51,0.0012865867364015022,0.0012857433928717588,0.0018233133101630088,0.001637041232514313,4790,2.365330661384748e-05
4000,positive,52,0.0013910295892697905,0.0013891251038013503,0.0017889447396004675,0.0015333463901364996,4791,2.2152726703162768e-05
4000,positive,53,0.0015167181803258495,0.00151528324521045,0.0018287134765010934,0.0015480474301274067,4790,2.2367451589074154e-05
4000,positive,54,0.0016653460913029691,0.00166259571872675,0.0018641996296434257,0.0016001148040930366,4790,2.3119763465235856e-05
4000,positive,55,0.0018609685125981212,0.0018587722494550823,0.0019369137725509845,0.0016499922069949998,4791,2.3837944680363275e-05
4000,positive,56,0.00212674769414812,0.0021205398709051963,0.0020355353622099584,0.001660513668202682,4790,2.3992455504714497e-05
4000,positive,57,0.00251925852632606,0.0025072664181403953,0.002034730461084568,0.0016362561366970836,4791,2.363949544981591e-05
4000,positive,58,0.003230541623155384,0.003192947796689957,0.002150393071283582,0.0017431695563688819,4790,2.5186735176725093e-05
4000,positive,59,0.00605776136818858,0.005033480583286226,0.0025371803814639403,0.0022272010884949044,4791,3.217705884579811e-05
8000,negative,59,-0.009166381884253678,-0.007787597999207264,-0.0038742056134608593,0.0032728946772353556,2477,6.576109354637304e-05
8000,negative,58,-0.005016066262998409,-0.004969749516296666,-0.003327927631102138,0.0028228964087007786,2476,5.673089315699915e-05
8000,negative,57,-0.003997938091941156,-0.00399026936266385,-0.0029589632532619815,0.002497536403334602,2476,5.0192231785969815e-05
8000,negative,56,-0.003401028128066444,-0.0033922948281137092,-0.0027371150269122077,0.0021082940858220224,2476,4.236974695835546e-05
8000,negative,55,-0.0029808528272743193,-0.002976237498773892,-0.002746590688936374,0.002324114022214844,2477,4.6697585684733944e-05
8000,negative,54,-0.002678795889134032,-0.0026769202960649106,-0.002632280222977219,0.0022258127135412796,2476,4.4731483185214295e-05
8000,negative,53,-0.0024406588964523304,-0.002440324958998247,-0.0026185293779388873,0.0022116629866089747,2476,4.444712041358615e-05
8000,negative,52,-0.0022445809631693476,-0.0022420859156132003,-0.0025257190305008137,0.0020959166758463942,2476,4.2121001903197406e-05
8000,negative,51,-0.002079946572517604,-0.002078969228540606,-0.002453403698603518,0.0022209527624422534,2477,4.4624803660474755e-05
8000,negative,50,-0.001937326574468191,-0.0019359662190377193,-0.0023653645471161657,0.0020947569099323228,2476,4.2097694439290645e-05
8000,negative,49,-0.001813303559591554,-0.001812845314062445,-0.0023013020558313043,0.0019629737060685467,2476,3.9449287351010785e-05
8000,negative,48,-0.0017041870934012705,-0.0017035908487809232,-0.002301877976745141,0.002093396142479045,2476,4.2070347508398856e-05
8000,negative,47,-0.001608367177125557,-0.0016080815835293925,-0.0022876516081799404,0.0021659905543295506,2477,4.352046781540327e-05
8000,negative,46,-0.001519977441782666,-0.0015198696040861093,-0.0022365334379358497,0.0021883703516198754,2476,4.39790153910856e-05
8000,negative,45,-0.0014383614113848682,-0.001437647151874043,-0.0022245062489485157,0.002161826168907477,2476,4.3445564999935755e-05
8000,negative,44,-0.0013653632674285835,-0.0013654945085874138,-0.0021428074947556636,0.002081071928775671,2477,4.1814228467794545e-05
8000,negative,43,-0.0012965124775443197,-0.0012964319334297935,-0.0021200196005799203,0.00215136836655026,2476,4.3235397717014685e-05
8000,negative,42,-0.0012328225705484255,-0.0012327707413000782,-0.002006003744697486,0.002034552187675738,2476,4.088777839158946e-05
8000,negative,41,-0.0011726416293137425,-0.0011724558810565682,-0.0020182298711663707,0.0020094938361408504,2476,4.038418829907505e-05
8000,negative,40,-0.0011168204457253944,-0.0011171240290343955,-0.002059120228556376,0.0020501959188337963,2476,4.120216571312531e-05
8000,negative,39,-0.0010637497544448637,-0.0010637951461480982,-0.0019965738247878146,0.0020817065728283004,2477,4.182698014208578e-05
8000,negative,38,-0.0010143345831905824,-0.0010139213586259775,-0.0019445075402011282,0.0021169630189912833,2476,4.254396387963343e-05
8000,negative,37,-0.0009678027280914528,-0.0009679419160278376,-0.0018548097289378153,0.0019916053069625778,2476,4.002468795240256e-05
8000,negative,36,-0.0009233837303234694,-0.0009230641698183786,-0.0018284316640776223,0.0020454699228256135,2476,4.1107188804382134e-05
8000,negative,35,-0.0008822945050564317,-0.0008825463361330396,-0.0017361576227670741,0.0019482154046009692,2477,3.9144790194920277e-05
8000,negative,34,-0.0008420272144990135,-0.0008418236917250715,-0.0018785865480473785,0.00196736367053713,2476,3.95375111357953e-05
8000,negative,33,-0.0008038008366695624,-0.0008036108889423749,-0.0017452197730463922,0.0022498885711209385,2476,4.521532839462578e-05
8000,negative,32,-0.000767493307316457,-0.0007677461683999463,-0.0017238969761676076,0.0020933591390418513,2476,4.2069603861541886e-05
8000,negative,31,-0.0007317587266602025,-0.0007316535696459415,-0.0016943654526412753,0.0020611796073765104,2477,4.14145392209992e-05
8000,negative,30,-0.0006975379611055644,-0.0006972718900731284,-0.001656635689330378,0.002289922751761932,2476,4.6019883183661595e-05
8000,negative,29,-0.0006652490997356678,-0.0006653042994500865,-0.001629696614818288,0.001963234195438327,2476,3.9454522326888744e-05
8000,negative,28,-0.0006332534087441527,-0.0006329012314290229,-0.0015815474689873945,0.0019514449320930667,2476,3.921759707622129e-05
8000,negative,27,-0.000603505293919367,-0.0006037609369734555,-0.0014932112275465798,0.0019836249669210344,2477,3.9856261772775297e-05
8000,negative,26,-0.0005750872437326573,-0.0005749478070194766,-0.0015239442652979379,0.0020241653566864743,2476,4.0679037398729954e-05
8000,negative,25,-0.0005476898294959221,-0.0005477942373494113,-0.0014365846586488927,0.001943360982973381,2476,3.9055136402006685e-05
8000,negative,24,-0.0005200081244121946,-0.0005198105492637672,-0.0013181781524690712,0.0019060880158821266,2476,3.830607288441502e-05
8000,negative,23,-0.0004939958010220253,-0.0004941089263786825,-0.0014168715934357009,0.0019740378374341274,2477,3.9663631034177185e-05
8000,negative,22,-0.00046826298852767513,-0.00046820180861376374,-0.0013421585105099442,0.00197866100572979,2476,3.976455025554415e-05
8000,negative,21,-0.00044296156026104596,-0.00044272007902589956,-0.0013315149671773345,0.0019382167714932902,2476,3.895175474373736e-05
8000,negative,20,-0.0004186755629772188,-0.0004187236086209029,-0.001262495059235755,0.001853370622453354,2476,3.724662741383197e-05
8000,negative,19,-0.0003946964129974663,-0.0003944370831815619,-0.0012412389463289267,0.0018966383811413797,2477,3.810847164542311e-05
8000,negative,18,-0.0003719969039143291,-0.0003719398735001482,-0.001161240186698059,0.0019209761216152752,2476,3.8605274630909885e-05
8000,negative,17,-0.00034885583181355284,-0.0003487850226206533,-0.0011657094827732459,0.0019393494780618895,2476,3.897451840418319e-05
8000,negative,16,-0.00032580844773564085,-0.000325826168276886,-0.001119232433034138,0.0018793674136029822,2476,3.776907704272684e-05
8000,negative,15,-0.00030418732193659656,-0.0003043251604082571,-0.0010124990223073045,0.0019175629523237106,2477,3.852890151519862e-05
8000,negative,14,-0.0002826360632200404,-0.0002826787839120768,-0.0009408397567505412,0.0018585023433211785,2476,3.734975805205404e-05
8000,negative,13,-0.00026098009340980876,-0.00026098572986004386,-0.0009667146871968876,0.002004867078527148,2476,4.029120575425432e-05
8000,negative,12,-0.00024059650940423677,-0.00024062480914857564,-0.0007783467226487615,0.0018904946465753995,2476,3.799269766973447e-05
8000,negative,11,-0.00022008199093656312,-0.00022012420157435859,-0.0007647293427785258,0.00198229646760927,2477,3.982956871475394e-05
8000,negative,10,-0.00019973017195576643,-0.00019966792980387959,-0.000748882089204214,0.0018161212437849703,2476,3.649803794562217e-05
8000,negative,9,-0.0001798724817667857,-0.00017985284854754976,-0.0006213771122200116,0.001773601569715394,2476,3.564353294881226e-05
8000,negative,8,-0.00016053133666224696,-0.0001606244581044442,-0.0006646742072835887,0.00175733250232966,2476,3.531657843472548e-05
8000,negative,7,-0.00014102528268776423,-0.0001409419294534135,-0.000488571033926917,0.0018018301621781146,2477,3.620352426059776e-05
8000,negative,6,-0.00012217558786355997,-0.00012226756170027309,-0.000549614181993488,0.0017614472532174554,2476,3.5399271335628144e-05
8000,negative,5,-0.00010305086112886922,-0.00010295884831788485,-0.000433984348385071,0.001760935721830905,2476,3.5388991244461005e-05
8000,negative,4,-8.421862917393451e-05,-8.438415188489977e-05,-0.0003274624718915525,0.0017787037853741578,2476,3.5746070629794513e-05
8000,negative,3,-6.535322496547506e-05,-6.52882852892011e-05,-0.00026608539924734655,0.0018143243476352177,2477,3.645456542741109e-05
8000,negative,2,-4.6530781302285384e-05,-4.643726418880392e-05,-0.0002101809039605508,0.0018019268472993443,2476,3.621277746352579e-05
8000,negative,1,-2.7809659091611486e-05,-2.805699025261382e-05,-4.2511315623383535e-05,0.0018158362000650601,2476,3.64923095084151e-05
8000,negative,0,-9.133215992146166e-06,-9.017600376830521e-06,3.825082660415621e-05,0.0017518241046893081,2477,3.519877056434241e-05
8000,positive,0,9.02547466589509e-06,8.95828153507896e-06,7.401084564198704e-05,0.0017918833988967936,2388,3.666845272360405e-05
8000,positive,1,2.629347962194508e-05,2.622000856222263e-05,6.385019039240839e-05,0.0019050835106782776,2388,3.898493880172811e-05
8000,positive,2,4.4104700161696765e-05,4.404368115162984e-05,0.00020316246944124855,0.0022051450951270425,2387,4.5134741673961326e-05
8000,positive,3,6.233734547668255e-05,6.227018132306285e-05,0.0002552118136619702,0.0017177655844185257,2388,3.51517326190222e-05
8000,positive,4,8.037531948146121e-05,8.029595863836299e-05,0.0003937058458117054,0.001735586777914774,2387,3.5523857839120185e-05
8000,positive,5,9.844233499371285e-05,9.831859916982326e-05,0.00046285650423763763,0.0018010155724897565,2388,3.6855330215668244e-05
8000,positive,6,0.00011674062215896193,0.00011683349310478122,0.00046223976770110416,0.0017365193812392487,2387,3.5542946292858423e-05
8000,positive,7,0.00013508227601159898,0.00013484797603843923,0.0005477129824988809,0.0018011450948203615,2388,3.685798071371927e-05
8000,positive,8,0.00015374568254772087,0.00015385812561609827,0.0006458476957201509,0.0017700055032673933,2387,3.622833768535361e-05
8000,positive,9,0.0001724302219094269,0.00017262184117393267,0.0006731281027181226,0.0017920703744525174,2388,3.6672278923640136e-05
8000,positive,10,0.00019193467605107896,0.00019189166133417592,0.0007943523005514234,0.001868537913552964,2387,3.824509154639412e-05
8000,positive,11,0.00021152641812916063,0.00021153064996409733,0.0008581825487206387,0.0022448287568409553,2388,4.5937362438587136e-05
8000,positive,12,0.00023111266324730282,0.00023131518953936557,0.0009518276132058933,0.001982346673342286,2387,4.057452056431959e-05
8000,positive,13,0.00025123665077318193,0.00025116904113434136,0.0009838870464418613,0.0018270523600843103,2388,3.738813760457157e-05
8000,positive,14,0.00027189259115280084,0.0002719250212422091,0.0010235518553012252,0.001894846725275044,2387,3.87835782987847e-05
8000,positive,15,0.00029288737929036325,0.0002927522357257098,0.001012604286042284,0.0019382664775397806,2388,3.96639830142807e-05
8000,positive,16,0.00031386506958156336,0.00031384522373590723,0.0011215308813924962,0.0019040241250794605,2387,3.8971420618243106e-05
8000,positive,17,0.00033509013989427744,0.0003350091537944503,0.00125616958335643,0.0020827895709369833,2388,4.262145124071052e-05
8000,positive,18,0.0003573919745269556,0.0003573730311637395,0.001244334446710299,0.002004632135134104,2387,4.103065769710119e-05
8000,positive,19,0.000379347310794987,0.00037931193411043393,0.001242505543298077,0.0019529843409182297,2388,3.9965164038569106e-05
8000,positive,20,0.000402023751175416,0.00040191387482446347,0.001383361230406016,0.0022117682518896496,2387,4.527030394159034e-05
8000,positive,21,0.0004253142384921938,0.0004251345558472107,0.0013953928586250182,0.001980574261496853,2388,4.0529754178199896e-05
8000,positive,22,0.0004493367468217582,0.000449297489139605,0.0013613083137231695,0.0019642857660911533,2387,4.020485129177212e-05
8000,positive,23,0.0004737314089233383,0.00047360592252049206,0.0014417091371815853,0.002022357953174063,2388,4.13848005075686e-05
8000,positive,24,0.0005002064458785387,0.0005002849695060047,0.0014916073785455402,0.002105320188521427,2387,4.309153309678959e-05
8000,positive,25,0.0005269991760076521,0.0005270377774994623,0.0015009611911195656,0.0019182243840058697,2388,3.925384887291708e-05
8000,positive,26,0.0005538232016664339,0.0005537142737300877,0.001605894441790809,0.002074582252535164,2387,4.246239136666193e-05
8000,positive,27,0.0005820011348046286,0.0005818044060461275,0.0016795243078197538,0.0021306393934395866,2388,4.3600632673693155e-05
8000,positive,28,0.0006118536933318184,0.0006119432527678692,0.0016586998773885945,0.0020413367877889902,2387,4.178192572906501e-05
8000,positive,29,0.0006427472864594915,0.0006429468811117431,0.0017402737342605882,0.0020299701485626924,2388,4.154057371630676e-05
8000,positive,30,0.0006743437147413502,0.000674376118868823,0.0017970930371657542,0.0021748829868153277,2388,4.4506017540264025e-05
8000,positive,31,0.0007072776079031951,0.0007072269590754456,0.0017770303115080285,0.002055953132220446,2387,4.208109195245287e-05
8000,positive,32,0.0007404514083782943,0.0007404772502044034,0.0017955785056280697,0.0021180526321135373,2388,4.33430617497638e-05
8000,positive,33,0.0007752960866808029,0.0007754274950859035,0.0018865659593363434,0.0025740093241371216,2387,5.268462658898352e-05
8000,positive,34,0.0008121656137294166,0.0008117220651437867,0.0019194054039958696,0.0023507047339708796,2388,4.810397007853973e-05
8000,positive,35,0.0008512944772686496,0.0008516043211073738,0.0019464190600757157,0.0020525127299076845,2387,4.201067406023156e-05
8000,positive,36,0.0008916823146145231,0.0008914580976605906,0.0019175248675083276,0.0019759918441267124,2388,4.043598124922457e-05
8000,positive,37,0.0009340052660092977,0.0009341035408962922,0.002008300044346795,0.002151589071264183,2387,4.403856106095935e-05
8000,positive,38,0.0009784997839775056,0.0009779293626255782,0.0020166922727982576,0.0020011210786345496,2388,4.095021680054353e-05
8000,positive,39,0.0010263002477745988,0.0010263227598858013,0.0020278414447767153,0.002112394434517418,2387,4.3236328224453825e-05
8000,positive,40,0.0010764972853785177,0.0010765649598144572,0.0020794518778916122,0.0020040803225828056,2388,4.101077369664572e-05
8000,positive,41,0.001130692497443471,0.0011306096879801213,0.0021153927507797246,0.002047158532924175,2387,4.190108476460824e-05
8000,positive,42,0.001189503165602759,0.001189340339988396,0.002186105088598503,0.0021297727796145962,2388,4.358289860232956e-05
8000,positive,43,0.0012533946727086717,0.0012536277444336872,0.0021965820817569336,0.002102558179175574,2387,4.303500050009034e-05
8000,positive,44,0.001318981493721697,0.0013184875775093773,0.002256159167237338,0.002070685823798096,2388,4.237376454412413e-05
8000,positive,45,0.0013892739580718995,0.0013889460701896946,0.0023598484186429934,0.0023247831178480555,2387,4.758348360111572e-05
8000,positive,46,0.001468774477946123,0.00146966089906406,0.0024007261499099674,0.0022798519742481885,2388,4.665406487163401e-05
8000,positive,47,0.0015565788531095486,0.0015558009522264856,0.0023942534447324824,0.0022393100124667997,2387,4.5834026597139295e-05
8000,positive,48,0.0016529908449211218,0.00165292159838527,0.0024670469974790105,0.002275247069000596,2388,4.655983175888126e-05
8000,positive,49,0.0017580634246678224,0.0017576239608814487,0.0024329489475446923,0.002169880290997613,2387,4.4412944351834125e-05
8000,positive,50,0.0018796749588735702,0.001879566704983893,0.0024865603452387795,0.002071322458789758,2388,4.238679241195767e-05
8000,positive,51,0.0020211335181402157,0.002021448247618835,0.0024352343211500715,0.0020952442904980596,2387,4.2885300384292425e-05
8000,positive,52,0.002179941166801604,0.0021794712947373522,0.0026610465262140847,0.002247365159074625,2388,4.598926645502627e-05
8000,positive,53,0.0023729172392404313,0.0023698767540104395,0.0026791411290764252,0.0022701635532964095,2387,4.646553451838619e-05
8000,positive,54,0.0026074533810365153,0.002604291500672543,0.0027041271036272406,0.002244333245590961,2388,4.592722247587772e-05
8000,positive,55,0.002917307344247072,0.002913324166452829,0.0027482619975471054,0.002445455255833364,2387,5.005339172065274e-05
8000,positive,56,0.003326733980665934,0.003316179947392352,0.0027552989963839287,0.0021579140338177203,2388,4.415877103351871e-05
8000,positive,57,0.00392715397625795,0.003916989681700742,0.0029892045009856103,0.002243291343821781,2387,4.5915516183753174e-05
8000,positive,58,0.005002406052454397,0.004948086047489783,0.003198782388666019,0.0028409023171818387,2388,5.81351958358979e-05
8000,positive,59,0.009318726348675494,0.007800088563431007,0.0036598503085495775,0.0026713573316046453,2388,5.466568867265891e-05
16000,negative,59,-0.013661813086325117,-0.011753307381202545,-0.0054928000882397705,0.004912384459292877,1245,0.00013922193739540566
16000,negative,58,-0.007693692955680129,-0.007578893951895376,-0.004645085546849461,0.0038402002972583887,1244,0.00010887889051551824
16000,negative,57,-0.006151929316511155,-0.006136404497999016,-0.0044046188668976916,0.0037154757330471145,1245,0.00010530033514007465
16000,negative,56,-0.005261346120879302,-0.005246743501054021,-0.004190096227877932,0.003188985628909074,1244,9.041539249747885e-05
16000,negative,55,-0.004615750378072817,-0.004604710477450972,-0.0039014733881299864,0.0030255816403552687,1245,8.574803971651364e-05
16000,negative,54,-0.004149257716741047,-0.004147072731980369,-0.003949609622446653,0.0036354217103241617,1244,0.00010307292634155264
16000,negative,53,-0.0037841825337127026,-0.003779329083233173,-0.0036434704540760482,0.0032741961915066405,1245,9.279402721256673e-05
16000,negative,52,-0.003490253884361537,-0.0034862518647786524,-0.0036922478262412114,0.0031608238835528035,1244,8.961693946065149e-05
16000,negative,51,-0.0032429461804025462,-0.003239978384119171,-0.003441709798056916,0.0027967842421946078,1245,7.926369035279537e-05
16000,negative,50,-0.003023326847280796,-0.003022828115130663,-0.003440800040549088,0.0029458033336528093,1244,8.352059106761017e-05
16000,negative,49,-0.0028276690464022754,-0.0028300110484860974,-0.003281191689899,0.002942169272977111,1244,8.341755672986518e-05
16000,negative,48,-0.0026549206898402195,-0.0026540121796708492,-0.003412253228067564,0.0035243593762631525,1245,9.98839045492074e-05
16000,negative,47,-0.002497541826567787,-0.002497343587493808,-0.003126925268843428,0.002708568483479777,1244,7.679441397291654e-05
16000,negative,46,-0.0023572597046718,-0.0023568570620066637,-0.0030363333305771217,0.0027313247299223793,1245,7.740850165675227e-05
16000,negative,45,-0.0022313926563491807,-0.0022318874111052385,-0.0031934445520319338,0.0027992151641668093,1244,7.936446481874473e-05
16000,negative,44,-0.0021189066374809732,-0.0021189804833310812,-0.003052789323925018,0.0029709486765260693,1245,8.419968633884475e-05
16000,negative,43,-0.0020144845094043234,-0.002014313135399449,-0.0028843743099326996,0.002701912660880157,1244,7.660570543585611e-05
16000,negative,42,-0.0019176041105215744,-0.001916589188295481,-0.0029451787483587137,0.0028451533747775163,1245,8.063452042607859e-05
16000,negative,41,-0.0018250175893717417,-0.001824204139602974,-0.0028384184188444254,0.0028090151162381474,1244,7.964231696864283e-05
16000,negative,40,-0.00173877479866969,-0.001738232548199907,-0.0028887554238641905,0.0027864731997260706,1244,7.900319956070955e-05
16000,negative,39,-0.0016589973660349532,-0.0016575028119833837,-0.0029476893540303735,0.003524048664414869,1245,9.987509866158844e-05
16000,negative,38,-0.0015827766874248071,-0.0015826874586307715,-0.002653453947559198,0.002734978181131382,1244,7.754319225440616e-05
16000,negative,37,-0.0015108326650035456,-0.0015104029192980278,-0.0027667344582937396,0.0030662171437994346,1245,8.689969092855025e-05
16000,negative,36,-0.0014408427440029314,-0.001440332006529901,-0.0025466535069428695,0.0026558190960966955,1244,7.52988423024119e-05
16000,negative,35,-0.0013744936604628535,-0.00137452950312091,-0.002683541472872526,0.0029900504152031134,1245,8.474104890691657e-05
16000,negative,34,-0.001311012186949925,-0.0013099884027378988,-0.0025481952395185123,0.0028699238924742225,1244,8.136922688633028e-05
16000,negative,33,-0.0012542912067470518,-0.0012552088246921675,-0.002492691413283571,0.002869010038040342,1245,8.131064235968606e-05
16000,negative,32,-0.001196549652842611,-0.0011961469026468444,-0.0023121145989682644,0.0026225435388429297,1244,7.435540043099124e-05
16000,negative,31,-0.00114442939173027,-0.0011441681893915629,-0.002290482720716684,0.002709516872852996,1245,7.679044496009082e-05
16000,negative,30,-0.0010920879187684297,-0.0010916117993772295,-0.0023281496936080645,0.003388968181894149,1244,9.608537760399027e-05
16000,negative,29,-0.0010406036191174734,-0.0010413337109928967,-0.002226348335143801,0.0027491858587752297,1244,7.794601399778466e-05
16000,negative,28,-0.0009915077522486618,-0.0009918240486919865,-0.0021956620264735904,0.0025300663718749866,1245,7.170463650601658e-05
16000,negative,27,-0.0009437598218354229,-0.0009436083823653123,-0.0019750243714654987,0.002440328191549002,1244,6.918915822679516e-05
16000,negative,26,-0.0008987238779415835,-0.0008983061765811819,-0.002041744572937489,0.0028597075444274913,1245,8.104700029459087e-05
16000,negative,25,-0.0008552310437602561,-0.000855008282013155,-0.0020038525930041497,0.0026207489145473736,1244,7.430451852716664e-05
16000,negative,24,-0.0008147943514981355,-0.0008147369258205685,-0.002013737907267432,0.002563321976661581,1245,7.264713393593314e-05
16000,negative,23,-0.0007751234035656644,-0.0007748084344385655,-0.0018073709063720401,0.0026815320961746055,1244,7.602786753640997e-05
16000,negative,22,-0.0007355397633785479,-0.000735458503492543,-0.0019394576762154692,0.003310576147126654,1245,9.382507190089438e-05
16000,negative,21,-0.000697014194212354,-0.0006969480407311684,-0.0018076302853498984,0.0027780467928188515,1244,7.876429071115154e-05
16000,negative,20,-0.0006595551991482733,-0.000659526153139614,-0.0016635997898661688,0.002638950586156408,1244,7.48205795804753e-05
16000,negative,19,-0.0006200690880326572,-0.0006197501899773992,-0.0016502930246110345,0.0027151488647829945,1245,7.695006130005508e-05
16000,negative,18,-0.0005819413955882373,-0.0005820641288401346,-0.0016523868537285885,0.0027574122038613374,1244,7.817925061479463e-05
16000,negative,17,-0.0005446848153308385,-0.0005447343722987406,-0.0015213702197886469,0.002560515114579664,1245,7.256758462942336e-05
16000,negative,16,-0.0005099747490463569,-0.0005098561838378008,-0.0014225884922516785,0.0024533432142213665,1244,6.955816534072435e-05
16000,negative,15,-0.00047615580115229416,-0.0004765963825099705,-0.0014882709805248654,0.0024723312197022255,1245,7.00683639772847e-05
16000,negative,14,-0.0004416918638744155,-0.00044186226035929945,-0.0012212510991661384,0.002633762464298693,1244,7.467348388025087e-05
16000,negative,13,-0.0004080693395780893,-0.00040770385726366005,-0.0012468692934457077,0.0026857530460516936,1245,7.611695410557361e-05
16000,negative,12,-0.0003763038129536184,-0.0003760167553126439,-0.001127744951794868,0.0026001797975564044,1244,7.37213347181191e-05
16000,negative,11,-0.00034526540930937,-0.00034541021115040243,-0.0012006039445446137,0.0026632856895072885,1245,7.548020652765385e-05
16000,negative,10,-0.0003135786778509855,-0.0003138005339139386,-0.0011451029460950535,0.0025968727119125203,1244,7.362757090689213e-05
16000,negative,9,-0.0002819089402155593,-0.00028227208884093897,-0.0008838541716201248,0.0025345709658640197,1244,7.186116695348815e-05
16000,negative,8,-0.00025204652876086936,-0.0002517782661746208,-0.000805362076963371,0.0024456409883297694,1245,6.931193586136726e-05
16000,negative,7,-0.00022245426649806095,-0.00022253567074698372,-0.0006392324919348381,0.0025452707512219484,1244,7.216453153563175e-05
16000,negative,6,-0.00019264415041577134,-0.00019268536093990346,-0.0006339873937897713,0.0025160782435944603,1245,7.130819882165206e-05
16000,negative,5,-0.0001622285045174222,-0.00016225189530829812,-0.0005087355289719355,0.0025302666926875395,1244,7.17391304836026e-05
16000,negative,4,-0.00013198510189687168,-0.00013170280056764986,-0.0004482442387936065,0.0023314548487104133,1245,6.607578532933065e-05
16000,negative,3,-0.00010282167027874961,-0.00010271238605482766,-0.0004216850153728285,0.002994445652202565,1244,8.489971748442254e-05
16000,negative,2,-7.400902807575318e-05,-7.38637530447563e-05,-0.00018448950008154042,0.0023977847540156334,1245,6.795564184308076e-05
16000,negative,1,-4.4494505593108366e-05,-4.45596295373767e-05,-0.0001529271632272699,0.0024987937019778895,1244,7.084679569780553e-05
16000,negative,0,-1.4744189026406681e-05,-1.4504836966821145e-05,-5.292799282528876e-05,0.002259744610379528,1245,6.404344474315648e-05
16000,positive,0,1.3209016030680388e-05,1.350510599951333e-05,6.601995430695336e-05,0.0023921731291102954,1188,6.940398182595452e-05
16000,positive,1,4.0015804265389187e-05,4.043196211475781e-05,0.00018917845866588183,0.002270575501636348,1187,6.590381996994659e-05
16000,positive,2,6.651926274542796e-05,6.636291415569529e-05,0.0002078646520628936,0.002433935781814638,1188,7.061563927416517e-05
16000,positive,3,9.415306334784817e-05,9.385123544413091e-05,0.0004741470490898967,0.0024262099385868974,1187,7.042113459195371e-05
16000,positive,4,0.00012278303624120284,0.00012312635595391195,0.00047259455871948383,0.0024312900926090567,1188,7.053888004494936e-05
16000,positive,5,0.0001509467827450606,0.0001507165605113389,0.0005177761529589976,0.002364982387085743,1187,6.864399503926114e-05
16000,positive,6,0.00017859179793254588,0.00017838739211420275,0.000758189657118925,0.002489913713142292,1187,7.227014691798258e-05
16000,positive,7,0.00020649464666609626,0.00020630949136227601,0.0008155123617235259,0.0025092818682850735,1188,7.280165096053329e-05
16000,positive,8,0.00023555663083021144,0.00023560234323290825,0.0009191219363586183,0.0025733368243789105,1187,7.469151617009894e-05
16000,positive,9,0.00026485584532132204,0.0002644207448641246,0.001083900959932224,0.0029801744815640373,1188,8.646363134827577e-05
16000,positive,10,0.00029524721453367425,0.0002950913827730168,0.001041716823613682,0.0025263074694200274,1187,7.332648156090877e-05
16000,positive,11,0.0003255573774259178,0.0003255944196231753,0.0011970729455670957,0.0024514626827979325,1187,7.115409956362357e-05
16000,positive,12,0.00035618213417714983,0.000356170299688351,0.0013524618771673339,0.003066084256975381,1188,8.895612673615696e-05
16000,positive,13,0.00038652250283052785,0.0003859502526649706,0.001418704538530956,0.0026562825940549865,1187,7.709903050646926e-05
16000,positive,14,0.0004170906920668275,0.00041721879052671366,0.0014607135529730885,0.0029128501781547473,1188,8.451035519388588e-05
16000,positive,15,0.00044883718630791934,0.0004489028135181032,0.0015151570026098497,0.002669016566017283,1187,7.746863609549317e-05
16000,positive,16,0.0004812414520952634,0.00048115883781168903,0.0015726768149429858,0.002663587699638587,1187,7.731106237367478e-05
16000,positive,17,0.0005120567088849083,0.0005117242601363375,0.0017072532123649973,0.0027989952610636415,1188,8.120708901284421e-05
16000,positive,18,0.000545145668020601,0.0005444145002425646,0.001740482618610627,0.0027341743089351256,1187,7.935985008763343e-05
16000,positive,19,0.0005804962762691393,0.0005802252361606431,0.0017782171885142647,0.002565107621219465,1188,7.442132032933008e-05
16000,positive,20,0.0006166140945332013,0.0006165392804813445,0.0019182479337379566,0.002858219266288206,1187,8.296027497184695e-05
16000,positive,21,0.0006516846265894802,0.0006523869557329618,0.0018796268243183893,0.0025366599624906706,1187,7.362696434118896e-05
16000,positive,22,0.0006876675838215239,0.0006882743534686133,0.0019252096257442086,0.0029825716627374325,1188,8.65331806282034e-05
16000,positive,23,0.0007267569238913436,0.0007268171585808284,0.0021377237863147614,0.003103082485718127,1187,9.006746938971203e-05
16000,positive,24,0.0007672216821494164,0.0007674646383631544,0.002152439273871135,0.002885206379183295,1188,8.370832723944239e-05
16000,positive,25,0.000808141880164545,0.0008081580809503643,0.002236423368457237,0.0028019978555946924,1187,8.132843946312615e-05
16000,positive,26,0.0008495420960877398,0.0008489168353794463,0.002202001214374625,0.0028169392873797273,1187,8.176211692936523e-05
16000,positive,27,0.0008934067369886879,0.0008937791501033414,0.0023733311968514425,0.002792634285809205,1188,8.102253840253012e-05
16000,positive,28,0.0009378032442754736,0.0009381498324199352,0.002343062101641629,0.002670808535046314,1187,7.752064828544054e-05
16000,positive,29,0.0009835373014227483,0.0009829080475892665,0.0024219557739893834,0.0027434058661662494,1188,7.959427708622194e-05
16000,positive,30,0.0010314857990437265,0.0010310529564779556,0.00248106978247128,0.0027363208930634322,1187,7.942215503800408e-05
16000,positive,31,0.001083011074912108,0.0010833020892463106,0.002646999435706491,0.0027555261710214985,1187,7.997959132678154e-05
16000,positive,32,0.0011368171453396915,0.0011372971922393458,0.0025330976814907104,0.0029205692443939127,1188,8.473430802006599e-05
16000,positive,33,0.0011901545578828644,0.0011892343838355002,0.0027566082105429054,0.0038987109072570972,1187,0.00011316071258655287
16000,positive,34,0.001249944478340063,0.0012498963888107379,0.002677077814187336,0.002777191333965853,1188,8.057449292620887e-05
16000,positive,35,0.0013082750774145837,0.0013082379761865646,0.002633294484309139,0.0029059387176287566,1187,8.434533973976409e-05
16000,positive,36,0.0013676699724322462,0.0013677755683852964,0.002738723865936635,0.0028821963888392465,1187,8.365621481919505e-05
16000,positive,37,0.001433722546421875,0.0014330129656627594,0.002897490651167863,0.0030272412823036574,1188,8.782917773929027e-05
16000,positive,38,0.0015045685889149675,0.001504323848724536,0.0029400934917990875,0.002835060435055459,1187,8.228808616192744e-05
16000,positive,39,0.0015787966492822971,0.001577816567313398,0.0030235236804266215,0.003031667299533444,1188,8.795758952338707e-05
16000,positive,40,0.0016580698717200881,0.0016575271944798407,0.00300524365482591,0.0032539599078858865,1187,9.444671089077979e-05
16000,positive,41,0.001739126514329548,0.0017390671779483973,0.002996113535667109,0.0028045390596181325,1187,8.140219831956893e-05
16000,positive,42,0.0018277656904886637,0.001826826168831187,0.0032356049113532338,0.002939151259620847,1188,8.527342696233896e-05
16000,positive,43,0.001921180631380158,0.0019214723471523395,0.003220770083653917,0.003164602941141159,1187,9.185311052595554e-05
16000,positive,44,0.002025329158624941,0.002025032126985772,0.0032451308281718685,0.0029199311793030916,1188,8.47157958741731e-05
16000,positive,45,0.002138299825165343,0.002138746735684896,0.003251664167021377,0.0029279369558055913,1187,8.498384214913885e-05
16000,positive,46,0.002256992957002866,0.002254753251993764,0.003225993677256959,0.002795609634716024,1187,8.114302032229045e-05
16000,positive,47,0.002391314324469336,0.002391487362265532,0.003375774973717955,0.003206785532558522,1188,9.303828477673862e-05
16000,positive,48,0.0025356338463691113,0.002533297461919183,0.003398265439285502,0.0029887172232425986,1187,8.674799920976377e-05
16000,positive,49,0.002699762260410695,0.002696367085393908,0.0036634806502682526,0.0030854811226160303,1188,8.951888688675894e-05
16000,positive,50,0.0028924501759648165,0.002892255027916433,0.0036686338993853337,0.003082034323764665,1187,8.945654309588054e-05
16000,positive,51,0.0031053851729139974,0.00310468757537749,0.00350521627687304,0.0029715767590907083,1187,8.625049447457509e-05
16000,positive,52,0.003355667297025729,0.0033523718570549607,0.0037435896523246473,0.0031436324306453036,1188,9.120602745217455e-05
16000,positive,53,0.0036636664952868305,0.0036620425230891505,0.0037205600451929387,0.0033500449020511937,1187,9.723559333609826e-05
16000,positive,54,0.004035517090434107,0.0040272550740137,0.003966243910980677,0.0032388735387555594,1188,9.396925226058397e-05
16000,positive,55,0.00451708164230832,0.0045192085996311904,0.004073765496193606,0.003119026034298396,1187,9.053023345748204e-05
16000,positive,56,0.005136550773452165,0.005135038252927071,0.0040810976371777425,0.0032331896122452506,1187,9.384384971147237e-05
16000,positive,57,0.006041683186591835,0.006006899808303462,0.004404539716925144,0.0031348284003378988,1188,9.095059662569522e-05
16000,positive,58,0.007640278489594644,0.007533713820579298,0.004278535600970368,0.003036422303063019,1187,8.813264684199232e-05
16000,positive,59,0.014095611223320623,0.011849210134717751,0.0052583332645375425,0.003844393348244188,1188,0.0001115371637723375
