construction,observation_day,bars,high_high_bars,top_surface_cell_bars,mean_normalised_signed_impact,high_high_share_of_day,top_surface_cell_share_of_day,share_of_all_high_high_bars,share_of_all_top_surface_cell_bars,daily_log_return_pct,intraday_log_range_pct,range_rank_descending
event_bars,2021-01-01 00:00:00+00:00,43,2,2,0.0648447623289797,0.046511627906976744,0.046511627906976744,6.52507259143258e-05,0.0003468007629616785,1.3347291371595258,3.574349064803655,1085
event_bars,2021-01-02 00:00:00+00:00,326,43,4,0.060023281909314705,0.13190184049079753,0.012269938650306749,0.0014028906071580046,0.000693601525923357,9.310902653298506,14.509345343120476,41
event_bars,2021-01-03 00:00:00+00:00,329,7,0,0.039585764987901874,0.02127659574468085,0.0,0.0002283775407001403,0.0,2.664693118128223,8.480715397512597,173
event_bars,2021-01-04 00:00:00+00:00,333,19,1,0.04275808404382912,0.057057057057057055,0.003003003003003003,0.000619881896186095,0.00017340038148083925,-3.1555712756026573,19.10828247462485,12
event_bars,2021-01-05 00:00:00+00:00,292,2,0,0.03598523237891165,0.00684931506849315,0.0,6.52507259143258e-05,0.0,5.964066201859792,14.310084364067324,43
event_bars,2021-01-06 00:00:00+00:00,314,12,0,0.040252670253411386,0.03821656050955414,0.0,0.0003915043554859548,0.0,7.979500374478449,10.467972614424632,94
event_bars,2021-01-07 00:00:00+00:00,381,19,2,0.03906774735342301,0.049868766404199474,0.005249343832020997,0.000619881896186095,0.0003468007629616785,7.007600102105561,11.007449673375211,82
event_bars,2021-01-08 00:00:00+00:00,441,6,0,0.03367776831473083,0.013605442176870748,0.0,0.0001957521777429774,0.0,2.8426502141436294,14.225223896592611,44
event_bars,2021-01-09 00:00:00+00:00,262,4,0,0.027964226903169145,0.015267175572519083,0.0,0.0001305014518286516,0.0,-1.256472989968773,6.995475084946012,294
event_bars,2021-01-10 00:00:00+00:00,361,30,4,0.04909651192747623,0.08310249307479224,0.0110803324099723,0.000978760888714887,0.000693601525923357,-4.887230068718535,16.059755438569628,28
event_bars,2021-01-11 00:00:00+00:00,746,13,0,0.03426426826648157,0.01742627345844504,0.0,0.0004241297184431177,0.0,-7.588500275392429,23.00085302835467,5
event_bars,2021-01-12 00:00:00+00:00,442,2,0,0.023155145081569347,0.004524886877828055,0.0,6.52507259143258e-05,0.0,-3.8874626023974215,11.828570411678086,65
event_bars,2021-01-13 00:00:00+00:00,363,7,0,0.03036841374764864,0.01928374655647383,0.0,0.0002283775407001403,0.0,9.357192291710467,15.564775201034747,32
event_bars,2021-01-14 00:00:00+00:00,322,11,1,0.032477396405978125,0.034161490683229816,0.003105590062111801,0.0003588789925287919,0.00017340038148083925,4.578197553842432,8.90749488130527,148
event_bars,2021-01-15 00:00:00+00:00,368,23,1,0.040151771552657096,0.0625,0.002717391304347826,0.0007503833480147467,0.00017340038148083925,-6.34633686953759,14.329418496605031,42
event_bars,2021-01-16 00:00:00+00:00,268,5,0,0.028573480618052944,0.018656716417910446,0.0,0.00016312681478581448,0.0,-2.004961027014032,7.183525309360019,278
event_bars,2021-01-17 00:00:00+00:00,263,6,0,0.033465224785517944,0.022813688212927757,0.0,0.0001957521777429774,0.0,-0.43346325520213813,8.581961086807532,168
event_bars,2021-01-18 00:00:00+00:00,241,10,1,0.03197750487300823,0.04149377593360996,0.004149377593360996,0.00032625362957162897,0.00017340038148083925,2.235790923762215,7.575776854856084,246
event_bars,2021-01-19 00:00:00+00:00,238,4,0,0.03595998904810461,0.01680672268907563,0.0,0.0001305014518286516,0.0,-2.201683481758292,5.72157498686075,472
event_bars,2021-01-20 00:00:00+00:00,293,12,0,0.03688013309238437,0.040955631399317405,0.0,0.0003915043554859548,0.0,-1.0974488974119094,8.760954749962348,155
event_bars,2021-01-21 00:00:00+00:00,443,24,0,0.04049759109471119,0.05417607223476298,0.0,0.0007830087109719096,0.0,-13.940325245177771,16.983646188261353,24
event_bars,2021-01-22 00:00:00+00:00,387,4,0,0.026434118048638024,0.0103359173126615,0.0,0.0001305014518286516,0.0,6.612180246756223,15.824359829367346,30
event_bars,2021-01-23 00:00:00+00:00,237,2,1,0.031278967477320944,0.008438818565400843,0.004219409282700422,6.52507259143258e-05,0.00017340038148083925,-2.778063996610968,6.44290580538869,358
event_bars,2021-01-24 00:00:00+00:00,197,1,1,0.03099473054194017,0.005076142131979695,0.005076142131979695,3.26253629571629e-05,0.00017340038148083925,0.5877698681791681,6.9095300289589,307
event_bars,2021-01-25 00:00:00+00:00,264,11,2,0.042512906272931465,0.041666666666666664,0.007575757575757576,0.0003588789925287919,0.0003468007629616785,-0.06570734187389893,8.863477488798175,149
event_bars,2021-01-26 00:00:00+00:00,272,8,0,0.03734639284315505,0.029411764705882353,0.0,0.0002610029036573032,0.0,0.6811935037819955,6.71519483399397,328
event_bars,2021-01-27 00:00:00+00:00,334,16,0,0.04467541810949114,0.04790419161676647,0.0,0.0005220058073146064,0.0,-6.664598225545128,10.761447153774412,92
event_bars,2021-01-28 00:00:00+00:00,258,3,0,0.03138685210371917,0.011627906976744186,0.0,9.78760888714887e-05,0.0,9.466648998191912,12.387646313165794,60
event_bars,2021-01-29 00:00:00+00:00,571,38,1,0.04215076915125748,0.06654991243432574,0.0017513134851138354,0.00123976379237219,0.00017340038148083925,2.569576809867492,18.98313559499428,13
event_bars,2021-01-30 00:00:00+00:00,251,2,0,0.021076989116792438,0.00796812749003984,0.0,6.52507259143258e-05,0.0,0.06654327768278093,6.3107167116904135,383
event_bars,2021-01-31 00:00:00+00:00,199,6,1,0.040673057128181755,0.03015075376884422,0.005025125628140704,0.0001957521777429774,0.00017340038148083925,-3.4376128624859383,6.610917181225156,343
event_bars,2021-02-01 00:00:00+00:00,224,8,3,0.03537485600908707,0.03571428571428571,0.013392857142857142,0.0002610029036573032,0.0005202011444425178,1.2628709096579898,7.155323579203725,281
event_bars,2021-02-02 00:00:00+00:00,214,7,3,0.038608831152511916,0.03271028037383177,0.014018691588785047,0.0002283775407001403,0.0005202011444425178,5.676340863138178,7.460539272879608,254
event_bars,2021-02-03 00:00:00+00:00,212,2,0,0.0407118996242681,0.009433962264150943,0.0,6.52507259143258e-05,0.0,5.875228089331849,6.266582833015266,393
event_bars,2021-02-04 00:00:00+00:00,254,12,2,0.04007150828427074,0.047244094488188976,0.007874015748031496,0.0003915043554859548,0.0003468007629616785,-1.7930642807639723,6.930009482509587,304
event_bars,2021-02-05 00:00:00+00:00,189,2,2,0.03814276626048506,0.010582010582010581,0.010582010582010581,6.52507259143258e-05,0.0003468007629616785,3.700163092103658,4.868098498824711,667
event_bars,2021-02-06 00:00:00+00:00,282,8,0,0.04295903467365895,0.028368794326241134,0.0,0.0002610029036573032,0.0,2.299825188615276,6.874651470010059,314
event_bars,2021-02-07 00:00:00+00:00,264,6,1,0.03890017628976786,0.022727272727272728,0.003787878787878788,0.0001957521777429774,0.00017340038148083925,-1.0250698026422078,6.104967517129074,414
event_bars,2021-02-08 00:00:00+00:00,420,35,1,0.04579787175806357,0.08333333333333333,0.002380952380952381,0.0011418877035007016,0.00017340038148083925,17.871636830671715,21.46897996358352,7
event_bars,2021-02-09 00:00:00+00:00,378,6,0,0.027585896235884283,0.015873015873015872,0.0,0.0001957521777429774,0.0,0.08869871060331591,6.879205671337059,311
event_bars,2021-02-10 00:00:00+00:00,320,16,1,0.033349575961439705,0.05,0.003125,0.0005220058073146064,0.00017340038148083925,-3.5968066022399166,8.12546054955456,203
event_bars,2021-02-11 00:00:00+00:00,327,15,0,0.03317852894034966,0.045871559633027525,0.0,0.0004893804443574435,0.0,6.913101133204867,10.286028614732249,100
event_bars,2021-02-12 00:00:00+00:00,285,12,0,0.030647900085657535,0.042105263157894736,0.0,0.0003915043554859548,0.0,-1.4654861186783883,6.6229243226097925,338
event_bars,2021-02-13 00:00:00+00:00,221,5,0,0.03359821266510645,0.02262443438914027,0.0,0.00016312681478581448,0.0,-0.3010607903008814,4.31176315524051,819
event_bars,2021-02-14 00:00:00+00:00,247,10,2,0.04104297442744088,0.04048582995951417,0.008097165991902834,0.00032625362957162897,0.0003468007629616785,2.990684403472784,5.739531567836696,465
event_bars,2021-02-15 00:00:00+00:00,257,8,4,0.037626555229099384,0.0311284046692607,0.01556420233463035,0.0002610029036573032,0.000693601525923357,-1.39417071107966,7.946627845721266,217
event_bars,2021-02-16 00:00:00+00:00,327,30,3,0.04248678730186055,0.09174311926605505,0.009174311926605505,0.000978760888714887,0.0005202011444425178,2.4869098966628407,7.861761772441334,225
event_bars,2021-02-17 00:00:00+00:00,312,7,0,0.03340124584686413,0.022435897435897436,0.0,0.0002283775407001403,0.0,5.912787500048744,7.408658543603226,260
event_bars,2021-02-18 00:00:00+00:00,210,1,0,0.03837844552128196,0.004761904761904762,0.0,3.26253629571629e-05,0.0,-1.0996911810354317,3.26707822895487,1215
event_bars,2021-02-19 00:00:00+00:00,291,15,0,0.049775299615839645,0.05154639175257732,0.0,0.0004893804443574435,0.0,8.166178613497491,10.779455884382141,90
event_bars,2021-02-20 00:00:00+00:00,293,9,3,0.04040967462607223,0.030716723549488054,0.010238907849829351,0.00029362826661446606,0.0005202011444425178,-0.15387652156020648,6.801660435025838,319
event_bars,2021-02-21 00:00:00+00:00,238,4,0,0.03236957584420797,0.01680672268907563,0.0,0.0001305014518286516,0.0,2.8333474795739484,5.100589335674789,613
event_bars,2021-02-22 00:00:00+00:00,465,28,4,0.04672496987350165,0.060215053763440864,0.008602150537634409,0.0009135101628005612,0.000693601525923357,-6.013464174665704,18.73726072020393,17
event_bars,2021-02-23 00:00:00+00:00,767,4,0,0.02968782722746981,0.005215123859191656,0.0,0.0001305014518286516,0.0,-10.094538784658099,18.948937272539695,14
event_bars,2021-02-24 00:00:00+00:00,384,3,0,0.02326089123044452,0.0078125,0.0,9.78760888714887e-05,0.0,1.5654867664262055,9.018254917758886,145
event_bars,2021-02-25 00:00:00+00:00,367,11,0,0.03865540597775445,0.02997275204359673,0.0,0.0003588789925287919,0.0,-5.406287342516365,11.040361644165401,81
event_bars,2021-02-26 00:00:00+00:00,459,6,0,0.030004354471107324,0.013071895424836602,0.0,0.0001957521777429774,0.0,-1.6503911385558643,9.382505363759366,132
event_bars,2021-02-27 00:00:00+00:00,306,5,0,0.031700046342970155,0.016339869281045753,0.0,0.00016312681478581448,0.0,-0.45552920142766196,7.603603065211345,242
event_bars,2021-02-28 00:00:00+00:00,397,24,1,0.03653656227331032,0.060453400503778336,0.0025188916876574307,0.0007830087109719096,0.00017340038148083925,-2.0463685726434635,8.202517262325127,195
event_bars,2021-03-01 00:00:00+00:00,344,6,0,0.0314690723843101,0.01744186046511628,0.0,0.0001957521777429774,0.0,9.357344909394733,10.19640145340355,103
event_bars,2021-03-02 00:00:00+00:00,288,7,1,0.039047308869643665,0.024305555555555556,0.003472222222222222,0.0002283775407001403,0.00017340038148083925,-2.334571759125361,6.506643955060855,352
event_bars,2021-03-03 00:00:00+00:00,354,11,0,0.036493804419646315,0.031073446327683617,0.0,0.0003588789925287919,0.0,3.8850977796609385,9.076076591485391,143
event_bars,2021-03-04 00:00:00+00:00,394,16,0,0.03616433843329403,0.04060913705583756,0.0,0.0005220058073146064,0.0,-4.026444383397551,8.666043822484195,163
event_bars,2021-03-05 00:00:00+00:00,363,10,0,0.0326256675812951,0.027548209366391185,0.0,0.00032625362957162897,0.0,0.792129493725789,6.579259197487744,347
event_bars,2021-03-06 00:00:00+00:00,252,5,0,0.03403540909645139,0.01984126984126984,0.0,0.00016312681478581448,0.0,0.27747509891923783,4.4922406230267855,776
event_bars,2021-03-07 00:00:00+00:00,269,11,0,0.04099123832194254,0.040892193308550186,0.0,0.0003588789925287919,0.0,4.17876072763993,5.124810667913119,605
event_bars,2021-03-08 00:00:00+00:00,301,9,0,0.038006221873228704,0.029900332225913623,0.0,0.00029362826661446606,0.0,2.781206439081809,6.17334346062715,405
event_bars,2021-03-09 00:00:00+00:00,295,8,0,0.035869398609721354,0.02711864406779661,0.0,0.0002610029036573032,0.0,4.626971603050997,5.7490321401387146,464
event_bars,2021-03-10 00:00:00+00:00,398,17,1,0.040268258703094965,0.04271356783919598,0.002512562814070352,0.0005546311702717693,0.00017340038148083925,1.8585172792063203,8.035875255453979,208
event_bars,2021-03-11 00:00:00+00:00,389,12,0,0.03433099318608764,0.030848329048843187,0.0,0.0003915043554859548,0.0,3.3219324780676818,6.974735782901198,300
event_bars,2021-03-12 00:00:00+00:00,352,13,0,0.03351903689719816,0.036931818181818184,0.0,0.0004241297184431177,0.0,-0.9693137624344268,5.496726475709827,522
event_bars,2021-03-13 00:00:00+00:00,359,19,0,0.03378379463102162,0.052924791086350974,0.0,0.000619881896186095,0.0,6.710381242178268,9.855029012516386,119
event_bars,2021-03-14 00:00:00+00:00,258,7,0,0.04050537194394108,0.027131782945736434,0.0,0.0002283775407001403,0.0,-3.7081655318262636,4.62488154027105,737
event_bars,2021-03-15 00:00:00+00:00,433,31,3,0.041963189033446306,0.07159353348729793,0.006928406466512702,0.00101138625167205,0.0005202011444425178,-5.914506980561124,10.808474398245846,89
event_bars,2021-03-16 00:00:00+00:00,363,7,0,0.03298255495748954,0.01928374655647383,0.0,0.0002283775407001403,0.0,2.3226101072705325,6.624794327753891,337
event_bars,2021-03-17 00:00:00+00:00,350,16,0,0.037756193383193186,0.045714285714285714,0.0,0.0005220058073146064,0.0,3.4658764054106963,8.702296404854694,159
event_bars,2021-03-18 00:00:00+00:00,326,14,1,0.03415105127299521,0.04294478527607362,0.003067484662576687,0.0004567550814002806,0.00017340038148083925,-2.158510987106974,5.84950120176944,447
event_bars,2021-03-19 00:00:00+00:00,281,10,1,0.03546878031118868,0.03558718861209965,0.0035587188612099642,0.00032625362957162897,0.00017340038148083925,0.6720864009270865,5.609920318362075,498
event_bars,2021-03-20 00:00:00+00:00,232,10,1,0.03842738264760577,0.04310344827586207,0.004310344827586207,0.00032625362957162897,0.00017340038148083925,0.09721708702858696,3.508834104362804,1107
event_bars,2021-03-21 00:00:00+00:00,268,14,3,0.04380181007357735,0.05223880597014925,0.011194029850746268,0.0004567550814002806,0.0005202011444425178,-1.2621531311479142,5.675121704223042,482
event_bars,2021-03-22 00:00:00+00:00,313,22,3,0.04406175889521216,0.07028753993610223,0.009584664536741214,0.0007177579850575838,0.0005202011444425178,-5.892847026591947,8.68098122235872,161
event_bars,2021-03-23 00:00:00+00:00,294,7,0,0.03211889912958365,0.023809523809523808,0.0,0.0002283775407001403,0.0,0.49837216653934824,5.345673140287015,564
event_bars,2021-03-24 00:00:00+00:00,380,22,0,0.0420880629796088,0.05789473684210526,0.0,0.0007177579850575838,0.0,-3.9147157035069475,10.236200533802275,102
event_bars,2021-03-25 00:00:00+00:00,397,15,0,0.033426561004601445,0.037783375314861464,0.0,0.0004893804443574435,0.0,-1.8851409603237748,5.407147751471835,542
event_bars,2021-03-26 00:00:00+00:00,281,4,0,0.029591262902594055,0.014234875444839857,0.0,0.0001305014518286516,0.0,6.969643660173322,7.2656330993768865,267
event_bars,2021-03-27 00:00:00+00:00,253,9,0,0.0382254350975475,0.03557312252964427,0.0,0.00029362826661446606,0.0,1.4523710782999626,4.8044044323926265,686
event_bars,2021-03-28 00:00:00+00:00,214,4,1,0.039009627422735324,0.018691588785046728,0.004672897196261682,0.0001305014518286516,0.00017340038148083925,-0.041063097644633284,3.40317746931574,1157
event_bars,2021-03-29 00:00:00+00:00,268,18,2,0.04589389381275274,0.06716417910447761,0.007462686567164179,0.0005872565332289321,0.0003468007629616785,3.3021158164620408,6.27770972447559,390
event_bars,2021-03-30 00:00:00+00:00,239,6,2,0.03399670719188541,0.02510460251046025,0.008368200836820083,0.0001957521777429774,0.0003468007629616785,1.9117300898931364,4.200497513903672,856
event_bars,2021-03-31 00:00:00+00:00,307,21,2,0.04302688590942562,0.06840390879478828,0.006514657980456026,0.0006851326221004208,0.0003468007629616785,0.02222762474330283,5.326276819008236,570
event_bars,2021-04-01 00:00:00+00:00,197,4,2,0.03499178471026107,0.02030456852791878,0.01015228426395939,0.0001305014518286516,0.0003468007629616785,-0.032396011849633526,2.7047535927344692,1441
event_bars,2021-04-02 00:00:00+00:00,185,8,0,0.043115901231950395,0.043243243243243246,0.0,0.0002610029036573032,0.0,0.39684706749116866,3.209719591773339,1243
event_bars,2021-04-03 00:00:00+00:00,195,14,8,0.06560677289868903,0.07179487179487179,0.041025641025641026,0.0004567550814002806,0.001387203051846714,-3.2617916424514233,5.179843918816291,599
event_bars,2021-04-04 00:00:00+00:00,158,6,2,0.041374540616474074,0.0379746835443038,0.012658227848101266,0.0001957521777429774,0.0003468007629616785,1.9069088791059154,3.536519346944277,1096
event_bars,2021-04-05 00:00:00+00:00,190,4,1,0.056160483879301934,0.021052631578947368,0.005263157894736842,0.0001305014518286516,0.00017340038148083925,1.7174361081724476,4.434796151809454,786
event_bars,2021-04-06 00:00:00+00:00,187,7,1,0.046247645479548946,0.0374331550802139,0.0053475935828877,0.0002283775407001403,0.00017340038148083925,-2.0177595044731893,3.630979156576809,1059
event_bars,2021-04-07 00:00:00+00:00,262,14,5,0.042013542773622535,0.05343511450381679,0.019083969465648856,0.0004567550814002806,0.0008670019074041963,-3.580067768928188,5.57476647439478,508
event_bars,2021-04-08 00:00:00+00:00,183,3,0,0.04216150986924166,0.01639344262295082,0.0,9.78760888714887e-05,0.0,3.6872620617749083,4.284419098934165,825
event_bars,2021-04-09 00:00:00+00:00,155,2,1,0.05084552233520155,0.012903225806451613,0.0064516129032258064,6.52507259143258e-05,0.00017340038148083925,0.09131638613082081,2.1432453469326096,1665
event_bars,2021-04-10 00:00:00+00:00,253,22,2,0.04996323852614957,0.08695652173913043,0.007905138339920948,0.0007177579850575838,0.0003468007629616785,2.8074235529685216,6.442720047310484,359
event_bars,2021-04-11 00:00:00+00:00,165,1,0,0.04986004393786355,0.006060606060606061,0.0,3.26253629571629e-05,0.0,0.4298945027900454,2.519028741881201,1524
event_bars,2021-04-12 00:00:00+00:00,198,6,2,0.04720493328874868,0.030303030303030304,0.010101010101010102,0.0001957521777429774,0.0003468007629616785,-0.30345567168038834,3.2246058854017012,1236
event_bars,2021-04-13 00:00:00+00:00,277,20,3,0.04456800447362389,0.07220216606498195,0.010830324909747292,0.0006525072591432579,0.0005202011444425178,6.053146979991084,6.431076320793601,360
event_bars,2021-04-14 00:00:00+00:00,303,19,3,0.05026919827507188,0.0627062706270627,0.009900990099009901,0.000619881896186095,0.0005202011444425178,-0.9883697883182971,5.669857514153531,484
event_bars,2021-04-15 00:00:00+00:00,183,1,0,0.029987468082094106,0.00546448087431694,0.0,3.26253629571629e-05,0.0,0.3393405077078666,2.7732832704125325,1416
event_bars,2021-04-16 00:00:00+00:00,243,14,4,0.04732780743203774,0.05761316872427984,0.01646090534979424,0.0004567550814002806,0.000693601525923357,-2.9183023204678853,5.660362880491451,487
event_bars,2021-04-17 00:00:00+00:00,194,3,1,0.046207532788489,0.015463917525773196,0.005154639175257732,9.78760888714887e-05,0.00017340038148083925,-2.196577780574104,4.893392150729366,661
event_bars,2021-04-18 00:00:00+00:00,513,44,4,0.035572961105054444,0.08576998050682261,0.007797270955165692,0.0014355159701151675,0.000693601525923357,-6.799630661779163,18.879407129957215,15
event_bars,2021-04-19 00:00:00+00:00,298,10,2,0.0364022884571806,0.03355704697986577,0.006711409395973154,0.00032625362957162897,0.0003468007629616785,-0.9047926335372085,5.967257336378778,431
event_bars,2021-04-20 00:00:00+00:00,303,5,0,0.03783195509484182,0.0165016501650165,0.0,0.00016312681478581448,0.0,1.3855019536880822,6.758894533005449,322
event_bars,2021-04-21 00:00:00+00:00,251,5,1,0.04030833408081986,0.0199203187250996,0.00398406374501992,0.00016312681478581448,0.00017340038148083925,-4.739513953026745,5.703950275156925,477
event_bars,2021-04-22 00:00:00+00:00,398,31,3,0.04421120055781719,0.07788944723618091,0.007537688442211055,0.00101138625167205,0.0005202011444425178,-3.939836625367331,9.319842299781076,135
event_bars,2021-04-23 00:00:00+00:00,524,9,0,0.03033524944119694,0.01717557251908397,0.0,0.00029362826661446606,0.0,-1.1513466125839167,9.24615029896606,136
event_bars,2021-04-24 00:00:00+00:00,284,4,0,0.030191161949634036,0.014084507042253521,0.0,0.0001305014518286516,0.0,-2.035795634329438,4.994373966257087,634
event_bars,2021-04-25 00:00:00+00:00,300,21,2,0.04535677525217491,0.07,0.006666666666666667,0.0006851326221004208,0.0003468007629616785,-2.078228486205663,7.484842964627298,253
event_bars,2021-04-26 00:00:00+00:00,346,12,0,0.036949487676381336,0.03468208092485549,0.0,0.0003915043554859548,0.0,9.556947383683493,10.87467125257608,86
event_bars,2021-04-27 00:00:00+00:00,225,4,1,0.036927036387534945,0.017777777777777778,0.0044444444444444444,0.0001305014518286516,0.00017340038148083925,1.8752810633841925,4.1852179633421,863
event_bars,2021-04-28 00:00:00+00:00,254,11,2,0.048459232332401146,0.04330708661417323,0.007874015748031496,0.0003588789925287919,0.0003468007629616785,-0.26300662064112884,4.931227046731573,648
event_bars,2021-04-29 00:00:00+00:00,244,7,1,0.038165125648359534,0.028688524590163935,0.004098360655737705,0.0002283775407001403,0.00017340038148083925,-2.40364508649704,5.340984946532747,566
event_bars,2021-04-30 00:00:00+00:00,277,13,2,0.0382538312202272,0.04693140794223827,0.007220216606498195,0.0004241297184431177,0.0003468007629616785,7.4206790991308,8.820709852329573,150
event_bars,2021-05-01 00:00:00+00:00,198,1,0,0.04111308528978445,0.005050505050505051,0.0,3.26253629571629e-05,0.0,0.2563091196230843,2.4874875455190457,1540
event_bars,2021-05-02 00:00:00+00:00,189,5,2,0.04910556433809317,0.026455026455026454,0.010582010582010581,0.00016312681478581448,0.0003468007629616785,-2.1072763332979108,3.2616787325353345,1221
event_bars,2021-05-03 00:00:00+00:00,245,13,3,0.05164860418485523,0.053061224489795916,0.012244897959183673,0.0004241297184431177,0.0005202011444425178,1.0268246523908497,4.4243994244214,789
event_bars,2021-05-04 00:00:00+00:00,342,23,3,0.04027055664775984,0.06725146198830409,0.008771929824561403,0.0007503833480147467,0.0005202011444425178,-7.156539114171073,7.541827731534203,248
event_bars,2021-05-05 00:00:00+00:00,291,9,0,0.03560202336867897,0.030927835051546393,0.0,0.00029362826661446606,0.0,7.656058405675803,9.137561074189886,140
event_bars,2021-05-06 00:00:00+00:00,257,9,4,0.04071936071755846,0.03501945525291829,0.01556420233463035,0.00029362826661446606,0.000693601525923357,-1.8650255309273711,5.543657395571171,513
event_bars,2021-05-07 00:00:00+00:00,252,3,0,0.03635663312831326,0.011904761904761904,0.0,9.78760888714887e-05,0.0,1.6092452620823612,6.136894637629202,408
event_bars,2021-05-08 00:00:00+00:00,263,6,0,0.038856844788828594,0.022813688212927757,0.0,0.0001957521777429774,0.0,2.7035946581240387,4.513267262705988,768
event_bars,2021-05-09 00:00:00+00:00,248,8,2,0.03718088124789596,0.03225806451612903,0.008064516129032258,0.0002610029036573032,0.0003468007629616785,-1.0814573955684426,5.222386666893734,592
event_bars,2021-05-10 00:00:00+00:00,357,21,4,0.04415537195039664,0.058823529411764705,0.011204481792717087,0.0006851326221004208,0.000693601525923357,-4.245229790205194,11.356339954349917,75
event_bars,2021-05-11 00:00:00+00:00,271,0,0,0.028970649282339143,0.0,0.0,0.0,0.0,1.4941141247955596,4.248876349605225,842
event_bars,2021-05-12 00:00:00+00:00,428,35,4,0.04816568235568487,0.08177570093457943,0.009345794392523364,0.0011418877035007016,0.000693601525923357,-13.40928253373047,17.966362750618327,21
event_bars,2021-05-13 00:00:00+00:00,619,5,0,0.025611773938489714,0.008077544426494346,0.0,0.00016312681478581448,0.0,0.2327891160659,11.899370630413124,63
event_bars,2021-05-14 00:00:00+00:00,303,5,0,0.025159912683245737,0.0165016501650165,0.0,0.00016312681478581448,0.0,0.335410580452232,5.30502783070426,576
event_bars,2021-05-15 00:00:00+00:00,392,17,0,0.043265604205461335,0.04336734693877551,0.0,0.0005546311702717693,0.0,-6.374260634055576,8.484788553466572,172
event_bars,2021-05-16 00:00:00+00:00,505,30,0,0.0352777458124739,0.0594059405940594,0.0,0.000978760888714887,0.0,-0.7844996421996011,12.746543805763691,55
event_bars,2021-05-17 00:00:00+00:00,693,7,0,0.025586266849512387,0.010101010101010102,0.0,0.0002283775407001403,0.0,-6.364913341649476,10.152169372714127,105
event_bars,2021-05-18 00:00:00+00:00,514,10,0,0.027641370158614283,0.019455252918287938,0.0,0.00032625362957162897,0.0,-1.579208375508536,8.127096063996056,201
event_bars,2021-05-19 00:00:00+00:00,1205,24,2,0.027884480667513745,0.01991701244813278,0.0016597510373443983,0.0007830087109719096,0.0003468007629616785,-15.59839516196942,41.89435337344298,1
event_bars,2021-05-20 00:00:00+00:00,864,3,0,0.013638816147059299,0.003472222222222222,0.0,9.78760888714887e-05,0.0,9.876398834390859,19.659151942863318,11
event_bars,2021-05-21 00:00:00+00:00,924,10,0,0.024109947970214235,0.010822510822510822,0.0,0.00032625362957162897,0.0,-8.449551836203677,23.553165067159217,4
event_bars,2021-05-22 00:00:00+00:00,655,2,0,0.01674675896457518,0.0030534351145038168,0.0,6.52507259143258e-05,0.0,0.5807777215529897,9.866495165555376,118
event_bars,2021-05-23 00:00:00+00:00,986,11,0,0.02631198765762976,0.011156186612576065,0.0,0.0003588789925287919,0.0,-7.7288907679002605,20.73479529805094,8
event_bars,2021-05-24 00:00:00+00:00,735,7,0,0.01787970018976837,0.009523809523809525,0.0,0.0002283775407001403,0.0,11.240971850142355,14.973684947009922,34
event_bars,2021-05-25 00:00:00+00:00,615,6,0,0.02160581139936466,0.00975609756097561,0.0,0.0001957521777429774,0.0,-1.1846527137827079,8.796846962983459,152
event_bars,2021-05-26 00:00:00+00:00,560,9,0,0.021915390504268724,0.01607142857142857,0.0,0.00029362826661446606,0.0,2.314346921249667,7.869504242529199,224
event_bars,2021-05-27 00:00:00+00:00,535,4,0,0.02460432286565603,0.007476635514018692,0.0,0.0001305014518286516,0.0,-1.7925000835396858,8.527822794010723,171
event_bars,2021-05-28 00:00:00+00:00,727,14,0,0.02735461830151473,0.01925722145804677,0.0,0.0004567550814002806,0.0,-7.718245395543967,11.425565450656503,72
event_bars,2021-05-29 00:00:00+00:00,659,7,0,0.02335118197553391,0.010622154779969651,0.0,0.0002283775407001403,0.0,-3.0139044160970028,10.498897562011374,93
event_bars,2021-05-30 00:00:00+00:00,500,4,0,0.02010162840856228,0.008,0.0,0.0001305014518286516,0.0,2.9600918802224747,9.01019912486828,146
event_bars,2021-05-31 00:00:00+00:00,563,17,2,0.027744378408739005,0.03019538188277087,0.003552397868561279,0.0005546311702717693,0.0003468007629616785,4.3674574441752885,9.357834695956605,133
event_bars,2021-06-01 00:00:00+00:00,531,18,1,0.027149745632475263,0.03389830508474576,0.0018832391713747645,0.0005872565332289321,0.00017340038148083925,-1.495328826213602,6.525375825226005,351
event_bars,2021-06-02 00:00:00+00:00,422,10,0,0.02754840731522835,0.023696682464454975,0.0,0.00032625362957162897,0.0,2.3582256117954574,6.282219391692482,389
event_bars,2021-06-03 00:00:00+00:00,463,18,0,0.02947966287514205,0.038876889848812095,0.0,0.0005872565332289321,0.0,4.367934041022278,6.05730808340784,420
event_bars,2021-06-04 00:00:00+00:00,558,20,2,0.029437976676752926,0.035842293906810034,0.0035842293906810036,0.0006525072591432579,0.0003468007629616785,-6.3625959973243855,10.014632803741712,110
event_bars,2021-06-05 00:00:00+00:00,528,23,1,0.026041747923864603,0.043560606060606064,0.001893939393939394,0.0007503833480147467,0.00017340038148083925,-3.676541753650681,8.534665398427077,169
event_bars,2021-06-06 00:00:00+00:00,396,10,1,0.023644407625126772,0.025252525252525252,0.0025252525252525255,0.00032625362957162897,0.00017340038148083925,0.8521272706925274,3.6792896522516134,1036
event_bars,2021-06-07 00:00:00+00:00,515,27,4,0.035530741806838725,0.05242718446601942,0.007766990291262136,0.0008808847998433983,0.000693601525923357,-6.4930180611794786,10.349129988248892,97
event_bars,2021-06-08 00:00:00+00:00,702,16,0,0.02477994685949801,0.022792022792022793,0.0,0.0005220058073146064,0.0,-0.5331170343093137,9.518306514687954,125
event_bars,2021-06-09 00:00:00+00:00,762,21,0,0.023936717285010616,0.027559055118110236,0.0,0.0006851326221004208,0.0,11.309216078832097,14.679275432098985,39
event_bars,2021-06-10 00:00:00+00:00,666,12,0,0.023476455901744436,0.018018018018018018,0.0,0.0003915043554859548,0.0,-1.8918265747153256,7.382221704390478,261
event_bars,2021-06-11 00:00:00+00:00,551,6,0,0.023577802803946012,0.010889292196007259,0.0,0.0001957521777429774,0.0,1.7055149189166088,4.837994607146951,675
event_bars,2021-06-12 00:00:00+00:00,571,18,1,0.02653916001518097,0.03152364273204904,0.0017513134851138354,0.0005872565332289321,0.00017340038148083925,-4.842850432978484,7.910524804019515,221
event_bars,2021-06-13 00:00:00+00:00,599,30,2,0.028674949515849004,0.05008347245409015,0.00333889816360601,0.000978760888714887,0.0003468007629616785,9.285395223290866,12.524556923146877,59
event_bars,2021-06-14 00:00:00+00:00,663,17,0,0.02309222521593587,0.02564102564102564,0.0,0.0005546311702717693,0.0,3.7633733274378223,5.721580429593153,471
event_bars,2021-06-15 00:00:00+00:00,588,18,0,0.025196009789390343,0.030612244897959183,0.0,0.0005872565332289321,0.0,-0.8837351969357211,4.729416929531269,705
event_bars,2021-06-16 00:00:00+00:00,609,20,1,0.027851351860014226,0.03284072249589491,0.0016420361247947454,0.0006525072591432579,0.00017340038148083925,-4.5572091271193695,6.083300258287245,418
event_bars,2021-06-17 00:00:00+00:00,540,14,1,0.0225212293926434,0.025925925925925925,0.001851851851851852,0.0004567550814002806,0.00017340038148083925,-0.7369644082996901,5.802009287860468,453
event_bars,2021-06-18 00:00:00+00:00,652,22,1,0.028618215775076106,0.03374233128834356,0.0015337423312883436,0.0007177579850575838,0.00017340038148083925,-6.091595873806424,8.458202774914263,176
event_bars,2021-06-19 00:00:00+00:00,565,11,1,0.025205999018235656,0.019469026548672566,0.0017699115044247787,0.0003588789925287919,0.00017340038148083925,-0.9212849166064676,4.968209994577233,640
event_bars,2021-06-20 00:00:00+00:00,676,32,1,0.027746567373708193,0.047337278106508875,0.0014792899408284023,0.0010440116146292128,0.00017340038148083925,0.2972495440206897,8.189755919435685,196
event_bars,2021-06-21 00:00:00+00:00,1007,14,0,0.025912289832607825,0.013902681231380337,0.0,0.0004567550814002806,0.0,-11.867894784664205,13.441051173252458,47
event_bars,2021-06-22 00:00:00+00:00,1115,14,0,0.021057760912916418,0.012556053811659192,0.0,0.0004567550814002806,0.0,2.7770028851116875,14.50952623148735,40
event_bars,2021-06-23 00:00:00+00:00,774,7,0,0.016891285264200216,0.00904392764857881,0.0,0.0002283775407001403,0.0,3.486633312910812,9.488322890249684,127
event_bars,2021-06-24 00:00:00+00:00,632,13,0,0.024788825991226927,0.020569620253164556,0.0,0.0004241297184431177,0.0,2.9102330762419255,9.18349672684248,138
event_bars,2021-06-25 00:00:00+00:00,811,22,0,0.029155041240762115,0.027127003699136867,0.0,0.0007177579850575838,0.0,-9.29971458472472,12.75133202989595,54
event_bars,2021-06-26 00:00:00+00:00,830,3,0,0.025588736817531984,0.0036144578313253013,0.0,9.78760888714887e-05,0.0,2.1509103276254726,8.28130010971083,188
event_bars,2021-06-27 00:00:00+00:00,702,12,0,0.022108445311649027,0.017094017094017096,0.0,0.0003915043554859548,0.0,7.286275114862607,8.403971524321433,181
event_bars,2021-06-28 00:00:00+00:00,600,14,1,0.023853117097179976,0.023333333333333334,0.0016666666666666668,0.0004567550814002806,0.00017340038148083925,-0.5796624915588948,4.12119583504175,879
event_bars,2021-06-29 00:00:00+00:00,650,19,0,0.02529779497464645,0.02923076923076923,0.0,0.000619881896186095,0.0,4.048063248614959,6.827539106015486,316
event_bars,2021-06-30 00:00:00+00:00,587,22,1,0.02891501248895248,0.03747870528109029,0.0017035775127768314,0.0007177579850575838,0.00017340038148083925,-2.4796353884365026,5.839791631106484,448
event_bars,2021-07-01 00:00:00+00:00,585,13,1,0.02747402911133983,0.022222222222222223,0.0017094017094017094,0.0004241297184431177,0.00017340038148083925,-4.499882427718913,7.01127129858869,290
event_bars,2021-07-02 00:00:00+00:00,540,13,0,0.026820424737898915,0.024074074074074074,0.0,0.0004241297184431177,0.0,0.80588205230104,3.8297699920685635,980
event_bars,2021-07-03 00:00:00+00:00,429,15,1,0.02621923901926535,0.03496503496503497,0.002331002331002331,0.0004893804443574435,0.00017340038148083925,2.607805757930541,4.839911847282385,674
event_bars,2021-07-04 00:00:00+00:00,374,14,1,0.03198425119965965,0.0374331550802139,0.00267379679144385,0.0004567550814002806,0.00017340038148083925,1.7927229933964002,4.595075768619543,745
event_bars,2021-07-05 00:00:00+00:00,509,30,6,0.03376779753606354,0.05893909626719057,0.011787819253438114,0.000978760888714887,0.0010404022888850356,-4.663303573017632,6.588337583008384,345
event_bars,2021-07-06 00:00:00+00:00,489,24,1,0.03147690524075227,0.049079754601226995,0.002044989775051125,0.0007830087109719096,0.00017340038148083925,1.571334563292006,4.722532993589519,708
event_bars,2021-07-07 00:00:00+00:00,402,15,2,0.026989338255686057,0.03731343283582089,0.004975124378109453,0.0004893804443574435,0.0003468007629616785,-1.0590879760156506,3.8731251442656682,968
event_bars,2021-07-08 00:00:00+00:00,512,25,3,0.034066026960683435,0.048828125,0.005859375,0.0008156340739290725,0.0005202011444425178,-2.9796048599181493,5.591367737090169,504
event_bars,2021-07-09 00:00:00+00:00,410,15,2,0.02733094716158019,0.036585365853658534,0.004878048780487805,0.0004893804443574435,0.0003468007629616785,2.85050760069951,5.577934104768962,506
event_bars,2021-07-10 00:00:00+00:00,357,20,1,0.03420667362002322,0.056022408963585436,0.0028011204481792717,0.0006525072591432579,0.00017340038148083925,-0.91238778512961,3.6834558129634614,1033
event_bars,2021-07-11 00:00:00+00:00,319,13,3,0.03321860873283789,0.04075235109717868,0.009404388714733543,0.0004241297184431177,0.0005202011444425178,2.2312660891809175,3.897092353517384,948
event_bars,2021-07-12 00:00:00+00:00,411,23,5,0.03756905615955103,0.05596107055961071,0.012165450121654502,0.0007503833480147467,0.0008670019074041963,-3.5211524641320593,5.982019061035233,430
event_bars,2021-07-13 00:00:00+00:00,375,21,1,0.03565304751835628,0.056,0.0026666666666666666,0.0006851326221004208,0.00017340038148083925,-1.0999511173722136,3.5075560481919483,1108
event_bars,2021-07-14 00:00:00+00:00,397,18,4,0.03028253717332843,0.04534005037783375,0.010075566750629723,0.0005872565332289321,0.000693601525923357,0.29115897147645947,5.007651068481364,629
event_bars,2021-07-15 00:00:00+00:00,397,25,5,0.035857774926168255,0.06297229219143577,0.012594458438287154,0.0008156340739290725,0.0008670019074041963,-2.8966870038784553,6.315268655310868,382
event_bars,2021-07-16 00:00:00+00:00,386,25,0,0.03027517904247545,0.06476683937823834,0.0,0.0008156340739290725,0.0,-1.526010948780325,3.877629029249162,964
event_bars,2021-07-17 00:00:00+00:00,327,9,0,0.03467639987053725,0.027522935779816515,0.0,0.00029362826661446606,0.0,0.3520213193871593,2.5200786766475956,1523
event_bars,2021-07-18 00:00:00+00:00,318,24,6,0.03802005343419402,0.07547169811320754,0.018867924528301886,0.0007830087109719096,0.0010404022888850356,0.8546824146666606,4.2859903571525235,824
event_bars,2021-07-19 00:00:00+00:00,360,21,4,0.03887564298383494,0.058333333333333334,0.011111111111111112,0.0006851326221004208,0.000693601525923357,-3.0091016174175382,4.920704314923659,652
event_bars,2021-07-20 00:00:00+00:00,417,27,6,0.030488751444227823,0.06474820143884892,0.014388489208633094,0.0008808847998433983,0.0010404022888850356,-3.458193770700687,5.998456904496501,424
event_bars,2021-07-21 00:00:00+00:00,505,41,8,0.03416217739186789,0.08118811881188119,0.015841584158415842,0.0013376398812436788,0.001387203051846714,7.577988343589276,10.952860480732198,85
event_bars,2021-07-22 00:00:00+00:00,330,6,0,0.028531344287618603,0.01818181818181818,0.0,0.0001957521777429774,0.0,0.45348579398126504,2.748873058277227,1428
event_bars,2021-07-23 00:00:00+00:00,334,18,5,0.03636494498021247,0.05389221556886228,0.014970059880239521,0.0005872565332289321,0.0008670019074041963,4.147139072136476,5.118944430193724,608
event_bars,2021-07-24 00:00:00+00:00,323,15,2,0.03326598366717354,0.04643962848297214,0.006191950464396285,0.0004893804443574435,0.0003468007629616785,1.7591751436647936,3.2167164655609564,1239
event_bars,2021-07-25 00:00:00+00:00,344,15,1,0.04074852165522838,0.0436046511627907,0.0029069767441860465,0.0004893804443574435,0.00017340038148083925,3.278021038245735,4.589605107304755,747
event_bars,2021-07-26 00:00:00+00:00,777,40,4,0.026939431209805027,0.05148005148005148,0.005148005148005148,0.0013050145182865159,0.000693601525923357,5.091198775615184,31.407357477653008,2
event_bars,2021-07-27 00:00:00+00:00,515,11,0,0.023866265146136736,0.021359223300970873,0.0,0.0003588789925287919,0.0,5.804467166769945,8.33355110837404,184
event_bars,2021-07-28 00:00:00+00:00,606,22,0,0.029794492937415144,0.036303630363036306,0.0,0.0007177579850575838,0.0,1.397158123926307,5.377518086339146,554
event_bars,2021-07-29 00:00:00+00:00,414,5,0,0.026783400234796778,0.012077294685990338,0.0,0.00016312681478581448,0.0,0.024545097240086633,3.659332551342194,1049
event_bars,2021-07-30 00:00:00+00:00,480,39,3,0.03374394963893391,0.08125,0.00625,0.001272389155329353,0.0005202011444425178,5.3295580091976,9.920749095528187,114
event_bars,2021-07-31 00:00:00+00:00,377,13,0,0.024530685810892308,0.034482758620689655,0.0,0.0004241297184431177,0.0,-1.8010164574044758,3.5054752292092157,1112
event_bars,2021-08-01 00:00:00+00:00,436,32,3,0.03475422981119249,0.07339449541284404,0.006880733944954129,0.0010440116146292128,0.0005202011444425178,-3.9400443211032568,7.969969465984468,214
event_bars,2021-08-02 00:00:00+00:00,396,13,1,0.02795891489120981,0.03282828282828283,0.0025252525252525255,0.0004241297184431177,0.00017340038148083925,-1.7705546411169046,4.531290411994032,761
event_bars,2021-08-03 00:00:00+00:00,434,19,0,0.03361570253934335,0.04377880184331797,0.0,0.000619881896186095,0.0,-2.4414944819318527,5.623276392701873,496
event_bars,2021-08-04 00:00:00+00:00,407,16,0,0.032516655187816046,0.03931203931203931,0.0,0.0005220058073146064,0.0,3.926921008736989,6.392133071473989,367
event_bars,2021-08-05 00:00:00+00:00,576,39,0,0.03301557792692201,0.06770833333333333,0.0,0.001272389155329353,0.0,2.8560110739313416,10.332041079755982,99
event_bars,2021-08-06 00:00:00+00:00,532,12,1,0.02830288286891918,0.022556390977443608,0.0018796992481203006,0.0003915043554859548,0.00017340038148083925,4.650214701668194,8.534155281885589,170
event_bars,2021-08-07 00:00:00+00:00,531,16,1,0.030287223130965,0.030131826741996232,0.0018832391713747645,0.0005220058073146064,0.00017340038148083925,4.062666158494073,5.412355674638744,539
event_bars,2021-08-08 00:00:00+00:00,513,18,0,0.027372808074715163,0.03508771929824561,0.0,0.0005872565332289321,0.0,-1.8405562207353887,4.70661825024434,714
event_bars,2021-08-09 00:00:00+00:00,558,24,0,0.029449139065280548,0.043010752688172046,0.0,0.0007830087109719096,0.0,5.4917987296616,8.289908048061555,187
event_bars,2021-08-10 00:00:00+00:00,433,7,0,0.025822043593363212,0.016166281755196306,0.0,0.0002283775407001403,0.0,-1.457975425054228,4.65799482407464,728
event_bars,2021-08-11 00:00:00+00:00,373,7,1,0.03170454808195196,0.01876675603217158,0.002680965147453083,0.0002283775407001403,0.00017340038148083925,-0.14898132104142928,3.0407212924036555,1304
event_bars,2021-08-12 00:00:00+00:00,421,18,0,0.03490829661711145,0.04275534441805225,0.0,0.0005872565332289321,0.0,-2.5294979111672506,5.392308687476093,546
event_bars,2021-08-13 00:00:00+00:00,405,14,1,0.03183914091659095,0.0345679012345679,0.0024691358024691358,0.0004567550814002806,0.00017340038148083925,7.396553966635933,8.187296441789746,197
event_bars,2021-08-14 00:00:00+00:00,364,22,6,0.03472386762079841,0.06043956043956044,0.016483516483516484,0.0007177579850575838,0.0010404022888850356,-1.507700028719943,4.879016416943205,666
event_bars,2021-08-15 00:00:00+00:00,355,13,1,0.031032783294370092,0.036619718309859155,0.0028169014084507044,0.0004241297184431177,0.00017340038148083925,-0.1652252262561018,4.111218987652791,881
event_bars,2021-08-16 00:00:00+00:00,371,20,1,0.03283908253640035,0.05390835579514825,0.0026954177897574125,0.0006525072591432579,0.00017340038148083925,-2.323926507366765,5.104127076587943,610
event_bars,2021-08-17 00:00:00+00:00,438,19,1,0.0311702198569161,0.04337899543378995,0.00228310502283105,0.000619881896186095,0.00017340038148083925,-2.6954640377707273,6.075683751081833,419
event_bars,2021-08-18 00:00:00+00:00,389,8,0,0.028253178509910947,0.02056555269922879,0.0,0.0002610029036573032,0.0,0.020666762618491704,4.038506501499949,903
event_bars,2021-08-19 00:00:00+00:00,406,16,2,0.0337634549516546,0.03940886699507389,0.0049261083743842365,0.0005220058073146064,0.0003468007629616785,4.499606879961638,6.948480320255312,302
event_bars,2021-08-20 00:00:00+00:00,386,23,2,0.03143348027349688,0.05958549222797927,0.0051813471502590676,0.0007503833480147467,0.0003468007629616785,5.324378921474395,5.929974228129184,434
event_bars,2021-08-21 00:00:00+00:00,344,21,0,0.03586687586326543,0.061046511627906974,0.0,0.0006851326221004208,0.0,-0.9873652853937669,3.2281587392054667,1233
event_bars,2021-08-22 00:00:00+00:00,300,8,1,0.033143484498601085,0.02666666666666667,0.0033333333333333335,0.0002610029036573032,0.00017340038148083925,0.8707202497577853,3.0328239076739045,1309
event_bars,2021-08-23 00:00:00+00:00,343,18,3,0.03182573048241539,0.052478134110787174,0.008746355685131196,0.0005872565332289321,0.0005202011444425178,0.5073636965556458,3.0601632361175692,1295
event_bars,2021-08-24 00:00:00+00:00,370,16,4,0.040271379138603534,0.043243243243243246,0.010810810810810811,0.0005220058073146064,0.000693601525923357,-3.710466684814795,4.696537099492534,717
event_bars,2021-08-25 00:00:00+00:00,344,17,2,0.032248150922220324,0.04941860465116279,0.005813953488372093,0.0005546311702717693,0.0003468007629616785,2.6230003794178844,4.495762023646425,775
event_bars,2021-08-26 00:00:00+00:00,392,15,2,0.035033742635419717,0.03826530612244898,0.00510204081632653,0.0004893804443574435,0.0003468007629616785,-4.465396547341291,6.4835581591557725,355
event_bars,2021-08-27 00:00:00+00:00,358,14,0,0.032808868112433304,0.03910614525139665,0.0,0.0004567550814002806,0.0,4.6491629315005625,5.986367360114542,429
event_bars,2021-08-28 00:00:00+00:00,249,5,0,0.03367317440314466,0.020080321285140562,0.0,0.00016312681478581448,0.0,-0.30636426146213996,1.9183294665986208,1772
event_bars,2021-08-29 00:00:00+00:00,282,16,8,0.041927583978112526,0.05673758865248227,0.028368794326241134,0.0005220058073146064,0.001387203051846714,-0.27951237610275176,4.159925796531145,869
event_bars,2021-08-30 00:00:00+00:00,309,8,0,0.04013099082590617,0.025889967637540454,0.0,0.0002610029036573032,0.0,-3.696346041424997,4.259338166419862,837
event_bars,2021-08-31 00:00:00+00:00,323,10,0,0.03599872315907592,0.030959752321981424,0.0,0.00032625362957162897,0.0,0.26680129797190194,3.2981753949191903,1201
event_bars,2021-09-01 00:00:00+00:00,315,16,1,0.03659126858550231,0.050793650793650794,0.0031746031746031746,0.0005220058073146064,0.00017340038148083925,3.526904808404716,5.454808359302615,529
event_bars,2021-09-02 00:00:00+00:00,333,12,1,0.033225803196496796,0.036036036036036036,0.003003003003003003,0.0003915043554859548,0.00017340038148083925,0.9296997424366238,3.612262152268165,1068
event_bars,2021-09-03 00:00:00+00:00,371,29,7,0.03906713808764374,0.07816711590296496,0.018867924528301886,0.0009461355257577241,0.0012138026703658747,1.4657822138375165,5.588518105455556,505
event_bars,2021-09-04 00:00:00+00:00,265,2,1,0.03448651732528897,0.007547169811320755,0.0037735849056603774,6.52507259143258e-05,0.00017340038148083925,-0.17275561843366397,2.445698377266772,1564
event_bars,2021-09-05 00:00:00+00:00,280,13,4,0.04307564243031677,0.04642857142857143,0.014285714285714285,0.0004241297184431177,0.000693601525923357,3.6515511327917123,4.906509127507618,657
event_bars,2021-09-06 00:00:00+00:00,289,17,2,0.0315701964488452,0.058823529411764705,0.006920415224913495,0.0005546311702717693,0.0003468007629616785,1.6929579682926028,3.4469572139689966,1139
event_bars,2021-09-07 00:00:00+00:00,635,59,7,0.03945127759204097,0.09291338582677165,0.011023622047244094,0.001924896414472611,0.0012138026703658747,-11.70533125111961,22.958540761890927,6
event_bars,2021-09-08 00:00:00+00:00,401,6,0,0.018138833960812454,0.014962593516209476,0.0,0.0001957521777429774,0.0,-1.7263287705884485,6.356603564293257,373
event_bars,2021-09-09 00:00:00+00:00,310,13,0,0.028303986523818644,0.041935483870967745,0.0,0.0004241297184431177,0.0,0.765322382172933,4.090990274412615,888
event_bars,2021-09-10 00:00:00+00:00,328,20,5,0.042807983951802325,0.06097560975609756,0.01524390243902439,0.0006525072591432579,0.0008670019074041963,-3.4033521503269797,6.40319615342539,365
event_bars,2021-09-11 00:00:00+00:00,235,3,1,0.028770861318670866,0.01276595744680851,0.00425531914893617,9.78760888714887e-05,0.00017340038148083925,0.7394435822362513,2.7809816293961993,1413
event_bars,2021-09-12 00:00:00+00:00,246,12,2,0.045589068411454055,0.04878048780487805,0.008130081300813009,0.0003915043554859548,0.0003468007629616785,1.8688211654790146,3.8701190920113393,969
event_bars,2021-09-13 00:00:00+00:00,391,39,1,0.044629537488602176,0.09974424552429667,0.0025575447570332483,0.001272389155329353,0.00017340038148083925,-2.355664023369375,8.003487754138208,212
event_bars,2021-09-14 00:00:00+00:00,294,15,2,0.02820990259615522,0.05102040816326531,0.006802721088435374,0.0004893804443574435,0.0003468007629616785,4.587265233572923,5.612423260205576,497
event_bars,2021-09-15 00:00:00+00:00,273,9,0,0.0319907510387581,0.03296703296703297,0.0,0.00029362826661446606,0.0,2.140862680897965,3.713642808188994,1024
event_bars,2021-09-16 00:00:00+00:00,277,7,1,0.04259157679692407,0.02527075812274368,0.0036101083032490976,0.0002283775407001403,0.00017340038148083925,-0.7523742952353483,3.035609450372403,1306
event_bars,2021-09-17 00:00:00+00:00,250,4,1,0.041474168011962353,0.016,0.004,0.0001305014518286516,0.00017340038148083925,-0.9309825001700255,2.950688250943863,1343
event_bars,2021-09-18 00:00:00+00:00,232,4,2,0.03653848892557586,0.017241379310344827,0.008620689655172414,0.0001305014518286516,0.0003468007629616785,2.05480161039293,3.7664242380461217,1003
event_bars,2021-09-19 00:00:00+00:00,234,7,2,0.05074687769259036,0.029914529914529916,0.008547008547008548,0.0002283775407001403,0.0003468007629616785,-2.151398971022821,3.2031429478139293,1245
event_bars,2021-09-20 00:00:00+00:00,482,52,10,0.04227180579748956,0.1078838174273859,0.02074688796680498,0.0016965188737724708,0.0017340038148083927,-9.378056915497748,10.871366288936343,87
event_bars,2021-09-21 00:00:00+00:00,536,34,0,0.033712433601568684,0.06343283582089553,0.0,0.0011092623405435386,0.0,-5.494959694289507,9.934451837827014,112
event_bars,2021-09-22 00:00:00+00:00,366,10,0,0.02256963625374885,0.0273224043715847,0.0,0.00032625362957162897,0.0,6.630895998897017,8.138935606583555,199
event_bars,2021-09-23 00:00:00+00:00,292,11,0,0.03573588394907918,0.03767123287671233,0.0,0.0003588789925287919,0.0,2.9618810792223194,4.363809248126807,799
event_bars,2021-09-24 00:00:00+00:00,475,40,0,0.03538943981013755,0.08421052631578947,0.0,0.0013050145182865159,0.0,-4.633659174835808,10.464431829029863,95
event_bars,2021-09-25 00:00:00+00:00,251,2,0,0.02818404344325578,0.00796812749003984,0.0,6.52507259143258e-05,0.0,-0.345368995543376,3.120934174684677,1269
event_bars,2021-09-26 00:00:00+00:00,322,31,5,0.03882978402235183,0.09627329192546584,0.015527950310559006,0.00101138625167205,0.0008670019074041963,1.172923777862495,7.59826669189686,243
event_bars,2021-09-27 00:00:00+00:00,271,10,4,0.038405833179343374,0.03690036900369004,0.014760147601476014,0.00032625362957162897,0.000693601525923357,-2.40960989054389,5.303622343105819,578
event_bars,2021-09-28 00:00:00+00:00,311,18,1,0.03912302069576896,0.05787781350482315,0.003215434083601286,0.0005872565332289321,0.00017340038148083925,-2.686034920723698,4.534106756742638,759
event_bars,2021-09-29 00:00:00+00:00,269,7,0,0.03571350018319482,0.026022304832713755,0.0,0.0002283775407001403,0.0,1.2042180040112827,4.486693822540287,777
event_bars,2021-09-30 00:00:00+00:00,331,24,3,0.03789611026265428,0.07250755287009064,0.00906344410876133,0.0007830087109719096,0.0005202011444425178,5.386930551882873,6.347411427462483,376
event_bars,2021-10-01 00:00:00+00:00,392,26,7,0.03205495953467411,0.0663265306122449,0.017857142857142856,0.0008482594368862354,0.0012138026703658747,9.415759291235306,11.330368665146395,76
event_bars,2021-10-02 00:00:00+00:00,205,6,2,0.0335132232123013,0.02926829268292683,0.00975609756097561,0.0001957521777429774,0.0003468007629616785,-1.0387919944799704,1.939889141007561,1761
event_bars,2021-10-03 00:00:00+00:00,239,19,6,0.04640001487382308,0.0794979079497908,0.02510460251046025,0.000619881896186095,0.0010404022888850356,1.1703652244605012,4.634502383935972,734
event_bars,2021-10-04 00:00:00+00:00,321,30,5,0.041699388494581456,0.09345794392523364,0.01557632398753894,0.000978760888714887,0.0008670019074041963,2.074762409796293,5.5166871747066155,518
event_bars,2021-10-05 00:00:00+00:00,321,18,5,0.032449838651652345,0.056074766355140186,0.01557632398753894,0.0005872565332289321,0.0008670019074041963,4.482081947666127,5.707930993277642,474
event_bars,2021-10-06 00:00:00+00:00,421,22,3,0.03528395847229553,0.052256532066508314,0.007125890736342043,0.0007177579850575838,0.0005202011444425178,7.23543470006293,11.256359263021633,77
event_bars,2021-10-07 00:00:00+00:00,316,12,0,0.030828242471876377,0.0379746835443038,0.0,0.0003915043554859548,0.0,-2.771711583984578,3.6126113189323945,1067
event_bars,2021-10-08 00:00:00+00:00,289,14,1,0.03302201701665819,0.04844290657439446,0.0034602076124567475,0.0004567550814002806,0.00017340038148083925,0.29689235064237834,4.664094129218196,726
event_bars,2021-10-09 00:00:00+00:00,205,2,1,0.0392157866580671,0.00975609756097561,0.004878048780487805,6.52507259143258e-05,0.00017340038148083925,1.8098866875285526,3.5379740653395295,1095
event_bars,2021-10-10 00:00:00+00:00,301,27,6,0.04538101576371236,0.08970099667774087,0.019933554817275746,0.0008808847998433983,0.0010404022888850356,-0.47563124730995565,4.848997503041519,671
event_bars,2021-10-11 00:00:00+00:00,345,13,1,0.033272595002129236,0.03768115942028986,0.002898550724637681,0.0004241297184431177,0.00017340038148083925,4.992141228839773,6.094213939326819,416
event_bars,2021-10-12 00:00:00+00:00,372,21,4,0.03744467707075177,0.056451612903225805,0.010752688172043012,0.0006851326221004208,0.000693601525923357,-2.6222024757625877,7.189257645425684,277
event_bars,2021-10-13 00:00:00+00:00,354,15,1,0.03187965837200605,0.0423728813559322,0.002824858757062147,0.0004893804443574435,0.00017340038148083925,2.437075160317294,6.338146143501003,377
event_bars,2021-10-14 00:00:00+00:00,301,13,3,0.036035978621300306,0.04318936877076412,0.009966777408637873,0.0004241297184431177,0.0005202011444425178,-0.026940406450756075,3.097087057690461,1283
event_bars,2021-10-15 00:00:00+00:00,508,45,2,0.03398187182851484,0.08858267716535433,0.003937007874015748,0.0014681413330723304,0.0003468007629616785,7.2676075980328365,11.755039778009136,68
event_bars,2021-10-16 00:00:00+00:00,271,5,1,0.021786781194299977,0.01845018450184502,0.0036900369003690036,0.00016312681478581448,0.00017340038148083925,-1.2668902471395536,3.6269315334286074,1062
event_bars,2021-10-17 00:00:00+00:00,289,16,5,0.046108710591895766,0.05536332179930796,0.01730103806228374,0.0005220058073146064,0.0008670019074041963,1.0545497978136946,4.885440938486443,663
event_bars,2021-10-18 00:00:00+00:00,378,23,3,0.03474770450992194,0.06084656084656084,0.007936507936507936,0.0007503833480147467,0.0005202011444425178,0.7547521913156728,4.7318468981823925,704
event_bars,2021-10-19 00:00:00+00:00,403,32,3,0.031660235106263916,0.0794044665012407,0.007444168734491315,0.0010440116146292128,0.0005202011444425178,3.607350659499256,5.088538085956119,615
event_bars,2021-10-20 00:00:00+00:00,388,21,3,0.029686130180133337,0.05412371134020619,0.007731958762886598,0.0006851326221004208,0.0005202011444425178,2.6838603572984034,5.559284046278166,511
event_bars,2021-10-21 00:00:00+00:00,501,26,2,0.036396816776167726,0.05189620758483034,0.003992015968063872,0.0008482594368862354,0.0003468007629616785,-5.930328799305377,7.381991223526739,262
event_bars,2021-10-22 00:00:00+00:00,374,25,3,0.02613815173548128,0.06684491978609626,0.008021390374331552,0.0008156340739290725,0.0005202011444425178,-2.4816346701437517,6.11507515584045,412
event_bars,2021-10-23 00:00:00+00:00,253,12,1,0.028982934690292166,0.04743083003952569,0.003952569169960474,0.0003915043554859548,0.00017340038148083925,0.9681100561909548,3.5555054013154335,1088
event_bars,2021-10-24 00:00:00+00:00,254,14,4,0.04351617682297369,0.05511811023622047,0.015748031496062992,0.0004567550814002806,0.000693601525923357,-0.6909578671673526,3.379858490489445,1166
event_bars,2021-10-25 00:00:00+00:00,256,6,1,0.03398060135538143,0.0234375,0.00390625,0.0001957521777429774,0.00017340038148083925,3.5869724842521746,4.973000656684954,638
event_bars,2021-10-26 00:00:00+00:00,260,23,5,0.04795085465420937,0.08846153846153847,0.019230769230769232,0.0007503833480147467,0.0008670019074041963,-4.487828745550238,5.722351336704738,470
event_bars,2021-10-27 00:00:00+00:00,331,16,4,0.034240693205733364,0.04833836858006042,0.012084592145015106,0.0005220058073146064,0.000693601525923357,-3.2145020601657857,6.173714133042144,404
event_bars,2021-10-28 00:00:00+00:00,330,24,3,0.03722670015398721,0.07272727272727272,0.00909090909090909,0.0007830087109719096,0.0005202011444425178,3.6497620038272975,8.477003125488205,174
event_bars,2021-10-29 00:00:00+00:00,243,3,0,0.022373375047615544,0.012345679012345678,0.0,9.78760888714887e-05,0.0,2.743516589454425,4.620288853962902,739
event_bars,2021-10-30 00:00:00+00:00,178,4,0,0.040973774979916666,0.02247191011235955,0.0,0.0001305014518286516,0.0,-0.6650728118504757,2.900914266697025,1367
event_bars,2021-10-31 00:00:00+00:00,201,2,0,0.050467800763164955,0.009950248756218905,0.0,6.52507259143258e-05,0.0,-0.886995668036795,4.009633467904267,912
event_bars,2021-11-01 00:00:00+00:00,246,7,2,0.04030056167188182,0.028455284552845527,0.008130081300813009,0.0002283775407001403,0.0003468007629616785,-0.6668409102947159,5.15693673870041,603
event_bars,2021-11-02 00:00:00+00:00,258,18,1,0.036697320924498254,0.06976744186046512,0.003875968992248062,0.0005872565332289321,0.00017340038148083925,3.7422098364543994,5.905236261201069,440
event_bars,2021-11-03 00:00:00+00:00,240,23,4,0.04677217171674722,0.09583333333333334,0.016666666666666666,0.0007503833480147467,0.000693601525923357,-0.5074601380229009,5.348574824131195,562
event_bars,2021-11-04 00:00:00+00:00,211,4,2,0.03363289413302427,0.018957345971563982,0.009478672985781991,0.0001305014518286516,0.0003468007629616785,-2.435577185361871,3.95038931204761,932
event_bars,2021-11-05 00:00:00+00:00,193,2,0,0.04058145794844475,0.010362694300518135,0.0,6.52507259143258e-05,0.0,-0.6989580064325165,3.094188614465228,1284
event_bars,2021-11-06 00:00:00+00:00,182,6,4,0.047353778554977105,0.03296703296703297,0.02197802197802198,0.0001957521777429774,0.000693601525923357,0.8248677779817202,2.539444814219983,1515
event_bars,2021-11-07 00:00:00+00:00,177,5,2,0.050523509785969326,0.02824858757062147,0.011299435028248588,0.00016312681478581448,0.0003468007629616785,2.8923481550241137,3.22174077581086,1237
event_bars,2021-11-08 00:00:00+00:00,316,29,7,0.045130001967076304,0.09177215189873418,0.022151898734177215,0.0009461355257577241,0.0012138026703658747,6.556655700691408,7.049754562902362,287
event_bars,2021-11-09 00:00:00+00:00,293,15,2,0.03740504142484201,0.051194539249146756,0.006825938566552901,0.0004893804443574435,0.0003468007629616785,-0.8869372806810556,3.5197664601149663,1103
event_bars,2021-11-10 00:00:00+00:00,388,50,9,0.04773940803646987,0.12886597938144329,0.023195876288659795,0.001631268147858145,0.0015606034333275533,-3.1693816873846337,10.340862790108906,98
event_bars,2021-11-11 00:00:00+00:00,235,1,0,0.024777751379482037,0.00425531914893617,0.0,3.26253629571629e-05,0.0,-0.1369233678244686,2.3112402891492914,1607
event_bars,2021-11-12 00:00:00+00:00,290,16,7,0.04388603441579018,0.05517241379310345,0.02413793103448276,0.0005220058073146064,0.0012138026703658747,-1.0468104529807052,4.988007087912512,636
event_bars,2021-11-13 00:00:00+00:00,161,1,0,0.036481116782518745,0.006211180124223602,0.0,3.26253629571629e-05,0.0,0.42139354711279936,2.557631149850586,1508
event_bars,2021-11-14 00:00:00+00:00,175,1,1,0.05481336861383939,0.005714285714285714,0.005714285714285714,3.26253629571629e-05,0.00017340038148083925,1.756107537065087,2.9875918297161146,1328
event_bars,2021-11-15 00:00:00+00:00,239,8,2,0.04425796907551932,0.03347280334728033,0.008368200836820083,0.0002610029036573032,0.0003468007629616785,-2.962370300754803,4.690655775471031,719
event_bars,2021-11-16 00:00:00+00:00,462,38,13,0.03580965540166395,0.08225108225108226,0.02813852813852814,0.00123976379237219,0.00225420495925091,-5.735969525528491,8.622305686566847,165
event_bars,2021-11-17 00:00:00+00:00,322,15,0,0.0316595890080128,0.046583850931677016,0.0,0.0004893804443574435,0.0,0.43317661164001986,4.216186528485115,849
event_bars,2021-11-18 00:00:00+00:00,428,48,4,0.041135257152429494,0.11214953271028037,0.009345794392523364,0.0015660174219438191,0.000693601525923357,-5.877688106219682,7.651984599681411,235
event_bars,2021-11-19 00:00:00+00:00,303,2,0,0.024158686876559612,0.006600660066006601,0.0,6.52507259143258e-05,0.0,1.997569694375953,4.791282983851729,690
event_bars,2021-11-20 00:00:00+00:00,228,11,3,0.03883999265767414,0.04824561403508772,0.013157894736842105,0.0003588789925287919,0.0005202011444425178,2.7909173587646934,4.268330241624177,834
event_bars,2021-11-21 00:00:00+00:00,198,3,1,0.045456350036506235,0.015151515151515152,0.005050505050505051,9.78760888714887e-05,0.00017340038148083925,-1.782292089786457,2.5875071076516236,1492
event_bars,2021-11-22 00:00:00+00:00,356,32,4,0.04516446415522025,0.0898876404494382,0.011235955056179775,0.0010440116146292128,0.000693601525923357,-4.144652765841471,6.988436846981353,297
event_bars,2021-11-23 00:00:00+00:00,298,11,1,0.03442635313304088,0.03691275167785235,0.003355704697986577,0.0003588789925287919,0.00017340038148083925,2.2943572528742853,4.664176881502254,725
event_bars,2021-11-24 00:00:00+00:00,234,7,0,0.03529844457895108,0.029914529914529916,0.0,0.0002283775407001403,0.0,-0.7132022995275095,3.299644929007216,1200
event_bars,2021-11-25 00:00:00+00:00,229,3,0,0.03945164728194005,0.013100436681222707,0.0,9.78760888714887e-05,0.0,3.139419604585088,4.156932080655626,871
event_bars,2021-11-26 00:00:00+00:00,390,41,7,0.04164167082692325,0.10512820512820513,0.017948717948717947,0.0013376398812436788,0.0012138026703658747,-9.28913585437489,10.101030082407226,106
event_bars,2021-11-27 00:00:00+00:00,196,2,1,0.036312262490182164,0.01020408163265306,0.00510204081632653,6.52507259143258e-05,0.00017340038148083925,1.8123269713120849,3.046498666287019,1301
event_bars,2021-11-28 00:00:00+00:00,240,12,5,0.04988557217645786,0.05,0.020833333333333332,0.0003915043554859548,0.0008670019074041963,4.613094361210138,7.644199144460219,236
event_bars,2021-11-29 00:00:00+00:00,248,8,0,0.033628904972194354,0.03225806451612903,0.0,0.0002610029036573032,0.0,0.8897809948343127,3.8213315848172273,988
event_bars,2021-11-30 00:00:00+00:00,353,32,1,0.04510893507683933,0.0906515580736544,0.0028328611898017,0.0010440116146292128,0.00017340038148083925,-1.4859993534483673,5.7779201036166326,457
event_bars,2021-12-01 00:00:00+00:00,301,4,0,0.031242300255010066,0.013289036544850499,0.0,0.0001305014518286516,0.0,0.39998228301056954,4.499028625965728,773
event_bars,2021-12-02 00:00:00+00:00,254,6,0,0.03933126244771422,0.023622047244094488,0.0,0.0001957521777429774,0.0,-1.2235336683197928,2.8766652264989405,1376
event_bars,2021-12-03 00:00:00+00:00,354,40,7,0.04388119700667192,0.11299435028248588,0.01977401129943503,0.0013050145182865159,0.0012138026703658747,-5.270768574075211,13.070648307489815,50
event_bars,2021-12-04 00:00:00+00:00,588,27,2,0.0271319791418881,0.04591836734693878,0.003401360544217687,0.0008808847998433983,0.0003468007629616785,-8.718526815282026,27.60807914635236,3
event_bars,2021-12-05 00:00:00+00:00,309,12,1,0.03118506294067939,0.038834951456310676,0.003236245954692557,0.0003915043554859548,0.00017340038148083925,0.4891583655190733,3.9910897993815238,917
event_bars,2021-12-06 00:00:00+00:00,369,16,3,0.03501800516689133,0.04336043360433604,0.008130081300813009,0.0005220058073146064,0.0005202011444425178,2.1061004285673897,7.9479537666444475,216
event_bars,2021-12-07 00:00:00+00:00,264,8,0,0.03408146455401679,0.030303030303030304,0.0,0.0002610029036573032,0.0,0.30193508368957694,3.7614424346361606,1007
event_bars,2021-12-08 00:00:00+00:00,257,19,3,0.04122757981168822,0.07392996108949416,0.011673151750972763,0.000619881896186095,0.0005202011444425178,-0.23395180789615475,5.369576345429538,557
event_bars,2021-12-09 00:00:00+00:00,296,15,2,0.03666462618015707,0.05067567567567568,0.006756756756756757,0.0004893804443574435,0.0003468007629616785,-5.960680074987654,7.058253386397068,286
event_bars,2021-12-10 00:00:00+00:00,328,16,1,0.035596398066117446,0.04878048780487805,0.003048780487804878,0.0005220058073146064,0.00017340038148083925,-0.8513113214698005,6.929809660002845,305
event_bars,2021-12-11 00:00:00+00:00,246,4,0,0.03424643899283688,0.016260162601626018,0.0,0.0001305014518286516,0.0,4.650839569104797,5.768803540887102,459
event_bars,2021-12-12 00:00:00+00:00,233,8,2,0.03545380592654644,0.034334763948497854,0.008583690987124463,0.0002610029036573032,0.0003468007629616785,1.366709347894669,4.33102489156201,810
event_bars,2021-12-13 00:00:00+00:00,378,23,3,0.04202786751003776,0.06084656084656084,0.007936507936507936,0.0007503833480147467,0.0005202011444425178,-6.98484478203317,9.570882441793577,124
event_bars,2021-12-14 00:00:00+00:00,311,8,1,0.03135663506507099,0.02572347266881029,0.003215434083601286,0.0002610029036573032,0.00017340038148083925,3.4639059255970093,5.0632053150378695,622
event_bars,2021-12-15 00:00:00+00:00,396,31,1,0.0364241235292144,0.07828282828282829,0.0025252525252525255,0.00101138625167205,0.00017340038148083925,1.1327979583941625,6.170846777321452,406
event_bars,2021-12-16 00:00:00+00:00,260,1,0,0.029633281626457498,0.0038461538461538464,0.0,3.26253629571629e-05,0.0,-2.5826607751336272,4.002585452700325,915
event_bars,2021-12-17 00:00:00+00:00,392,33,4,0.0364330095315223,0.08418367346938775,0.01020408163265306,0.0010766369775863757,0.000693601525923357,-3.208166217360136,5.603696721850795,501
event_bars,2021-12-18 00:00:00+00:00,286,4,0,0.026794710167403563,0.013986013986013986,0.0,0.0001305014518286516,0.0,1.486255442886086,4.093379671072186,887
event_bars,2021-12-19 00:00:00+00:00,289,14,5,0.03902972418483234,0.04844290657439446,0.01730103806228374,0.0004567550814002806,0.0008670019074041963,-0.31526067507154637,4.347697716670772,803
event_bars,2021-12-20 00:00:00+00:00,352,9,2,0.03677281215796443,0.02556818181818182,0.005681818181818182,0.00029362826661446606,0.0003468007629616785,0.490538277909141,4.304687778176305,822
event_bars,2021-12-21 00:00:00+00:00,369,16,2,0.027993867728645993,0.04336043360433604,0.005420054200542005,0.0005220058073146064,0.0003468007629616785,4.131921803903242,5.522640699878884,517
event_bars,2021-12-22 00:00:00+00:00,298,6,2,0.037430875195818336,0.020134228187919462,0.006711409395973154,0.0001957521777429774,0.0003468007629616785,-0.6284349461907166,2.405730767503297,1578
event_bars,2021-12-23 00:00:00+00:00,282,19,3,0.04204782141521937,0.0673758865248227,0.010638297872340425,0.000619881896186095,0.0005202011444425178,4.524937448958965,6.758741393445325,323
event_bars,2021-12-24 00:00:00+00:00,243,7,0,0.04234033182864578,0.02880658436213992,0.0,0.0002283775407001403,0.0,-0.018479433908863096,2.7907285749926345,1409
event_bars,2021-12-25 00:00:00+00:00,171,2,0,0.04010943755796264,0.011695906432748537,0.0,6.52507259143258e-05,0.0,-0.8033923950129717,2.1423396959199774,1666
event_bars,2021-12-26 00:00:00+00:00,196,7,3,0.04955055170272176,0.03571428571428571,0.015306122448979591,0.0002283775407001403,0.0005202011444425178,0.715812594436,3.875298629723324,966
event_bars,2021-12-27 00:00:00+00:00,228,4,2,0.0442428544602489,0.017543859649122806,0.008771929824561403,0.0001305014518286516,0.0003468007629616785,-0.11433533859250525,3.2834580285505885,1212
event_bars,2021-12-28 00:00:00+00:00,338,22,6,0.04119574447163297,0.0650887573964497,0.01775147928994083,0.0007177579850575838,0.0010404022888850356,-6.4884774252897,6.989447380277601,296
event_bars,2021-12-29 00:00:00+00:00,274,14,4,0.03994928554314331,0.051094890510948905,0.014598540145985401,0.0004567550814002806,0.000693601525923357,-2.310653325166119,4.5180551759882945,766
event_bars,2021-12-30 00:00:00+00:00,226,8,0,0.03404892571811826,0.035398230088495575,0.0,0.0002610029036573032,0.0,1.4080828979121236,4.333002376734994,807
event_bars,2021-12-31 00:00:00+00:00,273,14,4,0.03885800752130398,0.05128205128205128,0.014652014652014652,0.0004567550814002806,0.000693601525923357,-1.8958919550426945,6.21053882225264,398
event_bars,2022-01-01 00:00:00+00:00,187,4,0,0.047267016318799905,0.0213903743315508,0.0,0.0001305014518286516,0.0,3.181402890631515,3.682073888388432,1035
event_bars,2022-01-02 00:00:00+00:00,184,8,1,0.05484493361272119,0.043478260869565216,0.005434782608695652,0.0002610029036573032,0.00017340038148083925,-0.8898111384061423,2.947858879206259,1346
event_bars,2022-01-03 00:00:00+00:00,230,11,4,0.045419041496716904,0.04782608695652174,0.017391304347826087,0.0003588789925287919,0.000693601525923357,-1.7801327933557864,4.097113789992406,886
event_bars,2022-01-04 00:00:00+00:00,273,11,2,0.042633169906025434,0.040293040293040296,0.007326007326007326,0.0003588789925287919,0.0003468007629616785,-1.327252201966786,4.472707556126055,780
event_bars,2022-01-05 00:00:00+00:00,413,44,4,0.0405917294996832,0.10653753026634383,0.009685230024213076,0.0014355159701151675,0.000693601525923357,-5.405421531600304,10.767062032791115,91
event_bars,2022-01-06 00:00:00+00:00,279,2,0,0.022062746512676378,0.007168458781362007,0.0,6.52507259143258e-05,0.0,-0.7900231733572566,3.2043151964098215,1244
event_bars,2022-01-07 00:00:00+00:00,389,32,5,0.03767910419083123,0.08226221079691516,0.012853470437017995,0.0010440116146292128,0.0008670019074041963,-3.6068667307592457,6.410592664773045,364
event_bars,2022-01-08 00:00:00+00:00,278,21,3,0.03856799521640058,0.07553956834532374,0.01079136690647482,0.0006851326221004208,0.0005202011444425178,0.3223859233762101,4.431219298174703,788
event_bars,2022-01-09 00:00:00+00:00,224,6,3,0.035875762017277615,0.026785714285714284,0.013392857142857142,0.0001957521777429774,0.0005202011444425178,0.39064312508496024,3.821709877238591,987
event_bars,2022-01-10 00:00:00+00:00,382,39,5,0.03943086056521203,0.10209424083769633,0.013089005235602094,0.001272389155329353,0.0008670019074041963,-0.11875280600306345,6.380864110602761,371
event_bars,2022-01-11 00:00:00+00:00,294,14,1,0.028197862824762762,0.047619047619047616,0.003401360544217687,0.0004567550814002806,0.00017340038148083925,2.128142498339671,4.4168225779508905,792
event_bars,2022-01-12 00:00:00+00:00,246,14,3,0.03479567123514755,0.056910569105691054,0.012195121951219513,0.0004567550814002806,0.0005202011444425178,2.725996430431698,4.348260379139196,802
event_bars,2022-01-13 00:00:00+00:00,264,28,7,0.04006203815166645,0.10606060606060606,0.026515151515151516,0.0009135101628005612,0.0012138026703658747,-3.1163764193236902,4.835018302355863,678
event_bars,2022-01-14 00:00:00+00:00,249,8,2,0.03943894829051972,0.0321285140562249,0.008032128514056224,0.0002610029036573032,0.0003468007629616785,1.1874396914981071,4.192540320521103,859
event_bars,2022-01-15 00:00:00+00:00,213,1,1,0.04046406361694644,0.004694835680751174,0.004694835680751174,3.26253629571629e-05,0.00017340038148083925,0.06528638040091574,2.940906002881161,1347
event_bars,2022-01-16 00:00:00+00:00,186,4,2,0.05046269045512489,0.021505376344086023,0.010752688172043012,0.0001305014518286516,0.0003468007629616785,-0.022872091585282778,2.1699899341258764,1655
event_bars,2022-01-17 00:00:00+00:00,229,8,2,0.04869761930713179,0.034934497816593885,0.008733624454148471,0.0002610029036573032,0.0003468007629616785,-2.0701417121600967,3.863451802217229,972
event_bars,2022-01-18 00:00:00+00:00,239,8,1,0.041915647316404916,0.03347280334728033,0.0041841004184100415,0.0002610029036573032,0.00017340038148083925,0.38157074156010823,3.383691879044684,1163
event_bars,2022-01-19 00:00:00+00:00,268,8,0,0.03983433338273586,0.029850746268656716,0.0,0.0002610029036573032,0.0,-1.6184321273431588,3.417375490471307,1146
event_bars,2022-01-20 00:00:00+00:00,325,39,4,0.040640595789514324,0.12,0.012307692307692308,0.001272389155329353,0.000693601525923357,-2.4170807275460544,7.011020839808216,291
event_bars,2022-01-21 00:00:00+00:00,619,35,4,0.037769819979249046,0.05654281098546042,0.006462035541195477,0.0011418877035007016,0.000693601525923357,-11.001026348394099,14.973226137818365,35
event_bars,2022-01-22 00:00:00+00:00,570,12,0,0.025067203992025656,0.021052631578947368,0.0,0.0003915043554859548,0.0,-3.8698723464502565,8.109094023146273,204
event_bars,2022-01-23 00:00:00+00:00,325,9,1,0.02609181203474991,0.027692307692307693,0.003076923076923077,0.00029362826661446606,0.00017340038148083925,3.3210032429038034,5.369794322656209,556
event_bars,2022-01-24 00:00:00+00:00,639,52,2,0.03290788490218421,0.081377151799687,0.003129890453834116,0.0016965188737724708,0.0003468007629616785,1.147981049345829,13.301899232852286,48
event_bars,2022-01-25 00:00:00+00:00,391,6,0,0.024357375216405637,0.015345268542199489,0.0,0.0001957521777429774,0.0,0.7772533046497448,5.101248562593462,612
event_bars,2022-01-26 00:00:00+00:00,484,25,3,0.03446875715863641,0.05165289256198347,0.006198347107438017,0.0008156340739290725,0.0005202011444425178,-0.3916216261359089,7.069490580648348,285
event_bars,2022-01-27 00:00:00+00:00,393,8,0,0.029445614173079983,0.020356234096692113,0.0,0.0002610029036573032,0.0,0.9296261320484379,4.757835838016079,697
event_bars,2022-01-28 00:00:00+00:00,349,10,2,0.03264109660302125,0.02865329512893983,0.0057306590257879654,0.00032625362957162897,0.0003468007629616785,1.510735867046142,4.993632075601835,635
event_bars,2022-01-29 00:00:00+00:00,255,17,6,0.03894964443973647,0.06666666666666667,0.023529411764705882,0.0005546311702717693,0.0010404022888850356,1.1966195678550278,3.9449378910238657,933
event_bars,2022-01-30 00:00:00+00:00,210,4,1,0.041466489954208784,0.01904761904761905,0.004761904761904762,0.0001305014518286516,0.00017340038148083925,-0.7366251755535183,2.865929463388755,1379
event_bars,2022-01-31 00:00:00+00:00,306,20,8,0.040657386862178006,0.06535947712418301,0.026143790849673203,0.0006525072591432579,0.001387203051846714,1.4914367891101319,5.632277442100142,493
event_bars,2022-02-01 00:00:00+00:00,328,17,2,0.035187919875325976,0.051829268292682924,0.006097560975609756,0.0005546311702717693,0.0003468007629616785,0.6262245801949301,3.3442774027557216,1177
event_bars,2022-02-02 00:00:00+00:00,309,21,2,0.0366252840632945,0.06796116504854369,0.006472491909385114,0.0006851326221004208,0.0003468007629616785,-4.734031704918209,6.117214708590495,411
event_bars,2022-02-03 00:00:00+00:00,283,14,1,0.03732309513630115,0.04946996466431095,0.0035335689045936395,0.0004567550814002806,0.00017340038148083925,1.0722377478249445,3.2359109335842393,1229
event_bars,2022-02-04 00:00:00+00:00,457,52,4,0.03530820721572896,0.1137855579868709,0.0087527352297593,0.0016965188737724708,0.000693601525923357,10.824393063960546,12.02869007908784,62
event_bars,2022-02-05 00:00:00+00:00,274,7,1,0.027356310619457883,0.025547445255474453,0.0036496350364963502,0.0002283775407001403,0.00017340038148083925,-0.4228180079428566,2.419180771494284,1575
event_bars,2022-02-06 00:00:00+00:00,212,31,6,0.05080310535497189,0.14622641509433962,0.02830188679245283,0.00101138625167205,0.0010404022888850356,2.3567290385417707,3.7178577006914417,1023
event_bars,2022-02-07 00:00:00+00:00,391,26,2,0.03218759124746439,0.06649616368286446,0.005115089514066497,0.0008482594368862354,0.0003468007629616785,3.408213242696677,6.807895036152309,318
event_bars,2022-02-08 00:00:00+00:00,434,29,1,0.03434528663731206,0.06682027649769585,0.002304147465437788,0.0009461355257577241,0.00017340038148083925,0.43614547923959995,6.709148478015031,329
event_bars,2022-02-09 00:00:00+00:00,306,5,0,0.03234158214069898,0.016339869281045753,0.0,0.00016312681478581448,0.0,0.7614911079018157,3.951872748330741,930
event_bars,2022-02-10 00:00:00+00:00,486,42,2,0.03897231130670032,0.08641975308641975,0.00411522633744856,0.0013702652442008417,0.0003468007629616785,-2.0194384548501194,6.094050135377614,417
event_bars,2022-02-11 00:00:00+00:00,397,15,0,0.030710100413445407,0.037783375314861464,0.0,0.0004893804443574435,0.0,-2.575479647334953,4.628893267179481,735
event_bars,2022-02-12 00:00:00+00:00,271,12,2,0.034228313121384774,0.04428044280442804,0.007380073800738007,0.0003915043554859548,0.0003468007629616785,-0.39287772554034756,3.407807276639823,1155
event_bars,2022-02-13 00:00:00+00:00,206,4,1,0.040090115016229895,0.019417475728155338,0.0048543689320388345,0.0001305014518286516,0.00017340038148083925,-0.376895262581299,2.1417037820060947,1667
event_bars,2022-02-14 00:00:00+00:00,285,18,3,0.04054387633582583,0.06315789473684211,0.010526315789473684,0.0005872565332289321,0.0005202011444425178,1.14736465801576,3.2272329437455323,1234
event_bars,2022-02-15 00:00:00+00:00,273,12,2,0.035233806481459747,0.04395604395604396,0.007326007326007326,0.0003915043554859548,0.0003468007629616785,4.605870612740339,5.439932932612205,531
event_bars,2022-02-16 00:00:00+00:00,249,11,3,0.043920642574699825,0.04417670682730924,0.012048192771084338,0.0003588789925287919,0.0005202011444425178,-1.5137679544996452,2.867601226283092,1378
event_bars,2022-02-17 00:00:00+00:00,379,42,7,0.042051389056025665,0.11081794195250659,0.018469656992084433,0.0013702652442008417,0.0012138026703658747,-7.992396783930788,9.821109914687884,120
event_bars,2022-02-18 00:00:00+00:00,341,27,1,0.03314121095338129,0.07917888563049853,0.002932551319648094,0.0008808847998433983,0.00017340038148083925,-1.3050375003826564,3.7883685670009632,997
event_bars,2022-02-19 00:00:00+00:00,195,4,2,0.03578469541799832,0.020512820512820513,0.010256410256410256,0.0001305014518286516,0.0003468007629616785,0.21444807854443887,2.0698061795718514,1701
event_bars,2022-02-20 00:00:00+00:00,277,30,9,0.039224517433174406,0.10830324909747292,0.032490974729241874,0.000978760888714887,0.0015606034333275533,-4.296720507834369,5.62957985667328,494
event_bars,2022-02-21 00:00:00+00:00,474,49,5,0.04039014095603497,0.10337552742616034,0.010548523206751054,0.001598642784900982,0.0008670019074041963,-3.667089499595133,7.208910145172691,275
event_bars,2022-02-22 00:00:00+00:00,379,11,1,0.02769863605611198,0.029023746701846966,0.002638522427440633,0.0003588789925287919,0.00017340038148083925,3.2599324900621363,5.726275646695925,468
event_bars,2022-02-23 00:00:00+00:00,334,17,1,0.03033331163792849,0.05089820359281437,0.0029940119760479044,0.0005546311702717693,0.00017340038148083925,-2.6096425374682823,6.002862111619348,422
event_bars,2022-02-24 00:00:00+00:00,717,33,2,0.03316981206533309,0.04602510460251046,0.002789400278940028,0.0010766369775863757,0.0003468007629616785,2.8785594193201156,16.29848056794619,27
event_bars,2022-02-25 00:00:00+00:00,397,5,0,0.02288499216270336,0.012594458438287154,0.0,0.00016312681478581448,0.0,2.2941709152532646,4.504473422714387,772
event_bars,2022-02-26 00:00:00+00:00,253,8,0,0.03529404115616695,0.03162055335968379,0.0,0.0002610029036573032,0.0,-0.270992839333129,4.758703866616654,695
event_bars,2022-02-27 00:00:00+00:00,370,45,6,0.0435992133943702,0.12162162162162163,0.016216216216216217,0.0014681413330723304,0.0010404022888850356,-3.718745107651025,7.644026556999632,237
event_bars,2022-02-28 00:00:00+00:00,527,40,1,0.03140697252960585,0.07590132827324478,0.0018975332068311196,0.0013050145182865159,0.00017340038148083925,13.587851824249114,16.985409987871893,23
event_bars,2022-03-01 00:00:00+00:00,439,8,0,0.02495458783612264,0.018223234624145785,0.0,0.0002610029036573032,0.0,2.8308292053962707,4.9487636678098665,644
event_bars,2022-03-02 00:00:00+00:00,384,29,0,0.031101163426342903,0.07552083333333333,0.0,0.0009461355257577241,0.0,-1.1506788206951866,4.577267066893365,748
event_bars,2022-03-03 00:00:00+00:00,361,25,2,0.030051127721553102,0.06925207756232687,0.00554016620498615,0.0008156340739290725,0.0003468007629616785,-3.327567121632328,5.236847338894916,589
event_bars,2022-03-04 00:00:00+00:00,432,35,3,0.035806099352140915,0.08101851851851852,0.006944444444444444,0.0011418877035007016,0.0005202011444425178,-8.148683379861883,9.889564579782775,116
event_bars,2022-03-05 00:00:00+00:00,215,6,0,0.026124449921511257,0.027906976744186046,0.0,0.0001957521777429774,0.0,0.6302980761181987,2.6430098912455393,1468
event_bars,2022-03-06 00:00:00+00:00,291,22,4,0.05191361312142015,0.07560137457044673,0.013745704467353952,0.0007177579850575838,0.000693601525923357,-2.498149804986823,4.204050766499358,854
event_bars,2022-03-07 00:00:00+00:00,416,28,4,0.03802018857214374,0.0673076923076923,0.009615384615384616,0.0009135101628005612,0.000693601525923357,-1.1453030911133861,6.303270222838342,386
event_bars,2022-03-08 00:00:00+00:00,358,11,0,0.032395785659100014,0.030726256983240222,0.0,0.0003588789925287919,0.0,1.9464941260550075,3.8544285610052103,974
event_bars,2022-03-09 00:00:00+00:00,417,27,1,0.02740614018246831,0.06474820143884892,0.002398081534772182,0.0008808847998433983,0.00017340038148083925,8.008503345748633,9.87142906865283,117
event_bars,2022-03-10 00:00:00+00:00,431,41,4,0.03276403721628816,0.0951276102088167,0.009280742459396751,0.0013376398812436788,0.000693601525923357,-6.227956288415575,8.751607061854255,156
event_bars,2022-03-11 00:00:00+00:00,387,29,1,0.032265526830004845,0.07493540051679587,0.002583979328165375,0.0009461355257577241,0.00017340038148083925,-1.7770542174145907,5.207309293550495,595
event_bars,2022-03-12 00:00:00+00:00,178,3,1,0.03304519992426272,0.016853932584269662,0.0056179775280898875,9.78760888714887e-05,0.00017340038148083925,0.20514627409676556,2.425433822234303,1572
event_bars,2022-03-13 00:00:00+00:00,217,26,8,0.05096552890552089,0.11981566820276497,0.03686635944700461,0.0008482594368862354,0.001387203051846714,-2.7413510247405477,4.688358589885046,722
event_bars,2022-03-14 00:00:00+00:00,301,20,4,0.03830085143580855,0.0664451827242525,0.013289036544850499,0.0006525072591432579,0.000693601525923357,4.9386754039171405,6.367432357349529,372
event_bars,2022-03-15 00:00:00+00:00,289,20,3,0.030482549587188566,0.06920415224913495,0.010380622837370242,0.0006525072591432579,0.0005202011444425178,-0.9644967359181732,4.689505411892896,720
event_bars,2022-03-16 00:00:00+00:00,533,39,5,0.03517619213753422,0.07317073170731707,0.009380863039399626,0.001272389155329353,0.0008670019074041963,4.566544418170813,7.715242869652106,233
event_bars,2022-03-17 00:00:00+00:00,225,4,0,0.02318491535035708,0.017777777777777778,0.0,0.0001305014518286516,0.0,-0.5068056309003709,2.5766242143303675,1498
event_bars,2022-03-18 00:00:00+00:00,259,25,5,0.044982296345126016,0.09652509652509653,0.019305019305019305,0.0008156340739290725,0.0008670019074041963,2.0654216697553953,5.434370622664763,532
event_bars,2022-03-19 00:00:00+00:00,174,3,2,0.03284808776037127,0.017241379310344827,0.011494252873563218,9.78760888714887e-05,0.0003468007629616785,1.0402787171848544,2.2553388084485633,1626
event_bars,2022-03-20 00:00:00+00:00,201,4,1,0.04337216003809022,0.01990049751243781,0.004975124378109453,0.0001305014518286516,0.00017340038148083925,-2.2222817189564736,3.29309911846353,1205
event_bars,2022-03-21 00:00:00+00:00,247,9,1,0.03781905704810359,0.03643724696356275,0.004048582995951417,0.00029362826661446606,0.00017340038148083925,-0.6784797983480024,2.7190651188836408,1437
event_bars,2022-03-22 00:00:00+00:00,321,26,5,0.03606248365298282,0.08099688473520249,0.01557632398753894,0.0008482594368862354,0.0008670019074041963,3.283075262209439,6.321197217055705,380
event_bars,2022-03-23 00:00:00+00:00,237,9,1,0.04078145583772378,0.0379746835443038,0.004219409282700422,0.00029362826661446606,0.00017340038148083925,1.215723428547076,3.113401264146914,1271
event_bars,2022-03-24 00:00:00+00:00,284,25,4,0.037658910103753135,0.0880281690140845,0.014084507042253521,0.0008156340739290725,0.000693601525923357,2.5463944297306735,3.8632650801727073,973
event_bars,2022-03-25 00:00:00+00:00,303,23,3,0.03443069887066926,0.07590759075907591,0.009900990099009901,0.0007503833480147467,0.0005202011444425178,0.7192107481489924,3.5327190712252268,1097
event_bars,2022-03-26 00:00:00+00:00,146,2,1,0.036344499926872505,0.0136986301369863,0.00684931506849315,6.52507259143258e-05,0.00017340038148083925,0.4473998167952763,1.6752243700135012,1855
event_bars,2022-03-27 00:00:00+00:00,246,35,12,0.06109201862778934,0.14227642276422764,0.04878048780487805,0.0011418877035007016,0.0020808045777700713,5.107883781047616,5.754733715880273,462
event_bars,2022-03-28 00:00:00+00:00,314,20,3,0.029500428313902885,0.06369426751592357,0.009554140127388535,0.0006525072591432579,0.0005202011444425178,0.640817667856545,3.2660370621375905,1217
event_bars,2022-03-29 00:00:00+00:00,231,6,2,0.03707277259492888,0.025974025974025976,0.008658008658008658,0.0001957521777429774,0.0003468007629616785,0.6276708960983729,2.5029987582232653,1529
event_bars,2022-03-30 00:00:00+00:00,218,4,2,0.05018145060549929,0.01834862385321101,0.009174311926605505,0.0001305014518286516,0.0003468007629616785,-0.7733571443242021,2.448765798238197,1560
event_bars,2022-03-31 00:00:00+00:00,260,19,4,0.0404212375184021,0.07307692307692308,0.015384615384615385,0.000619881896186095,0.000693601525923357,-3.3432565819856,5.247506787741515,587
event_bars,2022-04-01 00:00:00+00:00,287,12,2,0.03376688999658289,0.041811846689895474,0.006968641114982578,0.0003915043554859548,0.0003468007629616785,1.6569685018289624,5.487911393511256,524
event_bars,2022-04-02 00:00:00+00:00,197,11,1,0.046630656563545654,0.05583756345177665,0.005076142131979695,0.0003588789925287919,0.00017340038148083925,-1.0243331252178818,3.5265533310353465,1102
event_bars,2022-04-03 00:00:00+00:00,187,11,4,0.04996095451922874,0.058823529411764705,0.0213903743315508,0.0003588789925287919,0.000693601525923357,1.3019697997942203,4.190007079905588,860
event_bars,2022-04-04 00:00:00+00:00,231,10,1,0.042347687163253024,0.04329004329004329,0.004329004329004329,0.00032625362957162897,0.00017340038148083925,0.4057088681378422,3.917252205723794,943
event_bars,2022-04-05 00:00:00+00:00,213,13,5,0.04131457371045742,0.06103286384976526,0.023474178403755867,0.0004241297184431177,0.0008670019074041963,-2.3975086604531533,4.083259049060764,890
event_bars,2022-04-06 00:00:00+00:00,331,34,7,0.04237472402139615,0.1027190332326284,0.021148036253776436,0.0011092623405435386,0.0012138026703658747,-5.231050866890268,5.406184819441685,544
event_bars,2022-04-07 00:00:00+00:00,218,7,0,0.03676577524048513,0.03211009174311927,0.0,0.0002283775407001403,0.0,0.5943866262800003,2.779336373297759,1414
event_bars,2022-04-08 00:00:00+00:00,273,27,4,0.0497531363319109,0.0989010989010989,0.014652014652014652,0.0008808847998433983,0.000693601525923357,-2.774144783404527,4.403439826682855,795
event_bars,2022-04-09 00:00:00+00:00,129,0,0,0.03239752852971531,0.0,0.0,0.0,0.0,1.173786500058686,1.6406130257755633,1870
event_bars,2022-04-10 00:00:00+00:00,170,9,4,0.0634951266576454,0.052941176470588235,0.023529411764705882,0.00029362826661446606,0.000693601525923357,-1.4037095812499218,3.6640598659073307,1045
event_bars,2022-04-11 00:00:00+00:00,377,42,7,0.0358940045069071,0.11140583554376658,0.01856763925729443,0.0013702652442008417,0.0012138026703658747,-6.456209346716949,8.008535805470869,211
event_bars,2022-04-12 00:00:00+00:00,289,7,1,0.03392219030288956,0.02422145328719723,0.0034602076124567475,0.0002283775407001403,0.00017340038148083925,1.3953369864070237,3.693928809961716,1029
event_bars,2022-04-13 00:00:00+00:00,273,19,4,0.03641140471419098,0.0695970695970696,0.014652014652014652,0.000619881896186095,0.000693601525923357,2.6337115725503675,4.955308137939861,642
event_bars,2022-04-14 00:00:00+00:00,224,11,3,0.03490455558688176,0.049107142857142856,0.013392857142857142,0.0003588789925287919,0.0005202011444425178,-2.9958178841947203,4.82285349962332,682
event_bars,2022-04-15 00:00:00+00:00,170,6,4,0.04126202460263522,0.03529411764705882,0.023529411764705882,0.0001957521777429774,0.000693601525923357,1.5255363265407722,2.862434366018189,1380
event_bars,2022-04-16 00:00:00+00:00,118,4,3,0.05794937261399441,0.03389830508474576,0.025423728813559324,0.0001305014518286516,0.0005202011444425178,-0.4168599173447962,1.8727087959910733,1792
event_bars,2022-04-17 00:00:00+00:00,145,8,5,0.061506751297165506,0.05517241379310345,0.034482758620689655,0.0002610029036573032,0.0008670019074041963,-1.7793245332649223,2.6576127585324363,1461
event_bars,2022-04-18 00:00:00+00:00,283,24,12,0.0438679602505151,0.08480565371024736,0.04240282685512368,0.0007830087109719096,0.0020808045777700713,2.8260828724872544,7.133766630121613,283
event_bars,2022-04-19 00:00:00+00:00,200,8,0,0.0341746871312755,0.04,0.0,0.0002610029036573032,0.0,1.6708672105233624,3.0228812232495774,1314
event_bars,2022-04-20 00:00:00+00:00,253,13,4,0.04203928454175552,0.05138339920948617,0.015810276679841896,0.0004241297184431177,0.000693601525923357,-0.3507224557250212,3.295110013968598,1203
event_bars,2022-04-21 00:00:00+00:00,399,29,4,0.036237955702541215,0.07268170426065163,0.010025062656641603,0.0009461355257577241,0.000693601525923357,-2.1420463541443926,8.082269805051407,205
event_bars,2022-04-22 00:00:00+00:00,341,17,0,0.029225450251669435,0.04985337243401759,0.0,0.0005546311702717693,0.0,-1.9358124535286916,4.137523628680814,875
event_bars,2022-04-23 00:00:00+00:00,168,5,3,0.03298419075929257,0.02976190476190476,0.017857142857142856,0.00016312681478581448,0.0005202011444425178,-0.6554631290774091,1.869873680754237,1794
event_bars,2022-04-24 00:00:00+00:00,199,16,7,0.0565988678756758,0.08040201005025126,0.035175879396984924,0.0005220058073146064,0.0012138026703658747,0.04971641454283725,2.655752055086136,1462
event_bars,2022-04-25 00:00:00+00:00,428,44,9,0.03541261549959943,0.102803738317757,0.02102803738317757,0.0014355159701151675,0.0015606034333275533,2.448885220223229,6.449588162024406,356
event_bars,2022-04-26 00:00:00+00:00,441,41,3,0.031350113141296924,0.09297052154195011,0.006802721088435374,0.0013376398812436788,0.0005202011444425178,-5.905311100469785,7.977027746575403,213
event_bars,2022-04-27 00:00:00+00:00,379,19,0,0.028085402345184564,0.05013192612137203,0.0,0.000619881896186095,0.0,2.885739815156729,4.205523078581353,851
event_bars,2022-04-28 00:00:00+00:00,395,42,2,0.03383188448199125,0.10632911392405063,0.005063291139240506,0.0013702652442008417,0.0003468007629616785,1.3263180307858446,3.82386462405344,985
event_bars,2022-04-29 00:00:00+00:00,317,11,0,0.03286828961470678,0.03470031545741325,0.0,0.0003588789925287919,0.0,-2.963768284577354,4.520983811583227,764
event_bars,2022-04-30 00:00:00+00:00,209,14,6,0.04456103442004723,0.06698564593301436,0.028708133971291867,0.0004567550814002806,0.0010404022888850356,-2.514219538867978,3.229831422544404,1231
event_bars,2022-05-01 00:00:00+00:00,266,21,6,0.04288229538737575,0.07894736842105263,0.022556390977443608,0.0006851326221004208,0.0010404022888850356,2.172463549995619,3.5005270778409896,1114
event_bars,2022-05-02 00:00:00+00:00,354,18,3,0.03654744124119702,0.05084745762711865,0.00847457627118644,0.0005872565332289321,0.0005202011444425178,0.2286808197933541,3.080464452514559,1289
event_bars,2022-05-03 00:00:00+00:00,276,16,2,0.03219139829732175,0.057971014492753624,0.007246376811594203,0.0005220058073146064,0.0003468007629616785,-2.1318148715551493,3.0842039840634885,1288
event_bars,2022-05-04 00:00:00+00:00,397,40,5,0.03649313164875326,0.10075566750629723,0.012594458438287154,0.0013050145182865159,0.0008670019074041963,5.094322118685224,6.21992905841945,397
event_bars,2022-05-05 00:00:00+00:00,484,52,4,0.028515590687214654,0.10743801652892562,0.008264462809917356,0.0016965188737724708,0.000693601525923357,-8.268810978650912,11.862414722857192,64
event_bars,2022-05-06 00:00:00+00:00,358,14,0,0.02421027645531254,0.03910614525139665,0.0,0.0004567550814002806,0.0,-1.4846747914354304,4.116648063264583,880
event_bars,2022-05-07 00:00:00+00:00,226,27,14,0.04193900104904989,0.11946902654867257,0.061946902654867256,0.0008808847998433983,0.0024276053407317495,-1.4791368144480832,4.060525633682547,897
event_bars,2022-05-08 00:00:00+00:00,475,39,8,0.03030157437652127,0.08210526315789474,0.016842105263157894,0.001272389155329353,0.001387203051846714,-4.129296963073527,5.3186644192994,573
event_bars,2022-05-09 00:00:00+00:00,854,58,2,0.029266469552567845,0.06791569086651054,0.00234192037470726,0.0018922710515154482,0.0003468007629616785,-12.422192605583096,13.217355067137332,49
event_bars,2022-05-10 00:00:00+00:00,755,1,0,0.020945810519104952,0.0013245033112582781,0.0,3.26253629571629e-05,0.0,3.0992635854580914,9.465067297761077,129
event_bars,2022-05-11 00:00:00+00:00,942,19,0,0.02670805537427738,0.020169851380042462,0.0,0.000619881896186095,0.0,-6.418656391748738,15.223002193142646,33
event_bars,2022-05-12 00:00:00+00:00,931,1,0,0.018693225796874338,0.0010741138560687433,0.0,3.26253629571629e-05,0.0,-0.20653554416404865,12.76516119112385,53
event_bars,2022-05-13 00:00:00+00:00,564,17,0,0.01922820103656532,0.030141843971631204,0.0,0.0005546311702717693,0.0,0.8697183739772858,7.837060628904741,228
event_bars,2022-05-14 00:00:00+00:00,393,14,0,0.029440014355064614,0.035623409669211195,0.0,0.0004567550814002806,0.0,2.7147268083854286,5.938186834981119,432
event_bars,2022-05-15 00:00:00+00:00,395,23,3,0.03248747570292907,0.05822784810126582,0.007594936708860759,0.0007503833480147467,0.0005202011444425178,4.055346996530323,6.615447232359303,341
event_bars,2022-05-16 00:00:00+00:00,500,20,1,0.029689976903343167,0.04,0.002,0.0006525072591432579,0.00017340038148083925,-4.765000678015222,7.539545996652857,249
event_bars,2022-05-17 00:00:00+00:00,425,24,0,0.029643787715853093,0.05647058823529412,0.0,0.0007830087109719096,0.0,1.8924870901672683,4.564515063443566,751
event_bars,2022-05-18 00:00:00+00:00,444,23,1,0.032041006013827554,0.0518018018018018,0.0022522522522522522,0.0007503833480147467,0.00017340038148083925,-5.862923274604485,6.982150693944278,298
event_bars,2022-05-19 00:00:00+00:00,470,26,1,0.028487070882496905,0.05531914893617021,0.002127659574468085,0.0008482594368862354,0.00017340038148083925,5.488623414530325,6.349596604182047,375
event_bars,2022-05-20 00:00:00+00:00,471,39,2,0.029788815066196912,0.08280254777070063,0.004246284501061571,0.001272389155329353,0.0003468007629616785,-3.8015762598142886,7.004126141313146,292
event_bars,2022-05-21 00:00:00+00:00,242,5,1,0.03283991277398983,0.02066115702479339,0.004132231404958678,0.00016312681478581448,0.00017340038148083925,0.8137713099197377,2.4686710415546465,1549
event_bars,2022-05-22 00:00:00+00:00,297,26,10,0.04338871925915212,0.08754208754208755,0.03367003367003367,0.0008482594368862354,0.0017340038148083927,2.8693307124308025,4.275008159429299,828
event_bars,2022-05-23 00:00:00+00:00,439,31,4,0.03626853907372637,0.07061503416856492,0.009111617312072893,0.00101138625167205,0.000693601525923357,-3.993066788302336,6.110605577706359,413
event_bars,2022-05-24 00:00:00+00:00,368,19,0,0.03007658365875432,0.051630434782608696,0.0,0.000619881896186095,0.0,1.856681340801505,4.271310130284299,831
event_bars,2022-05-25 00:00:00+00:00,375,24,2,0.03326165103987668,0.064,0.005333333333333333,0.0007830087109719096,0.0003468007629616785,-0.35924519496741547,3.0776204627554007,1291
event_bars,2022-05-26 00:00:00+00:00,469,45,3,0.03185941923656951,0.09594882729211088,0.006396588486140725,0.0014681413330723304,0.0005202011444425178,-1.1670349222875036,6.659662267077687,332
event_bars,2022-05-27 00:00:00+00:00,458,24,1,0.02934119339376653,0.05240174672489083,0.002183406113537118,0.0007830087109719096,0.00017340038148083925,-1.9745630907214275,3.911917681032897,945
event_bars,2022-05-28 00:00:00+00:00,190,3,0,0.029884567013574247,0.015789473684210527,0.0,9.78760888714887e-05,0.0,1.3722824343977216,2.5810586268620197,1497
event_bars,2022-05-29 00:00:00+00:00,218,6,2,0.0423803503574711,0.027522935779816515,0.009174311926605505,0.0001957521777429774,0.0003468007629616785,1.484508617028295,2.6369119863024735,1470
event_bars,2022-05-30 00:00:00+00:00,434,44,14,0.04561712073710521,0.10138248847926268,0.03225806451612903,0.0014355159701151675,0.0024276053407317495,7.437010237671555,9.767743868850884,122
event_bars,2022-05-31 00:00:00+00:00,371,20,2,0.024922249584661157,0.05390835579514825,0.005390835579514825,0.0006525072591432579,0.0003468007629616785,0.22448111963802386,3.788385369821613,996
event_bars,2022-06-01 00:00:00+00:00,472,47,2,0.032639399536785414,0.09957627118644068,0.00423728813559322,0.0015333920589866562,0.0003468007629616785,-6.499588861514119,8.771391740855607,153
event_bars,2022-06-02 00:00:00+00:00,355,14,2,0.03205041910708967,0.03943661971830986,0.005633802816901409,0.0004567550814002806,0.0003468007629616785,2.1257897818123883,3.926155951593798,941
event_bars,2022-06-03 00:00:00+00:00,335,17,1,0.03253771167208478,0.050746268656716415,0.0029850746268656717,0.0005546311702717693,0.00017340038148083925,-2.5094505600558694,4.918772536487529,653
event_bars,2022-06-04 00:00:00+00:00,201,5,4,0.03412819716798304,0.024875621890547265,0.01990049751243781,0.00016312681478581448,0.000693601525923357,0.5563483589855632,1.7899677150093503,1830
event_bars,2022-06-05 00:00:00+00:00,216,8,4,0.05233009219451747,0.037037037037037035,0.018518518518518517,0.0002610029036573032,0.000693601525923357,0.2054941953150936,2.4292692569044485,1571
event_bars,2022-06-06 00:00:00+00:00,421,24,9,0.031103486633606986,0.057007125890736345,0.021377672209026127,0.0007830087109719096,0.0015606034333275533,4.737858741437469,6.17749842995653,402
event_bars,2022-06-07 00:00:00+00:00,583,47,2,0.031112826245543852,0.08061749571183534,0.003430531732418525,0.0015333920589866562,0.0003468007629616785,-0.7781816594486861,7.929928965649119,219
event_bars,2022-06-08 00:00:00+00:00,401,11,0,0.026494366116825385,0.02743142144638404,0.0,0.0003588789925287919,0.0,-3.019288072537771,4.906953279815209,656
event_bars,2022-06-09 00:00:00+00:00,280,13,1,0.03257371915424224,0.04642857142857143,0.0035714285714285713,0.0004241297184431177,0.00017340038148083925,-0.3294305627153371,2.565546345283509,1503
event_bars,2022-06-10 00:00:00+00:00,397,32,5,0.03324725347194981,0.08060453400503778,0.012594458438287154,0.0010440116146292128,0.0008670019074041963,-3.4334321231046605,5.304128840777033,577
event_bars,2022-06-11 00:00:00+00:00,366,24,2,0.03186779744245563,0.06557377049180328,0.00546448087431694,0.0007830087109719096,0.0003468007629616785,-2.2994556862452606,4.688562478239864,721
event_bars,2022-06-12 00:00:00+00:00,498,40,2,0.03443319555536922,0.08032128514056225,0.004016064257028112,0.0013050145182865159,0.0003468007629616785,-6.739021466734053,7.236263538053215,273
event_bars,2022-06-13 00:00:00+00:00,1185,32,0,0.026179708476394056,0.0270042194092827,0.0,0.0010440116146292128,0.0,-16.733542714095904,20.4784265461096,10
event_bars,2022-06-14 00:00:00+00:00,961,2,0,0.019877590444836682,0.002081165452653486,0.0,6.52507259143258e-05,0.0,-1.5639158864235323,11.771153096826016,66
event_bars,2022-06-15 00:00:00+00:00,1082,16,0,0.02366579526523494,0.014787430683918669,0.0,0.0005220058073146064,0.0,1.9906587502114481,12.603077069611206,56
event_bars,2022-06-16 00:00:00+00:00,734,6,0,0.01640804007002296,0.008174386920980926,0.0,0.0001957521777429774,0.0,-10.16292038009718,12.872309525994229,52
event_bars,2022-06-17 00:00:00+00:00,603,11,0,0.02235001541859423,0.01824212271973466,0.0,0.0003588789925287919,0.0,0.3496301598969901,5.576223386874857,507
event_bars,2022-06-18 00:00:00+00:00,906,39,7,0.026707217808920165,0.04304635761589404,0.00772626931567329,0.001272389155329353,0.0012138026703658747,-7.602411308909061,16.59201369867346,25
event_bars,2022-06-19 00:00:00+00:00,819,9,1,0.020602289669237744,0.01098901098901099,0.001221001221001221,0.00029362826661446606,0.00017340038148083925,8.123602596337243,14.915780183792126,36
event_bars,2022-06-20 00:00:00+00:00,752,7,0,0.021195419923607347,0.009308510638297872,0.0,0.0002283775407001403,0.0,0.028200241347554698,7.22092928459275,274
event_bars,2022-06-21 00:00:00+00:00,655,17,0,0.022548568476439428,0.025954198473282442,0.0,0.0005546311702717693,0.0,0.6932646682734669,6.667265818110407,331
event_bars,2022-06-22 00:00:00+00:00,651,31,0,0.026719846374304673,0.047619047619047616,0.0,0.00101138625167205,0.0,-3.6164715724983005,5.623908527345488,495
event_bars,2022-06-23 00:00:00+00:00,553,26,2,0.023631859311619572,0.04701627486437613,0.003616636528028933,0.0008482594368862354,0.0003468007629616785,5.450524979074946,6.694455056125421,330
event_bars,2022-06-24 00:00:00+00:00,530,22,1,0.025665436192088182,0.04150943396226415,0.0018867924528301887,0.0007177579850575838,0.00017340038148083925,0.6359907847619188,3.9299553184579956,939
event_bars,2022-06-25 00:00:00+00:00,392,13,2,0.025953999120793905,0.03316326530612245,0.00510204081632653,0.0004241297184431177,0.0003468007629616785,1.1738922200120792,3.450824038930652,1137
event_bars,2022-06-26 00:00:00+00:00,365,26,5,0.032940711253237116,0.07123287671232877,0.0136986301369863,0.0008482594368862354,0.0008670019074041963,-2.1303527311843182,4.370443423472924,798
event_bars,2022-06-27 00:00:00+00:00,408,28,5,0.03174575121533184,0.06862745098039216,0.012254901960784314,0.0009135101628005612,0.0008670019074041963,-1.4325266345438756,5.0414859896433954,623
event_bars,2022-06-28 00:00:00+00:00,441,12,4,0.026100920383227668,0.027210884353741496,0.009070294784580499,0.0003915043554859548,0.000693601525923357,-2.2509035956623147,4.881846912704714,664
event_bars,2022-06-29 00:00:00+00:00,381,24,2,0.03367970911242989,0.06299212598425197,0.005249343832020997,0.0007830087109719096,0.0003468007629616785,-0.7865593096993438,3.045416135042577,1302
event_bars,2022-06-30 00:00:00+00:00,460,40,3,0.03266177798069538,0.08695652173913043,0.006521739130434782,0.0013050145182865159,0.0005202011444425178,-0.9312291588008377,8.277807609824526,189
event_bars,2022-07-01 00:00:00+00:00,571,22,2,0.02366022939440811,0.03852889667250438,0.0035026269702276708,0.0007177579850575838,0.0003468007629616785,-3.3236635773942687,9.92709147676575,113
event_bars,2022-07-02 00:00:00+00:00,291,7,0,0.0264759172505514,0.024054982817869417,0.0,0.0002283775407001403,0.0,-0.16773081844121604,2.5876752963855236,1491
event_bars,2022-07-03 00:00:00+00:00,319,29,2,0.0351489376629653,0.09090909090909091,0.006269592476489028,0.0009461355257577241,0.0003468007629616785,0.3367329737260026,4.504541563867911,771
event_bars,2022-07-04 00:00:00+00:00,439,37,3,0.032189725825492836,0.08428246013667426,0.00683371298405467,0.0012071384294150272,0.0005202011444425178,4.65826414014608,6.620805490193704,339
event_bars,2022-07-05 00:00:00+00:00,589,36,3,0.027881035270025202,0.06112054329371817,0.0050933786078098476,0.0011745130664578642,0.0005202011444425178,-0.27873857978077904,7.283792370783172,265
event_bars,2022-07-06 00:00:00+00:00,479,14,0,0.028440220151549216,0.029227557411273485,0.0,0.0004567550814002806,0.0,1.8859124612055387,4.5261878101700574,763
event_bars,2022-07-07 00:00:00+00:00,504,38,3,0.028562824534271156,0.07539682539682539,0.005952380952380952,0.00123976379237219,0.0005202011444425178,5.024819308870964,7.5382260581159795,250
event_bars,2022-07-08 00:00:00+00:00,619,27,2,0.027567442772175214,0.04361873990306947,0.0032310177705977385,0.0008808847998433983,0.0003468007629616785,-0.12314132252515539,6.422944441987885,361
event_bars,2022-07-09 00:00:00+00:00,336,10,1,0.024704193671295907,0.02976190476190476,0.002976190476190476,0.00032625362957162897,0.00017340038148083925,-0.03613804773412772,3.188477795422622,1252
event_bars,2022-07-10 00:00:00+00:00,379,31,9,0.03178702953202671,0.08179419525065963,0.023746701846965697,0.00101138625167205,0.0015606034333275533,-3.4286379492358465,4.71336843185131,710
event_bars,2022-07-11 00:00:00+00:00,442,29,3,0.03209686886339536,0.06561085972850679,0.006787330316742082,0.0009461355257577241,0.0005202011444425178,-4.409152687734454,4.8329924549059955,679
event_bars,2022-07-12 00:00:00+00:00,487,21,0,0.0318671537566398,0.043121149897330596,0.0,0.0006851326221004208,0.0,-3.215373791819552,4.179113724794065,866
event_bars,2022-07-13 00:00:00+00:00,628,35,5,0.027867164449142744,0.05573248407643312,0.007961783439490446,0.0011418877035007016,0.0008670019074041963,4.547422052175704,7.639849842832118,238
event_bars,2022-07-14 00:00:00+00:00,570,20,0,0.021635151215372933,0.03508771929824561,0.0,0.0006525072591432579,0.0,1.7574541702550215,6.42195927342938,362
event_bars,2022-07-15 00:00:00+00:00,504,19,1,0.028604949212514823,0.037698412698412696,0.001984126984126984,0.000619881896186095,0.00017340038148083925,1.1811246514942833,4.021781386660236,908
event_bars,2022-07-16 00:00:00+00:00,429,39,1,0.027707496938864068,0.09090909090909091,0.002331002331002331,0.001272389155329353,0.00017340038148083925,1.715962936100969,5.275770937150441,582
event_bars,2022-07-17 00:00:00+00:00,424,14,0,0.030996448597734712,0.0330188679245283,0.0,0.0004567550814002806,0.0,-1.8581342062626678,4.395736914563096,796
event_bars,2022-07-18 00:00:00+00:00,736,41,4,0.028807120512901078,0.05570652173913043,0.005434782608695652,0.0013376398812436788,0.000693601525923357,7.544363465594168,9.352055407000181,134
event_bars,2022-07-19 00:00:00+00:00,830,20,1,0.023790348656224196,0.024096385542168676,0.0012048192771084338,0.0006525072591432579,0.00017340038148083925,4.206389784030827,9.890216186216657,115
event_bars,2022-07-20 00:00:00+00:00,764,16,0,0.02134449969487905,0.020942408376963352,0.0,0.0005220058073146064,0.0,-0.7054702979890038,5.785115134656684,455
event_bars,2022-07-21 00:00:00+00:00,631,16,0,0.023199179522434124,0.025356576862123614,0.0,0.0005220058073146064,0.0,-0.3321402354605325,4.810314578289923,685
event_bars,2022-07-22 00:00:00+00:00,535,21,0,0.025452888635979713,0.03925233644859813,0.0,0.0006851326221004208,0.0,-2.048976517708224,5.406722127027579,543
event_bars,2022-07-23 00:00:00+00:00,436,25,3,0.027390084822168356,0.05733944954128441,0.006880733944954129,0.0008156340739290725,0.0005202011444425178,-1.040900273045075,4.7044190356604485,716
event_bars,2022-07-24 00:00:00+00:00,392,23,1,0.03040038398256874,0.058673469387755105,0.002551020408163265,0.0007503833480147467,0.00017340038148083925,0.5798637464555488,3.282112902196864,1213
event_bars,2022-07-25 00:00:00+00:00,535,34,2,0.028615628543259514,0.06355140186915888,0.003738317757009346,0.0011092623405435386,0.0003468007629616785,-5.794110172172776,6.49505500325114,354
event_bars,2022-07-26 00:00:00+00:00,457,24,0,0.02761356336550329,0.0525164113785558,0.0,0.0007830087109719096,0.0,-0.2773796470631484,3.06896348821538,1293
event_bars,2022-07-27 00:00:00+00:00,548,48,3,0.027363891332869206,0.08759124087591241,0.005474452554744526,0.0015660174219438191,0.0005202011444425178,7.699678548383922,9.383507782620665,131
event_bars,2022-07-28 00:00:00+00:00,594,18,1,0.02457345860395429,0.030303030303030304,0.0016835016835016834,0.0005872565332289321,0.00017340038148083925,3.827537179051936,6.892762883222532,310
event_bars,2022-07-29 00:00:00+00:00,544,16,0,0.02522464792196231,0.029411764705882353,0.0,0.0005220058073146064,0.0,-0.273487639822259,4.481379470138161,778
event_bars,2022-07-30 00:00:00+00:00,439,30,4,0.02799967066755785,0.0683371298405467,0.009111617312072893,0.000978760888714887,0.000693601525923357,-0.5953491041848306,4.959007915783771,641
event_bars,2022-07-31 00:00:00+00:00,362,29,4,0.031001056345415678,0.08011049723756906,0.011049723756906077,0.0009461355257577241,0.000693601525923357,-1.4636819455973313,4.07275968171498,892
event_bars,2022-08-01 00:00:00+00:00,426,29,2,0.02647566507625557,0.06807511737089202,0.004694835680751174,0.0009461355257577241,0.0003468007629616785,-0.1396417235704349,2.8525757261563642,1387
event_bars,2022-08-02 00:00:00+00:00,500,28,1,0.028483655480293905,0.056,0.002,0.0009135101628005612,0.00017340038148083925,-1.2220939550199907,3.673241542393098,1039
event_bars,2022-08-03 00:00:00+00:00,454,18,1,0.026737682908537872,0.039647577092511016,0.0022026431718061676,0.0005872565332289321,0.00017340038148083925,-0.7584697519358818,4.2527994365355335,839
event_bars,2022-08-04 00:00:00+00:00,425,14,4,0.03214886957493942,0.03294117647058824,0.009411764705882352,0.0004567550814002806,0.000693601525923357,-0.8482689203031526,3.6918453556157313,1030
event_bars,2022-08-05 00:00:00+00:00,442,17,1,0.02870806764299923,0.038461538461538464,0.0022624434389140274,0.0005546311702717693,0.00017340038148083925,3.0028178115282484,3.7779364336029917,999
event_bars,2022-08-06 00:00:00+00:00,207,8,2,0.02835643686325649,0.03864734299516908,0.00966183574879227,0.0002610029036573032,0.0003468007629616785,-1.5341565091337348,1.9825247915492203,1742
event_bars,2022-08-07 00:00:00+00:00,228,10,4,0.04655475751504326,0.043859649122807015,0.017543859649122806,0.00032625362957162897,0.000693601525923357,0.9741787263522093,2.462114078556747,1551
event_bars,2022-08-08 00:00:00+00:00,432,27,6,0.03607577565014561,0.0625,0.013888888888888888,0.0008808847998433983,0.0010404022888850356,2.710273764427805,4.5999235064968484,743
event_bars,2022-08-09 00:00:00+00:00,412,21,4,0.029886453491556716,0.050970873786407765,0.009708737864077669,0.0006851326221004208,0.000693601525923357,-2.829487185653723,4.548785393692299,755
event_bars,2022-08-10 00:00:00+00:00,546,30,4,0.03127372819951361,0.054945054945054944,0.007326007326007326,0.000978760888714887,0.000693601525923357,3.402125013078531,6.950229584845236,301
event_bars,2022-08-11 00:00:00+00:00,584,11,2,0.02467319498635054,0.018835616438356163,0.003424657534246575,0.0003588789925287919,0.0003468007629616785,-0.09946049772866825,4.636518753381717,733
event_bars,2022-08-12 00:00:00+00:00,418,12,1,0.027199155476043863,0.028708133971291867,0.0023923444976076554,0.0003915043554859548,0.00017340038148083925,1.935995747754395,3.6621674478238204,1047
event_bars,2022-08-13 00:00:00+00:00,388,10,0,0.032001847769470945,0.02577319587628866,0.0,0.00032625362957162897,0.0,0.17002452038743024,2.488606753293204,1538
event_bars,2022-08-14 00:00:00+00:00,376,25,3,0.032732926556948684,0.06648936170212766,0.007978723404255319,0.0008156340739290725,0.0005202011444425178,-0.5537428640802928,3.7685088519760623,1002
event_bars,2022-08-15 00:00:00+00:00,416,29,0,0.038434945830043026,0.06971153846153846,0.0,0.0009461355257577241,0.0,-0.8635978540990267,5.8756328481282045,444
event_bars,2022-08-16 00:00:00+00:00,299,9,3,0.03356827006034239,0.030100334448160536,0.010033444816053512,0.00029362826661446606,0.0005202011444425178,-1.0106870765040628,2.4393490871388783,1569
event_bars,2022-08-17 00:00:00+00:00,503,28,6,0.029099553808905245,0.055666003976143144,0.011928429423459244,0.0009135101628005612,0.0010404022888850356,-2.1617719875021137,5.324003873392737,571
event_bars,2022-08-18 00:00:00+00:00,352,10,2,0.028931944447162124,0.028409090909090908,0.005681818181818182,0.00032625362957162897,0.0003468007629616785,-0.6363122363634872,2.115891854429976,1680
event_bars,2022-08-19 00:00:00+00:00,644,47,11,0.028627113492344255,0.07298136645962733,0.017080745341614908,0.0015333920589866562,0.0019074041962892317,-10.735613172281523,11.112422037457636,79
event_bars,2022-08-20 00:00:00+00:00,414,13,0,0.023932923277624068,0.03140096618357488,0.0,0.0004241297184431177,0.0,1.443552078579927,2.9732574528259925,1333
event_bars,2022-08-21 00:00:00+00:00,369,22,6,0.02919134611843518,0.05962059620596206,0.016260162601626018,0.0007177579850575838,0.0010404022888850356,1.7728390607706899,3.498289509615949,1115
event_bars,2022-08-22 00:00:00+00:00,453,26,1,0.03160547507881924,0.05739514348785872,0.002207505518763797,0.0008482594368862354,0.00017340038148083925,-0.5530105531145609,3.260948332334178,1223
event_bars,2022-08-23 00:00:00+00:00,446,21,2,0.02734206360889566,0.04708520179372197,0.004484304932735426,0.0006851326221004208,0.0003468007629616785,0.6115827869024917,3.725690645648992,1018
event_bars,2022-08-24 00:00:00+00:00,374,14,3,0.027937996061955163,0.0374331550802139,0.008021390374331552,0.0004567550814002806,0.0005202011444425178,-0.7617867134248287,3.6852228223755072,1032
event_bars,2022-08-25 00:00:00+00:00,316,5,2,0.031229708434364477,0.015822784810126583,0.006329113924050633,0.00016312681478581448,0.0003468007629616785,0.9011022833733345,2.3923453746709225,1584
event_bars,2022-08-26 00:00:00+00:00,571,49,7,0.030526269621504006,0.08581436077057793,0.012259194395796848,0.001598642784900982,0.0012138026703658747,-6.319453901085254,8.428627423284265,179
event_bars,2022-08-27 00:00:00+00:00,404,11,1,0.020664797899315402,0.027227722772277228,0.0024752475247524753,0.0003588789925287919,0.00017340038148083925,-1.0175828006498961,3.110066499695519,1275
event_bars,2022-08-28 00:00:00+00:00,343,16,2,0.03209789980849203,0.04664723032069971,0.0058309037900874635,0.0005220058073146064,0.0003468007629616785,-2.408415311294109,3.2627758721323,1219
event_bars,2022-08-29 00:00:00+00:00,452,24,2,0.031660347430085195,0.05309734513274336,0.004424778761061947,0.0007830087109719096,0.0003468007629616785,3.6565859593322987,4.50608254359162,769
event_bars,2022-08-30 00:00:00+00:00,508,37,1,0.03301944887418398,0.07283464566929133,0.001968503937007874,0.0012071384294150272,0.00017340038148083925,-2.3574769507923197,5.236317728880621,590
event_bars,2022-08-31 00:00:00+00:00,479,11,0,0.027382686532656467,0.022964509394572025,0.0,0.0003588789925287919,0.0,1.1961582911300572,3.515910536950434,1105
event_bars,2022-09-01 00:00:00+00:00,385,22,2,0.030212011107267366,0.05714285714285714,0.005194805194805195,0.0007177579850575838,0.0003468007629616785,0.40384579297623746,3.2367434242321727,1228
event_bars,2022-09-02 00:00:00+00:00,370,20,2,0.031024948948351415,0.05405405405405406,0.005405405405405406,0.0006525072591432579,0.0003468007629616785,-0.9065647807285228,3.4770482247736094,1126
event_bars,2022-09-03 00:00:00+00:00,194,3,1,0.03351250407809505,0.015463917525773196,0.005154639175257732,9.78760888714887e-05,0.00017340038148083925,-0.6051067588626761,2.123637282275449,1675
event_bars,2022-09-04 00:00:00+00:00,229,18,9,0.04889426851342484,0.07860262008733625,0.039301310043668124,0.0005872565332289321,0.0015606034333275533,0.8640360786349786,2.285386541392259,1614
event_bars,2022-09-05 00:00:00+00:00,250,9,3,0.0356638951313346,0.036,0.012,0.00029362826661446606,0.0005202011444425178,-1.0418175030418542,2.1504903912541278,1663
event_bars,2022-09-06 00:00:00+00:00,470,39,6,0.03676020798886293,0.08297872340425531,0.01276595744680851,0.001272389155329353,0.0010404022888850356,-5.204667769554798,8.12677634378233,202
event_bars,2022-09-07 00:00:00+00:00,336,12,2,0.027197820937470234,0.03571428571428571,0.005952380952380952,0.0003915043554859548,0.0003468007629616785,2.6564275435219846,5.033337435223779,625
event_bars,2022-09-08 00:00:00+00:00,301,14,0,0.038359906463413855,0.046511627906976744,0.0,0.0004567550814002806,0.0,0.11555513083600324,2.3208110895348506,1602
event_bars,2022-09-09 00:00:00+00:00,541,41,10,0.030071054334493242,0.07578558225508318,0.018484288354898338,0.0013376398812436788,0.0017340038148083927,10.055856696620364,11.652033278590764,71
event_bars,2022-09-10 00:00:00+00:00,310,9,1,0.03238246050826519,0.02903225806451613,0.0032258064516129032,0.00029362826661446606,0.00017340038148083925,1.3374936248681242,3.32050292841788,1189
event_bars,2022-09-11 00:00:00+00:00,271,12,0,0.04159140596616024,0.04428044280442804,0.0,0.0003915043554859548,0.0,0.8320380813768031,2.5332571654833895,1518
event_bars,2022-09-12 00:00:00+00:00,492,39,5,0.02944800600272284,0.07926829268292683,0.01016260162601626,0.001272389155329353,0.0008670019074041963,2.5595034302403636,4.244741375746803,844
event_bars,2022-09-13 00:00:00+00:00,667,38,4,0.02774743081673034,0.05697151424287856,0.005997001499250375,0.00123976379237219,0.000693601525923357,-10.461132001574853,14.12510154834869,45
event_bars,2022-09-14 00:00:00+00:00,403,11,0,0.027413119916135074,0.02729528535980149,0.0,0.0003588789925287919,0.0,0.26944314907438394,4.62845983160207,736
event_bars,2022-09-15 00:00:00+00:00,391,14,2,0.03183579968285422,0.03580562659846547,0.005115089514066497,0.0004567550814002806,0.0003468007629616785,-2.6372313045221767,4.335822962401018,806
event_bars,2022-09-16 00:00:00+00:00,298,13,4,0.03307594865135206,0.0436241610738255,0.013422818791946308,0.0004241297184431177,0.000693601525923357,0.515155647648397,2.9508496634973933,1342
event_bars,2022-09-17 00:00:00+00:00,218,7,2,0.03396749063364413,0.03211009174311927,0.009174311926605505,0.0002283775407001403,0.0003468007629616785,1.5592023693704653,2.2204208655706137,1641
event_bars,2022-09-18 00:00:00+00:00,271,17,4,0.047901851645498005,0.06273062730627306,0.014760147601476014,0.0005546311702717693,0.000693601525923357,-3.5314314668653433,3.954247112859587,929
event_bars,2022-09-19 00:00:00+00:00,531,33,7,0.031801920181799136,0.062146892655367235,0.013182674199623353,0.0010766369775863757,0.0012138026703658747,0.6375059797416384,7.767753188670035,230
event_bars,2022-09-20 00:00:00+00:00,422,15,0,0.0321150638181673,0.035545023696682464,0.0,0.0004893804443574435,0.0,-3.447629407744638,4.8810291760525795,665
event_bars,2022-09-21 00:00:00+00:00,623,26,2,0.02919952267613105,0.04173354735152488,0.0032102728731942215,0.0008482594368862354,0.0003468007629616785,-2.246960337353453,10.836358309516129,88
event_bars,2022-09-22 00:00:00+00:00,467,3,0,0.018677489480009087,0.006423982869379015,0.0,9.78760888714887e-05,0.0,4.995753343250492,6.129262922397508,409
event_bars,2022-09-23 00:00:00+00:00,450,8,0,0.030119564082468443,0.017777777777777778,0.0,0.0002610029036573032,0.0,-0.5781797805633249,5.1233892563897045,606
event_bars,2022-09-24 00:00:00+00:00,240,3,1,0.03455434274743827,0.0125,0.004166666666666667,9.78760888714887e-05,0.00017340038148083925,-1.9360832232120488,2.6587748156778415,1460
event_bars,2022-09-25 00:00:00+00:00,248,9,1,0.04335969328980345,0.036290322580645164,0.004032258064516129,0.00029362826661446606,0.00017340038148083925,-0.5897563141720001,3.0411947896373626,1303
event_bars,2022-09-26 00:00:00+00:00,441,23,1,0.03192465205626353,0.05215419501133787,0.0022675736961451248,0.0007503833480147467,0.00017340038148083925,2.1917964943996435,3.3729255398863414,1170
event_bars,2022-09-27 00:00:00+00:00,695,36,0,0.028858076284328318,0.051798561151079135,0.0,0.0011745130664578642,0.0,-0.7637213768701622,8.037200523981229,207
event_bars,2022-09-28 00:00:00+00:00,577,14,0,0.026229256617178568,0.024263431542461005,0.0,0.0004567550814002806,0.0,1.7527620513184918,6.944924981516943,303
event_bars,2022-09-29 00:00:00+00:00,499,24,1,0.02816877751566718,0.04809619238476954,0.002004008016032064,0.0007830087109719096,0.00017340038148083925,0.8981873622005534,4.27136350206836,830
event_bars,2022-09-30 00:00:00+00:00,505,29,1,0.027869608471345737,0.05742574257425743,0.0019801980198019802,0.0009461355257577241,0.00017340038148083925,-0.8760333193835554,5.642356110753498,490
event_bars,2022-10-01 00:00:00+00:00,199,3,0,0.02318861355670558,0.01507537688442211,0.0,9.78760888714887e-05,0.0,-0.5558497197097759,1.7299856531756186,1844
event_bars,2022-10-02 00:00:00+00:00,231,14,4,0.053353015036733537,0.06060606060606061,0.017316017316017316,0.0004567550814002806,0.000693601525923357,-1.32767233090241,2.57556354938615,1499
event_bars,2022-10-03 00:00:00+00:00,355,16,3,0.03432282540811311,0.04507042253521127,0.008450704225352112,0.0005220058073146064,0.0005202011444425178,2.962103025044225,3.997481135344637,916
event_bars,2022-10-04 00:00:00+00:00,447,30,3,0.029467017165280378,0.06711409395973154,0.006711409395973154,0.000978760888714887,0.0005202011444425178,3.5598892520448353,5.103145447292389,611
event_bars,2022-10-05 00:00:00+00:00,397,26,1,0.03274273225085589,0.0654911838790932,0.0025188916876574307,0.0008482594368862354,0.00017340038148083925,-0.9035975410007107,3.240671869256838,1225
event_bars,2022-10-06 00:00:00+00:00,401,10,0,0.03329471535974474,0.02493765586034913,0.0,0.00032625362957162897,0.0,-0.9769701109905691,2.9818130812907433,1330
event_bars,2022-10-07 00:00:00+00:00,351,19,4,0.03175966545095954,0.05413105413105413,0.011396011396011397,0.000619881896186095,0.000693601525923357,-2.194393801186647,3.8743625602255234,967
event_bars,2022-10-08 00:00:00+00:00,167,5,2,0.04081320871923724,0.029940119760479042,0.011976047904191617,0.00016312681478581448,0.0003468007629616785,-0.5893083838548858,2.161878753581906,1657
event_bars,2022-10-09 00:00:00+00:00,167,4,2,0.05088813973483849,0.023952095808383235,0.011976047904191617,0.0001305014518286516,0.0003468007629616785,0.12205077693826485,1.235218999095181,1973
event_bars,2022-10-10 00:00:00+00:00,291,28,6,0.04569953384784303,0.09621993127147767,0.020618556701030927,0.0009135101628005612,0.0010404022888850356,-1.5874172625491747,2.6641930946421093,1458
event_bars,2022-10-11 00:00:00+00:00,289,14,2,0.03465149056157286,0.04844290657439446,0.006920415224913495,0.0004567550814002806,0.0003468007629616785,-0.36197854559453885,2.151749247595979,1660
event_bars,2022-10-12 00:00:00+00:00,215,4,1,0.029535320337608927,0.018604651162790697,0.004651162790697674,0.0001305014518286516,0.00017340038148083925,0.4868737204439158,1.6544634709089325,1866
event_bars,2022-10-13 00:00:00+00:00,506,59,9,0.036190910258896807,0.116600790513834,0.017786561264822136,0.001924896414472611,0.0015606034333275533,1.1289638417171828,8.454803596747974,177
event_bars,2022-10-14 00:00:00+00:00,416,8,0,0.026412752939127156,0.019230769230769232,0.0,0.0002610029036573032,0.0,-1.0423141341158915,4.5552962990450165,754
event_bars,2022-10-15 00:00:00+00:00,156,5,1,0.03453868129908716,0.03205128205128205,0.00641025641025641,0.00016312681478581448,0.00017340038148083925,-0.5451942869875752,1.3241064167887724,1947
event_bars,2022-10-16 00:00:00+00:00,161,12,2,0.05313882436980668,0.07453416149068323,0.012422360248447204,0.0003915043554859548,0.0003468007629616785,0.9996872797129661,1.8605357093610813,1798
event_bars,2022-10-17 00:00:00+00:00,275,20,6,0.04103872057697549,0.07272727272727272,0.02181818181818182,0.0006525072591432579,0.0010404022888850356,1.4983291653019095,2.669298482770194,1455
event_bars,2022-10-18 00:00:00+00:00,314,22,2,0.03967465476208802,0.07006369426751592,0.006369426751592357,0.0007177579850575838,0.0003468007629616785,-1.13120583735345,3.2250380532347154,1235
event_bars,2022-10-19 00:00:00+00:00,221,5,1,0.03689281156620854,0.02262443438914027,0.004524886877828055,0.00016312681478581448,0.00017340038148083925,-1.0625112965396903,1.5614981932352117,1894
event_bars,2022-10-20 00:00:00+00:00,248,11,5,0.043415784327553525,0.04435483870967742,0.020161290322580645,0.0003588789925287919,0.0008670019074041963,-0.4293438273891704,2.4462148193258604,1562
event_bars,2022-10-21 00:00:00+00:00,252,20,4,0.04325039587040302,0.07936507936507936,0.015873015873015872,0.0006525072591432579,0.000693601525923357,0.6080829092945749,3.3829864518404884,1164
event_bars,2022-10-22 00:00:00+00:00,114,0,0,0.031294100638937984,0.0,0.0,0.0,0.0,0.2300104544791555,0.763949639542153,2045
event_bars,2022-10-23 00:00:00+00:00,177,21,10,0.07839781041834352,0.11864406779661017,0.05649717514124294,0.0006851326221004208,0.0017340038148083927,1.8867413158169706,3.3043791078324203,1195
event_bars,2022-10-24 00:00:00+00:00,210,8,2,0.04340856490818937,0.0380952380952381,0.009523809523809525,0.0002610029036573032,0.0003468007629616785,-1.2474858719819106,2.3093854538121357,1608
event_bars,2022-10-25 00:00:00+00:00,364,63,13,0.04292681778085381,0.17307692307692307,0.03571428571428571,0.0020553978663012625,0.00225420495925091,3.751579638003942,5.990237473982476,426
event_bars,2022-10-26 00:00:00+00:00,422,17,2,0.03107154943591046,0.04028436018957346,0.004739336492890996,0.0005546311702717693,0.0003468007629616785,3.270905518029515,4.816482478479657,683
event_bars,2022-10-27 00:00:00+00:00,328,23,3,0.032554229443361615,0.0701219512195122,0.009146341463414634,0.0007503833480147467,0.0005202011444425178,-2.304463892672644,3.3814454840389834,1165
event_bars,2022-10-28 00:00:00+00:00,317,15,3,0.03168560257127227,0.0473186119873817,0.00946372239747634,0.0004893804443574435,0.0005202011444425178,1.4544500845848236,3.878493540845712,963
event_bars,2022-10-29 00:00:00+00:00,266,16,1,0.039060609994180026,0.06015037593984962,0.0037593984962406013,0.0005220058073146064,0.00017340038148083925,1.0343403138440534,2.5950279069822106,1487
event_bars,2022-10-30 00:00:00+00:00,180,4,2,0.042193859199961145,0.022222222222222223,0.011111111111111112,0.0001305014518286516,0.0003468007629616785,-0.8746249518329287,2.0382957373994235,1718
event_bars,2022-10-31 00:00:00+00:00,271,25,4,0.03937700001720902,0.09225092250922509,0.014760147601476014,0.0008156340739290725,0.000693601525923357,-0.6496768395336193,2.9872594648989446,1329
event_bars,2022-11-01 00:00:00+00:00,187,4,1,0.041108920569874544,0.0213903743315508,0.0053475935828877,0.0001305014518286516,0.00017340038148083925,-0.048835041088521186,1.7899860950631115,1829
event_bars,2022-11-02 00:00:00+00:00,304,57,10,0.052460462809250416,0.1875,0.03289473684210526,0.0018596456885582853,0.0017340038148083927,-1.635013104476506,3.6531506768891213,1053
event_bars,2022-11-03 00:00:00+00:00,186,4,0,0.025380948003430805,0.021505376344086023,0.0,0.0001305014518286516,0.0,0.2949935084023041,1.8503471564559726,1801
event_bars,2022-11-04 00:00:00+00:00,368,43,8,0.044678399101193374,0.11684782608695653,0.021739130434782608,0.0014028906071580046,0.001387203051846714,4.538074177390753,5.429054317407352,533
event_bars,2022-11-05 00:00:00+00:00,198,2,1,0.029507344018626258,0.010101010101010102,0.005050505050505051,6.52507259143258e-05,0.00017340038148083925,0.7179336711540334,1.8926497148921868,1785
event_bars,2022-11-06 00:00:00+00:00,165,3,2,0.050046427662911376,0.01818181818181818,0.012121212121212121,9.78760888714887e-05,0.0003468007629616785,-1.8478925808769597,2.3331730976541576,1599
event_bars,2022-11-07 00:00:00+00:00,296,16,2,0.041711906637673934,0.05405405405405406,0.006756756756756757,0.0005220058073146064,0.0003468007629616785,-1.5497458089701817,3.3239377707915905,1186
event_bars,2022-11-08 00:00:00+00:00,900,61,2,0.036790082076484716,0.06777777777777778,0.0022222222222222222,0.0019901471403869367,0.0003468007629616785,-10.463995828769256,20.624579171066017,9
event_bars,2022-11-09 00:00:00+00:00,996,1,0,0.019641834013263797,0.001004016064257028,0.0,3.26253629571629e-05,0.0,-15.291400581900893,18.33870020520581,19
event_bars,2022-11-10 00:00:00+00:00,796,2,1,0.019738519651048832,0.002512562814070352,0.001256281407035176,6.52507259143258e-05,0.00017340038148083925,10.058332611745623,14.749887162038528,38
event_bars,2022-11-11 00:00:00+00:00,508,4,0,0.02299624370339363,0.007874015748031496,0.0,0.0001305014518286516,0.0,-3.0579962520369626,7.8521257527835395,227
event_bars,2022-11-12 00:00:00+00:00,206,0,0,0.0235791240318176,0.0,0.0,0.0,0.0,-1.48590968523124,2.887443960828076,1370
event_bars,2022-11-13 00:00:00+00:00,211,10,4,0.04965898316867527,0.04739336492890995,0.018957345971563982,0.00032625362957162897,0.000693601525923357,-2.930679015933677,4.462099115574249,783
event_bars,2022-11-14 00:00:00+00:00,468,30,4,0.038461419791941946,0.0641025641025641,0.008547008547008548,0.000978760888714887,0.000693601525923357,1.7244896094798174,8.385348518719365,182
event_bars,2022-11-15 00:00:00+00:00,335,10,1,0.02822218291075918,0.029850746268656716,0.0029850746268656717,0.00032625362957162897,0.00017340038148083925,1.6899152968245277,3.629585278105343,1060
event_bars,2022-11-16 00:00:00+00:00,274,12,1,0.035394366525637724,0.043795620437956206,0.0036496350364963502,0.0003915043554859548,0.00017340038148083925,-1.4174822667880358,3.8931469148080837,950
event_bars,2022-11-17 00:00:00+00:00,228,8,2,0.037239330028326294,0.03508771929824561,0.008771929824561403,0.0002610029036573032,0.0003468007629616785,0.18840307017737326,2.042007897080776,1714
event_bars,2022-11-18 00:00:00+00:00,212,11,3,0.034305915342086796,0.05188679245283019,0.014150943396226415,0.0003588789925287919,0.0005202011444425178,0.04554743904368431,2.644708287606601,1467
event_bars,2022-11-19 00:00:00+00:00,117,0,0,0.04418466476231947,0.0,0.0,0.0,0.0,0.019171664338921427,1.6230200116699678,1877
event_bars,2022-11-20 00:00:00+00:00,173,16,2,0.05437704939721726,0.09248554913294797,0.011560693641618497,0.0005220058073146064,0.0003468007629616785,-2.550675809050275,3.5055699797468387,1110
event_bars,2022-11-21 00:00:00+00:00,361,43,6,0.04414456025513097,0.11911357340720222,0.01662049861495845,0.0014028906071580046,0.0010404022888850356,-3.1189239557989388,5.4260099695104556,535
event_bars,2022-11-22 00:00:00+00:00,288,11,1,0.032155282660621995,0.03819444444444445,0.003472222222222222,0.0003588789925287919,0.00017340038148083925,2.7988761834556697,4.378614988240033,797
event_bars,2022-11-23 00:00:00+00:00,263,10,3,0.03740283114377731,0.03802281368821293,0.011406844106463879,0.00032625362957162897,0.0005202011444425178,2.2873776948638205,3.3351742547135506,1183
event_bars,2022-11-24 00:00:00+00:00,181,3,1,0.040606981502460227,0.016574585635359115,0.0055248618784530384,9.78760888714887e-05,0.00017340038148083925,-0.0204892100920981,2.1053409197832265,1686
event_bars,2022-11-25 00:00:00+00:00,154,2,1,0.049908851140748264,0.012987012987012988,0.006493506493506494,6.52507259143258e-05,0.00017340038148083925,-0.46151232976265205,1.8695421317436574,1795
event_bars,2022-11-26 00:00:00+00:00,133,3,3,0.05050239859663955,0.022556390977443608,0.022556390977443608,9.78760888714887e-05,0.0005202011444425178,-0.40648736101787636,1.9959414502664707,1738
event_bars,2022-11-27 00:00:00+00:00,77,0,0,0.04691353504752058,0.0,0.0,0.0,0.0,-0.16184088371187835,1.2015834076485248,1981
event_bars,2022-11-28 00:00:00+00:00,218,23,9,0.05434442799157257,0.10550458715596331,0.04128440366972477,0.0007503833480147467,0.0015606034333275533,-1.3363364341478692,3.0249602245687157,1311
event_bars,2022-11-29 00:00:00+00:00,178,3,1,0.04634398103741233,0.016853932584269662,0.0056179775280898875,9.78760888714887e-05,0.00017340038148083925,1.400852620808009,2.788939915452798,1410
event_bars,2022-11-30 00:00:00+00:00,262,33,9,0.044632196105469917,0.12595419847328243,0.03435114503816794,0.0010766369775863757,0.0015606034333275533,4.288081094579006,4.912213603460366,655
event_bars,2022-12-01 00:00:00+00:00,186,13,1,0.03521999272758425,0.06989247311827956,0.005376344086021506,0.0004241297184431177,0.00017340038148083925,-1.0719862120070522,2.908417644417991,1364
event_bars,2022-12-02 00:00:00+00:00,158,6,1,0.04089509144722468,0.0379746835443038,0.006329113924050633,0.0001957521777429774,0.00017340038148083925,0.6607274393257907,1.9866970773381807,1740
event_bars,2022-12-03 00:00:00+00:00,88,0,0,0.04318770179776722,0.0,0.0,0.0,0.0,-1.198394908889619,1.8224502560955005,1820
event_bars,2022-12-04 00:00:00+00:00,121,5,1,0.06273696833199262,0.04132231404958678,0.008264462809917356,0.00016312681478581448,0.00017340038148083925,1.29493554390177,1.948988198075732,1755
event_bars,2022-12-05 00:00:00+00:00,273,15,7,0.037704046470211014,0.054945054945054944,0.02564102564102564,0.0004893804443574435,0.0012138026703658747,-0.829183382429002,3.321332040281719,1188
event_bars,2022-12-06 00:00:00+00:00,215,2,2,0.037519053794909114,0.009302325581395349,0.009302325581395349,6.52507259143258e-05,0.0003468007629616785,0.7074725131935243,1.1770758756856068,1989
event_bars,2022-12-07 00:00:00+00:00,183,11,4,0.042716524213555256,0.060109289617486336,0.02185792349726776,0.0003588789925287919,0.000693601525923357,-1.4787907323274787,2.812084069038562,1404
event_bars,2022-12-08 00:00:00+00:00,204,21,9,0.051602982757774765,0.10294117647058823,0.04411764705882353,0.0006851326221004208,0.0015606034333275533,2.2795018251099504,3.4380380271873894,1143
event_bars,2022-12-09 00:00:00+00:00,163,8,2,0.039102985338949445,0.049079754601226995,0.012269938650306749,0.0002610029036573032,0.0003468007629616785,-0.5474997659080014,1.821222186797155,1821
event_bars,2022-12-10 00:00:00+00:00,84,1,1,0.037136751032982696,0.011904761904761904,0.011904761904761904,3.26253629571629e-05,0.00017340038148083925,-0.01168156066978554,0.8604058955265556,2036
event_bars,2022-12-11 00:00:00+00:00,30,0,0,0.09724629264151438,0.0,0.0,0.0,0.0,-0.25031155788018133,1.1944788778422506,1984
event_bars,2022-12-12 00:00:00+00:00,179,5,3,0.046359707204321414,0.027932960893854747,0.01675977653631285,0.00016312681478581448,0.0005202011444425178,0.7159287580177154,2.186997955774461,1653
event_bars,2022-12-13 00:00:00+00:00,293,23,5,0.05204410625845598,0.07849829351535836,0.017064846416382253,0.0007503833480147467,0.0008670019074041963,3.300172835142375,5.8237969376064385,450
event_bars,2022-12-14 00:00:00+00:00,302,31,9,0.043767613313056196,0.10264900662251655,0.029801324503311258,0.00101138625167205,0.0015606034333275533,0.15064222516581233,4.1082445101229945,884
event_bars,2022-12-15 00:00:00+00:00,225,5,2,0.025178326344087055,0.022222222222222223,0.008888888888888889,0.00016312681478581448,0.0003468007629616785,-2.572690374433058,3.369969254272938,1172
event_bars,2022-12-16 00:00:00+00:00,286,28,9,0.046333496361185104,0.0979020979020979,0.03146853146853147,0.0009135101628005612,0.0015606034333275533,-4.284856074533031,5.916125046066336,437
event_bars,2022-12-17 00:00:00+00:00,133,0,0,0.03431430813878635,0.0,0.0,0.0,0.0,0.8618858400430035,1.3081015496480077,1951
event_bars,2022-12-18 00:00:00+00:00,77,1,1,0.06933716439103485,0.012987012987012988,0.012987012987012988,3.26253629571629e-05,0.00017340038148083925,-0.22568251644117904,1.2884931303860299,1958
event_bars,2022-12-19 00:00:00+00:00,168,12,6,0.05728427498694373,0.07142857142857142,0.03571428571428571,0.0003915043554859548,0.0010404022888850356,-1.8167184412588113,3.6321816029920635,1058
event_bars,2022-12-20 00:00:00+00:00,211,13,6,0.03863606753375482,0.061611374407582936,0.02843601895734597,0.0004241297184431177,0.0010404022888850356,2.7495699064150014,3.943704661173666,935
event_bars,2022-12-21 00:00:00+00:00,113,3,1,0.04970034899490099,0.02654867256637168,0.008849557522123894,9.78760888714887e-05,0.00017340038148083925,-0.40229086800021324,1.3683196616216375,1935
event_bars,2022-12-22 00:00:00+00:00,141,9,3,0.07212622810354517,0.06382978723404255,0.02127659574468085,0.00029362826661446606,0.0005202011444425178,-0.02497383706254499,1.8302025013744807,1811
event_bars,2022-12-23 00:00:00+00:00,116,4,1,0.04327408034507434,0.034482758620689655,0.008620689655172414,0.0001305014518286516,0.00017340038148083925,-0.23279432040430617,1.6047892690013326,1884
event_bars,2022-12-24 00:00:00+00:00,29,0,0,0.023188008016202872,0.0,0.0,0.0,0.0,0.3130470460285012,0.5084106651122229,2064
event_bars,2022-12-26 00:00:00+00:00,14,0,0,0.04394646978372168,0.0,0.0,0.0,0.0,0.5240486955633359,0.9235516250890067,2028
event_bars,2022-12-27 00:00:00+00:00,47,2,2,0.04186665529052575,0.0425531914893617,0.0425531914893617,6.52507259143258e-05,0.0003468007629616785,-1.2769802516372826,2.313206755523235,1606
event_bars,2022-12-28 00:00:00+00:00,143,6,2,0.056066962975596865,0.04195804195804196,0.013986013986013986,0.0001957521777429774,0.0003468007629616785,-0.9579700906756319,1.9420540010449363,1758
event_bars,2022-12-29 00:00:00+00:00,91,1,0,0.048381895954887705,0.01098901098901099,0.0,3.26253629571629e-05,0.0,0.5511150786829067,1.0493668301568633,2010
event_bars,2022-12-30 00:00:00+00:00,90,6,4,0.053085654699930665,0.06666666666666667,0.044444444444444446,0.0001957521777429774,0.000693601525923357,-0.17333112984474283,2.10153672160754,1689
event_bars,2022-12-31 00:00:00+00:00,44,0,0,0.037247780125979915,0.0,0.0,0.0,0.0,-0.38384056204073874,1.0766890108491034,2007
event_bars,2023-01-02 00:00:00+00:00,20,0,0,0.05957894587627606,0.0,0.0,0.0,0.0,0.3341710746388725,1.5465122473688375,1899
event_bars,2023-01-03 00:00:00+00:00,15,0,0,0.06898706446903932,0.0,0.0,0.0,0.0,0.007800054604343413,1.0409301073867476,2013
event_bars,2023-01-04 00:00:00+00:00,148,7,4,0.05568897209870429,0.0472972972972973,0.02702702702702703,0.0002283775407001403,0.000693601525923357,1.0432988089228326,2.015512633010391,1727
event_bars,2023-01-05 00:00:00+00:00,85,0,0,0.048819641750472736,0.0,0.0,0.0,0.0,-0.10930910611359154,0.7877898250811459,2043
event_bars,2023-01-06 00:00:00+00:00,91,4,3,0.06248115893513115,0.04395604395604396,0.03296703296703297,0.0001305014518286516,0.0005202011444425178,0.7107434650721355,2.167778418702892,1656
event_bars,2023-01-07 00:00:00+00:00,38,0,0,0.029208824998370957,0.0,0.0,0.0,0.0,-0.043683074094011315,0.4339656745484935,2068
event_bars,2023-01-09 00:00:00+00:00,142,1,0,0.04740398730205431,0.007042253521126761,0.0,3.26253629571629e-05,0.0,0.26301762100114795,1.679561606481529,1853
event_bars,2023-01-10 00:00:00+00:00,134,3,1,0.05233730853090815,0.022388059701492536,0.007462686567164179,9.78760888714887e-05,0.00017340038148083925,1.498363215531803,1.992799688497614,1739
event_bars,2023-01-11 00:00:00+00:00,162,21,9,0.06484610237668788,0.12962962962962962,0.05555555555555555,0.0006851326221004208,0.0015606034333275533,2.8669129706499423,4.00284471834713,914
event_bars,2023-01-12 00:00:00+00:00,400,41,6,0.03765785811479842,0.1025,0.015,0.0013376398812436788,0.0010404022888850356,4.908854183600706,6.580012555193557,346
event_bars,2023-01-13 00:00:00+00:00,350,21,1,0.031400120631104395,0.06,0.002857142857142857,0.0006851326221004208,0.00017340038148083925,5.605365849991744,6.651068129145199,335
event_bars,2023-01-14 00:00:00+00:00,450,22,2,0.03343020568914803,0.04888888888888889,0.0044444444444444444,0.0007177579850575838,0.0003468007629616785,5.080934600194274,8.025237812419482,210
event_bars,2023-01-15 00:00:00+00:00,216,9,1,0.03411209289979517,0.041666666666666664,0.004629629629629629,0.00029362826661446606,0.00017340038148083925,-0.38283733176435353,2.487769363504161,1539
event_bars,2023-01-16 00:00:00+00:00,320,25,6,0.040874624116953244,0.078125,0.01875,0.0008156340739290725,0.0010404022888850356,1.45280775405402,4.234849471920936,846
event_bars,2023-01-17 00:00:00+00:00,260,12,1,0.03775831756002138,0.046153846153846156,0.0038461538461538464,0.0003915043554859548,0.00017340038148083925,-0.2707998753106653,3.8254821181961405,981
event_bars,2023-01-18 00:00:00+00:00,372,35,3,0.04176954593621439,0.09408602150537634,0.008064516129032258,0.0011418877035007016,0.0005202011444425178,-2.1564642132367213,6.117271403657288,410
event_bars,2023-01-19 00:00:00+00:00,197,3,0,0.03541629242965407,0.015228426395939087,0.0,9.78760888714887e-05,0.0,1.8597655906370019,2.504683579092614,1528
event_bars,2023-01-20 00:00:00+00:00,327,36,6,0.04837754283904167,0.11009174311926606,0.01834862385321101,0.0011745130664578642,0.0010404022888850356,7.288025698612495,8.690428981657277,160
event_bars,2023-01-21 00:00:00+00:00,362,19,3,0.03525332233772969,0.052486187845303865,0.008287292817679558,0.000619881896186095,0.0005202011444425178,0.5320975785047052,4.2265960864685805,847
event_bars,2023-01-22 00:00:00+00:00,234,10,2,0.03262301553424958,0.042735042735042736,0.008547008547008548,0.00032625362957162897,0.0003468007629616785,-0.3394424448872962,3.497155827583973,1116
event_bars,2023-01-23 00:00:00+00:00,246,12,1,0.041805050654467255,0.04878048780487805,0.0040650406504065045,0.0003915043554859548,0.00017340038148083925,0.9136847888406022,3.033951143253298,1307
event_bars,2023-01-24 00:00:00+00:00,234,8,2,0.041529234759280255,0.03418803418803419,0.008547008547008548,0.0002610029036573032,0.0003468007629616785,-1.255596668721221,3.1079905680318474,1276
event_bars,2023-01-25 00:00:00+00:00,316,24,1,0.04673408207332493,0.0759493670886076,0.0031645569620253164,0.0007830087109719096,0.00017340038148083925,1.895955286389293,6.6198356178963635,340
event_bars,2023-01-26 00:00:00+00:00,219,1,0,0.026856731901353605,0.0045662100456621,0.0,3.26253629571629e-05,0.0,-0.2548712370190112,1.8859033649473964,1787
event_bars,2023-01-27 00:00:00+00:00,240,11,4,0.043928147406511256,0.04583333333333333,0.016666666666666666,0.0003588789925287919,0.000693601525923357,0.28695545402747547,4.274760618619848,829
event_bars,2023-01-28 00:00:00+00:00,118,0,0,0.026880491484757307,0.0,0.0,0.0,0.0,-0.22654293171137074,1.364453009696371,1938
event_bars,2023-01-29 00:00:00+00:00,285,30,12,0.05461913786894414,0.10526315789473684,0.042105263157894736,0.000978760888714887,0.0020808045777700713,3.0984399752177443,4.26795543836346,835
event_bars,2023-01-30 00:00:00+00:00,287,17,3,0.035330408421613765,0.059233449477351915,0.010452961672473868,0.0005546311702717693,0.0005202011444425178,-3.9536851442485235,5.706599899805919,475
event_bars,2023-01-31 00:00:00+00:00,213,12,3,0.037272039816738226,0.056338028169014086,0.014084507042253521,0.0003915043554859548,0.0005202011444425178,1.303474747640621,2.6701379777334218,1454
event_bars,2023-02-01 00:00:00+00:00,284,32,4,0.039672894726907666,0.11267605633802817,0.014084507042253521,0.0010440116146292128,0.000693601525923357,2.6063653174924992,4.745157263269182,701
event_bars,2023-02-02 00:00:00+00:00,306,17,2,0.03664690319320884,0.05555555555555555,0.006535947712418301,0.0005546311702717693,0.0003468007629616785,-1.0037523498884018,3.847144900262775,976
event_bars,2023-02-03 00:00:00+00:00,242,10,1,0.035524855099137435,0.04132231404958678,0.004132231404958678,0.00032625362957162897,0.00017340038148083925,-0.2911483224742054,2.211897707742274,1644
event_bars,2023-02-04 00:00:00+00:00,126,4,1,0.04143865863384366,0.031746031746031744,0.007936507936507936,0.0001305014518286516,0.00017340038148083925,-0.43681736633756024,1.4577106806252964,1918
event_bars,2023-02-05 00:00:00+00:00,188,15,4,0.05800016550892551,0.0797872340425532,0.02127659574468085,0.0004893804443574435,0.000693601525923357,-1.701164007958328,3.010383895325001,1319
event_bars,2023-02-06 00:00:00+00:00,206,9,3,0.04503619406753789,0.043689320388349516,0.014563106796116505,0.00029362826661446606,0.0005202011444425178,-0.7512019040619389,2.4450839355217835,1565
event_bars,2023-02-07 00:00:00+00:00,218,22,4,0.05098946823754909,0.10091743119266056,0.01834862385321101,0.0007177579850575838,0.000693601525923357,2.0713083341470186,2.7162217243683178,1438
event_bars,2023-02-08 00:00:00+00:00,192,8,1,0.036551626187783584,0.041666666666666664,0.005208333333333333,0.0002610029036573032,0.00017340038148083925,-1.2046043042189132,3.4141268663719098,1150
event_bars,2023-02-09 00:00:00+00:00,318,27,8,0.04478329691664123,0.08490566037735849,0.025157232704402517,0.0008808847998433983,0.001387203051846714,-5.1967812414280745,5.922634612834646,436
event_bars,2023-02-10 00:00:00+00:00,209,7,1,0.039625034983503477,0.03349282296650718,0.004784688995215311,0.0002283775407001403,0.00017340038148083925,-0.804852784929265,2.4404286435653564,1567
event_bars,2023-02-11 00:00:00+00:00,105,1,1,0.0461926955198824,0.009523809523809525,0.009523809523809525,3.26253629571629e-05,0.00017340038148083925,1.070636108149272,1.3682683575193424,1936
event_bars,2023-02-12 00:00:00+00:00,156,5,4,0.0683199726422688,0.03205128205128205,0.02564102564102564,0.00016312681478581448,0.000693601525923357,-0.367243772219091,2.1186680453747035,1678
event_bars,2023-02-13 00:00:00+00:00,232,11,4,0.04793887417979797,0.04741379310344827,0.017241379310344827,0.0003588789925287919,0.000693601525923357,-0.02205010896175198,2.5449020670870532,1512
event_bars,2023-02-14 00:00:00+00:00,271,27,4,0.038919264624769655,0.0996309963099631,0.014760147601476014,0.0008808847998433983,0.000693601525923357,1.9170846598489604,3.8118811509371575,991
event_bars,2023-02-15 00:00:00+00:00,366,39,7,0.038589925472303103,0.10655737704918032,0.01912568306010929,0.001272389155329353,0.0012138026703658747,9.22924548566276,10.26115447901259,101
event_bars,2023-02-16 00:00:00+00:00,474,26,2,0.03220044612501581,0.05485232067510549,0.004219409282700422,0.0008482594368862354,0.0003468007629616785,-3.368942883323061,7.264297528064977,268
event_bars,2023-02-17 00:00:00+00:00,437,27,0,0.03252191463380246,0.06178489702517163,0.0,0.0008808847998433983,0.0,4.385818108971029,7.00053494789952,293
event_bars,2023-02-18 00:00:00+00:00,174,2,0,0.023022584192787698,0.011494252873563218,0.0,6.52507259143258e-05,0.0,0.2259327795455201,1.8529224455003324,1799
event_bars,2023-02-19 00:00:00+00:00,277,41,8,0.05325077187460762,0.148014440433213,0.02888086642599278,0.0013376398812436788,0.001387203051846714,-1.5169187472738326,4.13429635343823,877
event_bars,2023-02-20 00:00:00+00:00,324,14,0,0.03612360938189676,0.043209876543209874,0.0,0.0004567550814002806,0.0,2.378165576081658,5.36408117095895,559
event_bars,2023-02-21 00:00:00+00:00,359,22,3,0.03604260351444482,0.06128133704735376,0.008356545961002786,0.0007177579850575838,0.0005202011444425178,-1.64934875590927,4.839967090047882,673
event_bars,2023-02-22 00:00:00+00:00,368,14,2,0.03575144800773369,0.03804347826086957,0.005434782608695652,0.0004567550814002806,0.0003468007629616785,-1.1190170784591984,3.732700904954926,1013
event_bars,2023-02-23 00:00:00+00:00,359,16,0,0.035479396044516436,0.04456824512534819,0.0,0.0005220058073146064,0.0,-1.008322455073526,4.143562562517941,874
event_bars,2023-02-24 00:00:00+00:00,343,39,5,0.03618522698561439,0.11370262390670553,0.014577259475218658,0.001272389155329353,0.0008670019074041963,-3.1978574245284093,5.705168299821609,476
event_bars,2023-02-25 00:00:00+00:00,182,6,3,0.03905991299715318,0.03296703296703297,0.016483516483516484,0.0001957521777429774,0.0005202011444425178,-0.12650660017928034,2.2239838005557675,1640
event_bars,2023-02-26 00:00:00+00:00,203,9,5,0.05684873147743497,0.04433497536945813,0.024630541871921183,0.00029362826661446606,0.0008670019074041963,1.7095604982641226,2.675386962948438,1451
event_bars,2023-02-27 00:00:00+00:00,281,31,4,0.04366171160639166,0.1103202846975089,0.014234875444839857,0.00101138625167205,0.000693601525923357,-0.27729830720234966,3.4063238765319555,1156
event_bars,2023-02-28 00:00:00+00:00,231,10,1,0.044668410749272615,0.04329004329004329,0.004329004329004329,0.00032625362957162897,0.00017340038148083925,-1.5035812424232842,2.5012676690708386,1530
event_bars,2023-03-01 00:00:00+00:00,287,17,3,0.042091297670951114,0.059233449477351915,0.010452961672473868,0.0005546311702717693,0.0005202011444425178,2.0967837342237323,4.3139850017963335,817
event_bars,2023-03-02 00:00:00+00:00,213,5,1,0.04171323425648599,0.023474178403755867,0.004694835680751174,0.00016312681478581448,0.00017340038148083925,-0.6912122411708957,2.586708987538293,1493
event_bars,2023-03-03 00:00:00+00:00,283,36,6,0.040237422378839004,0.127208480565371,0.02120141342756184,0.0011745130664578642,0.0010404022888850356,-4.866909941328069,6.993987729913856,295
event_bars,2023-03-04 00:00:00+00:00,120,1,1,0.03932612182771595,0.008333333333333333,0.008333333333333333,3.26253629571629e-05,0.00017340038148083925,-0.03178262501992883,1.1336335556943804,1997
event_bars,2023-03-05 00:00:00+00:00,150,10,7,0.061062334081688124,0.06666666666666667,0.04666666666666667,0.00032625362957162897,0.0012138026703658747,0.37358830809608634,2.119883332643148,1677
event_bars,2023-03-06 00:00:00+00:00,146,5,1,0.05119774224240017,0.03424657534246575,0.00684931506849315,0.00016312681478581448,0.00017340038148083925,-0.09907088394330588,1.580954805369204,1890
event_bars,2023-03-07 00:00:00+00:00,233,29,8,0.05667603593074034,0.12446351931330472,0.034334763948497854,0.0009461355257577241,0.001387203051846714,-0.9420447289944811,2.88831990272125,1369
event_bars,2023-03-08 00:00:00+00:00,243,14,4,0.043322006915991924,0.05761316872427984,0.01646090534979424,0.0004567550814002806,0.000693601525923357,-2.2410782395785387,3.3592938024863015,1174
event_bars,2023-03-09 00:00:00+00:00,399,54,7,0.04017585831036738,0.13533834586466165,0.017543859649122806,0.0017617695996867966,0.0012138026703658747,-6.409827691012536,8.705720125358553,157
event_bars,2023-03-10 00:00:00+00:00,484,13,0,0.029424783152602888,0.026859504132231406,0.0,0.0004241297184431177,0.0,-1.0279501809578435,4.164781522646815,868
event_bars,2023-03-11 00:00:00+00:00,363,6,1,0.028724812177962158,0.01652892561983471,0.0027548209366391185,0.0001957521777429774,0.00017340038148083925,1.512806152295022,4.562099120571488,752
event_bars,2023-03-12 00:00:00+00:00,390,46,8,0.045684905474290216,0.11794871794871795,0.020512820512820513,0.0015007666960294933,0.001387203051846714,7.256413938087911,9.061422703679641,144
event_bars,2023-03-13 00:00:00+00:00,722,10,1,0.023786759287433044,0.013850415512465374,0.0013850415512465374,0.00032625362957162897,0.00017340038148083925,9.260565814601696,11.728147284959512,69
event_bars,2023-03-14 00:00:00+00:00,803,13,0,0.024700712195221457,0.0161892901618929,0.0,0.0004241297184431177,0.0,1.9628235244112742,10.075345162870606,107
event_bars,2023-03-15 00:00:00+00:00,594,4,0,0.022640099953085892,0.006734006734006734,0.0,0.0001305014518286516,0.0,-1.7266087414001954,5.346775372054312,563
event_bars,2023-03-16 00:00:00+00:00,414,10,0,0.029701196034541955,0.024154589371980676,0.0,0.00032625362957162897,0.0,2.8513467176129548,4.250727167956411,841
event_bars,2023-03-17 00:00:00+00:00,745,38,1,0.028396775182481713,0.05100671140939597,0.0013422818791946308,0.00123976379237219,0.00017340038148083925,9.146314857797927,10.984326325146663,83
event_bars,2023-03-18 00:00:00+00:00,457,15,1,0.025521758845198604,0.03282275711159737,0.002188183807439825,0.0004893804443574435,0.00017340038148083925,-1.7568773649785399,4.314814536095011,816
event_bars,2023-03-19 00:00:00+00:00,480,31,3,0.03210638994110452,0.06458333333333334,0.00625,0.00101138625167205,0.0005202011444425178,3.8234638604379345,5.728851060892614,467
event_bars,2023-03-20 00:00:00+00:00,557,12,0,0.02533049543141602,0.02154398563734291,0.0,0.0003915043554859548,0.0,-0.9044274809323467,4.902085306120491,658
event_bars,2023-03-21 00:00:00+00:00,468,16,0,0.026819278617781286,0.03418803418803419,0.0,0.0005220058073146064,0.0,1.3872383512116746,4.205254754536174,852
event_bars,2023-03-22 00:00:00+00:00,634,51,5,0.03257409934429529,0.0804416403785489,0.007886435331230283,0.0016638935108153079,0.0008670019074041963,-3.099039142614962,8.26487342090108,190
event_bars,2023-03-23 00:00:00+00:00,470,8,0,0.02279879269657449,0.01702127659574468,0.0,0.0002610029036573032,0.0,3.7840960389612945,6.000582939719756,423
event_bars,2023-03-24 00:00:00+00:00,403,17,0,0.030673135434764156,0.04218362282878412,0.0,0.0005546311702717693,0.0,-3.0334559151390534,5.094623862170308,614
event_bars,2023-03-25 00:00:00+00:00,217,6,2,0.03189049679831516,0.027649769585253458,0.009216589861751152,0.0001957521777429774,0.0003468007629616785,0.03024434171466052,2.389780114357047,1585
event_bars,2023-03-26 00:00:00+00:00,234,15,3,0.043821910020236395,0.0641025641025641,0.01282051282051282,0.0004893804443574435,0.0005202011444425178,1.8306874812021343,2.831431761127981,1398
event_bars,2023-03-27 00:00:00+00:00,346,29,4,0.03706549968906703,0.0838150289017341,0.011560693641618497,0.0009461355257577241,0.000693601525923357,-3.059459961709824,5.650382737239101,488
event_bars,2023-03-28 00:00:00+00:00,316,11,2,0.033342723276797694,0.03481012658227848,0.006329113924050633,0.0003588789925287919,0.0003468007629616785,0.5066077569589592,3.2898919682927694,1210
event_bars,2023-03-29 00:00:00+00:00,359,19,4,0.03235421915159043,0.052924791086350974,0.011142061281337047,0.000619881896186095,0.000693601525923357,3.916044360724586,5.106570858061203,609
event_bars,2023-03-30 00:00:00+00:00,414,24,2,0.03201507255028431,0.057971014492753624,0.004830917874396135,0.0007830087109719096,0.0003468007629616785,-1.148475188391602,5.3874026723623505,550
event_bars,2023-03-31 00:00:00+00:00,343,16,0,0.03225274480544838,0.04664723032069971,0.0,0.0005220058073146064,0.0,1.5580296710806603,4.185012036315983,864
event_bars,2023-04-01 00:00:00+00:00,181,5,3,0.032863850280950964,0.027624309392265192,0.016574585635359115,0.00016312681478581448,0.0005202011444425178,-0.0386652751984826,2.3334561600251305,1597
event_bars,2023-04-02 00:00:00+00:00,215,12,5,0.05262603551572774,0.05581395348837209,0.023255813953488372,0.0003915043554859548,0.0008670019074041963,-0.9981550907583493,2.4727680622357178,1548
event_bars,2023-04-03 00:00:00+00:00,390,29,5,0.040435356003759804,0.07435897435897436,0.01282051282051282,0.0009461355257577241,0.0008670019074041963,-1.3412799342099546,4.93404206483913,647
event_bars,2023-04-04 00:00:00+00:00,269,7,1,0.031094138537054086,0.026022304832713755,0.0037174721189591076,0.0002283775407001403,0.00017340038148083925,1.3196166560451115,2.851519935710008,1388
event_bars,2023-04-05 00:00:00+00:00,318,22,4,0.04205661727027386,0.06918238993710692,0.012578616352201259,0.0007177579850575838,0.000693601525923357,-0.003907006150470565,3.6239051616206606,1063
event_bars,2023-04-06 00:00:00+00:00,223,4,0,0.034828923986900476,0.017937219730941704,0.0,0.0001305014518286516,0.0,-0.46709758670322715,1.757320658277977,1840
event_bars,2023-04-07 00:00:00+00:00,153,0,0,0.04226678296205753,0.0,0.0,0.0,0.0,-0.4728733129066209,1.2211213310581595,1976
event_bars,2023-04-08 00:00:00+00:00,120,2,2,0.05384045655591919,0.016666666666666666,0.016666666666666666,6.52507259143258e-05,0.0003468007629616785,0.12254640021793438,1.083867570108929,2005
event_bars,2023-04-09 00:00:00+00:00,187,17,10,0.06569873501596124,0.09090909090909091,0.053475935828877004,0.0005546311702717693,0.0017340038148083927,1.367514104654383,2.7578081757873765,1426
event_bars,2023-04-10 00:00:00+00:00,335,48,11,0.04215361192412566,0.14328358208955225,0.03283582089552239,0.0015660174219438191,0.0019074041962892317,4.536055740265412,5.817454260335121,451
event_bars,2023-04-11 00:00:00+00:00,375,23,2,0.02893972362763932,0.06133333333333333,0.005333333333333333,0.0007503833480147467,0.0003468007629616785,1.8793962769202206,3.2930630188222954,1206
event_bars,2023-04-12 00:00:00+00:00,337,24,3,0.0353865750947767,0.0712166172106825,0.008902077151335312,0.0007830087109719096,0.0005202011444425178,-1.0326414894987217,2.862092197879275,1381
event_bars,2023-04-13 00:00:00+00:00,282,11,1,0.02956906276200618,0.03900709219858156,0.0035460992907801418,0.0003588789925287919,0.00017340038148083925,1.6196218413727859,2.685759326032201,1446
event_bars,2023-04-14 00:00:00+00:00,360,24,8,0.037559229122949185,0.06666666666666667,0.022222222222222223,0.0007830087109719096,0.001387203051846714,0.29729138342740835,3.7194370008048843,1022
event_bars,2023-04-15 00:00:00+00:00,157,1,0,0.03067852229472037,0.006369426751592357,0.0,3.26253629571629e-05,0.0,-0.5683872948777288,1.3618500241902698,1940
event_bars,2023-04-16 00:00:00+00:00,164,7,5,0.05884490090833684,0.042682926829268296,0.03048780487804878,0.0002283775407001403,0.0008670019074041963,0.020473195045656735,1.5100349568148714,1906
event_bars,2023-04-17 00:00:00+00:00,266,19,7,0.043811844513962014,0.07142857142857142,0.02631578947368421,0.000619881896186095,0.0012138026703658747,-2.9030655298791572,3.6541923116622903,1052
event_bars,2023-04-18 00:00:00+00:00,310,16,3,0.03925207562390172,0.05161290322580645,0.00967741935483871,0.0005220058073146064,0.0005202011444425178,3.163886090888466,4.708541728905727,713
event_bars,2023-04-19 00:00:00+00:00,374,26,5,0.03695840757659666,0.06951871657754011,0.013368983957219251,0.0008482594368862354,0.0008670019074041963,-5.311174134691709,6.285890650199659,388
event_bars,2023-04-20 00:00:00+00:00,362,18,2,0.03077135609777066,0.049723756906077346,0.0055248618784530384,0.0005872565332289321,0.0003468007629616785,-1.9820061030365488,3.8384691577033383,978
event_bars,2023-04-21 00:00:00+00:00,361,25,2,0.03481311651385413,0.06925207756232687,0.00554016620498615,0.0008156340739290725,0.0003468007629616785,-3.523643990789366,4.575974683126638,749
event_bars,2023-04-22 00:00:00+00:00,224,6,3,0.032385460101131205,0.026785714285714284,0.013392857142857142,0.0001957521777429774,0.0005202011444425178,2.0146050567725866,2.770381123714196,1420
event_bars,2023-04-23 00:00:00+00:00,212,5,2,0.04882593697450449,0.02358490566037736,0.009433962264150943,0.00016312681478581448,0.0003468007629616785,-0.8349150754935565,1.9155740306603646,1775
event_bars,2023-04-24 00:00:00+00:00,325,30,8,0.04375124962957423,0.09230769230769231,0.024615384615384615,0.000978760888714887,0.001387203051846714,-0.284711141710797,3.9361008708528162,937
event_bars,2023-04-25 00:00:00+00:00,292,16,5,0.041211923833198605,0.0547945205479452,0.017123287671232876,0.0005220058073146064,0.0008670019074041963,2.8300274768599163,4.332483919856722,809
event_bars,2023-04-26 00:00:00+00:00,604,48,4,0.037115021301642126,0.07947019867549669,0.006622516556291391,0.0015660174219438191,0.000693601525923357,0.38530390312986845,9.958578571878892,111
event_bars,2023-04-27 00:00:00+00:00,478,11,0,0.02451410123779273,0.02301255230125523,0.0,0.0003588789925287919,0.0,3.6751175949926322,5.262502139012654,585
event_bars,2023-04-28 00:00:00+00:00,295,9,3,0.026844437834755732,0.030508474576271188,0.010169491525423728,0.00029362826661446606,0.0005202011444425178,-0.5411950104044059,2.4670646767501196,1550
event_bars,2023-04-29 00:00:00+00:00,155,2,0,0.03435550497264579,0.012903225806451613,0.0,6.52507259143258e-05,0.0,-0.29839697972283125,1.5177134918214132,1902
event_bars,2023-04-30 00:00:00+00:00,266,45,10,0.054310916301649276,0.16917293233082706,0.03759398496240601,0.0014681413330723304,0.0017340038148083927,0.035252423113496356,2.9912053275090793,1325
event_bars,2023-05-01 00:00:00+00:00,356,26,6,0.03751370552122455,0.07303370786516854,0.016853932584269662,0.0008482594368862354,0.0010404022888850356,-4.081058804479886,5.883171672422087,443
event_bars,2023-05-02 00:00:00+00:00,316,24,1,0.03680405331746619,0.0759493670886076,0.0031645569620253164,0.0007830087109719096,0.00017340038148083925,2.123124660998333,3.6449701344256376,1056
event_bars,2023-05-03 00:00:00+00:00,382,37,3,0.04013994846990771,0.0968586387434555,0.007853403141361256,0.0012071384294150272,0.0005202011444425178,1.2553307642774696,4.110913277929874,882
event_bars,2023-05-04 00:00:00+00:00,282,8,2,0.02669944060116564,0.028368794326241134,0.0070921985815602835,0.0002610029036573032,0.0003468007629616785,-0.6652353885098627,2.4811748345705404,1545
event_bars,2023-05-05 00:00:00+00:00,349,25,6,0.03620378108196452,0.07163323782234957,0.017191977077363897,0.0008156340739290725,0.0010404022888850356,2.2824328572607255,3.686495445120534,1031
event_bars,2023-05-06 00:00:00+00:00,305,18,6,0.032243067692510924,0.05901639344262295,0.019672131147540985,0.0005872565332289321,0.0010404022888850356,-2.241505966682195,5.1822572288440405,598
event_bars,2023-05-07 00:00:00+00:00,225,7,4,0.038571077772095015,0.03111111111111111,0.017777777777777778,0.0002283775407001403,0.000693601525923357,-1.461848367852567,2.6676595376720806,1456
event_bars,2023-05-08 00:00:00+00:00,383,34,7,0.041108824184579146,0.08877284595300261,0.018276762402088774,0.0011092623405435386,0.0012138026703658747,-2.709543371751654,4.921296686838947,651
event_bars,2023-05-09 00:00:00+00:00,252,9,1,0.03357518088540608,0.03571428571428571,0.003968253968253968,0.00029362826661446606,0.00017340038148083925,-0.17948258843900503,1.8095116854504767,1824
event_bars,2023-05-10 00:00:00+00:00,408,58,7,0.042939328721718656,0.14215686274509803,0.01715686274509804,0.0018922710515154482,0.0012138026703658747,-0.09892541722196142,5.9343945960260935,433
event_bars,2023-05-11 00:00:00+00:00,330,15,5,0.024716048449655588,0.045454545454545456,0.015151515151515152,0.0004893804443574435,0.0008670019074041963,-2.2978894953140645,3.4658137189076212,1132
event_bars,2023-05-12 00:00:00+00:00,361,26,8,0.03612071205355716,0.07202216066481995,0.0221606648199446,0.0008482594368862354,0.001387203051846714,-0.6374983211911648,5.069119478985947,620
event_bars,2023-05-13 00:00:00+00:00,181,4,1,0.03007721468380074,0.022099447513812154,0.0055248618784530384,0.0001305014518286516,0.00017340038148083925,-0.08403691395614912,1.4019408267802802,1931
event_bars,2023-05-14 00:00:00+00:00,181,8,3,0.047368583081269636,0.04419889502762431,0.016574585635359115,0.0002610029036573032,0.0005202011444425178,0.5184052515674272,2.39236068804833,1583
event_bars,2023-05-15 00:00:00+00:00,274,14,7,0.04027295481697092,0.051094890510948905,0.025547445255474453,0.0004567550814002806,0.0012138026703658747,0.9272207088320488,3.5171922387909396,1104
event_bars,2023-05-16 00:00:00+00:00,231,6,0,0.039587856525381326,0.025974025974025976,0.0,0.0001957521777429774,0.0,-0.4714160229207998,1.6730900444669783,1858
event_bars,2023-05-17 00:00:00+00:00,285,24,7,0.04414473999717624,0.08421052631578947,0.02456140350877193,0.0007830087109719096,0.0012138026703658747,1.3638454342100765,3.6004073906917227,1073
event_bars,2023-05-18 00:00:00+00:00,294,19,4,0.043370957470661796,0.06462585034013606,0.013605442176870748,0.000619881896186095,0.000693601525923357,-2.163722452554807,4.264647124818238,836
event_bars,2023-05-19 00:00:00+00:00,200,15,3,0.03972526805540843,0.075,0.015,0.0004893804443574435,0.0005202011444425178,0.22615719547272456,2.1149228921550303,1681
event_bars,2023-05-20 00:00:00+00:00,124,5,4,0.048143372087262305,0.04032258064516129,0.03225806451612903,0.00016312681478581448,0.000693601525923357,0.8132054688368114,1.2265271564933,1975
event_bars,2023-05-21 00:00:00+00:00,157,9,3,0.05647496593822429,0.05732484076433121,0.01910828025477707,0.00029362826661446606,0.0005202011444425178,-1.3258614511165856,2.3958127187073504,1582
event_bars,2023-05-22 00:00:00+00:00,195,15,5,0.053195219442633904,0.07692307692307693,0.02564102564102564,0.0004893804443574435,0.0008670019074041963,0.4009487759882458,2.2307810786330036,1637
event_bars,2023-05-23 00:00:00+00:00,227,12,3,0.04464225738014517,0.05286343612334802,0.013215859030837005,0.0003915043554859548,0.0005202011444425178,1.368011402841343,2.743308207661645,1432
event_bars,2023-05-24 00:00:00+00:00,296,33,11,0.04728197827701831,0.11148648648648649,0.037162162162162164,0.0010766369775863757,0.0019074041962892317,-3.348736127103317,4.328955388317506,812
event_bars,2023-05-25 00:00:00+00:00,233,8,4,0.03816304443039292,0.034334763948497854,0.017167381974248927,0.0002610029036573032,0.000693601525923357,0.5604866905940326,3.0253383596494823,1310
event_bars,2023-05-26 00:00:00+00:00,218,16,3,0.03931236125160795,0.07339449541284404,0.013761467889908258,0.0005220058073146064,0.0005202011444425178,0.8586812143404199,2.295790636444433,1611
event_bars,2023-05-27 00:00:00+00:00,133,2,1,0.0461875558484844,0.015037593984962405,0.007518796992481203,6.52507259143258e-05,0.00017340038148083925,0.5671452900234648,1.3531073972082914,1941
event_bars,2023-05-28 00:00:00+00:00,263,28,13,0.052429021719546956,0.10646387832699619,0.049429657794676805,0.0009135101628005612,0.00225420495925091,4.423889703543874,5.480763827452133,525
event_bars,2023-05-29 00:00:00+00:00,239,12,0,0.03633324665410295,0.0502092050209205,0.0,0.0003915043554859548,0.0,-1.1969062421364114,3.319013264351707,1190
event_bars,2023-05-30 00:00:00+00:00,216,7,2,0.047610343713883695,0.032407407407407406,0.009259259259259259,0.0002283775407001403,0.0003468007629616785,-0.15161855682938535,1.830581309207183,1810
event_bars,2023-05-31 00:00:00+00:00,259,12,6,0.04284951301686767,0.04633204633204633,0.023166023166023165,0.0003915043554859548,0.0010404022888850356,-1.7452717088768939,3.6563330681709894,1051
event_bars,2023-06-01 00:00:00+00:00,230,13,5,0.043660446400952624,0.05652173913043478,0.021739130434782608,0.0004241297184431177,0.0008670019074041963,-1.4657784502026248,2.7728527682687876,1417
event_bars,2023-06-02 00:00:00+00:00,229,10,3,0.04052740506550274,0.043668122270742356,0.013100436681222707,0.00032625362957162897,0.0005202011444425178,1.5638881020297863,3.0221242200076546,1315
event_bars,2023-06-03 00:00:00+00:00,133,3,2,0.053838660371005265,0.022556390977443608,0.015037593984962405,9.78760888714887e-05,0.0003468007629616785,-0.6370375265563033,1.6231859950207403,1876
event_bars,2023-06-04 00:00:00+00:00,136,3,2,0.06597199467539554,0.022058823529411766,0.014705882352941176,9.78760888714887e-05,0.0003468007629616785,0.1754149936572176,1.9292706344720731,1764
event_bars,2023-06-05 00:00:00+00:00,355,49,11,0.04738892989583384,0.13802816901408452,0.030985915492957747,0.001598642784900982,0.0019074041962892317,-5.255947203375476,6.727873908170731,326
event_bars,2023-06-06 00:00:00+00:00,365,33,3,0.03659157049188992,0.09041095890410959,0.00821917808219178,0.0010766369775863757,0.0005202011444425178,5.694817826189139,7.7354859465791055,231
event_bars,2023-06-07 00:00:00+00:00,341,12,0,0.0369677447581195,0.03519061583577713,0.0,0.0003915043554859548,0.0,-3.3453856774490025,4.798193146389528,687
event_bars,2023-06-08 00:00:00+00:00,212,8,1,0.03109374878528857,0.03773584905660377,0.0047169811320754715,0.0002610029036573032,0.00017340038148083925,0.6059270448263806,2.281806468350279,1617
event_bars,2023-06-09 00:00:00+00:00,184,3,2,0.04563526589356156,0.016304347826086956,0.010869565217391304,9.78760888714887e-05,0.0003468007629616785,-0.06760572149001902,2.033610290232336,1721
event_bars,2023-06-10 00:00:00+00:00,329,41,11,0.048261840697504,0.12462006079027356,0.03343465045592705,0.0013376398812436788,0.0019074041962892317,-2.4539043859610024,4.728328876657233,706
event_bars,2023-06-11 00:00:00+00:00,188,6,2,0.04044622725480793,0.031914893617021274,0.010638297872340425,0.0001957521777429774,0.0003468007629616785,0.3220166496821701,2.229720531031056,1638
event_bars,2023-06-12 00:00:00+00:00,209,6,1,0.03952690164420564,0.028708133971291867,0.004784688995215311,0.0001957521777429774,0.00017340038148083925,-0.058681822673515044,1.9254836354742164,1768
event_bars,2023-06-13 00:00:00+00:00,266,19,3,0.04337784387610976,0.07142857142857142,0.011278195488721804,0.000619881896186095,0.0005202011444425178,0.08955316659393417,2.7716418824546927,1419
event_bars,2023-06-14 00:00:00+00:00,263,37,15,0.05249331490977697,0.14068441064638784,0.057034220532319393,0.0012071384294150272,0.0026010057222125888,-3.1436596295006622,5.1193881458121435,607
event_bars,2023-06-15 00:00:00+00:00,281,7,1,0.02813556134992271,0.02491103202846975,0.0035587188612099642,0.0002283775407001403,0.00017340038148083925,1.8548123556388647,3.8518823613055497,975
event_bars,2023-06-16 00:00:00+00:00,301,27,5,0.037066662551916235,0.08970099667774087,0.016611295681063124,0.0008808847998433983,0.0008670019074041963,2.889149759981601,5.361558057888127,560
event_bars,2023-06-17 00:00:00+00:00,200,6,4,0.0330991976377077,0.03,0.02,0.0001957521777429774,0.000693601525923357,0.6547498260499292,2.7482001178749798,1430
event_bars,2023-06-18 00:00:00+00:00,168,3,1,0.05358372979326444,0.017857142857142856,0.005952380952380952,9.78760888714887e-05,0.00017340038148083925,-0.6779173743033311,1.8077458225946985,1825
event_bars,2023-06-19 00:00:00+00:00,232,29,10,0.04972383469805167,0.125,0.04310344827586207,0.0009461355257577241,0.0017340038148083927,1.8770973712097703,3.1353964304073187,1265
event_bars,2023-06-20 00:00:00+00:00,417,38,3,0.03654648804308341,0.09112709832134293,0.007194244604316547,0.00123976379237219,0.0005202011444425178,5.306111131530295,6.412683690435584,363
event_bars,2023-06-21 00:00:00+00:00,582,28,0,0.029616229109731936,0.048109965635738834,0.0,0.0009135101628005612,0.0,5.828084610476518,8.761679496779232,154
event_bars,2023-06-22 00:00:00+00:00,342,6,0,0.02548304864817144,0.017543859649122806,0.0,0.0001957521777429774,0.0,-0.37919645861434614,3.2939510401022014,1204
event_bars,2023-06-23 00:00:00+00:00,405,39,9,0.03877722859502294,0.0962962962962963,0.022222222222222223,0.001272389155329353,0.0015606034333275533,2.6373819245732566,5.574764473693077,509
event_bars,2023-06-24 00:00:00+00:00,230,4,0,0.026914989072496998,0.017391304347826087,0.0,0.0001305014518286516,0.0,-0.4879278018717835,1.8830911167223248,1789
event_bars,2023-06-25 00:00:00+00:00,219,2,1,0.04963482505897451,0.0091324200913242,0.0045662100456621,6.52507259143258e-05,0.00017340038148083925,-0.21711261976248766,2.6119731453986073,1480
event_bars,2023-06-26 00:00:00+00:00,274,12,3,0.042503303877429975,0.043795620437956206,0.010948905109489052,0.0003915043554859548,0.0005202011444425178,-0.6518672382086252,2.5669618450805123,1501
event_bars,2023-06-27 00:00:00+00:00,283,17,3,0.03925171078058525,0.06007067137809187,0.01060070671378092,0.0005546311702717693,0.0005202011444425178,1.388526048970131,2.5666520883561463,1502
event_bars,2023-06-28 00:00:00+00:00,286,14,4,0.03798854842327445,0.04895104895104895,0.013986013986013986,0.0004567550814002806,0.000693601525923357,-2.0310330332958237,2.9658540781377396,1337
event_bars,2023-06-29 00:00:00+00:00,259,9,3,0.03834116413744425,0.03474903474903475,0.011583011583011582,0.00029362826661446606,0.0005202011444425178,1.2349304632816183,2.631527612867175,1474
event_bars,2023-06-30 00:00:00+00:00,411,46,6,0.041741697253584065,0.11192214111922141,0.014598540145985401,0.0015007666960294933,0.0010404022888850356,0.06666655966690321,5.922783420033332,435
event_bars,2023-07-01 00:00:00+00:00,134,0,0,0.01968758370350863,0.0,0.0,0.0,0.0,0.3715978047908669,1.170570684574719,1993
event_bars,2023-07-02 00:00:00+00:00,153,11,8,0.06690936453800457,0.0718954248366013,0.05228758169934641,0.0003588789925287919,0.001387203051846714,0.12780640542841276,2.1333083561420016,1671
event_bars,2023-07-03 00:00:00+00:00,239,21,4,0.041082188515197945,0.08786610878661087,0.016736401673640166,0.0006851326221004208,0.000693601525923357,1.7367186453592902,2.6982684389208025,1444
event_bars,2023-07-04 00:00:00+00:00,195,6,2,0.037772776955583544,0.03076923076923077,0.010256410256410256,0.0001957521777429774,0.0003468007629616785,-1.2693793426676836,2.3237704892645326,1601
event_bars,2023-07-05 00:00:00+00:00,203,10,7,0.04650029120088914,0.04926108374384237,0.034482758620689655,0.00032625362957162897,0.0012138026703658747,-0.8742065161223365,2.291299401454035,1613
event_bars,2023-07-06 00:00:00+00:00,384,54,5,0.043262631665810285,0.140625,0.013020833333333334,0.0017617695996867966,0.0008670019074041963,-2.0344357033539784,5.7031711274052235,478
event_bars,2023-07-07 00:00:00+00:00,222,6,0,0.03426927704608875,0.02702702702702703,0.0,0.0001957521777429774,0.0,1.5069501910736607,2.540237314170971,1514
event_bars,2023-07-08 00:00:00+00:00,123,0,0,0.03847475330323235,0.0,0.0,0.0,0.0,-0.19373806542732802,1.1694180956879452,1994
event_bars,2023-07-09 00:00:00+00:00,137,3,2,0.05851009873031801,0.021897810218978103,0.014598540145985401,9.78760888714887e-05,0.0003468007629616785,-0.401874185699446,1.3272819318161337,1946
event_bars,2023-07-10 00:00:00+00:00,256,25,8,0.05406394210234282,0.09765625,0.03125,0.0008156340739290725,0.001387203051846714,0.8228677508310304,3.645546780579893,1055
event_bars,2023-07-11 00:00:00+00:00,205,9,1,0.03456719393351002,0.04390243902439024,0.004878048780487805,0.00029362826661446606,0.00017340038148083925,0.6933851563038399,1.7800795247727361,1834
event_bars,2023-07-12 00:00:00+00:00,253,21,4,0.04565487597042083,0.08300395256916997,0.015810276679841896,0.0006851326221004208,0.000693601525923357,-0.7852155561188633,2.5979733566049728,1484
event_bars,2023-07-13 00:00:00+00:00,360,47,9,0.046068183188847624,0.13055555555555556,0.025,0.0015333920589866562,0.0015606034333275533,3.4715978898230846,5.210333898429492,593
event_bars,2023-07-14 00:00:00+00:00,313,23,3,0.03339406008813224,0.07348242811501597,0.009584664536741214,0.0007503833480147467,0.0005202011444425178,-3.720529089935217,5.734657759652018,466
event_bars,2023-07-15 00:00:00+00:00,124,0,0,0.020377753553151495,0.0,0.0,0.0,0.0,-0.05580348074551036,0.5273922211246753,2063
event_bars,2023-07-16 00:00:00+00:00,140,3,3,0.06494174308525022,0.02142857142857143,0.02142857142857143,9.78760888714887e-05,0.0005202011444425178,-0.1973772942838428,1.2947433048784243,1956
event_bars,2023-07-17 00:00:00+00:00,223,15,9,0.05983902421407718,0.06726457399103139,0.04035874439461883,0.0004893804443574435,0.0015606034333275533,-0.30094648436562565,2.334006886926284,1596
event_bars,2023-07-18 00:00:00+00:00,218,10,3,0.0413894382314733,0.045871559633027525,0.013761467889908258,0.00032625362957162897,0.0005202011444425178,-0.9351160992095373,2.775743172162882,1415
event_bars,2023-07-19 00:00:00+00:00,195,2,1,0.04027087947044708,0.010256410256410256,0.005128205128205128,6.52507259143258e-05,0.00017340038148083925,0.16671915373323612,1.44686996753945,1921
event_bars,2023-07-20 00:00:00+00:00,239,18,5,0.04683482746629677,0.07531380753138076,0.02092050209205021,0.0005872565332289321,0.0008670019074041963,-0.3501632924585074,3.176821028623595,1255
event_bars,2023-07-21 00:00:00+00:00,155,3,1,0.04343166757512441,0.01935483870967742,0.0064516129032258064,9.78760888714887e-05,0.00017340038148083925,0.33644791331550017,1.1723283216563791,1991
event_bars,2023-07-22 00:00:00+00:00,114,2,2,0.051605071851525464,0.017543859649122806,0.017543859649122806,6.52507259143258e-05,0.0003468007629616785,-0.3619610152129804,1.2881923180288124,1960
event_bars,2023-07-23 00:00:00+00:00,154,6,3,0.061635974537654556,0.03896103896103896,0.01948051948051948,0.0001957521777429774,0.0005202011444425178,0.9600052343262673,2.1612801234166077,1658
event_bars,2023-07-24 00:00:00+00:00,246,24,4,0.04044532202758764,0.0975609756097561,0.016260162601626018,0.0007830087109719096,0.000693601525923357,-3.062971256467646,4.283287457087893,826
event_bars,2023-07-25 00:00:00+00:00,144,4,1,0.043385159703493874,0.027777777777777776,0.006944444444444444,0.0001305014518286516,0.00017340038148083925,0.17985585551345468,1.1864038152884255,1987
event_bars,2023-07-26 00:00:00+00:00,187,13,8,0.05441918901041917,0.06951871657754011,0.0427807486631016,0.0004241297184431177,0.001387203051846714,0.40920808158231003,1.9999475169139314,1735
event_bars,2023-07-27 00:00:00+00:00,156,2,1,0.03721411993859534,0.01282051282051282,0.00641025641025641,6.52507259143258e-05,0.00017340038148083925,-0.43145848774402745,1.6816063589544101,1851
event_bars,2023-07-28 00:00:00+00:00,153,4,2,0.056283204256113134,0.026143790849673203,0.013071895424836602,0.0001305014518286516,0.0003468007629616785,0.30798336419209255,1.442176116320091,1923
event_bars,2023-07-29 00:00:00+00:00,69,0,0,0.02702020572680008,0.0,0.0,0.0,0.0,0.13335813747055866,0.5471111311768088,2062
event_bars,2023-07-30 00:00:00+00:00,39,4,2,0.07410395417374208,0.10256410256410256,0.05128205128205128,0.0001305014518286516,0.0003468007629616785,-0.23204162589859395,1.4936503595508126,1908
event_bars,2023-07-31 00:00:00+00:00,160,6,2,0.04834224692182103,0.0375,0.0125,0.0001957521777429774,0.0003468007629616785,-0.17233130162481364,1.452628322052346,1919
event_bars,2023-08-01 00:00:00+00:00,235,21,9,0.0527985911444481,0.08936170212765958,0.03829787234042553,0.0006851326221004208,0.0015606034333275533,1.6306664577196441,4.0667867056537785,895
event_bars,2023-08-02 00:00:00+00:00,268,10,2,0.03800695095116457,0.03731343283582089,0.007462686567164179,0.00032625362957162897,0.0003468007629616785,-1.8043236979446355,3.9132493198389353,944
event_bars,2023-08-03 00:00:00+00:00,162,2,0,0.03678695048564102,0.012345679012345678,0.0,6.52507259143258e-05,0.0,0.03427568653481247,1.6597578738538947,1863
event_bars,2023-08-04 00:00:00+00:00,147,8,3,0.06408144113988871,0.05442176870748299,0.02040816326530612,0.0002610029036573032,0.0005202011444425178,-0.2710995943261131,1.871877152692943,1793
event_bars,2023-08-05 00:00:00+00:00,101,0,0,0.029837671660862576,0.0,0.0,0.0,0.0,-0.1492465733679423,0.6367803979997382,2053
event_bars,2023-08-06 00:00:00+00:00,22,0,0,0.09942124068151625,0.0,0.0,0.0,0.0,0.06261439372279742,0.7580286393884841,2046
event_bars,2023-08-07 00:00:00+00:00,199,13,7,0.07163598682060812,0.06532663316582915,0.035175879396984924,0.0004241297184431177,0.0012138026703658747,0.4351518399113864,2.043662214465512,1713
event_bars,2023-08-08 00:00:00+00:00,271,23,8,0.04824496805421088,0.08487084870848709,0.02952029520295203,0.0007503833480147467,0.001387203051846714,1.887043649682211,3.7645227609925933,1004
event_bars,2023-08-09 00:00:00+00:00,212,4,0,0.03957006562393175,0.018867924528301886,0.0,0.0001305014518286516,0.0,-0.6273226969895869,2.6473651557665527,1466
event_bars,2023-08-10 00:00:00+00:00,158,5,2,0.04658010517336254,0.03164556962025317,0.012658227848101266,0.00016312681478581448,0.0003468007629616785,-0.43784361147372264,1.4436121861935598,1922
event_bars,2023-08-11 00:00:00+00:00,111,4,3,0.06261465771843693,0.036036036036036036,0.02702702702702703,0.0001305014518286516,0.0005202011444425178,-0.09582190093556288,1.1741205322331212,1990
event_bars,2023-08-12 00:00:00+00:00,30,0,0,0.03687377379519357,0.0,0.0,0.0,0.0,0.017676192594140827,0.37395930032884533,2069
event_bars,2023-08-14 00:00:00+00:00,156,8,5,0.06549226381682638,0.05128205128205128,0.03205128205128205,0.0002610029036573032,0.0008670019074041963,0.4298898855224993,2.099241949256758,1690
event_bars,2023-08-15 00:00:00+00:00,131,7,5,0.06260779396149117,0.05343511450381679,0.03816793893129771,0.0002283775407001403,0.0008670019074041963,-0.7872645735720432,1.5103947573769216,1905
event_bars,2023-08-16 00:00:00+00:00,174,12,9,0.053566493117150796,0.06896551724137931,0.05172413793103448,0.0003915043554859548,0.0015606034333275533,-1.638976092221052,1.9057725806745134,1780
event_bars,2023-08-17 00:00:00+00:00,433,55,17,0.05031839023438993,0.12702078521939955,0.03926096997690531,0.0017943949626439595,0.0029478064851742674,-7.612292812645709,15.756444447628622,31
event_bars,2023-08-18 00:00:00+00:00,300,7,1,0.01840402490512795,0.023333333333333334,0.0033333333333333335,0.0002283775407001403,0.00017340038148083925,-2.1561351718874766,4.648095237193356,731
event_bars,2023-08-19 00:00:00+00:00,145,1,0,0.03249494080172812,0.006896551724137931,0.0,3.26253629571629e-05,0.0,0.17763186543805545,1.8673889698200903,1796
event_bars,2023-08-20 00:00:00+00:00,109,1,1,0.05926360275981477,0.009174311926605505,0.009174311926605505,3.26253629571629e-05,0.00017340038148083925,0.33483690301431257,1.2884629798406613,1959
event_bars,2023-08-21 00:00:00+00:00,156,4,1,0.055854548464870785,0.02564102564102564,0.00641025641025641,0.0001305014518286516,0.00017340038148083925,-0.23139614809800693,1.8433701688837967,1805
event_bars,2023-08-22 00:00:00+00:00,187,15,10,0.06918892819777323,0.08021390374331551,0.053475935828877004,0.0004893804443574435,0.0017340038148083927,-0.2722404758120097,3.300162154354876,1198
event_bars,2023-08-23 00:00:00+00:00,235,12,2,0.03815437579915722,0.05106382978723404,0.00851063829787234,0.0003915043554859548,0.0003468007629616785,1.4284405074722757,3.8251251128733186,982
event_bars,2023-08-24 00:00:00+00:00,173,5,2,0.04275224710967688,0.028901734104046242,0.011560693641618497,0.00016312681478581448,0.0003468007629616785,-0.9683666435509365,2.7988614051130285,1407
event_bars,2023-08-25 00:00:00+00:00,167,15,4,0.05075174876063235,0.08982035928143713,0.023952095808383235,0.0004893804443574435,0.000693601525923357,-0.4324326922203467,2.096345288482854,1693
event_bars,2023-08-26 00:00:00+00:00,39,0,0,0.030611752837872857,0.0,0.0,0.0,0.0,-0.18211162248360974,0.6157598191515313,2057
event_bars,2023-08-28 00:00:00+00:00,135,9,6,0.07133854614898519,0.06666666666666667,0.044444444444444446,0.00029362826661446606,0.0010404022888850356,0.07242198189480197,1.5134178867299302,1903
event_bars,2023-08-29 00:00:00+00:00,335,73,18,0.050911270745199196,0.21791044776119403,0.05373134328358209,0.0023816514958728916,0.0031212068666551067,5.925552829769917,8.374286109852818,183
event_bars,2023-08-30 00:00:00+00:00,193,5,1,0.029231691382899605,0.025906735751295335,0.0051813471502590676,0.00016312681478581448,0.00017340038148083925,-1.4901031298593832,2.9547994682737686,1341
event_bars,2023-08-31 00:00:00+00:00,243,38,12,0.04847428482912481,0.15637860082304528,0.04938271604938271,0.00123976379237219,0.0020808045777700713,-5.1211526157239495,7.721676232076938,232
event_bars,2023-09-01 00:00:00+00:00,210,19,4,0.041442887368302296,0.09047619047619047,0.01904761904761905,0.000619881896186095,0.000693601525923357,-0.5119531091382419,3.263178252238532,1218
event_bars,2023-09-02 00:00:00+00:00,86,0,0,0.02517194716832043,0.0,0.0,0.0,0.0,0.23310124123896467,0.906502506567496,2031
event_bars,2023-09-03 00:00:00+00:00,4,0,0,0.032515849427441304,0.0,0.0,0.0,0.0,0.41028350865066116,1.3800443247681027,1933
event_bars,2023-09-04 00:00:00+00:00,114,3,3,0.0648328795120764,0.02631578947368421,0.02631578947368421,9.78760888714887e-05,0.0005202011444425178,-0.5720801833764353,1.8925593834181682,1786
event_bars,2023-09-05 00:00:00+00:00,121,2,2,0.05699223504625483,0.01652892561983471,0.01652892561983471,6.52507259143258e-05,0.0003468007629616785,-0.13296198975152085,1.4341735031466358,1925
event_bars,2023-09-06 00:00:00+00:00,137,18,6,0.06326212153387056,0.13138686131386862,0.043795620437956206,0.0005872565332289321,0.0010404022888850356,-0.12537093774237398,2.8263004655738446,1399
event_bars,2023-09-07 00:00:00+00:00,149,10,4,0.05636337245627628,0.06711409395973154,0.026845637583892617,0.00032625362957162897,0.000693601525923357,1.8977989411279272,3.2611773573190885,1222
event_bars,2023-09-08 00:00:00+00:00,155,7,2,0.038875110787529504,0.04516129032258064,0.012903225806451613,0.0002283775407001403,0.0003468007629616785,-1.3076393881381156,3.1019916430517056,1280
event_bars,2023-09-09 00:00:00+00:00,36,0,0,0.016885161255842687,0.0,0.0,0.0,0.0,-0.028189409850243298,0.6152128463854352,2058
event_bars,2023-09-11 00:00:00+00:00,226,29,10,0.04899125844941745,0.12831858407079647,0.04424778761061947,0.0009461355257577241,0.0017340038148083927,-2.6600860720758663,3.966414028051891,924
event_bars,2023-09-12 00:00:00+00:00,300,31,7,0.03789704581329548,0.10333333333333333,0.023333333333333334,0.00101138625167205,0.0012138026703658747,2.650019126881871,5.663803405717262,486
event_bars,2023-09-13 00:00:00+00:00,204,8,1,0.0390594587992739,0.0392156862745098,0.004901960784313725,0.0002610029036573032,0.00017340038148083925,1.4763209729724063,2.492938304252536,1537
event_bars,2023-09-14 00:00:00+00:00,219,15,4,0.046454746622723087,0.0684931506849315,0.0182648401826484,0.0004893804443574435,0.000693601525923357,1.1396134730869583,2.9194359730213235,1358
event_bars,2023-09-15 00:00:00+00:00,157,6,4,0.04784952802592585,0.03821656050955414,0.025477707006369428,0.0001957521777429774,0.000693601525923357,0.3043236613698837,2.5743182840368326,1500
event_bars,2023-09-16 00:00:00+00:00,93,0,0,0.0404727148334911,0.0,0.0,0.0,0.0,-0.1663593292701192,1.2539290318476966,1968
event_bars,2023-09-18 00:00:00+00:00,225,28,13,0.05103400633946068,0.12444444444444444,0.057777777777777775,0.0009135101628005612,0.00225420495925091,0.885029648433013,3.8638920898586497,971
event_bars,2023-09-19 00:00:00+00:00,252,20,3,0.046962325285451474,0.07936507936507936,0.011904761904761904,0.0006525072591432579,0.0005202011444425178,1.653916864694224,3.0549248903822144,1298
event_bars,2023-09-20 00:00:00+00:00,212,9,2,0.04462505186723169,0.04245283018867924,0.009433962264150943,0.00029362826661446606,0.0003468007629616785,-0.32484062772353994,2.368877052905278,1590
event_bars,2023-09-21 00:00:00+00:00,204,11,1,0.03438331852868006,0.05392156862745098,0.004901960784313725,0.0003588789925287919,0.00017340038148083925,-2.069014903870945,2.9488710035273766,1344
event_bars,2023-09-22 00:00:00+00:00,125,0,0,0.05410865565358027,0.0,0.0,0.0,0.0,0.05308805022339446,1.0708761385500567,2008
event_bars,2023-09-23 00:00:00+00:00,21,0,0,0.03505711519575611,0.0,0.0,0.0,0.0,-0.013551716759752294,0.48350021138567023,2066
event_bars,2023-09-24 00:00:00+00:00,3,0,0,0.015443588400990915,0.0,0.0,0.0,0.0,-1.2523982059410073,2.4949752069383773,1534
event_bars,2023-09-25 00:00:00+00:00,169,5,4,0.04266484234266553,0.029585798816568046,0.023668639053254437,0.00016312681478581448,0.000693601525923357,0.22123692217266125,1.8128537687203166,1823
event_bars,2023-09-26 00:00:00+00:00,126,0,0,0.055473729865838615,0.0,0.0,0.0,0.0,-0.31124249638986917,1.1978382625792345,1982
event_bars,2023-09-27 00:00:00+00:00,210,23,9,0.05894318635115328,0.10952380952380952,0.04285714285714286,0.0007503833480147467,0.0015606034333275533,0.5741118296665165,3.0244328353776355,1313
event_bars,2023-09-28 00:00:00+00:00,240,28,6,0.051105373382959125,0.11666666666666667,0.025,0.0009135101628005612,0.0010404022888850356,2.4441272556152196,3.6678677409379237,1042
event_bars,2023-09-29 00:00:00+00:00,178,9,2,0.03835674482226412,0.05056179775280899,0.011235955056179775,0.00029362826661446606,0.0003468007629616785,-0.44821660638773403,2.252376744075742,1630
event_bars,2023-09-30 00:00:00+00:00,45,0,0,0.02942703094830463,0.0,0.0,0.0,0.0,0.22287525616411824,0.795476010275522,2039
event_bars,2023-10-01 00:00:00+00:00,122,19,6,0.08715535827862987,0.1557377049180328,0.04918032786885246,0.000619881896186095,0.0010404022888850356,3.751960130740718,5.15879909283351,602
event_bars,2023-10-02 00:00:00+00:00,334,28,6,0.03262608498918719,0.08383233532934131,0.017964071856287425,0.0009135101628005612,0.0010404022888850356,-1.8168876429828253,4.862416948961719,668
event_bars,2023-10-03 00:00:00+00:00,189,3,2,0.034473284150190256,0.015873015873015872,0.010582010582010581,9.78760888714887e-05,0.0003468007629616785,-0.2393892893410124,1.978599992673409,1746
event_bars,2023-10-04 00:00:00+00:00,185,4,1,0.04782669280939199,0.021621621621621623,0.005405405405405406,0.0001305014518286516,0.00017340038148083925,1.260805727812215,2.422568963598444,1573
event_bars,2023-10-05 00:00:00+00:00,215,25,10,0.04404186730654022,0.11627906976744186,0.046511627906976744,0.0008156340739290725,0.0017340038148083927,-1.3100711135346865,2.801232877991156,1406
event_bars,2023-10-06 00:00:00+00:00,256,24,4,0.04193513567347952,0.09375,0.015625,0.0007830087109719096,0.000693601525923357,1.872977994884368,4.655014413293934,729
event_bars,2023-10-07 00:00:00+00:00,104,0,0,0.02595605263195849,0.0,0.0,0.0,0.0,0.09559733843207091,0.7041475491896363,2048
event_bars,2023-10-08 00:00:00+00:00,134,0,0,0.07072096067345468,0.0,0.0,0.0,0.0,-0.14970223517004225,1.4743868322588751,1914
event_bars,2023-10-09 00:00:00+00:00,199,15,6,0.05411144233827424,0.07537688442211055,0.03015075376884422,0.0004893804443574435,0.0010404022888850356,-1.1640467058415158,2.632922293720783,1472
event_bars,2023-10-10 00:00:00+00:00,165,3,1,0.05004593965020724,0.01818181818181818,0.006060606060606061,9.78760888714887e-05,0.00017340038148083925,-0.7176211118100368,1.6226998220205162,1878
event_bars,2023-10-11 00:00:00+00:00,252,19,9,0.03856047006373722,0.07539682539682539,0.03571428571428571,0.000619881896186095,0.0015606034333275533,-1.9054586214325522,3.491944375246684,1120
event_bars,2023-10-12 00:00:00+00:00,171,3,2,0.043307924620483954,0.017543859649122806,0.011695906432748537,9.78760888714887e-05,0.0003468007629616785,-0.4495563313389199,1.511797173194692,1904
event_bars,2023-10-13 00:00:00+00:00,159,11,9,0.0582500260612769,0.06918238993710692,0.05660377358490566,0.0003588789925287919,0.0015606034333275533,0.3948223019762006,1.6757873443993574,1854
event_bars,2023-10-14 00:00:00+00:00,73,0,0,0.025835257870911198,0.0,0.0,0.0,0.0,-0.04991990566730094,0.7935383301409247,2040
event_bars,2023-10-15 00:00:00+00:00,15,0,0,0.06150733526116969,0.0,0.0,0.0,0.0,1.1242110242233825,2.4544751100627,1558
event_bars,2023-10-16 00:00:00+00:00,443,72,12,0.043101511729612595,0.16252821670428894,0.02708803611738149,0.0023490261329157285,0.0020808045777700713,4.8421984763278445,12.554993649898542,57
event_bars,2023-10-17 00:00:00+00:00,225,4,0,0.02771829204316414,0.017777777777777778,0.0,0.0001305014518286516,0.0,-0.3671651899828425,1.9414658517556864,1759
event_bars,2023-10-18 00:00:00+00:00,201,15,5,0.040548624018932306,0.07462686567164178,0.024875621890547265,0.0004893804443574435,0.0008670019074041963,-0.26424848369032683,3.402242638208528,1158
event_bars,2023-10-19 00:00:00+00:00,222,16,5,0.04766543707549012,0.07207207207207207,0.02252252252252252,0.0005220058073146064,0.0008670019074041963,1.3672913742551878,3.008151827483074,1320
event_bars,2023-10-20 00:00:00+00:00,345,35,7,0.03933828409072682,0.10144927536231885,0.020289855072463767,0.0011418877035007016,0.0012138026703658747,3.277071307853817,5.725761526853055,469
event_bars,2023-10-21 00:00:00+00:00,201,15,4,0.048968341416618676,0.07462686567164178,0.01990049751243781,0.0004893804443574435,0.000693601525923357,0.814132164347345,3.113356018584838,1272
event_bars,2023-10-22 00:00:00+00:00,170,5,3,0.040190406290771905,0.029411764705882353,0.01764705882352941,0.00016312681478581448,0.0005202011444425178,0.2875902371134252,2.082757537727649,1698
event_bars,2023-10-23 00:00:00+00:00,593,74,16,0.04501265737634453,0.12478920741989882,0.026981450252951095,0.0024142768588300543,0.002774406103693428,9.817028584532887,18.618148926079,18
event_bars,2023-10-24 00:00:00+00:00,640,7,0,0.01776856432279244,0.0109375,0.0,0.0002283775407001403,0.0,2.5168888388123407,7.243362830006907,272
event_bars,2023-10-25 00:00:00+00:00,378,14,1,0.025971818486262704,0.037037037037037035,0.0026455026455026454,0.0004567550814002806,0.00017340038148083925,1.6686375113070542,4.341892971806109,805
event_bars,2023-10-26 00:00:00+00:00,304,14,2,0.02756748543674419,0.046052631578947366,0.006578947368421052,0.0004567550814002806,0.0003468007629616785,-0.972592884443733,3.146134221695645,1263
event_bars,2023-10-27 00:00:00+00:00,240,6,2,0.03616719533567942,0.025,0.008333333333333333,0.0001957521777429774,0.0003468007629616785,-0.7668255618692553,2.672513807016683,1452
event_bars,2023-10-28 00:00:00+00:00,158,7,3,0.03578910523357166,0.04430379746835443,0.0189873417721519,0.0002283775407001403,0.0005202011444425178,0.568994088784284,1.9534880716716072,1754
event_bars,2023-10-29 00:00:00+00:00,192,5,3,0.056156603240291474,0.026041666666666668,0.015625,0.00016312681478581448,0.0005202011444425178,1.288068724311733,2.4476237448227502,1561
event_bars,2023-10-30 00:00:00+00:00,238,14,4,0.04314086098182323,0.058823529411764705,0.01680672268907563,0.0004567550814002806,0.000693601525923357,-0.129831758620213,2.431863055864313,1570
event_bars,2023-10-31 00:00:00+00:00,211,2,1,0.044174259278886505,0.009478672985781991,0.004739336492890996,6.52507259143258e-05,0.00017340038148083925,0.48484803204428456,2.1172522165844714,1679
event_bars,2023-11-01 00:00:00+00:00,314,62,15,0.046305428216543564,0.19745222929936307,0.04777070063694268,0.0020227725033441,0.0026010057222125888,2.2429630754405854,4.750929233038147,700
event_bars,2023-11-02 00:00:00+00:00,292,9,1,0.031405932616079456,0.030821917808219176,0.003424657534246575,0.00029362826661446606,0.00017340038148083925,-1.4135414736928746,4.83708065025801,676
event_bars,2023-11-03 00:00:00+00:00,202,5,0,0.04252908770802076,0.024752475247524754,0.0,0.00016312681478581448,0.0,-0.6883952487146556,2.3800891556281947,1586
event_bars,2023-11-04 00:00:00+00:00,77,0,0,0.053238403505967105,0.0,0.0,0.0,0.0,1.0583413724663038,2.000020848119585,1734
event_bars,2023-11-05 00:00:00+00:00,155,13,8,0.07012785764077814,0.08387096774193549,0.05161290322580645,0.0004241297184431177,0.001387203051846714,-0.12611421569027068,3.14932517893926,1262
event_bars,2023-11-06 00:00:00+00:00,145,0,0,0.04458911974670965,0.0,0.0,0.0,0.0,0.09103505192582426,1.5896261664990128,1888
event_bars,2023-11-07 00:00:00+00:00,222,25,6,0.0524036753349835,0.11261261261261261,0.02702702702702703,0.0008156340739290725,0.0010404022888850356,0.9905848484947793,3.979401291670154,923
event_bars,2023-11-08 00:00:00+00:00,184,8,5,0.05296114404162281,0.043478260869565216,0.02717391304347826,0.0002610029036573032,0.0008670019074041963,0.6199937644914028,3.0245344911982195,1312
event_bars,2023-11-09 00:00:00+00:00,465,32,4,0.03796854287327372,0.06881720430107527,0.008602150537634409,0.0010440116146292128,0.000693601525923357,3.0212592353318657,8.665937192052182,164
event_bars,2023-11-10 00:00:00+00:00,212,4,0,0.028222255458374125,0.018867924528301886,0.0,0.0001305014518286516,0.0,1.6497335664746582,3.30116556063491,1197
event_bars,2023-11-11 00:00:00+00:00,130,1,1,0.045210632828692074,0.007692307692307693,0.007692307692307693,3.26253629571629e-05,0.00017340038148083925,-0.4515904598249406,2.2543793413429865,1628
event_bars,2023-11-12 00:00:00+00:00,106,0,0,0.06185943658571976,0.0,0.0,0.0,0.0,-0.20633670900321432,1.364124271438171,1939
event_bars,2023-11-13 00:00:00+00:00,178,7,4,0.06119943217818643,0.03932584269662921,0.02247191011235955,0.0002283775407001403,0.000693601525923357,-1.629464720020179,3.0207621506735585,1316
event_bars,2023-11-14 00:00:00+00:00,230,20,8,0.052729408795422705,0.08695652173913043,0.034782608695652174,0.0006525072591432579,0.001387203051846714,-2.5740818140099755,6.554991064380225,350
event_bars,2023-11-15 00:00:00+00:00,270,26,3,0.04171528866653439,0.0962962962962963,0.011111111111111112,0.0008482594368862354,0.0005202011444425178,6.337499167150808,7.1213380105246165,284
event_bars,2023-11-16 00:00:00+00:00,281,14,0,0.03923995447292404,0.0498220640569395,0.0,0.0004567550814002806,0.0,-4.617253759618702,6.7299696662447825,325
event_bars,2023-11-17 00:00:00+00:00,209,10,2,0.03997267513746719,0.04784688995215311,0.009569377990430622,0.00032625362957162897,0.0003468007629616785,1.225050658108661,3.1520668063205477,1261
event_bars,2023-11-18 00:00:00+00:00,107,1,0,0.029092783264265426,0.009345794392523364,0.0,3.26253629571629e-05,0.0,-0.11201758481154339,1.9262935557594796,1767
event_bars,2023-11-19 00:00:00+00:00,101,3,2,0.08436398571514203,0.0297029702970297,0.019801980198019802,9.78760888714887e-05,0.0003468007629616785,2.149986541989892,3.107347727606186,1277
event_bars,2023-11-20 00:00:00+00:00,207,11,2,0.05436368940581176,0.05314009661835749,0.00966183574879227,0.0003588789925287919,0.0003468007629616785,0.23169964787336209,3.185601837524853,1253
event_bars,2023-11-21 00:00:00+00:00,240,41,9,0.04791576569395301,0.17083333333333334,0.0375,0.0013376398812436788,0.0015606034333275533,-4.715653533057618,5.32859885042608,568
event_bars,2023-11-22 00:00:00+00:00,230,7,1,0.03927589245753392,0.030434782608695653,0.004347826086956522,0.0002283775407001403,0.00017340038148083925,4.584236237580007,6.177711382178848,401
event_bars,2023-11-23 00:00:00+00:00,149,2,1,0.04047972155130761,0.013422818791946308,0.006711409395973154,6.52507259143258e-05,0.00017340038148083925,-0.3191101897055388,2.1306386858134285,1674
event_bars,2023-11-24 00:00:00+00:00,231,30,9,0.057662607088365396,0.12987012987012986,0.03896103896103896,0.000978760888714887,0.0015606034333275533,1.098400791590032,3.0860390644958633,1286
event_bars,2023-11-25 00:00:00+00:00,72,0,0,0.03310964456590329,0.0,0.0,0.0,0.0,0.15979248930583084,0.8365033523774136,2037
event_bars,2023-11-26 00:00:00+00:00,62,2,2,0.08920076584911273,0.03225806451612903,0.03225806451612903,6.52507259143258e-05,0.0003468007629616785,-0.8744201685281391,1.819260783007743,1822
event_bars,2023-11-27 00:00:00+00:00,177,2,2,0.053148780031480845,0.011299435028248588,0.011299435028248588,6.52507259143258e-05,0.0003468007629616785,-0.5453180823401098,2.3162899279537585,1605
event_bars,2023-11-28 00:00:00+00:00,211,12,6,0.04718055899994223,0.05687203791469194,0.02843601895734597,0.0003915043554859548,0.0010404022888850356,1.5396092061289164,4.090881514889107,889
event_bars,2023-11-29 00:00:00+00:00,192,5,2,0.04546484452992101,0.026041666666666668,0.010416666666666666,0.00016312681478581448,0.0003468007629616785,0.06635902058602472,2.4936928147272384,1536
event_bars,2023-11-30 00:00:00+00:00,152,3,2,0.04739949925884777,0.019736842105263157,0.013157894736842105,9.78760888714887e-05,0.0003468007629616785,-0.3187127138638946,1.8236718756642087,1818
event_bars,2023-12-01 00:00:00+00:00,239,15,6,0.0482406481194951,0.06276150627615062,0.02510460251046025,0.0004893804443574435,0.0010404022888850356,2.469720390975784,3.627550466780258,1061
event_bars,2023-12-02 00:00:00+00:00,162,15,7,0.06263006409193915,0.09259259259259259,0.043209876543209874,0.0004893804443574435,0.0012138026703658747,1.9850859725985925,3.2774367637493924,1214
event_bars,2023-12-03 00:00:00+00:00,173,12,7,0.049142367446922575,0.06936416184971098,0.04046242774566474,0.0003915043554859548,0.0012138026703658747,1.3715542627050306,2.8995834192701455,1368
event_bars,2023-12-04 00:00:00+00:00,374,34,8,0.041332090720394836,0.09090909090909091,0.0213903743315508,0.0011092623405435386,0.001387203051846714,4.913099251421558,5.995213356699577,425
event_bars,2023-12-05 00:00:00+00:00,359,36,1,0.04296209594419734,0.10027855153203342,0.002785515320334262,0.0011745130664578642,0.00017340038148083925,4.853941127148826,7.299658688514846,263
event_bars,2023-12-06 00:00:00+00:00,254,6,0,0.032527167896660755,0.023622047244094488,0.0,0.0001957521777429774,0.0,-0.6986421000534587,2.217885244845778,1642
event_bars,2023-12-07 00:00:00+00:00,237,18,3,0.038707231629871615,0.0759493670886076,0.012658227848101266,0.0005872565332289321,0.0005202011444425178,-1.1036891730105443,2.881588670068671,1374
event_bars,2023-12-08 00:00:00+00:00,205,7,1,0.041476295337579634,0.03414634146341464,0.004878048780487805,0.0002283775407001403,0.00017340038148083925,2.0879446127371226,3.822298196016418,986
event_bars,2023-12-09 00:00:00+00:00,154,4,1,0.04759933745952592,0.025974025974025976,0.006493506493506494,0.0001305014518286516,0.00017340038148083925,-1.0809268814328805,1.8971689335644475,1783
event_bars,2023-12-10 00:00:00+00:00,125,0,0,0.04647787176792962,0.0,0.0,0.0,0.0,0.1731697107113038,1.2474534766510943,1970
event_bars,2023-12-11 00:00:00+00:00,361,54,14,0.047986670764662356,0.14958448753462603,0.038781163434903045,0.0017617695996867966,0.0024276053407317495,-5.977735011023699,8.582535581437961,167
event_bars,2023-12-12 00:00:00+00:00,230,3,0,0.03442835011661918,0.013043478260869565,0.0,9.78760888714887e-05,0.0,0.5892310561068815,3.414306247013623,1149
event_bars,2023-12-13 00:00:00+00:00,249,20,3,0.043820365970707466,0.08032128514056225,0.012048192771084338,0.0006525072591432579,0.0005202011444425178,3.223650654292635,7.04725271522665,288
event_bars,2023-12-14 00:00:00+00:00,233,13,2,0.039933779238253544,0.055793991416309016,0.008583690987124463,0.0004241297184431177,0.0003468007629616785,0.366441484970377,5.463226897991382,528
event_bars,2023-12-15 00:00:00+00:00,185,3,1,0.040267998545176605,0.016216216216216217,0.005405405405405406,9.78760888714887e-05,0.00017340038148083925,-2.5043573378173827,3.3743144198517276,1169
event_bars,2023-12-16 00:00:00+00:00,130,0,0,0.04593439442637278,0.0,0.0,0.0,0.0,0.7581746214511513,2.6510294745830687,1465
event_bars,2023-12-17 00:00:00+00:00,159,7,5,0.06462302746202257,0.0440251572327044,0.031446540880503145,0.0002283775407001403,0.0008670019074041963,-2.1292833144359706,2.9329310731364013,1348
event_bars,2023-12-18 00:00:00+00:00,239,11,3,0.04993113164297167,0.04602510460251046,0.012552301255230125,0.0003588789925287919,0.0005202011444425178,3.0337185188829716,5.3798795835639766,553
event_bars,2023-12-19 00:00:00+00:00,211,12,3,0.039250913368947364,0.05687203791469194,0.014218009478672985,0.0003915043554859548,0.0005202011444425178,-0.879138439520691,4.0166832224602445,909
event_bars,2023-12-20 00:00:00+00:00,244,22,3,0.046965165441637785,0.09016393442622951,0.012295081967213115,0.0007177579850575838,0.0005202011444425178,3.280721073729273,5.003878609366544,630
event_bars,2023-12-21 00:00:00+00:00,187,5,2,0.04577655265539908,0.026737967914438502,0.0106951871657754,0.00016312681478581448,0.0003468007629616785,0.4278291376399953,2.214591147679163,1643
event_bars,2023-12-22 00:00:00+00:00,169,2,2,0.050100471479694084,0.011834319526627219,0.011834319526627219,6.52507259143258e-05,0.0003468007629616785,0.23391397720283602,2.3969917228930844,1581
event_bars,2023-12-23 00:00:00+00:00,101,0,0,0.043309288841047205,0.0,0.0,0.0,0.0,-0.6246856998273317,1.6462596621676244,1868
event_bars,2023-12-24 00:00:00+00:00,98,9,6,0.07177997487206489,0.09183673469387756,0.061224489795918366,0.00029362826661446606,0.0010404022888850356,-1.6529149483842431,3.3391590096675015,1178
event_bars,2023-12-25 00:00:00+00:00,144,7,3,0.04223166366081073,0.04861111111111111,0.020833333333333332,0.0002283775407001403,0.0005202011444425178,1.393460344193901,2.527921562311664,1521
event_bars,2023-12-26 00:00:00+00:00,197,18,9,0.053423238666064056,0.09137055837563451,0.04568527918781726,0.0005872565332289321,0.0015606034333275533,-2.4920500675089934,4.783382306876931,691
event_bars,2023-12-27 00:00:00+00:00,184,4,3,0.046952481908584476,0.021739130434782608,0.016304347826086956,0.0001305014518286516,0.0005202011444425178,2.128640570584876,3.621543946508279,1064
event_bars,2023-12-28 00:00:00+00:00,180,2,1,0.04681325492778806,0.011111111111111112,0.005555555555555556,6.52507259143258e-05,0.00017340038148083925,-1.984170404381469,3.5503116593140183,1091
event_bars,2023-12-29 00:00:00+00:00,203,13,3,0.055604562630699975,0.06403940886699508,0.014778325123152709,0.0004241297184431177,0.0005202011444425178,-1.1925256324556874,4.473418309560617,779
event_bars,2023-12-30 00:00:00+00:00,136,0,0,0.03745777703900793,0.0,0.0,0.0,0.0,0.18773153029891007,2.6237601451053494,1477
event_bars,2023-12-31 00:00:00+00:00,125,1,1,0.07094694390692853,0.008,0.008,3.26253629571629e-05,0.00017340038148083925,0.3306969777207359,2.2366503522564507,1636
event_bars,2024-01-01 00:00:00+00:00,152,5,4,0.056215985872191586,0.03289473684210526,0.02631578947368421,0.00016312681478581448,0.000693601525923357,4.42898131266569,4.760948070686117,694
event_bars,2024-01-02 00:00:00+00:00,309,27,5,0.0468540528899256,0.08737864077669903,0.016181229773462782,0.0008808847998433983,0.0008670019074041963,1.6803425516763861,3.8808697934395857,959
event_bars,2024-01-03 00:00:00+00:00,366,33,9,0.03910755775368271,0.09016393442622951,0.02459016393442623,0.0010766369775863757,0.0015606034333275533,-4.851730051370559,12.234949084115756,61
event_bars,2024-01-04 00:00:00+00:00,242,13,4,0.03758981549559287,0.05371900826446281,0.01652892561983471,0.0004241297184431177,0.000693601525923357,2.975851047335341,5.067750365432835,621
event_bars,2024-01-05 00:00:00+00:00,248,16,3,0.0397858601527243,0.06451612903225806,0.012096774193548387,0.0005220058073146064,0.0005202011444425178,0.003624452368290228,5.070210311996232,619
event_bars,2024-01-06 00:00:00+00:00,131,0,0,0.03337590580718349,0.0,0.0,0.0,0.0,-0.42814076432660275,1.879609110126092,1790
event_bars,2024-01-07 00:00:00+00:00,160,2,1,0.05729694364973385,0.0125,0.00625,6.52507259143258e-05,0.00017340038148083925,-0.09035716729402221,2.1112859495906,1683
event_bars,2024-01-08 00:00:00+00:00,362,41,5,0.042922429593734705,0.1132596685082873,0.013812154696132596,0.0013376398812436788,0.0008670019074041963,6.726737005467022,9.189384593201238,137
event_bars,2024-01-09 00:00:00+00:00,346,30,3,0.039794370127258824,0.08670520231213873,0.008670520231213872,0.000978760888714887,0.0005202011444425178,-1.8447861454063412,7.9655395301270415,215
event_bars,2024-01-10 00:00:00+00:00,437,19,0,0.029081260669081316,0.043478260869565216,0.0,0.000619881896186095,0.0,1.1834993404675336,7.412393768237188,258
event_bars,2024-01-11 00:00:00+00:00,427,11,0,0.022191087847428008,0.02576112412177986,0.0,0.0003588789925287919,0.0,-0.6993516731905562,7.247364865251687,271
event_bars,2024-01-12 00:00:00+00:00,403,31,4,0.03816616177741722,0.07692307692307693,0.009925558312655087,0.00101138625167205,0.000693601525923357,-7.968147759940777,11.767452387388497,67
event_bars,2024-01-13 00:00:00+00:00,181,0,0,0.015740833468487057,0.0,0.0,0.0,0.0,0.13405673026862308,1.9312515546021118,1763
event_bars,2024-01-14 00:00:00+00:00,157,6,2,0.06911852458614559,0.03821656050955414,0.012738853503184714,0.0001957521777429774,0.0003468007629616785,-2.628391828269617,3.2607688357368083,1224
event_bars,2024-01-15 00:00:00+00:00,189,8,1,0.03941439556494297,0.042328042328042326,0.005291005291005291,0.0002610029036573032,0.00017340038148083925,1.8519245608370767,3.8925662623738124,951
event_bars,2024-01-16 00:00:00+00:00,206,23,2,0.04583933452126168,0.11165048543689321,0.009708737864077669,0.0007503833480147467,0.0003468007629616785,1.4431410555803186,3.5945438526671083,1079
event_bars,2024-01-17 00:00:00+00:00,161,1,0,0.045155247879632855,0.006211180124223602,0.0,3.26253629571629e-05,0.0,-0.8138188506543664,2.337397684009567,1593
event_bars,2024-01-18 00:00:00+00:00,239,22,7,0.0523703488228899,0.09205020920502092,0.029288702928870293,0.0007177579850575838,0.0012138026703658747,-3.4726173890523,5.404522305316585,545
event_bars,2024-01-19 00:00:00+00:00,238,10,0,0.03353268782372386,0.04201680672268908,0.0,0.00032625362957162897,0.0,0.8170157298198035,4.599765951491825,744
event_bars,2024-01-20 00:00:00+00:00,68,0,0,0.031615733448660706,0.0,0.0,0.0,0.0,0.07126241545241323,1.03172251827868,2015
event_bars,2024-01-22 00:00:00+00:00,246,25,5,0.060763300335605036,0.1016260162601626,0.02032520325203252,0.0008156340739290725,0.0008670019074041963,-4.96214399127124,5.649988303935688,489
event_bars,2024-01-23 00:00:00+00:00,266,14,0,0.03443088010437765,0.05263157894736842,0.0,0.0004567550814002806,0.0,0.8127701049994055,4.136127054024185,876
event_bars,2024-01-24 00:00:00+00:00,184,5,0,0.046950591878236865,0.02717391304347826,0.0,0.00016312681478581448,0.0,0.472186210062403,2.6666114806152494,1457
event_bars,2024-01-25 00:00:00+00:00,138,0,0,0.05300039155916584,0.0,0.0,0.0,0.0,-0.3151214549786248,1.9157525245561313,1774
event_bars,2024-01-26 00:00:00+00:00,217,12,7,0.04786420710219212,0.055299539170506916,0.03225806451612903,0.0003915043554859548,0.0012138026703658747,4.533816580352009,5.915506342852931,438
event_bars,2024-01-27 00:00:00+00:00,81,0,0,0.035377587403881486,0.0,0.0,0.0,0.0,0.7050557996666762,1.979783911409584,1744
event_bars,2024-01-28 00:00:00+00:00,135,4,3,0.0785551936161203,0.02962962962962963,0.022222222222222223,0.0001305014518286516,0.0005202011444425178,-0.19257430163850336,2.9278703271411044,1351
event_bars,2024-01-29 00:00:00+00:00,168,10,4,0.056115886355976224,0.05952380952380952,0.023809523809523808,0.00032625362957162897,0.000693601525923357,2.9694277150615576,3.695677602197607,1028
event_bars,2024-01-30 00:00:00+00:00,174,4,1,0.05040836420381079,0.022988505747126436,0.005747126436781609,0.0001305014518286516,0.00017340038148083925,-0.8567911457626307,2.8247959256245276,1401
event_bars,2024-01-31 00:00:00+00:00,208,12,4,0.053764663353461264,0.057692307692307696,0.019230769230769232,0.0003915043554859548,0.000693601525923357,-0.8371715319285064,3.4675393008390167,1130
event_bars,2024-02-01 00:00:00+00:00,180,1,0,0.04366838901842575,0.005555555555555556,0.0,3.26253629571629e-05,0.0,1.1960471004005009,3.3382310266140767,1179
event_bars,2024-02-02 00:00:00+00:00,148,5,1,0.04942839563358993,0.033783783783783786,0.006756756756756757,0.00016312681478581448,0.00017340038148083925,0.2536677665036323,2.2498207432084216,1631
event_bars,2024-02-03 00:00:00+00:00,51,0,0,0.03818941471123161,0.0,0.0,0.0,0.0,-0.44003858673005575,1.1919357632852852,1985
event_bars,2024-02-04 00:00:00+00:00,7,0,0,0.07675210496192861,0.0,0.0,0.0,0.0,-0.9866528854842543,2.193576430915364,1650
event_bars,2024-02-05 00:00:00+00:00,183,5,2,0.05074993026049964,0.0273224043715847,0.01092896174863388,0.00016312681478581448,0.0003468007629616785,0.28758030309512866,3.1346700635306313,1266
event_bars,2024-02-06 00:00:00+00:00,138,2,1,0.05544651245306357,0.014492753623188406,0.007246376811594203,6.52507259143258e-05,0.00017340038148083925,0.900533064252732,1.906069672459766,1779
event_bars,2024-02-07 00:00:00+00:00,165,10,4,0.051452821165552914,0.06060606060606061,0.024242424242424242,0.00032625362957162897,0.000693601525923357,2.8537963646790483,3.7286566078429937,1016
event_bars,2024-02-08 00:00:00+00:00,213,9,3,0.03769887556432281,0.04225352112676056,0.014084507042253521,0.00029362826661446606,0.0005202011444425178,2.1046500183140306,2.87695523776649,1375
event_bars,2024-02-09 00:00:00+00:00,329,35,9,0.044609415297481615,0.10638297872340426,0.02735562310030395,0.0011418877035007016,0.0015606034333275533,3.9987878971117947,6.449000509606432,357
event_bars,2024-02-10 00:00:00+00:00,151,6,1,0.04931702268736032,0.039735099337748346,0.006622516556291391,0.0001957521777429774,0.00017340038148083925,1.2999834096386045,2.84825517515272,1390
event_bars,2024-02-11 00:00:00+00:00,170,6,1,0.05012445018309744,0.03529411764705882,0.0058823529411764705,0.0001957521777429774,0.00017340038148083925,1.1887348943841125,2.2064690004823424,1645
event_bars,2024-02-12 00:00:00+00:00,322,57,8,0.04644655190026164,0.17701863354037267,0.024844720496894408,0.0018596456885582853,0.001387203051846714,3.3392417201553624,5.52797198116775,515
event_bars,2024-02-13 00:00:00+00:00,269,16,2,0.03951701318757387,0.05947955390334572,0.007434944237918215,0.0005220058073146064,0.0003468007629616785,-0.4961872885900243,4.311017606766411,820
event_bars,2024-02-14 00:00:00+00:00,304,25,2,0.036341306576640676,0.08223684210526316,0.006578947368421052,0.0008156340739290725,0.0003468007629616785,4.190542957517016,5.695227047339417,480
event_bars,2024-02-15 00:00:00+00:00,304,23,2,0.039276509415711224,0.0756578947368421,0.006578947368421052,0.0007503833480147467,0.0003468007629616785,0.14538922130342516,2.9257158340538534,1353
event_bars,2024-02-16 00:00:00+00:00,210,5,0,0.03656017237385428,0.023809523809523808,0.0,0.00016312681478581448,0.0,0.4809374268590015,1.9404895558767121,1760
event_bars,2024-02-17 00:00:00+00:00,187,18,7,0.045352586615436015,0.0962566844919786,0.0374331550802139,0.0005872565332289321,0.0012138026703658747,-0.9040003544199008,3.005468320578073,1322
event_bars,2024-02-18 00:00:00+00:00,167,2,1,0.04705061274192856,0.011976047904191617,0.005988023952095809,6.52507259143258e-05,0.00017340038148083925,0.9559517950180224,2.455058263897094,1557
event_bars,2024-02-19 00:00:00+00:00,190,2,1,0.047679318919513713,0.010526315789473684,0.005263157894736842,6.52507259143258e-05,0.00017340038148083925,-0.6964179403924053,1.6198516374328078,1881
event_bars,2024-02-20 00:00:00+00:00,307,37,7,0.04323229096281867,0.12052117263843648,0.02280130293159609,0.0012071384294150272,0.0012138026703658747,0.9292063580445816,4.43454325894201,787
event_bars,2024-02-21 00:00:00+00:00,246,3,2,0.04282896104615001,0.012195121951219513,0.008130081300813009,9.78760888714887e-05,0.0003468007629616785,-0.8053791501412793,3.6414929048808573,1057
event_bars,2024-02-22 00:00:00+00:00,203,6,1,0.04902139260644747,0.029556650246305417,0.0049261083743842365,0.0001957521777429774,0.00017340038148083925,-1.08727479798872,2.2567770222865398,1625
event_bars,2024-02-23 00:00:00+00:00,180,5,2,0.04459337867579194,0.027777777777777776,0.011111111111111112,0.00016312681478581448,0.0003468007629616785,-1.0677080688430558,2.0837474837573806,1696
event_bars,2024-02-24 00:00:00+00:00,114,0,0,0.04508991622883906,0.0,0.0,0.0,0.0,1.6219317399354203,2.198861405671091,1646
event_bars,2024-02-25 00:00:00+00:00,119,2,1,0.06705922154327865,0.01680672268907563,0.008403361344537815,6.52507259143258e-05,0.00017340038148083925,0.31499440751971897,1.4506245643697304,1920
event_bars,2024-02-26 00:00:00+00:00,299,55,17,0.05335726880158039,0.18394648829431437,0.056856187290969896,0.0017943949626439595,0.0029478064851742674,5.170120964881228,7.687921410206723,234
event_bars,2024-02-27 00:00:00+00:00,393,32,2,0.03479013809257761,0.08142493638676845,0.005089058524173028,0.0010440116146292128,0.0003468007629616785,4.594207444644456,5.853374069681427,446
event_bars,2024-02-28 00:00:00+00:00,744,75,1,0.03302405264636295,0.10080645161290322,0.0013440860215053765,0.0024469022217872174,0.00017340038148083925,9.055418454708168,12.525469717088553,58
event_bars,2024-02-29 00:00:00+00:00,473,4,0,0.023404326543162074,0.008456659619450317,0.0,0.0001305014518286516,0.0,-2.077182836626429,5.332028648991438,567
event_bars,2024-03-01 00:00:00+00:00,258,7,0,0.029592744905394538,0.027131782945736434,0.0,0.0002283775407001403,0.0,1.9854430158332954,3.7962118500300512,994
event_bars,2024-03-02 00:00:00+00:00,170,1,1,0.03497541655612178,0.0058823529411764705,0.0058823529411764705,3.26253629571629e-05,0.00017340038148083925,-0.6277813347800272,1.4633098702713154,1917
event_bars,2024-03-03 00:00:00+00:00,206,12,7,0.050915149649520375,0.05825242718446602,0.03398058252427184,0.0003915043554859548,0.0012138026703658747,1.8186326957967323,3.1949354336657207,1248
event_bars,2024-03-04 00:00:00+00:00,539,60,6,0.03495328283634463,0.11131725417439703,0.011131725417439703,0.001957521777429774,0.0010404022888850356,7.789300314754266,9.634716043162266,123
event_bars,2024-03-05 00:00:00+00:00,824,38,0,0.029886378640757962,0.04611650485436893,0.0,0.00123976379237219,0.0,-6.893012186107549,15.973219727449411,29
event_bars,2024-03-06 00:00:00+00:00,488,0,0,0.019821696896237157,0.0,0.0,0.0,0.0,3.666380240365456,7.5100305768305535,251
event_bars,2024-03-07 00:00:00+00:00,302,13,1,0.03142670548985453,0.04304635761589404,0.0033112582781456954,0.0004241297184431177,0.00017340038148083925,1.1158178296510577,3.727884835286721,1017
event_bars,2024-03-08 00:00:00+00:00,415,55,3,0.03830315181732519,0.13253012048192772,0.007228915662650603,0.0017943949626439595,0.0005202011444425178,1.9403764051125003,6.173855224908918,403
event_bars,2024-03-09 00:00:00+00:00,126,0,0,0.023919352958401197,0.0,0.0,0.0,0.0,0.2538323360675174,1.0255192888913627,2018
event_bars,2024-03-10 00:00:00+00:00,247,14,4,0.05549113220690803,0.05668016194331984,0.016194331983805668,0.0004567550814002806,0.000693601525923357,0.934180728287565,2.6707861879613963,1453
event_bars,2024-03-11 00:00:00+00:00,464,51,3,0.03513705063303946,0.10991379310344827,0.00646551724137931,0.0016638935108153079,0.0005202011444425178,4.4667360672112375,8.425883600315554,180
event_bars,2024-03-12 00:00:00+00:00,428,42,4,0.04044244689832805,0.09813084112149532,0.009345794392523364,0.0013702652442008417,0.000693601525923357,-0.9059133869834997,6.722259799406334,327
event_bars,2024-03-13 00:00:00+00:00,307,11,0,0.026504728056389492,0.035830618892508145,0.0,0.0003588789925287919,0.0,2.2462257994432515,3.26176007435726,1220
event_bars,2024-03-14 00:00:00+00:00,452,49,4,0.04085319162321514,0.1084070796460177,0.008849557522123894,0.001598642784900982,0.000693601525923357,-2.3130982155258177,7.4100891745482125,259
event_bars,2024-03-15 00:00:00+00:00,619,14,0,0.029407423538332346,0.022617124394184167,0.0,0.0004567550814002806,0.0,-2.7014122059353403,10.031579044412686,108
event_bars,2024-03-16 00:00:00+00:00,346,23,2,0.032120263195877984,0.06647398843930635,0.005780346820809248,0.0007503833480147467,0.0003468007629616785,-6.230336984660473,7.935485607023962,218
event_bars,2024-03-17 00:00:00+00:00,317,7,0,0.029986685887848814,0.022082018927444796,0.0,0.0002283775407001403,0.0,4.630012976388598,6.611449851245707,342
event_bars,2024-03-18 00:00:00+00:00,323,15,1,0.03918060453216419,0.04643962848297214,0.0030959752321981426,0.0004893804443574435,0.00017340038148083925,-1.1577708583298612,3.6021174632968473,1071
event_bars,2024-03-19 00:00:00+00:00,593,45,1,0.03282929112793915,0.07588532883642496,0.0016863406408094434,0.0014681413330723304,0.00017340038148083925,-8.774904752201353,10.17481218471569,104
event_bars,2024-03-20 00:00:00+00:00,541,13,0,0.027904226144983765,0.024029574861367836,0.0,0.0004241297184431177,0.0,9.09411908627948,11.397462326069924,73
event_bars,2024-03-21 00:00:00+00:00,353,9,0,0.029476227512336816,0.025495750708215296,0.0,0.00029362826661446606,0.0,-3.5029286708671385,5.637878425063052,492
event_bars,2024-03-22 00:00:00+00:00,374,22,0,0.035450858413435773,0.058823529411764705,0.0,0.0007177579850575838,0.0,-2.64984866371618,6.821839329759112,317
event_bars,2024-03-23 00:00:00+00:00,231,3,1,0.03500068056310572,0.012987012987012988,0.004329004329004329,9.78760888714887e-05,0.00017340038148083925,0.30380229613882614,4.695672104855769,718
event_bars,2024-03-24 00:00:00+00:00,246,9,1,0.04662898301863452,0.036585365853658534,0.0040650406504065045,0.00029362826661446606,0.00017340038148083925,4.937730456281858,5.898822142064641,442
event_bars,2024-03-25 00:00:00+00:00,377,39,3,0.03658708414854569,0.10344827586206896,0.007957559681697613,0.001272389155329353,0.0005202011444425178,3.8779795218958064,6.977757858780563,299
event_bars,2024-03-26 00:00:00+00:00,302,12,0,0.03443439629954174,0.039735099337748346,0.0,0.0003915043554859548,0.0,0.1764731136509315,3.3045732595255117,1194
event_bars,2024-03-27 00:00:00+00:00,361,43,7,0.03947384402337122,0.11911357340720222,0.019390581717451522,0.0014028906071580046,0.0012138026703658747,-0.7330764011176305,5.025128004459942,626
event_bars,2024-03-28 00:00:00+00:00,258,8,1,0.03486435497615004,0.031007751937984496,0.003875968992248062,0.0002610029036573032,0.00017340038148083925,1.8609754189775347,3.834946644243699,979
event_bars,2024-03-29 00:00:00+00:00,205,6,2,0.03792107751160151,0.02926829268292683,0.00975609756097561,0.0001957521777429774,0.0003468007629616785,-1.3289723129502111,2.8247967392898508,1400
event_bars,2024-03-30 00:00:00+00:00,123,0,0,0.04291239253945863,0.0,0.0,0.0,0.0,-0.36992409373818524,1.1585866624120118,1995
event_bars,2024-03-31 00:00:00+00:00,143,3,3,0.06265867780626953,0.02097902097902098,0.02097902097902098,9.78760888714887e-05,0.0005202011444425178,2.441169413228664,2.6755007392681525,1450
event_bars,2024-04-01 00:00:00+00:00,277,31,8,0.0461455702670465,0.11191335740072202,0.02888086642599278,0.00101138625167205,0.001387203051846714,-2.3579209980348974,4.710411786258062,711
event_bars,2024-04-02 00:00:00+00:00,423,38,5,0.03393095416483787,0.08983451536643026,0.01182033096926714,0.00123976379237219,0.0008670019074041963,-6.206926236826293,7.638964145174573,239
event_bars,2024-04-03 00:00:00+00:00,273,7,0,0.030203893557643656,0.02564102564102564,0.0,0.0002283775407001403,0.0,0.7142110598870127,3.7131471981453834,1025
event_bars,2024-04-04 00:00:00+00:00,312,32,2,0.04062697767914002,0.10256410256410256,0.00641025641025641,0.0010440116146292128,0.0003468007629616785,3.745891114943324,6.294883659940131,387
event_bars,2024-04-05 00:00:00+00:00,304,12,1,0.03919498703566962,0.039473684210526314,0.003289473684210526,0.0003915043554859548,0.00017340038148083925,-0.974364990127053,4.187676958383136,861
event_bars,2024-04-06 00:00:00+00:00,169,7,5,0.03814815291916555,0.04142011834319527,0.029585798816568046,0.0002283775407001403,0.0008670019074041963,1.573674627469033,3.292850614463093,1207
event_bars,2024-04-07 00:00:00+00:00,203,6,3,0.052360826687213084,0.029556650246305417,0.014778325123152709,0.0001957521777429774,0.0005202011444425178,0.6671310585494358,2.2619119187346017,1623
event_bars,2024-04-08 00:00:00+00:00,334,24,7,0.03748363293943029,0.0718562874251497,0.020958083832335328,0.0007830087109719096,0.0012138026703658747,3.2840187938699263,5.426510259914124,534
event_bars,2024-04-09 00:00:00+00:00,332,33,5,0.041265908059207095,0.09939759036144578,0.015060240963855422,0.0010766369775863757,0.0008670019074041963,-3.5341825476975592,5.149220154217262,604
event_bars,2024-04-10 00:00:00+00:00,329,23,2,0.03748404039188361,0.06990881458966565,0.0060790273556231,0.0007503833480147467,0.0003468007629616785,2.1386723832784647,5.565691489889011,510
event_bars,2024-04-11 00:00:00+00:00,262,15,0,0.03994467571881205,0.05725190839694656,0.0,0.0004893804443574435,0.0,-0.8897474097959663,2.54631433358107,1510
event_bars,2024-04-12 00:00:00+00:00,368,47,10,0.04330380537564288,0.12771739130434784,0.02717391304347826,0.0015333920589866562,0.0017340038148083927,-4.256284167430943,9.089898008989676,142
event_bars,2024-04-13 00:00:00+00:00,466,39,9,0.037409560413893206,0.08369098712446352,0.019313304721030045,0.001272389155329353,0.0015606034333275533,-4.8785919089340135,13.060981620354402,51
event_bars,2024-04-14 00:00:00+00:00,382,12,0,0.022698120990401326,0.031413612565445025,0.0,0.0003915043554859548,0.0,2.587759290797661,5.757700918651289,461
event_bars,2024-04-15 00:00:00+00:00,397,17,3,0.02902534635299251,0.042821158690176324,0.007556675062972292,0.0005546311702717693,0.0005202011444425178,-3.4469331772009655,7.178566372937413,279
event_bars,2024-04-16 00:00:00+00:00,416,21,0,0.032121138464495574,0.05048076923076923,0.0,0.0006851326221004208,0.0,0.585416015340776,4.505625140619788,770
event_bars,2024-04-17 00:00:00+00:00,435,38,0,0.03339921785938012,0.08735632183908046,0.0,0.00123976379237219,0.0,-4.016556610533628,7.8331326340334195,229
event_bars,2024-04-18 00:00:00+00:00,374,11,0,0.02981001648165039,0.029411764705882353,0.0,0.0003588789925287919,0.0,3.513607273502965,5.3450147009177575,565
event_bars,2024-04-19 00:00:00+00:00,515,36,0,0.03139295449017061,0.06990291262135923,0.0,0.0011745130664578642,0.0,0.5382289834711786,9.507960162470292,126
event_bars,2024-04-20 00:00:00+00:00,241,7,0,0.028071930378887038,0.029045643153526972,0.0,0.0002283775407001403,0.0,1.724880079837519,3.667191517061165,1043
event_bars,2024-04-21 00:00:00+00:00,208,9,1,0.04310067686914616,0.04326923076923077,0.004807692307692308,0.00029362826661446606,0.00017340038148083925,0.023727022262188674,2.2550301973837326,1627
event_bars,2024-04-22 00:00:00+00:00,289,19,6,0.03873957582930799,0.0657439446366782,0.020761245674740483,0.000619881896186095,0.0010404022888850356,2.833039474410993,4.179282006636447,865
event_bars,2024-04-23 00:00:00+00:00,222,5,0,0.040127017945289514,0.02252252252252252,0.0,0.00016312681478581448,0.0,-0.5881477586984803,2.1201782220429175,1676
event_bars,2024-04-24 00:00:00+00:00,290,33,12,0.045545893935071496,0.11379310344827587,0.041379310344827586,0.0010766369775863757,0.0020808045777700713,-3.2707479781835005,5.348970081100236,561
event_bars,2024-04-25 00:00:00+00:00,287,12,3,0.0376565187095203,0.041811846689895474,0.010452961672473868,0.0003915043554859548,0.0005202011444425178,0.3554763828031531,3.9840602321356275,920
event_bars,2024-04-26 00:00:00+00:00,216,7,1,0.03887689133431165,0.032407407407407406,0.004629629629629629,0.0002283775407001403,0.00017340038148083925,-1.1386127271401627,2.329372794124402,1600
event_bars,2024-04-27 00:00:00+00:00,198,6,2,0.041782281980976964,0.030303030303030304,0.010101010101010102,0.0001957521777429774,0.0003468007629616785,-0.515375479129795,2.4853498376521963,1542
event_bars,2024-04-28 00:00:00+00:00,157,6,3,0.054122977095595645,0.03821656050955414,0.01910828025477707,0.0001957521777429774,0.0005202011444425178,-0.525812772995911,2.5975486403260737,1485
event_bars,2024-04-29 00:00:00+00:00,247,11,5,0.040595290089295834,0.044534412955465584,0.020242914979757085,0.0003588789925287919,0.0008670019074041963,1.1880628954720913,3.9294734584388626,940
event_bars,2024-04-30 00:00:00+00:00,398,37,4,0.040892170347285574,0.09296482412060302,0.010050251256281407,0.0012071384294150272,0.000693601525923357,-5.127812557015421,8.968461108245904,147
event_bars,2024-05-01 00:00:00+00:00,495,29,2,0.03175688711072117,0.05858585858585859,0.00404040404040404,0.0009461355257577241,0.0003468007629616785,-3.9406975783600147,7.295675003673352,264
event_bars,2024-05-02 00:00:00+00:00,289,7,0,0.028220513168484205,0.02422145328719723,0.0,0.0002283775407001403,0.0,1.2425124314181242,4.60794329234112,741
event_bars,2024-05-03 00:00:00+00:00,335,44,2,0.03712088063458209,0.13134328358208955,0.005970149253731343,0.0014355159701151675,0.0003468007629616785,6.265051920851134,7.458274320831222,255
event_bars,2024-05-04 00:00:00+00:00,229,10,1,0.03543963090892619,0.043668122270742356,0.004366812227074236,0.00032625362957162897,0.00017340038148083925,1.5949150363720366,3.1921078289951956,1250
event_bars,2024-05-05 00:00:00+00:00,209,9,4,0.04227672444231617,0.0430622009569378,0.019138755980861243,0.00029362826661446606,0.000693601525923357,0.19350459647349516,2.841952111146299,1393
event_bars,2024-05-06 00:00:00+00:00,299,33,7,0.04474711691497071,0.11036789297658862,0.023411371237458192,0.0010766369775863757,0.0012138026703658747,-1.329517494050466,4.440186790997201,785
event_bars,2024-05-07 00:00:00+00:00,256,15,4,0.03772614394943148,0.05859375,0.015625,0.0004893804443574435,0.000693601525923357,-1.3500026056820251,3.4579631878724113,1134
event_bars,2024-05-08 00:00:00+00:00,250,7,2,0.04307444919286465,0.028,0.008,0.0002283775407001403,0.0003468007629616785,-1.8438173970752727,3.4747133495604174,1127
event_bars,2024-05-09 00:00:00+00:00,247,11,1,0.04216411285014798,0.044534412955465584,0.004048582995951417,0.0003588789925287919,0.00017340038148083925,3.047060414856175,4.67385939519535,723
event_bars,2024-05-10 00:00:00+00:00,285,30,3,0.04297327076987512,0.10526315789473684,0.010526315789473684,0.000978760888714887,0.0005202011444425178,-3.6698535693882226,5.389771398447134,548
event_bars,2024-05-11 00:00:00+00:00,146,2,0,0.03692497080421224,0.0136986301369863,0.0,6.52507259143258e-05,0.0,0.05132119283082036,1.7368633200429817,1843
event_bars,2024-05-12 00:00:00+00:00,132,5,4,0.05557006387494623,0.03787878787878788,0.030303030303030304,0.00016312681478581448,0.000693601525923357,1.0577123922894385,2.111237365064387,1684
event_bars,2024-05-13 00:00:00+00:00,259,20,6,0.04766828542955896,0.07722007722007722,0.023166023166023165,0.0006525072591432579,0.0010404022888850356,2.3421923994940905,4.332749510593479,808
event_bars,2024-05-14 00:00:00+00:00,233,25,5,0.04465212580648481,0.1072961373390558,0.02145922746781116,0.0008156340739290725,0.0008670019074041963,-2.188212748907646,3.4660574455578845,1131
event_bars,2024-05-15 00:00:00+00:00,337,45,6,0.03802731042152042,0.13353115727002968,0.017804154302670624,0.0014681413330723304,0.0010404022888850356,7.245081659934955,8.025683354687525,209
event_bars,2024-05-16 00:00:00+00:00,244,10,1,0.03787176935669644,0.040983606557377046,0.004098360655737705,0.00032625362957162897,0.00017340038148083925,-1.4577888190382038,3.39996361884735,1159
event_bars,2024-05-17 00:00:00+00:00,235,10,1,0.037904356613209206,0.0425531914893617,0.00425531914893617,0.00032625362957162897,0.00017340038148083925,2.6663162882775677,3.532555456792455,1098
event_bars,2024-05-18 00:00:00+00:00,132,1,0,0.04290413900155228,0.007575757575757576,0.0,3.26253629571629e-05,0.0,-0.1420835723162587,1.2511771907972433,1969
event_bars,2024-05-19 00:00:00+00:00,170,6,5,0.0641087137928669,0.03529411764705882,0.029411764705882353,0.0001957521777429774,0.0008670019074041963,-0.9697779577929961,2.8602978743594116,1382
event_bars,2024-05-20 00:00:00+00:00,347,46,10,0.042979667317074075,0.13256484149855907,0.02881844380403458,0.0015007666960294933,0.0017340038148083927,7.595335637129959,8.23301853067569,192
event_bars,2024-05-21 00:00:00+00:00,306,7,0,0.026780842965460402,0.02287581699346405,0.0,0.0002283775407001403,0.0,-1.832504064365037,4.200523536456018,855
event_bars,2024-05-22 00:00:00+00:00,228,7,1,0.03644888276680755,0.03070175438596491,0.0043859649122807015,0.0002283775407001403,0.00017340038148083925,-1.3625506556647589,2.837865285266408,1394
event_bars,2024-05-23 00:00:00+00:00,292,31,13,0.039612266852651734,0.10616438356164383,0.04452054794520548,0.00101138625167205,0.00225420495925091,-1.7772046200255358,5.837305808358488,449
event_bars,2024-05-24 00:00:00+00:00,206,2,1,0.029869403111455438,0.009708737864077669,0.0048543689320388345,6.52507259143258e-05,0.00017340038148083925,0.8554494854623041,3.877244593810868,965
event_bars,2024-05-25 00:00:00+00:00,119,0,0,0.042545061357484884,0.0,0.0,0.0,0.0,1.0593405441384285,1.5912429072131955,1887
event_bars,2024-05-26 00:00:00+00:00,119,3,2,0.06384899419915012,0.025210084033613446,0.01680672268907563,9.78760888714887e-05,0.0003468007629616785,-1.1465692631694593,2.084066678887915,1695
event_bars,2024-05-27 00:00:00+00:00,195,13,6,0.056969792639276505,0.06666666666666667,0.03076923076923077,0.0004241297184431177,0.0010404022888850356,1.35841956688033,3.569528813010507,1086
event_bars,2024-05-28 00:00:00+00:00,249,11,6,0.048041534439382985,0.04417670682730924,0.024096385542168676,0.0003588789925287919,0.0010404022888850356,-1.480788757893365,3.439889900179311,1142
event_bars,2024-05-29 00:00:00+00:00,192,3,1,0.042523940217404334,0.015625,0.005208333333333333,9.78760888714887e-05,0.00017340038148083925,-1.1073587872145987,2.724250642617351,1436
event_bars,2024-05-30 00:00:00+00:00,206,3,2,0.0472143345655666,0.014563106796116505,0.009708737864077669,9.78760888714887e-05,0.0003468007629616785,1.0518190604031201,3.5135572912112987,1106
event_bars,2024-05-31 00:00:00+00:00,204,12,4,0.04481230964859162,0.058823529411764705,0.0196078431372549,0.0003915043554859548,0.000693601525923357,-1.2129829080988892,3.5052804133122457,1113
event_bars,2024-06-01 00:00:00+00:00,62,0,0,0.023231239993342444,0.0,0.0,0.0,0.0,0.32693889457105385,0.6734827843078016,2051
event_bars,2024-06-02 00:00:00+00:00,62,1,0,0.08431926839807671,0.016129032258064516,0.0,3.26253629571629e-05,0.0,0.009881634253364618,1.8398336434595282,1807
event_bars,2024-06-03 00:00:00+00:00,220,14,7,0.05865644700645023,0.06363636363636363,0.031818181818181815,0.0004567550814002806,0.0012138026703658747,1.5301347218238928,3.9570283787291145,928
event_bars,2024-06-04 00:00:00+00:00,212,13,6,0.043703849951381754,0.06132075471698113,0.02830188679245283,0.0004241297184431177,0.0010404022888850356,2.4797711623991003,3.6512791013607853,1054
event_bars,2024-06-05 00:00:00+00:00,208,4,2,0.04503383868436236,0.019230769230769232,0.009615384615384616,0.0001305014518286516,0.0003468007629616785,0.7808763348748099,1.9695816932532306,1751
event_bars,2024-06-06 00:00:00+00:00,163,3,2,0.048182858821914046,0.018404907975460124,0.012269938650306749,9.78760888714887e-05,0.0003468007629616785,-0.4272941830340916,2.274724411526223,1619
event_bars,2024-06-07 00:00:00+00:00,271,39,5,0.0472119347471197,0.14391143911439114,0.01845018450184502,0.001272389155329353,0.0008670019074041963,-2.072723928564653,5.321820030665104,572
event_bars,2024-06-08 00:00:00+00:00,102,0,0,0.021336022592354405,0.0,0.0,0.0,0.0,-0.0439723629975434,0.6070365794510894,2059
event_bars,2024-06-09 00:00:00+00:00,3,0,0,-0.0025149008623553404,0.0,0.0,0.0,0.0,0.461106449033633,1.034251410223721,2014
event_bars,2024-06-10 00:00:00+00:00,106,2,1,0.05623041140150896,0.018867924528301886,0.009433962264150943,6.52507259143258e-05,0.00017340038148083925,-0.15571829632755294,1.4653417071228452,1916
event_bars,2024-06-11 00:00:00+00:00,273,26,10,0.045824162594370506,0.09523809523809523,0.03663003663003663,0.0008482594368862354,0.0017340038148083927,-3.2704670676251197,5.310982531394833,575
event_bars,2024-06-12 00:00:00+00:00,265,37,8,0.046477444362617484,0.13962264150943396,0.03018867924528302,0.0012071384294150272,0.001387203051846714,1.4008543798358317,4.539728595206261,757
event_bars,2024-06-13 00:00:00+00:00,222,7,1,0.036936153673091145,0.03153153153153153,0.0045045045045045045,0.0002283775407001403,0.00017340038148083925,-2.1967872210694903,3.495270482873601,1118
event_bars,2024-06-14 00:00:00+00:00,212,18,10,0.04804207184433153,0.08490566037735849,0.04716981132075472,0.0005872565332289321,0.0017340038148083927,-1.124937988556596,3.4954762741335155,1117
event_bars,2024-06-15 00:00:00+00:00,80,0,0,0.029679779454445325,0.0,0.0,0.0,0.0,0.2631313832313954,1.030522350487593,2016
event_bars,2024-06-17 00:00:00+00:00,199,6,1,0.049647027043051406,0.03015075376884422,0.005025125628140704,0.0001957521777429774,0.00017340038148083925,-0.27252476198579356,3.3025728447862432,1196
event_bars,2024-06-18 00:00:00+00:00,279,22,7,0.04384378928094648,0.07885304659498207,0.025089605734767026,0.0007177579850575838,0.0012138026703658747,-2.0090007183521643,3.905107329684658,946
event_bars,2024-06-19 00:00:00+00:00,156,0,0,0.03645919154958562,0.0,0.0,0.0,0.0,-0.33255593421865004,1.7065624632426204,1848
event_bars,2024-06-20 00:00:00+00:00,199,11,1,0.04990500818398762,0.05527638190954774,0.005025125628140704,0.0003588789925287919,0.00017340038148083925,-0.12266196459520765,2.9637340538558448,1338
event_bars,2024-06-21 00:00:00+00:00,206,6,1,0.046987646806645605,0.02912621359223301,0.0048543689320388345,0.0001957521777429774,0.00017340038148083925,-1.131988083469372,2.638906500946141,1469
event_bars,2024-06-22 00:00:00+00:00,64,0,0,0.020473677970178752,0.0,0.0,0.0,0.0,0.1805801333784673,0.940866109171448,2027
event_bars,2024-06-23 00:00:00+00:00,1,0,0,0.13232575380864972,0.0,0.0,0.0,0.0,-1.640402460564384,2.1344000648491512,1669
event_bars,2024-06-24 00:00:00+00:00,371,44,17,0.05450542330492503,0.11859838274932614,0.04582210242587601,0.0014355159701151675,0.0029478064851742674,-4.732940477349441,8.459081262912964,175
event_bars,2024-06-25 00:00:00+00:00,217,10,0,0.031311532494273694,0.04608294930875576,0.0,0.00032625362957162897,0.0,2.4651538808398223,3.615694323723812,1065
event_bars,2024-06-26 00:00:00+00:00,165,2,0,0.047008736905988766,0.012121212121212121,0.0,6.52507259143258e-05,0.0,-1.4967907746850349,2.8730202743239412,1377
event_bars,2024-06-27 00:00:00+00:00,154,4,2,0.04334904766058999,0.025974025974025976,0.012987012987012988,0.0001305014518286516,0.0003468007629616785,1.3414366568090212,2.8862504011888674,1371
event_bars,2024-06-28 00:00:00+00:00,172,5,3,0.04527587056215201,0.029069767441860465,0.01744186046511628,0.00016312681478581448,0.0005202011444425178,-2.0511414614545043,3.544161127457383,1093
event_bars,2024-06-29 00:00:00+00:00,102,0,0,0.03243563369428106,0.0,0.0,0.0,0.0,0.9102937198359221,1.3679168114808582,1937
event_bars,2024-06-30 00:00:00+00:00,125,6,5,0.06459043472239172,0.048,0.04,0.0001957521777429774,0.0008670019074041963,2.8826587821713607,3.80352141381269,993
event_bars,2024-07-01 00:00:00+00:00,181,4,3,0.047732548402041955,0.022099447513812154,0.016574585635359115,0.0001305014518286516,0.0005202011444425178,0.1870279582851744,2.1319164525926024,1673
event_bars,2024-07-02 00:00:00+00:00,148,8,4,0.04493922213111188,0.05405405405405406,0.02702702702702703,0.0002610029036573032,0.000693601525923357,-1.216103967739664,2.3729168123172295,1588
event_bars,2024-07-03 00:00:00+00:00,230,18,6,0.04133821749095879,0.0782608695652174,0.02608695652173913,0.0005872565332289321,0.0010404022888850356,-3.131910540500402,4.90139432645084,659
event_bars,2024-07-04 00:00:00+00:00,351,36,4,0.045055577270830476,0.10256410256410256,0.011396011396011397,0.0011745130664578642,0.000693601525923357,-5.394902690906106,6.73413434484784,324
event_bars,2024-07-05 00:00:00+00:00,440,28,3,0.03138486239384651,0.06363636363636363,0.006818181818181818,0.0009135101628005612,0.0005202011444425178,-0.7760653041897858,7.587599974651245,245
event_bars,2024-07-06 00:00:00+00:00,180,4,2,0.03869252226835728,0.022222222222222223,0.011111111111111112,0.0001305014518286516,0.0003468007629616785,2.806467714466272,4.319631644294125,814
event_bars,2024-07-07 00:00:00+00:00,198,4,1,0.04653581481100677,0.020202020202020204,0.005050505050505051,0.0001305014518286516,0.00017340038148083925,-4.183275148705296,4.828723640081136,680
event_bars,2024-07-08 00:00:00+00:00,360,44,7,0.044796179689591924,0.12222222222222222,0.019444444444444445,0.0014355159701151675,0.0012138026703658747,1.5205052377467345,7.040955934611462,289
event_bars,2024-07-09 00:00:00+00:00,235,8,0,0.03478800401848741,0.03404255319148936,0.0,0.0002610029036573032,0.0,2.3308607511313513,3.55245881325356,1090
event_bars,2024-07-10 00:00:00+00:00,235,10,4,0.035205640761819056,0.0425531914893617,0.01702127659574468,0.00032625362957162897,0.000693601525923357,-0.546272380427458,3.9887045556641207,919
event_bars,2024-07-11 00:00:00+00:00,252,19,4,0.04272063718566887,0.07539682539682539,0.015873015873015872,0.000619881896186095,0.000693601525923357,-0.6807390064719272,4.709371168734424,712
event_bars,2024-07-12 00:00:00+00:00,210,4,2,0.0370484714167801,0.01904761904761905,0.009523809523809525,0.0001305014518286516,0.0003468007629616785,0.9624532885643263,3.4784346175477348,1125
event_bars,2024-07-13 00:00:00+00:00,157,8,7,0.046065012660531694,0.050955414012738856,0.044585987261146494,0.0002610029036573032,0.0012138026703658747,2.228314064320424,3.6088714047991792,1069
event_bars,2024-07-14 00:00:00+00:00,209,12,5,0.04547274671788285,0.05741626794258373,0.023923444976076555,0.0003915043554859548,0.0008670019074041963,2.654985573314841,3.7298520351323283,1015
event_bars,2024-07-15 00:00:00+00:00,310,19,6,0.03771363701813657,0.06129032258064516,0.01935483870967742,0.000619881896186095,0.0010404022888850356,6.243088907444477,6.772829713396722,321
event_bars,2024-07-16 00:00:00+00:00,327,20,1,0.03816986491196504,0.06116207951070336,0.0030581039755351682,0.0006525072591432579,0.00017340038148083925,0.5079793112649359,4.757508326291609,698
event_bars,2024-07-17 00:00:00+00:00,250,7,0,0.03648831612973119,0.028,0.0,0.0002283775407001403,0.0,-1.4788086859035126,3.505511990457551,1111
event_bars,2024-07-18 00:00:00+00:00,203,8,2,0.0401097980615039,0.03940886699507389,0.009852216748768473,0.0002610029036573032,0.0003468007629616785,-0.14982540100849437,3.0651985833724757,1294
event_bars,2024-07-19 00:00:00+00:00,271,23,5,0.04346374106928354,0.08487084870848709,0.01845018450184502,0.0007503833480147467,0.0008670019074041963,4.086552077747664,6.274171547106546,391
event_bars,2024-07-20 00:00:00+00:00,140,3,1,0.055165558807331656,0.02142857142857143,0.007142857142857143,9.78760888714887e-05,0.00017340038148083925,0.6995059313860728,2.2265690639177294,1639
event_bars,2024-07-21 00:00:00+00:00,197,28,8,0.0576487567755197,0.14213197969543148,0.04060913705583756,0.0009135101628005612,0.001387203051846714,1.541659240948521,3.8799448651457125,961
event_bars,2024-07-22 00:00:00+00:00,204,1,0,0.03993637485077389,0.004901960784313725,0.0,3.26253629571629e-05,0.0,-0.9419314510177348,2.84630205784582,1391
event_bars,2024-07-23 00:00:00+00:00,246,12,4,0.04232021534894089,0.04878048780487805,0.016260162601626018,0.0003915043554859548,0.000693601525923357,-2.3728473496938194,3.4744357798653285,1128
event_bars,2024-07-24 00:00:00+00:00,206,4,2,0.04440599688848759,0.019417475728155338,0.009708737864077669,0.0001305014518286516,0.0003468007629616785,-0.8616073614810023,3.098460353032884,1281
event_bars,2024-07-25 00:00:00+00:00,274,22,7,0.039265824741171865,0.08029197080291971,0.025547445255474453,0.0007177579850575838,0.0012138026703658747,0.6441268208554256,4.147639995705731,873
event_bars,2024-07-26 00:00:00+00:00,218,9,3,0.03816585491669695,0.04128440366972477,0.013761467889908258,0.00029362826661446606,0.0005202011444425178,3.1568849612706584,3.7525259751424613,1010
event_bars,2024-07-27 00:00:00+00:00,266,53,16,0.0543640880693172,0.19924812030075187,0.06015037593984962,0.0017291442367296337,0.002774406103693428,-0.012817084749524974,4.055076621254105,899
event_bars,2024-07-28 00:00:00+00:00,130,1,0,0.03356174365157437,0.007692307692307693,0.0,3.26253629571629e-05,0.0,0.5023186537986044,1.8665060807542568,1797
event_bars,2024-07-29 00:00:00+00:00,308,41,16,0.04743286277422759,0.1331168831168831,0.05194805194805195,0.0013376398812436788,0.002774406103693428,-2.171751447379633,5.4469852380387165,530
event_bars,2024-07-30 00:00:00+00:00,218,8,2,0.03895398701970541,0.03669724770642202,0.009174311926605505,0.0002610029036573032,0.0003468007629616785,-0.8890325158239182,2.5898978290092063,1489
event_bars,2024-07-31 00:00:00+00:00,218,12,4,0.043471293172038676,0.05504587155963303,0.01834862385321101,0.0003915043554859548,0.000693601525923357,-2.3809592448688828,3.542529030010672,1094
event_bars,2024-08-01 00:00:00+00:00,325,31,7,0.03607196421316683,0.09538461538461539,0.021538461538461538,0.00101138625167205,0.0012138026703658747,1.1192236939692266,5.28385611331519,581
event_bars,2024-08-02 00:00:00+00:00,363,28,1,0.04060276502504973,0.07713498622589532,0.0027548209366391185,0.0009135101628005612,0.00017340038148083925,-6.066394279950852,6.90745672291783,308
event_bars,2024-08-03 00:00:00+00:00,259,18,0,0.03659970149066368,0.0694980694980695,0.0,0.0005872565332289321,0.0,-1.3082139910666222,3.880256554108369,960
event_bars,2024-08-04 00:00:00+00:00,296,33,5,0.036463011757625965,0.11148648648648649,0.016891891891891893,0.0010766369775863757,0.0008670019074041963,-4.275701973967161,6.858722587653576,315
event_bars,2024-08-05 00:00:00+00:00,1017,47,2,0.03007197815009018,0.046214355948869225,0.0019665683382497543,0.0015333920589866562,0.0003468007629616785,-7.388983919241765,17.58454006865701,22
event_bars,2024-08-06 00:00:00+00:00,422,4,0,0.020791655552208577,0.009478672985781991,0.0,0.0001305014518286516,0.0,3.614567625107416,5.544975790496455,512
event_bars,2024-08-07 00:00:00+00:00,352,11,2,0.028455686929267365,0.03125,0.005681818181818182,0.0003588789925287919,0.0003468007629616785,-1.5993975170297892,5.667590389831294,485
event_bars,2024-08-08 00:00:00+00:00,423,37,4,0.02975624249134251,0.08747044917257683,0.009456264775413711,0.0012071384294150272,0.000693601525923357,11.242983250601856,13.75955614350182,46
event_bars,2024-08-09 00:00:00+00:00,290,9,0,0.03434476274294039,0.03103448275862069,0.0,0.00029362826661446606,0.0,-1.3900952521035257,3.672892343947502,1041
event_bars,2024-08-10 00:00:00+00:00,133,0,0,0.03229877731015371,0.0,0.0,0.0,0.0,0.1336088975530269,2.0410297651198306,1715
event_bars,2024-08-11 00:00:00+00:00,219,15,5,0.06498805483956915,0.0684931506849315,0.0228310502283105,0.0004893804443574435,0.0008670019074041963,-3.6743499926996805,6.229759303335822,396
event_bars,2024-08-12 00:00:00+00:00,362,38,0,0.03642800824959404,0.10497237569060773,0.0,0.00123976379237219,0.0,1.0685030146814787,5.160045887133923,601
event_bars,2024-08-13 00:00:00+00:00,270,19,0,0.033911078971498546,0.07037037037037037,0.0,0.000619881896186095,0.0,2.0468838711647614,5.313789090767425,574
event_bars,2024-08-14 00:00:00+00:00,298,38,3,0.03861759324217094,0.12751677852348994,0.010067114093959731,0.00123976379237219,0.0005202011444425178,-3.192089708011909,5.779146482083585,456
event_bars,2024-08-15 00:00:00+00:00,350,40,7,0.03860646033385685,0.11428571428571428,0.02,0.0013050145182865159,0.0012138026703658747,-1.9578945153026792,6.654208717245661,333
event_bars,2024-08-16 00:00:00+00:00,297,14,0,0.027185653350092286,0.04713804713804714,0.0,0.0004567550814002806,0.0,2.309712012094316,4.653435397772483,730
event_bars,2024-08-17 00:00:00+00:00,114,0,0,0.03513299584785664,0.0,0.0,0.0,0.0,1.037166782697537,1.5546541537954681,1896
event_bars,2024-08-18 00:00:00+00:00,165,8,6,0.06529813269498397,0.048484848484848485,0.03636363636363636,0.0002610029036573032,0.0010404022888850356,-1.8302118303543373,3.2008938304440036,1246
event_bars,2024-08-19 00:00:00+00:00,219,14,10,0.05341806517118926,0.0639269406392694,0.045662100456621,0.0004567550814002806,0.0017340038148083927,1.7122618608492353,3.1287228217268073,1268
event_bars,2024-08-20 00:00:00+00:00,280,44,11,0.036689922060578445,0.15714285714285714,0.039285714285714285,0.0014355159701151675,0.0019074041962892317,-0.7019718590616023,4.813623864502574,684
event_bars,2024-08-21 00:00:00+00:00,267,22,6,0.04243318487110138,0.08239700374531835,0.02247191011235955,0.0007177579850575838,0.0010404022888850356,3.5594964289017565,5.087271451164561,616
event_bars,2024-08-22 00:00:00+00:00,222,10,1,0.03595052239369965,0.04504504504504504,0.0045045045045045045,0.00032625362957162897,0.00017340038148083925,-1.267985431692582,2.8322792894926767,1396
event_bars,2024-08-23 00:00:00+00:00,349,56,14,0.03991061307230404,0.16045845272206305,0.04011461318051576,0.0018270203256011224,0.0024276053407317495,5.903468198728656,7.503029084999991,252
event_bars,2024-08-24 00:00:00+00:00,155,0,0,0.0333811694940991,0.0,0.0,0.0,0.0,0.15062065569731622,1.4841453964023894,1910
event_bars,2024-08-25 00:00:00+00:00,142,5,3,0.05877083969041952,0.035211267605633804,0.02112676056338028,0.00016312681478581448,0.0005202011444425178,0.11472503105462258,2.2406289448760237,1634
event_bars,2024-08-26 00:00:00+00:00,201,6,3,0.04673597460374329,0.029850746268656716,0.014925373134328358,0.0001957521777429774,0.0005202011444425178,-2.1772907937320065,2.681795232037568,1448
event_bars,2024-08-27 00:00:00+00:00,307,41,10,0.049138344746964005,0.13355048859934854,0.03257328990228013,0.0013376398812436788,0.0017340038148083927,-5.604442786677939,8.703669536824226,158
event_bars,2024-08-28 00:00:00+00:00,310,15,0,0.03058722542357386,0.04838709677419355,0.0,0.0004893804443574435,0.0,-0.6324644544579517,4.030107020829781,905
event_bars,2024-08-29 00:00:00+00:00,253,13,2,0.03505172666707188,0.05138339920948617,0.007905138339920948,0.0004241297184431177,0.0003468007629616785,0.5293539452366133,4.157363422561092,870
event_bars,2024-08-30 00:00:00+00:00,259,22,2,0.03859060911937651,0.08494208494208494,0.007722007722007722,0.0007177579850575838,0.0003468007629616785,-0.38338295019034857,4.070558618053016,894
event_bars,2024-08-31 00:00:00+00:00,95,0,0,0.04061354095490891,0.0,0.0,0.0,0.0,-0.2617795888800589,1.2460376560050124,1971
event_bars,2024-09-01 00:00:00+00:00,207,21,10,0.0640640539419789,0.10144927536231885,0.04830917874396135,0.0006851326221004208,0.0017340038148083927,-2.88084632899218,3.3223427900253677,1187
event_bars,2024-09-02 00:00:00+00:00,207,7,3,0.04114341175463223,0.033816425120772944,0.014492753623188406,0.0002283775407001403,0.0005202011444425178,3.169189151636832,3.9819758436490216,922
event_bars,2024-09-03 00:00:00+00:00,226,20,6,0.0362478621842054,0.08849557522123894,0.02654867256637168,0.0006525072591432579,0.0010404022888850356,-2.848925690377308,4.2188819932842,848
event_bars,2024-09-04 00:00:00+00:00,303,25,4,0.03912001674921914,0.08250825082508251,0.013201320132013201,0.0008156340739290725,0.000693601525923357,0.8541016661939007,5.165323320183872,600
event_bars,2024-09-05 00:00:00+00:00,273,23,1,0.038480872949717,0.08424908424908426,0.003663003663003663,0.0007503833480147467,0.00017340038148083925,-3.154073556721751,4.774302481193988,692
event_bars,2024-09-06 00:00:00+00:00,432,49,3,0.03278982403086514,0.11342592592592593,0.006944444444444444,0.001598642784900982,0.0005202011444425178,-4.0305837101486075,8.20324051075401,194
event_bars,2024-09-07 00:00:00+00:00,150,1,0,0.02610074357112498,0.006666666666666667,0.0,3.26253629571629e-05,0.0,0.3834818964576524,2.0180296642949362,1726
event_bars,2024-09-08 00:00:00+00:00,163,6,5,0.05887642880685594,0.03680981595092025,0.03067484662576687,0.0001957521777429774,0.0008670019074041963,1.2933481194099756,3.1289141091035764,1267
event_bars,2024-09-09 00:00:00+00:00,298,22,5,0.042261673044672675,0.0738255033557047,0.016778523489932886,0.0007177579850575838,0.0008670019074041963,3.881413032200267,6.383488085894197,369
event_bars,2024-09-10 00:00:00+00:00,240,5,0,0.036299370788168715,0.020833333333333332,0.0,0.00016312681478581448,0.0,1.0452096214281326,2.923783061996767,1356
event_bars,2024-09-11 00:00:00+00:00,318,21,2,0.03672144849768515,0.0660377358490566,0.006289308176100629,0.0006851326221004208,0.0003468007629616785,-0.5276946889176181,4.299963729748025,823
event_bars,2024-09-12 00:00:00+00:00,256,12,0,0.03172993512326322,0.046875,0.0,0.0003915043554859548,0.0,1.374359810070109,2.2841676927578,1615
event_bars,2024-09-13 00:00:00+00:00,266,21,8,0.03711568394756819,0.07894736842105263,0.03007518796992481,0.0006851326221004208,0.001387203051846714,3.980338723338467,5.082699128990834,618
event_bars,2024-09-14 00:00:00+00:00,138,3,2,0.03553375453952431,0.021739130434782608,0.014492753623188406,9.78760888714887e-05,0.0003468007629616785,-0.8174753753959476,2.0225314840593245,1725
event_bars,2024-09-15 00:00:00+00:00,146,7,5,0.07008349188844738,0.04794520547945205,0.03424657534246575,0.0002283775407001403,0.0008670019074041963,-1.450332986825912,2.88265800802553,1373
event_bars,2024-09-16 00:00:00+00:00,247,10,2,0.042430146780430805,0.04048582995951417,0.008097165991902834,0.00032625362957162897,0.0003468007629616785,-1.557742252363351,2.977022261095803,1332
event_bars,2024-09-17 00:00:00+00:00,286,32,4,0.042512896058219674,0.11188811188811189,0.013986013986013986,0.0010440116146292128,0.000693601525923357,3.535500078134247,6.318556389251693,381
event_bars,2024-09-18 00:00:00+00:00,313,30,2,0.04624447160363837,0.09584664536741214,0.006389776357827476,0.000978760888714887,0.0003468007629616785,2.3838927617074943,4.346316519513273,804
event_bars,2024-09-19 00:00:00+00:00,298,11,0,0.024892867658440825,0.03691275167785235,0.0,0.0003588789925287919,0.0,1.9117844753796014,3.6634998350044543,1046
event_bars,2024-09-20 00:00:00+00:00,252,10,0,0.036552173731699,0.03968253968253968,0.0,0.00032625362957162897,0.0,0.39459983035500706,2.8578412298285416,1383
event_bars,2024-09-21 00:00:00+00:00,100,0,0,0.0394010850070975,0.0,0.0,0.0,0.0,0.22893942158879999,1.319031868152427,1949
event_bars,2024-09-22 00:00:00+00:00,160,7,4,0.07262397884340496,0.04375,0.025,0.0002283775407001403,0.000693601525923357,0.3748457639839887,2.629585021426682,1475
event_bars,2024-09-23 00:00:00+00:00,225,13,7,0.04942371473587665,0.057777777777777775,0.03111111111111111,0.0004241297184431177,0.0012138026703658747,-0.4043817414147356,3.442763030885749,1140
event_bars,2024-09-24 00:00:00+00:00,221,12,3,0.0485831185543551,0.05429864253393665,0.013574660633484163,0.0003915043554859548,0.0005202011444425178,1.4755821056888618,3.1062328903419028,1278
event_bars,2024-09-25 00:00:00+00:00,186,2,1,0.03845486484082552,0.010752688172043012,0.005376344086021506,6.52507259143258e-05,0.00017340038148083925,-1.7663553924487807,2.960046977629068,1340
event_bars,2024-09-26 00:00:00+00:00,288,33,9,0.04167344884394122,0.11458333333333333,0.03125,0.0010766369775863757,0.0015606034333275533,3.1515775183705776,4.930519038969134,649
event_bars,2024-09-27 00:00:00+00:00,230,8,1,0.03430906360884507,0.034782608695652174,0.004347826086956522,0.0002610029036573032,0.00017340038148083925,0.9328604031994332,2.5329384135104025,1519
event_bars,2024-09-28 00:00:00+00:00,118,0,0,0.037568007269302595,0.0,0.0,0.0,0.0,0.11111779400264901,1.3204847314565114,1948
event_bars,2024-09-29 00:00:00+00:00,114,0,0,0.0746711970493378,0.0,0.0,0.0,0.0,-0.38754664505904807,1.0030565015857886,2021
event_bars,2024-09-30 00:00:00+00:00,280,20,11,0.04560221116533806,0.07142857142857142,0.039285714285714285,0.0006525072591432579,0.0019074041962892317,-3.506174362897294,4.305186623675347,821
event_bars,2024-10-01 00:00:00+00:00,371,68,10,0.04144694606099888,0.18328840970350405,0.026954177897574125,0.0022185246810870773,0.0017340038148083927,-4.081936193330405,6.384996318171359,368
event_bars,2024-10-02 00:00:00+00:00,307,13,0,0.03403498971847127,0.04234527687296417,0.0,0.0004241297184431177,0.0,-0.2538730993778742,3.958488818921946,926
event_bars,2024-10-03 00:00:00+00:00,279,12,1,0.03605573264647571,0.043010752688172046,0.0035842293906810036,0.0003915043554859548,0.00017340038148083925,0.17222927391198145,2.700968031590513,1442
event_bars,2024-10-04 00:00:00+00:00,226,8,1,0.03751572502952454,0.035398230088495575,0.004424778761061947,0.0002610029036573032,0.00017340038148083925,2.162136326973194,3.2926405894251976,1208
event_bars,2024-10-05 00:00:00+00:00,103,0,0,0.04390453547760196,0.0,0.0,0.0,0.0,-0.05029119026929067,1.1226648657458067,1998
event_bars,2024-10-06 00:00:00+00:00,71,1,1,0.08372197128315517,0.014084507042253521,0.014084507042253521,3.26253629571629e-05,0.00017340038148083925,1.2277780492538368,1.896154625891822,1784
event_bars,2024-10-07 00:00:00+00:00,269,22,8,0.052598528422606476,0.08178438661710037,0.02973977695167286,0.0007177579850575838,0.001387203051846714,-0.9577613281183242,3.724786523619631,1019
event_bars,2024-10-08 00:00:00+00:00,211,4,0,0.03579530485870482,0.018957345971563982,0.0,0.0001305014518286516,0.0,-0.09475372384011177,2.1481499896472744,1664
event_bars,2024-10-09 00:00:00+00:00,207,15,8,0.04409573572648102,0.07246376811594203,0.03864734299516908,0.0004893804443574435,0.001387203051846714,-2.4857437107361386,3.6966793699889506,1027
event_bars,2024-10-10 00:00:00+00:00,244,18,6,0.044159993245111315,0.07377049180327869,0.02459016393442623,0.0005872565332289321,0.0010404022888850356,-0.5179520179521542,3.9889811445932004,918
event_bars,2024-10-11 00:00:00+00:00,233,17,6,0.03397998813033846,0.07296137339055794,0.02575107296137339,0.0005546311702717693,0.0010404022888850356,3.6089559926619037,5.415642959552222,537
event_bars,2024-10-12 00:00:00+00:00,128,0,0,0.04459934924916522,0.0,0.0,0.0,0.0,1.061393581992892,1.595642515682234,1886
event_bars,2024-10-13 00:00:00+00:00,135,0,0,0.06608377772285849,0.0,0.0,0.0,0.0,-0.5335851499111286,1.9796304205199793,1745
event_bars,2024-10-14 00:00:00+00:00,298,39,11,0.049644773055686375,0.13087248322147652,0.03691275167785235,0.001272389155329353,0.0019074041962892317,5.005055285750207,6.381232833403034,370
event_bars,2024-10-15 00:00:00+00:00,369,63,3,0.03979827359571259,0.17073170731707318,0.008130081300813009,0.0020553978663012625,0.0005202011444425178,1.4713019617436884,4.795633975665877,688
event_bars,2024-10-16 00:00:00+00:00,277,6,0,0.028496370537765898,0.021660649819494584,0.0,0.0001957521777429774,0.0,0.8140512585531681,2.480511891897119,1546
event_bars,2024-10-17 00:00:00+00:00,221,8,5,0.037786211931928916,0.03619909502262444,0.02262443438914027,0.0002610029036573032,0.0008670019074041963,-0.2822359987047164,1.9712827586275314,1749
event_bars,2024-10-18 00:00:00+00:00,243,16,5,0.038538260244724884,0.06584362139917696,0.0205761316872428,0.0005220058073146064,0.0008670019074041963,1.4819580351221284,2.6954226082282915,1445
event_bars,2024-10-19 00:00:00+00:00,97,0,0,0.0325728092624088,0.0,0.0,0.0,0.0,-0.07414183364662733,1.0021673678039162,2022
event_bars,2024-10-20 00:00:00+00:00,26,2,1,0.06855966711002905,0.07692307692307693,0.038461538461538464,6.52507259143258e-05,0.00017340038148083925,0.9652331645960587,1.9724907049333607,1748
event_bars,2024-10-21 00:00:00+00:00,241,14,3,0.04810109498907142,0.058091286307053944,0.012448132780082987,0.0004567550814002806,0.0005202011444425178,-2.4217212645065196,3.9586821044637706,925
event_bars,2024-10-22 00:00:00+00:00,214,9,2,0.0381755904525949,0.04205607476635514,0.009345794392523364,0.00029362826661446606,0.0003468007629616785,0.05594505362384613,1.9180189277975948,1773
event_bars,2024-10-23 00:00:00+00:00,229,8,3,0.04650961497430774,0.034934497816593885,0.013100436681222707,0.0002610029036573032,0.0005202011444425178,-1.1328417197816985,3.3570321751550116,1175
event_bars,2024-10-24 00:00:00+00:00,220,5,0,0.038380842423689714,0.022727272727272728,0.0,0.00016312681478581448,0.0,2.2645791139934963,3.4890052448687,1122
event_bars,2024-10-25 00:00:00+00:00,287,36,6,0.05018368306958807,0.1254355400696864,0.020905923344947737,0.0011745130664578642,0.0010404022888850356,-2.2413250618701457,4.752460121974952,699
event_bars,2024-10-26 00:00:00+00:00,121,0,0,0.021544464822184292,0.0,0.0,0.0,0.0,0.6118111274115792,1.5477199316728385,1898
event_bars,2024-10-27 00:00:00+00:00,44,0,0,0.07633888043391,0.0,0.0,0.0,0.0,1.3633697402688902,2.0659608963068496,1702
event_bars,2024-10-28 00:00:00+00:00,251,15,6,0.055629526091544854,0.05976095617529881,0.02390438247011952,0.0004893804443574435,0.0010404022888850356,2.8237385163039077,3.982808358575444,921
event_bars,2024-10-29 00:00:00+00:00,346,42,8,0.03669264436238326,0.12138728323699421,0.023121387283236993,0.0013702652442008417,0.001387203051846714,3.924826390089403,5.478624762040854,526
event_bars,2024-10-30 00:00:00+00:00,223,8,2,0.039441393989506766,0.03587443946188341,0.008968609865470852,0.0002610029036573032,0.0003468007629616785,-0.538293445622966,2.133584500340309,1670
event_bars,2024-10-31 00:00:00+00:00,252,26,6,0.03790386870971055,0.10317460317460317,0.023809523809523808,0.0008482594368862354,0.0010404022888850356,-2.8418358929838194,4.2348524068203774,845
event_bars,2024-11-01 00:00:00+00:00,323,36,2,0.039664111403877045,0.11145510835913312,0.006191950464396285,0.0011745130664578642,0.0003468007629616785,-1.182127007901266,4.026242791541335,907
event_bars,2024-11-02 00:00:00+00:00,115,0,0,0.030966391428267105,0.0,0.0,0.0,0.0,-0.18550796753154994,1.2816157468827845,1963
event_bars,2024-11-03 00:00:00+00:00,232,14,7,0.05716329540172925,0.0603448275862069,0.03017241379310345,0.0004567550814002806,0.0012138026703658747,-0.8746945453035275,2.845991162035585,1392
event_bars,2024-11-04 00:00:00+00:00,242,11,3,0.05015839989004871,0.045454545454545456,0.012396694214876033,0.0003588789925287919,0.0005202011444425178,-1.3590571474324902,3.940635444734582,936
event_bars,2024-11-05 00:00:00+00:00,264,32,6,0.04203330566217212,0.12121212121212122,0.022727272727272728,0.0010440116146292128,0.0010404022888850356,2.2141405648237553,4.46942165465299,781
event_bars,2024-11-06 00:00:00+00:00,618,60,3,0.03024610524259269,0.0970873786407767,0.0048543689320388345,0.001957521777429774,0.0005202011444425178,8.597952826424937,9.819355283134309,121
event_bars,2024-11-07 00:00:00+00:00,315,13,3,0.031361335536715045,0.04126984126984127,0.009523809523809525,0.0004241297184431177,0.0005202011444425178,0.3691252103738601,3.237811738158025,1227
event_bars,2024-11-08 00:00:00+00:00,258,9,2,0.034448933109584946,0.03488372093023256,0.007751937984496124,0.00029362826661446606,0.0003468007629616785,0.817640709694122,2.1035187931648545,1688
event_bars,2024-11-09 00:00:00+00:00,150,0,0,0.04101808849725611,0.0,0.0,0.0,0.0,0.2518980185731552,1.6209713572772466,1879
event_bars,2024-11-10 00:00:00+00:00,428,63,12,0.04169491978138791,0.14719626168224298,0.028037383177570093,0.0020553978663012625,0.0020808045777700713,4.756153235452822,6.574643406846527,349
event_bars,2024-11-11 00:00:00+00:00,606,58,2,0.02981451843259735,0.09570957095709572,0.0033003300330033004,0.0018922710515154482,0.0003468007629616785,9.844835067760787,11.229865917323014,78
event_bars,2024-11-12 00:00:00+00:00,658,10,0,0.026117384858016474,0.015197568389057751,0.0,0.00032625362957162897,0.0,-0.856819860890314,5.605759027824718,499
event_bars,2024-11-13 00:00:00+00:00,611,42,0,0.027414735915432115,0.06873977086743044,0.0,0.0013702652442008417,0.0,2.737279844082776,8.067909759750886,206
event_bars,2024-11-14 00:00:00+00:00,452,12,1,0.027824297822190855,0.02654867256637168,0.0022123893805309734,0.0003915043554859548,0.00017340038148083925,-3.409405790502725,5.749900312034135,463
event_bars,2024-11-15 00:00:00+00:00,389,19,1,0.02866240709068263,0.04884318766066838,0.002570694087403599,0.000619881896186095,0.00017340038148083925,4.138277272704026,5.3751784442042485,555
event_bars,2024-11-16 00:00:00+00:00,197,2,0,0.02935493730095588,0.01015228426395939,0.0,6.52507259143258e-05,0.0,-0.47469270763602156,1.9012518631464914,1781
event_bars,2024-11-17 00:00:00+00:00,227,6,2,0.04646133521790817,0.02643171806167401,0.00881057268722467,0.0001957521777429774,0.0003468007629616785,-0.823409146798192,3.1104869170423193,1274
event_bars,2024-11-18 00:00:00+00:00,379,45,9,0.04254785078545927,0.11873350923482849,0.023746701846965697,0.0014681413330723304,0.0015606034333275533,0.6733673841289823,3.6000617362692804,1074
event_bars,2024-11-19 00:00:00+00:00,351,28,0,0.032822006970100695,0.07977207977207977,0.0,0.0009135101628005612,0.0,2.0001399647946743,3.8838558636723204,957
event_bars,2024-11-20 00:00:00+00:00,354,20,1,0.02848065896313012,0.05649717514124294,0.002824858757062147,0.0006525072591432579,0.00017340038148083925,2.0920913128746483,3.5947181081397677,1078
event_bars,2024-11-21 00:00:00+00:00,501,35,3,0.02601312066700937,0.06986027944111776,0.005988023952095809,0.0011418877035007016,0.0005202011444425178,4.23494206570289,5.27421101572314,583
event_bars,2024-11-22 00:00:00+00:00,330,14,0,0.026654671786911967,0.04242424242424243,0.0,0.0004567550814002806,0.0,0.5622246651266798,2.499471019397881,1532
event_bars,2024-11-23 00:00:00+00:00,179,8,1,0.03751915051394778,0.0446927374301676,0.00558659217877095,0.0002610029036573032,0.00017340038148083925,-1.21640782429631,1.7988275610780098,1827
event_bars,2024-11-24 00:00:00+00:00,242,15,5,0.05093205105387319,0.06198347107438017,0.02066115702479339,0.0004893804443574435,0.0008670019074041963,0.23997640370982976,2.924706156887112,1354
event_bars,2024-11-25 00:00:00+00:00,381,45,2,0.04256198005985509,0.11811023622047244,0.005249343832020997,0.0014681413330723304,0.0003468007629616785,-5.127690768060802,6.610811832142908,344
event_bars,2024-11-26 00:00:00+00:00,420,11,0,0.029496001682984545,0.02619047619047619,0.0,0.0003588789925287919,0.0,-1.1266269818981047,4.516005310057026,767
event_bars,2024-11-27 00:00:00+00:00,292,11,0,0.027068142863256036,0.03767123287671233,0.0,0.0003588789925287919,0.0,4.133795816984544,5.697576002466748,479
event_bars,2024-11-28 00:00:00+00:00,208,2,1,0.037096747799358655,0.009615384615384616,0.004807692307692308,6.52507259143258e-05,0.00017340038148083925,-0.22004230181624407,2.0149358537948814,1728
event_bars,2024-11-29 00:00:00+00:00,231,10,2,0.04236268052146736,0.04329004329004329,0.008658008658008658,0.00032625362957162897,0.0003468007629616785,1.8859762967725873,3.4093941981179947,1154
event_bars,2024-11-30 00:00:00+00:00,130,1,0,0.03981006663204689,0.007692307692307693,0.0,3.26253629571629e-05,0.0,-1.0733574086825348,1.4169546950671748,1929
event_bars,2024-12-01 00:00:00+00:00,138,3,1,0.0510958194231089,0.021739130434782608,0.007246376811594203,9.78760888714887e-05,0.00017340038148083925,0.8154259870848083,2.268394543658108,1621
event_bars,2024-12-02 00:00:00+00:00,293,15,4,0.04538305536504331,0.051194539249146756,0.013651877133105802,0.0004893804443574435,0.000693601525923357,-1.4232296789723673,4.013701421208812,910
event_bars,2024-12-03 00:00:00+00:00,258,22,5,0.040177685305061044,0.08527131782945736,0.01937984496124031,0.0007177579850575838,0.0008670019074041963,0.023670008905948704,2.9163031023261916,1361
event_bars,2024-12-04 00:00:00+00:00,297,14,6,0.03478047556995788,0.04713804713804714,0.020202020202020204,0.0004567550814002806,0.0010404022888850356,2.833426350372537,4.593410244179776,746
event_bars,2024-12-05 00:00:00+00:00,677,60,4,0.03279606522070289,0.08862629246676514,0.005908419497784343,0.001957521777429774,0.000693601525923357,-1.705247960712894,14.840471331238714,37
event_bars,2024-12-06 00:00:00+00:00,341,10,0,0.018866046502953437,0.02932551319648094,0.0,0.00032625362957162897,0.0,2.846575989116494,5.605083193332897,500
event_bars,2024-12-07 00:00:00+00:00,151,0,0,0.036994681496472615,0.0,0.0,0.0,0.0,0.0968444510565442,1.627213511563272,1875
event_bars,2024-12-08 00:00:00+00:00,155,1,1,0.05171647873983999,0.0064516129032258064,0.0064516129032258064,3.26253629571629e-05,0.00017340038148083925,1.2937079238929625,2.746375411258122,1431
event_bars,2024-12-09 00:00:00+00:00,397,30,6,0.0455916900174798,0.07556675062972293,0.015113350125944584,0.000978760888714887,0.0010404022888850356,-3.879724635281955,7.436937771971626,256
event_bars,2024-12-10 00:00:00+00:00,362,25,0,0.0293805630265913,0.06906077348066299,0.0,0.0008156340739290725,0.0,-0.7699901152833503,4.2118298721436975,850
event_bars,2024-12-11 00:00:00+00:00,296,18,1,0.029297393670342887,0.060810810810810814,0.0033783783783783786,0.0005872565332289321,0.00017340038148083925,4.565889942912582,6.309995422499439,384
event_bars,2024-12-12 00:00:00+00:00,280,18,1,0.039887485877529626,0.06428571428571428,0.0035714285714285713,0.0005872565332289321,0.00017340038148083925,-1.126727938969159,3.229120716819983,1232
event_bars,2024-12-13 00:00:00+00:00,211,6,1,0.03628697395921465,0.02843601895734597,0.004739336492890996,0.0001957521777429774,0.00017340038148083925,1.3802762114828147,2.7062761707385876,1439
event_bars,2024-12-14 00:00:00+00:00,163,6,1,0.04068385908199696,0.03680981595092025,0.006134969325153374,0.0001957521777429774,0.00017340038148083925,0.008976443746173358,2.045565911922088,1711
event_bars,2024-12-15 00:00:00+00:00,223,20,14,0.05976136652446029,0.08968609865470852,0.06278026905829596,0.0006525072591432579,0.0024276053407317495,2.9922355343713636,4.042187535286001,902
event_bars,2024-12-16 00:00:00+00:00,365,40,6,0.0366973907333869,0.1095890410958904,0.01643835616438356,0.0013050145182865159,0.0010404022888850356,1.4848928570651623,4.276965143748297,827
event_bars,2024-12-17 00:00:00+00:00,291,17,3,0.03736226393559601,0.058419243986254296,0.010309278350515464,0.0005546311702717693,0.0005202011444425178,0.04846820759691567,2.9164294274397196,1360
event_bars,2024-12-18 00:00:00+00:00,411,37,5,0.03832551411798607,0.09002433090024331,0.012165450121654502,0.0012071384294150272,0.0008670019074041963,-5.716307205971014,6.331930736618855,378
event_bars,2024-12-19 00:00:00+00:00,486,33,2,0.02900974239389811,0.06790123456790123,0.00411522633744856,0.0010766369775863757,0.0003468007629616785,-2.7801215250857303,7.134222613343042,282
event_bars,2024-12-20 00:00:00+00:00,500,15,0,0.023296062343275387,0.03,0.0,0.0004893804443574435,0.0,0.3382197880159837,6.269676202563593,392
event_bars,2024-12-21 00:00:00+00:00,238,4,0,0.031995767596645894,0.01680672268907563,0.0,0.0001305014518286516,0.0,-0.5155213561677984,3.176004714771773,1256
event_bars,2024-12-22 00:00:00+00:00,215,4,1,0.04384236136378621,0.018604651162790697,0.004651162790697674,0.0001305014518286516,0.00017340038148083925,-2.191390665449475,3.3795070422889752,1167
event_bars,2024-12-23 00:00:00+00:00,346,13,0,0.036740048365776254,0.03757225433526012,0.0,0.0004241297184431177,0.0,-0.30766097383560764,4.270894002292174,833
event_bars,2024-12-24 00:00:00+00:00,286,16,1,0.03572658459394933,0.055944055944055944,0.0034965034965034965,0.0005220058073146064,0.00017340038148083925,3.893442338959114,6.141980968939718,407
event_bars,2024-12-25 00:00:00+00:00,196,6,4,0.04119441538407328,0.030612244897959183,0.02040816326530612,0.0001957521777429774,0.000693601525923357,0.7603823580837322,2.0398301593471797,1717
event_bars,2024-12-26 00:00:00+00:00,261,12,4,0.0397235759620507,0.04597701149425287,0.01532567049808429,0.0003915043554859548,0.000693601525923357,-3.719578934090675,4.918393853680717,654
event_bars,2024-12-27 00:00:00+00:00,276,19,5,0.037266187891890616,0.06884057971014493,0.018115942028985508,0.000619881896186095,0.0008670019074041963,-1.570477591624862,4.319417866531088,815
event_bars,2024-12-28 00:00:00+00:00,123,1,0,0.04208159915688956,0.008130081300813009,0.0,3.26253629571629e-05,0.0,1.0555295922944927,1.6860251867574647,1850
event_bars,2024-12-29 00:00:00+00:00,136,2,1,0.06445661047270931,0.014705882352941176,0.007352941176470588,6.52507259143258e-05,0.00017340038148083925,-1.650235825670712,2.4841154577065487,1543
event_bars,2024-12-30 00:00:00+00:00,290,25,7,0.04522814371867547,0.08620689655172414,0.02413793103448276,0.0008156340739290725,0.0012138026703658747,-1.0089156005278777,3.7761211942582613,1000
event_bars,2024-12-31 00:00:00+00:00,241,17,3,0.03330261526849898,0.07053941908713693,0.012448132780082987,0.0005546311702717693,0.0005202011444425178,0.8476328230340396,4.5205070445616125,765
event_bars,2025-01-01 00:00:00+00:00,139,1,1,0.04662061594053898,0.007194244604316547,0.007194244604316547,3.26253629571629e-05,0.00017340038148083925,1.0972327651532376,2.516337213206095,1526
event_bars,2025-01-02 00:00:00+00:00,252,14,5,0.04677429410062758,0.05555555555555555,0.01984126984126984,0.0004567550814002806,0.0008670019074041963,2.492031789036668,3.606286729738177,1070
event_bars,2025-01-03 00:00:00+00:00,193,6,3,0.03949702122959505,0.031088082901554404,0.015544041450777202,0.0001957521777429774,0.0005202011444425178,1.2076207181106529,2.9615954528072135,1339
event_bars,2025-01-04 00:00:00+00:00,122,0,0,0.039227413473505356,0.0,0.0,0.0,0.0,0.028015642080163366,1.3483446552114016,1942
event_bars,2025-01-05 00:00:00+00:00,115,2,1,0.055191626662462696,0.017391304347826087,0.008695652173913044,6.52507259143258e-05,0.00017340038148083925,0.16996300527258432,1.658140107815744,1864
event_bars,2025-01-06 00:00:00+00:00,279,27,5,0.04542996427680516,0.0967741935483871,0.017921146953405017,0.0008808847998433983,0.0008670019074041963,3.8306982813244628,4.564967487864577,750
event_bars,2025-01-07 00:00:00+00:00,320,44,8,0.042115432476200365,0.1375,0.025,0.0014355159701151675,0.001387203051846714,-5.285186593628934,6.647593520408386,336
event_bars,2025-01-08 00:00:00+00:00,332,18,6,0.03507293651348939,0.05421686746987952,0.018072289156626505,0.0005872565332289321,0.0010404022888850356,-1.9862657863911302,4.999612910800357,633
event_bars,2025-01-09 00:00:00+00:00,335,20,5,0.03265180154551378,0.05970149253731343,0.014925373134328358,0.0006525072591432579,0.0008670019074041963,-2.6751822895870174,4.617306526596003,740
event_bars,2025-01-10 00:00:00+00:00,337,21,2,0.031046562921377998,0.06231454005934718,0.005934718100890208,0.0006851326221004208,0.0003468007629616785,2.318174771954724,3.9448685037291162,934
event_bars,2025-01-11 00:00:00+00:00,114,0,0,0.024861965291391258,0.0,0.0,0.0,0.0,-0.11953196894953803,1.256332401128415,1967
event_bars,2025-01-12 00:00:00+00:00,124,1,1,0.07059399386347333,0.008064516129032258,0.008064516129032258,3.26253629571629e-05,0.00017340038148083925,-0.06611577482841918,1.88567397651929,1788
event_bars,2025-01-13 00:00:00+00:00,438,53,11,0.04070340313052565,0.12100456621004566,0.02511415525114155,0.0017291442367296337,0.0019074041962892317,-0.015450945395761789,7.605229219324581,241
event_bars,2025-01-14 00:00:00+00:00,284,9,0,0.026715514287091766,0.03169014084507042,0.0,0.00029362826661446606,0.0,2.125207536167075,3.1814340598254747,1254
event_bars,2025-01-15 00:00:00+00:00,296,26,4,0.036146362255614205,0.08783783783783784,0.013513513513513514,0.0008482594368862354,0.000693601525923357,4.006223775097382,4.27107604496266,832
event_bars,2025-01-16 00:00:00+00:00,271,17,1,0.03837280779181599,0.06273062730627306,0.0036900369003690036,0.0005546311702717693,0.00017340038148083925,-0.5215648353617226,3.5901053322262184,1080
event_bars,2025-01-17 00:00:00+00:00,333,29,6,0.03089199358892346,0.08708708708708708,0.018018018018018018,0.0009461355257577241,0.0010404022888850356,4.02554795430032,5.720957378039173,473
event_bars,2025-01-18 00:00:00+00:00,238,9,0,0.04041989007052269,0.037815126050420166,0.0,0.00029362826661446606,0.0,0.4619149601246301,2.6248955821889153,1476
event_bars,2025-01-19 00:00:00+00:00,360,51,4,0.04851108210734007,0.14166666666666666,0.011111111111111112,0.0016638935108153079,0.000693601525923357,-3.1219651260912515,6.651322674893589,334
event_bars,2025-01-20 00:00:00+00:00,705,36,0,0.02857847798431158,0.05106382978723404,0.0,0.0011745130664578642,0.0,0.9197393767959398,10.031267142711632,109
event_bars,2025-01-21 00:00:00+00:00,420,11,0,0.019760126514406142,0.02619047619047619,0.0,0.0003588789925287919,0.0,3.712039902491578,6.89425191605236,309
event_bars,2025-01-22 00:00:00+00:00,250,4,0,0.031716524007554404,0.016,0.0,0.0001305014518286516,0.0,-2.3374907990100033,3.0330337696792147,1308
event_bars,2025-01-23 00:00:00+00:00,507,74,9,0.04068635654215841,0.14595660749506903,0.01775147928994083,0.0024142768588300543,0.0015606034333275533,0.19197322897251906,5.412681359948141,538
event_bars,2025-01-24 00:00:00+00:00,258,2,0,0.023362348595143478,0.007751937984496124,0.0,6.52507259143258e-05,0.0,0.9048707918601337,4.192617627265753,858
event_bars,2025-01-25 00:00:00+00:00,126,0,0,0.03163626019813373,0.0,0.0,0.0,0.0,-0.10118849605703474,1.1791916788010892,1988
event_bars,2025-01-26 00:00:00+00:00,87,7,3,0.07252657519765943,0.08045977011494253,0.034482758620689655,0.0002283775407001403,0.0005202011444425178,-2.066925167991297,2.9303765659842154,1349
event_bars,2025-01-27 00:00:00+00:00,476,52,10,0.04070489229347083,0.1092436974789916,0.02100840336134454,0.0016965188737724708,0.0017340038148083927,-0.5266378159275292,5.513189418590339,519
event_bars,2025-01-28 00:00:00+00:00,263,8,1,0.03497960561112136,0.030418250950570342,0.0038022813688212928,0.0002610029036573032,0.00017340038148083925,-0.7296606072094985,3.4919639523581534,1119
event_bars,2025-01-29 00:00:00+00:00,255,28,3,0.03715586245760805,0.10980392156862745,0.011764705882352941,0.0009135101628005612,0.0005202011444425178,2.359876101588558,3.383703539797176,1162
event_bars,2025-01-30 00:00:00+00:00,206,7,2,0.030852199631265946,0.03398058252427184,0.009708737864077669,0.0002283775407001403,0.0003468007629616785,0.9394670176838312,3.076916336690782,1292
event_bars,2025-01-31 00:00:00+00:00,240,15,4,0.04641531506401305,0.0625,0.016666666666666666,0.0004893804443574435,0.000693601525923357,-2.2190012396209586,4.329162961043394,811
event_bars,2025-02-01 00:00:00+00:00,153,0,0,0.04647071625924611,0.0,0.0,0.0,0.0,-1.7501385207353781,2.4834005893845332,1544
event_bars,2025-02-02 00:00:00+00:00,345,21,7,0.04907091885493887,0.06086956521739131,0.020289855072463767,0.0006851326221004208,0.0012138026703658747,-2.9649906511090025,5.467299126978543,527
event_bars,2025-02-03 00:00:00+00:00,635,31,4,0.024173367539970847,0.048818897637795275,0.006299212598425197,0.00101138625167205,0.000693601525923357,3.6486082007759197,11.714308762071486,70
event_bars,2025-02-04 00:00:00+00:00,373,16,0,0.028565464449719396,0.04289544235924933,0.0,0.0005220058073146064,0.0,-3.6020346062557023,5.692604784633393,481
event_bars,2025-02-05 00:00:00+00:00,238,1,0,0.027646686517322126,0.004201680672268907,0.0,3.26253629571629e-05,0.0,-1.190975618197021,3.0920819796472108,1285
event_bars,2025-02-06 00:00:00+00:00,250,4,0,0.03572747550582419,0.016,0.0,0.0001305014518286516,0.0,-0.03946789866028577,3.574477964282389,1084
event_bars,2025-02-07 00:00:00+00:00,298,33,3,0.036857817251673114,0.11073825503355705,0.010067114093959731,0.0010766369775863757,0.0005202011444425178,-0.06270421178713476,4.659155683209302,727
event_bars,2025-02-08 00:00:00+00:00,121,0,0,0.030575621856277727,0.0,0.0,0.0,0.0,-0.04417565806463895,1.2990569795649363,1953
event_bars,2025-02-09 00:00:00+00:00,152,5,2,0.06296032239292543,0.03289473684210526,0.013157894736842105,0.00016312681478581448,0.0003468007629616785,0.0120309735484393,2.7629526597416727,1425
event_bars,2025-02-10 00:00:00+00:00,199,8,1,0.03776466707387949,0.04020100502512563,0.005025125628140704,0.0002610029036573032,0.00017340038148083925,0.9861650548913031,3.2327836695743635,1230
event_bars,2025-02-11 00:00:00+00:00,206,3,0,0.0419093676510319,0.014563106796116505,0.0,9.78760888714887e-05,0.0,-1.7066282165575195,3.7955579420967793,995
event_bars,2025-02-12 00:00:00+00:00,266,22,4,0.04102125380732968,0.08270676691729323,0.015037593984962405,0.0007177579850575838,0.000693601525923357,2.1544876504126926,4.2558329010307645,838
event_bars,2025-02-13 00:00:00+00:00,207,0,0,0.030015972909424034,0.0,0.0,0.0,0.0,-1.2920439297014754,2.9955571332328557,1323
event_bars,2025-02-14 00:00:00+00:00,194,13,4,0.04594585513817514,0.06701030927835051,0.020618556701030927,0.0004241297184431177,0.000693601525923357,0.9118351970302148,2.6328253844286564,1473
event_bars,2025-02-15 00:00:00+00:00,81,0,0,0.02614777583887115,0.0,0.0,0.0,0.0,0.09518769515213764,0.7905276747191813,2041
event_bars,2025-02-17 00:00:00+00:00,146,3,2,0.05580586034972304,0.02054794520547945,0.0136986301369863,9.78760888714887e-05,0.0003468007629616785,-0.33762574418466706,1.9250078948210612,1769
event_bars,2025-02-18 00:00:00+00:00,233,10,4,0.04741159289816105,0.04291845493562232,0.017167381974248927,0.00032625362957162897,0.000693601525923357,-0.1265643695380005,3.594746483114281,1077
event_bars,2025-02-19 00:00:00+00:00,173,2,0,0.03683687006516689,0.011560693641618497,0.0,6.52507259143258e-05,0.0,1.0155117964843892,1.9451218600384255,1757
event_bars,2025-02-20 00:00:00+00:00,179,3,1,0.040468439609384343,0.01675977653631285,0.00558659217877095,9.78760888714887e-05,0.00017340038148083925,1.6987765001467123,2.3547438492224475,1591
event_bars,2025-02-21 00:00:00+00:00,286,33,8,0.04620288722711914,0.11538461538461539,0.027972027972027972,0.0010766369775863757,0.001387203051846714,-2.1864152649578505,4.737893190714466,702
event_bars,2025-02-22 00:00:00+00:00,102,0,0,0.02437166335750867,0.0,0.0,0.0,0.0,0.38934471158049877,1.334910753896251,1943
event_bars,2025-02-24 00:00:00+00:00,272,34,11,0.05168540676678285,0.125,0.04044117647058824,0.0011092623405435386,0.0019074041962892317,-5.012317790170509,5.508129158153951,521
event_bars,2025-02-25 00:00:00+00:00,574,43,8,0.03221988170626825,0.07491289198606271,0.013937282229965157,0.0014028906071580046,0.001387203051846714,-3.1924360153970954,7.262416709222441,270
event_bars,2025-02-26 00:00:00+00:00,452,30,3,0.03129089527461724,0.06637168141592921,0.00663716814159292,0.000978760888714887,0.0005202011444425178,-5.127720324589894,8.332969934337072,185
event_bars,2025-02-27 00:00:00+00:00,332,3,1,0.02721817403950674,0.009036144578313253,0.0030120481927710845,9.78760888714887e-05,0.00017340038148083925,0.5441853541193715,5.184596199020337,597
event_bars,2025-02-28 00:00:00+00:00,640,43,4,0.025995444404692102,0.0671875,0.00625,0.0014028906071580046,0.000693601525923357,-0.4362968384588086,8.437267523691695,178
event_bars,2025-03-01 00:00:00+00:00,220,4,0,0.02535696984665644,0.01818181818181818,0.0,0.0001305014518286516,0.0,2.0059707091149344,3.2152767767439907,1240
event_bars,2025-03-02 00:00:00+00:00,434,97,17,0.047389416424728575,0.22350230414746544,0.03917050691244239,0.003164660206844801,0.0029478064851742674,9.122536338313413,11.074387033091503,80
event_bars,2025-03-03 00:00:00+00:00,549,25,0,0.027984023023801107,0.04553734061930783,0.0,0.0008156340739290725,0.0,-8.90682126537584,10.426687900964284,96
event_bars,2025-03-04 00:00:00+00:00,571,13,0,0.02484278030593094,0.02276707530647986,0.0,0.0004241297184431177,0.0,1.2138120143683333,9.09455409799745,141
event_bars,2025-03-05 00:00:00+00:00,391,16,0,0.024908169190775084,0.04092071611253197,0.0,0.0005220058073146064,0.0,3.7349402269229746,5.270551145541753,584
event_bars,2025-03-06 00:00:00+00:00,408,22,1,0.034291533808225944,0.05392156862745098,0.0024509803921568627,0.0007177579850575838,0.00017340038148083925,-0.751774491536636,5.528103844245752,514
event_bars,2025-03-07 00:00:00+00:00,547,36,2,0.028444377142568672,0.06581352833638025,0.003656307129798903,0.0011745130664578642,0.0003468007629616785,-3.5489116523482225,7.575310585197456,247
event_bars,2025-03-08 00:00:00+00:00,156,2,0,0.0231823309757916,0.01282051282051282,0.0,6.52507259143258e-05,0.0,-0.6581554186030182,2.056653171147632,1706
event_bars,2025-03-09 00:00:00+00:00,303,35,8,0.043558711846789236,0.11551155115511551,0.026402640264026403,0.0011418877035007016,0.001387203051846714,-6.589288769763926,7.86106838176653,226
event_bars,2025-03-10 00:00:00+00:00,547,36,1,0.029428138607006826,0.06581352833638025,0.0018281535648994515,0.0011745130664578642,0.00017340038148083925,-2.667129506516774,8.207446550983711,193
event_bars,2025-03-11 00:00:00+00:00,479,16,0,0.02420557871048688,0.033402922755741124,0.0,0.0005220058073146064,0.0,5.362486378582387,8.796877294595722,151
event_bars,2025-03-12 00:00:00+00:00,364,12,2,0.024509079871076464,0.03296703296703297,0.005494505494505495,0.0003915043554859548,0.0003468007629616785,0.8943433654317896,4.736581182476254,703
event_bars,2025-03-13 00:00:00+00:00,303,14,1,0.031058918804032047,0.0462046204620462,0.0033003300330033004,0.0004567550814002806,0.00017340038148083925,-3.102732347267986,5.364767941594274,558
event_bars,2025-03-14 00:00:00+00:00,281,19,0,0.03453310787986346,0.06761565836298933,0.0,0.000619881896186095,0.0,3.459572172737821,5.419466742542514,536
event_bars,2025-03-15 00:00:00+00:00,115,0,0,0.02597250886616989,0.0,0.0,0.0,0.0,0.43151987875056763,1.2610942475692808,1965
event_bars,2025-03-16 00:00:00+00:00,219,22,12,0.06744511807853143,0.1004566210045662,0.0547945205479452,0.0007177579850575838,0.0020808045777700713,-2.1115042885826165,3.843845952421136,977
event_bars,2025-03-17 00:00:00+00:00,234,5,2,0.034419297301348635,0.021367521367521368,0.008547008547008548,0.00016312681478581448,0.0003468007629616785,1.707262593580974,2.804425995474765,1405
event_bars,2025-03-18 00:00:00+00:00,237,9,0,0.031102057696096495,0.0379746835443038,0.0,0.00029362826661446606,0.0,-1.556662298003552,3.472688530649331,1129
event_bars,2025-03-19 00:00:00+00:00,287,31,9,0.04314224525151712,0.10801393728222997,0.0313588850174216,0.00101138625167205,0.0015606034333275533,4.890870619937342,5.297305823500902,579
event_bars,2025-03-20 00:00:00+00:00,263,13,2,0.03162844295847051,0.049429657794676805,0.0076045627376425855,0.0004241297184431177,0.0003468007629616785,-3.071939058852019,4.543260707793829,756
event_bars,2025-03-21 00:00:00+00:00,173,3,1,0.04351231203603631,0.017341040462427744,0.005780346820809248,9.78760888714887e-05,0.00017340038148083925,-0.1582323015789429,2.014649919808782,1729
event_bars,2025-03-22 00:00:00+00:00,53,0,0,0.03417227932945032,0.0,0.0,0.0,0.0,-0.2923950819957012,1.0940123450768733,2003
event_bars,2025-03-23 00:00:00+00:00,39,1,1,0.06837505393439065,0.02564102564102564,0.02564102564102564,3.26253629571629e-05,0.00017340038148083925,2.636963938073815,2.7666107293998667,1422
event_bars,2025-03-24 00:00:00+00:00,258,13,1,0.046062403175844244,0.050387596899224806,0.003875968992248062,0.0004241297184431177,0.00017340038148083925,1.6360464624449063,3.758342075272224,1008
event_bars,2025-03-25 00:00:00+00:00,204,5,2,0.04587421780462194,0.024509803921568627,0.00980392156862745,0.00016312681478581448,0.0003468007629616785,-0.10707349512848478,2.563656079418669,1505
event_bars,2025-03-26 00:00:00+00:00,197,9,5,0.04275900857510895,0.04568527918781726,0.025380710659898477,0.00029362826661446606,0.0008670019074041963,-0.5694338911803426,2.819359966442906,1402
event_bars,2025-03-27 00:00:00+00:00,183,9,1,0.03857533192634578,0.04918032786885246,0.00546448087431694,0.00029362826661446606,0.00017340038148083925,0.3645766456944194,2.3038617228820524,1609
event_bars,2025-03-28 00:00:00+00:00,246,10,2,0.03633406557245921,0.04065040650406504,0.008130081300813009,0.00032625362957162897,0.0003468007629616785,-3.276352082033641,4.606967690169491,742
event_bars,2025-03-29 00:00:00+00:00,171,6,2,0.04042347280018296,0.03508771929824561,0.011695906432748537,0.0001957521777429774,0.0003468007629616785,-2.1273307936358594,3.5970992994201847,1075
event_bars,2025-03-30 00:00:00+00:00,143,2,1,0.05762524172212788,0.013986013986013986,0.006993006993006993,6.52507259143258e-05,0.00017340038148083925,-0.3055332958726588,2.4106666192520496,1576
event_bars,2025-03-31 00:00:00+00:00,247,13,4,0.042609756393331574,0.05263157894736842,0.016194331983805668,0.0004241297184431177,0.000693601525923357,0.19870062678362632,3.23894061936774,1226
event_bars,2025-04-01 00:00:00+00:00,229,16,1,0.033579333175977104,0.06986899563318777,0.004366812227074236,0.0005220058073146064,0.00017340038148083925,3.106220678747468,3.8249965200189417,984
event_bars,2025-04-02 00:00:00+00:00,384,45,9,0.03990651862994742,0.1171875,0.0234375,0.0014681413330723304,0.0015606034333275533,-3.1456102675835567,7.263144433085972,269
event_bars,2025-04-03 00:00:00+00:00,278,7,0,0.025942936036723523,0.025179856115107913,0.0,0.0002283775407001403,0.0,0.8407296364432165,3.2924056499703895,1209
event_bars,2025-04-04 00:00:00+00:00,374,31,1,0.03435669098686782,0.08288770053475936,0.00267379679144385,0.00101138625167205,0.00017340038148083925,0.808397708747614,3.6821973277523568,1034
event_bars,2025-04-05 00:00:00+00:00,127,1,0,0.03437596760890458,0.007874015748031496,0.0,3.26253629571629e-05,0.0,-0.4245753013363243,2.2941569242406747,1612
event_bars,2025-04-06 00:00:00+00:00,317,56,14,0.05340495272438422,0.17665615141955837,0.04416403785488959,0.0018270203256011224,0.0024276053407317495,-6.322331488008899,8.307369365923439,186
event_bars,2025-04-07 00:00:00+00:00,679,27,0,0.02838635949095018,0.039764359351988215,0.0,0.0008808847998433983,0.0,0.9520792084543492,8.669346962336695,162
event_bars,2025-04-08 00:00:00+00:00,363,12,0,0.024521184015006057,0.03305785123966942,0.0,0.0003915043554859548,0.0,-3.6574284564134323,5.90113888333716,441
event_bars,2025-04-09 00:00:00+00:00,555,33,2,0.02657049319083043,0.05945945945945946,0.0036036036036036037,0.0010766369775863757,0.0003468007629616785,7.921766589556074,11.36516389204805,74
event_bars,2025-04-10 00:00:00+00:00,353,13,0,0.022502885414679173,0.036827195467422094,0.0,0.0004241297184431177,0.0,-3.734921288358434,5.327504448117652,569
event_bars,2025-04-11 00:00:00+00:00,337,17,2,0.028224781730532687,0.050445103857566766,0.005934718100890208,0.0005546311702717693,0.0003468007629616785,4.687285894467983,6.575080171847042,348
event_bars,2025-04-12 00:00:00+00:00,212,10,2,0.03624644800889444,0.04716981132075472,0.009433962264150943,0.00032625362957162897,0.0003468007629616785,2.2056913755821186,3.7103358082715325,1026
event_bars,2025-04-13 00:00:00+00:00,252,8,1,0.047423192599008984,0.031746031746031744,0.003968253968253968,0.0002610029036573032,0.00017340038148083925,-1.8043526695768821,3.6771218519866413,1038
event_bars,2025-04-14 00:00:00+00:00,263,13,3,0.0364796700823836,0.049429657794676805,0.011406844106463879,0.0004241297184431177,0.0005202011444425178,0.9985362376042561,2.5081324360127226,1527
event_bars,2025-04-15 00:00:00+00:00,238,14,6,0.0308822512217472,0.058823529411764705,0.025210084033613446,0.0004567550814002806,0.0010404022888850356,-1.1241619171419637,3.392030050263352,1160
event_bars,2025-04-16 00:00:00+00:00,256,23,1,0.04448278890441831,0.08984375,0.00390625,0.0007503833480147467,0.00017340038148083925,0.45513585243219334,2.883015855152478,1372
event_bars,2025-04-17 00:00:00+00:00,184,2,1,0.035444902223235555,0.010869565217391304,0.005434782608695652,6.52507259143258e-05,0.00017340038148083925,1.095182140197524,2.0592953742122386,1705
event_bars,2025-04-18 00:00:00+00:00,79,0,0,0.03196690103798963,0.0,0.0,0.0,0.0,-0.5833392689374494,0.9919779028458044,2023
event_bars,2025-04-19 00:00:00+00:00,39,0,0,0.07142283737010965,0.0,0.0,0.0,0.0,0.7386683211595528,1.5099405737122895,1907
event_bars,2025-04-20 00:00:00+00:00,125,0,0,0.060171546040020084,0.0,0.0,0.0,0.0,0.10799968379556395,1.6356559937070383,1871
event_bars,2025-04-21 00:00:00+00:00,300,29,11,0.04253539013638626,0.09666666666666666,0.03666666666666667,0.0009461355257577241,0.0019074041962892317,2.6966106001654704,3.8250795226347387,983
event_bars,2025-04-22 00:00:00+00:00,357,41,9,0.03616193918920996,0.11484593837535013,0.025210084033613446,0.0013376398812436788,0.0015606034333275533,6.569365996389578,7.870034396125311,223
event_bars,2025-04-23 00:00:00+00:00,287,18,2,0.028886584291288243,0.0627177700348432,0.006968641114982578,0.0005872565332289321,0.0003468007629616785,0.2429467022571932,3.218974910371461,1238
event_bars,2025-04-24 00:00:00+00:00,203,1,0,0.040376523312289865,0.0049261083743842365,0.0,3.26253629571629e-05,0.0,0.31925164055577493,2.544970423980885,1511
event_bars,2025-04-25 00:00:00+00:00,255,19,6,0.040390944467568635,0.07450980392156863,0.023529411764705882,0.000619881896186095,0.0010404022888850356,0.7004998321954221,3.1627985765502067,1259
event_bars,2025-04-26 00:00:00+00:00,114,0,0,0.02478766213517304,0.0,0.0,0.0,0.0,-0.0170219514862508,1.401260347343665,1932
event_bars,2025-04-27 00:00:00+00:00,120,0,0,0.06026837644570192,0.0,0.0,0.0,0.0,-0.9333333099370655,1.8357981992048165,1808
event_bars,2025-04-28 00:00:00+00:00,221,9,0,0.04985994099765178,0.04072398190045249,0.0,0.00029362826661446606,0.0,1.3484350902439493,3.058256557157973,1296
event_bars,2025-04-29 00:00:00+00:00,176,2,0,0.049024045327522824,0.011363636363636364,0.0,6.52507259143258e-05,0.0,-0.8129279405605582,1.848442756643312,1803
event_bars,2025-04-30 00:00:00+00:00,187,15,2,0.035318892632648424,0.08021390374331551,0.0106951871657754,0.0004893804443574435,0.0003468007629616785,-0.07964946163872656,2.4873300542311205,1541
event_bars,2025-05-01 00:00:00+00:00,219,17,4,0.03852498906287264,0.0776255707762557,0.0182648401826484,0.0005546311702717693,0.000693601525923357,2.4122062704475686,3.4486302171946996,1138
event_bars,2025-05-02 00:00:00+00:00,174,9,7,0.041584411858653685,0.05172413793103448,0.040229885057471264,0.00029362826661446606,0.0012138026703658747,0.4222419838099471,1.6300255056122732,1872
event_bars,2025-05-03 00:00:00+00:00,110,0,0,0.035038945701045876,0.0,0.0,0.0,0.0,-1.0672125252472817,1.2135057861456495,1978
event_bars,2025-05-04 00:00:00+00:00,120,4,3,0.06517483037106828,0.03333333333333333,0.025,0.0001305014518286516,0.0005202011444425178,-1.6556406464912359,2.2589111745671584,1624
event_bars,2025-05-05 00:00:00+00:00,179,2,1,0.047325232555403496,0.0111731843575419,0.00558659217877095,6.52507259143258e-05,0.00017340038148083925,0.49384280172477624,1.8239179875780487,1817
event_bars,2025-05-06 00:00:00+00:00,185,10,7,0.050365808621247676,0.05405405405405406,0.03783783783783784,0.00032625362957162897,0.0012138026703658747,2.1956477881634977,3.735848315168888,1011
event_bars,2025-05-07 00:00:00+00:00,209,6,0,0.035425101497296635,0.028708133971291867,0.0,0.0001957521777429774,0.0,0.19557531417452317,2.0489966837577693,1709
event_bars,2025-05-08 00:00:00+00:00,348,33,10,0.035313534685424454,0.09482758620689655,0.028735632183908046,0.0010766369775863757,0.0017340038148083927,6.234971908249273,7.434982110227327,257
event_bars,2025-05-09 00:00:00+00:00,234,8,0,0.027317008437404332,0.03418803418803419,0.0,0.0002610029036573032,0.0,-0.2775382668821697,2.0648030681560834,1703
event_bars,2025-05-10 00:00:00+00:00,157,8,5,0.04258126937702003,0.050955414012738856,0.03184713375796178,0.0002610029036573032,0.0008670019074041963,1.7782144538832514,2.133160365378053,1672
event_bars,2025-05-11 00:00:00+00:00,188,0,0,0.043884622393384295,0.0,0.0,0.0,0.0,-0.683907068446168,1.6008348263495489,1885
event_bars,2025-05-12 00:00:00+00:00,294,32,10,0.04106834878529325,0.10884353741496598,0.034013605442176874,0.0010440116146292128,0.0017340038148083927,-1.28949816885823,5.021944480977067,627
event_bars,2025-05-13 00:00:00+00:00,213,4,1,0.03054902774780705,0.018779342723004695,0.004694835680751174,0.0001305014518286516,0.00017340038148083925,1.2984338306580359,3.440333240304098,1141
event_bars,2025-05-14 00:00:00+00:00,166,1,0,0.039037001015093255,0.006024096385542169,0.0,3.26253629571629e-05,0.0,-0.6012350185935852,1.7239555815304537,1845
event_bars,2025-05-15 00:00:00+00:00,225,4,1,0.04827790025406751,0.017777777777777778,0.0044444444444444444,0.0001305014518286516,0.00017340038148083925,0.24752320616599288,2.8156942832252376,1403
event_bars,2025-05-16 00:00:00+00:00,164,1,0,0.038873246879008935,0.006097560975609756,0.0,3.26253629571629e-05,0.0,-0.2916095814030512,1.4084963794076362,1930
event_bars,2025-05-17 00:00:00+00:00,137,0,0,0.04078395639450985,0.0,0.0,0.0,0.0,-0.32214382133740554,1.0828448829488186,2006
event_bars,2025-05-18 00:00:00+00:00,229,29,14,0.0645480660853132,0.12663755458515283,0.0611353711790393,0.0009461355257577241,0.0024276053407317495,3.1776467757148152,3.412736641521504,1152
event_bars,2025-05-19 00:00:00+00:00,298,12,3,0.031183118991443763,0.040268456375838924,0.010067114093959731,0.0003915043554859548,0.0005202011444425178,-0.8265629011640189,4.8543355505008465,670
event_bars,2025-05-20 00:00:00+00:00,271,11,4,0.04244180174860814,0.04059040590405904,0.014760147601476014,0.0003588789925287919,0.000693601525923357,1.1949376305670683,3.00607712994149,1321
event_bars,2025-05-21 00:00:00+00:00,426,43,3,0.0326105178217467,0.10093896713615023,0.007042253521126761,0.0014028906071580046,0.0005202011444425178,2.5966123063544506,4.420091841044034,790
event_bars,2025-05-22 00:00:00+00:00,318,6,0,0.028032616182976262,0.018867924528301886,0.0,0.0001957521777429774,0.0,1.8557758219059621,2.538296645193933,1516
event_bars,2025-05-23 00:00:00+00:00,325,40,3,0.0391401533174621,0.12307692307692308,0.009230769230769232,0.0013050145182865159,0.0005202011444425178,-4.011882066543207,4.62100744522275,738
event_bars,2025-05-24 00:00:00+00:00,196,6,1,0.03038649982799884,0.030612244897959183,0.00510204081632653,0.0001957521777429774,0.00017340038148083925,0.39754344224601906,2.4083332978416148,1577
event_bars,2025-05-25 00:00:00+00:00,199,11,4,0.049210727412688816,0.05527638190954774,0.020100502512562814,0.0003588789925287919,0.000693601525923357,1.1602914137545728,2.5843248101751226,1494
event_bars,2025-05-26 00:00:00+00:00,196,6,0,0.04661580957274988,0.030612244897959183,0.0,0.0001957521777429774,0.0,0.39460935650019074,1.6285883512249795,1874
event_bars,2025-05-27 00:00:00+00:00,251,30,14,0.03931164255174395,0.11952191235059761,0.055776892430278883,0.000978760888714887,0.0024276053407317495,-0.4558454741344033,2.9909902713824157,1326
event_bars,2025-05-28 00:00:00+00:00,195,8,4,0.03687418384820115,0.041025641025641026,0.020512820512820513,0.0002610029036573032,0.000693601525923357,-1.0766805623715485,2.341750659204352,1592
event_bars,2025-05-29 00:00:00+00:00,243,15,4,0.04418870232869163,0.06172839506172839,0.01646090534979424,0.0004893804443574435,0.000693601525923357,-2.047496537443918,3.558624555281499,1087
event_bars,2025-05-30 00:00:00+00:00,250,17,0,0.038302303065773716,0.068,0.0,0.0005546311702717693,0.0,-1.517906616499711,2.5842512174435877,1495
event_bars,2025-05-31 00:00:00+00:00,143,0,0,0.03152199747507865,0.0,0.0,0.0,0.0,0.5705678838978269,1.7578861392534173,1839
event_bars,2025-06-01 00:00:00+00:00,128,1,1,0.06275176772599686,0.0078125,0.0078125,3.26253629571629e-05,0.00017340038148083925,0.988644021422062,2.023190535110146,1724
event_bars,2025-06-02 00:00:00+00:00,185,2,1,0.045562501184469854,0.010810810810810811,0.005405405405405406,6.52507259143258e-05,0.00017340038148083925,0.21854561446506032,2.19521312929573,1648
event_bars,2025-06-03 00:00:00+00:00,188,4,2,0.03512184556077135,0.02127659574468085,0.010638297872340425,0.0001305014518286516,0.0003468007629616785,-0.4587387777617407,1.845632722181054,1804
event_bars,2025-06-04 00:00:00+00:00,159,4,0,0.034650008331979,0.025157232704402517,0.0,0.0001305014518286516,0.0,-0.65561388493316,1.7665251028977016,1836
event_bars,2025-06-05 00:00:00+00:00,280,36,17,0.05342874236121354,0.12857142857142856,0.060714285714285714,0.0011745130664578642,0.0029478064851742674,-3.089225589375499,5.4073780184820555,541
event_bars,2025-06-06 00:00:00+00:00,220,6,1,0.02764671019329482,0.02727272727272727,0.004545454545454545,0.0001957521777429774,0.00017340038148083925,2.7014545446840366,4.149778297075155,872
event_bars,2025-06-07 00:00:00+00:00,122,1,0,0.04747664027384375,0.00819672131147541,0.0,3.26253629571629e-05,0.0,1.208514829597177,1.9823387195188293,1743
event_bars,2025-06-08 00:00:00+00:00,115,1,1,0.054967699209906344,0.008695652173913044,0.008695652173913044,3.26253629571629e-05,0.00017340038148083925,0.1600500379535222,1.4712909080659387,1915
event_bars,2025-06-09 00:00:00+00:00,246,20,11,0.05545146778203699,0.08130081300813008,0.044715447154471545,0.0006525072591432579,0.0019074041962892317,4.216749990245295,5.003572508736108,631
event_bars,2025-06-10 00:00:00+00:00,209,3,0,0.03677064878765061,0.014354066985645933,0.0,9.78760888714887e-05,0.0,0.006713132431762884,1.907405304312446,1778
event_bars,2025-06-11 00:00:00+00:00,178,4,1,0.04113814148058204,0.02247191011235955,0.0056179775280898875,0.0001305014518286516,0.00017340038148083925,-1.4946671754128276,2.1514794529142565,1662
event_bars,2025-06-12 00:00:00+00:00,225,6,3,0.04026520656753557,0.02666666666666667,0.013333333333333334,0.0001957521777429774,0.0005202011444425178,-2.792399896269997,2.96694883410278,1335
event_bars,2025-06-13 00:00:00+00:00,298,25,5,0.036675790116527676,0.08389261744966443,0.016778523489932886,0.0008156340739290725,0.0008670019074041963,0.3949225660236787,3.379496534704603,1168
event_bars,2025-06-14 00:00:00+00:00,116,0,0,0.04633351054479574,0.0,0.0,0.0,0.0,-0.6314499814527647,1.8519628723905914,1800
event_bars,2025-06-15 00:00:00+00:00,122,0,0,0.05957250175741137,0.0,0.0,0.0,0.0,0.16577020540028942,1.61476729678613,1883
event_bars,2025-06-16 00:00:00+00:00,217,11,7,0.047543528501483,0.05069124423963134,0.03225806451612903,0.0003588789925287919,0.0012138026703658747,1.1450780086738,3.7231874940241863,1020
event_bars,2025-06-17 00:00:00+00:00,259,9,3,0.04133536519468123,0.03474903474903475,0.011583011583011582,0.00029362826661446606,0.0005202011444425178,-2.1226965377842255,4.196658607916931,857
event_bars,2025-06-18 00:00:00+00:00,210,3,2,0.04721233953071425,0.014285714285714285,0.009523809523809525,9.78760888714887e-05,0.0003468007629616785,0.3103076520459986,1.9853604898833195,1741
event_bars,2025-06-19 00:00:00+00:00,122,0,0,0.04299657947428445,0.0,0.0,0.0,0.0,-0.21552730627592906,1.258435404392653,1966
event_bars,2025-06-20 00:00:00+00:00,238,30,11,0.04738398508903885,0.12605042016806722,0.046218487394957986,0.000978760888714887,0.0019074041962892317,-1.3095968225650898,4.054277196838555,900
event_bars,2025-06-21 00:00:00+00:00,165,14,9,0.06338421078082247,0.08484848484848485,0.05454545454545454,0.0004567550814002806,0.0015606034333275533,-1.1360598383741254,3.078142992035412,1290
event_bars,2025-06-22 00:00:00+00:00,328,45,6,0.03863141450532034,0.13719512195121952,0.018292682926829267,0.0014681413330723304,0.0010404022888850356,-1.1578353299156214,5.209885759510533,594
event_bars,2025-06-23 00:00:00+00:00,325,33,4,0.03756762741922085,0.10153846153846154,0.012307692307692308,0.0010766369775863757,0.000693601525923357,4.255048860468593,6.327475927929722,379
event_bars,2025-06-24 00:00:00+00:00,186,1,0,0.03263371328293704,0.005376344086021506,0.0,3.26253629571629e-05,0.0,0.7040339804067988,1.5825977799888054,1889
event_bars,2025-06-25 00:00:00+00:00,212,14,3,0.038494938355972994,0.0660377358490566,0.014150943396226415,0.0004567550814002806,0.0005202011444425178,1.1673953767671232,2.1886174263589977,1651
event_bars,2025-06-26 00:00:00+00:00,163,4,2,0.04629375325350429,0.024539877300613498,0.012269938650306749,0.0001305014518286516,0.0003468007629616785,-0.34212041373891083,1.6297457945163876,1873
event_bars,2025-06-27 00:00:00+00:00,152,1,0,0.049031220403899956,0.006578947368421052,0.0,3.26253629571629e-05,0.0,0.09059271530579813,1.283107111873693,1962
event_bars,2025-06-28 00:00:00+00:00,55,0,0,0.038526462074592614,0.0,0.0,0.0,0.0,0.21507432272463664,0.719538346232955,2047
event_bars,2025-06-29 00:00:00+00:00,70,0,0,0.07744370266607134,0.0,0.0,0.0,0.0,0.9917933570934367,1.2860338755525202,1961
event_bars,2025-06-30 00:00:00+00:00,157,5,2,0.05447638700264009,0.03184713375796178,0.012738853503184714,0.00016312681478581448,0.0003468007629616785,-1.1350315820454546,1.9469655515577178,1756
event_bars,2025-07-01 00:00:00+00:00,161,9,6,0.05583570507271858,0.055900621118012424,0.037267080745341616,0.00029362826661446606,0.0010404022888850356,-1.362718125923894,2.1792029950623504,1654
event_bars,2025-07-02 00:00:00+00:00,225,12,6,0.03595806723481238,0.05333333333333334,0.02666666666666667,0.0003915043554859548,0.0010404022888850356,2.949412602427263,4.360626833922407,800
event_bars,2025-07-03 00:00:00+00:00,195,12,2,0.0430587109448962,0.06153846153846154,0.010256410256410256,0.0003915043554859548,0.0003468007629616785,0.6825915050390685,1.8299358943467976,1813
event_bars,2025-07-04 00:00:00+00:00,161,9,4,0.0409361467625776,0.055900621118012424,0.024844720496894408,0.00029362826661446606,0.000693601525923357,-1.4803436592523989,2.334751468584321,1595
event_bars,2025-07-05 00:00:00+00:00,51,0,0,0.05246421642837149,0.0,0.0,0.0,0.0,0.20186161891823526,0.6292822090124703,2054
event_bars,2025-07-06 00:00:00+00:00,16,0,0,0.07405631903706078,0.0,0.0,0.0,0.0,0.913401337573249,1.7857412061247104,1832
event_bars,2025-07-07 00:00:00+00:00,142,1,0,0.04768550326481361,0.007042253521126761,0.0,3.26253629571629e-05,0.0,-0.8667192973397192,2.0369775701498827,1720
event_bars,2025-07-08 00:00:00+00:00,134,1,0,0.04936895547998714,0.007462686567164179,0.0,3.26253629571629e-05,0.0,0.6165573689791283,1.6437714278847189,1869
event_bars,2025-07-09 00:00:00+00:00,207,23,8,0.048930714680388995,0.1111111111111111,0.03864734299516908,0.0007503833480147467,0.001387203051846714,2.114558022051247,3.41669553646513,1147
event_bars,2025-07-10 00:00:00+00:00,280,31,8,0.043747249329767875,0.11071428571428571,0.02857142857142857,0.00101138625167205,0.001387203051846714,4.208228142980166,6.2036575601005515,399
event_bars,2025-07-11 00:00:00+00:00,275,12,0,0.026540481429164726,0.04363636363636364,0.0,0.0003915043554859548,0.0,1.302746890069856,3.1583843647053507,1260
event_bars,2025-07-12 00:00:00+00:00,114,0,0,0.037402081803870176,0.0,0.0,0.0,0.0,-0.09425717407806339,1.1185480090122797,1999
event_bars,2025-07-13 00:00:00+00:00,151,8,6,0.06822770235527656,0.052980132450331126,0.039735099337748346,0.0002610029036573032,0.0010404022888850356,1.3948676359363337,2.103537879911295,1687
event_bars,2025-07-14 00:00:00+00:00,301,26,14,0.038795878284201536,0.08637873754152824,0.046511627906976744,0.0008482594368862354,0.0024276053407317495,0.6516115677924117,3.6652205996855605,1044
event_bars,2025-07-15 00:00:00+00:00,319,18,0,0.034637454679576,0.05642633228840126,0.0,0.0005872565332289321,0.0,-1.7495342163243517,3.6008516790339673,1072
event_bars,2025-07-16 00:00:00+00:00,220,6,1,0.0377596142764331,0.02727272727272727,0.004545454545454545,0.0001957521777429774,0.00017340038148083925,0.7211155726222462,2.6004651121460625,1482
event_bars,2025-07-17 00:00:00+00:00,213,6,2,0.04555704009360574,0.028169014084507043,0.009389671361502348,0.0001957521777429774,0.0003468007629616785,0.4928357986114289,2.969370838647912,1334
event_bars,2025-07-18 00:00:00+00:00,220,3,1,0.036134451936596146,0.013636363636363636,0.004545454545454545,9.78760888714887e-05,0.00017340038148083925,-1.0799314818092594,3.4149803586407854,1148
event_bars,2025-07-19 00:00:00+00:00,104,0,0,0.03324442498647357,0.0,0.0,0.0,0.0,-0.06966160947167338,1.026814490848201,2017
event_bars,2025-07-20 00:00:00+00:00,85,5,2,0.06933134760370836,0.058823529411764705,0.023529411764705882,0.00016312681478581448,0.0003468007629616785,-0.5091269443799655,2.1142095000151095,1682
event_bars,2025-07-21 00:00:00+00:00,193,1,0,0.05220169287918674,0.0051813471502590676,0.0,3.26253629571629e-05,0.0,0.09729423060669978,2.7663490711456435,1423
event_bars,2025-07-22 00:00:00+00:00,235,15,4,0.035255073316924554,0.06382978723404255,0.01702127659574468,0.0004893804443574435,0.000693601525923357,2.244705937591271,3.7563733965638875,1009
event_bars,2025-07-23 00:00:00+00:00,177,2,0,0.045094610109321545,0.011299435028248588,0.0,6.52507259143258e-05,0.0,-1.0726214157529739,2.440342417794579,1568
event_bars,2025-07-24 00:00:00+00:00,180,2,1,0.03872398859124188,0.011111111111111112,0.005555555555555556,6.52507259143258e-05,0.00017340038148083925,-0.35365976449300396,2.046155419159748,1710
event_bars,2025-07-25 00:00:00+00:00,297,9,7,0.031487963954984696,0.030303030303030304,0.02356902356902357,0.00029362826661446606,0.0012138026703658747,-0.6041238572933592,3.212504256032599,1242
event_bars,2025-07-26 00:00:00+00:00,114,1,1,0.03336352582598289,0.008771929824561403,0.008771929824561403,3.26253629571629e-05,0.00017340038148083925,0.2597331255643764,1.0074243855510865,2020
event_bars,2025-07-27 00:00:00+00:00,100,2,1,0.06601846716123151,0.02,0.01,6.52507259143258e-05,0.00017340038148083925,1.292911310860953,1.654477669089709,1865
event_bars,2025-07-28 00:00:00+00:00,168,1,1,0.05214718143036853,0.005952380952380952,0.005952380952380952,3.26253629571629e-05,0.00017340038148083925,-1.164058862221527,2.0439160090927655,1712
event_bars,2025-07-29 00:00:00+00:00,173,2,2,0.050801190816716774,0.011560693641618497,0.011560693641618497,6.52507259143258e-05,0.0003468007629616785,-0.12248956237913028,1.9779484598303563,1747
event_bars,2025-07-30 00:00:00+00:00,175,14,7,0.042987522600450676,0.08,0.04,0.0004567550814002806,0.0012138026703658747,-0.10701491804308821,2.613348646408579,1479
event_bars,2025-07-31 00:00:00+00:00,182,1,1,0.03813711643719882,0.005494505494505495,0.005494505494505495,3.26253629571629e-05,0.00017340038148083925,-1.7765612336297347,3.0188745799765413,1317
event_bars,2025-08-01 00:00:00+00:00,298,18,7,0.04300311864157525,0.06040268456375839,0.02348993288590604,0.0005872565332289321,0.0012138026703658747,-2.1425450518813727,2.9215757639796833,1357
event_bars,2025-08-02 00:00:00+00:00,163,1,0,0.03897897900663113,0.006134969325153374,0.0,3.26253629571629e-05,0.0,-0.6520406386677517,1.8503471564559726,1802
event_bars,2025-08-03 00:00:00+00:00,120,1,0,0.03627620345913045,0.008333333333333333,0.0,3.26253629571629e-05,0.0,1.448894046613062,2.5422853874913076,1513
event_bars,2025-08-04 00:00:00+00:00,145,3,2,0.04626618882132656,0.020689655172413793,0.013793103448275862,9.78760888714887e-05,0.0003468007629616785,0.7429131758684016,1.4209357390113375,1928
event_bars,2025-08-05 00:00:00+00:00,171,9,4,0.04553616534731974,0.05263157894736842,0.023391812865497075,0.00029362826661446606,0.000693601525923357,-0.8141600651172207,2.188391863764176,1652
event_bars,2025-08-06 00:00:00+00:00,146,5,3,0.04496010954999639,0.03424657534246575,0.02054794520547945,0.00016312681478581448,0.0005202011444425178,0.7610164818237855,2.069873403167236,1700
event_bars,2025-08-07 00:00:00+00:00,173,7,6,0.04014124138063303,0.04046242774566474,0.03468208092485549,0.0002283775407001403,0.0010404022888850356,2.1337445758851667,2.906783586571825,1366
event_bars,2025-08-08 00:00:00+00:00,144,0,0,0.03906504578523483,0.0,0.0,0.0,0.0,-0.6765301830075525,1.4923054263882563,1909
event_bars,2025-08-09 00:00:00+00:00,121,1,0,0.05104052913768563,0.008264462809917356,0.0,3.26253629571629e-05,0.0,-0.17687173432481557,1.3686181006592768,1934
event_bars,2025-08-10 00:00:00+00:00,171,8,5,0.049743463433150836,0.04678362573099415,0.029239766081871343,0.0002610029036573032,0.0008670019074041963,2.40441934065888,2.442749980881118,1566
event_bars,2025-08-11 00:00:00+00:00,270,21,7,0.041641484745549795,0.07777777777777778,0.025925925925925925,0.0006851326221004208,0.0012138026703658747,-0.5156860689035154,3.659451986665484,1048
event_bars,2025-08-12 00:00:00+00:00,177,3,1,0.043271272665941315,0.01694915254237288,0.005649717514124294,9.78760888714887e-05,0.00017340038148083925,1.2057645408673374,1.7747817937988397,1835
event_bars,2025-08-13 00:00:00+00:00,238,20,7,0.04405176457964235,0.08403361344537816,0.029411764705882353,0.0006525072591432579,0.0012138026703658747,2.6648545257983174,4.030232303763135,904
event_bars,2025-08-14 00:00:00+00:00,310,19,4,0.03677705733689387,0.06129032258064516,0.012903225806451613,0.000619881896186095,0.000693601525923357,-4.207916430700755,6.246379165878315,394
event_bars,2025-08-15 00:00:00+00:00,188,4,3,0.035206423870136574,0.02127659574468085,0.015957446808510637,0.0001305014518286516,0.0005202011444425178,-0.8177646418750634,2.075097252409535,1699
event_bars,2025-08-16 00:00:00+00:00,71,0,0,0.04087107055801052,0.0,0.0,0.0,0.0,0.04322090424545757,0.653256591728064,2052
event_bars,2025-08-18 00:00:00+00:00,200,5,3,0.05731899976091509,0.025,0.015,0.00016312681478581448,0.0005202011444425178,-1.0022457175704067,2.494179384186757,1535
event_bars,2025-08-19 00:00:00+00:00,204,11,7,0.03730759823210874,0.05392156862745098,0.03431372549019608,0.0003588789925287919,0.0012138026703658747,-2.934084342388214,3.506812018136115,1109
event_bars,2025-08-20 00:00:00+00:00,190,2,1,0.04443482586403843,0.010526315789473684,0.005263157894736842,6.52507259143258e-05,0.00017340038148083925,1.2300822018421096,1.9987371468015154,1736
event_bars,2025-08-21 00:00:00+00:00,160,0,0,0.040086213099157275,0.0,0.0,0.0,0.0,-1.5513625560380626,2.499236912756989,1533
event_bars,2025-08-22 00:00:00+00:00,257,37,10,0.04145436143406741,0.14396887159533073,0.038910505836575876,0.0012071384294150272,0.0017340038148083927,3.868031726568708,5.041165876696639,624
event_bars,2025-08-23 00:00:00+00:00,126,0,0,0.030705385543003706,0.0,0.0,0.0,0.0,-1.3091588275350623,2.140921000988668,1668
event_bars,2025-08-24 00:00:00+00:00,185,22,12,0.06210069468674722,0.11891891891891893,0.06486486486486487,0.0007177579850575838,0.0020808045777700713,-1.687629696626154,4.561120305443624,753
event_bars,2025-08-25 00:00:00+00:00,271,17,5,0.03566440143468181,0.06273062730627306,0.01845018450184502,0.0005546311702717693,0.0008670019074041963,-3.0266700949536642,3.9508623155244873,931
event_bars,2025-08-26 00:00:00+00:00,217,5,2,0.03214762243504008,0.02304147465437788,0.009216589861751152,0.00016312681478581448,0.0003468007629616785,1.4842409061812967,3.4140715579466705,1151
event_bars,2025-08-27 00:00:00+00:00,176,6,3,0.046200964326493496,0.03409090909090909,0.017045454545454544,0.0001957521777429774,0.0005202011444425178,-0.4621710127381276,2.029544426922254,1722
event_bars,2025-08-28 00:00:00+00:00,159,0,0,0.03767782336744724,0.0,0.0,0.0,0.0,1.173359097279507,2.3351043158425586,1594
event_bars,2025-08-29 00:00:00+00:00,246,19,8,0.042924692276993616,0.07723577235772358,0.032520325203252036,0.000619881896186095,0.001387203051846714,-3.781383018827115,4.704838772367928,715
event_bars,2025-08-30 00:00:00+00:00,115,0,0,0.034098213151064344,0.0,0.0,0.0,0.0,0.39200327686304676,1.4791124235257218,1913
event_bars,2025-08-31 00:00:00+00:00,109,0,0,0.05267565904719163,0.0,0.0,0.0,0.0,-0.5066233071435661,1.3049887464339416,1952
event_bars,2025-09-01 00:00:00+00:00,205,2,1,0.04830990820595509,0.00975609756097561,0.004878048780487805,6.52507259143258e-05,0.00017340038148083925,0.9011253900468055,2.4538016750966904,1559
event_bars,2025-09-02 00:00:00+00:00,218,18,3,0.03689502320634428,0.08256880733944955,0.013761467889908258,0.0005872565332289321,0.0005202011444425178,1.8152211013742574,3.098372074865286,1282
event_bars,2025-09-03 00:00:00+00:00,155,4,2,0.04390736682041638,0.025806451612903226,0.012903225806451613,0.0001305014518286516,0.0003468007629616785,0.42351857826164807,1.8422414929946715,1806
event_bars,2025-09-04 00:00:00+00:00,168,4,4,0.046175071278511025,0.023809523809523808,0.023809523809523808,0.0001305014518286516,0.000693601525923357,-0.881811928061847,2.590590745921502,1488
event_bars,2025-09-05 00:00:00+00:00,229,20,5,0.03965052213383145,0.08733624454148471,0.021834061135371178,0.0006525072591432579,0.0008670019074041963,-0.05838376554942766,2.855705702037355,1386
event_bars,2025-09-06 00:00:00+00:00,74,1,1,0.025139066464633746,0.013513513513513514,0.013513513513513514,3.26253629571629e-05,0.00017340038148083925,-0.4344285725135612,1.2719850999931357,1964
event_bars,2025-09-08 00:00:00+00:00,97,1,1,0.04640007706988884,0.010309278350515464,0.010309278350515464,3.26253629571629e-05,0.00017340038148083925,0.8401214692628167,2.0598300443524895,1704
event_bars,2025-09-09 00:00:00+00:00,166,7,5,0.04475692972989802,0.04216867469879518,0.030120481927710843,0.0002283775407001403,0.0008670019074041963,-0.4588563684968636,2.253336981431916,1629
event_bars,2025-09-10 00:00:00+00:00,179,12,3,0.042779036608315966,0.0670391061452514,0.01675977653631285,0.0003915043554859548,0.0005202011444425178,2.1269081199667506,3.049044577725777,1299
event_bars,2025-09-11 00:00:00+00:00,149,8,5,0.042301379819665655,0.053691275167785234,0.03355704697986577,0.0002610029036573032,0.0008670019074041963,1.3345520273274467,1.834392508974422,1809
event_bars,2025-09-12 00:00:00+00:00,161,1,0,0.04106564151253007,0.006211180124223602,0.0,3.26253629571629e-05,0.0,0.47656713594299005,1.6639436994681005,1861
event_bars,2025-09-13 00:00:00+00:00,78,0,0,0.05102829983744049,0.0,0.0,0.0,0.0,-0.09980974866406882,1.049312326664393,2011
event_bars,2025-09-15 00:00:00+00:00,127,4,3,0.0593643653264906,0.031496062992125984,0.023622047244094488,0.0001305014518286516,0.0005202011444425178,0.07860810276432227,2.095634254666769,1694
event_bars,2025-09-16 00:00:00+00:00,143,2,1,0.04557154845285622,0.013986013986013986,0.006993006993006993,6.52507259143258e-05,0.00017340038148083925,1.24700061642051,1.9963446585260316,1737
event_bars,2025-09-17 00:00:00+00:00,199,13,4,0.054255180150690245,0.06532663316582915,0.020100502512562814,0.0004241297184431177,0.000693601525923357,-0.2957757213333136,2.2797170117340446,1618
event_bars,2025-09-18 00:00:00+00:00,142,1,0,0.03921659239996669,0.007042253521126761,0.0,3.26253629571629e-05,0.0,0.5265206146842182,1.5747495147689943,1893
event_bars,2025-09-19 00:00:00+00:00,122,0,0,0.04556200217297412,0.0,0.0,0.0,0.0,-1.2447997368765147,2.0278880058350044,1723
event_bars,2025-09-20 00:00:00+00:00,32,0,0,0.03732092549417049,0.0,0.0,0.0,0.0,0.04783850918133481,0.6190107846086044,2056
event_bars,2025-09-22 00:00:00+00:00,171,16,12,0.05687744927032671,0.0935672514619883,0.07017543859649122,0.0005220058073146064,0.0020808045777700713,-2.2646526041006734,3.4175849922834347,1145
event_bars,2025-09-23 00:00:00+00:00,152,0,0,0.03344489758871608,0.0,0.0,0.0,0.0,-0.5857910501262777,1.6467040156176296,1867
event_bars,2025-09-24 00:00:00+00:00,148,3,2,0.04323557237021005,0.02027027027027027,0.013513513513513514,9.78760888714887e-05,0.0003468007629616785,1.160753881953896,2.6339551117438567,1471
event_bars,2025-09-25 00:00:00+00:00,224,15,6,0.0501713489638233,0.06696428571428571,0.026785714285714284,0.0004893804443574435,0.0010404022888850356,-3.8885416681585134,4.403597126716196,794
event_bars,2025-09-26 00:00:00+00:00,158,1,1,0.03769160233515181,0.006329113924050633,0.006329113924050633,3.26253629571629e-05,0.00017340038148083925,0.5984739844280966,1.539223135193352,1900
event_bars,2025-09-27 00:00:00+00:00,38,0,0,0.028361392377345345,0.0,0.0,0.0,0.0,-0.010220572744238288,0.6200587802052205,2055
event_bars,2025-09-28 00:00:00+00:00,17,0,0,0.1000768342482791,0.0,0.0,0.0,0.0,2.2936835008327408,2.8574469402857217,1384
event_bars,2025-09-29 00:00:00+00:00,168,7,6,0.047163511959761525,0.041666666666666664,0.03571428571428571,0.0002283775407001403,0.0010404022888850356,1.8884121675155259,2.546819891355206,1509
event_bars,2025-09-30 00:00:00+00:00,166,1,1,0.03936984097042213,0.006024096385542169,0.006024096385542169,3.26253629571629e-05,0.00017340038148083925,-0.2350974309517047,1.921389819214847,1771
event_bars,2025-10-01 00:00:00+00:00,224,22,11,0.0435798031328226,0.09821428571428571,0.049107142857142856,0.0007177579850575838,0.0019074041962892317,3.925573625452916,4.070897612507407,893
event_bars,2025-10-02 00:00:00+00:00,219,9,3,0.03799842327419685,0.0410958904109589,0.0136986301369863,0.00029362826661446606,0.0005202011444425178,1.614287127813545,2.3180850812929967,1603
event_bars,2025-10-03 00:00:00+00:00,254,40,6,0.05021961934460575,0.15748031496062992,0.023622047244094488,0.0013050145182865159,0.0010404022888850356,1.4022911354571903,3.8672034003847418,970
event_bars,2025-10-04 00:00:00+00:00,130,0,0,0.03413316840178042,0.0,0.0,0.0,0.0,0.1313563011283322,1.1048659748521896,2001
event_bars,2025-10-05 00:00:00+00:00,233,30,21,0.05530581313692301,0.12875536480686695,0.09012875536480687,0.000978760888714887,0.0036414080110976246,0.8817247511701201,3.056470769756972,1297
event_bars,2025-10-06 00:00:00+00:00,206,6,2,0.03931674377007556,0.02912621359223301,0.009708737864077669,0.0001957521777429774,0.0003468007629616785,0.9689854543644958,2.5600550679705467,1507
event_bars,2025-10-07 00:00:00+00:00,235,18,8,0.04751468784310205,0.07659574468085106,0.03404255319148936,0.0005872565332289321,0.001387203051846714,-2.718259908006188,3.73149059356346,1014
event_bars,2025-10-08 00:00:00+00:00,188,4,2,0.04218269471443259,0.02127659574468085,0.010638297872340425,0.0001305014518286516,0.0003468007629616785,1.595704796272087,2.5822080211751675,1496
event_bars,2025-10-09 00:00:00+00:00,217,14,8,0.040143858202764886,0.06451612903225806,0.03686635944700461,0.0004567550814002806,0.001387203051846714,-1.3545851681414887,3.4258007346191484,1144
event_bars,2025-10-10 00:00:00+00:00,494,76,20,0.043450444534847456,0.15384615384615385,0.04048582995951417,0.00247952758474438,0.0034680076296167853,-7.570592557385282,18.786519304248785,16
event_bars,2025-10-11 00:00:00+00:00,301,2,0,0.009030047557765788,0.006644518272425249,0.0,6.52507259143258e-05,0.0,-1.9131406933391073,3.4106369011157835,1153
event_bars,2025-10-12 00:00:00+00:00,288,23,2,0.03938278712598345,0.0798611111111111,0.006944444444444444,0.0007503833480147467,0.0003468007629616785,3.8282343661196108,5.525300694025778,516
event_bars,2025-10-13 00:00:00+00:00,229,2,1,0.028901595492134318,0.008733624454148471,0.004366812227074236,6.52507259143258e-05,0.00017340038148083925,0.18903827436171178,2.014337483260555,1731
event_bars,2025-10-14 00:00:00+00:00,330,14,2,0.03675219420905499,0.04242424242424243,0.006060606060606061,0.0004567550814002806,0.0003468007629616785,-1.8661121858067273,4.938066339253804,646
event_bars,2025-10-15 00:00:00+00:00,242,3,1,0.03162790144611287,0.012396694214876033,0.004132231404958678,9.78760888714887e-05,0.00017340038148083925,-2.0430524435175577,3.111132925064907,1273
event_bars,2025-10-16 00:00:00+00:00,307,27,4,0.03062149826018278,0.08794788273615635,0.013029315960912053,0.0008808847998433983,0.000693601525923357,-2.3487051534543024,4.204714032246276,853
event_bars,2025-10-17 00:00:00+00:00,353,33,5,0.029528587934755553,0.09348441926345609,0.014164305949008499,0.0010766369775863757,0.0008670019074041963,-1.6324229206615193,5.389751619043679,549
event_bars,2025-10-18 00:00:00+00:00,125,0,0,0.0280714462840073,0.0,0.0,0.0,0.0,0.6922873978452134,1.106679471223596,2000
event_bars,2025-10-19 00:00:00+00:00,171,12,7,0.054515772508728196,0.07017543859649122,0.04093567251461988,0.0003915043554859548,0.0012138026703658747,1.3617964803921325,3.104460521209336,1279
event_bars,2025-10-20 00:00:00+00:00,232,7,2,0.03893562139855468,0.03017241379310345,0.008620689655172414,0.0002283775407001403,0.0003468007629616785,1.7198758058314068,3.902110925101438,947
event_bars,2025-10-21 00:00:00+00:00,350,48,5,0.04053312550339651,0.13714285714285715,0.014285714285714285,0.0015660174219438191,0.0008670019074041963,-2.026553922359673,5.911181197748516,439
event_bars,2025-10-22 00:00:00+00:00,269,10,2,0.03110104604293679,0.03717472118959108,0.007434944237918215,0.00032625362957162897,0.0003468007629616785,-0.6689992502485113,2.5982308860045014,1483
event_bars,2025-10-23 00:00:00+00:00,211,6,2,0.03455263194167226,0.02843601895734597,0.009478672985781991,0.0001957521777429774,0.0003468007629616785,2.2919875314517943,3.454435764344468,1136
event_bars,2025-10-24 00:00:00+00:00,174,6,2,0.038767257375222915,0.034482758620689655,0.011494252873563218,0.0001957521777429774,0.0003468007629616785,0.8501739509132198,2.197295892258235,1647
event_bars,2025-10-25 00:00:00+00:00,81,0,0,0.03256413566491184,0.0,0.0,0.0,0.0,0.560762234884549,1.1715857383784791,1992
event_bars,2025-10-26 00:00:00+00:00,124,13,10,0.05683236438131446,0.10483870967741936,0.08064516129032258,0.0004241297184431177,0.0017340038148083927,2.572954547863026,3.8128009286235804,990
event_bars,2025-10-27 00:00:00+00:00,200,3,2,0.03878827632980262,0.015,0.01,9.78760888714887e-05,0.0003468007629616785,-0.3795911139061532,2.248668210457376,1632
event_bars,2025-10-28 00:00:00+00:00,212,10,2,0.04352003207865479,0.04716981132075472,0.009433962264150943,0.00032625362957162897,0.0003468007629616785,-1.0848166987331052,3.46482904640197,1133
event_bars,2025-10-29 00:00:00+00:00,257,16,6,0.030325224937525756,0.0622568093385214,0.023346303501945526,0.0005220058073146064,0.0010404022888850356,-2.5563832655839294,4.103182993229142,885
event_bars,2025-10-30 00:00:00+00:00,313,21,3,0.03642408222152442,0.0670926517571885,0.009584664536741214,0.0006851326221004208,0.0005202011444425178,-1.5781377708977498,4.92841682166839,650
event_bars,2025-10-31 00:00:00+00:00,246,8,0,0.040688032228852554,0.032520325203252036,0.0,0.0002610029036573032,0.0,1.1878705965443537,2.739992314755659,1433
event_bars,2025-11-01 00:00:00+00:00,85,0,0,0.034947559564695425,0.0,0.0,0.0,0.0,0.4462577372576329,1.0963760613837137,2002
event_bars,2025-11-02 00:00:00+00:00,83,1,1,0.06293845066272231,0.012048192771084338,0.012048192771084338,3.26253629571629e-05,0.00017340038148083925,0.4059092677621971,1.6747684664207014,1856
event_bars,2025-11-03 00:00:00+00:00,318,29,11,0.04699493674518324,0.09119496855345911,0.03459119496855346,0.0009461355257577241,0.0019074041962892317,-3.641132067826553,5.010978329836567,628
event_bars,2025-11-04 00:00:00+00:00,452,46,6,0.030942320455028358,0.10176991150442478,0.01327433628318584,0.0015007666960294933,0.0010404022888850356,-4.898902197908021,8.137074625403873,200
event_bars,2025-11-05 00:00:00+00:00,304,5,0,0.02313764727741758,0.01644736842105263,0.0,0.00016312681478581448,0.0,2.3254324253143484,5.495679194716265,523
event_bars,2025-11-06 00:00:00+00:00,270,11,4,0.04121526325308939,0.040740740740740744,0.014814814814814815,0.0003588789925287919,0.000693601525923357,-2.46806708682864,3.8858664435622186,956
event_bars,2025-11-07 00:00:00+00:00,302,9,3,0.030938428732559992,0.029801324503311258,0.009933774834437087,0.00029362826661446606,0.0005202011444425178,1.9546022608383389,4.7932461578272285,689
event_bars,2025-11-08 00:00:00+00:00,156,0,0,0.02828543427433536,0.0,0.0,0.0,0.0,-1.0079151515096083,1.927746770409804,1766
event_bars,2025-11-09 00:00:00+00:00,190,8,5,0.052688020009647084,0.042105263157894736,0.02631578947368421,0.0002610029036573032,0.0008670019074041963,2.3208745984352834,4.0055659499559315,913
event_bars,2025-11-10 00:00:00+00:00,227,4,2,0.032399184806230975,0.01762114537444934,0.00881057268722467,0.0001305014518286516,0.0003468007629616785,1.230188750551295,2.3333707508824926,1598
event_bars,2025-11-11 00:00:00+00:00,250,10,3,0.038204286359514776,0.04,0.012,0.00032625362957162897,0.0005202011444425178,-2.8335821711187665,4.835945386754171,677
event_bars,2025-11-12 00:00:00+00:00,262,24,6,0.033034012433428114,0.0916030534351145,0.022900763358778626,0.0007830087109719096,0.0010404022888850356,-1.3684677194684596,4.452989959428893,784
event_bars,2025-11-13 00:00:00+00:00,362,29,2,0.0363684697123667,0.08011049723756906,0.0055248618784530384,0.0009461355257577241,0.0003468007629616785,-1.9393423372751017,6.007838584850212,421
event_bars,2025-11-14 00:00:00+00:00,453,27,5,0.027701880127017915,0.059602649006622516,0.011037527593818985,0.0008808847998433983,0.0008670019074041963,-5.263234282119408,6.098129969321175,415
event_bars,2025-11-15 00:00:00+00:00,175,0,0,0.025444127865253557,0.0,0.0,0.0,0.0,1.0682607906315553,2.3794281706280485,1587
event_bars,2025-11-16 00:00:00+00:00,242,16,5,0.0459453807433839,0.06611570247933884,0.02066115702479339,0.0005220058073146064,0.0008670019074041963,-1.4107992313174897,3.8809700322139795,958
event_bars,2025-11-17 00:00:00+00:00,363,15,2,0.033274404033732066,0.04132231404958678,0.005509641873278237,0.0004893804443574435,0.0003468007629616785,-2.2019072842377168,5.087227426416589,617
event_bars,2025-11-18 00:00:00+00:00,397,31,2,0.025000310467299728,0.07808564231738035,0.005037783375314861,0.00101138625167205,0.0003468007629616785,0.8073017214048752,5.2384068979549046,588
event_bars,2025-11-19 00:00:00+00:00,353,15,2,0.03257127977054235,0.042492917847025496,0.0056657223796034,0.0004893804443574435,0.0003468007629616785,-1.5268233771931163,4.827579755022958,681
event_bars,2025-11-20 00:00:00+00:00,429,33,2,0.03410470265038261,0.07692307692307693,0.004662004662004662,0.0010766369775863757,0.0003468007629616785,-5.512250109705976,7.9089681896803405,222
event_bars,2025-11-21 00:00:00+00:00,657,32,5,0.02492773310399453,0.0487062404870624,0.0076103500761035,0.0010440116146292128,0.0008670019074041963,-1.7565329785854213,8.17446370770637,198
event_bars,2025-11-22 00:00:00+00:00,212,0,0,0.02537313745508039,0.0,0.0,0.0,0.0,-0.476138086411569,2.536456805858174,1517
event_bars,2025-11-23 00:00:00+00:00,244,3,1,0.04484172970769716,0.012295081967213115,0.004098360655737705,9.78760888714887e-05,0.00017340038148083925,2.470488116254912,4.02782528550658,906
event_bars,2025-11-24 00:00:00+00:00,324,10,0,0.03457791894251232,0.030864197530864196,0.0,0.00032625362957162897,0.0,1.6446658646615777,4.531527790063953,760
event_bars,2025-11-25 00:00:00+00:00,244,4,0,0.039450812164451905,0.01639344262295082,0.0,0.0001305014518286516,0.0,-1.0514349770818217,2.7691903523260493,1421
event_bars,2025-11-26 00:00:00+00:00,235,11,3,0.03309840362622245,0.04680851063829787,0.01276595744680851,0.0003588789925287919,0.0005202011444425178,3.503915447288266,4.968908046232028,639
event_bars,2025-11-27 00:00:00+00:00,195,4,1,0.03249820460916927,0.020512820512820513,0.005128205128205128,0.0001305014518286516,0.00017340038148083925,0.9404135450429048,2.0967340864174027,1691
event_bars,2025-11-28 00:00:00+00:00,223,16,9,0.0455978462531337,0.07174887892376682,0.04035874439461883,0.0005220058073146064,0.0015606034333275533,-0.48797725029540995,3.192892720575928,1249
event_bars,2025-11-29 00:00:00+00:00,100,1,1,0.046444775937210345,0.01,0.01,3.26253629571629e-05,0.00017340038148083925,-0.0911830066348788,1.144791826380918,1996
event_bars,2025-11-30 00:00:00+00:00,80,1,0,0.06826570396274936,0.0125,0.0,3.26253629571629e-05,0.0,-0.4907084129233739,1.7937818811429584,1828
event_bars,2025-12-01 00:00:00+00:00,410,60,16,0.03647853382314794,0.14634146341463414,0.03902439024390244,0.001957521777429774,0.002774406103693428,-4.621179583425689,7.594404568266855,244
event_bars,2025-12-02 00:00:00+00:00,326,24,6,0.030920328315779632,0.0736196319018405,0.018404907975460124,0.0007830087109719096,0.0010404022888850356,5.6441629069872725,6.877870129095342,312
event_bars,2025-12-03 00:00:00+00:00,341,12,1,0.028387030208675796,0.03519061583577713,0.002932551319648094,0.0003915043554859548,0.00017340038148083925,2.304872004495395,3.489825341198128,1121
event_bars,2025-12-04 00:00:00+00:00,273,11,2,0.031438669720553765,0.040293040293040296,0.007326007326007326,0.0003588789925287919,0.0003468007629616785,-1.447724052573014,3.481317140448702,1123
event_bars,2025-12-05 00:00:00+00:00,307,26,7,0.03305645575312792,0.08469055374592833,0.02280130293159609,0.0008482594368862354,0.0012138026703658747,-3.029297965550565,5.192877499148198,596
event_bars,2025-12-06 00:00:00+00:00,121,1,0,0.0336917914291647,0.008264462809917356,0.0,3.26253629571629e-05,0.0,-0.10252923121077546,1.5488727379588458,1897
event_bars,2025-12-07 00:00:00+00:00,216,28,15,0.058126472019030526,0.12962962962962962,0.06944444444444445,0.0009135101628005612,0.0026010057222125888,1.279157477975897,4.497720333352991,774
event_bars,2025-12-08 00:00:00+00:00,263,14,1,0.03637285529220748,0.053231939163498096,0.0038022813688212928,0.0004567550814002806,0.00017340038148083925,0.29333086161004085,2.9799296958957893,1331
event_bars,2025-12-09 00:00:00+00:00,289,34,5,0.03277717185409458,0.11764705882352941,0.01730103806228374,0.0011092623405435386,0.0008670019074041963,2.2130331275809407,5.640892884257279,491
event_bars,2025-12-10 00:00:00+00:00,261,23,3,0.03883433485005587,0.08812260536398467,0.011494252873563218,0.0007503833480147467,0.0005202011444425178,-0.7158681131120866,3.144636213264793,1264
event_bars,2025-12-11 00:00:00+00:00,292,11,2,0.029961161669435903,0.03767123287671233,0.00684931506849315,0.0003588789925287919,0.0003468007629616785,0.5421389766001056,4.7586151146279665,696
event_bars,2025-12-12 00:00:00+00:00,217,24,5,0.029096641825216315,0.11059907834101383,0.02304147465437788,0.0007830087109719096,0.0008670019074041963,-2.460892014901519,3.6128399448145143,1066
event_bars,2025-12-13 00:00:00+00:00,58,0,0,0.023234817240357697,0.0,0.0,0.0,0.0,-0.04256710757597408,0.9839750757811392,2024
event_bars,2025-12-14 00:00:00+00:00,95,3,1,0.06541454482092088,0.031578947368421054,0.010526315789473684,9.78760888714887e-05,0.00017340038148083925,-2.3247066041091355,3.2998712396528096,1199
event_bars,2025-12-15 00:00:00+00:00,308,42,7,0.03671368163500485,0.13636363636363635,0.022727272727272728,0.0013702652442008417,0.0012138026703658747,-1.9815133218761298,5.59932451899458,503
event_bars,2025-12-16 00:00:00+00:00,238,13,0,0.031197679087098,0.0546218487394958,0.0,0.0004241297184431177,0.0,1.6455503698275336,3.366415462118835,1173
event_bars,2025-12-17 00:00:00+00:00,317,35,6,0.04249254863552418,0.11041009463722397,0.01892744479495268,0.0011418877035007016,0.0010404022888850356,-1.8672261223428923,5.811644617357647,452
event_bars,2025-12-18 00:00:00+00:00,328,31,4,0.034670160418056775,0.09451219512195122,0.012195121951219513,0.00101138625167205,0.000693601525923357,-0.8526811814047577,5.798704073096967,454
event_bars,2025-12-19 00:00:00+00:00,272,15,2,0.03128374771673159,0.05514705882352941,0.007352941176470588,0.0004893804443574435,0.0003468007629616785,3.030943576928498,4.944789385841648,645
event_bars,2025-12-20 00:00:00+00:00,59,0,0,0.025030173260805644,0.0,0.0,0.0,0.0,0.2503107516642736,0.9682896051791681,2025
event_bars,2025-12-21 00:00:00+00:00,46,0,0,0.07511945822743478,0.0,0.0,0.0,0.0,0.33977268165936414,1.7005084217401365,1849
event_bars,2025-12-22 00:00:00+00:00,239,15,7,0.047397356660907684,0.06276150627615062,0.029288702928870293,0.0004893804443574435,0.0012138026703658747,-0.04492028418201951,3.0858239933070784,1287
event_bars,2025-12-23 00:00:00+00:00,205,9,3,0.03935250819691879,0.04390243902439024,0.014634146341463415,0.00029362826661446606,0.0005202011444425178,-1.2707185405369374,2.7006746783159308,1443
event_bars,2025-12-24 00:00:00+00:00,142,7,3,0.03538551584253061,0.04929577464788732,0.02112676056338028,0.0002283775407001403,0.0005202011444425178,0.18744597570795582,1.9248445194569703,1770
event_bars,2025-12-25 00:00:00+00:00,98,4,3,0.058737490982195925,0.04081632653061224,0.030612244897959183,0.0001305014518286516,0.0005202011444425178,-0.5086670670697425,1.9281937540562615,1765
event_bars,2025-12-26 00:00:00+00:00,223,27,5,0.034285229837820556,0.1210762331838565,0.02242152466367713,0.0008808847998433983,0.0008670019074041963,0.15518538824772904,3.3352412375931504,1182
event_bars,2025-12-27 00:00:00+00:00,44,0,0,0.017557443852100004,0.0,0.0,0.0,0.0,0.5836233655828531,0.8608187780229188,2035
event_bars,2025-12-29 00:00:00+00:00,222,17,3,0.03988767919547327,0.07657657657657657,0.013513513513513514,0.0005546311702717693,0.0005202011444425178,-0.8189685439989572,4.08042903524723,891
event_bars,2025-12-30 00:00:00+00:00,178,13,2,0.0511143433196825,0.07303370786516854,0.011235955056179775,0.0004241297184431177,0.0003468007629616785,1.4256312180540953,2.9137314223740622,1363
event_bars,2025-12-31 00:00:00+00:00,134,4,1,0.03886829793631196,0.029850746268656716,0.007462686567164179,0.0001305014518286516,0.00017340038148083925,-0.9621608287314999,2.2719848805860274,1620
event_bars,2026-01-01 00:00:00+00:00,41,0,0,0.04346296580309923,0.0,0.0,0.0,0.0,1.3510907685720743,1.5568108026613638,1895
event_bars,2026-01-02 00:00:00+00:00,179,22,8,0.054457698719554616,0.12290502793296089,0.0446927374301676,0.0007177579850575838,0.001387203051846714,1.288287447963128,2.9239627628423306,1355
event_bars,2026-01-03 00:00:00+00:00,76,0,0,0.029847480184419527,0.0,0.0,0.0,0.0,0.7137218169919061,1.6176765337168708,1882
event_bars,2026-01-04 00:00:00+00:00,119,3,1,0.05392386064242087,0.025210084033613446,0.008403361344537815,9.78760888714887e-05,0.00017340038148083925,0.9899423431647439,1.2984389721403116,1954
event_bars,2026-01-05 00:00:00+00:00,260,23,11,0.046389236091980555,0.08846153846153847,0.04230769230769231,0.0007503833480147467,0.0019074041962892317,2.509526275236487,3.526843648459918,1101
event_bars,2026-01-06 00:00:00+00:00,233,19,8,0.0396218093128937,0.0815450643776824,0.034334763948497854,0.000619881896186095,0.001387203051846714,-0.12190031600637305,3.455061901766581,1135
event_bars,2026-01-07 00:00:00+00:00,192,5,3,0.037303800664726224,0.026041666666666668,0.015625,0.00016312681478581448,0.0005202011444425178,-2.5727209758345246,3.3354109685901627,1181
event_bars,2026-01-08 00:00:00+00:00,217,7,1,0.039820814872038326,0.03225806451612903,0.004608294930875576,0.0002283775407001403,0.00017340038148083925,-0.2983690615988538,2.6799755456868986,1449
event_bars,2026-01-09 00:00:00+00:00,191,16,2,0.046822774313843664,0.08376963350785341,0.010471204188481676,0.0005220058073146064,0.0003468007629616785,-0.5022486191318496,2.605638300309025,1481
event_bars,2026-01-10 00:00:00+00:00,36,0,0,0.01651109928248662,0.0,0.0,0.0,0.0,-0.1481168394416778,0.49505598160157654,2065
event_bars,2026-01-12 00:00:00+00:00,194,15,4,0.03885811147205768,0.07731958762886598,0.020618556701030927,0.0004893804443574435,0.000693601525923357,0.3163264023845041,2.6518406874423412,1464
event_bars,2026-01-13 00:00:00+00:00,248,24,11,0.03792824915896518,0.0967741935483871,0.04435483870967742,0.0007830087109719096,0.0019074041962892317,4.418819724042889,6.232445737620797,395
event_bars,2026-01-14 00:00:00+00:00,253,10,2,0.028569625041764874,0.039525691699604744,0.007905138339920948,0.00032625362957162897,0.0003468007629616785,1.594245633332247,3.6591369161108354,1050
event_bars,2026-01-15 00:00:00+00:00,212,13,4,0.04528280268843798,0.06132075471698113,0.018867924528301886,0.0004241297184431177,0.000693601525923357,-1.3931363492776487,2.1588998810996993,1659
event_bars,2026-01-16 00:00:00+00:00,148,8,3,0.041085524538883235,0.05405405405405406,0.02027027027027027,0.0002610029036573032,0.0005202011444425178,-0.06667675264335951,1.6737254696329529,1857
event_bars,2026-01-17 00:00:00+00:00,40,0,0,0.032237286436865284,0.0,0.0,0.0,0.0,-0.415400071763556,0.6761851876804894,2050
event_bars,2026-01-19 00:00:00+00:00,154,12,4,0.047478965452868956,0.07792207792207792,0.025974025974025976,0.0003915043554859548,0.000693601525923357,-1.100312061858494,1.9568715537522645,1753
event_bars,2026-01-20 00:00:00+00:00,258,29,12,0.04536604393287251,0.1124031007751938,0.046511627906976744,0.0009461355257577241,0.0020808045777700713,-4.641119518164191,5.601573191627503,502
event_bars,2026-01-21 00:00:00+00:00,285,25,2,0.035009794916848455,0.08771929824561403,0.007017543859649123,0.0008156340739290725,0.0003468007629616785,1.1481430339019247,3.8181291949521765,989
event_bars,2026-01-22 00:00:00+00:00,170,3,0,0.03386389888566052,0.01764705882352941,0.0,9.78760888714887e-05,0.0,0.11971170026957671,2.083039275814233,1697
event_bars,2026-01-23 00:00:00+00:00,182,11,4,0.048975720195617044,0.06043956043956044,0.02197802197802198,0.0003588789925287919,0.000693601525923357,0.04500854735788816,2.9658593393003168,1336
event_bars,2026-01-24 00:00:00+00:00,44,0,0,0.024921469107521556,0.0,0.0,0.0,0.0,-0.4229627754451313,0.8681094991421646,2034
event_bars,2026-01-25 00:00:00+00:00,84,9,7,0.06918558345153045,0.10714285714285714,0.08333333333333333,0.00029362826661446606,0.0012138026703658747,-2.903117032044355,3.719582961321493,1021
event_bars,2026-01-26 00:00:00+00:00,188,4,0,0.04377579531696265,0.02127659574468085,0.0,0.0001305014518286516,0.0,1.911342446217093,2.7051695405239924,1440
event_bars,2026-01-27 00:00:00+00:00,172,3,3,0.04256207016297459,0.01744186046511628,0.01744186046511628,9.78760888714887e-05,0.0005202011444425178,1.0109473000864226,2.527340222855191,1522
event_bars,2026-01-28 00:00:00+00:00,183,7,6,0.046980646228322834,0.03825136612021858,0.03278688524590164,0.0002283775407001403,0.0010404022888850356,0.0716128900180474,2.014465594005173,1730
event_bars,2026-01-29 00:00:00+00:00,272,37,10,0.03360150577114416,0.13602941176470587,0.03676470588235294,0.0012071384294150272,0.0017340038148083927,-5.358268388028013,6.928137266933194,306
event_bars,2026-01-30 00:00:00+00:00,347,23,3,0.03050579533515786,0.06628242074927954,0.008645533141210375,0.0007503833480147467,0.0005202011444425178,-0.4659516616968221,4.46333885879074,782
event_bars,2026-01-31 00:00:00+00:00,391,59,14,0.028723363619825026,0.15089514066496162,0.03580562659846547,0.001924896414472611,0.0024276053407317495,-6.760074825079715,10.95312761305242,84
event_bars,2026-02-01 00:00:00+00:00,322,12,0,0.03202686979968437,0.037267080745341616,0.0,0.0003915043554859548,0.0,-2.281286969184403,4.841994070890294,672
event_bars,2026-02-02 00:00:00+00:00,456,21,3,0.021096402646535256,0.046052631578947366,0.006578947368421052,0.0006851326221004208,0.0005202011444425178,2.263113689713623,6.183972472334079,400
event_bars,2026-02-03 00:00:00+00:00,398,52,4,0.036121472370687725,0.1306532663316583,0.010050251256281407,0.0016965188737724708,0.000693601525923357,-3.834177812058596,8.256853805305978,191
event_bars,2026-02-04 00:00:00+00:00,426,20,1,0.03176613909180376,0.046948356807511735,0.002347417840375587,0.0006525072591432579,0.00017340038148083925,-3.486621033350765,6.877476442336248,313
event_bars,2026-02-05 00:00:00+00:00,918,45,1,0.025658538178805406,0.049019607843137254,0.0010893246187363835,0.0014681413330723304,0.00017340038148083925,-15.130235026719161,16.389273171670705,26
event_bars,2026-02-06 00:00:00+00:00,758,4,0,0.01640229849085694,0.005277044854881266,0.0,0.0001305014518286516,0.0,11.520483551830653,18.168590330405788,20
event_bars,2026-02-07 00:00:00+00:00,378,12,1,0.024797842481571956,0.031746031746031744,0.0026455026455026454,0.0003915043554859548,0.00017340038148083925,-1.845992331765285,6.393424938283239,366
event_bars,2026-02-08 00:00:00+00:00,247,15,6,0.03793874371164963,0.06072874493927125,0.024291497975708502,0.0004893804443574435,0.0010404022888850356,1.4817272947852556,4.89854114447085,660
event_bars,2026-02-09 00:00:00+00:00,347,14,2,0.028727586056758687,0.040345821325648415,0.005763688760806916,0.0004567550814002806,0.0003468007629616785,-0.2531363821586148,4.529121319409451,762
event_bars,2026-02-10 00:00:00+00:00,293,9,0,0.03225229570731691,0.030716723549488054,0.0,0.00029362826661446606,0.0,-1.8793218306588988,3.7825656348709895,998
event_bars,2026-02-11 00:00:00+00:00,395,22,3,0.0358484118632771,0.05569620253164557,0.007594936708860759,0.0007177579850575838,0.0005202011444425178,-2.5776546611720903,5.252605294837875,586
event_bars,2026-02-12 00:00:00+00:00,334,14,3,0.026948612379866715,0.041916167664670656,0.008982035928143712,0.0004567550814002806,0.0005202011444425178,-1.2178887033403802,4.952085439697932,643
event_bars,2026-02-13 00:00:00+00:00,293,24,1,0.029711493574516155,0.08191126279863481,0.0034129692832764505,0.0007830087109719096,0.00017340038148083925,3.81833780324458,5.381336045571918,552
event_bars,2026-02-14 00:00:00+00:00,167,4,1,0.027222952914338128,0.023952095808383235,0.005988023952095809,0.0001305014518286516,0.00017340038148083925,1.4051908896516665,2.6840288999290234,1447
event_bars,2026-02-15 00:00:00+00:00,213,11,5,0.03584338658830369,0.051643192488262914,0.023474178403755867,0.0003588789925287919,0.0008670019074041963,-1.4409419233245184,4.18703999119071,862
event_bars,2026-02-16 00:00:00+00:00,208,14,4,0.03469537836713413,0.0673076923076923,0.019230769230769232,0.0004567550814002806,0.000693601525923357,0.09530770142203074,4.166125562500938,867
event_bars,2026-02-17 00:00:00+00:00,238,14,1,0.04108571251171065,0.058823529411764705,0.004201680672268907,0.0004567550814002806,0.00017340038148083925,-2.0342717878409387,3.888969090677716,955
event_bars,2026-02-18 00:00:00+00:00,224,16,5,0.039289100467258094,0.07142857142857142,0.022321428571428572,0.0005220058073146064,0.0008670019074041963,-1.5730126051371196,3.89118097013854,954
event_bars,2026-02-19 00:00:00+00:00,206,5,0,0.037168942715753724,0.024271844660194174,0.0,0.00016312681478581448,0.0,0.8262607831633116,2.5641176285193827,1504
event_bars,2026-02-20 00:00:00+00:00,241,24,6,0.039582569105081455,0.0995850622406639,0.024896265560165973,0.0007830087109719096,0.0010404022888850356,1.4900255811758671,2.7852048098850584,1411
event_bars,2026-02-21 00:00:00+00:00,103,1,1,0.030541480654512194,0.009708737864077669,0.009708737864077669,3.26253629571629e-05,0.00017340038148083925,-0.06798496940595515,1.759681288091719,1838
event_bars,2026-02-22 00:00:00+00:00,95,1,0,0.056870460836769124,0.010526315789473684,0.0,3.26253629571629e-05,0.0,-0.4717202157338262,1.5808854021253187,1891
event_bars,2026-02-23 00:00:00+00:00,330,39,13,0.04373362276450449,0.11818181818181818,0.03939393939393939,0.001272389155329353,0.00225420495925091,-4.51954343839742,5.773989905790012,458
event_bars,2026-02-24 00:00:00+00:00,285,12,2,0.03066900958194406,0.042105263157894736,0.007017543859649123,0.0003915043554859548,0.0003468007629616785,-0.9241685554639364,4.048701164692861,901
event_bars,2026-02-25 00:00:00+00:00,346,26,6,0.03515755583950346,0.07514450867052024,0.017341040462427744,0.0008482594368862354,0.0010404022888850356,5.943534363641993,9.153725225441084,139
event_bars,2026-02-26 00:00:00+00:00,250,8,0,0.030207728850741463,0.032,0.0,0.0002610029036573032,0.0,-0.7449035815718908,3.5299869411812956,1100
event_bars,2026-02-27 00:00:00+00:00,263,9,1,0.026125108175632593,0.034220532319391636,0.0038022813688212928,0.00029362826661446606,0.00017340038148083925,-2.41916120611048,4.980873849126508,637
event_bars,2026-02-28 00:00:00+00:00,303,40,5,0.040551780802702025,0.132013201320132,0.0165016501650165,0.0013050145182865159,0.0008670019074041963,1.6586571284668623,7.27937564195984,266
event_bars,2026-03-01 00:00:00+00:00,268,16,4,0.027592723668401518,0.05970149253731343,0.014925373134328358,0.0005220058073146064,0.000693601525923357,-1.7892207467667132,4.77267751711963,693
event_bars,2026-03-02 00:00:00+00:00,373,33,2,0.02997802535638521,0.08847184986595175,0.005361930294906166,0.0010766369775863757,0.0003468007629616785,4.537175724358608,7.193585688180083,276
event_bars,2026-03-03 00:00:00+00:00,365,14,0,0.032373646778590906,0.038356164383561646,0.0,0.0004567550814002806,0.0,-0.7388957234444118,4.644682343406706,732
event_bars,2026-03-04 00:00:00+00:00,472,40,3,0.02431322855330657,0.0847457627118644,0.006355932203389831,0.0013050145182865159,0.0005202011444425178,6.1695521312429955,9.479037137914995,128
event_bars,2026-03-05 00:00:00+00:00,317,13,0,0.0258160863846257,0.04100946372239748,0.0,0.0004241297184431177,0.0,-2.4902294628224677,4.060580637862435,896
event_bars,2026-03-06 00:00:00+00:00,300,16,1,0.02955896553318322,0.05333333333333334,0.0033333333333333335,0.0005220058073146064,0.00017340038148083925,-3.993338984904524,5.285493667571595,580
event_bars,2026-03-07 00:00:00+00:00,135,2,2,0.035756726585202646,0.014814814814814815,0.014814814814814815,6.52507259143258e-05,0.0003468007629616785,-1.2576737050742546,2.4744383433222903,1547
event_bars,2026-03-08 00:00:00+00:00,206,14,6,0.052795677835866396,0.06796116504854369,0.02912621359223301,0.0004567550814002806,0.0010404022888850356,-1.9492020361401594,3.892198233462952,952
event_bars,2026-03-09 00:00:00+00:00,321,15,2,0.03465768975343798,0.04672897196261682,0.006230529595015576,0.0004893804443574435,0.0003468007629616785,3.6627771911146834,5.512656564363513,520
event_bars,2026-03-10 00:00:00+00:00,344,25,3,0.03462311945750425,0.07267441860465117,0.00872093023255814,0.0008156340739290725,0.0005202011444425178,2.180772907577843,4.859296584825377,669
event_bars,2026-03-11 00:00:00+00:00,263,18,1,0.031677581975945314,0.06844106463878327,0.0038022813688212928,0.0005872565332289321,0.00017340038148083925,0.3544406567297121,3.3566387024724262,1176
event_bars,2026-03-12 00:00:00+00:00,258,6,1,0.03285554268173326,0.023255813953488372,0.003875968992248062,0.0001957521777429774,0.00017340038148083925,0.4694593920672445,2.2966346984052866,1610
event_bars,2026-03-13 00:00:00+00:00,337,33,8,0.02986687729715541,0.09792284866468842,0.02373887240356083,0.0010766369775863757,0.001387203051846714,0.5876561379055006,4.892778024428971,662
event_bars,2026-03-14 00:00:00+00:00,109,1,0,0.03517565782115718,0.009174311926605505,0.0,3.26253629571629e-05,0.0,0.39290624116352524,1.4362038816747034,1924
event_bars,2026-03-15 00:00:00+00:00,159,9,7,0.0656727397092492,0.05660377358490566,0.0440251572327044,0.00029362826661446606,0.0012138026703658747,2.2292874825145175,3.311332731722084,1192
event_bars,2026-03-16 00:00:00+00:00,304,31,13,0.03878470673990888,0.10197368421052631,0.04276315789473684,0.00101138625167205,0.00225420495925091,2.8013309514675666,3.5953832999743187,1076
event_bars,2026-03-17 00:00:00+00:00,268,11,4,0.03418995046915092,0.041044776119402986,0.014925373134328358,0.0003588789925287919,0.000693601525923357,-1.3098732995123712,3.574497330498628,1083
event_bars,2026-03-18 00:00:00+00:00,278,30,7,0.03253734861414445,0.1079136690647482,0.025179856115107913,0.000978760888714887,0.0012138026703658747,-3.6804378909458464,5.759436714387821,460
event_bars,2026-03-19 00:00:00+00:00,282,17,4,0.038785166712465194,0.06028368794326241,0.014184397163120567,0.0005546311702717693,0.000693601525923357,-1.8648172444853846,4.059459412128965,898
event_bars,2026-03-20 00:00:00+00:00,247,6,4,0.03571083831618936,0.024291497975708502,0.016194331983805668,0.0001957521777429774,0.000693601525923357,0.8340025300509838,2.832187093383298,1397
event_bars,2026-03-21 00:00:00+00:00,82,4,1,0.03590247804021107,0.04878048780487805,0.012195121951219513,0.0001305014518286516,0.00017340038148083925,-2.2799450453086894,3.6774949689491403,1037
event_bars,2026-03-22 00:00:00+00:00,190,12,6,0.04982240374364934,0.06315789473684211,0.031578947368421054,0.0003915043554859548,0.0010404022888850356,-1.5374216323457832,3.29690714840185,1202
event_bars,2026-03-23 00:00:00+00:00,366,40,9,0.03917343293714577,0.1092896174863388,0.02459016393442623,0.0013050145182865159,0.0015606034333275533,4.377446392065734,6.309590308449586,385
event_bars,2026-03-24 00:00:00+00:00,249,9,4,0.03475225754062762,0.03614457831325301,0.01606425702811245,0.00029362826661446606,0.000693601525923357,-0.4839110397264432,3.5551504636520384,1089
event_bars,2026-03-25 00:00:00+00:00,206,8,2,0.04028971324374616,0.038834951456310676,0.009708737864077669,0.0002610029036573032,0.0003468007629616785,1.0908186273406653,2.2826643666347413,1616
event_bars,2026-03-26 00:00:00+00:00,218,16,6,0.044200689687312,0.07339449541284404,0.027522935779816515,0.0005220058073146064,0.0010404022888850356,-3.5831952569967367,4.7202110296916056,709
event_bars,2026-03-27 00:00:00+00:00,253,23,5,0.040390610231383364,0.09090909090909091,0.019762845849802372,0.0007503833480147467,0.0008670019074041963,-3.58730104041436,5.410707523122637,540
event_bars,2026-03-28 00:00:00+00:00,117,3,2,0.04009718530757895,0.02564102564102564,0.017094017094017096,9.78760888714887e-05,0.0003468007629616785,-0.04416012563202358,2.096613608415691,1692
event_bars,2026-03-29 00:00:00+00:00,109,11,7,0.06320329118572764,0.10091743119266056,0.06422018348623854,0.0003588789925287919,0.0012138026703658747,-0.539480889740679,3.30560281481627,1193
event_bars,2026-03-30 00:00:00+00:00,230,6,4,0.03288562282465701,0.02608695652173913,0.017391304347826087,0.0001957521777429774,0.000693601525923357,1.1842588617248118,3.5764132899310583,1082
event_bars,2026-03-31 00:00:00+00:00,274,17,5,0.04077582231487735,0.06204379562043796,0.01824817518248175,0.0005546311702717693,0.0008670019074041963,2.1882879833518243,3.957762815181567,927
event_bars,2026-04-01 00:00:00+00:00,212,3,1,0.032487374272173415,0.014150943396226415,0.0047169811320754715,9.78760888714887e-05,0.00017340038148083925,-0.22724631811942828,2.5627229730816556,1506
event_bars,2026-04-02 00:00:00+00:00,241,14,1,0.0309994583176297,0.058091286307053944,0.004149377593360996,0.0004567550814002806,0.00017340038148083925,-1.8049482666635877,4.412725863078554,793
event_bars,2026-04-03 00:00:00+00:00,114,0,0,0.036200957071817766,0.0,0.0,0.0,0.0,0.08923747399930462,1.6618392779368676,1862
event_bars,2026-04-04 00:00:00+00:00,5,0,0,0.02468190564070113,0.0,0.0,0.0,0.0,0.5081940281992666,1.2047800230396726,1979
event_bars,2026-04-05 00:00:00+00:00,25,3,2,0.06318670266150715,0.12,0.08,9.78760888714887e-05,0.0003468007629616785,2.5345345433410476,3.7333856314042935,1012
event_bars,2026-04-06 00:00:00+00:00,214,16,10,0.04390159484491531,0.07476635514018691,0.04672897196261682,0.0005220058073146064,0.0017340038148083927,-0.26121838330953506,3.0386287014342876,1305
event_bars,2026-04-07 00:00:00+00:00,265,23,7,0.04301914003301548,0.08679245283018867,0.026415094339622643,0.0007503833480147467,0.0012138026703658747,4.367606950160101,7.168953203093635,280
event_bars,2026-04-08 00:00:00+00:00,216,14,3,0.03586011617780688,0.06481481481481481,0.013888888888888888,0.0004567550814002806,0.0005202011444425178,-1.1923602189256655,3.047540905258898,1300
event_bars,2026-04-09 00:00:00+00:00,218,15,8,0.0470361499785963,0.06880733944954129,0.03669724770642202,0.0004893804443574435,0.001387203051846714,0.9975669012014412,3.7620418987319915,1006
event_bars,2026-04-10 00:00:00+00:00,195,8,2,0.04158730397859961,0.041025641025641026,0.010256410256410256,0.0002610029036573032,0.0003468007629616785,1.6132470405333963,2.855776498502806,1385
event_bars,2026-04-11 00:00:00+00:00,106,5,3,0.05260069802301917,0.04716981132075472,0.02830188679245283,0.00016312681478581448,0.0005202011444425178,0.13156922849510855,1.8075339624717475,1826
event_bars,2026-04-12 00:00:00+00:00,155,17,13,0.04826884328336374,0.10967741935483871,0.08387096774193549,0.0005546311702717693,0.00225420495925091,-3.204042395332743,3.6732130256629962,1040
event_bars,2026-04-13 00:00:00+00:00,228,23,14,0.04777514217650811,0.10087719298245613,0.06140350877192982,0.0007503833480147467,0.0024276053407317495,5.064891820943524,5.98952064566678,427
event_bars,2026-04-14 00:00:00+00:00,244,19,3,0.03314255586187004,0.0778688524590164,0.012295081967213115,0.000619881896186095,0.0005202011444425178,-0.37443188754507567,2.994298843935289,1324
event_bars,2026-04-15 00:00:00+00:00,186,2,1,0.04326920717473538,0.010752688172043012,0.005376344086021506,6.52507259143258e-05,0.00017340038148083925,0.8991007155883758,2.6555452112267486,1463
event_bars,2026-04-16 00:00:00+00:00,211,14,5,0.037015556200158777,0.06635071090047394,0.023696682464454975,0.0004567550814002806,0.0008670019074041963,0.4410110755112784,3.016157990199162,1318
event_bars,2026-04-17 00:00:00+00:00,293,41,10,0.03368446489344931,0.13993174061433447,0.034129692832764506,0.0013376398812436788,0.0017340038148083927,2.5291644897787178,5.00169700279457,632
event_bars,2026-04-18 00:00:00+00:00,141,1,1,0.037170501338132676,0.0070921985815602835,0.0070921985815602835,3.26253629571629e-05,0.00017340038148083925,-1.8035075206288047,2.5975452394745626,1486
event_bars,2026-04-19 00:00:00+00:00,186,14,8,0.056197919811087994,0.07526881720430108,0.043010752688172046,0.0004567550814002806,0.001387203051846714,-2.5372783262206045,3.3355949796785627,1180
event_bars,2026-04-20 00:00:00+00:00,234,14,2,0.037520825542081915,0.05982905982905983,0.008547008547008548,0.0004567550814002806,0.0003468007629616785,2.7172790219254583,3.811380095149021,992
event_bars,2026-04-21 00:00:00+00:00,231,17,4,0.04259877703441771,0.0735930735930736,0.017316017316017316,0.0005546311702717693,0.000693601525923357,0.655059638533956,2.927004797668118,1352
event_bars,2026-04-22 00:00:00+00:00,259,20,7,0.030551692976515867,0.07722007722007722,0.02702702702702703,0.0006525072591432579,0.0012138026703658747,2.3953729657318052,4.32853545511628,813
event_bars,2026-04-23 00:00:00+00:00,226,11,2,0.04169037289276597,0.048672566371681415,0.008849557522123894,0.0003588789925287919,0.0003468007629616785,0.09862078806956544,2.763133032095786,1424
event_bars,2026-04-24 00:00:00+00:00,169,1,1,0.04052323928943426,0.005917159763313609,0.005917159763313609,3.26253629571629e-05,0.00017340038148083925,-1.0580123626436955,1.7196904372802964,1846
event_bars,2026-04-25 00:00:00+00:00,43,0,0,0.038308122729527015,0.0,0.0,0.0,0.0,0.24894013324377748,0.9642081322734462,2026
event_bars,2026-04-26 00:00:00+00:00,16,1,0,0.08353501111756166,0.0625,0.0,3.26253629571629e-05,0.0,1.316933087657853,2.1946837611534256,1649
event_bars,2026-04-27 00:00:00+00:00,208,20,5,0.03239830198029069,0.09615384615384616,0.02403846153846154,0.0006525072591432579,0.0008670019074041963,-1.6465024511441984,3.9208127492124856,942
event_bars,2026-04-28 00:00:00+00:00,154,1,0,0.04334381685923492,0.006493506493506494,0.0,3.26253629571629e-05,0.0,-1.3449460134239244,2.3705495044852194,1589
event_bars,2026-04-29 00:00:00+00:00,208,14,8,0.04203150111063185,0.0673076923076923,0.038461538461538464,0.0004567550814002806,0.001387203051846714,-0.7212222667732062,3.9355299959148673,938
event_bars,2026-04-30 00:00:00+00:00,138,1,1,0.041894128651177934,0.007246376811594203,0.007246376811594203,3.26253629571629e-05,0.00017340038148083925,0.7306584792942047,1.7864412655798685,1831
event_bars,2026-05-01 00:00:00+00:00,186,15,6,0.04238505942422605,0.08064516129032258,0.03225806451612903,0.0004893804443574435,0.0010404022888850356,2.442363147826325,3.370708023709389,1171
event_bars,2026-05-02 00:00:00+00:00,48,0,0,0.04471815338400296,0.0,0.0,0.0,0.0,0.5878439419445102,1.4838206284223057,1911
event_bars,2026-05-03 00:00:00+00:00,34,3,3,0.11143023255688521,0.08823529411764706,0.08823529411764706,9.78760888714887e-05,0.0005202011444425178,-0.1575246314774259,1.78073612390353,1833
event_bars,2026-05-04 00:00:00+00:00,288,43,21,0.0471016793946933,0.14930555555555555,0.07291666666666667,0.0014028906071580046,0.0036414080110976246,1.6382535331271542,3.3274309486825278,1185
event_bars,2026-05-05 00:00:00+00:00,207,10,5,0.03257430171877123,0.04830917874396135,0.024154589371980676,0.00032625362957162897,0.0008670019074041963,1.289224268951813,2.457236840523484,1554
event_bars,2026-05-06 00:00:00+00:00,210,6,4,0.040334168457984876,0.02857142857142857,0.01904761904761905,0.0001957521777429774,0.000693601525923357,0.6510882650880213,2.664093612265824,1459
event_bars,2026-05-07 00:00:00+00:00,183,6,3,0.0438601305719522,0.03278688524590164,0.01639344262295082,0.0001957521777429774,0.0005202011444425178,-1.760835383685288,2.7543891938022402,1427
event_bars,2026-05-08 00:00:00+00:00,152,1,0,0.04739216822787301,0.006578947368421052,0.0,3.26253629571629e-05,0.0,0.23194433245173168,1.6798272902002032,1852
event_bars,2026-05-09 00:00:00+00:00,45,0,0,0.04558864702851472,0.0,0.0,0.0,0.0,0.5955641488841665,1.1956210827132288,1983
event_bars,2026-05-10 00:00:00+00:00,36,6,5,0.07983609598706937,0.16666666666666666,0.1388888888888889,0.0001957521777429774,0.0008670019074041963,1.8963578925775655,2.7482957316953693,1429
event_bars,2026-05-11 00:00:00+00:00,173,5,1,0.03339280888481269,0.028901734104046242,0.005780346820809248,0.00016312681478581448,0.00017340038148083925,-0.5840989825348836,2.403891008912339,1579
event_bars,2026-05-12 00:00:00+00:00,156,5,2,0.041623326271910725,0.03205128205128205,0.01282051282051282,0.00016312681478581448,0.0003468007629616785,-1.5270390913081955,2.4219066721173763,1574
event_bars,2026-05-13 00:00:00+00:00,185,9,3,0.04290678462536444,0.04864864864864865,0.016216216216216217,0.00029362826661446606,0.0005202011444425178,-1.4682018208372887,3.196091621512694,1247
event_bars,2026-05-14 00:00:00+00:00,224,14,6,0.04709650106053192,0.0625,0.026785714285714284,0.0004567550814002806,0.0010404022888850356,2.196336066934067,3.891373214228435,953
event_bars,2026-05-15 00:00:00+00:00,199,19,0,0.034853447120780465,0.09547738693467336,0.0,0.000619881896186095,0.0,-2.4667319506763947,3.7621968304609608,1005
event_bars,2026-05-16 00:00:00+00:00,119,7,3,0.03364444401275285,0.058823529411764705,0.025210084033613446,0.0002283775407001403,0.0005202011444425178,-1.2340290281402422,2.0381888137976687,1719
event_bars,2026-05-17 00:00:00+00:00,49,8,7,0.07797004531333797,0.16326530612244897,0.14285714285714285,0.0002610029036573032,0.0012138026703658747,-0.8674606941335854,2.4459073217403824,1563
event_bars,2026-05-18 00:00:00+00:00,231,15,0,0.038425280054054295,0.06493506493506493,0.0,0.0004893804443574435,0.0,-0.6052082807031208,2.267484449081152,1622
event_bars,2026-05-19 00:00:00+00:00,140,1,0,0.049939879087995236,0.007142857142857143,0.0,3.26253629571629e-05,0.0,-0.21240474651597588,1.6646235583624234,1860
event_bars,2026-05-20 00:00:00+00:00,143,7,2,0.0465131923642822,0.04895104895104895,0.013986013986013986,0.0002283775407001403,0.0003468007629616785,0.9206190600629928,1.737835257278665,1842
event_bars,2026-05-21 00:00:00+00:00,150,4,3,0.05088445694483258,0.02666666666666667,0.02,0.0001305014518286516,0.0005202011444425178,0.09787455688424981,1.915517768902875,1776
event_bars,2026-05-22 00:00:00+00:00,143,5,4,0.05101775394374259,0.03496503496503497,0.027972027972027972,0.00016312681478581448,0.000693601525923357,-2.7084714073625418,3.317476239886835,1191
event_bars,2026-05-23 00:00:00+00:00,169,12,5,0.049857515795530986,0.07100591715976332,0.029585798816568046,0.0003915043554859548,0.0008670019074041963,1.5793712308200214,4.252289045881685,840
event_bars,2026-05-24 00:00:00+00:00,122,4,3,0.042363473720432684,0.03278688524590164,0.02459016393442623,0.0001305014518286516,0.0005202011444425178,0.4097683976178783,2.0097516132443745,1732
event_bars,2026-05-25 00:00:00+00:00,111,2,2,0.037749904850570636,0.018018018018018018,0.018018018018018018,6.52507259143258e-05,0.0003468007629616785,0.32557487099651194,1.3136717707549648,1950
event_bars,2026-05-26 00:00:00+00:00,195,13,7,0.05582920996466687,0.06666666666666667,0.035897435897435895,0.0004241297184431177,0.0012138026703658747,-1.7965454109452228,3.16956917353277,1257
event_bars,2026-05-27 00:00:00+00:00,182,8,2,0.04572589170132409,0.04395604395604396,0.01098901098901099,0.0002610029036573032,0.0003468007629616785,-1.9808397539249452,2.5878390620959597,1490
event_bars,2026-05-28 00:00:00+00:00,214,17,10,0.04258449831772425,0.0794392523364486,0.04672897196261682,0.0005546311702717693,0.0017340038148083927,-1.1169676979743095,2.7316574046274114,1435
event_bars,2026-05-29 00:00:00+00:00,171,14,5,0.04778666138275298,0.08187134502923976,0.029239766081871343,0.0004567550814002806,0.0008670019074041963,-0.22201130602049782,2.5314667275840397,1520
event_bars,2026-05-30 00:00:00+00:00,53,0,0,0.027160861077194492,0.0,0.0,0.0,0.0,0.5820025254697292,1.3294236975571374,1945
event_bars,2026-06-01 00:00:00+00:00,193,18,8,0.04449317925791881,0.09326424870466321,0.04145077720207254,0.0005872565332289321,0.001387203051846714,-3.118877606906876,4.7266494470783575,707
event_bars,2026-06-02 00:00:00+00:00,365,44,6,0.03681438189031305,0.12054794520547946,0.01643835616438356,0.0014355159701151675,0.0010404022888850356,-6.752418772424564,7.632037914052766,240
event_bars,2026-06-03 00:00:00+00:00,325,20,2,0.03386231902340377,0.06153846153846154,0.006153846153846154,0.0006525072591432579,0.0003468007629616785,-3.9935668636039083,5.2359223301253355,591
event_bars,2026-06-04 00:00:00+00:00,477,32,0,0.031686674247936315,0.06708595387840671,0.0,0.0010440116146292128,0.0,-0.4130625989649269,5.386575122470621,551
event_bars,2026-06-05 00:00:00+00:00,572,53,3,0.027665821123906885,0.09265734265734266,0.005244755244755245,0.0017291442367296337,0.0005202011444425178,-4.535537597468797,7.928725338817733,220
event_bars,2026-06-06 00:00:00+00:00,237,3,0,0.022966430058611313,0.012658227848101266,0.0,9.78760888714887e-05,0.0,-0.2873449663041805,3.3879684799540346,1161
event_bars,2026-06-07 00:00:00+00:00,261,21,6,0.04074528014054289,0.08045977011494253,0.022988505747126436,0.0006851326221004208,0.0010404022888850356,3.947939412761324,5.670623867752983,483
event_bars,2026-06-08 00:00:00+00:00,251,6,0,0.03183170007738044,0.02390438247011952,0.0,0.0001957521777429774,0.0,-0.38161792921380133,2.848722737649948,1389
event_bars,2026-06-09 00:00:00+00:00,265,23,6,0.03341189578655161,0.08679245283018867,0.022641509433962263,0.0007503833480147467,0.0010404022888850356,-2.1850461594399384,4.418894773368138,791
event_bars,2026-06-10 00:00:00+00:00,255,13,3,0.03573765382870103,0.050980392156862744,0.011764705882352941,0.0004241297184431177,0.0005202011444425178,-0.34291704397039324,3.478475007051841,1124
event_bars,2026-06-11 00:00:00+00:00,215,14,6,0.03252573192922447,0.06511627906976744,0.027906976744186046,0.0004567550814002806,0.0010404022888850356,3.380997834908952,3.8788296758907133,962
event_bars,2026-06-12 00:00:00+00:00,192,8,1,0.036262395846046756,0.041666666666666664,0.005208333333333333,0.0002610029036573032,0.00017340038148083925,-0.08022337132440806,2.4577645596647235,1553
event_bars,2026-06-13 00:00:00+00:00,74,0,0,0.02836251882670104,0.0,0.0,0.0,0.0,1.3616412282145685,2.1515607712758213,1661
event_bars,2026-06-14 00:00:00+00:00,122,6,5,0.07144425361254397,0.04918032786885246,0.040983606557377046,0.0001957521777429774,0.0008670019074041963,1.9733134215302075,3.284050192294099,1211
event_bars,2026-06-15 00:00:00+00:00,201,9,5,0.031177750184613877,0.04477611940298507,0.024875621890547265,0.00029362826661446606,0.0008670019074041963,0.8846316441091233,2.9286311068076447,1350
event_bars,2026-06-16 00:00:00+00:00,165,6,3,0.052012171668400824,0.03636363636363636,0.01818181818181818,0.0001957521777429774,0.0005202011444425178,-0.9718815200254795,2.4613161412779574,1552
event_bars,2026-06-17 00:00:00+00:00,228,24,10,0.05091469665475236,0.10526315789473684,0.043859649122807015,0.0007830087109719096,0.0017340038148083927,-1.8013409217792427,3.8961062918510767,949
event_bars,2026-06-18 00:00:00+00:00,206,14,2,0.034238274335539186,0.06796116504854369,0.009708737864077669,0.0004567550814002806,0.0003468007629616785,-2.431574229537208,4.012596994965545,911
event_bars,2026-06-19 00:00:00+00:00,139,2,1,0.04685008065877619,0.014388489208633094,0.007194244604316547,6.52507259143258e-05,0.00017340038148083925,0.9310662451562359,2.236787561074328,1635
event_bars,2026-06-20 00:00:00+00:00,123,6,2,0.0506166493539776,0.04878048780487805,0.016260162601626018,0.0001957521777429774,0.0003468007629616785,1.1856222463344497,1.9367370035248423,1762
event_bars,2026-06-21 00:00:00+00:00,102,1,1,0.05756173489345626,0.00980392156862745,0.00980392156862745,3.26253629571629e-05,0.00017340038148083925,-1.5412998405246725,2.109822523459956,1685
event_bars,2026-06-22 00:00:00+00:00,191,7,4,0.03991718845322175,0.03664921465968586,0.020942408376963352,0.0002283775407001403,0.000693601525923357,1.104684962261535,3.586571620833534,1081
event_bars,2026-06-23 00:00:00+00:00,201,11,3,0.04018550743226863,0.05472636815920398,0.014925373134328358,0.0003588789925287919,0.0005202011444425178,-2.041956921948912,3.7702733516269156,1001
event_bars,2026-06-24 00:00:00+00:00,304,45,9,0.04294137503057976,0.14802631578947367,0.029605263157894735,0.0014681413330723304,0.0015606034333275533,-2.659595829164476,6.790231203576778,320
event_bars,2026-06-25 00:00:00+00:00,346,30,1,0.03332656947986011,0.08670520231213873,0.002890173410404624,0.000978760888714887,0.00017340038148083925,-2.117720552960393,6.50623585790531,353
event_bars,2026-06-26 00:00:00+00:00,322,17,1,0.028269569947980928,0.052795031055900624,0.003105590062111801,0.0005546311702717693,0.00017340038148083925,0.49964808238671277,4.110743277970244,883
event_bars,2026-06-27 00:00:00+00:00,112,1,1,0.04396952452457419,0.008928571428571428,0.008928571428571428,3.26253629571629e-05,0.00017340038148083925,-0.11926159175327179,1.8301965579364876,1812
event_bars,2026-06-28 00:00:00+00:00,138,3,2,0.06356726186707998,0.021739130434782608,0.014492753623188406,9.78760888714887e-05,0.0003468007629616785,-0.7531574548625816,2.7721476766846225,1418
event_bars,2026-06-29 00:00:00+00:00,266,22,3,0.0439495742274844,0.08270676691729323,0.011278195488721804,0.0007177579850575838,0.0005202011444425178,1.1262912850558968,3.191186469635988,1251
event_bars,2026-06-30 00:00:00+00:00,223,13,2,0.037639762988820054,0.05829596412556054,0.008968609865470852,0.0004241297184431177,0.0003468007629616785,-2.7255724660429124,3.53047391455004,1099
event_bars,2026-07-01 00:00:00+00:00,269,26,9,0.03850476099441629,0.09665427509293681,0.03345724907063197,0.0008482594368862354,0.0015606034333275533,2.3511053025162374,5.986641319409733,428
event_bars,2026-07-02 00:00:00+00:00,248,11,2,0.03148052218958314,0.04435483870967742,0.008064516129032258,0.0003588789925287919,0.0003468007629616785,2.535922406941155,4.313314929774357,818
event_bars,2026-07-03 00:00:00+00:00,161,5,3,0.03753778641749539,0.031055900621118012,0.018633540372670808,0.00016312681478581448,0.0005202011444425178,1.6549387769869381,2.7834196946110303,1412
event_bars,2026-07-04 00:00:00+00:00,119,3,1,0.044111404249011284,0.025210084033613446,0.008403361344537815,9.78760888714887e-05,0.00017340038148083925,0.8741282407252903,1.8249035690457887,1815
event_bars,2026-07-05 00:00:00+00:00,122,3,3,0.05272175937564018,0.02459016393442623,0.02459016393442623,9.78760888714887e-05,0.0005202011444425178,0.7925427337943481,2.50106390487971,1531
event_bars,2026-07-06 00:00:00+00:00,258,30,11,0.04494992226046382,0.11627906976744186,0.04263565891472868,0.000978760888714887,0.0019074041962892317,0.6367891352824024,5.390509836667735,547
event_bars,2026-07-07 00:00:00+00:00,213,3,1,0.03711906176482912,0.014084507042253521,0.004694835680751174,9.78760888714887e-05,0.00017340038148083925,-1.0805788923913955,2.615795912526152,1478
event_bars,2026-07-08 00:00:00+00:00,199,9,2,0.03615966403523752,0.04522613065326633,0.010050251256281407,0.00029362826661446606,0.0003468007629616785,-1.7200742256111372,3.5453121533976644,1092
event_bars,2026-07-09 00:00:00+00:00,199,4,1,0.03450066644790549,0.020100502512562814,0.005025125628140704,0.0001305014518286516,0.00017340038148083925,1.5016371971954687,2.906935680430885,1365
event_bars,2026-07-10 00:00:00+00:00,174,5,4,0.04135335986527321,0.028735632183908046,0.022988505747126436,0.00016312681478581448,0.000693601525923357,1.464606244328503,2.795356689351922,1408
event_bars,2026-07-11 00:00:00+00:00,39,0,0,0.025446113437002493,0.0,0.0,0.0,0.0,-0.5417779303010908,1.293026624118667,1957
event_bars,2026-07-13 00:00:00+00:00,195,5,4,0.05057128820189088,0.02564102564102564,0.020512820512820513,0.00016312681478581448,0.000693601525923357,-2.289383637774655,4.129639900982916,878
event_bars,2026-07-14 00:00:00+00:00,192,21,9,0.04507663859002591,0.109375,0.046875,0.0006851326221004208,0.0015606034333275533,4.253961914075712,4.537293263847927,758
event_bars,2026-07-15 00:00:00+00:00,165,3,1,0.03769442107753965,0.01818181818181818,0.006060606060606061,9.78760888714887e-05,0.00017340038148083925,-0.4519955897713203,1.7514977826098632,1841
event_bars,2026-07-16 00:00:00+00:00,163,3,0,0.04826786344664434,0.018404907975460124,0.0,9.78760888714887e-05,0.0,-1.432303995118072,1.9612540014890254,1752
event_bars,2026-07-17 00:00:00+00:00,181,3,1,0.05020130918228602,0.016574585635359115,0.0055248618784530384,9.78760888714887e-05,0.00017340038148083925,0.17038473791827122,2.919289331308331,1359
event_bars,2026-07-18 00:00:00+00:00,35,0,0,0.0190623759215041,0.0,0.0,0.0,0.0,1.393471411444992,1.5195673793826425,1901
event_bars,2026-07-20 00:00:00+00:00,159,8,5,0.03867185465633008,0.050314465408805034,0.031446540880503145,0.0002610029036573032,0.0008670019074041963,0.815893737503574,3.1686329830178948,1258
event_bars,2026-07-21 00:00:00+00:00,166,4,2,0.03922514958776455,0.024096385542168676,0.012048192771084338,0.0001305014518286516,0.0003468007629616785,1.9700501499687435,2.7399596784154343,1434
event_bars,2026-07-22 00:00:00+00:00,136,1,1,0.05647129979959159,0.007352941176470588,0.007352941176470588,3.26253629571629e-05,0.00017340038148083925,-0.6640834695804921,1.8243381259770775,1816
event_bars,2026-07-23 00:00:00+00:00,144,1,1,0.04988114787679931,0.006944444444444444,0.006944444444444444,3.26253629571629e-05,0.00017340038148083925,-1.543892883659753,2.5178518316114706,1525
event_bars,2026-07-24 00:00:00+00:00,155,5,4,0.050692118640364395,0.03225806451612903,0.025806451612903226,0.00016312681478581448,0.000693601525923357,-1.4755725163244044,3.2665172641402673,1216
event_bars,2026-07-25 00:00:00+00:00,42,0,0,0.04122087946647394,0.0,0.0,0.0,0.0,0.3450249657564046,1.0245249455947614,2019
event_bars,2026-07-27 00:00:00+00:00,134,8,5,0.05312369760207441,0.05970149253731343,0.03731343283582089,0.0002610029036573032,0.0008670019074041963,-2.5631941762985417,3.3346864852973668,1184
event_bars,2026-07-28 00:00:00+00:00,158,7,5,0.04246978050744622,0.04430379746835443,0.03164556962025317,0.0002283775407001403,0.0008670019074041963,0.286622728139101,2.247764357633361,1633
event_bars,2026-07-29 00:00:00+00:00,192,5,2,0.05316484887013326,0.026041666666666668,0.010416666666666666,0.00016312681478581448,0.0003468007629616785,0.08649917442254172,2.3164789749111354,1604
event_bars,2026-07-30 00:00:00+00:00,130,1,0,0.03949983830371495,0.007692307692307693,0.0,3.26253629571629e-05,0.0,1.2293011010690875,2.4557409857812007,1555
event_bars,2026-07-31 00:00:00+00:00,184,16,10,0.03974693031765993,0.08695652173913043,0.05434782608695652,0.0005220058073146064,0.0017340038148083927,-2.9625260048271067,4.665569164079942,724
event_bars,2026-08-01 00:00:00+00:00,35,0,0,0.0316870609477654,0.0,0.0,0.0,0.0,-0.10759860395913382,1.4324318717630842,1926
event_bars,2026-08-02 00:00:00+00:00,34,0,0,0.046765299820353885,0.0,0.0,0.0,0.0,1.1994543143678376,1.57507959487636,1892
event_bars,2026-08-03 00:00:00+00:00,153,7,2,0.0547090579880417,0.0457516339869281,0.013071895424836602,0.0002283775407001403,0.0003468007629616785,-0.08311871971966361,2.83505494761173,1395
event_bars,2026-08-04 00:00:00+00:00,144,3,2,0.04957707684100047,0.020833333333333332,0.013888888888888888,9.78760888714887e-05,0.0003468007629616785,0.9067840010698005,1.9134704965291016,1777
event_bars,2026-08-05 00:00:00+00:00,144,4,1,0.04501555958450682,0.027777777777777776,0.006944444444444444,0.0001305014518286516,0.00017340038148083925,0.8675404715118407,1.8236077915578432,1819
event_bars,2026-08-06 00:00:00+00:00,119,1,0,0.048930493139761194,0.008403361344537815,0.0,3.26253629571629e-05,0.0,-0.5180956878879762,1.333583440472592,1944
event_bars,2026-08-07 00:00:00+00:00,138,4,3,0.058281437027013314,0.028985507246376812,0.021739130434782608,0.0001305014518286516,0.0005202011444425178,0.9084778856023512,1.8994086173248388,1782
event_bars,2026-08-08 00:00:00+00:00,25,0,0,0.04490692508169734,0.0,0.0,0.0,0.0,0.06624863508200289,0.5828533137552372,2060
event_bars,2026-08-10 00:00:00+00:00,76,1,1,0.046762308672851166,0.013157894736842105,0.013157894736842105,3.26253629571629e-05,0.00017340038148083925,-1.4417156859822302,2.4553422356100594,1556
event_bars,2026-08-11 00:00:00+00:00,122,3,3,0.05617307420452735,0.02459016393442623,0.02459016393442623,9.78760888714887e-05,0.0005202011444425178,-0.5761073973666785,1.9712170708114547,1750
event_bars,2026-08-12 00:00:00+00:00,125,2,0,0.053935723621784004,0.016,0.0,6.52507259143258e-05,0.0,-0.1845283322645625,1.8272998705669385,1814
event_bars,2026-08-13 00:00:00+00:00,122,6,4,0.06218126373566308,0.04918032786885246,0.03278688524590164,0.0001957521777429774,0.000693601525923357,0.0033093979814045682,1.8782686826634643,1791
event_bars,2026-08-14 00:00:00+00:00,112,0,0,0.04677509728595262,0.0,0.0,0.0,0.0,-0.6984990252845319,1.7622698569826376,1837
event_bars,2026-08-15 00:00:00+00:00,15,0,0,0.025538847035315417,0.0,0.0,0.0,0.0,0.06187098036009275,0.4439156204426223,2067
event_bars,2026-08-17 00:00:00+00:00,84,1,1,0.05946294894193889,0.011904761904761904,0.011904761904761904,3.26253629571629e-05,0.00017340038148083925,2.5564254806982523,2.9484239381369686,1345
event_bars,2026-08-18 00:00:00+00:00,103,8,3,0.04433491569016111,0.07766990291262135,0.02912621359223301,0.0002610029036573032,0.0005202011444425178,0.29396738304138553,1.6719612091211027,1859
event_bars,2026-08-19 00:00:00+00:00,301,73,24,0.055244065361426266,0.2425249169435216,0.07973421926910298,0.0023816514958728916,0.0041616091555401425,6.891918868930083,9.397069406550484,130
event_bars,2026-08-20 00:00:00+00:00,347,20,2,0.024091950596762644,0.05763688760806916,0.005763688760806916,0.0006525072591432579,0.0003468007629616785,5.185099404854458,6.3523500959046935,374
event_bars,2026-08-21 00:00:00+00:00,536,44,2,0.03009841894110231,0.08208955223880597,0.0037313432835820895,0.0014355159701151675,0.0003468007629616785,7.022081325460331,8.609956516058958,166
event_bars,2026-08-22 00:00:00+00:00,202,5,0,0.024557167375602994,0.024752475247524754,0.0,0.00016312681478581448,0.0,-1.5761593166693935,2.9895017513832967,1327
event_bars,2026-08-23 00:00:00+00:00,173,12,7,0.04720923629525383,0.06936416184971098,0.04046242774566474,0.0003915043554859548,0.0012138026703658747,0.8198821666285272,3.2149475271698797,1241
event_bars,2026-08-24 00:00:00+00:00,303,36,9,0.03971381167571293,0.1188118811881188,0.0297029702970297,0.0011745130664578642,0.0015606034333275533,1.5752980987608312,4.247502613265746,843
event_bars,2026-08-25 00:00:00+00:00,303,20,6,0.02908119673464881,0.066006600660066,0.019801980198019802,0.0006525072591432579,0.0010404022888850356,-0.5684059904603826,4.353755820242966,801
event_bars,2026-08-26 00:00:00+00:00,180,3,2,0.03711789452483814,0.016666666666666666,0.011111111111111112,9.78760888714887e-05,0.0003468007629616785,0.6144980220979396,2.0408871631207033,1716
event_bars,2026-08-27 00:00:00+00:00,202,12,9,0.04146944134887214,0.0594059405940594,0.04455445544554455,0.0003915043554859548,0.0015606034333275533,1.5320815034783695,2.9154864296862715,1362
event_bars,2026-08-28 00:00:00+00:00,245,28,5,0.041207458857494654,0.11428571428571428,0.02040816326530612,0.0009135101628005612,0.0008670019074041963,-3.041721749948735,5.87072127543749,445
event_bars,2026-08-29 00:00:00+00:00,56,0,0,0.02970297241964683,0.0,0.0,0.0,0.0,0.5061335133291468,1.2358517623584366,1972
event_bars,2026-08-30 00:00:00+00:00,35,5,3,0.08597443686144142,0.14285714285714285,0.08571428571428572,0.00016312681478581448,0.0005202011444425178,-0.7264116051563781,3.118240303959789,1270
event_bars,2026-08-31 00:00:00+00:00,176,2,0,0.04210304407443325,0.011363636363636364,0.0,6.52507259143258e-05,0.0,1.1717068286226693,2.398645582340894,1580
time_bars,2021-01-01 00:00:00+00:00,188,5,5,0.0344023510913831,0.026595744680851064,0.026595744680851064,9.921028612246518e-05,0.0008394895903290799,1.3347291371595258,3.574349064803655,1085
time_bars,2021-01-02 00:00:00+00:00,288,39,6,0.054094754043813253,0.13541666666666666,0.020833333333333332,0.0007738402317552284,0.0010073875083948958,9.310902653298506,14.509345343120476,41
time_bars,2021-01-03 00:00:00+00:00,288,24,0,0.032949136876091696,0.08333333333333333,0.0,0.00047620937338783287,0.0,2.664693118128223,8.480715397512597,173
time_bars,2021-01-04 00:00:00+00:00,288,25,3,0.037942683210425786,0.08680555555555555,0.010416666666666666,0.0004960514306123259,0.0005036937541974479,-3.1555712756026573,19.10828247462485,12
time_bars,2021-01-05 00:00:00+00:00,288,30,0,0.03118272726767001,0.10416666666666667,0.0,0.000595261716734791,0.0,5.964066201859792,14.310084364067324,43
time_bars,2021-01-06 00:00:00+00:00,288,29,1,0.03839922275592764,0.10069444444444445,0.003472222222222222,0.000575419659510298,0.000167897918065816,7.979500374478449,10.467972614424632,94
time_bars,2021-01-07 00:00:00+00:00,288,32,3,0.03808300395364112,0.1111111111111111,0.010416666666666666,0.0006349458311837771,0.0005036937541974479,7.007600102105561,11.007449673375211,82
time_bars,2021-01-08 00:00:00+00:00,288,30,0,0.04041946196743293,0.10416666666666667,0.0,0.000595261716734791,0.0,2.8426502141436294,14.225223896592611,44
time_bars,2021-01-09 00:00:00+00:00,288,13,0,0.02645135438861719,0.04513888888888889,0.0,0.00025794674391840946,0.0,-1.256472989968773,6.995475084946012,294
time_bars,2021-01-10 00:00:00+00:00,288,37,4,0.04328721875293606,0.1284722222222222,0.013888888888888888,0.0007341561173062423,0.000671591672263264,-4.887230068718535,16.059755438569628,28
time_bars,2021-01-11 00:00:00+00:00,288,38,0,0.056012095315078655,0.13194444444444445,0.0,0.0007539981745307353,0.0,-7.588500275392429,23.00085302835467,5
time_bars,2021-01-12 00:00:00+00:00,288,27,0,0.027449822642992797,0.09375,0.0,0.0005357355450613119,0.0,-3.8874626023974215,11.828570411678086,65
time_bars,2021-01-13 00:00:00+00:00,288,30,0,0.032705679203090504,0.10416666666666667,0.0,0.000595261716734791,0.0,9.357192291710467,15.564775201034747,32
time_bars,2021-01-14 00:00:00+00:00,288,30,1,0.031670592063668374,0.10416666666666667,0.003472222222222222,0.000595261716734791,0.000167897918065816,4.578197553842432,8.90749488130527,148
time_bars,2021-01-15 00:00:00+00:00,288,41,2,0.04276886765789202,0.1423611111111111,0.006944444444444444,0.0008135243462042144,0.000335795836131632,-6.34633686953759,14.329418496605031,42
time_bars,2021-01-16 00:00:00+00:00,288,21,0,0.026852614945638356,0.07291666666666667,0.0,0.00041668320171435377,0.0,-2.004961027014032,7.183525309360019,278
time_bars,2021-01-17 00:00:00+00:00,288,25,0,0.030604288683894563,0.08680555555555555,0.0,0.0004960514306123259,0.0,-0.43346325520213813,8.581961086807532,168
time_bars,2021-01-18 00:00:00+00:00,288,19,2,0.02392742566321325,0.06597222222222222,0.006944444444444444,0.00037699908726536766,0.000335795836131632,2.235790923762215,7.575776854856084,246
time_bars,2021-01-19 00:00:00+00:00,288,21,0,0.029890750448991477,0.07291666666666667,0.0,0.00041668320171435377,0.0,-2.201683481758292,5.72157498686075,472
time_bars,2021-01-20 00:00:00+00:00,288,32,0,0.03458410961780183,0.1111111111111111,0.0,0.0006349458311837771,0.0,-1.0974488974119094,8.760954749962348,155
time_bars,2021-01-21 00:00:00+00:00,288,51,1,0.04114813093201436,0.17708333333333334,0.003472222222222222,0.0010119449184491447,0.000167897918065816,-13.940325245177771,16.983646188261353,24
time_bars,2021-01-22 00:00:00+00:00,288,22,0,0.02981992983199747,0.0763888888888889,0.0,0.00043652525893884676,0.0,6.612180246756223,15.824359829367346,30
time_bars,2021-01-23 00:00:00+00:00,288,14,1,0.02389740249711268,0.04861111111111111,0.003472222222222222,0.0002777888011429025,0.000167897918065816,-2.778063996610968,6.44290580538869,358
time_bars,2021-01-24 00:00:00+00:00,288,18,1,0.020478912806471912,0.0625,0.003472222222222222,0.00035715703004087466,0.000167897918065816,0.5877698681791681,6.9095300289589,307
time_bars,2021-01-25 00:00:00+00:00,288,22,1,0.033555766627421164,0.0763888888888889,0.003472222222222222,0.00043652525893884676,0.000167897918065816,-0.06570734187389893,8.863477488798175,149
time_bars,2021-01-26 00:00:00+00:00,288,25,0,0.03513301015478851,0.08680555555555555,0.0,0.0004960514306123259,0.0,0.6811935037819955,6.71519483399397,328
time_bars,2021-01-27 00:00:00+00:00,288,52,0,0.03767549547408074,0.18055555555555555,0.0,0.0010317869756736378,0.0,-6.664598225545128,10.761447153774412,92
time_bars,2021-01-28 00:00:00+00:00,288,21,0,0.02810148746427516,0.07291666666666667,0.0,0.00041668320171435377,0.0,9.466648998191912,12.387646313165794,60
time_bars,2021-01-29 00:00:00+00:00,288,54,3,0.05067246417750648,0.1875,0.010416666666666666,0.0010714710901226238,0.0005036937541974479,2.569576809867492,18.98313559499428,13
time_bars,2021-01-30 00:00:00+00:00,288,8,0,0.018258630669031013,0.027777777777777776,0.0,0.00015873645779594428,0.0,0.06654327768278093,6.3107167116904135,383
time_bars,2021-01-31 00:00:00+00:00,288,11,1,0.026414429259622958,0.03819444444444445,0.003472222222222222,0.00021826262946942338,0.000167897918065816,-3.4376128624859383,6.610917181225156,343
time_bars,2021-02-01 00:00:00+00:00,288,19,0,0.024814654457921977,0.06597222222222222,0.0,0.00037699908726536766,0.0,1.2628709096579898,7.155323579203725,281
time_bars,2021-02-02 00:00:00+00:00,288,21,3,0.029571430455496497,0.07291666666666667,0.010416666666666666,0.00041668320171435377,0.0005036937541974479,5.676340863138178,7.460539272879608,254
time_bars,2021-02-03 00:00:00+00:00,288,16,2,0.03209516540751788,0.05555555555555555,0.006944444444444444,0.00031747291559188856,0.000335795836131632,5.875228089331849,6.266582833015266,393
time_bars,2021-02-04 00:00:00+00:00,288,20,1,0.03575634401623881,0.06944444444444445,0.003472222222222222,0.0003968411444898607,0.000167897918065816,-1.7930642807639723,6.930009482509587,304
time_bars,2021-02-05 00:00:00+00:00,288,10,0,0.02539373947612999,0.034722222222222224,0.0,0.00019842057224493036,0.0,3.700163092103658,4.868098498824711,667
time_bars,2021-02-06 00:00:00+00:00,288,32,0,0.036371741274758757,0.1111111111111111,0.0,0.0006349458311837771,0.0,2.299825188615276,6.874651470010059,314
time_bars,2021-02-07 00:00:00+00:00,288,24,1,0.03578352485093052,0.08333333333333333,0.003472222222222222,0.00047620937338783287,0.000167897918065816,-1.0250698026422078,6.104967517129074,414
time_bars,2021-02-08 00:00:00+00:00,288,43,4,0.039112893786341904,0.14930555555555555,0.013888888888888888,0.0008532084606532005,0.000671591672263264,17.871636830671715,21.46897996358352,7
time_bars,2021-02-09 00:00:00+00:00,288,29,0,0.03147970984838207,0.10069444444444445,0.0,0.000575419659510298,0.0,0.08869871060331591,6.879205671337059,311
time_bars,2021-02-10 00:00:00+00:00,288,32,2,0.02445296159688247,0.1111111111111111,0.006944444444444444,0.0006349458311837771,0.000335795836131632,-3.5968066022399166,8.12546054955456,203
time_bars,2021-02-11 00:00:00+00:00,288,32,1,0.0322098628673866,0.1111111111111111,0.003472222222222222,0.0006349458311837771,0.000167897918065816,6.913101133204867,10.286028614732249,100
time_bars,2021-02-12 00:00:00+00:00,288,20,1,0.026773561125246176,0.06944444444444445,0.003472222222222222,0.0003968411444898607,0.000167897918065816,-1.4654861186783883,6.6229243226097925,338
time_bars,2021-02-13 00:00:00+00:00,288,15,0,0.024376394358886833,0.052083333333333336,0.0,0.0002976308583673955,0.0,-0.3010607903008814,4.31176315524051,819
time_bars,2021-02-14 00:00:00+00:00,288,24,1,0.03440610037258017,0.08333333333333333,0.003472222222222222,0.00047620937338783287,0.000167897918065816,2.990684403472784,5.739531567836696,465
time_bars,2021-02-15 00:00:00+00:00,288,23,2,0.030896985945816455,0.0798611111111111,0.006944444444444444,0.0004563673161633398,0.000335795836131632,-1.39417071107966,7.946627845721266,217
time_bars,2021-02-16 00:00:00+00:00,288,36,2,0.03788200414678936,0.125,0.006944444444444444,0.0007143140600817493,0.000335795836131632,2.4869098966628407,7.861761772441334,225
time_bars,2021-02-17 00:00:00+00:00,288,32,0,0.032227718417011685,0.1111111111111111,0.0,0.0006349458311837771,0.0,5.912787500048744,7.408658543603226,260
time_bars,2021-02-18 00:00:00+00:00,288,13,0,0.02996794181873374,0.04513888888888889,0.0,0.00025794674391840946,0.0,-1.0996911810354317,3.26707822895487,1215
time_bars,2021-02-19 00:00:00+00:00,288,33,3,0.04360489294795328,0.11458333333333333,0.010416666666666666,0.0006547878884082701,0.0005036937541974479,8.166178613497491,10.779455884382141,90
time_bars,2021-02-20 00:00:00+00:00,288,23,1,0.0373272464694903,0.0798611111111111,0.003472222222222222,0.0004563673161633398,0.000167897918065816,-0.15387652156020648,6.801660435025838,319
time_bars,2021-02-21 00:00:00+00:00,288,17,0,0.026088842375498713,0.059027777777777776,0.0,0.0003373149728163816,0.0,2.8333474795739484,5.100589335674789,613
time_bars,2021-02-22 00:00:00+00:00,288,50,3,0.05074325612402764,0.1736111111111111,0.010416666666666666,0.0009921028612246518,0.0005036937541974479,-6.013464174665704,18.73726072020393,17
time_bars,2021-02-23 00:00:00+00:00,288,21,0,0.044785951237512986,0.07291666666666667,0.0,0.00041668320171435377,0.0,-10.094538784658099,18.948937272539695,14
time_bars,2021-02-24 00:00:00+00:00,288,15,0,0.0281242654432267,0.052083333333333336,0.0,0.0002976308583673955,0.0,1.5654867664262055,9.018254917758886,145
time_bars,2021-02-25 00:00:00+00:00,288,47,0,0.03915100486363682,0.16319444444444445,0.0,0.0009325766895511726,0.0,-5.406287342516365,11.040361644165401,81
time_bars,2021-02-26 00:00:00+00:00,288,32,0,0.03936853085827694,0.1111111111111111,0.0,0.0006349458311837771,0.0,-1.6503911385558643,9.382505363759366,132
time_bars,2021-02-27 00:00:00+00:00,288,25,1,0.026147815658145477,0.08680555555555555,0.003472222222222222,0.0004960514306123259,0.000167897918065816,-0.45552920142766196,7.603603065211345,242
time_bars,2021-02-28 00:00:00+00:00,288,53,0,0.04028439726495924,0.1840277777777778,0.0,0.001051629032898131,0.0,-2.0463685726434635,8.202517262325127,195
time_bars,2021-03-01 00:00:00+00:00,288,32,0,0.028682377233246705,0.1111111111111111,0.0,0.0006349458311837771,0.0,9.357344909394733,10.19640145340355,103
time_bars,2021-03-02 00:00:00+00:00,277,24,1,0.04060595709036877,0.08664259927797834,0.0036101083032490976,0.00047620937338783287,0.000167897918065816,-2.334571759125361,6.506643955060855,352
time_bars,2021-03-03 00:00:00+00:00,288,39,0,0.03668445124383826,0.13541666666666666,0.0,0.0007738402317552284,0.0,3.8850977796609385,9.076076591485391,143
time_bars,2021-03-04 00:00:00+00:00,288,39,0,0.04125507295483904,0.13541666666666666,0.0,0.0007738402317552284,0.0,-4.026444383397551,8.666043822484195,163
time_bars,2021-03-05 00:00:00+00:00,288,38,0,0.03385048767947284,0.13194444444444445,0.0,0.0007539981745307353,0.0,0.792129493725789,6.579259197487744,347
time_bars,2021-03-06 00:00:00+00:00,288,20,0,0.027934711345325918,0.06944444444444445,0.0,0.0003968411444898607,0.0,0.27747509891923783,4.4922406230267855,776
time_bars,2021-03-07 00:00:00+00:00,288,27,1,0.03814559224058986,0.09375,0.003472222222222222,0.0005357355450613119,0.000167897918065816,4.17876072763993,5.124810667913119,605
time_bars,2021-03-08 00:00:00+00:00,288,30,0,0.037558664759656045,0.10416666666666667,0.0,0.000595261716734791,0.0,2.781206439081809,6.17334346062715,405
time_bars,2021-03-09 00:00:00+00:00,288,27,0,0.03354426888793754,0.09375,0.0,0.0005357355450613119,0.0,4.626971603050997,5.7490321401387146,464
time_bars,2021-03-10 00:00:00+00:00,288,50,0,0.04589967139237164,0.1736111111111111,0.0,0.0009921028612246518,0.0,1.8585172792063203,8.035875255453979,208
time_bars,2021-03-11 00:00:00+00:00,288,32,0,0.03828255305688771,0.1111111111111111,0.0,0.0006349458311837771,0.0,3.3219324780676818,6.974735782901198,300
time_bars,2021-03-12 00:00:00+00:00,288,34,0,0.03939878760190073,0.11805555555555555,0.0,0.0006746299456327632,0.0,-0.9693137624344268,5.496726475709827,522
time_bars,2021-03-13 00:00:00+00:00,288,26,1,0.030978923783004646,0.09027777777777778,0.003472222222222222,0.0005158934878368189,0.000167897918065816,6.710381242178268,9.855029012516386,119
time_bars,2021-03-14 00:00:00+00:00,288,22,0,0.03251651479846682,0.0763888888888889,0.0,0.00043652525893884676,0.0,-3.7081655318262636,4.62488154027105,737
time_bars,2021-03-15 00:00:00+00:00,288,51,3,0.04352589030548353,0.17708333333333334,0.010416666666666666,0.0010119449184491447,0.0005036937541974479,-5.914506980561124,10.808474398245846,89
time_bars,2021-03-16 00:00:00+00:00,288,25,0,0.03502942531488498,0.08680555555555555,0.0,0.0004960514306123259,0.0,2.3226101072705325,6.624794327753891,337
time_bars,2021-03-17 00:00:00+00:00,288,52,1,0.038665996325567914,0.18055555555555555,0.003472222222222222,0.0010317869756736378,0.000167897918065816,3.4658764054106963,8.702296404854694,159
time_bars,2021-03-18 00:00:00+00:00,288,28,1,0.03572539780444158,0.09722222222222222,0.003472222222222222,0.000555577602285805,0.000167897918065816,-2.158510987106974,5.84950120176944,447
time_bars,2021-03-19 00:00:00+00:00,288,27,2,0.03256801947611712,0.09375,0.006944444444444444,0.0005357355450613119,0.000335795836131632,0.6720864009270865,5.609920318362075,498
time_bars,2021-03-20 00:00:00+00:00,288,22,0,0.030464777124905765,0.0763888888888889,0.0,0.00043652525893884676,0.0,0.09721708702858696,3.508834104362804,1107
time_bars,2021-03-21 00:00:00+00:00,288,19,2,0.03414799639009909,0.06597222222222222,0.006944444444444444,0.00037699908726536766,0.000335795836131632,-1.2621531311479142,5.675121704223042,482
time_bars,2021-03-22 00:00:00+00:00,288,37,3,0.04168130009585412,0.1284722222222222,0.010416666666666666,0.0007341561173062423,0.0005036937541974479,-5.892847026591947,8.68098122235872,161
time_bars,2021-03-23 00:00:00+00:00,288,16,0,0.03158198637773166,0.05555555555555555,0.0,0.00031747291559188856,0.0,0.49837216653934824,5.345673140287015,564
time_bars,2021-03-24 00:00:00+00:00,288,49,2,0.0468360553575678,0.1701388888888889,0.006944444444444444,0.0009722608040001587,0.000335795836131632,-3.9147157035069475,10.236200533802275,102
time_bars,2021-03-25 00:00:00+00:00,288,34,1,0.038348133964792676,0.11805555555555555,0.003472222222222222,0.0006746299456327632,0.000167897918065816,-1.8851409603237748,5.407147751471835,542
time_bars,2021-03-26 00:00:00+00:00,288,23,0,0.026288312033301182,0.0798611111111111,0.0,0.0004563673161633398,0.0,6.969643660173322,7.2656330993768865,267
time_bars,2021-03-27 00:00:00+00:00,288,24,1,0.03673088146658844,0.08333333333333333,0.003472222222222222,0.00047620937338783287,0.000167897918065816,1.4523710782999626,4.8044044323926265,686
time_bars,2021-03-28 00:00:00+00:00,288,14,0,0.033791265208256524,0.04861111111111111,0.0,0.0002777888011429025,0.0,-0.041063097644633284,3.40317746931574,1157
time_bars,2021-03-29 00:00:00+00:00,288,30,3,0.03861000678988809,0.10416666666666667,0.010416666666666666,0.000595261716734791,0.0005036937541974479,3.3021158164620408,6.27770972447559,390
time_bars,2021-03-30 00:00:00+00:00,288,16,1,0.03192674827539209,0.05555555555555555,0.003472222222222222,0.00031747291559188856,0.000167897918065816,1.9117300898931364,4.200497513903672,856
time_bars,2021-03-31 00:00:00+00:00,288,25,1,0.03809372545579802,0.08680555555555555,0.003472222222222222,0.0004960514306123259,0.000167897918065816,0.02222762474330283,5.326276819008236,570
time_bars,2021-04-01 00:00:00+00:00,288,13,1,0.02591989426798291,0.04513888888888889,0.003472222222222222,0.00025794674391840946,0.000167897918065816,-0.032396011849633526,2.7047535927344692,1441
time_bars,2021-04-02 00:00:00+00:00,288,12,2,0.026229912366764682,0.041666666666666664,0.006944444444444444,0.00023810468669391643,0.000335795836131632,0.39684706749116866,3.209719591773339,1243
time_bars,2021-04-03 00:00:00+00:00,288,15,7,0.044041732216506806,0.052083333333333336,0.024305555555555556,0.0002976308583673955,0.0011752854264607119,-3.2617916424514233,5.179843918816291,599
time_bars,2021-04-04 00:00:00+00:00,288,12,0,0.026929159355220503,0.041666666666666664,0.0,0.00023810468669391643,0.0,1.9069088791059154,3.536519346944277,1096
time_bars,2021-04-05 00:00:00+00:00,288,13,0,0.037324186100133924,0.04513888888888889,0.0,0.00025794674391840946,0.0,1.7174361081724476,4.434796151809454,786
time_bars,2021-04-06 00:00:00+00:00,288,9,3,0.03494694907506041,0.03125,0.010416666666666666,0.00017857851502043733,0.0005036937541974479,-2.0177595044731893,3.630979156576809,1059
time_bars,2021-04-07 00:00:00+00:00,288,24,6,0.044839011141836915,0.08333333333333333,0.020833333333333332,0.00047620937338783287,0.0010073875083948958,-3.580067768928188,5.57476647439478,508
time_bars,2021-04-08 00:00:00+00:00,288,6,0,0.029918420613047655,0.020833333333333332,0.0,0.00011905234334695822,0.0,3.6872620617749083,4.284419098934165,825
time_bars,2021-04-09 00:00:00+00:00,288,8,3,0.0350906612783548,0.027777777777777776,0.010416666666666666,0.00015873645779594428,0.0005036937541974479,0.09131638613082081,2.1432453469326096,1665
time_bars,2021-04-10 00:00:00+00:00,288,26,5,0.04244678708445228,0.09027777777777778,0.017361111111111112,0.0005158934878368189,0.0008394895903290799,2.8074235529685216,6.442720047310484,359
time_bars,2021-04-11 00:00:00+00:00,288,6,0,0.03252695400202863,0.020833333333333332,0.0,0.00011905234334695822,0.0,0.4298945027900454,2.519028741881201,1524
time_bars,2021-04-12 00:00:00+00:00,288,13,2,0.03590907214236709,0.04513888888888889,0.006944444444444444,0.00025794674391840946,0.000335795836131632,-0.30345567168038834,3.2246058854017012,1236
time_bars,2021-04-13 00:00:00+00:00,288,26,3,0.038576421034941744,0.09027777777777778,0.010416666666666666,0.0005158934878368189,0.0005036937541974479,6.053146979991084,6.431076320793601,360
time_bars,2021-04-14 00:00:00+00:00,288,38,3,0.04476229655605515,0.13194444444444445,0.010416666666666666,0.0007539981745307353,0.0005036937541974479,-0.9883697883182971,5.669857514153531,484
time_bars,2021-04-15 00:00:00+00:00,288,3,0,0.025869534527337232,0.010416666666666666,0.0,5.952617167347911e-05,0.0,0.3393405077078666,2.7732832704125325,1416
time_bars,2021-04-16 00:00:00+00:00,288,20,3,0.03811026192771729,0.06944444444444445,0.010416666666666666,0.0003968411444898607,0.0005036937541974479,-2.9183023204678853,5.660362880491451,487
time_bars,2021-04-17 00:00:00+00:00,288,14,1,0.03638582376217984,0.04861111111111111,0.003472222222222222,0.0002777888011429025,0.000167897918065816,-2.196577780574104,4.893392150729366,661
time_bars,2021-04-18 00:00:00+00:00,288,45,4,0.040447070926920264,0.15625,0.013888888888888888,0.0008928925751021866,0.000671591672263264,-6.799630661779163,18.879407129957215,15
time_bars,2021-04-19 00:00:00+00:00,288,28,0,0.034187404312643374,0.09722222222222222,0.0,0.000555577602285805,0.0,-0.9047926335372085,5.967257336378778,431
time_bars,2021-04-20 00:00:00+00:00,288,24,1,0.034700913662090584,0.08333333333333333,0.003472222222222222,0.00047620937338783287,0.000167897918065816,1.3855019536880822,6.758894533005449,322
time_bars,2021-04-21 00:00:00+00:00,288,20,1,0.03659099782200856,0.06944444444444445,0.003472222222222222,0.0003968411444898607,0.000167897918065816,-4.739513953026745,5.703950275156925,477
time_bars,2021-04-22 00:00:00+00:00,288,42,3,0.04583570145213343,0.14583333333333334,0.010416666666666666,0.0008333664034287075,0.0005036937541974479,-3.939836625367331,9.319842299781076,135
time_bars,2021-04-23 00:00:00+00:00,288,25,0,0.03466704738906884,0.08680555555555555,0.0,0.0004960514306123259,0.0,-1.1513466125839167,9.24615029896606,136
time_bars,2021-04-24 00:00:00+00:00,288,16,0,0.031004687229301893,0.05555555555555555,0.0,0.00031747291559188856,0.0,-2.035795634329438,4.994373966257087,634
time_bars,2021-04-25 00:00:00+00:00,288,23,2,0.038277349028215696,0.0798611111111111,0.006944444444444444,0.0004563673161633398,0.000335795836131632,-2.078228486205663,7.484842964627298,253
time_bars,2021-04-26 00:00:00+00:00,288,36,1,0.034995740510549135,0.125,0.003472222222222222,0.0007143140600817493,0.000167897918065816,9.556947383683493,10.87467125257608,86
time_bars,2021-04-27 00:00:00+00:00,288,13,0,0.027667375096783107,0.04513888888888889,0.0,0.00025794674391840946,0.0,1.8752810633841925,4.1852179633421,863
time_bars,2021-04-28 00:00:00+00:00,288,17,2,0.04027219450251746,0.059027777777777776,0.006944444444444444,0.0003373149728163816,0.000335795836131632,-0.26300662064112884,4.931227046731573,648
time_bars,2021-04-29 00:00:00+00:00,288,21,1,0.034044801252542646,0.07291666666666667,0.003472222222222222,0.00041668320171435377,0.000167897918065816,-2.40364508649704,5.340984946532747,566
time_bars,2021-04-30 00:00:00+00:00,288,22,1,0.034997344738348264,0.0763888888888889,0.003472222222222222,0.00043652525893884676,0.000167897918065816,7.4206790991308,8.820709852329573,150
time_bars,2021-05-01 00:00:00+00:00,288,7,0,0.03351397568415419,0.024305555555555556,0.0,0.00013889440057145126,0.0,0.2563091196230843,2.4874875455190457,1540
time_bars,2021-05-02 00:00:00+00:00,288,11,1,0.03349062174276267,0.03819444444444445,0.003472222222222222,0.00021826262946942338,0.000167897918065816,-2.1072763332979108,3.2616787325353345,1221
time_bars,2021-05-03 00:00:00+00:00,288,21,1,0.043502728591559625,0.07291666666666667,0.003472222222222222,0.00041668320171435377,0.000167897918065816,1.0268246523908497,4.4243994244214,789
time_bars,2021-05-04 00:00:00+00:00,288,30,2,0.04075854836688422,0.10416666666666667,0.006944444444444444,0.000595261716734791,0.000335795836131632,-7.156539114171073,7.541827731534203,248
time_bars,2021-05-05 00:00:00+00:00,288,19,0,0.034827746098370825,0.06597222222222222,0.0,0.00037699908726536766,0.0,7.656058405675803,9.137561074189886,140
time_bars,2021-05-06 00:00:00+00:00,288,15,1,0.03591003376532043,0.052083333333333336,0.003472222222222222,0.0002976308583673955,0.000167897918065816,-1.8650255309273711,5.543657395571171,513
time_bars,2021-05-07 00:00:00+00:00,288,18,0,0.033915023699174235,0.0625,0.0,0.00035715703004087466,0.0,1.6092452620823612,6.136894637629202,408
time_bars,2021-05-08 00:00:00+00:00,288,26,1,0.03471433141350123,0.09027777777777778,0.003472222222222222,0.0005158934878368189,0.000167897918065816,2.7035946581240387,4.513267262705988,768
time_bars,2021-05-09 00:00:00+00:00,288,14,1,0.02997969574351352,0.04861111111111111,0.003472222222222222,0.0002777888011429025,0.000167897918065816,-1.0814573955684426,5.222386666893734,592
time_bars,2021-05-10 00:00:00+00:00,288,43,4,0.04570998335775792,0.14930555555555555,0.013888888888888888,0.0008532084606532005,0.000671591672263264,-4.245229790205194,11.356339954349917,75
time_bars,2021-05-11 00:00:00+00:00,288,6,0,0.028049333132064775,0.020833333333333332,0.0,0.00011905234334695822,0.0,1.4941141247955596,4.248876349605225,842
time_bars,2021-05-12 00:00:00+00:00,288,47,7,0.05275452693077783,0.16319444444444445,0.024305555555555556,0.0009325766895511726,0.0011752854264607119,-13.40928253373047,17.966362750618327,21
time_bars,2021-05-13 00:00:00+00:00,288,38,1,0.03477064459194835,0.13194444444444445,0.003472222222222222,0.0007539981745307353,0.000167897918065816,0.2327891160659,11.899370630413124,63
time_bars,2021-05-14 00:00:00+00:00,288,15,0,0.02563681731329912,0.052083333333333336,0.0,0.0002976308583673955,0.0,0.335410580452232,5.30502783070426,576
time_bars,2021-05-15 00:00:00+00:00,288,45,0,0.042729531411566074,0.15625,0.0,0.0008928925751021866,0.0,-6.374260634055576,8.484788553466572,172
time_bars,2021-05-16 00:00:00+00:00,288,50,1,0.04146292911911878,0.1736111111111111,0.003472222222222222,0.0009921028612246518,0.000167897918065816,-0.7844996421996011,12.746543805763691,55
time_bars,2021-05-17 00:00:00+00:00,288,32,0,0.0347909916156744,0.1111111111111111,0.0,0.0006349458311837771,0.0,-6.364913341649476,10.152169372714127,105
time_bars,2021-05-18 00:00:00+00:00,288,26,0,0.03499552002336744,0.09027777777777778,0.0,0.0005158934878368189,0.0,-1.579208375508536,8.127096063996056,201
time_bars,2021-05-19 00:00:00+00:00,288,46,3,0.05510824726289621,0.1597222222222222,0.010416666666666666,0.0009127346323266796,0.0005036937541974479,-15.59839516196942,41.89435337344298,1
time_bars,2021-05-20 00:00:00+00:00,288,12,0,0.02123576352685361,0.041666666666666664,0.0,0.00023810468669391643,0.0,9.876398834390859,19.659151942863318,11
time_bars,2021-05-21 00:00:00+00:00,288,29,0,0.03231170312690256,0.10069444444444445,0.0,0.000575419659510298,0.0,-8.449551836203677,23.553165067159217,4
time_bars,2021-05-22 00:00:00+00:00,288,9,0,0.021125790959753452,0.03125,0.0,0.00017857851502043733,0.0,0.5807777215529897,9.866495165555376,118
time_bars,2021-05-23 00:00:00+00:00,288,31,0,0.043325663290399795,0.1076388888888889,0.0,0.0006151037739592841,0.0,-7.7288907679002605,20.73479529805094,8
time_bars,2021-05-24 00:00:00+00:00,288,22,1,0.028040281462457746,0.0763888888888889,0.003472222222222222,0.00043652525893884676,0.000167897918065816,11.240971850142355,14.973684947009922,34
time_bars,2021-05-25 00:00:00+00:00,288,16,0,0.030049569219142664,0.05555555555555555,0.0,0.00031747291559188856,0.0,-1.1846527137827079,8.796846962983459,152
time_bars,2021-05-26 00:00:00+00:00,288,28,0,0.03393846259006717,0.09722222222222222,0.0,0.000555577602285805,0.0,2.314346921249667,7.869504242529199,224
time_bars,2021-05-27 00:00:00+00:00,288,20,0,0.03613663398272818,0.06944444444444445,0.0,0.0003968411444898607,0.0,-1.7925000835396858,8.527822794010723,171
time_bars,2021-05-28 00:00:00+00:00,288,35,1,0.04127892332243877,0.12152777777777778,0.003472222222222222,0.0006944720028572562,0.000167897918065816,-7.718245395543967,11.425565450656503,72
time_bars,2021-05-29 00:00:00+00:00,288,30,0,0.03256490847628393,0.10416666666666667,0.0,0.000595261716734791,0.0,-3.0139044160970028,10.498897562011374,93
time_bars,2021-05-30 00:00:00+00:00,288,13,0,0.02924684901083697,0.04513888888888889,0.0,0.00025794674391840946,0.0,2.9600918802224747,9.01019912486828,146
time_bars,2021-05-31 00:00:00+00:00,288,38,0,0.03714343210865296,0.13194444444444445,0.0,0.0007539981745307353,0.0,4.3674574441752885,9.357834695956605,133
time_bars,2021-06-01 00:00:00+00:00,288,35,0,0.039923081099963176,0.12152777777777778,0.0,0.0006944720028572562,0.0,-1.495328826213602,6.525375825226005,351
time_bars,2021-06-02 00:00:00+00:00,288,26,0,0.027238637036397083,0.09027777777777778,0.0,0.0005158934878368189,0.0,2.3582256117954574,6.282219391692482,389
time_bars,2021-06-03 00:00:00+00:00,288,42,1,0.035563034371040976,0.14583333333333334,0.003472222222222222,0.0008333664034287075,0.000167897918065816,4.367934041022278,6.05730808340784,420
time_bars,2021-06-04 00:00:00+00:00,288,37,3,0.041318591025234185,0.1284722222222222,0.010416666666666666,0.0007341561173062423,0.0005036937541974479,-6.3625959973243855,10.014632803741712,110
time_bars,2021-06-05 00:00:00+00:00,288,36,1,0.03707196943928289,0.125,0.003472222222222222,0.0007143140600817493,0.000167897918065816,-3.676541753650681,8.534665398427077,169
time_bars,2021-06-06 00:00:00+00:00,288,28,0,0.026578298723877018,0.09722222222222222,0.0,0.000555577602285805,0.0,0.8521272706925274,3.6792896522516134,1036
time_bars,2021-06-07 00:00:00+00:00,288,52,3,0.039419289716759745,0.18055555555555555,0.010416666666666666,0.0010317869756736378,0.0005036937541974479,-6.4930180611794786,10.349129988248892,97
time_bars,2021-06-08 00:00:00+00:00,288,40,1,0.03702846085004388,0.1388888888888889,0.003472222222222222,0.0007936822889797214,0.000167897918065816,-0.5331170343093137,9.518306514687954,125
time_bars,2021-06-09 00:00:00+00:00,288,35,1,0.03831617108382543,0.12152777777777778,0.003472222222222222,0.0006944720028572562,0.000167897918065816,11.309216078832097,14.679275432098985,39
time_bars,2021-06-10 00:00:00+00:00,288,19,1,0.03144489283675567,0.06597222222222222,0.003472222222222222,0.00037699908726536766,0.000167897918065816,-1.8918265747153256,7.382221704390478,261
time_bars,2021-06-11 00:00:00+00:00,288,20,0,0.027441055215081923,0.06944444444444445,0.0,0.0003968411444898607,0.0,1.7055149189166088,4.837994607146951,675
time_bars,2021-06-12 00:00:00+00:00,288,31,1,0.037574181068243624,0.1076388888888889,0.003472222222222222,0.0006151037739592841,0.000167897918065816,-4.842850432978484,7.910524804019515,221
time_bars,2021-06-13 00:00:00+00:00,288,43,3,0.03886245221110449,0.14930555555555555,0.010416666666666666,0.0008532084606532005,0.0005036937541974479,9.285395223290866,12.524556923146877,59
time_bars,2021-06-14 00:00:00+00:00,288,35,1,0.032768200719503496,0.12152777777777778,0.003472222222222222,0.0006944720028572562,0.000167897918065816,3.7633733274378223,5.721580429593153,471
time_bars,2021-06-15 00:00:00+00:00,288,36,1,0.035580485443796654,0.125,0.003472222222222222,0.0007143140600817493,0.000167897918065816,-0.8837351969357211,4.729416929531269,705
time_bars,2021-06-16 00:00:00+00:00,288,26,1,0.036783464068937205,0.09027777777777778,0.003472222222222222,0.0005158934878368189,0.000167897918065816,-4.5572091271193695,6.083300258287245,418
time_bars,2021-06-17 00:00:00+00:00,288,28,1,0.03279027558414218,0.09722222222222222,0.003472222222222222,0.000555577602285805,0.000167897918065816,-0.7369644082996901,5.802009287860468,453
time_bars,2021-06-18 00:00:00+00:00,288,45,2,0.043387049813422666,0.15625,0.006944444444444444,0.0008928925751021866,0.000335795836131632,-6.091595873806424,8.458202774914263,176
time_bars,2021-06-19 00:00:00+00:00,288,27,1,0.034881837740330955,0.09375,0.003472222222222222,0.0005357355450613119,0.000167897918065816,-0.9212849166064676,4.968209994577233,640
time_bars,2021-06-20 00:00:00+00:00,288,46,2,0.04060811816710197,0.1597222222222222,0.006944444444444444,0.0009127346323266796,0.000335795836131632,0.2972495440206897,8.189755919435685,196
time_bars,2021-06-21 00:00:00+00:00,288,36,1,0.04964818981862675,0.125,0.003472222222222222,0.0007143140600817493,0.000167897918065816,-11.867894784664205,13.441051173252458,47
time_bars,2021-06-22 00:00:00+00:00,288,30,1,0.039844595544972966,0.10416666666666667,0.003472222222222222,0.000595261716734791,0.000167897918065816,2.7770028851116875,14.50952623148735,40
time_bars,2021-06-23 00:00:00+00:00,288,20,0,0.028275188019841843,0.06944444444444445,0.0,0.0003968411444898607,0.0,3.486633312910812,9.488322890249684,127
time_bars,2021-06-24 00:00:00+00:00,288,28,0,0.03622817317071028,0.09722222222222222,0.0,0.000555577602285805,0.0,2.9102330762419255,9.18349672684248,138
time_bars,2021-06-25 00:00:00+00:00,288,50,0,0.04819862658648788,0.1736111111111111,0.0,0.0009921028612246518,0.0,-9.29971458472472,12.75133202989595,54
time_bars,2021-06-26 00:00:00+00:00,288,26,0,0.03907091383816169,0.09027777777777778,0.0,0.0005158934878368189,0.0,2.1509103276254726,8.28130010971083,188
time_bars,2021-06-27 00:00:00+00:00,288,30,0,0.034263818935290534,0.10416666666666667,0.0,0.000595261716734791,0.0,7.286275114862607,8.403971524321433,181
time_bars,2021-06-28 00:00:00+00:00,288,21,0,0.03244505605449472,0.07291666666666667,0.0,0.00041668320171435377,0.0,-0.5796624915588948,4.12119583504175,879
time_bars,2021-06-29 00:00:00+00:00,288,39,0,0.03818454090561449,0.13541666666666666,0.0,0.0007738402317552284,0.0,4.048063248614959,6.827539106015486,316
time_bars,2021-06-30 00:00:00+00:00,288,30,1,0.03754107737209877,0.10416666666666667,0.003472222222222222,0.000595261716734791,0.000167897918065816,-2.4796353884365026,5.839791631106484,448
time_bars,2021-07-01 00:00:00+00:00,288,31,1,0.036894787521124475,0.1076388888888889,0.003472222222222222,0.0006151037739592841,0.000167897918065816,-4.499882427718913,7.01127129858869,290
time_bars,2021-07-02 00:00:00+00:00,288,28,0,0.031985699731400245,0.09722222222222222,0.0,0.000555577602285805,0.0,0.80588205230104,3.8297699920685635,980
time_bars,2021-07-03 00:00:00+00:00,288,24,3,0.03590613480955975,0.08333333333333333,0.010416666666666666,0.00047620937338783287,0.0005036937541974479,2.607805757930541,4.839911847282385,674
time_bars,2021-07-04 00:00:00+00:00,288,32,1,0.032392120033141236,0.1111111111111111,0.003472222222222222,0.0006349458311837771,0.000167897918065816,1.7927229933964002,4.595075768619543,745
time_bars,2021-07-05 00:00:00+00:00,288,47,4,0.04642922883622193,0.16319444444444445,0.013888888888888888,0.0009325766895511726,0.000671591672263264,-4.663303573017632,6.588337583008384,345
time_bars,2021-07-06 00:00:00+00:00,288,37,2,0.03714743071695168,0.1284722222222222,0.006944444444444444,0.0007341561173062423,0.000335795836131632,1.571334563292006,4.722532993589519,708
time_bars,2021-07-07 00:00:00+00:00,288,34,1,0.029262887736848913,0.11805555555555555,0.003472222222222222,0.0006746299456327632,0.000167897918065816,-1.0590879760156506,3.8731251442656682,968
time_bars,2021-07-08 00:00:00+00:00,288,52,3,0.042861002706100035,0.18055555555555555,0.010416666666666666,0.0010317869756736378,0.0005036937541974479,-2.9796048599181493,5.591367737090169,504
time_bars,2021-07-09 00:00:00+00:00,288,35,2,0.0328270472243138,0.12152777777777778,0.006944444444444444,0.0006944720028572562,0.000335795836131632,2.85050760069951,5.577934104768962,506
time_bars,2021-07-10 00:00:00+00:00,288,33,2,0.036680273594857565,0.11458333333333333,0.006944444444444444,0.0006547878884082701,0.000335795836131632,-0.91238778512961,3.6834558129634614,1033
time_bars,2021-07-11 00:00:00+00:00,288,33,1,0.03480982467191114,0.11458333333333333,0.003472222222222222,0.0006547878884082701,0.000167897918065816,2.2312660891809175,3.897092353517384,948
time_bars,2021-07-12 00:00:00+00:00,288,59,3,0.042390517161242175,0.2048611111111111,0.010416666666666666,0.0011706813762450891,0.0005036937541974479,-3.5211524641320593,5.982019061035233,430
time_bars,2021-07-13 00:00:00+00:00,288,40,2,0.03722318867929646,0.1388888888888889,0.006944444444444444,0.0007936822889797214,0.000335795836131632,-1.0999511173722136,3.5075560481919483,1108
time_bars,2021-07-14 00:00:00+00:00,288,37,2,0.035462031759589424,0.1284722222222222,0.006944444444444444,0.0007341561173062423,0.000335795836131632,0.29115897147645947,5.007651068481364,629
time_bars,2021-07-15 00:00:00+00:00,288,32,3,0.04117382013495391,0.1111111111111111,0.010416666666666666,0.0006349458311837771,0.0005036937541974479,-2.8966870038784553,6.315268655310868,382
time_bars,2021-07-16 00:00:00+00:00,288,35,1,0.03348062703985107,0.12152777777777778,0.003472222222222222,0.0006944720028572562,0.000167897918065816,-1.526010948780325,3.877629029249162,964
time_bars,2021-07-17 00:00:00+00:00,288,31,0,0.030593336924294175,0.1076388888888889,0.0,0.0006151037739592841,0.0,0.3520213193871593,2.5200786766475956,1523
time_bars,2021-07-18 00:00:00+00:00,288,34,4,0.03553176165951036,0.11805555555555555,0.013888888888888888,0.0006746299456327632,0.000671591672263264,0.8546824146666606,4.2859903571525235,824
time_bars,2021-07-19 00:00:00+00:00,288,34,2,0.03552735688619476,0.11805555555555555,0.006944444444444444,0.0006746299456327632,0.000335795836131632,-3.0091016174175382,4.920704314923659,652
time_bars,2021-07-20 00:00:00+00:00,288,49,2,0.035317315269568085,0.1701388888888889,0.006944444444444444,0.0009722608040001587,0.000335795836131632,-3.458193770700687,5.998456904496501,424
time_bars,2021-07-21 00:00:00+00:00,288,61,5,0.039489813873096226,0.21180555555555555,0.017361111111111112,0.0012103654906940751,0.0008394895903290799,7.577988343589276,10.952860480732198,85
time_bars,2021-07-22 00:00:00+00:00,288,26,0,0.02769120164045146,0.09027777777777778,0.0,0.0005158934878368189,0.0,0.45348579398126504,2.748873058277227,1428
time_bars,2021-07-23 00:00:00+00:00,288,41,5,0.038940713371685184,0.1423611111111111,0.017361111111111112,0.0008135243462042144,0.0008394895903290799,4.147139072136476,5.118944430193724,608
time_bars,2021-07-24 00:00:00+00:00,288,35,0,0.0350506352871652,0.12152777777777778,0.0,0.0006944720028572562,0.0,1.7591751436647936,3.2167164655609564,1239
time_bars,2021-07-25 00:00:00+00:00,288,38,3,0.04014388114852228,0.13194444444444445,0.010416666666666666,0.0007539981745307353,0.0005036937541974479,3.278021038245735,4.589605107304755,747
time_bars,2021-07-26 00:00:00+00:00,288,59,4,0.04165593752156873,0.2048611111111111,0.013888888888888888,0.0011706813762450891,0.000671591672263264,5.091198775615184,31.407357477653008,2
time_bars,2021-07-27 00:00:00+00:00,288,32,0,0.03216940589230061,0.1111111111111111,0.0,0.0006349458311837771,0.0,5.804467166769945,8.33355110837404,184
time_bars,2021-07-28 00:00:00+00:00,288,57,0,0.040179572979287065,0.19791666666666666,0.0,0.001130997261796103,0.0,1.397158123926307,5.377518086339146,554
time_bars,2021-07-29 00:00:00+00:00,288,26,0,0.025795137858075665,0.09027777777777778,0.0,0.0005158934878368189,0.0,0.024545097240086633,3.659332551342194,1049
time_bars,2021-07-30 00:00:00+00:00,288,45,4,0.039598926538036414,0.15625,0.013888888888888888,0.0008928925751021866,0.000671591672263264,5.3295580091976,9.920749095528187,114
time_bars,2021-07-31 00:00:00+00:00,288,26,0,0.02686779456059392,0.09027777777777778,0.0,0.0005158934878368189,0.0,-1.8010164574044758,3.5054752292092157,1112
time_bars,2021-08-01 00:00:00+00:00,288,51,2,0.04215940727741215,0.17708333333333334,0.006944444444444444,0.0010119449184491447,0.000335795836131632,-3.9400443211032568,7.969969465984468,214
time_bars,2021-08-02 00:00:00+00:00,288,36,1,0.030036396529593876,0.125,0.003472222222222222,0.0007143140600817493,0.000167897918065816,-1.7705546411169046,4.531290411994032,761
time_bars,2021-08-03 00:00:00+00:00,288,44,1,0.03990258869290591,0.1527777777777778,0.003472222222222222,0.0008730505178776935,0.000167897918065816,-2.4414944819318527,5.623276392701873,496
time_bars,2021-08-04 00:00:00+00:00,288,33,0,0.033355527271876496,0.11458333333333333,0.0,0.0006547878884082701,0.0,3.926921008736989,6.392133071473989,367
time_bars,2021-08-05 00:00:00+00:00,288,57,3,0.04804464816583371,0.19791666666666666,0.010416666666666666,0.001130997261796103,0.0005036937541974479,2.8560110739313416,10.332041079755982,99
time_bars,2021-08-06 00:00:00+00:00,288,29,2,0.03320443121151476,0.10069444444444445,0.006944444444444444,0.000575419659510298,0.000335795836131632,4.650214701668194,8.534155281885589,170
time_bars,2021-08-07 00:00:00+00:00,288,32,2,0.03518032147261002,0.1111111111111111,0.006944444444444444,0.0006349458311837771,0.000335795836131632,4.062666158494073,5.412355674638744,539
time_bars,2021-08-08 00:00:00+00:00,288,32,0,0.033004554240489675,0.1111111111111111,0.0,0.0006349458311837771,0.0,-1.8405562207353887,4.70661825024434,714
time_bars,2021-08-09 00:00:00+00:00,288,31,3,0.03729812975148851,0.1076388888888889,0.010416666666666666,0.0006151037739592841,0.0005036937541974479,5.4917987296616,8.289908048061555,187
time_bars,2021-08-10 00:00:00+00:00,288,27,0,0.030490231259899876,0.09375,0.0,0.0005357355450613119,0.0,-1.457975425054228,4.65799482407464,728
time_bars,2021-08-11 00:00:00+00:00,288,29,0,0.032246943253958084,0.10069444444444445,0.0,0.000575419659510298,0.0,-0.14898132104142928,3.0407212924036555,1304
time_bars,2021-08-12 00:00:00+00:00,288,37,0,0.04305524964812066,0.1284722222222222,0.0,0.0007341561173062423,0.0,-2.5294979111672506,5.392308687476093,546
time_bars,2021-08-13 00:00:00+00:00,288,33,1,0.035899932826995246,0.11458333333333333,0.003472222222222222,0.0006547878884082701,0.000167897918065816,7.396553966635933,8.187296441789746,197
time_bars,2021-08-14 00:00:00+00:00,288,29,4,0.029824691268459682,0.10069444444444445,0.013888888888888888,0.000575419659510298,0.000671591672263264,-1.507700028719943,4.879016416943205,666
time_bars,2021-08-15 00:00:00+00:00,288,41,1,0.032178120172437416,0.1423611111111111,0.003472222222222222,0.0008135243462042144,0.000167897918065816,-0.1652252262561018,4.111218987652791,881
time_bars,2021-08-16 00:00:00+00:00,288,29,1,0.03137558863299625,0.10069444444444445,0.003472222222222222,0.000575419659510298,0.000167897918065816,-2.323926507366765,5.104127076587943,610
time_bars,2021-08-17 00:00:00+00:00,288,38,0,0.03785965251686563,0.13194444444444445,0.0,0.0007539981745307353,0.0,-2.6954640377707273,6.075683751081833,419
time_bars,2021-08-18 00:00:00+00:00,288,27,0,0.033596126868975874,0.09375,0.0,0.0005357355450613119,0.0,0.020666762618491704,4.038506501499949,903
time_bars,2021-08-19 00:00:00+00:00,288,33,1,0.03713104962461717,0.11458333333333333,0.003472222222222222,0.0006547878884082701,0.000167897918065816,4.499606879961638,6.948480320255312,302
time_bars,2021-08-20 00:00:00+00:00,288,32,3,0.03678115063020289,0.1111111111111111,0.010416666666666666,0.0006349458311837771,0.0005036937541974479,5.324378921474395,5.929974228129184,434
time_bars,2021-08-21 00:00:00+00:00,288,28,1,0.03210838605534708,0.09722222222222222,0.003472222222222222,0.000555577602285805,0.000167897918065816,-0.9873652853937669,3.2281587392054667,1233
time_bars,2021-08-22 00:00:00+00:00,288,28,1,0.032953354701000886,0.09722222222222222,0.003472222222222222,0.000555577602285805,0.000167897918065816,0.8707202497577853,3.0328239076739045,1309
time_bars,2021-08-23 00:00:00+00:00,288,26,2,0.03162416234638268,0.09027777777777778,0.006944444444444444,0.0005158934878368189,0.000335795836131632,0.5073636965556458,3.0601632361175692,1295
time_bars,2021-08-24 00:00:00+00:00,288,31,1,0.044100569963378654,0.1076388888888889,0.003472222222222222,0.0006151037739592841,0.000167897918065816,-3.710466684814795,4.696537099492534,717
time_bars,2021-08-25 00:00:00+00:00,288,32,1,0.03749702187778076,0.1111111111111111,0.003472222222222222,0.0006349458311837771,0.000167897918065816,2.6230003794178844,4.495762023646425,775
time_bars,2021-08-26 00:00:00+00:00,288,35,1,0.038689670983160146,0.12152777777777778,0.003472222222222222,0.0006944720028572562,0.000167897918065816,-4.465396547341291,6.4835581591557725,355
time_bars,2021-08-27 00:00:00+00:00,288,36,2,0.03258745196566297,0.125,0.006944444444444444,0.0007143140600817493,0.000335795836131632,4.6491629315005625,5.986367360114542,429
time_bars,2021-08-28 00:00:00+00:00,288,13,0,0.02964797392044278,0.04513888888888889,0.0,0.00025794674391840946,0.0,-0.30636426146213996,1.9183294665986208,1772
time_bars,2021-08-29 00:00:00+00:00,288,27,4,0.03942453782005301,0.09375,0.013888888888888888,0.0005357355450613119,0.000671591672263264,-0.27951237610275176,4.159925796531145,869
time_bars,2021-08-30 00:00:00+00:00,288,34,0,0.0390566863532208,0.11805555555555555,0.0,0.0006746299456327632,0.0,-3.696346041424997,4.259338166419862,837
time_bars,2021-08-31 00:00:00+00:00,288,34,0,0.03510332391204051,0.11805555555555555,0.0,0.0006746299456327632,0.0,0.26680129797190194,3.2981753949191903,1201
time_bars,2021-09-01 00:00:00+00:00,288,30,1,0.03671378833597291,0.10416666666666667,0.003472222222222222,0.000595261716734791,0.000167897918065816,3.526904808404716,5.454808359302615,529
time_bars,2021-09-02 00:00:00+00:00,288,35,0,0.033205776031340534,0.12152777777777778,0.0,0.0006944720028572562,0.0,0.9296997424366238,3.612262152268165,1068
time_bars,2021-09-03 00:00:00+00:00,288,41,4,0.037287974201836244,0.1423611111111111,0.013888888888888888,0.0008135243462042144,0.000671591672263264,1.4657822138375165,5.588518105455556,505
time_bars,2021-09-04 00:00:00+00:00,288,18,0,0.030712758604072816,0.0625,0.0,0.00035715703004087466,0.0,-0.17275561843366397,2.445698377266772,1564
time_bars,2021-09-05 00:00:00+00:00,288,18,3,0.034252598906731636,0.0625,0.010416666666666666,0.00035715703004087466,0.0005036937541974479,3.6515511327917123,4.906509127507618,657
time_bars,2021-09-06 00:00:00+00:00,288,31,2,0.029877079927796837,0.1076388888888889,0.006944444444444444,0.0006151037739592841,0.000335795836131632,1.6929579682926028,3.4469572139689966,1139
time_bars,2021-09-07 00:00:00+00:00,288,53,7,0.05194171969227658,0.1840277777777778,0.024305555555555556,0.001051629032898131,0.0011752854264607119,-11.70533125111961,22.958540761890927,6
time_bars,2021-09-08 00:00:00+00:00,288,24,0,0.018053670940999272,0.08333333333333333,0.0,0.00047620937338783287,0.0,-1.7263287705884485,6.356603564293257,373
time_bars,2021-09-09 00:00:00+00:00,288,31,0,0.030910597265546545,0.1076388888888889,0.0,0.0006151037739592841,0.0,0.765322382172933,4.090990274412615,888
time_bars,2021-09-10 00:00:00+00:00,288,28,4,0.0333035776054986,0.09722222222222222,0.013888888888888888,0.000555577602285805,0.000671591672263264,-3.4033521503269797,6.40319615342539,365
time_bars,2021-09-11 00:00:00+00:00,288,8,1,0.02640393763643372,0.027777777777777776,0.003472222222222222,0.00015873645779594428,0.000167897918065816,0.7394435822362513,2.7809816293961993,1413
time_bars,2021-09-12 00:00:00+00:00,288,18,3,0.0384529047106956,0.0625,0.010416666666666666,0.00035715703004087466,0.0005036937541974479,1.8688211654790146,3.8701190920113393,969
time_bars,2021-09-13 00:00:00+00:00,288,36,5,0.03790219729795668,0.125,0.017361111111111112,0.0007143140600817493,0.0008394895903290799,-2.355664023369375,8.003487754138208,212
time_bars,2021-09-14 00:00:00+00:00,288,25,2,0.02649772381303167,0.08680555555555555,0.006944444444444444,0.0004960514306123259,0.000335795836131632,4.587265233572923,5.612423260205576,497
time_bars,2021-09-15 00:00:00+00:00,288,24,2,0.031124941249761826,0.08333333333333333,0.006944444444444444,0.00047620937338783287,0.000335795836131632,2.140862680897965,3.713642808188994,1024
time_bars,2021-09-16 00:00:00+00:00,288,28,2,0.041948657492994174,0.09722222222222222,0.006944444444444444,0.000555577602285805,0.000335795836131632,-0.7523742952353483,3.035609450372403,1306
time_bars,2021-09-17 00:00:00+00:00,288,15,1,0.036064357474263994,0.052083333333333336,0.003472222222222222,0.0002976308583673955,0.000167897918065816,-0.9309825001700255,2.950688250943863,1343
time_bars,2021-09-18 00:00:00+00:00,288,14,1,0.03284600037730894,0.04861111111111111,0.003472222222222222,0.0002777888011429025,0.000167897918065816,2.05480161039293,3.7664242380461217,1003
time_bars,2021-09-19 00:00:00+00:00,288,15,2,0.038881402183643374,0.052083333333333336,0.006944444444444444,0.0002976308583673955,0.000335795836131632,-2.151398971022821,3.2031429478139293,1245
time_bars,2021-09-20 00:00:00+00:00,288,46,4,0.04480540417989599,0.1597222222222222,0.013888888888888888,0.0009127346323266796,0.000671591672263264,-9.378056915497748,10.871366288936343,87
time_bars,2021-09-21 00:00:00+00:00,288,40,4,0.0391810407687831,0.1388888888888889,0.013888888888888888,0.0007936822889797214,0.000671591672263264,-5.494959694289507,9.934451837827014,112
time_bars,2021-09-22 00:00:00+00:00,288,27,0,0.023302774173567388,0.09375,0.0,0.0005357355450613119,0.0,6.630895998897017,8.138935606583555,199
time_bars,2021-09-23 00:00:00+00:00,288,27,0,0.03261009201031287,0.09375,0.0,0.0005357355450613119,0.0,2.9618810792223194,4.363809248126807,799
time_bars,2021-09-24 00:00:00+00:00,288,44,1,0.04308918873089457,0.1527777777777778,0.003472222222222222,0.0008730505178776935,0.000167897918065816,-4.633659174835808,10.464431829029863,95
time_bars,2021-09-25 00:00:00+00:00,288,17,0,0.027834830315556985,0.059027777777777776,0.0,0.0003373149728163816,0.0,-0.345368995543376,3.120934174684677,1269
time_bars,2021-09-26 00:00:00+00:00,288,27,3,0.03350928226814495,0.09375,0.010416666666666666,0.0005357355450613119,0.0005036937541974479,1.172923777862495,7.59826669189686,243
time_bars,2021-09-27 00:00:00+00:00,288,27,3,0.03315481320515024,0.09375,0.010416666666666666,0.0005357355450613119,0.0005036937541974479,-2.40960989054389,5.303622343105819,578
time_bars,2021-09-28 00:00:00+00:00,288,30,0,0.03365889873225773,0.10416666666666667,0.0,0.000595261716734791,0.0,-2.686034920723698,4.534106756742638,759
time_bars,2021-09-29 00:00:00+00:00,288,21,0,0.03257944719914295,0.07291666666666667,0.0,0.00041668320171435377,0.0,1.2042180040112827,4.486693822540287,777
time_bars,2021-09-30 00:00:00+00:00,288,42,4,0.03885294632801718,0.14583333333333334,0.013888888888888888,0.0008333664034287075,0.000671591672263264,5.386930551882873,6.347411427462483,376
time_bars,2021-10-01 00:00:00+00:00,288,33,4,0.030893954381434077,0.11458333333333333,0.013888888888888888,0.0006547878884082701,0.000671591672263264,9.415759291235306,11.330368665146395,76
time_bars,2021-10-02 00:00:00+00:00,288,7,0,0.024281576859369297,0.024305555555555556,0.0,0.00013889440057145126,0.0,-1.0387919944799704,1.939889141007561,1761
time_bars,2021-10-03 00:00:00+00:00,288,20,3,0.0373366380856713,0.06944444444444445,0.010416666666666666,0.0003968411444898607,0.0005036937541974479,1.1703652244605012,4.634502383935972,734
time_bars,2021-10-04 00:00:00+00:00,288,36,3,0.041571594258996945,0.125,0.010416666666666666,0.0007143140600817493,0.0005036937541974479,2.074762409796293,5.5166871747066155,518
time_bars,2021-10-05 00:00:00+00:00,288,23,3,0.03008957683442601,0.0798611111111111,0.010416666666666666,0.0004563673161633398,0.0005036937541974479,4.482081947666127,5.707930993277642,474
time_bars,2021-10-06 00:00:00+00:00,288,30,3,0.03781228033410204,0.10416666666666667,0.010416666666666666,0.000595261716734791,0.0005036937541974479,7.23543470006293,11.256359263021633,77
time_bars,2021-10-07 00:00:00+00:00,288,19,0,0.02966786262209416,0.06597222222222222,0.0,0.00037699908726536766,0.0,-2.771711583984578,3.6126113189323945,1067
time_bars,2021-10-08 00:00:00+00:00,288,26,2,0.03404504756135685,0.09027777777777778,0.006944444444444444,0.0005158934878368189,0.000335795836131632,0.29689235064237834,4.664094129218196,726
time_bars,2021-10-09 00:00:00+00:00,288,9,1,0.030000316327014314,0.03125,0.003472222222222222,0.00017857851502043733,0.000167897918065816,1.8098866875285526,3.5379740653395295,1095
time_bars,2021-10-10 00:00:00+00:00,288,31,6,0.039824295432454006,0.1076388888888889,0.020833333333333332,0.0006151037739592841,0.0010073875083948958,-0.47563124730995565,4.848997503041519,671
time_bars,2021-10-11 00:00:00+00:00,288,24,0,0.030799451195453617,0.08333333333333333,0.0,0.00047620937338783287,0.0,4.992141228839773,6.094213939326819,416
time_bars,2021-10-12 00:00:00+00:00,288,34,2,0.03909515578919156,0.11805555555555555,0.006944444444444444,0.0006746299456327632,0.000335795836131632,-2.6222024757625877,7.189257645425684,277
time_bars,2021-10-13 00:00:00+00:00,288,29,0,0.03854565084375589,0.10069444444444445,0.0,0.000575419659510298,0.0,2.437075160317294,6.338146143501003,377
time_bars,2021-10-14 00:00:00+00:00,288,24,3,0.03337757909719511,0.08333333333333333,0.010416666666666666,0.00047620937338783287,0.0005036937541974479,-0.026940406450756075,3.097087057690461,1283
time_bars,2021-10-15 00:00:00+00:00,288,50,2,0.0352394559429301,0.1736111111111111,0.006944444444444444,0.0009921028612246518,0.000335795836131632,7.2676075980328365,11.755039778009136,68
time_bars,2021-10-16 00:00:00+00:00,288,13,1,0.027377234152890458,0.04513888888888889,0.003472222222222222,0.00025794674391840946,0.000167897918065816,-1.2668902471395536,3.6269315334286074,1062
time_bars,2021-10-17 00:00:00+00:00,288,24,2,0.03853101747559414,0.08333333333333333,0.006944444444444444,0.00047620937338783287,0.000335795836131632,1.0545497978136946,4.885440938486443,663
time_bars,2021-10-18 00:00:00+00:00,288,36,1,0.03723665608453233,0.125,0.003472222222222222,0.0007143140600817493,0.000167897918065816,0.7547521913156728,4.7318468981823925,704
time_bars,2021-10-19 00:00:00+00:00,288,47,1,0.03421707314086942,0.16319444444444445,0.003472222222222222,0.0009325766895511726,0.000167897918065816,3.607350659499256,5.088538085956119,615
time_bars,2021-10-20 00:00:00+00:00,288,21,1,0.02972622919833615,0.07291666666666667,0.003472222222222222,0.00041668320171435377,0.000167897918065816,2.6838603572984034,5.559284046278166,511
time_bars,2021-10-21 00:00:00+00:00,288,45,3,0.03970445525859966,0.15625,0.010416666666666666,0.0008928925751021866,0.0005036937541974479,-5.930328799305377,7.381991223526739,262
time_bars,2021-10-22 00:00:00+00:00,288,28,2,0.027195157461091825,0.09722222222222222,0.006944444444444444,0.000555577602285805,0.000335795836131632,-2.4816346701437517,6.11507515584045,412
time_bars,2021-10-23 00:00:00+00:00,288,19,1,0.026280863238929267,0.06597222222222222,0.003472222222222222,0.00037699908726536766,0.000167897918065816,0.9681100561909548,3.5555054013154335,1088
time_bars,2021-10-24 00:00:00+00:00,288,28,2,0.03133892097881044,0.09722222222222222,0.006944444444444444,0.000555577602285805,0.000335795836131632,-0.6909578671673526,3.379858490489445,1166
time_bars,2021-10-25 00:00:00+00:00,288,23,1,0.0325422558539577,0.0798611111111111,0.003472222222222222,0.0004563673161633398,0.000167897918065816,3.5869724842521746,4.973000656684954,638
time_bars,2021-10-26 00:00:00+00:00,288,21,4,0.04171781220330651,0.07291666666666667,0.013888888888888888,0.00041668320171435377,0.000671591672263264,-4.487828745550238,5.722351336704738,470
time_bars,2021-10-27 00:00:00+00:00,288,23,2,0.0305777506904877,0.0798611111111111,0.006944444444444444,0.0004563673161633398,0.000335795836131632,-3.2145020601657857,6.173714133042144,404
time_bars,2021-10-28 00:00:00+00:00,288,32,2,0.032911432203583946,0.1111111111111111,0.006944444444444444,0.0006349458311837771,0.000335795836131632,3.6497620038272975,8.477003125488205,174
time_bars,2021-10-29 00:00:00+00:00,288,24,0,0.017342456934602943,0.08333333333333333,0.0,0.00047620937338783287,0.0,2.743516589454425,4.620288853962902,739
time_bars,2021-10-30 00:00:00+00:00,288,11,1,0.028372899704927505,0.03819444444444445,0.003472222222222222,0.00021826262946942338,0.000167897918065816,-0.6650728118504757,2.900914266697025,1367
time_bars,2021-10-31 00:00:00+00:00,288,11,0,0.033139333608837,0.03819444444444445,0.0,0.00021826262946942338,0.0,-0.886995668036795,4.009633467904267,912
time_bars,2021-11-01 00:00:00+00:00,288,25,3,0.03438428638130483,0.08680555555555555,0.010416666666666666,0.0004960514306123259,0.0005036937541974479,-0.6668409102947159,5.15693673870041,603
time_bars,2021-11-02 00:00:00+00:00,288,22,3,0.029628082466673002,0.0763888888888889,0.010416666666666666,0.00043652525893884676,0.0005036937541974479,3.7422098364543994,5.905236261201069,440
time_bars,2021-11-03 00:00:00+00:00,288,19,3,0.036460594409356034,0.06597222222222222,0.010416666666666666,0.00037699908726536766,0.0005036937541974479,-0.5074601380229009,5.348574824131195,562
time_bars,2021-11-04 00:00:00+00:00,288,16,1,0.03207070407360606,0.05555555555555555,0.003472222222222222,0.00031747291559188856,0.000167897918065816,-2.435577185361871,3.95038931204761,932
time_bars,2021-11-05 00:00:00+00:00,288,10,3,0.034406670074135975,0.034722222222222224,0.010416666666666666,0.00019842057224493036,0.0005036937541974479,-0.6989580064325165,3.094188614465228,1284
time_bars,2021-11-06 00:00:00+00:00,288,18,5,0.036002616381105974,0.0625,0.017361111111111112,0.00035715703004087466,0.0008394895903290799,0.8248677779817202,2.539444814219983,1515
time_bars,2021-11-07 00:00:00+00:00,288,12,4,0.0328706622924867,0.041666666666666664,0.013888888888888888,0.00023810468669391643,0.000671591672263264,2.8923481550241137,3.22174077581086,1237
time_bars,2021-11-08 00:00:00+00:00,288,32,3,0.03707001622278403,0.1111111111111111,0.010416666666666666,0.0006349458311837771,0.0005036937541974479,6.556655700691408,7.049754562902362,287
time_bars,2021-11-09 00:00:00+00:00,288,25,2,0.03630139118721877,0.08680555555555555,0.006944444444444444,0.0004960514306123259,0.000335795836131632,-0.8869372806810556,3.5197664601149663,1103
time_bars,2021-11-10 00:00:00+00:00,288,41,4,0.04306502862175592,0.1423611111111111,0.013888888888888888,0.0008135243462042144,0.000671591672263264,-3.1693816873846337,10.340862790108906,98
time_bars,2021-11-11 00:00:00+00:00,288,6,0,0.016805008794364557,0.020833333333333332,0.0,0.00011905234334695822,0.0,-0.1369233678244686,2.3112402891492914,1607
time_bars,2021-11-12 00:00:00+00:00,288,28,2,0.03919309895147872,0.09722222222222222,0.006944444444444444,0.000555577602285805,0.000335795836131632,-1.0468104529807052,4.988007087912512,636
time_bars,2021-11-13 00:00:00+00:00,288,9,0,0.0295119511162577,0.03125,0.0,0.00017857851502043733,0.0,0.42139354711279936,2.557631149850586,1508
time_bars,2021-11-14 00:00:00+00:00,288,6,2,0.03511678316810188,0.020833333333333332,0.006944444444444444,0.00011905234334695822,0.000335795836131632,1.756107537065087,2.9875918297161146,1328
time_bars,2021-11-15 00:00:00+00:00,288,24,2,0.03877771872488517,0.08333333333333333,0.006944444444444444,0.00047620937338783287,0.000335795836131632,-2.962370300754803,4.690655775471031,719
time_bars,2021-11-16 00:00:00+00:00,288,60,7,0.04526966695906134,0.20833333333333334,0.024305555555555556,0.001190523433469582,0.0011752854264607119,-5.735969525528491,8.622305686566847,165
time_bars,2021-11-17 00:00:00+00:00,288,24,0,0.030847599715826513,0.08333333333333333,0.0,0.00047620937338783287,0.0,0.43317661164001986,4.216186528485115,849
time_bars,2021-11-18 00:00:00+00:00,288,50,3,0.03607191134440619,0.1736111111111111,0.010416666666666666,0.0009921028612246518,0.0005036937541974479,-5.877688106219682,7.651984599681411,235
time_bars,2021-11-19 00:00:00+00:00,288,10,0,0.02807702728557264,0.034722222222222224,0.0,0.00019842057224493036,0.0,1.997569694375953,4.791282983851729,690
time_bars,2021-11-20 00:00:00+00:00,288,16,3,0.030165682848716655,0.05555555555555555,0.010416666666666666,0.00031747291559188856,0.0005036937541974479,2.7909173587646934,4.268330241624177,834
time_bars,2021-11-21 00:00:00+00:00,288,14,1,0.03080871148198562,0.04861111111111111,0.003472222222222222,0.0002777888011429025,0.000167897918065816,-1.782292089786457,2.5875071076516236,1492
time_bars,2021-11-22 00:00:00+00:00,288,53,4,0.04472033185088248,0.1840277777777778,0.013888888888888888,0.001051629032898131,0.000671591672263264,-4.144652765841471,6.988436846981353,297
time_bars,2021-11-23 00:00:00+00:00,288,29,0,0.03180569004486055,0.10069444444444445,0.0,0.000575419659510298,0.0,2.2943572528742853,4.664176881502254,725
time_bars,2021-11-24 00:00:00+00:00,288,16,0,0.027364486612658574,0.05555555555555555,0.0,0.00031747291559188856,0.0,-0.7132022995275095,3.299644929007216,1200
time_bars,2021-11-25 00:00:00+00:00,288,19,1,0.030404548296355773,0.06597222222222222,0.003472222222222222,0.00037699908726536766,0.000167897918065816,3.139419604585088,4.156932080655626,871
time_bars,2021-11-26 00:00:00+00:00,288,34,3,0.03791212878237552,0.11805555555555555,0.010416666666666666,0.0006746299456327632,0.0005036937541974479,-9.28913585437489,10.101030082407226,106
time_bars,2021-11-27 00:00:00+00:00,288,5,0,0.027238813993307666,0.017361111111111112,0.0,9.921028612246518e-05,0.0,1.8123269713120849,3.046498666287019,1301
time_bars,2021-11-28 00:00:00+00:00,288,30,4,0.03886344149729704,0.10416666666666667,0.013888888888888888,0.000595261716734791,0.000671591672263264,4.613094361210138,7.644199144460219,236
time_bars,2021-11-29 00:00:00+00:00,288,18,0,0.025738649741940987,0.0625,0.0,0.00035715703004087466,0.0,0.8897809948343127,3.8213315848172273,988
time_bars,2021-11-30 00:00:00+00:00,288,51,2,0.0457212169002521,0.17708333333333334,0.006944444444444444,0.0010119449184491447,0.000335795836131632,-1.4859993534483673,5.7779201036166326,457
time_bars,2021-12-01 00:00:00+00:00,288,35,0,0.030876671588523547,0.12152777777777778,0.0,0.0006944720028572562,0.0,0.39998228301056954,4.499028625965728,773
time_bars,2021-12-02 00:00:00+00:00,288,19,2,0.03342333165733914,0.06597222222222222,0.006944444444444444,0.00037699908726536766,0.000335795836131632,-1.2235336683197928,2.8766652264989405,1376
time_bars,2021-12-03 00:00:00+00:00,288,46,4,0.03885465070206092,0.1597222222222222,0.013888888888888888,0.0009127346323266796,0.000671591672263264,-5.270768574075211,13.070648307489815,50
time_bars,2021-12-04 00:00:00+00:00,288,29,5,0.03181512896066428,0.10069444444444445,0.017361111111111112,0.000575419659510298,0.0008394895903290799,-8.718526815282026,27.60807914635236,3
time_bars,2021-12-05 00:00:00+00:00,288,29,0,0.026980347037951404,0.10069444444444445,0.0,0.000575419659510298,0.0,0.4891583655190733,3.9910897993815238,917
time_bars,2021-12-06 00:00:00+00:00,288,34,3,0.037276818415284706,0.11805555555555555,0.010416666666666666,0.0006746299456327632,0.0005036937541974479,2.1061004285673897,7.9479537666444475,216
time_bars,2021-12-07 00:00:00+00:00,288,19,1,0.028914967458676707,0.06597222222222222,0.003472222222222222,0.00037699908726536766,0.000167897918065816,0.30193508368957694,3.7614424346361606,1007
time_bars,2021-12-08 00:00:00+00:00,288,26,4,0.03548423626705812,0.09027777777777778,0.013888888888888888,0.0005158934878368189,0.000671591672263264,-0.23395180789615475,5.369576345429538,557
time_bars,2021-12-09 00:00:00+00:00,288,29,0,0.032589609814436406,0.10069444444444445,0.0,0.000575419659510298,0.0,-5.960680074987654,7.058253386397068,286
time_bars,2021-12-10 00:00:00+00:00,288,31,2,0.037114101505440845,0.1076388888888889,0.006944444444444444,0.0006151037739592841,0.000335795836131632,-0.8513113214698005,6.929809660002845,305
time_bars,2021-12-11 00:00:00+00:00,288,15,0,0.0253469153095432,0.052083333333333336,0.0,0.0002976308583673955,0.0,4.650839569104797,5.768803540887102,459
time_bars,2021-12-12 00:00:00+00:00,288,22,2,0.031416582563352426,0.0763888888888889,0.006944444444444444,0.00043652525893884676,0.000335795836131632,1.366709347894669,4.33102489156201,810
time_bars,2021-12-13 00:00:00+00:00,288,44,3,0.042786944430232586,0.1527777777777778,0.010416666666666666,0.0008730505178776935,0.0005036937541974479,-6.98484478203317,9.570882441793577,124
time_bars,2021-12-14 00:00:00+00:00,288,24,2,0.037742169975000676,0.08333333333333333,0.006944444444444444,0.00047620937338783287,0.000335795836131632,3.4639059255970093,5.0632053150378695,622
time_bars,2021-12-15 00:00:00+00:00,288,39,1,0.03296142255906456,0.13541666666666666,0.003472222222222222,0.0007738402317552284,0.000167897918065816,1.1327979583941625,6.170846777321452,406
time_bars,2021-12-16 00:00:00+00:00,288,22,0,0.02710476383946077,0.0763888888888889,0.0,0.00043652525893884676,0.0,-2.5826607751336272,4.002585452700325,915
time_bars,2021-12-17 00:00:00+00:00,288,43,3,0.036491860966236696,0.14930555555555555,0.010416666666666666,0.0008532084606532005,0.0005036937541974479,-3.208166217360136,5.603696721850795,501
time_bars,2021-12-18 00:00:00+00:00,288,13,0,0.023659454619630777,0.04513888888888889,0.0,0.00025794674391840946,0.0,1.486255442886086,4.093379671072186,887
time_bars,2021-12-19 00:00:00+00:00,288,31,5,0.034419836949170744,0.1076388888888889,0.017361111111111112,0.0006151037739592841,0.0008394895903290799,-0.31526067507154637,4.347697716670772,803
time_bars,2021-12-20 00:00:00+00:00,288,33,0,0.035375453097247996,0.11458333333333333,0.0,0.0006547878884082701,0.0,0.490538277909141,4.304687778176305,822
time_bars,2021-12-21 00:00:00+00:00,288,36,1,0.032911941751261005,0.125,0.003472222222222222,0.0007143140600817493,0.000167897918065816,4.131921803903242,5.522640699878884,517
time_bars,2021-12-22 00:00:00+00:00,288,17,0,0.03318165889498404,0.059027777777777776,0.0,0.0003373149728163816,0.0,-0.6284349461907166,2.405730767503297,1578
time_bars,2021-12-23 00:00:00+00:00,288,33,2,0.03879021732466084,0.11458333333333333,0.006944444444444444,0.0006547878884082701,0.000335795836131632,4.524937448958965,6.758741393445325,323
time_bars,2021-12-24 00:00:00+00:00,288,18,0,0.03876459355173059,0.0625,0.0,0.00035715703004087466,0.0,-0.018479433908863096,2.7907285749926345,1409
time_bars,2021-12-25 00:00:00+00:00,288,6,2,0.030676977479662932,0.020833333333333332,0.006944444444444444,0.00011905234334695822,0.000335795836131632,-0.8033923950129717,2.1423396959199774,1666
time_bars,2021-12-26 00:00:00+00:00,288,17,3,0.037264393914541956,0.059027777777777776,0.010416666666666666,0.0003373149728163816,0.0005036937541974479,0.715812594436,3.875298629723324,966
time_bars,2021-12-27 00:00:00+00:00,288,24,2,0.03676950382989276,0.08333333333333333,0.006944444444444444,0.00047620937338783287,0.000335795836131632,-0.11433533859250525,3.2834580285505885,1212
time_bars,2021-12-28 00:00:00+00:00,288,37,3,0.04061732864606996,0.1284722222222222,0.010416666666666666,0.0007341561173062423,0.0005036937541974479,-6.4884774252897,6.989447380277601,296
time_bars,2021-12-29 00:00:00+00:00,288,22,3,0.032801337901845556,0.0763888888888889,0.010416666666666666,0.00043652525893884676,0.0005036937541974479,-2.310653325166119,4.5180551759882945,766
time_bars,2021-12-30 00:00:00+00:00,288,15,0,0.02871020427393269,0.052083333333333336,0.0,0.0002976308583673955,0.0,1.4080828979121236,4.333002376734994,807
time_bars,2021-12-31 00:00:00+00:00,288,28,5,0.035590146439243256,0.09722222222222222,0.017361111111111112,0.000555577602285805,0.0008394895903290799,-1.8958919550426945,6.21053882225264,398
time_bars,2022-01-01 00:00:00+00:00,288,7,1,0.030912676467736724,0.024305555555555556,0.003472222222222222,0.00013889440057145126,0.000167897918065816,3.181402890631515,3.682073888388432,1035
time_bars,2022-01-02 00:00:00+00:00,288,11,4,0.03631301252127753,0.03819444444444445,0.013888888888888888,0.00021826262946942338,0.000671591672263264,-0.8898111384061423,2.947858879206259,1346
time_bars,2022-01-03 00:00:00+00:00,288,27,2,0.03891589040699615,0.09375,0.006944444444444444,0.0005357355450613119,0.000335795836131632,-1.7801327933557864,4.097113789992406,886
time_bars,2022-01-04 00:00:00+00:00,288,24,1,0.037319373107226446,0.08333333333333333,0.003472222222222222,0.00047620937338783287,0.000167897918065816,-1.327252201966786,4.472707556126055,780
time_bars,2022-01-05 00:00:00+00:00,288,46,5,0.04348480243146299,0.1597222222222222,0.017361111111111112,0.0009127346323266796,0.0008394895903290799,-5.405421531600304,10.767062032791115,91
time_bars,2022-01-06 00:00:00+00:00,288,11,0,0.02132496977339186,0.03819444444444445,0.0,0.00021826262946942338,0.0,-0.7900231733572566,3.2043151964098215,1244
time_bars,2022-01-07 00:00:00+00:00,288,33,5,0.03720565162908808,0.11458333333333333,0.017361111111111112,0.0006547878884082701,0.0008394895903290799,-3.6068667307592457,6.410592664773045,364
time_bars,2022-01-08 00:00:00+00:00,288,32,1,0.03121445323342634,0.1111111111111111,0.003472222222222222,0.0006349458311837771,0.000167897918065816,0.3223859233762101,4.431219298174703,788
time_bars,2022-01-09 00:00:00+00:00,288,16,2,0.033809348512534095,0.05555555555555555,0.006944444444444444,0.00031747291559188856,0.000335795836131632,0.39064312508496024,3.821709877238591,987
time_bars,2022-01-10 00:00:00+00:00,288,42,5,0.03966473916663055,0.14583333333333334,0.017361111111111112,0.0008333664034287075,0.0008394895903290799,-0.11875280600306345,6.380864110602761,371
time_bars,2022-01-11 00:00:00+00:00,288,32,1,0.026437830057232166,0.1111111111111111,0.003472222222222222,0.0006349458311837771,0.000167897918065816,2.128142498339671,4.4168225779508905,792
time_bars,2022-01-12 00:00:00+00:00,288,21,2,0.033004313579906575,0.07291666666666667,0.006944444444444444,0.00041668320171435377,0.000335795836131632,2.725996430431698,4.348260379139196,802
time_bars,2022-01-13 00:00:00+00:00,288,26,5,0.039541963483328925,0.09027777777777778,0.017361111111111112,0.0005158934878368189,0.0008394895903290799,-3.1163764193236902,4.835018302355863,678
time_bars,2022-01-14 00:00:00+00:00,288,18,1,0.031032788150298054,0.0625,0.003472222222222222,0.00035715703004087466,0.000167897918065816,1.1874396914981071,4.192540320521103,859
time_bars,2022-01-15 00:00:00+00:00,288,13,1,0.03273296410189962,0.04513888888888889,0.003472222222222222,0.00025794674391840946,0.000167897918065816,0.06528638040091574,2.940906002881161,1347
time_bars,2022-01-16 00:00:00+00:00,288,10,1,0.034622195677902784,0.034722222222222224,0.003472222222222222,0.00019842057224493036,0.000167897918065816,-0.022872091585282778,2.1699899341258764,1655
time_bars,2022-01-17 00:00:00+00:00,288,19,3,0.041764186224582465,0.06597222222222222,0.010416666666666666,0.00037699908726536766,0.0005036937541974479,-2.0701417121600967,3.863451802217229,972
time_bars,2022-01-18 00:00:00+00:00,288,21,1,0.03860149325656926,0.07291666666666667,0.003472222222222222,0.00041668320171435377,0.000167897918065816,0.38157074156010823,3.383691879044684,1163
time_bars,2022-01-19 00:00:00+00:00,288,35,2,0.037231166204733934,0.12152777777777778,0.006944444444444444,0.0006944720028572562,0.000335795836131632,-1.6184321273431588,3.417375490471307,1146
time_bars,2022-01-20 00:00:00+00:00,288,37,4,0.036111545609180465,0.1284722222222222,0.013888888888888888,0.0007341561173062423,0.000671591672263264,-2.4170807275460544,7.011020839808216,291
time_bars,2022-01-21 00:00:00+00:00,288,42,7,0.04532525029380583,0.14583333333333334,0.024305555555555556,0.0008333664034287075,0.0011752854264607119,-11.001026348394099,14.973226137818365,35
time_bars,2022-01-22 00:00:00+00:00,288,25,0,0.03200236429874512,0.08680555555555555,0.0,0.0004960514306123259,0.0,-3.8698723464502565,8.109094023146273,204
time_bars,2022-01-23 00:00:00+00:00,288,28,1,0.02651990266625782,0.09722222222222222,0.003472222222222222,0.000555577602285805,0.000167897918065816,3.3210032429038034,5.369794322656209,556
time_bars,2022-01-24 00:00:00+00:00,288,58,2,0.041209064220535004,0.2013888888888889,0.006944444444444444,0.001150839319020596,0.000335795836131632,1.147981049345829,13.301899232852286,48
time_bars,2022-01-25 00:00:00+00:00,288,23,0,0.027826655097415696,0.0798611111111111,0.0,0.0004563673161633398,0.0,0.7772533046497448,5.101248562593462,612
time_bars,2022-01-26 00:00:00+00:00,288,45,3,0.041154272383476194,0.15625,0.010416666666666666,0.0008928925751021866,0.0005036937541974479,-0.3916216261359089,7.069490580648348,285
time_bars,2022-01-27 00:00:00+00:00,288,31,0,0.03263675727452535,0.1076388888888889,0.0,0.0006151037739592841,0.0,0.9296261320484379,4.757835838016079,697
time_bars,2022-01-28 00:00:00+00:00,288,30,0,0.03218892447504236,0.10416666666666667,0.0,0.000595261716734791,0.0,1.510735867046142,4.993632075601835,635
time_bars,2022-01-29 00:00:00+00:00,288,21,2,0.03214407468773461,0.07291666666666667,0.006944444444444444,0.00041668320171435377,0.000335795836131632,1.1966195678550278,3.9449378910238657,933
time_bars,2022-01-30 00:00:00+00:00,288,12,2,0.029630839457530915,0.041666666666666664,0.006944444444444444,0.00023810468669391643,0.000335795836131632,-0.7366251755535183,2.865929463388755,1379
time_bars,2022-01-31 00:00:00+00:00,288,39,3,0.03558164145616584,0.13541666666666666,0.010416666666666666,0.0007738402317552284,0.0005036937541974479,1.4914367891101319,5.632277442100142,493
time_bars,2022-02-01 00:00:00+00:00,288,28,2,0.03777299309814443,0.09722222222222222,0.006944444444444444,0.000555577602285805,0.000335795836131632,0.6262245801949301,3.3442774027557216,1177
time_bars,2022-02-02 00:00:00+00:00,288,26,2,0.03411970581011389,0.09027777777777778,0.006944444444444444,0.0005158934878368189,0.000335795836131632,-4.734031704918209,6.117214708590495,411
time_bars,2022-02-03 00:00:00+00:00,288,22,3,0.03150981496124366,0.0763888888888889,0.010416666666666666,0.00043652525893884676,0.0005036937541974479,1.0722377478249445,3.2359109335842393,1229
time_bars,2022-02-04 00:00:00+00:00,288,40,5,0.033924368171907165,0.1388888888888889,0.017361111111111112,0.0007936822889797214,0.0008394895903290799,10.824393063960546,12.02869007908784,62
time_bars,2022-02-05 00:00:00+00:00,288,20,1,0.02383825690549649,0.06944444444444445,0.003472222222222222,0.0003968411444898607,0.000167897918065816,-0.4228180079428566,2.419180771494284,1575
time_bars,2022-02-06 00:00:00+00:00,288,17,5,0.03558215669598839,0.059027777777777776,0.017361111111111112,0.0003373149728163816,0.0008394895903290799,2.3567290385417707,3.7178577006914417,1023
time_bars,2022-02-07 00:00:00+00:00,288,50,3,0.03762150164823744,0.1736111111111111,0.010416666666666666,0.0009921028612246518,0.0005036937541974479,3.408213242696677,6.807895036152309,318
time_bars,2022-02-08 00:00:00+00:00,288,48,2,0.04086318819657041,0.16666666666666666,0.006944444444444444,0.0009524187467756657,0.000335795836131632,0.43614547923959995,6.709148478015031,329
time_bars,2022-02-09 00:00:00+00:00,288,24,0,0.03189388875543951,0.08333333333333333,0.0,0.00047620937338783287,0.0,0.7614911079018157,3.951872748330741,930
time_bars,2022-02-10 00:00:00+00:00,288,57,4,0.04347112793332488,0.19791666666666666,0.013888888888888888,0.001130997261796103,0.000671591672263264,-2.0194384548501194,6.094050135377614,417
time_bars,2022-02-11 00:00:00+00:00,288,29,0,0.028145719681075362,0.10069444444444445,0.0,0.000575419659510298,0.0,-2.575479647334953,4.628893267179481,735
time_bars,2022-02-12 00:00:00+00:00,288,28,2,0.03195120564570711,0.09722222222222222,0.006944444444444444,0.000555577602285805,0.000335795836131632,-0.39287772554034756,3.407807276639823,1155
time_bars,2022-02-13 00:00:00+00:00,288,16,2,0.03033837965838902,0.05555555555555555,0.006944444444444444,0.00031747291559188856,0.000335795836131632,-0.376895262581299,2.1417037820060947,1667
time_bars,2022-02-14 00:00:00+00:00,288,32,2,0.03722244751894232,0.1111111111111111,0.006944444444444444,0.0006349458311837771,0.000335795836131632,1.14736465801576,3.2272329437455323,1234
time_bars,2022-02-15 00:00:00+00:00,288,18,3,0.030261909565220742,0.0625,0.010416666666666666,0.00035715703004087466,0.0005036937541974479,4.605870612740339,5.439932932612205,531
time_bars,2022-02-16 00:00:00+00:00,288,17,3,0.0373213784552002,0.059027777777777776,0.010416666666666666,0.0003373149728163816,0.0005036937541974479,-1.5137679544996452,2.867601226283092,1378
time_bars,2022-02-17 00:00:00+00:00,288,43,5,0.04611553627613647,0.14930555555555555,0.017361111111111112,0.0008532084606532005,0.0008394895903290799,-7.992396783930788,9.821109914687884,120
time_bars,2022-02-18 00:00:00+00:00,288,36,2,0.035153114717726135,0.125,0.006944444444444444,0.0007143140600817493,0.000335795836131632,-1.3050375003826564,3.7883685670009632,997
time_bars,2022-02-19 00:00:00+00:00,288,14,0,0.024216710200358576,0.04861111111111111,0.0,0.0002777888011429025,0.0,0.21444807854443887,2.0698061795718514,1701
time_bars,2022-02-20 00:00:00+00:00,288,26,6,0.0370897375134738,0.09027777777777778,0.020833333333333332,0.0005158934878368189,0.0010073875083948958,-4.296720507834369,5.62957985667328,494
time_bars,2022-02-21 00:00:00+00:00,288,63,4,0.04982786203796488,0.21875,0.013888888888888888,0.0012500496051430611,0.000671591672263264,-3.667089499595133,7.208910145172691,275
time_bars,2022-02-22 00:00:00+00:00,288,25,1,0.02929981552296938,0.08680555555555555,0.003472222222222222,0.0004960514306123259,0.000167897918065816,3.2599324900621363,5.726275646695925,468
time_bars,2022-02-23 00:00:00+00:00,288,47,2,0.03399915367529117,0.16319444444444445,0.006944444444444444,0.0009325766895511726,0.000335795836131632,-2.6096425374682823,6.002862111619348,422
time_bars,2022-02-24 00:00:00+00:00,288,63,2,0.04711425371113964,0.21875,0.006944444444444444,0.0012500496051430611,0.000335795836131632,2.8785594193201156,16.29848056794619,27
time_bars,2022-02-25 00:00:00+00:00,288,26,0,0.02694015074336295,0.09027777777777778,0.0,0.0005158934878368189,0.0,2.2941709152532646,4.504473422714387,772
time_bars,2022-02-26 00:00:00+00:00,288,16,1,0.02708232271771339,0.05555555555555555,0.003472222222222222,0.00031747291559188856,0.000167897918065816,-0.270992839333129,4.758703866616654,695
time_bars,2022-02-27 00:00:00+00:00,288,55,6,0.04803477198263596,0.1909722222222222,0.020833333333333332,0.001091313147347117,0.0010073875083948958,-3.718745107651025,7.644026556999632,237
time_bars,2022-02-28 00:00:00+00:00,288,47,3,0.03931794155185757,0.16319444444444445,0.010416666666666666,0.0009325766895511726,0.0005036937541974479,13.587851824249114,16.985409987871893,23
time_bars,2022-03-01 00:00:00+00:00,288,19,0,0.024090512251932327,0.06597222222222222,0.0,0.00037699908726536766,0.0,2.8308292053962707,4.9487636678098665,644
time_bars,2022-03-02 00:00:00+00:00,288,36,3,0.031481009142512915,0.125,0.010416666666666666,0.0007143140600817493,0.0005036937541974479,-1.1506788206951866,4.577267066893365,748
time_bars,2022-03-03 00:00:00+00:00,288,36,3,0.031541392536529336,0.125,0.010416666666666666,0.0007143140600817493,0.0005036937541974479,-3.327567121632328,5.236847338894916,589
time_bars,2022-03-04 00:00:00+00:00,288,47,4,0.037251765746963796,0.16319444444444445,0.013888888888888888,0.0009325766895511726,0.000671591672263264,-8.148683379861883,9.889564579782775,116
time_bars,2022-03-05 00:00:00+00:00,288,8,0,0.021717103811609073,0.027777777777777776,0.0,0.00015873645779594428,0.0,0.6302980761181987,2.6430098912455393,1468
time_bars,2022-03-06 00:00:00+00:00,288,46,5,0.046672437542927915,0.1597222222222222,0.017361111111111112,0.0009127346323266796,0.0008394895903290799,-2.498149804986823,4.204050766499358,854
time_bars,2022-03-07 00:00:00+00:00,288,59,3,0.04338181643983599,0.2048611111111111,0.010416666666666666,0.0011706813762450891,0.0005036937541974479,-1.1453030911133861,6.303270222838342,386
time_bars,2022-03-08 00:00:00+00:00,288,28,1,0.03188153212223549,0.09722222222222222,0.003472222222222222,0.000555577602285805,0.000167897918065816,1.9464941260550075,3.8544285610052103,974
time_bars,2022-03-09 00:00:00+00:00,288,32,3,0.033066545420399565,0.1111111111111111,0.010416666666666666,0.0006349458311837771,0.0005036937541974479,8.008503345748633,9.87142906865283,117
time_bars,2022-03-10 00:00:00+00:00,288,49,6,0.036536835672664726,0.1701388888888889,0.020833333333333332,0.0009722608040001587,0.0010073875083948958,-6.227956288415575,8.751607061854255,156
time_bars,2022-03-11 00:00:00+00:00,288,49,1,0.033537577059991795,0.1701388888888889,0.003472222222222222,0.0009722608040001587,0.000167897918065816,-1.7770542174145907,5.207309293550495,595
time_bars,2022-03-12 00:00:00+00:00,288,6,2,0.02216878855832121,0.020833333333333332,0.006944444444444444,0.00011905234334695822,0.000335795836131632,0.20514627409676556,2.425433822234303,1572
time_bars,2022-03-13 00:00:00+00:00,288,17,5,0.035250969350297964,0.059027777777777776,0.017361111111111112,0.0003373149728163816,0.0008394895903290799,-2.7413510247405477,4.688358589885046,722
time_bars,2022-03-14 00:00:00+00:00,288,42,4,0.03330219875747819,0.14583333333333334,0.013888888888888888,0.0008333664034287075,0.000671591672263264,4.9386754039171405,6.367432357349529,372
time_bars,2022-03-15 00:00:00+00:00,288,35,3,0.026919135034174355,0.12152777777777778,0.010416666666666666,0.0006944720028572562,0.0005036937541974479,-0.9644967359181732,4.689505411892896,720
time_bars,2022-03-16 00:00:00+00:00,288,50,3,0.03631695110724635,0.1736111111111111,0.010416666666666666,0.0009921028612246518,0.0005036937541974479,4.566544418170813,7.715242869652106,233
time_bars,2022-03-17 00:00:00+00:00,288,14,0,0.022740690613555273,0.04861111111111111,0.0,0.0002777888011429025,0.0,-0.5068056309003709,2.5766242143303675,1498
time_bars,2022-03-18 00:00:00+00:00,288,30,4,0.03916029555000547,0.10416666666666667,0.013888888888888888,0.000595261716734791,0.000671591672263264,2.0654216697553953,5.434370622664763,532
time_bars,2022-03-19 00:00:00+00:00,288,11,2,0.024515851180369568,0.03819444444444445,0.006944444444444444,0.00021826262946942338,0.000335795836131632,1.0402787171848544,2.2553388084485633,1626
time_bars,2022-03-20 00:00:00+00:00,288,14,2,0.03236796772992223,0.04861111111111111,0.006944444444444444,0.0002777888011429025,0.000335795836131632,-2.2222817189564736,3.29309911846353,1205
time_bars,2022-03-21 00:00:00+00:00,288,19,1,0.030145000146388712,0.06597222222222222,0.003472222222222222,0.00037699908726536766,0.000167897918065816,-0.6784797983480024,2.7190651188836408,1437
time_bars,2022-03-22 00:00:00+00:00,288,31,3,0.032618887554363284,0.1076388888888889,0.010416666666666666,0.0006151037739592841,0.0005036937541974479,3.283075262209439,6.321197217055705,380
time_bars,2022-03-23 00:00:00+00:00,288,20,3,0.03349321374607886,0.06944444444444445,0.010416666666666666,0.0003968411444898607,0.0005036937541974479,1.215723428547076,3.113401264146914,1271
time_bars,2022-03-24 00:00:00+00:00,288,23,1,0.03248528820529632,0.0798611111111111,0.003472222222222222,0.0004563673161633398,0.000167897918065816,2.5463944297306735,3.8632650801727073,973
time_bars,2022-03-25 00:00:00+00:00,288,30,3,0.03217434107411421,0.10416666666666667,0.010416666666666666,0.000595261716734791,0.0005036937541974479,0.7192107481489924,3.5327190712252268,1097
time_bars,2022-03-26 00:00:00+00:00,288,4,2,0.026685500794773075,0.013888888888888888,0.006944444444444444,7.936822889797214e-05,0.000335795836131632,0.4473998167952763,1.6752243700135012,1855
time_bars,2022-03-27 00:00:00+00:00,288,22,8,0.03903986990788166,0.0763888888888889,0.027777777777777776,0.00043652525893884676,0.001343183344526528,5.107883781047616,5.754733715880273,462
time_bars,2022-03-28 00:00:00+00:00,288,33,4,0.02361180288768675,0.11458333333333333,0.013888888888888888,0.0006547878884082701,0.000671591672263264,0.640817667856545,3.2660370621375905,1217
time_bars,2022-03-29 00:00:00+00:00,288,21,2,0.030679866773597148,0.07291666666666667,0.006944444444444444,0.00041668320171435377,0.000335795836131632,0.6276708960983729,2.5029987582232653,1529
time_bars,2022-03-30 00:00:00+00:00,288,11,1,0.033855777355844906,0.03819444444444445,0.003472222222222222,0.00021826262946942338,0.000167897918065816,-0.7733571443242021,2.448765798238197,1560
time_bars,2022-03-31 00:00:00+00:00,288,30,6,0.03394392868924196,0.10416666666666667,0.020833333333333332,0.000595261716734791,0.0010073875083948958,-3.3432565819856,5.247506787741515,587
time_bars,2022-04-01 00:00:00+00:00,288,31,4,0.03292240480575614,0.1076388888888889,0.013888888888888888,0.0006151037739592841,0.000671591672263264,1.6569685018289624,5.487911393511256,524
time_bars,2022-04-02 00:00:00+00:00,288,14,4,0.03205205688791172,0.04861111111111111,0.013888888888888888,0.0002777888011429025,0.000671591672263264,-1.0243331252178818,3.5265533310353465,1102
time_bars,2022-04-03 00:00:00+00:00,288,17,4,0.03465871923555094,0.059027777777777776,0.013888888888888888,0.0003373149728163816,0.000671591672263264,1.3019697997942203,4.190007079905588,860
time_bars,2022-04-04 00:00:00+00:00,288,15,2,0.027622806668224184,0.052083333333333336,0.006944444444444444,0.0002976308583673955,0.000335795836131632,0.4057088681378422,3.917252205723794,943
time_bars,2022-04-05 00:00:00+00:00,288,24,1,0.034657828674641684,0.08333333333333333,0.003472222222222222,0.00047620937338783287,0.000167897918065816,-2.3975086604531533,4.083259049060764,890
time_bars,2022-04-06 00:00:00+00:00,288,33,4,0.04215051581490918,0.11458333333333333,0.013888888888888888,0.0006547878884082701,0.000671591672263264,-5.231050866890268,5.406184819441685,544
time_bars,2022-04-07 00:00:00+00:00,288,17,1,0.028488324218107836,0.059027777777777776,0.003472222222222222,0.0003373149728163816,0.000167897918065816,0.5943866262800003,2.779336373297759,1414
time_bars,2022-04-08 00:00:00+00:00,288,34,5,0.0381851367451561,0.11805555555555555,0.017361111111111112,0.0006746299456327632,0.0008394895903290799,-2.774144783404527,4.403439826682855,795
time_bars,2022-04-09 00:00:00+00:00,288,5,1,0.023437418399643275,0.017361111111111112,0.003472222222222222,9.921028612246518e-05,0.000167897918065816,1.173786500058686,1.6406130257755633,1870
time_bars,2022-04-10 00:00:00+00:00,288,20,10,0.045555923280909044,0.06944444444444445,0.034722222222222224,0.0003968411444898607,0.0016789791806581598,-1.4037095812499218,3.6640598659073307,1045
time_bars,2022-04-11 00:00:00+00:00,288,41,7,0.04236785849458447,0.1423611111111111,0.024305555555555556,0.0008135243462042144,0.0011752854264607119,-6.456209346716949,8.008535805470869,211
time_bars,2022-04-12 00:00:00+00:00,288,28,1,0.032549212406972054,0.09722222222222222,0.003472222222222222,0.000555577602285805,0.000167897918065816,1.3953369864070237,3.693928809961716,1029
time_bars,2022-04-13 00:00:00+00:00,288,28,1,0.036194062244125,0.09722222222222222,0.003472222222222222,0.000555577602285805,0.000167897918065816,2.6337115725503675,4.955308137939861,642
time_bars,2022-04-14 00:00:00+00:00,288,19,3,0.027128745304035192,0.06597222222222222,0.010416666666666666,0.00037699908726536766,0.0005036937541974479,-2.9958178841947203,4.82285349962332,682
time_bars,2022-04-15 00:00:00+00:00,288,10,4,0.027627591277844355,0.034722222222222224,0.013888888888888888,0.00019842057224493036,0.000671591672263264,1.5255363265407722,2.862434366018189,1380
time_bars,2022-04-16 00:00:00+00:00,288,6,3,0.027999906521896226,0.020833333333333332,0.010416666666666666,0.00011905234334695822,0.0005036937541974479,-0.4168599173447962,1.8727087959910733,1792
time_bars,2022-04-17 00:00:00+00:00,288,15,9,0.03921360759445158,0.052083333333333336,0.03125,0.0002976308583673955,0.0015110812625923438,-1.7793245332649223,2.6576127585324363,1461
time_bars,2022-04-18 00:00:00+00:00,288,29,7,0.03369534641945707,0.10069444444444445,0.024305555555555556,0.000575419659510298,0.0011752854264607119,2.8260828724872544,7.133766630121613,283
time_bars,2022-04-19 00:00:00+00:00,288,17,0,0.023451671237852127,0.059027777777777776,0.0,0.0003373149728163816,0.0,1.6708672105233624,3.0228812232495774,1314
time_bars,2022-04-20 00:00:00+00:00,288,28,3,0.03615064372074514,0.09722222222222222,0.010416666666666666,0.000555577602285805,0.0005036937541974479,-0.3507224557250212,3.295110013968598,1203
time_bars,2022-04-21 00:00:00+00:00,288,69,6,0.0436474202977017,0.23958333333333334,0.020833333333333332,0.0013691019484900196,0.0010073875083948958,-2.1420463541443926,8.082269805051407,205
time_bars,2022-04-22 00:00:00+00:00,288,32,1,0.025943898190784187,0.1111111111111111,0.003472222222222222,0.0006349458311837771,0.000167897918065816,-1.9358124535286916,4.137523628680814,875
time_bars,2022-04-23 00:00:00+00:00,288,9,3,0.0239221900522715,0.03125,0.010416666666666666,0.00017857851502043733,0.0005036937541974479,-0.6554631290774091,1.869873680754237,1794
time_bars,2022-04-24 00:00:00+00:00,288,18,10,0.03564778339029054,0.0625,0.034722222222222224,0.00035715703004087466,0.0016789791806581598,0.04971641454283725,2.655752055086136,1462
time_bars,2022-04-25 00:00:00+00:00,288,61,6,0.03766088351964228,0.21180555555555555,0.020833333333333332,0.0012103654906940751,0.0010073875083948958,2.448885220223229,6.449588162024406,356
time_bars,2022-04-26 00:00:00+00:00,288,53,3,0.03501344086256425,0.1840277777777778,0.010416666666666666,0.001051629032898131,0.0005036937541974479,-5.905311100469785,7.977027746575403,213
time_bars,2022-04-27 00:00:00+00:00,288,40,0,0.02578307410343529,0.1388888888888889,0.0,0.0007936822889797214,0.0,2.885739815156729,4.205523078581353,851
time_bars,2022-04-28 00:00:00+00:00,288,49,4,0.035001657731004714,0.1701388888888889,0.013888888888888888,0.0009722608040001587,0.000671591672263264,1.3263180307858446,3.82386462405344,985
time_bars,2022-04-29 00:00:00+00:00,288,39,1,0.02930189275901525,0.13541666666666666,0.003472222222222222,0.0007738402317552284,0.000167897918065816,-2.963768284577354,4.520983811583227,764
time_bars,2022-04-30 00:00:00+00:00,288,17,2,0.025713859941241556,0.059027777777777776,0.006944444444444444,0.0003373149728163816,0.000335795836131632,-2.514219538867978,3.229831422544404,1231
time_bars,2022-05-01 00:00:00+00:00,283,34,4,0.03176069797068481,0.12014134275618374,0.014134275618374558,0.0006746299456327632,0.000671591672263264,2.172463549995619,3.5005270778409896,1114
time_bars,2022-05-02 00:00:00+00:00,288,54,4,0.036902522423814164,0.1875,0.013888888888888888,0.0010714710901226238,0.000671591672263264,0.2286808197933541,3.080464452514559,1289
time_bars,2022-05-03 00:00:00+00:00,288,33,2,0.028843715936194107,0.11458333333333333,0.006944444444444444,0.0006547878884082701,0.000335795836131632,-2.1318148715551493,3.0842039840634885,1288
time_bars,2022-05-04 00:00:00+00:00,288,55,3,0.036652675228721364,0.1909722222222222,0.010416666666666666,0.001091313147347117,0.0005036937541974479,5.094322118685224,6.21992905841945,397
time_bars,2022-05-05 00:00:00+00:00,288,42,5,0.03199023612684333,0.14583333333333334,0.017361111111111112,0.0008333664034287075,0.0008394895903290799,-8.268810978650912,11.862414722857192,64
time_bars,2022-05-06 00:00:00+00:00,288,28,0,0.02681336550718144,0.09722222222222222,0.0,0.000555577602285805,0.0,-1.4846747914354304,4.116648063264583,880
time_bars,2022-05-07 00:00:00+00:00,288,28,9,0.031110670585989368,0.09722222222222222,0.03125,0.000555577602285805,0.0015110812625923438,-1.4791368144480832,4.060525633682547,897
time_bars,2022-05-08 00:00:00+00:00,288,74,4,0.03153576184120422,0.2569444444444444,0.013888888888888888,0.0014683122346124847,0.000671591672263264,-4.129296963073527,5.3186644192994,573
time_bars,2022-05-09 00:00:00+00:00,288,88,3,0.049985610951699504,0.3055555555555556,0.010416666666666666,0.001746101035755387,0.0005036937541974479,-12.422192605583096,13.217355067137332,49
time_bars,2022-05-10 00:00:00+00:00,288,19,0,0.032112019191293105,0.06597222222222222,0.0,0.00037699908726536766,0.0,3.0992635854580914,9.465067297761077,129
time_bars,2022-05-11 00:00:00+00:00,288,39,0,0.04858556325108521,0.13541666666666666,0.0,0.0007738402317552284,0.0,-6.418656391748738,15.223002193142646,33
time_bars,2022-05-12 00:00:00+00:00,288,21,0,0.03291494910110958,0.07291666666666667,0.0,0.00041668320171435377,0.0,-0.20653554416404865,12.76516119112385,53
time_bars,2022-05-13 00:00:00+00:00,288,33,1,0.028561221630659876,0.11458333333333333,0.003472222222222222,0.0006547878884082701,0.000167897918065816,0.8697183739772858,7.837060628904741,228
time_bars,2022-05-14 00:00:00+00:00,288,44,1,0.029659363744316342,0.1527777777777778,0.003472222222222222,0.0008730505178776935,0.000167897918065816,2.7147268083854286,5.938186834981119,432
time_bars,2022-05-15 00:00:00+00:00,288,47,4,0.036071752952103804,0.16319444444444445,0.013888888888888888,0.0009325766895511726,0.000671591672263264,4.055346996530323,6.615447232359303,341
time_bars,2022-05-16 00:00:00+00:00,288,64,2,0.03858139965971919,0.2222222222222222,0.006944444444444444,0.0012698916623675542,0.000335795836131632,-4.765000678015222,7.539545996652857,249
time_bars,2022-05-17 00:00:00+00:00,288,56,1,0.0350153751773324,0.19444444444444445,0.003472222222222222,0.00111115520457161,0.000167897918065816,1.8924870901672683,4.564515063443566,751
time_bars,2022-05-18 00:00:00+00:00,288,50,0,0.03707934762246538,0.1736111111111111,0.0,0.0009921028612246518,0.0,-5.862923274604485,6.982150693944278,298
time_bars,2022-05-19 00:00:00+00:00,288,55,2,0.03581318968587046,0.1909722222222222,0.006944444444444444,0.001091313147347117,0.000335795836131632,5.488623414530325,6.349596604182047,375
time_bars,2022-05-20 00:00:00+00:00,288,61,2,0.03601055602816581,0.21180555555555555,0.006944444444444444,0.0012103654906940751,0.000335795836131632,-3.8015762598142886,7.004126141313146,292
time_bars,2022-05-21 00:00:00+00:00,288,14,1,0.027361151301364163,0.04861111111111111,0.003472222222222222,0.0002777888011429025,0.000167897918065816,0.8137713099197377,2.4686710415546465,1549
time_bars,2022-05-22 00:00:00+00:00,288,43,6,0.03937580776854099,0.14930555555555555,0.020833333333333332,0.0008532084606532005,0.0010073875083948958,2.8693307124308025,4.275008159429299,828
time_bars,2022-05-23 00:00:00+00:00,288,72,4,0.042747099831630136,0.25,0.013888888888888888,0.0014286281201634987,0.000671591672263264,-3.993066788302336,6.110605577706359,413
time_bars,2022-05-24 00:00:00+00:00,288,39,2,0.02925180717095401,0.13541666666666666,0.006944444444444444,0.0007738402317552284,0.000335795836131632,1.856681340801505,4.271310130284299,831
time_bars,2022-05-25 00:00:00+00:00,288,38,1,0.034422446886785,0.13194444444444445,0.003472222222222222,0.0007539981745307353,0.000167897918065816,-0.35924519496741547,3.0776204627554007,1291
time_bars,2022-05-26 00:00:00+00:00,288,50,3,0.038040040530382374,0.1736111111111111,0.010416666666666666,0.0009921028612246518,0.0005036937541974479,-1.1670349222875036,6.659662267077687,332
time_bars,2022-05-27 00:00:00+00:00,288,37,1,0.037201650948193055,0.1284722222222222,0.003472222222222222,0.0007341561173062423,0.000167897918065816,-1.9745630907214275,3.911917681032897,945
time_bars,2022-05-28 00:00:00+00:00,281,11,1,0.024054174393500657,0.03914590747330961,0.0035587188612099642,0.00021826262946942338,0.000167897918065816,1.3722824343977216,2.5810586268620197,1497
time_bars,2022-05-29 00:00:00+00:00,288,21,5,0.03881734089225594,0.07291666666666667,0.017361111111111112,0.00041668320171435377,0.0008394895903290799,1.484508617028295,2.6369119863024735,1470
time_bars,2022-05-30 00:00:00+00:00,288,66,9,0.043606528888318785,0.22916666666666666,0.03125,0.0013095757768165402,0.0015110812625923438,7.437010237671555,9.767743868850884,122
time_bars,2022-05-31 00:00:00+00:00,288,34,4,0.02971845445941019,0.11805555555555555,0.013888888888888888,0.0006746299456327632,0.000671591672263264,0.22448111963802386,3.788385369821613,996
time_bars,2022-06-01 00:00:00+00:00,288,61,6,0.040392745296933784,0.21180555555555555,0.020833333333333332,0.0012103654906940751,0.0010073875083948958,-6.499588861514119,8.771391740855607,153
time_bars,2022-06-02 00:00:00+00:00,288,29,1,0.030151181367875018,0.10069444444444445,0.003472222222222222,0.000575419659510298,0.000167897918065816,2.1257897818123883,3.926155951593798,941
time_bars,2022-06-03 00:00:00+00:00,288,41,1,0.029119196000474912,0.1423611111111111,0.003472222222222222,0.0008135243462042144,0.000167897918065816,-2.5094505600558694,4.918772536487529,653
time_bars,2022-06-04 00:00:00+00:00,288,16,1,0.028183876078422265,0.05555555555555555,0.003472222222222222,0.00031747291559188856,0.000167897918065816,0.5563483589855632,1.7899677150093503,1830
time_bars,2022-06-05 00:00:00+00:00,288,23,2,0.03993861471502047,0.0798611111111111,0.006944444444444444,0.0004563673161633398,0.000335795836131632,0.2054941953150936,2.4292692569044485,1571
time_bars,2022-06-06 00:00:00+00:00,288,49,5,0.03845788367226802,0.1701388888888889,0.017361111111111112,0.0009722608040001587,0.0008394895903290799,4.737858741437469,6.17749842995653,402
time_bars,2022-06-07 00:00:00+00:00,288,58,5,0.03957139787595269,0.2013888888888889,0.017361111111111112,0.001150839319020596,0.0008394895903290799,-0.7781816594486861,7.929928965649119,219
time_bars,2022-06-08 00:00:00+00:00,288,25,0,0.020328313983611443,0.08680555555555555,0.0,0.0004960514306123259,0.0,-3.019288072537771,4.906953279815209,656
time_bars,2022-06-09 00:00:00+00:00,288,35,2,0.029296501334357326,0.12152777777777778,0.006944444444444444,0.0006944720028572562,0.000335795836131632,-0.3294305627153371,2.565546345283509,1503
time_bars,2022-06-10 00:00:00+00:00,288,37,5,0.033623464519876925,0.1284722222222222,0.017361111111111112,0.0007341561173062423,0.0008394895903290799,-3.4334321231046605,5.304128840777033,577
time_bars,2022-06-11 00:00:00+00:00,288,38,3,0.033603055820344535,0.13194444444444445,0.010416666666666666,0.0007539981745307353,0.0005036937541974479,-2.2994556862452606,4.688562478239864,721
time_bars,2022-06-12 00:00:00+00:00,288,50,5,0.03849167589236024,0.1736111111111111,0.017361111111111112,0.0009921028612246518,0.0008394895903290799,-6.739021466734053,7.236263538053215,273
time_bars,2022-06-13 00:00:00+00:00,288,58,0,0.04747758551274397,0.2013888888888889,0.0,0.001150839319020596,0.0,-16.733542714095904,20.4784265461096,10
time_bars,2022-06-14 00:00:00+00:00,288,25,0,0.03727728280589172,0.08680555555555555,0.0,0.0004960514306123259,0.0,-1.5639158864235323,11.771153096826016,66
time_bars,2022-06-15 00:00:00+00:00,288,44,0,0.04088199755502035,0.1527777777777778,0.0,0.0008730505178776935,0.0,1.9906587502114481,12.603077069611206,56
time_bars,2022-06-16 00:00:00+00:00,288,23,0,0.02603566673150202,0.0798611111111111,0.0,0.0004563673161633398,0.0,-10.16292038009718,12.872309525994229,52
time_bars,2022-06-17 00:00:00+00:00,288,28,0,0.03017716340854197,0.09722222222222222,0.0,0.000555577602285805,0.0,0.3496301598969901,5.576223386874857,507
time_bars,2022-06-18 00:00:00+00:00,288,51,5,0.04128093615948312,0.17708333333333334,0.017361111111111112,0.0010119449184491447,0.0008394895903290799,-7.602411308909061,16.59201369867346,25
time_bars,2022-06-19 00:00:00+00:00,288,34,1,0.03371809348062095,0.11805555555555555,0.003472222222222222,0.0006746299456327632,0.000167897918065816,8.123602596337243,14.915780183792126,36
time_bars,2022-06-20 00:00:00+00:00,288,35,0,0.03140019737522946,0.12152777777777778,0.0,0.0006944720028572562,0.0,0.028200241347554698,7.22092928459275,274
time_bars,2022-06-21 00:00:00+00:00,288,40,0,0.03532872946507308,0.1388888888888889,0.0,0.0007936822889797214,0.0,0.6932646682734669,6.667265818110407,331
time_bars,2022-06-22 00:00:00+00:00,288,50,1,0.03986617768104894,0.1736111111111111,0.003472222222222222,0.0009921028612246518,0.000167897918065816,-3.6164715724983005,5.623908527345488,495
time_bars,2022-06-23 00:00:00+00:00,288,49,1,0.03203548006657019,0.1701388888888889,0.003472222222222222,0.0009722608040001587,0.000167897918065816,5.450524979074946,6.694455056125421,330
time_bars,2022-06-24 00:00:00+00:00,288,47,0,0.03340809964633549,0.16319444444444445,0.0,0.0009325766895511726,0.0,0.6359907847619188,3.9299553184579956,939
time_bars,2022-06-25 00:00:00+00:00,288,29,1,0.02821354570975258,0.10069444444444445,0.003472222222222222,0.000575419659510298,0.000167897918065816,1.1738922200120792,3.450824038930652,1137
time_bars,2022-06-26 00:00:00+00:00,288,50,4,0.037213531290847916,0.1736111111111111,0.013888888888888888,0.0009921028612246518,0.000671591672263264,-2.1303527311843182,4.370443423472924,798
time_bars,2022-06-27 00:00:00+00:00,288,40,5,0.03182228817593864,0.1388888888888889,0.017361111111111112,0.0007936822889797214,0.0008394895903290799,-1.4325266345438756,5.0414859896433954,623
time_bars,2022-06-28 00:00:00+00:00,288,53,1,0.031112367835201733,0.1840277777777778,0.003472222222222222,0.001051629032898131,0.000167897918065816,-2.2509035956623147,4.881846912704714,664
time_bars,2022-06-29 00:00:00+00:00,288,43,1,0.037792901647248175,0.14930555555555555,0.003472222222222222,0.0008532084606532005,0.000167897918065816,-0.7865593096993438,3.045416135042577,1302
time_bars,2022-06-30 00:00:00+00:00,288,49,5,0.040656917407018274,0.1701388888888889,0.017361111111111112,0.0009722608040001587,0.0008394895903290799,-0.9312291588008377,8.277807609824526,189
time_bars,2022-07-01 00:00:00+00:00,288,29,2,0.028277963473865693,0.10069444444444445,0.006944444444444444,0.000575419659510298,0.000335795836131632,-3.3236635773942687,9.92709147676575,113
time_bars,2022-07-02 00:00:00+00:00,288,17,1,0.021023705449384342,0.059027777777777776,0.003472222222222222,0.0003373149728163816,0.000167897918065816,-0.16773081844121604,2.5876752963855236,1491
time_bars,2022-07-03 00:00:00+00:00,288,37,3,0.026985172741432948,0.1284722222222222,0.010416666666666666,0.0007341561173062423,0.0005036937541974479,0.3367329737260026,4.504541563867911,771
time_bars,2022-07-04 00:00:00+00:00,288,59,4,0.03576245699543365,0.2048611111111111,0.013888888888888888,0.0011706813762450891,0.000671591672263264,4.65826414014608,6.620805490193704,339
time_bars,2022-07-05 00:00:00+00:00,288,68,3,0.04359551199434845,0.2361111111111111,0.010416666666666666,0.0013492598912655264,0.0005036937541974479,-0.27873857978077904,7.283792370783172,265
time_bars,2022-07-06 00:00:00+00:00,288,36,1,0.032846257547168856,0.125,0.003472222222222222,0.0007143140600817493,0.000167897918065816,1.8859124612055387,4.5261878101700574,763
time_bars,2022-07-07 00:00:00+00:00,288,56,3,0.03373039426944027,0.19444444444444445,0.010416666666666666,0.00111115520457161,0.0005036937541974479,5.024819308870964,7.5382260581159795,250
time_bars,2022-07-08 00:00:00+00:00,288,41,1,0.031887014452027566,0.1423611111111111,0.003472222222222222,0.0008135243462042144,0.000167897918065816,-0.12314132252515539,6.422944441987885,361
time_bars,2022-07-09 00:00:00+00:00,288,22,2,0.025789305259584977,0.0763888888888889,0.006944444444444444,0.00043652525893884676,0.000335795836131632,-0.03613804773412772,3.188477795422622,1252
time_bars,2022-07-10 00:00:00+00:00,288,46,5,0.028900612258171407,0.1597222222222222,0.017361111111111112,0.0009127346323266796,0.0008394895903290799,-3.4286379492358465,4.71336843185131,710
time_bars,2022-07-11 00:00:00+00:00,288,71,3,0.03509678762185308,0.2465277777777778,0.010416666666666666,0.0014087860629390055,0.0005036937541974479,-4.409152687734454,4.8329924549059955,679
time_bars,2022-07-12 00:00:00+00:00,288,48,0,0.03797298500275428,0.16666666666666666,0.0,0.0009524187467756657,0.0,-3.215373791819552,4.179113724794065,866
time_bars,2022-07-13 00:00:00+00:00,288,59,6,0.04002507246481851,0.2048611111111111,0.020833333333333332,0.0011706813762450891,0.0010073875083948958,4.547422052175704,7.639849842832118,238
time_bars,2022-07-14 00:00:00+00:00,288,35,0,0.028863986070946535,0.12152777777777778,0.0,0.0006944720028572562,0.0,1.7574541702550215,6.42195927342938,362
time_bars,2022-07-15 00:00:00+00:00,288,42,1,0.03475000982558272,0.14583333333333334,0.003472222222222222,0.0008333664034287075,0.000167897918065816,1.1811246514942833,4.021781386660236,908
time_bars,2022-07-16 00:00:00+00:00,288,53,1,0.035111455105695986,0.1840277777777778,0.003472222222222222,0.001051629032898131,0.000167897918065816,1.715962936100969,5.275770937150441,582
time_bars,2022-07-17 00:00:00+00:00,288,47,1,0.034913316864913786,0.16319444444444445,0.003472222222222222,0.0009325766895511726,0.000167897918065816,-1.8581342062626678,4.395736914563096,796
time_bars,2022-07-18 00:00:00+00:00,288,66,5,0.047923469554600896,0.22916666666666666,0.017361111111111112,0.0013095757768165402,0.0008394895903290799,7.544363465594168,9.352055407000181,134
time_bars,2022-07-19 00:00:00+00:00,288,40,0,0.03656790953394102,0.1388888888888889,0.0,0.0007936822889797214,0.0,4.206389784030827,9.890216186216657,115
time_bars,2022-07-20 00:00:00+00:00,288,39,1,0.0350718088231793,0.13541666666666666,0.003472222222222222,0.0007738402317552284,0.000167897918065816,-0.7054702979890038,5.785115134656684,455
time_bars,2022-07-21 00:00:00+00:00,288,40,0,0.032232755665833834,0.1388888888888889,0.0,0.0007936822889797214,0.0,-0.3321402354605325,4.810314578289923,685
time_bars,2022-07-22 00:00:00+00:00,288,56,1,0.03369326045405531,0.19444444444444445,0.003472222222222222,0.00111115520457161,0.000167897918065816,-2.048976517708224,5.406722127027579,543
time_bars,2022-07-23 00:00:00+00:00,288,44,1,0.03088976048192651,0.1527777777777778,0.003472222222222222,0.0008730505178776935,0.000167897918065816,-1.040900273045075,4.7044190356604485,716
time_bars,2022-07-24 00:00:00+00:00,288,43,2,0.03498926170649134,0.14930555555555555,0.006944444444444444,0.0008532084606532005,0.000335795836131632,0.5798637464555488,3.282112902196864,1213
time_bars,2022-07-25 00:00:00+00:00,288,57,5,0.035639172093963646,0.19791666666666666,0.017361111111111112,0.001130997261796103,0.0008394895903290799,-5.794110172172776,6.49505500325114,354
time_bars,2022-07-26 00:00:00+00:00,288,40,1,0.028528805210735326,0.1388888888888889,0.003472222222222222,0.0007936822889797214,0.000167897918065816,-0.2773796470631484,3.06896348821538,1293
time_bars,2022-07-27 00:00:00+00:00,288,51,5,0.03580821646894405,0.17708333333333334,0.017361111111111112,0.0010119449184491447,0.0008394895903290799,7.699678548383922,9.383507782620665,131
time_bars,2022-07-28 00:00:00+00:00,288,35,1,0.03101307662208239,0.12152777777777778,0.003472222222222222,0.0006944720028572562,0.000167897918065816,3.827537179051936,6.892762883222532,310
time_bars,2022-07-29 00:00:00+00:00,288,58,1,0.03515162414494099,0.2013888888888889,0.003472222222222222,0.001150839319020596,0.000167897918065816,-0.273487639822259,4.481379470138161,778
time_bars,2022-07-30 00:00:00+00:00,288,47,4,0.03043853179407896,0.16319444444444445,0.013888888888888888,0.0009325766895511726,0.000671591672263264,-0.5953491041848306,4.959007915783771,641
time_bars,2022-07-31 00:00:00+00:00,288,38,3,0.029068051522628077,0.13194444444444445,0.010416666666666666,0.0007539981745307353,0.0005036937541974479,-1.4636819455973313,4.07275968171498,892
time_bars,2022-08-01 00:00:00+00:00,288,47,0,0.025923531242446868,0.16319444444444445,0.0,0.0009325766895511726,0.0,-0.1396417235704349,2.8525757261563642,1387
time_bars,2022-08-02 00:00:00+00:00,288,52,4,0.03724486193416344,0.18055555555555555,0.013888888888888888,0.0010317869756736378,0.000671591672263264,-1.2220939550199907,3.673241542393098,1039
time_bars,2022-08-03 00:00:00+00:00,288,43,1,0.029394395223845134,0.14930555555555555,0.003472222222222222,0.0008532084606532005,0.000167897918065816,-0.7584697519358818,4.2527994365355335,839
time_bars,2022-08-04 00:00:00+00:00,288,26,3,0.033475118345877374,0.09027777777777778,0.010416666666666666,0.0005158934878368189,0.0005036937541974479,-0.8482689203031526,3.6918453556157313,1030
time_bars,2022-08-05 00:00:00+00:00,288,35,3,0.033143488010904776,0.12152777777777778,0.010416666666666666,0.0006944720028572562,0.0005036937541974479,3.0028178115282484,3.7779364336029917,999
time_bars,2022-08-06 00:00:00+00:00,288,13,2,0.022348568585131474,0.04513888888888889,0.006944444444444444,0.00025794674391840946,0.000335795836131632,-1.5341565091337348,1.9825247915492203,1742
time_bars,2022-08-07 00:00:00+00:00,288,23,3,0.033923512521982314,0.0798611111111111,0.010416666666666666,0.0004563673161633398,0.0005036937541974479,0.9741787263522093,2.462114078556747,1551
time_bars,2022-08-08 00:00:00+00:00,288,58,5,0.04345334098454981,0.2013888888888889,0.017361111111111112,0.001150839319020596,0.0008394895903290799,2.710273764427805,4.5999235064968484,743
time_bars,2022-08-09 00:00:00+00:00,288,37,5,0.02899085992672026,0.1284722222222222,0.017361111111111112,0.0007341561173062423,0.0008394895903290799,-2.829487185653723,4.548785393692299,755
time_bars,2022-08-10 00:00:00+00:00,288,45,3,0.036416503286270246,0.15625,0.010416666666666666,0.0008928925751021866,0.0005036937541974479,3.402125013078531,6.950229584845236,301
time_bars,2022-08-11 00:00:00+00:00,288,40,0,0.03315899452974979,0.1388888888888889,0.0,0.0007936822889797214,0.0,-0.09946049772866825,4.636518753381717,733
time_bars,2022-08-12 00:00:00+00:00,288,41,1,0.029020505235950875,0.1423611111111111,0.003472222222222222,0.0008135243462042144,0.000167897918065816,1.935995747754395,3.6621674478238204,1047
time_bars,2022-08-13 00:00:00+00:00,288,38,2,0.03754749661661815,0.13194444444444445,0.006944444444444444,0.0007539981745307353,0.000335795836131632,0.17002452038743024,2.488606753293204,1538
time_bars,2022-08-14 00:00:00+00:00,288,39,2,0.03595884475725539,0.13541666666666666,0.006944444444444444,0.0007738402317552284,0.000335795836131632,-0.5537428640802928,3.7685088519760623,1002
time_bars,2022-08-15 00:00:00+00:00,288,51,2,0.042090126326749557,0.17708333333333334,0.006944444444444444,0.0010119449184491447,0.000335795836131632,-0.8635978540990267,5.8756328481282045,444
time_bars,2022-08-16 00:00:00+00:00,288,24,1,0.0306526334289028,0.08333333333333333,0.003472222222222222,0.00047620937338783287,0.000167897918065816,-1.0106870765040628,2.4393490871388783,1569
time_bars,2022-08-17 00:00:00+00:00,288,42,4,0.034666567055949185,0.14583333333333334,0.013888888888888888,0.0008333664034287075,0.000671591672263264,-2.1617719875021137,5.324003873392737,571
time_bars,2022-08-18 00:00:00+00:00,288,25,0,0.03242337049749157,0.08680555555555555,0.0,0.0004960514306123259,0.0,-0.6363122363634872,2.115891854429976,1680
time_bars,2022-08-19 00:00:00+00:00,288,50,6,0.03789003440827464,0.1736111111111111,0.020833333333333332,0.0009921028612246518,0.0010073875083948958,-10.735613172281523,11.112422037457636,79
time_bars,2022-08-20 00:00:00+00:00,288,39,0,0.027607095727337893,0.13541666666666666,0.0,0.0007738402317552284,0.0,1.443552078579927,2.9732574528259925,1333
time_bars,2022-08-21 00:00:00+00:00,288,42,2,0.03511641349519659,0.14583333333333334,0.006944444444444444,0.0008333664034287075,0.000335795836131632,1.7728390607706899,3.498289509615949,1115
time_bars,2022-08-22 00:00:00+00:00,288,50,1,0.03227632556836744,0.1736111111111111,0.003472222222222222,0.0009921028612246518,0.000167897918065816,-0.5530105531145609,3.260948332334178,1223
time_bars,2022-08-23 00:00:00+00:00,288,37,1,0.033575840315768345,0.1284722222222222,0.003472222222222222,0.0007341561173062423,0.000167897918065816,0.6115827869024917,3.725690645648992,1018
time_bars,2022-08-24 00:00:00+00:00,288,36,2,0.03339945193396597,0.125,0.006944444444444444,0.0007143140600817493,0.000335795836131632,-0.7617867134248287,3.6852228223755072,1032
time_bars,2022-08-25 00:00:00+00:00,288,33,1,0.02969081428923586,0.11458333333333333,0.003472222222222222,0.0006547878884082701,0.000167897918065816,0.9011022833733345,2.3923453746709225,1584
time_bars,2022-08-26 00:00:00+00:00,288,57,7,0.046677284478346646,0.19791666666666666,0.024305555555555556,0.001130997261796103,0.0011752854264607119,-6.319453901085254,8.428627423284265,179
time_bars,2022-08-27 00:00:00+00:00,288,24,0,0.023119014458521766,0.08333333333333333,0.0,0.00047620937338783287,0.0,-1.0175828006498961,3.110066499695519,1275
time_bars,2022-08-28 00:00:00+00:00,288,43,2,0.032719425284151345,0.14930555555555555,0.006944444444444444,0.0008532084606532005,0.000335795836131632,-2.408415311294109,3.2627758721323,1219
time_bars,2022-08-29 00:00:00+00:00,288,49,3,0.04014206904111298,0.1701388888888889,0.010416666666666666,0.0009722608040001587,0.0005036937541974479,3.6565859593322987,4.50608254359162,769
time_bars,2022-08-30 00:00:00+00:00,288,51,3,0.04051496374655322,0.17708333333333334,0.010416666666666666,0.0010119449184491447,0.0005036937541974479,-2.3574769507923197,5.236317728880621,590
time_bars,2022-08-31 00:00:00+00:00,288,44,0,0.036298665972049074,0.1527777777777778,0.0,0.0008730505178776935,0.0,1.1961582911300572,3.515910536950434,1105
time_bars,2022-09-01 00:00:00+00:00,288,37,1,0.03427088102024401,0.1284722222222222,0.003472222222222222,0.0007341561173062423,0.000167897918065816,0.40384579297623746,3.2367434242321727,1228
time_bars,2022-09-02 00:00:00+00:00,288,36,3,0.031435650447767645,0.125,0.010416666666666666,0.0007143140600817493,0.0005036937541974479,-0.9065647807285228,3.4770482247736094,1126
time_bars,2022-09-03 00:00:00+00:00,288,13,1,0.0242909208105238,0.04513888888888889,0.003472222222222222,0.00025794674391840946,0.000167897918065816,-0.6051067588626761,2.123637282275449,1675
time_bars,2022-09-04 00:00:00+00:00,288,25,5,0.03598928940203532,0.08680555555555555,0.017361111111111112,0.0004960514306123259,0.0008394895903290799,0.8640360786349786,2.285386541392259,1614
time_bars,2022-09-05 00:00:00+00:00,288,26,4,0.031171183165369536,0.09027777777777778,0.013888888888888888,0.0005158934878368189,0.000671591672263264,-1.0418175030418542,2.1504903912541278,1663
time_bars,2022-09-06 00:00:00+00:00,288,49,5,0.04265930778170912,0.1701388888888889,0.017361111111111112,0.0009722608040001587,0.0008394895903290799,-5.204667769554798,8.12677634378233,202
time_bars,2022-09-07 00:00:00+00:00,288,31,3,0.029059185869883136,0.1076388888888889,0.010416666666666666,0.0006151037739592841,0.0005036937541974479,2.6564275435219846,5.033337435223779,625
time_bars,2022-09-08 00:00:00+00:00,288,31,0,0.03404457042769879,0.1076388888888889,0.0,0.0006151037739592841,0.0,0.11555513083600324,2.3208110895348506,1602
time_bars,2022-09-09 00:00:00+00:00,288,56,6,0.04012891155803215,0.19444444444444445,0.020833333333333332,0.00111115520457161,0.0010073875083948958,10.055856696620364,11.652033278590764,71
time_bars,2022-09-10 00:00:00+00:00,288,28,1,0.037516074227831854,0.09722222222222222,0.003472222222222222,0.000555577602285805,0.000167897918065816,1.3374936248681242,3.32050292841788,1189
time_bars,2022-09-11 00:00:00+00:00,288,26,1,0.03545806840120406,0.09027777777777778,0.003472222222222222,0.0005158934878368189,0.000167897918065816,0.8320380813768031,2.5332571654833895,1518
time_bars,2022-09-12 00:00:00+00:00,288,54,3,0.03706207639902906,0.1875,0.010416666666666666,0.0010714710901226238,0.0005036937541974479,2.5595034302403636,4.244741375746803,844
time_bars,2022-09-13 00:00:00+00:00,288,53,2,0.0376039014825206,0.1840277777777778,0.006944444444444444,0.001051629032898131,0.000335795836131632,-10.461132001574853,14.12510154834869,45
time_bars,2022-09-14 00:00:00+00:00,288,28,1,0.03145029784648895,0.09722222222222222,0.003472222222222222,0.000555577602285805,0.000167897918065816,0.26944314907438394,4.62845983160207,736
time_bars,2022-09-15 00:00:00+00:00,288,26,1,0.028776029448071266,0.09027777777777778,0.003472222222222222,0.0005158934878368189,0.000167897918065816,-2.6372313045221767,4.335822962401018,806
time_bars,2022-09-16 00:00:00+00:00,288,27,1,0.028674056844802613,0.09375,0.003472222222222222,0.0005357355450613119,0.000167897918065816,0.515155647648397,2.9508496634973933,1342
time_bars,2022-09-17 00:00:00+00:00,288,18,1,0.03152761060268972,0.0625,0.003472222222222222,0.00035715703004087466,0.000167897918065816,1.5592023693704653,2.2204208655706137,1641
time_bars,2022-09-18 00:00:00+00:00,288,36,6,0.04032449578153141,0.125,0.020833333333333332,0.0007143140600817493,0.0010073875083948958,-3.5314314668653433,3.954247112859587,929
time_bars,2022-09-19 00:00:00+00:00,288,51,2,0.035354118058092986,0.17708333333333334,0.006944444444444444,0.0010119449184491447,0.000335795836131632,0.6375059797416384,7.767753188670035,230
time_bars,2022-09-20 00:00:00+00:00,288,38,1,0.03645099706874492,0.13194444444444445,0.003472222222222222,0.0007539981745307353,0.000167897918065816,-3.447629407744638,4.8810291760525795,665
time_bars,2022-09-21 00:00:00+00:00,288,46,2,0.040098673196137094,0.1597222222222222,0.006944444444444444,0.0009127346323266796,0.000335795836131632,-2.246960337353453,10.836358309516129,88
time_bars,2022-09-22 00:00:00+00:00,288,23,0,0.024487537313531763,0.0798611111111111,0.0,0.0004563673161633398,0.0,4.995753343250492,6.129262922397508,409
time_bars,2022-09-23 00:00:00+00:00,288,43,0,0.03966910641176277,0.14930555555555555,0.0,0.0008532084606532005,0.0,-0.5781797805633249,5.1233892563897045,606
time_bars,2022-09-24 00:00:00+00:00,288,16,1,0.030808651079799323,0.05555555555555555,0.003472222222222222,0.00031747291559188856,0.000167897918065816,-1.9360832232120488,2.6587748156778415,1460
time_bars,2022-09-25 00:00:00+00:00,288,27,4,0.035161758100329656,0.09375,0.013888888888888888,0.0005357355450613119,0.000671591672263264,-0.5897563141720001,3.0411947896373626,1303
time_bars,2022-09-26 00:00:00+00:00,288,50,0,0.03910353891460664,0.1736111111111111,0.0,0.0009921028612246518,0.0,2.1917964943996435,3.3729255398863414,1170
time_bars,2022-09-27 00:00:00+00:00,288,54,1,0.04643204231880585,0.1875,0.003472222222222222,0.0010714710901226238,0.000167897918065816,-0.7637213768701622,8.037200523981229,207
time_bars,2022-09-28 00:00:00+00:00,288,33,1,0.039814955648020685,0.11458333333333333,0.003472222222222222,0.0006547878884082701,0.000167897918065816,1.7527620513184918,6.944924981516943,303
time_bars,2022-09-29 00:00:00+00:00,288,43,0,0.03415107085913158,0.14930555555555555,0.0,0.0008532084606532005,0.0,0.8981873622005534,4.27136350206836,830
time_bars,2022-09-30 00:00:00+00:00,288,42,2,0.03356494616586808,0.14583333333333334,0.006944444444444444,0.0008333664034287075,0.000335795836131632,-0.8760333193835554,5.642356110753498,490
time_bars,2022-10-01 00:00:00+00:00,288,7,0,0.019162258060460183,0.024305555555555556,0.0,0.00013889440057145126,0.0,-0.5558497197097759,1.7299856531756186,1844
time_bars,2022-10-02 00:00:00+00:00,288,30,3,0.04219684840824162,0.10416666666666667,0.010416666666666666,0.000595261716734791,0.0005036937541974479,-1.32767233090241,2.57556354938615,1499
time_bars,2022-10-03 00:00:00+00:00,288,35,3,0.03308232807882351,0.12152777777777778,0.010416666666666666,0.0006944720028572562,0.0005036937541974479,2.962103025044225,3.997481135344637,916
time_bars,2022-10-04 00:00:00+00:00,288,42,6,0.03861313314491136,0.14583333333333334,0.020833333333333332,0.0008333664034287075,0.0010073875083948958,3.5598892520448353,5.103145447292389,611
time_bars,2022-10-05 00:00:00+00:00,288,46,1,0.040002807172167684,0.1597222222222222,0.003472222222222222,0.0009127346323266796,0.000167897918065816,-0.9035975410007107,3.240671869256838,1225
time_bars,2022-10-06 00:00:00+00:00,288,35,0,0.03541499913624037,0.12152777777777778,0.0,0.0006944720028572562,0.0,-0.9769701109905691,2.9818130812907433,1330
time_bars,2022-10-07 00:00:00+00:00,288,22,2,0.028552122017540944,0.0763888888888889,0.006944444444444444,0.00043652525893884676,0.000335795836131632,-2.194393801186647,3.8743625602255234,967
time_bars,2022-10-08 00:00:00+00:00,288,7,1,0.026118636122209934,0.024305555555555556,0.003472222222222222,0.00013889440057145126,0.000167897918065816,-0.5893083838548858,2.161878753581906,1657
time_bars,2022-10-09 00:00:00+00:00,288,6,3,0.03606305538990828,0.020833333333333332,0.010416666666666666,0.00011905234334695822,0.0005036937541974479,0.12205077693826485,1.235218999095181,1973
time_bars,2022-10-10 00:00:00+00:00,288,39,4,0.03969857015225168,0.13541666666666666,0.013888888888888888,0.0007738402317552284,0.000671591672263264,-1.5874172625491747,2.6641930946421093,1458
time_bars,2022-10-11 00:00:00+00:00,288,26,1,0.03226137120193594,0.09027777777777778,0.003472222222222222,0.0005158934878368189,0.000167897918065816,-0.36197854559453885,2.151749247595979,1660
time_bars,2022-10-12 00:00:00+00:00,288,8,0,0.025361248021248912,0.027777777777777776,0.0,0.00015873645779594428,0.0,0.4868737204439158,1.6544634709089325,1866
time_bars,2022-10-13 00:00:00+00:00,288,53,8,0.04111728166925906,0.1840277777777778,0.027777777777777776,0.001051629032898131,0.001343183344526528,1.1289638417171828,8.454803596747974,177
time_bars,2022-10-14 00:00:00+00:00,288,26,1,0.026469500972102225,0.09027777777777778,0.003472222222222222,0.0005158934878368189,0.000167897918065816,-1.0423141341158915,4.5552962990450165,754
time_bars,2022-10-15 00:00:00+00:00,288,9,2,0.022525328323729644,0.03125,0.006944444444444444,0.00017857851502043733,0.000335795836131632,-0.5451942869875752,1.3241064167887724,1947
time_bars,2022-10-16 00:00:00+00:00,288,17,4,0.04083433538438683,0.059027777777777776,0.013888888888888888,0.0003373149728163816,0.000671591672263264,0.9996872797129661,1.8605357093610813,1798
time_bars,2022-10-17 00:00:00+00:00,288,40,2,0.03656350889554545,0.1388888888888889,0.006944444444444444,0.0007936822889797214,0.000335795836131632,1.4983291653019095,2.669298482770194,1455
time_bars,2022-10-18 00:00:00+00:00,288,37,2,0.03468676857878793,0.1284722222222222,0.006944444444444444,0.0007341561173062423,0.000335795836131632,-1.13120583735345,3.2250380532347154,1235
time_bars,2022-10-19 00:00:00+00:00,288,17,1,0.031050230289344616,0.059027777777777776,0.003472222222222222,0.0003373149728163816,0.000167897918065816,-1.0625112965396903,1.5614981932352117,1894
time_bars,2022-10-20 00:00:00+00:00,288,29,2,0.03855245208694606,0.10069444444444445,0.006944444444444444,0.000575419659510298,0.000335795836131632,-0.4293438273891704,2.4462148193258604,1562
time_bars,2022-10-21 00:00:00+00:00,288,28,2,0.03872300947183213,0.09722222222222222,0.006944444444444444,0.000555577602285805,0.000335795836131632,0.6080829092945749,3.3829864518404884,1164
time_bars,2022-10-22 00:00:00+00:00,288,1,0,0.01907805642231349,0.003472222222222222,0.0,1.9842057224493035e-05,0.0,0.2300104544791555,0.763949639542153,2045
time_bars,2022-10-23 00:00:00+00:00,288,15,7,0.048006903705938846,0.052083333333333336,0.024305555555555556,0.0002976308583673955,0.0011752854264607119,1.8867413158169706,3.3043791078324203,1195
time_bars,2022-10-24 00:00:00+00:00,288,16,3,0.03255452477821566,0.05555555555555555,0.010416666666666666,0.00031747291559188856,0.0005036937541974479,-1.2474858719819106,2.3093854538121357,1608
time_bars,2022-10-25 00:00:00+00:00,274,54,9,0.047136986747986886,0.19708029197080293,0.032846715328467155,0.0010714710901226238,0.0015110812625923438,3.751579638003942,5.990237473982476,426
time_bars,2022-10-26 00:00:00+00:00,287,30,1,0.030366719382111017,0.10452961672473868,0.003484320557491289,0.000595261716734791,0.000167897918065816,3.270905518029515,4.816482478479657,683
time_bars,2022-10-27 00:00:00+00:00,288,25,3,0.02942463247222556,0.08680555555555555,0.010416666666666666,0.0004960514306123259,0.0005036937541974479,-2.304463892672644,3.3814454840389834,1165
time_bars,2022-10-28 00:00:00+00:00,288,29,2,0.027507425208542973,0.10069444444444445,0.006944444444444444,0.000575419659510298,0.000335795836131632,1.4544500845848236,3.878493540845712,963
time_bars,2022-10-29 00:00:00+00:00,288,36,0,0.034584459470159534,0.125,0.0,0.0007143140600817493,0.0,1.0343403138440534,2.5950279069822106,1487
time_bars,2022-10-30 00:00:00+00:00,288,14,4,0.031138731601117582,0.04861111111111111,0.013888888888888888,0.0002777888011429025,0.000671591672263264,-0.8746249518329287,2.0382957373994235,1718
time_bars,2022-10-31 00:00:00+00:00,288,26,4,0.04111701472626831,0.09027777777777778,0.013888888888888888,0.0005158934878368189,0.000671591672263264,-0.6496768395336193,2.9872594648989446,1329
time_bars,2022-11-01 00:00:00+00:00,288,13,0,0.025862740377821086,0.04513888888888889,0.0,0.00025794674391840946,0.0,-0.048835041088521186,1.7899860950631115,1829
time_bars,2022-11-02 00:00:00+00:00,288,30,3,0.04612085524575196,0.10416666666666667,0.010416666666666666,0.000595261716734791,0.0005036937541974479,-1.635013104476506,3.6531506768891213,1053
time_bars,2022-11-03 00:00:00+00:00,288,12,0,0.024414816593502028,0.041666666666666664,0.0,0.00023810468669391643,0.0,0.2949935084023041,1.8503471564559726,1801
time_bars,2022-11-04 00:00:00+00:00,288,55,7,0.042287109539915914,0.1909722222222222,0.024305555555555556,0.001091313147347117,0.0011752854264607119,4.538074177390753,5.429054317407352,533
time_bars,2022-11-05 00:00:00+00:00,288,10,1,0.0243414497343283,0.034722222222222224,0.003472222222222222,0.00019842057224493036,0.000167897918065816,0.7179336711540334,1.8926497148921868,1785
time_bars,2022-11-06 00:00:00+00:00,288,13,6,0.038334470922767455,0.04513888888888889,0.020833333333333332,0.00025794674391840946,0.0010073875083948958,-1.8478925808769597,2.3331730976541576,1599
time_bars,2022-11-07 00:00:00+00:00,288,39,6,0.03951549669261613,0.13541666666666666,0.020833333333333332,0.0007738402317552284,0.0010073875083948958,-1.5497458089701817,3.3239377707915905,1186
time_bars,2022-11-08 00:00:00+00:00,288,60,6,0.058025103270041324,0.20833333333333334,0.020833333333333332,0.001190523433469582,0.0010073875083948958,-10.463995828769256,20.624579171066017,9
time_bars,2022-11-09 00:00:00+00:00,288,19,0,0.036319681721374425,0.06597222222222222,0.0,0.00037699908726536766,0.0,-15.291400581900893,18.33870020520581,19
time_bars,2022-11-10 00:00:00+00:00,288,13,1,0.03302882977498206,0.04513888888888889,0.003472222222222222,0.00025794674391840946,0.000167897918065816,10.058332611745623,14.749887162038528,38
time_bars,2022-11-11 00:00:00+00:00,288,13,0,0.02552626015494725,0.04513888888888889,0.0,0.00025794674391840946,0.0,-3.0579962520369626,7.8521257527835395,227
time_bars,2022-11-12 00:00:00+00:00,288,4,0,0.018340914578052318,0.013888888888888888,0.0,7.936822889797214e-05,0.0,-1.48590968523124,2.887443960828076,1370
time_bars,2022-11-13 00:00:00+00:00,288,17,4,0.03555038171881006,0.059027777777777776,0.013888888888888888,0.0003373149728163816,0.000671591672263264,-2.930679015933677,4.462099115574249,783
time_bars,2022-11-14 00:00:00+00:00,288,52,5,0.03969636316408473,0.18055555555555555,0.017361111111111112,0.0010317869756736378,0.0008394895903290799,1.7244896094798174,8.385348518719365,182
time_bars,2022-11-15 00:00:00+00:00,288,34,1,0.030380493133633793,0.11805555555555555,0.003472222222222222,0.0006746299456327632,0.000167897918065816,1.6899152968245277,3.629585278105343,1060
time_bars,2022-11-16 00:00:00+00:00,288,18,1,0.027438572191835667,0.0625,0.003472222222222222,0.00035715703004087466,0.000167897918065816,-1.4174822667880358,3.8931469148080837,950
time_bars,2022-11-17 00:00:00+00:00,288,17,1,0.03362745103261149,0.059027777777777776,0.003472222222222222,0.0003373149728163816,0.000167897918065816,0.18840307017737326,2.042007897080776,1714
time_bars,2022-11-18 00:00:00+00:00,288,13,1,0.029598623444132832,0.04513888888888889,0.003472222222222222,0.00025794674391840946,0.000167897918065816,0.04554743904368431,2.644708287606601,1467
time_bars,2022-11-19 00:00:00+00:00,288,4,3,0.027851889578236828,0.013888888888888888,0.010416666666666666,7.936822889797214e-05,0.0005036937541974479,0.019171664338921427,1.6230200116699678,1877
time_bars,2022-11-20 00:00:00+00:00,288,13,4,0.03533818714794541,0.04513888888888889,0.013888888888888888,0.00025794674391840946,0.000671591672263264,-2.550675809050275,3.5055699797468387,1110
time_bars,2022-11-21 00:00:00+00:00,288,42,7,0.04407753049753086,0.14583333333333334,0.024305555555555556,0.0008333664034287075,0.0011752854264607119,-3.1189239557989388,5.4260099695104556,535
time_bars,2022-11-22 00:00:00+00:00,288,25,0,0.02705698200161477,0.08680555555555555,0.0,0.0004960514306123259,0.0,2.7988761834556697,4.378614988240033,797
time_bars,2022-11-23 00:00:00+00:00,288,26,4,0.031143823943913834,0.09027777777777778,0.013888888888888888,0.0005158934878368189,0.000671591672263264,2.2873776948638205,3.3351742547135506,1183
time_bars,2022-11-24 00:00:00+00:00,288,16,1,0.02910529144728407,0.05555555555555555,0.003472222222222222,0.00031747291559188856,0.000167897918065816,-0.0204892100920981,2.1053409197832265,1686
time_bars,2022-11-25 00:00:00+00:00,288,7,4,0.03692358007280164,0.024305555555555556,0.013888888888888888,0.00013889440057145126,0.000671591672263264,-0.46151232976265205,1.8695421317436574,1795
time_bars,2022-11-26 00:00:00+00:00,288,8,3,0.029904578773272152,0.027777777777777776,0.010416666666666666,0.00015873645779594428,0.0005036937541974479,-0.40648736101787636,1.9959414502664707,1738
time_bars,2022-11-27 00:00:00+00:00,288,2,1,0.03449836615385801,0.006944444444444444,0.003472222222222222,3.968411444898607e-05,0.000167897918065816,-0.16184088371187835,1.2015834076485248,1981
time_bars,2022-11-28 00:00:00+00:00,288,28,6,0.039334199721644925,0.09722222222222222,0.020833333333333332,0.000555577602285805,0.0010073875083948958,-1.3363364341478692,3.0249602245687157,1311
time_bars,2022-11-29 00:00:00+00:00,288,16,3,0.030193697653370852,0.05555555555555555,0.010416666666666666,0.00031747291559188856,0.0005036937541974479,1.400852620808009,2.788939915452798,1410
time_bars,2022-11-30 00:00:00+00:00,288,31,7,0.0356162153507144,0.1076388888888889,0.024305555555555556,0.0006151037739592841,0.0011752854264607119,4.288081094579006,4.912213603460366,655
time_bars,2022-12-01 00:00:00+00:00,288,15,2,0.024566279688276446,0.052083333333333336,0.006944444444444444,0.0002976308583673955,0.000335795836131632,-1.0719862120070522,2.908417644417991,1364
time_bars,2022-12-02 00:00:00+00:00,288,9,1,0.028702084890530333,0.03125,0.003472222222222222,0.00017857851502043733,0.000167897918065816,0.6607274393257907,1.9866970773381807,1740
time_bars,2022-12-03 00:00:00+00:00,288,4,2,0.025393395200912654,0.013888888888888888,0.006944444444444444,7.936822889797214e-05,0.000335795836131632,-1.198394908889619,1.8224502560955005,1820
time_bars,2022-12-04 00:00:00+00:00,288,10,6,0.04278754073438105,0.034722222222222224,0.020833333333333332,0.00019842057224493036,0.0010073875083948958,1.29493554390177,1.948988198075732,1755
time_bars,2022-12-05 00:00:00+00:00,288,25,8,0.036901074001722385,0.08680555555555555,0.027777777777777776,0.0004960514306123259,0.001343183344526528,-0.829183382429002,3.321332040281719,1188
time_bars,2022-12-06 00:00:00+00:00,288,8,1,0.032191400948417666,0.027777777777777776,0.003472222222222222,0.00015873645779594428,0.000167897918065816,0.7074725131935243,1.1770758756856068,1989
time_bars,2022-12-07 00:00:00+00:00,288,11,1,0.02892645009512083,0.03819444444444445,0.003472222222222222,0.00021826262946942338,0.000167897918065816,-1.4787907323274787,2.812084069038562,1404
time_bars,2022-12-08 00:00:00+00:00,288,20,5,0.04056240450707615,0.06944444444444445,0.017361111111111112,0.0003968411444898607,0.0008394895903290799,2.2795018251099504,3.4380380271873894,1143
time_bars,2022-12-09 00:00:00+00:00,288,6,1,0.023943295954689598,0.020833333333333332,0.003472222222222222,0.00011905234334695822,0.000167897918065816,-0.5474997659080014,1.821222186797155,1821
time_bars,2022-12-10 00:00:00+00:00,288,1,1,0.028538141219207638,0.003472222222222222,0.003472222222222222,1.9842057224493035e-05,0.000167897918065816,-0.01168156066978554,0.8604058955265556,2036
time_bars,2022-12-11 00:00:00+00:00,288,6,4,0.03882029426634992,0.020833333333333332,0.013888888888888888,0.00011905234334695822,0.000671591672263264,-0.25031155788018133,1.1944788778422506,1984
time_bars,2022-12-12 00:00:00+00:00,288,15,7,0.03566087027099889,0.052083333333333336,0.024305555555555556,0.0002976308583673955,0.0011752854264607119,0.7159287580177154,2.186997955774461,1653
time_bars,2022-12-13 00:00:00+00:00,288,28,4,0.03867413847330662,0.09722222222222222,0.013888888888888888,0.000555577602285805,0.000671591672263264,3.300172835142375,5.8237969376064385,450
time_bars,2022-12-14 00:00:00+00:00,288,37,4,0.03367673311125942,0.1284722222222222,0.013888888888888888,0.0007341561173062423,0.000671591672263264,0.15064222516581233,4.1082445101229945,884
time_bars,2022-12-15 00:00:00+00:00,288,11,1,0.025783592455793678,0.03819444444444445,0.003472222222222222,0.00021826262946942338,0.000167897918065816,-2.572690374433058,3.369969254272938,1172
time_bars,2022-12-16 00:00:00+00:00,288,25,6,0.03646697849759031,0.08680555555555555,0.020833333333333332,0.0004960514306123259,0.0010073875083948958,-4.284856074533031,5.916125046066336,437
time_bars,2022-12-17 00:00:00+00:00,288,1,0,0.02414644796961614,0.003472222222222222,0.0,1.9842057224493035e-05,0.0,0.8618858400430035,1.3081015496480077,1951
time_bars,2022-12-18 00:00:00+00:00,288,4,3,0.03191341499033402,0.013888888888888888,0.010416666666666666,7.936822889797214e-05,0.0005036937541974479,-0.22568251644117904,1.2884931303860299,1958
time_bars,2022-12-19 00:00:00+00:00,288,16,5,0.04460571164102542,0.05555555555555555,0.017361111111111112,0.00031747291559188856,0.0008394895903290799,-1.8167184412588113,3.6321816029920635,1058
time_bars,2022-12-20 00:00:00+00:00,288,14,3,0.030398838801600547,0.04861111111111111,0.010416666666666666,0.0002777888011429025,0.0005036937541974479,2.7495699064150014,3.943704661173666,935
time_bars,2022-12-21 00:00:00+00:00,288,4,1,0.028285275877499294,0.013888888888888888,0.003472222222222222,7.936822889797214e-05,0.000167897918065816,-0.40229086800021324,1.3683196616216375,1935
time_bars,2022-12-22 00:00:00+00:00,288,10,2,0.03859808800875907,0.034722222222222224,0.006944444444444444,0.00019842057224493036,0.000335795836131632,-0.02497383706254499,1.8302025013744807,1811
time_bars,2022-12-23 00:00:00+00:00,288,7,2,0.02456393064669239,0.024305555555555556,0.006944444444444444,0.00013889440057145126,0.000335795836131632,-0.23279432040430617,1.6047892690013326,1884
time_bars,2022-12-24 00:00:00+00:00,288,0,0,0.024790133361572927,0.0,0.0,0.0,0.0,0.3130470460285012,0.5084106651122229,2064
time_bars,2022-12-25 00:00:00+00:00,288,5,5,0.040051430016454274,0.017361111111111112,0.017361111111111112,9.921028612246518e-05,0.0008394895903290799,-0.027337505444602707,0.8941937375661213,2032
time_bars,2022-12-26 00:00:00+00:00,288,1,1,0.028076892738063217,0.003472222222222222,0.003472222222222222,1.9842057224493035e-05,0.000167897918065816,0.5240486955633359,0.9235516250890067,2028
time_bars,2022-12-27 00:00:00+00:00,288,6,3,0.04173116204293902,0.020833333333333332,0.010416666666666666,0.00011905234334695822,0.0005036937541974479,-1.2769802516372826,2.313206755523235,1606
time_bars,2022-12-28 00:00:00+00:00,288,13,4,0.035780349526580664,0.04513888888888889,0.013888888888888888,0.00025794674391840946,0.000671591672263264,-0.9579700906756319,1.9420540010449363,1758
time_bars,2022-12-29 00:00:00+00:00,288,2,0,0.026342956281445108,0.006944444444444444,0.0,3.968411444898607e-05,0.0,0.5511150786829067,1.0493668301568633,2010
time_bars,2022-12-30 00:00:00+00:00,288,11,5,0.035557898120755785,0.03819444444444445,0.017361111111111112,0.00021826262946942338,0.0008394895903290799,-0.17333112984474283,2.10153672160754,1689
time_bars,2022-12-31 00:00:00+00:00,288,1,1,0.026752367942592704,0.003472222222222222,0.003472222222222222,1.9842057224493035e-05,0.000167897918065816,-0.38384056204073874,1.0766890108491034,2007
time_bars,2023-01-01 00:00:00+00:00,288,0,0,0.032683318004613444,0.0,0.0,0.0,0.0,0.4392455429814044,0.7901741066377298,2042
time_bars,2023-01-02 00:00:00+00:00,288,6,5,0.03537921177573479,0.020833333333333332,0.017361111111111112,0.00011905234334695822,0.0008394895903290799,0.3341710746388725,1.5465122473688375,1899
time_bars,2023-01-03 00:00:00+00:00,288,4,3,0.03904309553117153,0.013888888888888888,0.010416666666666666,7.936822889797214e-05,0.0005036937541974479,0.007800054604343413,1.0409301073867476,2013
time_bars,2023-01-04 00:00:00+00:00,288,11,3,0.03863245321911346,0.03819444444444445,0.010416666666666666,0.00021826262946942338,0.0005036937541974479,1.0432988089228326,2.015512633010391,1727
time_bars,2023-01-05 00:00:00+00:00,288,2,1,0.027378607702171584,0.006944444444444444,0.003472222222222222,3.968411444898607e-05,0.000167897918065816,-0.10930910611359154,0.7877898250811459,2043
time_bars,2023-01-06 00:00:00+00:00,288,9,3,0.04234916172650176,0.03125,0.010416666666666666,0.00017857851502043733,0.0005036937541974479,0.7107434650721355,2.167778418702892,1656
time_bars,2023-01-07 00:00:00+00:00,288,0,0,0.0177642038723577,0.0,0.0,0.0,0.0,-0.043683074094011315,0.4339656745484935,2068
time_bars,2023-01-08 00:00:00+00:00,288,5,3,0.04637336487106522,0.017361111111111112,0.010416666666666666,9.921028612246518e-05,0.0005036937541974479,1.1050809440117941,1.6200506286023444,1880
time_bars,2023-01-09 00:00:00+00:00,288,13,4,0.04014990437467838,0.04513888888888889,0.013888888888888888,0.00025794674391840946,0.000671591672263264,0.26301762100114795,1.679561606481529,1853
time_bars,2023-01-10 00:00:00+00:00,288,8,4,0.031751877919693215,0.027777777777777776,0.013888888888888888,0.00015873645779594428,0.000671591672263264,1.498363215531803,1.992799688497614,1739
time_bars,2023-01-11 00:00:00+00:00,288,11,5,0.04329950613717364,0.03819444444444445,0.017361111111111112,0.00021826262946942338,0.0008394895903290799,2.8669129706499423,4.00284471834713,914
time_bars,2023-01-12 00:00:00+00:00,288,38,4,0.031963192267960246,0.13194444444444445,0.013888888888888888,0.0007539981745307353,0.000671591672263264,4.908854183600706,6.580012555193557,346
time_bars,2023-01-13 00:00:00+00:00,288,26,1,0.026641031985218347,0.09027777777777778,0.003472222222222222,0.0005158934878368189,0.000167897918065816,5.605365849991744,6.651068129145199,335
time_bars,2023-01-14 00:00:00+00:00,288,20,2,0.031444932942125754,0.06944444444444445,0.006944444444444444,0.0003968411444898607,0.000335795836131632,5.080934600194274,8.025237812419482,210
time_bars,2023-01-15 00:00:00+00:00,288,16,1,0.025029178210476163,0.05555555555555555,0.003472222222222222,0.00031747291559188856,0.000167897918065816,-0.38283733176435353,2.487769363504161,1539
time_bars,2023-01-16 00:00:00+00:00,288,38,3,0.032261970715993994,0.13194444444444445,0.010416666666666666,0.0007539981745307353,0.0005036937541974479,1.45280775405402,4.234849471920936,846
time_bars,2023-01-17 00:00:00+00:00,288,23,1,0.0315867366348517,0.0798611111111111,0.003472222222222222,0.0004563673161633398,0.000167897918065816,-0.2707998753106653,3.8254821181961405,981
time_bars,2023-01-18 00:00:00+00:00,288,31,3,0.033981490122614616,0.1076388888888889,0.010416666666666666,0.0006151037739592841,0.0005036937541974479,-2.1564642132367213,6.117271403657288,410
time_bars,2023-01-19 00:00:00+00:00,288,14,0,0.02552316945031776,0.04861111111111111,0.0,0.0002777888011429025,0.0,1.8597655906370019,2.504683579092614,1528
time_bars,2023-01-20 00:00:00+00:00,288,35,4,0.04927930466322683,0.12152777777777778,0.013888888888888888,0.0006944720028572562,0.000671591672263264,7.288025698612495,8.690428981657277,160
time_bars,2023-01-21 00:00:00+00:00,288,22,3,0.03142553392613465,0.0763888888888889,0.010416666666666666,0.00043652525893884676,0.0005036937541974479,0.5320975785047052,4.2265960864685805,847
time_bars,2023-01-22 00:00:00+00:00,288,22,3,0.026397434493880264,0.0763888888888889,0.010416666666666666,0.00043652525893884676,0.0005036937541974479,-0.3394424448872962,3.497155827583973,1116
time_bars,2023-01-23 00:00:00+00:00,288,19,3,0.033190876652368674,0.06597222222222222,0.010416666666666666,0.00037699908726536766,0.0005036937541974479,0.9136847888406022,3.033951143253298,1307
time_bars,2023-01-24 00:00:00+00:00,288,25,2,0.031559639328675684,0.08680555555555555,0.006944444444444444,0.0004960514306123259,0.000335795836131632,-1.255596668721221,3.1079905680318474,1276
time_bars,2023-01-25 00:00:00+00:00,288,30,4,0.038970585751744904,0.10416666666666667,0.013888888888888888,0.000595261716734791,0.000671591672263264,1.895955286389293,6.6198356178963635,340
time_bars,2023-01-26 00:00:00+00:00,288,10,0,0.0215375779481332,0.034722222222222224,0.0,0.00019842057224493036,0.0,-0.2548712370190112,1.8859033649473964,1787
time_bars,2023-01-27 00:00:00+00:00,288,26,2,0.03702226273350146,0.09027777777777778,0.006944444444444444,0.0005158934878368189,0.000335795836131632,0.28695545402747547,4.274760618619848,829
time_bars,2023-01-28 00:00:00+00:00,288,1,0,0.02034218282969644,0.003472222222222222,0.0,1.9842057224493035e-05,0.0,-0.22654293171137074,1.364453009696371,1938
time_bars,2023-01-29 00:00:00+00:00,288,32,4,0.04072958532534414,0.1111111111111111,0.013888888888888888,0.0006349458311837771,0.000671591672263264,3.0984399752177443,4.26795543836346,835
time_bars,2023-01-30 00:00:00+00:00,288,25,2,0.034598560028998075,0.08680555555555555,0.006944444444444444,0.0004960514306123259,0.000335795836131632,-3.9536851442485235,5.706599899805919,475
time_bars,2023-01-31 00:00:00+00:00,288,12,4,0.031129546189153392,0.041666666666666664,0.013888888888888888,0.00023810468669391643,0.000671591672263264,1.303474747640621,2.6701379777334218,1454
time_bars,2023-02-01 00:00:00+00:00,288,25,2,0.035760852843582734,0.08680555555555555,0.006944444444444444,0.0004960514306123259,0.000335795836131632,2.6063653174924992,4.745157263269182,701
time_bars,2023-02-02 00:00:00+00:00,288,24,3,0.03133995452767543,0.08333333333333333,0.010416666666666666,0.00047620937338783287,0.0005036937541974479,-1.0037523498884018,3.847144900262775,976
time_bars,2023-02-03 00:00:00+00:00,288,13,1,0.02771431758012638,0.04513888888888889,0.003472222222222222,0.00025794674391840946,0.000167897918065816,-0.2911483224742054,2.211897707742274,1644
time_bars,2023-02-04 00:00:00+00:00,288,6,3,0.026102134376760205,0.020833333333333332,0.010416666666666666,0.00011905234334695822,0.0005036937541974479,-0.43681736633756024,1.4577106806252964,1918
time_bars,2023-02-05 00:00:00+00:00,288,19,4,0.03925592440952774,0.06597222222222222,0.013888888888888888,0.00037699908726536766,0.000671591672263264,-1.701164007958328,3.010383895325001,1319
time_bars,2023-02-06 00:00:00+00:00,288,16,3,0.04111751232907397,0.05555555555555555,0.010416666666666666,0.00031747291559188856,0.0005036937541974479,-0.7512019040619389,2.4450839355217835,1565
time_bars,2023-02-07 00:00:00+00:00,288,16,3,0.03771041456839173,0.05555555555555555,0.010416666666666666,0.00031747291559188856,0.0005036937541974479,2.0713083341470186,2.7162217243683178,1438
time_bars,2023-02-08 00:00:00+00:00,288,17,0,0.028822214911763042,0.059027777777777776,0.0,0.0003373149728163816,0.0,-1.2046043042189132,3.4141268663719098,1150
time_bars,2023-02-09 00:00:00+00:00,288,39,5,0.04249856826439318,0.13541666666666666,0.017361111111111112,0.0007738402317552284,0.0008394895903290799,-5.1967812414280745,5.922634612834646,436
time_bars,2023-02-10 00:00:00+00:00,288,12,1,0.02871313979312473,0.041666666666666664,0.003472222222222222,0.00023810468669391643,0.000167897918065816,-0.804852784929265,2.4404286435653564,1567
time_bars,2023-02-11 00:00:00+00:00,288,1,1,0.022514419635872876,0.003472222222222222,0.003472222222222222,1.9842057224493035e-05,0.000167897918065816,1.070636108149272,1.3682683575193424,1936
time_bars,2023-02-12 00:00:00+00:00,288,13,5,0.04133605330411922,0.04513888888888889,0.017361111111111112,0.00025794674391840946,0.0008394895903290799,-0.367243772219091,2.1186680453747035,1678
time_bars,2023-02-13 00:00:00+00:00,288,20,2,0.04307380987564617,0.06944444444444445,0.006944444444444444,0.0003968411444898607,0.000335795836131632,-0.02205010896175198,2.5449020670870532,1512
time_bars,2023-02-14 00:00:00+00:00,288,30,3,0.033556634269456834,0.10416666666666667,0.010416666666666666,0.000595261716734791,0.0005036937541974479,1.9170846598489604,3.8118811509371575,991
time_bars,2023-02-15 00:00:00+00:00,288,39,5,0.038868569069716113,0.13541666666666666,0.017361111111111112,0.0007738402317552284,0.0008394895903290799,9.22924548566276,10.26115447901259,101
time_bars,2023-02-16 00:00:00+00:00,288,32,3,0.032252140104678,0.1111111111111111,0.010416666666666666,0.0006349458311837771,0.0005036937541974479,-3.368942883323061,7.264297528064977,268
time_bars,2023-02-17 00:00:00+00:00,288,40,1,0.032582730276663495,0.1388888888888889,0.003472222222222222,0.0007936822889797214,0.000167897918065816,4.385818108971029,7.00053494789952,293
time_bars,2023-02-18 00:00:00+00:00,288,4,0,0.01680570894092514,0.013888888888888888,0.0,7.936822889797214e-05,0.0,0.2259327795455201,1.8529224455003324,1799
time_bars,2023-02-19 00:00:00+00:00,288,36,7,0.04035261036317198,0.125,0.024305555555555556,0.0007143140600817493,0.0011752854264607119,-1.5169187472738326,4.13429635343823,877
time_bars,2023-02-20 00:00:00+00:00,288,30,2,0.036407298449562184,0.10416666666666667,0.006944444444444444,0.000595261716734791,0.000335795836131632,2.378165576081658,5.36408117095895,559
time_bars,2023-02-21 00:00:00+00:00,288,45,2,0.038022409750432584,0.15625,0.006944444444444444,0.0008928925751021866,0.000335795836131632,-1.64934875590927,4.839967090047882,673
time_bars,2023-02-22 00:00:00+00:00,288,25,2,0.03986821504432078,0.08680555555555555,0.006944444444444444,0.0004960514306123259,0.000335795836131632,-1.1190170784591984,3.732700904954926,1013
time_bars,2023-02-23 00:00:00+00:00,288,39,1,0.03656849731040585,0.13541666666666666,0.003472222222222222,0.0007738402317552284,0.000167897918065816,-1.008322455073526,4.143562562517941,874
time_bars,2023-02-24 00:00:00+00:00,288,33,5,0.03565938229948121,0.11458333333333333,0.017361111111111112,0.0006547878884082701,0.0008394895903290799,-3.1978574245284093,5.705168299821609,476
time_bars,2023-02-25 00:00:00+00:00,288,10,2,0.02725350400340711,0.034722222222222224,0.006944444444444444,0.00019842057224493036,0.000335795836131632,-0.12650660017928034,2.2239838005557675,1640
time_bars,2023-02-26 00:00:00+00:00,288,20,5,0.039406835054796446,0.06944444444444445,0.017361111111111112,0.0003968411444898607,0.0008394895903290799,1.7095604982641226,2.675386962948438,1451
time_bars,2023-02-27 00:00:00+00:00,288,28,5,0.03622714386695783,0.09722222222222222,0.017361111111111112,0.000555577602285805,0.0008394895903290799,-0.27729830720234966,3.4063238765319555,1156
time_bars,2023-02-28 00:00:00+00:00,288,23,1,0.036330879289428374,0.0798611111111111,0.003472222222222222,0.0004563673161633398,0.000167897918065816,-1.5035812424232842,2.5012676690708386,1530
time_bars,2023-03-01 00:00:00+00:00,288,29,4,0.03582231004450462,0.10069444444444445,0.013888888888888888,0.000575419659510298,0.000671591672263264,2.0967837342237323,4.3139850017963335,817
time_bars,2023-03-02 00:00:00+00:00,288,18,1,0.02907782422760494,0.0625,0.003472222222222222,0.00035715703004087466,0.000167897918065816,-0.6912122411708957,2.586708987538293,1493
time_bars,2023-03-03 00:00:00+00:00,288,18,4,0.023323899693604083,0.0625,0.013888888888888888,0.00035715703004087466,0.000671591672263264,-4.866909941328069,6.993987729913856,295
time_bars,2023-03-04 00:00:00+00:00,288,3,1,0.026474120812237694,0.010416666666666666,0.003472222222222222,5.952617167347911e-05,0.000167897918065816,-0.03178262501992883,1.1336335556943804,1997
time_bars,2023-03-05 00:00:00+00:00,288,10,5,0.02862944329962493,0.034722222222222224,0.017361111111111112,0.00019842057224493036,0.0008394895903290799,0.37358830809608634,2.119883332643148,1677
time_bars,2023-03-06 00:00:00+00:00,288,9,3,0.031822211417014606,0.03125,0.010416666666666666,0.00017857851502043733,0.0005036937541974479,-0.09907088394330588,1.580954805369204,1890
time_bars,2023-03-07 00:00:00+00:00,288,20,6,0.04148208809240371,0.06944444444444445,0.020833333333333332,0.0003968411444898607,0.0010073875083948958,-0.9420447289944811,2.88831990272125,1369
time_bars,2023-03-08 00:00:00+00:00,288,20,4,0.031673730052089635,0.06944444444444445,0.013888888888888888,0.0003968411444898607,0.000671591672263264,-2.2410782395785387,3.3592938024863015,1174
time_bars,2023-03-09 00:00:00+00:00,288,38,5,0.042049706989894936,0.13194444444444445,0.017361111111111112,0.0007539981745307353,0.0008394895903290799,-6.409827691012536,8.705720125358553,157
time_bars,2023-03-10 00:00:00+00:00,288,27,0,0.0361469647408768,0.09375,0.0,0.0005357355450613119,0.0,-1.0279501809578435,4.164781522646815,868
time_bars,2023-03-11 00:00:00+00:00,288,24,0,0.03271151679957634,0.08333333333333333,0.0,0.00047620937338783287,0.0,1.512806152295022,4.562099120571488,752
time_bars,2023-03-12 00:00:00+00:00,288,35,8,0.042096638399442374,0.12152777777777778,0.027777777777777776,0.0006944720028572562,0.001343183344526528,7.256413938087911,9.061422703679641,144
time_bars,2023-03-13 00:00:00+00:00,288,33,2,0.033306714739901,0.11458333333333333,0.006944444444444444,0.0006547878884082701,0.000335795836131632,9.260565814601696,11.728147284959512,69
time_bars,2023-03-14 00:00:00+00:00,270,31,0,0.038017790792218224,0.11481481481481481,0.0,0.0006151037739592841,0.0,1.9628235244112742,10.075345162870606,107
time_bars,2023-03-15 00:00:00+00:00,287,15,0,0.029198581789594807,0.05226480836236934,0.0,0.0002976308583673955,0.0,-1.7266087414001954,5.346775372054312,563
time_bars,2023-03-16 00:00:00+00:00,288,33,0,0.032044395913177,0.11458333333333333,0.0,0.0006547878884082701,0.0,2.8513467176129548,4.250727167956411,841
time_bars,2023-03-17 00:00:00+00:00,288,54,2,0.04279985656645417,0.1875,0.006944444444444444,0.0010714710901226238,0.000335795836131632,9.146314857797927,10.984326325146663,83
time_bars,2023-03-18 00:00:00+00:00,288,25,1,0.029901253413744795,0.08680555555555555,0.003472222222222222,0.0004960514306123259,0.000167897918065816,-1.7568773649785399,4.314814536095011,816
time_bars,2023-03-19 00:00:00+00:00,288,30,3,0.03496335315362405,0.10416666666666667,0.010416666666666666,0.000595261716734791,0.0005036937541974479,3.8234638604379345,5.728851060892614,467
time_bars,2023-03-20 00:00:00+00:00,288,27,1,0.03583393574660362,0.09375,0.003472222222222222,0.0005357355450613119,0.000167897918065816,-0.9044274809323467,4.902085306120491,658
time_bars,2023-03-21 00:00:00+00:00,288,22,2,0.03203483858349657,0.0763888888888889,0.006944444444444444,0.00043652525893884676,0.000335795836131632,1.3872383512116746,4.205254754536174,852
time_bars,2023-03-22 00:00:00+00:00,288,46,3,0.042559244916361025,0.1597222222222222,0.010416666666666666,0.0009127346323266796,0.0005036937541974479,-3.099039142614962,8.26487342090108,190
time_bars,2023-03-23 00:00:00+00:00,288,20,1,0.027912112975139625,0.06944444444444445,0.003472222222222222,0.0003968411444898607,0.000167897918065816,3.7840960389612945,6.000582939719756,423
time_bars,2023-03-24 00:00:00+00:00,288,33,2,0.03201568159802029,0.11458333333333333,0.006944444444444444,0.0006547878884082701,0.000335795836131632,-3.0334559151390534,5.094623862170308,614
time_bars,2023-03-25 00:00:00+00:00,288,14,1,0.02599474615144034,0.04861111111111111,0.003472222222222222,0.0002777888011429025,0.000167897918065816,0.03024434171466052,2.389780114357047,1585
time_bars,2023-03-26 00:00:00+00:00,288,21,3,0.03641693612279365,0.07291666666666667,0.010416666666666666,0.00041668320171435377,0.0005036937541974479,1.8306874812021343,2.831431761127981,1398
time_bars,2023-03-27 00:00:00+00:00,288,33,5,0.038000479304698985,0.11458333333333333,0.017361111111111112,0.0006547878884082701,0.0008394895903290799,-3.059459961709824,5.650382737239101,488
time_bars,2023-03-28 00:00:00+00:00,288,30,0,0.032937366640644165,0.10416666666666667,0.0,0.000595261716734791,0.0,0.5066077569589592,3.2898919682927694,1210
time_bars,2023-03-29 00:00:00+00:00,288,31,3,0.028483518157738117,0.1076388888888889,0.010416666666666666,0.0006151037739592841,0.0005036937541974479,3.916044360724586,5.106570858061203,609
time_bars,2023-03-30 00:00:00+00:00,288,28,4,0.030101261992310294,0.09722222222222222,0.013888888888888888,0.000555577602285805,0.000671591672263264,-1.148475188391602,5.3874026723623505,550
time_bars,2023-03-31 00:00:00+00:00,288,23,1,0.03222635066024029,0.0798611111111111,0.003472222222222222,0.0004563673161633398,0.000167897918065816,1.5580296710806603,4.185012036315983,864
time_bars,2023-04-01 00:00:00+00:00,288,9,1,0.02465675472929933,0.03125,0.003472222222222222,0.00017857851502043733,0.000167897918065816,-0.0386652751984826,2.3334561600251305,1597
time_bars,2023-04-02 00:00:00+00:00,288,21,7,0.04140296243336112,0.07291666666666667,0.024305555555555556,0.00041668320171435377,0.0011752854264607119,-0.9981550907583493,2.4727680622357178,1548
time_bars,2023-04-03 00:00:00+00:00,288,50,5,0.047505492280985114,0.1736111111111111,0.017361111111111112,0.0009921028612246518,0.0008394895903290799,-1.3412799342099546,4.93404206483913,647
time_bars,2023-04-04 00:00:00+00:00,288,17,0,0.030478366711889655,0.059027777777777776,0.0,0.0003373149728163816,0.0,1.3196166560451115,2.851519935710008,1388
time_bars,2023-04-05 00:00:00+00:00,288,31,4,0.034338671290215075,0.1076388888888889,0.013888888888888888,0.0006151037739592841,0.000671591672263264,-0.003907006150470565,3.6239051616206606,1063
time_bars,2023-04-06 00:00:00+00:00,288,18,1,0.028665687726540132,0.0625,0.003472222222222222,0.00035715703004087466,0.000167897918065816,-0.46709758670322715,1.757320658277977,1840
time_bars,2023-04-07 00:00:00+00:00,288,6,0,0.032156335927597784,0.020833333333333332,0.0,0.00011905234334695822,0.0,-0.4728733129066209,1.2211213310581595,1976
time_bars,2023-04-08 00:00:00+00:00,288,5,3,0.028713070000898438,0.017361111111111112,0.010416666666666666,9.921028612246518e-05,0.0005036937541974479,0.12254640021793438,1.083867570108929,2005
time_bars,2023-04-09 00:00:00+00:00,288,19,8,0.046461693025065115,0.06597222222222222,0.027777777777777776,0.00037699908726536766,0.001343183344526528,1.367514104654383,2.7578081757873765,1426
time_bars,2023-04-10 00:00:00+00:00,288,41,6,0.04359025954857996,0.1423611111111111,0.020833333333333332,0.0008135243462042144,0.0010073875083948958,4.536055740265412,5.817454260335121,451
time_bars,2023-04-11 00:00:00+00:00,288,30,4,0.029200244801720145,0.10416666666666667,0.013888888888888888,0.000595261716734791,0.000671591672263264,1.8793962769202206,3.2930630188222954,1206
time_bars,2023-04-12 00:00:00+00:00,288,32,2,0.03231794028508539,0.1111111111111111,0.006944444444444444,0.0006349458311837771,0.000335795836131632,-1.0326414894987217,2.862092197879275,1381
time_bars,2023-04-13 00:00:00+00:00,288,26,2,0.029092723040837973,0.09027777777777778,0.006944444444444444,0.0005158934878368189,0.000335795836131632,1.6196218413727859,2.685759326032201,1446
time_bars,2023-04-14 00:00:00+00:00,288,44,2,0.036341394615886195,0.1527777777777778,0.006944444444444444,0.0008730505178776935,0.000335795836131632,0.29729138342740835,3.7194370008048843,1022
time_bars,2023-04-15 00:00:00+00:00,288,4,0,0.021393192104488857,0.013888888888888888,0.0,7.936822889797214e-05,0.0,-0.5683872948777288,1.3618500241902698,1940
time_bars,2023-04-16 00:00:00+00:00,288,9,5,0.03599202006737126,0.03125,0.017361111111111112,0.00017857851502043733,0.0008394895903290799,0.020473195045656735,1.5100349568148714,1906
time_bars,2023-04-17 00:00:00+00:00,288,23,4,0.030161381133755723,0.0798611111111111,0.013888888888888888,0.0004563673161633398,0.000671591672263264,-2.9030655298791572,3.6541923116622903,1052
time_bars,2023-04-18 00:00:00+00:00,288,35,3,0.03839216203889893,0.12152777777777778,0.010416666666666666,0.0006944720028572562,0.0005036937541974479,3.163886090888466,4.708541728905727,713
time_bars,2023-04-19 00:00:00+00:00,288,29,6,0.03775249476804044,0.10069444444444445,0.020833333333333332,0.000575419659510298,0.0010073875083948958,-5.311174134691709,6.285890650199659,388
time_bars,2023-04-20 00:00:00+00:00,288,37,1,0.037426001439359,0.1284722222222222,0.003472222222222222,0.0007341561173062423,0.000167897918065816,-1.9820061030365488,3.8384691577033383,978
time_bars,2023-04-21 00:00:00+00:00,288,32,1,0.037612741340431015,0.1111111111111111,0.003472222222222222,0.0006349458311837771,0.000167897918065816,-3.523643990789366,4.575974683126638,749
time_bars,2023-04-22 00:00:00+00:00,288,12,1,0.024912146198111846,0.041666666666666664,0.003472222222222222,0.00023810468669391643,0.000167897918065816,2.0146050567725866,2.770381123714196,1420
time_bars,2023-04-23 00:00:00+00:00,288,16,2,0.03918222204452149,0.05555555555555555,0.006944444444444444,0.00031747291559188856,0.000335795836131632,-0.8349150754935565,1.9155740306603646,1775
time_bars,2023-04-24 00:00:00+00:00,288,51,3,0.04345588645373643,0.17708333333333334,0.010416666666666666,0.0010119449184491447,0.0005036937541974479,-0.284711141710797,3.9361008708528162,937
time_bars,2023-04-25 00:00:00+00:00,288,36,6,0.04081861179917114,0.125,0.020833333333333332,0.0007143140600817493,0.0010073875083948958,2.8300274768599163,4.332483919856722,809
time_bars,2023-04-26 00:00:00+00:00,288,63,4,0.04907480903319087,0.21875,0.013888888888888888,0.0012500496051430611,0.000671591672263264,0.38530390312986845,9.958578571878892,111
time_bars,2023-04-27 00:00:00+00:00,288,20,1,0.027515906075806628,0.06944444444444445,0.003472222222222222,0.0003968411444898607,0.000167897918065816,3.6751175949926322,5.262502139012654,585
time_bars,2023-04-28 00:00:00+00:00,288,17,2,0.023228595642948918,0.059027777777777776,0.006944444444444444,0.0003373149728163816,0.000335795836131632,-0.5411950104044059,2.4670646767501196,1550
time_bars,2023-04-29 00:00:00+00:00,288,5,2,0.024767147176766754,0.017361111111111112,0.006944444444444444,9.921028612246518e-05,0.000335795836131632,-0.29839697972283125,1.5177134918214132,1902
time_bars,2023-04-30 00:00:00+00:00,288,31,13,0.046569717729544984,0.1076388888888889,0.04513888888888889,0.0006151037739592841,0.002182672934855608,0.035252423113496356,2.9912053275090793,1325
time_bars,2023-05-01 00:00:00+00:00,288,43,5,0.03292247207771724,0.14930555555555555,0.017361111111111112,0.0008532084606532005,0.0008394895903290799,-4.081058804479886,5.883171672422087,443
time_bars,2023-05-02 00:00:00+00:00,288,31,1,0.030616692220320492,0.1076388888888889,0.003472222222222222,0.0006151037739592841,0.000167897918065816,2.123124660998333,3.6449701344256376,1056
time_bars,2023-05-03 00:00:00+00:00,288,45,3,0.04236927618597862,0.15625,0.010416666666666666,0.0008928925751021866,0.0005036937541974479,1.2553307642774696,4.110913277929874,882
time_bars,2023-05-04 00:00:00+00:00,288,17,3,0.030991255589883828,0.059027777777777776,0.010416666666666666,0.0003373149728163816,0.0005036937541974479,-0.6652353885098627,2.4811748345705404,1545
time_bars,2023-05-05 00:00:00+00:00,288,36,6,0.03500630642450177,0.125,0.020833333333333332,0.0007143140600817493,0.0010073875083948958,2.2824328572607255,3.686495445120534,1031
time_bars,2023-05-06 00:00:00+00:00,288,25,4,0.030241122057312227,0.08680555555555555,0.013888888888888888,0.0004960514306123259,0.000671591672263264,-2.241505966682195,5.1822572288440405,598
time_bars,2023-05-07 00:00:00+00:00,288,17,1,0.03547233416452177,0.059027777777777776,0.003472222222222222,0.0003373149728163816,0.000167897918065816,-1.461848367852567,2.6676595376720806,1456
time_bars,2023-05-08 00:00:00+00:00,288,44,4,0.03926003419019025,0.1527777777777778,0.013888888888888888,0.0008730505178776935,0.000671591672263264,-2.709543371751654,4.921296686838947,651
time_bars,2023-05-09 00:00:00+00:00,288,27,0,0.029555078206074854,0.09375,0.0,0.0005357355450613119,0.0,-0.17948258843900503,1.8095116854504767,1824
time_bars,2023-05-10 00:00:00+00:00,288,42,6,0.041413000149521935,0.14583333333333334,0.020833333333333332,0.0008333664034287075,0.0010073875083948958,-0.09892541722196142,5.9343945960260935,433
time_bars,2023-05-11 00:00:00+00:00,288,30,1,0.02388380875981154,0.10416666666666667,0.003472222222222222,0.000595261716734791,0.000167897918065816,-2.2978894953140645,3.4658137189076212,1132
time_bars,2023-05-12 00:00:00+00:00,288,26,3,0.037817970827851086,0.09027777777777778,0.010416666666666666,0.0005158934878368189,0.0005036937541974479,-0.6374983211911648,5.069119478985947,620
time_bars,2023-05-13 00:00:00+00:00,288,8,1,0.023570188193947635,0.027777777777777776,0.003472222222222222,0.00015873645779594428,0.000167897918065816,-0.08403691395614912,1.4019408267802802,1931
time_bars,2023-05-14 00:00:00+00:00,288,13,3,0.03235328910961234,0.04513888888888889,0.010416666666666666,0.00025794674391840946,0.0005036937541974479,0.5184052515674272,2.39236068804833,1583
time_bars,2023-05-15 00:00:00+00:00,288,29,5,0.039545468191140944,0.10069444444444445,0.017361111111111112,0.000575419659510298,0.0008394895903290799,0.9272207088320488,3.5171922387909396,1104
time_bars,2023-05-16 00:00:00+00:00,288,17,2,0.036643228005458196,0.059027777777777776,0.006944444444444444,0.0003373149728163816,0.000335795836131632,-0.4714160229207998,1.6730900444669783,1858
time_bars,2023-05-17 00:00:00+00:00,288,28,4,0.04076094058702022,0.09722222222222222,0.013888888888888888,0.000555577602285805,0.000671591672263264,1.3638454342100765,3.6004073906917227,1073
time_bars,2023-05-18 00:00:00+00:00,288,33,4,0.0364354176948757,0.11458333333333333,0.013888888888888888,0.0006547878884082701,0.000671591672263264,-2.163722452554807,4.264647124818238,836
time_bars,2023-05-19 00:00:00+00:00,288,15,2,0.024122356885509552,0.052083333333333336,0.006944444444444444,0.0002976308583673955,0.000335795836131632,0.22615719547272456,2.1149228921550303,1681
time_bars,2023-05-20 00:00:00+00:00,288,5,3,0.027771544425366168,0.017361111111111112,0.010416666666666666,9.921028612246518e-05,0.0005036937541974479,0.8132054688368114,1.2265271564933,1975
time_bars,2023-05-21 00:00:00+00:00,288,10,5,0.03748455473562358,0.034722222222222224,0.017361111111111112,0.00019842057224493036,0.0008394895903290799,-1.3258614511165856,2.3958127187073504,1582
time_bars,2023-05-22 00:00:00+00:00,288,12,4,0.03657153653842624,0.041666666666666664,0.013888888888888888,0.00023810468669391643,0.000671591672263264,0.4009487759882458,2.2307810786330036,1637
time_bars,2023-05-23 00:00:00+00:00,288,20,2,0.03488458054343849,0.06944444444444445,0.006944444444444444,0.0003968411444898607,0.000335795836131632,1.368011402841343,2.743308207661645,1432
time_bars,2023-05-24 00:00:00+00:00,288,31,5,0.045341459622932366,0.1076388888888889,0.017361111111111112,0.0006151037739592841,0.0008394895903290799,-3.348736127103317,4.328955388317506,812
time_bars,2023-05-25 00:00:00+00:00,288,17,2,0.03118187805472648,0.059027777777777776,0.006944444444444444,0.0003373149728163816,0.000335795836131632,0.5604866905940326,3.0253383596494823,1310
time_bars,2023-05-26 00:00:00+00:00,288,16,2,0.03499550581916916,0.05555555555555555,0.006944444444444444,0.00031747291559188856,0.000335795836131632,0.8586812143404199,2.295790636444433,1611
time_bars,2023-05-27 00:00:00+00:00,288,2,2,0.02894928332263775,0.006944444444444444,0.006944444444444444,3.968411444898607e-05,0.000335795836131632,0.5671452900234648,1.3531073972082914,1941
time_bars,2023-05-28 00:00:00+00:00,288,29,8,0.042885779747469724,0.10069444444444445,0.027777777777777776,0.000575419659510298,0.001343183344526528,4.423889703543874,5.480763827452133,525
time_bars,2023-05-29 00:00:00+00:00,288,22,3,0.032445867213319476,0.0763888888888889,0.010416666666666666,0.00043652525893884676,0.0005036937541974479,-1.1969062421364114,3.319013264351707,1190
time_bars,2023-05-30 00:00:00+00:00,288,23,3,0.03827451063432046,0.0798611111111111,0.010416666666666666,0.0004563673161633398,0.0005036937541974479,-0.15161855682938535,1.830581309207183,1810
time_bars,2023-05-31 00:00:00+00:00,288,24,3,0.034647824951407384,0.08333333333333333,0.010416666666666666,0.00047620937338783287,0.0005036937541974479,-1.7452717088768939,3.6563330681709894,1051
time_bars,2023-06-01 00:00:00+00:00,288,18,4,0.03515139845249565,0.0625,0.013888888888888888,0.00035715703004087466,0.000671591672263264,-1.4657784502026248,2.7728527682687876,1417
time_bars,2023-06-02 00:00:00+00:00,288,17,2,0.03228890472642182,0.059027777777777776,0.006944444444444444,0.0003373149728163816,0.000335795836131632,1.5638881020297863,3.0221242200076546,1315
time_bars,2023-06-03 00:00:00+00:00,288,6,4,0.0281769620620733,0.020833333333333332,0.013888888888888888,0.00011905234334695822,0.000671591672263264,-0.6370375265563033,1.6231859950207403,1876
time_bars,2023-06-04 00:00:00+00:00,288,5,3,0.04106295606598506,0.017361111111111112,0.010416666666666666,9.921028612246518e-05,0.0005036937541974479,0.1754149936572176,1.9292706344720731,1764
time_bars,2023-06-05 00:00:00+00:00,288,39,9,0.04663742828227001,0.13541666666666666,0.03125,0.0007738402317552284,0.0015110812625923438,-5.255947203375476,6.727873908170731,326
time_bars,2023-06-06 00:00:00+00:00,288,29,5,0.028497661315004745,0.10069444444444445,0.017361111111111112,0.000575419659510298,0.0008394895903290799,5.694817826189139,7.7354859465791055,231
time_bars,2023-06-07 00:00:00+00:00,288,39,0,0.03480362173578965,0.13541666666666666,0.0,0.0007738402317552284,0.0,-3.3453856774490025,4.798193146389528,687
time_bars,2023-06-08 00:00:00+00:00,288,15,2,0.028827312736725605,0.052083333333333336,0.006944444444444444,0.0002976308583673955,0.000335795836131632,0.6059270448263806,2.281806468350279,1617
time_bars,2023-06-09 00:00:00+00:00,288,12,1,0.03457978160245932,0.041666666666666664,0.003472222222222222,0.00023810468669391643,0.000167897918065816,-0.06760572149001902,2.033610290232336,1721
time_bars,2023-06-10 00:00:00+00:00,288,45,5,0.04082027430678975,0.15625,0.017361111111111112,0.0008928925751021866,0.0008394895903290799,-2.4539043859610024,4.728328876657233,706
time_bars,2023-06-11 00:00:00+00:00,288,14,3,0.02720762512591045,0.04861111111111111,0.010416666666666666,0.0002777888011429025,0.0005036937541974479,0.3220166496821701,2.229720531031056,1638
time_bars,2023-06-12 00:00:00+00:00,288,12,2,0.02979918734605587,0.041666666666666664,0.006944444444444444,0.00023810468669391643,0.000335795836131632,-0.058681822673515044,1.9254836354742164,1768
time_bars,2023-06-13 00:00:00+00:00,288,26,3,0.03412143639295588,0.09027777777777778,0.010416666666666666,0.0005158934878368189,0.0005036937541974479,0.08955316659393417,2.7716418824546927,1419
time_bars,2023-06-14 00:00:00+00:00,288,23,6,0.0418617416032959,0.0798611111111111,0.020833333333333332,0.0004563673161633398,0.0010073875083948958,-3.1436596295006622,5.1193881458121435,607
time_bars,2023-06-15 00:00:00+00:00,288,17,2,0.02514359283407838,0.059027777777777776,0.006944444444444444,0.0003373149728163816,0.000335795836131632,1.8548123556388647,3.8518823613055497,975
time_bars,2023-06-16 00:00:00+00:00,288,25,5,0.03136754883635614,0.08680555555555555,0.017361111111111112,0.0004960514306123259,0.0008394895903290799,2.889149759981601,5.361558057888127,560
time_bars,2023-06-17 00:00:00+00:00,288,12,1,0.021879893212566795,0.041666666666666664,0.003472222222222222,0.00023810468669391643,0.000167897918065816,0.6547498260499292,2.7482001178749798,1430
time_bars,2023-06-18 00:00:00+00:00,288,10,4,0.036390399147035644,0.034722222222222224,0.013888888888888888,0.00019842057224493036,0.000671591672263264,-0.6779173743033311,1.8077458225946985,1825
time_bars,2023-06-19 00:00:00+00:00,288,27,8,0.03886122279103671,0.09375,0.027777777777777776,0.0005357355450613119,0.001343183344526528,1.8770973712097703,3.1353964304073187,1265
time_bars,2023-06-20 00:00:00+00:00,288,60,3,0.0409082461069484,0.20833333333333334,0.010416666666666666,0.001190523433469582,0.0005036937541974479,5.306111131530295,6.412683690435584,363
time_bars,2023-06-21 00:00:00+00:00,288,41,3,0.03729599532533521,0.1423611111111111,0.010416666666666666,0.0008135243462042144,0.0005036937541974479,5.828084610476518,8.761679496779232,154
time_bars,2023-06-22 00:00:00+00:00,288,19,0,0.031033310853878796,0.06597222222222222,0.0,0.00037699908726536766,0.0,-0.37919645861434614,3.2939510401022014,1204
time_bars,2023-06-23 00:00:00+00:00,288,32,7,0.03685279389293727,0.1111111111111111,0.024305555555555556,0.0006349458311837771,0.0011752854264607119,2.6373819245732566,5.574764473693077,509
time_bars,2023-06-24 00:00:00+00:00,288,9,1,0.02363578659835795,0.03125,0.003472222222222222,0.00017857851502043733,0.000167897918065816,-0.4879278018717835,1.8830911167223248,1789
time_bars,2023-06-25 00:00:00+00:00,288,22,1,0.03454871895538354,0.0763888888888889,0.003472222222222222,0.00043652525893884676,0.000167897918065816,-0.21711261976248766,2.6119731453986073,1480
time_bars,2023-06-26 00:00:00+00:00,288,32,3,0.043054609456985804,0.1111111111111111,0.010416666666666666,0.0006349458311837771,0.0005036937541974479,-0.6518672382086252,2.5669618450805123,1501
time_bars,2023-06-27 00:00:00+00:00,288,26,4,0.03214814726222906,0.09027777777777778,0.013888888888888888,0.0005158934878368189,0.000671591672263264,1.388526048970131,2.5666520883561463,1502
time_bars,2023-06-28 00:00:00+00:00,288,33,4,0.03446089981252246,0.11458333333333333,0.013888888888888888,0.0006547878884082701,0.000671591672263264,-2.0310330332958237,2.9658540781377396,1337
time_bars,2023-06-29 00:00:00+00:00,288,22,3,0.031353255472107724,0.0763888888888889,0.010416666666666666,0.00043652525893884676,0.0005036937541974479,1.2349304632816183,2.631527612867175,1474
time_bars,2023-06-30 00:00:00+00:00,288,39,5,0.037979890370400234,0.13541666666666666,0.017361111111111112,0.0007738402317552284,0.0008394895903290799,0.06666655966690321,5.922783420033332,435
time_bars,2023-07-01 00:00:00+00:00,288,2,0,0.011837304046483015,0.006944444444444444,0.0,3.968411444898607e-05,0.0,0.3715978047908669,1.170570684574719,1993
time_bars,2023-07-02 00:00:00+00:00,288,12,6,0.033978995300215975,0.041666666666666664,0.020833333333333332,0.00023810468669391643,0.0010073875083948958,0.12780640542841276,2.1333083561420016,1671
time_bars,2023-07-03 00:00:00+00:00,288,28,6,0.03127295612580961,0.09722222222222222,0.020833333333333332,0.000555577602285805,0.0010073875083948958,1.7367186453592902,2.6982684389208025,1444
time_bars,2023-07-04 00:00:00+00:00,288,10,2,0.03145579376685732,0.034722222222222224,0.006944444444444444,0.00019842057224493036,0.000335795836131632,-1.2693793426676836,2.3237704892645326,1601
time_bars,2023-07-05 00:00:00+00:00,288,17,4,0.034227892357091824,0.059027777777777776,0.013888888888888888,0.0003373149728163816,0.000671591672263264,-0.8742065161223365,2.291299401454035,1613
time_bars,2023-07-06 00:00:00+00:00,288,53,5,0.044032910996390645,0.1840277777777778,0.017361111111111112,0.001051629032898131,0.0008394895903290799,-2.0344357033539784,5.7031711274052235,478
time_bars,2023-07-07 00:00:00+00:00,288,17,0,0.024113460637799053,0.059027777777777776,0.0,0.0003373149728163816,0.0,1.5069501910736607,2.540237314170971,1514
time_bars,2023-07-08 00:00:00+00:00,288,3,3,0.02565803595846074,0.010416666666666666,0.010416666666666666,5.952617167347911e-05,0.0005036937541974479,-0.19373806542732802,1.1694180956879452,1994
time_bars,2023-07-09 00:00:00+00:00,288,4,2,0.035573533032222576,0.013888888888888888,0.006944444444444444,7.936822889797214e-05,0.000335795836131632,-0.401874185699446,1.3272819318161337,1946
time_bars,2023-07-10 00:00:00+00:00,288,29,7,0.044111039048430264,0.10069444444444445,0.024305555555555556,0.000575419659510298,0.0011752854264607119,0.8228677508310304,3.645546780579893,1055
time_bars,2023-07-11 00:00:00+00:00,288,11,1,0.02980654813732384,0.03819444444444445,0.003472222222222222,0.00021826262946942338,0.000167897918065816,0.6933851563038399,1.7800795247727361,1834
time_bars,2023-07-12 00:00:00+00:00,288,34,3,0.03598467586449525,0.11805555555555555,0.010416666666666666,0.0006746299456327632,0.0005036937541974479,-0.7852155561188633,2.5979733566049728,1484
time_bars,2023-07-13 00:00:00+00:00,288,45,5,0.04365252435475946,0.15625,0.017361111111111112,0.0008928925751021866,0.0008394895903290799,3.4715978898230846,5.210333898429492,593
time_bars,2023-07-14 00:00:00+00:00,288,24,4,0.029321841928374115,0.08333333333333333,0.013888888888888888,0.00047620937338783287,0.000671591672263264,-3.720529089935217,5.734657759652018,466
time_bars,2023-07-15 00:00:00+00:00,288,0,0,0.014527225405487057,0.0,0.0,0.0,0.0,-0.05580348074551036,0.5273922211246753,2063
time_bars,2023-07-16 00:00:00+00:00,288,5,4,0.034964987056333524,0.017361111111111112,0.013888888888888888,9.921028612246518e-05,0.000671591672263264,-0.1973772942838428,1.2947433048784243,1956
time_bars,2023-07-17 00:00:00+00:00,288,25,7,0.04846018781284372,0.08680555555555555,0.024305555555555556,0.0004960514306123259,0.0011752854264607119,-0.30094648436562565,2.334006886926284,1596
time_bars,2023-07-18 00:00:00+00:00,288,19,2,0.030007472287849953,0.06597222222222222,0.006944444444444444,0.00037699908726536766,0.000335795836131632,-0.9351160992095373,2.775743172162882,1415
time_bars,2023-07-19 00:00:00+00:00,288,12,1,0.03344886917014443,0.041666666666666664,0.003472222222222222,0.00023810468669391643,0.000167897918065816,0.16671915373323612,1.44686996753945,1921
time_bars,2023-07-20 00:00:00+00:00,288,24,5,0.03964562470037277,0.08333333333333333,0.017361111111111112,0.00047620937338783287,0.0008394895903290799,-0.3501632924585074,3.176821028623595,1255
time_bars,2023-07-21 00:00:00+00:00,288,4,2,0.029984084790483114,0.013888888888888888,0.006944444444444444,7.936822889797214e-05,0.000335795836131632,0.33644791331550017,1.1723283216563791,1991
time_bars,2023-07-22 00:00:00+00:00,288,2,1,0.028588647839198747,0.006944444444444444,0.003472222222222222,3.968411444898607e-05,0.000167897918065816,-0.3619610152129804,1.2881923180288124,1960
time_bars,2023-07-23 00:00:00+00:00,288,10,5,0.03756755142746572,0.034722222222222224,0.017361111111111112,0.00019842057224493036,0.0008394895903290799,0.9600052343262673,2.1612801234166077,1658
time_bars,2023-07-24 00:00:00+00:00,288,21,3,0.034059906351694536,0.07291666666666667,0.010416666666666666,0.00041668320171435377,0.0005036937541974479,-3.062971256467646,4.283287457087893,826
time_bars,2023-07-25 00:00:00+00:00,288,10,3,0.02732353725063715,0.034722222222222224,0.010416666666666666,0.00019842057224493036,0.0005036937541974479,0.17985585551345468,1.1864038152884255,1987
time_bars,2023-07-26 00:00:00+00:00,288,24,6,0.03679391141966679,0.08333333333333333,0.020833333333333332,0.00047620937338783287,0.0010073875083948958,0.40920808158231003,1.9999475169139314,1735
time_bars,2023-07-27 00:00:00+00:00,288,7,0,0.027478217367238423,0.024305555555555556,0.0,0.00013889440057145126,0.0,-0.43145848774402745,1.6816063589544101,1851
time_bars,2023-07-28 00:00:00+00:00,288,12,4,0.03513508455408657,0.041666666666666664,0.013888888888888888,0.00023810468669391643,0.000671591672263264,0.30798336419209255,1.442176116320091,1923
time_bars,2023-07-29 00:00:00+00:00,288,0,0,0.026563291018533598,0.0,0.0,0.0,0.0,0.13335813747055866,0.5471111311768088,2062
time_bars,2023-07-30 00:00:00+00:00,288,8,6,0.04697283681310966,0.027777777777777776,0.020833333333333332,0.00015873645779594428,0.0010073875083948958,-0.23204162589859395,1.4936503595508126,1908
time_bars,2023-07-31 00:00:00+00:00,288,9,3,0.032241297558301,0.03125,0.010416666666666666,0.00017857851502043733,0.0005036937541974479,-0.17233130162481364,1.452628322052346,1919
time_bars,2023-08-01 00:00:00+00:00,288,22,6,0.03811951594371141,0.0763888888888889,0.020833333333333332,0.00043652525893884676,0.0010073875083948958,1.6306664577196441,4.0667867056537785,895
time_bars,2023-08-02 00:00:00+00:00,288,26,1,0.033720892399917685,0.09027777777777778,0.003472222222222222,0.0005158934878368189,0.000167897918065816,-1.8043236979446355,3.9132493198389353,944
time_bars,2023-08-03 00:00:00+00:00,288,11,1,0.03126800395339181,0.03819444444444445,0.003472222222222222,0.00021826262946942338,0.000167897918065816,0.03427568653481247,1.6597578738538947,1863
time_bars,2023-08-04 00:00:00+00:00,288,10,3,0.03529322323446096,0.034722222222222224,0.010416666666666666,0.00019842057224493036,0.0005036937541974479,-0.2710995943261131,1.871877152692943,1793
time_bars,2023-08-05 00:00:00+00:00,288,0,0,0.020982045797158462,0.0,0.0,0.0,0.0,-0.1492465733679423,0.6367803979997382,2053
time_bars,2023-08-06 00:00:00+00:00,288,2,2,0.04211204017104106,0.006944444444444444,0.006944444444444444,3.968411444898607e-05,0.000335795836131632,0.06261439372279742,0.7580286393884841,2046
time_bars,2023-08-07 00:00:00+00:00,288,15,7,0.04767158513368489,0.052083333333333336,0.024305555555555556,0.0002976308583673955,0.0011752854264607119,0.4351518399113864,2.043662214465512,1713
time_bars,2023-08-08 00:00:00+00:00,288,40,7,0.04127743010875618,0.1388888888888889,0.024305555555555556,0.0007936822889797214,0.0011752854264607119,1.887043649682211,3.7645227609925933,1004
time_bars,2023-08-09 00:00:00+00:00,288,26,2,0.03221019654200937,0.09027777777777778,0.006944444444444444,0.0005158934878368189,0.000335795836131632,-0.6273226969895869,2.6473651557665527,1466
time_bars,2023-08-10 00:00:00+00:00,288,15,3,0.025315095465598944,0.052083333333333336,0.010416666666666666,0.0002976308583673955,0.0005036937541974479,-0.43784361147372264,1.4436121861935598,1922
time_bars,2023-08-11 00:00:00+00:00,288,6,2,0.03295613958476089,0.020833333333333332,0.006944444444444444,0.00011905234334695822,0.000335795836131632,-0.09582190093556288,1.1741205322331212,1990
time_bars,2023-08-12 00:00:00+00:00,288,0,0,0.02066566986068881,0.0,0.0,0.0,0.0,0.017676192594140827,0.37395930032884533,2069
time_bars,2023-08-13 00:00:00+00:00,288,0,0,0.04478603503496051,0.0,0.0,0.0,0.0,-0.43430862574038487,0.7030049593347846,2049
time_bars,2023-08-14 00:00:00+00:00,288,14,9,0.04756676019905737,0.04861111111111111,0.03125,0.0002777888011429025,0.0015110812625923438,0.4298898855224993,2.099241949256758,1690
time_bars,2023-08-15 00:00:00+00:00,288,4,3,0.03331089021378606,0.013888888888888888,0.010416666666666666,7.936822889797214e-05,0.0005036937541974479,-0.7872645735720432,1.5103947573769216,1905
time_bars,2023-08-16 00:00:00+00:00,288,17,4,0.03998278933900994,0.059027777777777776,0.013888888888888888,0.0003373149728163816,0.000671591672263264,-1.638976092221052,1.9057725806745134,1780
time_bars,2023-08-17 00:00:00+00:00,288,39,7,0.054663886214773395,0.13541666666666666,0.024305555555555556,0.0007738402317552284,0.0011752854264607119,-7.612292812645709,15.756444447628622,31
time_bars,2023-08-18 00:00:00+00:00,288,14,0,0.01000467687607758,0.04861111111111111,0.0,0.0002777888011429025,0.0,-2.1561351718874766,4.648095237193356,731
time_bars,2023-08-19 00:00:00+00:00,288,5,0,0.02243346464889321,0.017361111111111112,0.0,9.921028612246518e-05,0.0,0.17763186543805545,1.8673889698200903,1796
time_bars,2023-08-20 00:00:00+00:00,288,3,2,0.030211216219321817,0.010416666666666666,0.006944444444444444,5.952617167347911e-05,0.000335795836131632,0.33483690301431257,1.2884629798406613,1959
time_bars,2023-08-21 00:00:00+00:00,288,9,4,0.04185511402606239,0.03125,0.013888888888888888,0.00017857851502043733,0.000671591672263264,-0.23139614809800693,1.8433701688837967,1805
time_bars,2023-08-22 00:00:00+00:00,288,21,7,0.04280297851107749,0.07291666666666667,0.024305555555555556,0.00041668320171435377,0.0011752854264607119,-0.2722404758120097,3.300162154354876,1198
time_bars,2023-08-23 00:00:00+00:00,288,34,3,0.03380004267311085,0.11805555555555555,0.010416666666666666,0.0006746299456327632,0.0005036937541974479,1.4284405074722757,3.8251251128733186,982
time_bars,2023-08-24 00:00:00+00:00,288,14,1,0.02834267438382028,0.04861111111111111,0.003472222222222222,0.0002777888011429025,0.000167897918065816,-0.9683666435509365,2.7988614051130285,1407
time_bars,2023-08-25 00:00:00+00:00,288,17,2,0.03580879025279967,0.059027777777777776,0.006944444444444444,0.0003373149728163816,0.000335795836131632,-0.4324326922203467,2.096345288482854,1693
time_bars,2023-08-26 00:00:00+00:00,288,0,0,0.02166098226531404,0.0,0.0,0.0,0.0,-0.18211162248360974,0.6157598191515313,2057
time_bars,2023-08-27 00:00:00+00:00,288,1,1,0.04278082896467248,0.003472222222222222,0.003472222222222222,1.9842057224493035e-05,0.000167897918065816,0.3202029918540595,0.836388323010441,2038
time_bars,2023-08-28 00:00:00+00:00,288,9,5,0.05033135545076158,0.03125,0.017361111111111112,0.00017857851502043733,0.0008394895903290799,0.07242198189480197,1.5134178867299302,1903
time_bars,2023-08-29 00:00:00+00:00,288,32,11,0.04012796580125419,0.1111111111111111,0.03819444444444445,0.0006349458311837771,0.0018468770987239758,5.925552829769917,8.374286109852818,183
time_bars,2023-08-30 00:00:00+00:00,288,17,1,0.021390934520428746,0.059027777777777776,0.003472222222222222,0.0003373149728163816,0.000167897918065816,-1.4901031298593832,2.9547994682737686,1341
time_bars,2023-08-31 00:00:00+00:00,288,30,10,0.04189095604243943,0.10416666666666667,0.034722222222222224,0.000595261716734791,0.0016789791806581598,-5.1211526157239495,7.721676232076938,232
time_bars,2023-09-01 00:00:00+00:00,288,24,1,0.02905059243117457,0.08333333333333333,0.003472222222222222,0.00047620937338783287,0.000167897918065816,-0.5119531091382419,3.263178252238532,1218
time_bars,2023-09-02 00:00:00+00:00,288,1,0,0.019176270806644594,0.003472222222222222,0.0,1.9842057224493035e-05,0.0,0.23310124123896467,0.906502506567496,2031
time_bars,2023-09-03 00:00:00+00:00,288,7,5,0.03742248101093516,0.024305555555555556,0.017361111111111112,0.00013889440057145126,0.0008394895903290799,0.41028350865066116,1.3800443247681027,1933
time_bars,2023-09-04 00:00:00+00:00,288,8,4,0.037748836986074966,0.027777777777777776,0.013888888888888888,0.00015873645779594428,0.000671591672263264,-0.5720801833764353,1.8925593834181682,1786
time_bars,2023-09-05 00:00:00+00:00,288,7,1,0.03542727585986257,0.024305555555555556,0.003472222222222222,0.00013889440057145126,0.000167897918065816,-0.13296198975152085,1.4341735031466358,1925
time_bars,2023-09-06 00:00:00+00:00,288,17,9,0.03931874729447958,0.059027777777777776,0.03125,0.0003373149728163816,0.0015110812625923438,-0.12537093774237398,2.8263004655738446,1399
time_bars,2023-09-07 00:00:00+00:00,288,11,6,0.032994532355399814,0.03819444444444445,0.020833333333333332,0.00021826262946942338,0.0010073875083948958,1.8977989411279272,3.2611773573190885,1222
time_bars,2023-09-08 00:00:00+00:00,288,7,2,0.02864468172500297,0.024305555555555556,0.006944444444444444,0.00013889440057145126,0.000335795836131632,-1.3076393881381156,3.1019916430517056,1280
time_bars,2023-09-09 00:00:00+00:00,288,0,0,0.024182415241829812,0.0,0.0,0.0,0.0,-0.028189409850243298,0.6152128463854352,2058
time_bars,2023-09-10 00:00:00+00:00,288,6,5,0.047839864316368025,0.020833333333333332,0.017361111111111112,0.00011905234334695822,0.0008394895903290799,-0.2482551883079811,2.0510554881081884,1708
time_bars,2023-09-11 00:00:00+00:00,288,22,5,0.040711138496964984,0.0763888888888889,0.017361111111111112,0.00043652525893884676,0.0008394895903290799,-2.6600860720758663,3.966414028051891,924
time_bars,2023-09-12 00:00:00+00:00,285,28,6,0.036381106856276414,0.09824561403508772,0.021052631578947368,0.000555577602285805,0.0010073875083948958,2.650019126881871,5.663803405717262,486
time_bars,2023-09-13 00:00:00+00:00,288,18,1,0.027594489271825343,0.0625,0.003472222222222222,0.00035715703004087466,0.000167897918065816,1.4763209729724063,2.492938304252536,1537
time_bars,2023-09-14 00:00:00+00:00,288,25,3,0.032985995636955846,0.08680555555555555,0.010416666666666666,0.0004960514306123259,0.0005036937541974479,1.1396134730869583,2.9194359730213235,1358
time_bars,2023-09-15 00:00:00+00:00,288,12,3,0.03204907635113123,0.041666666666666664,0.010416666666666666,0.00023810468669391643,0.0005036937541974479,0.3043236613698837,2.5743182840368326,1500
time_bars,2023-09-16 00:00:00+00:00,288,0,0,0.02576162869655753,0.0,0.0,0.0,0.0,-0.1663593292701192,1.2539290318476966,1968
time_bars,2023-09-17 00:00:00+00:00,288,0,0,0.0375364497447718,0.0,0.0,0.0,0.0,-0.123630842038197,0.8941082403661488,2033
time_bars,2023-09-18 00:00:00+00:00,288,44,10,0.05037875970257516,0.1527777777777778,0.034722222222222224,0.0008730505178776935,0.0016789791806581598,0.885029648433013,3.8638920898586497,971
time_bars,2023-09-19 00:00:00+00:00,288,37,2,0.03523925413409618,0.1284722222222222,0.006944444444444444,0.0007341561173062423,0.000335795836131632,1.653916864694224,3.0549248903822144,1298
time_bars,2023-09-20 00:00:00+00:00,288,14,1,0.03501855512018123,0.04861111111111111,0.003472222222222222,0.0002777888011429025,0.000167897918065816,-0.32484062772353994,2.368877052905278,1590
time_bars,2023-09-21 00:00:00+00:00,288,22,1,0.02405648126858868,0.0763888888888889,0.003472222222222222,0.00043652525893884676,0.000167897918065816,-2.069014903870945,2.9488710035273766,1344
time_bars,2023-09-22 00:00:00+00:00,288,2,0,0.031768237201346014,0.006944444444444444,0.0,3.968411444898607e-05,0.0,0.05308805022339446,1.0708761385500567,2008
time_bars,2023-09-23 00:00:00+00:00,288,0,0,0.023065547646028195,0.0,0.0,0.0,0.0,-0.013551716759752294,0.48350021138567023,2066
time_bars,2023-09-24 00:00:00+00:00,288,10,8,0.0503450244473292,0.034722222222222224,0.027777777777777776,0.00019842057224493036,0.001343183344526528,-1.2523982059410073,2.4949752069383773,1534
time_bars,2023-09-25 00:00:00+00:00,288,13,3,0.0378687126573705,0.04513888888888889,0.010416666666666666,0.00025794674391840946,0.0005036937541974479,0.22123692217266125,1.8128537687203166,1823
time_bars,2023-09-26 00:00:00+00:00,288,1,0,0.03353400476153386,0.003472222222222222,0.0,1.9842057224493035e-05,0.0,-0.31124249638986917,1.1978382625792345,1982
time_bars,2023-09-27 00:00:00+00:00,288,31,6,0.035859368557461156,0.1076388888888889,0.020833333333333332,0.0006151037739592841,0.0010073875083948958,0.5741118296665165,3.0244328353776355,1313
time_bars,2023-09-28 00:00:00+00:00,288,29,6,0.041078096809053034,0.10069444444444445,0.020833333333333332,0.000575419659510298,0.0010073875083948958,2.4441272556152196,3.6678677409379237,1042
time_bars,2023-09-29 00:00:00+00:00,288,11,1,0.030498331329100917,0.03819444444444445,0.003472222222222222,0.00021826262946942338,0.000167897918065816,-0.44821660638773403,2.252376744075742,1630
time_bars,2023-09-30 00:00:00+00:00,288,2,1,0.022882387944218194,0.006944444444444444,0.003472222222222222,3.968411444898607e-05,0.000167897918065816,0.22287525616411824,0.795476010275522,2039
time_bars,2023-10-01 00:00:00+00:00,288,13,4,0.04903400059951842,0.04513888888888889,0.013888888888888888,0.00025794674391840946,0.000671591672263264,3.751960130740718,5.15879909283351,602
time_bars,2023-10-02 00:00:00+00:00,288,46,6,0.031417052835538,0.1597222222222222,0.020833333333333332,0.0009127346323266796,0.0010073875083948958,-1.8168876429828253,4.862416948961719,668
time_bars,2023-10-03 00:00:00+00:00,288,17,1,0.02317605214262279,0.059027777777777776,0.003472222222222222,0.0003373149728163816,0.000167897918065816,-0.2393892893410124,1.978599992673409,1746
time_bars,2023-10-04 00:00:00+00:00,288,12,2,0.03775089323621361,0.041666666666666664,0.006944444444444444,0.00023810468669391643,0.000335795836131632,1.260805727812215,2.422568963598444,1573
time_bars,2023-10-05 00:00:00+00:00,288,25,7,0.03233445715722181,0.08680555555555555,0.024305555555555556,0.0004960514306123259,0.0011752854264607119,-1.3100711135346865,2.801232877991156,1406
time_bars,2023-10-06 00:00:00+00:00,288,27,6,0.03675896141856931,0.09375,0.020833333333333332,0.0005357355450613119,0.0010073875083948958,1.872977994884368,4.655014413293934,729
time_bars,2023-10-07 00:00:00+00:00,288,1,1,0.015550006049557955,0.003472222222222222,0.003472222222222222,1.9842057224493035e-05,0.000167897918065816,0.09559733843207091,0.7041475491896363,2048
time_bars,2023-10-08 00:00:00+00:00,288,7,6,0.04392954992566656,0.024305555555555556,0.020833333333333332,0.00013889440057145126,0.0010073875083948958,-0.14970223517004225,1.4743868322588751,1914
time_bars,2023-10-09 00:00:00+00:00,288,19,6,0.03685068210183174,0.06597222222222222,0.020833333333333332,0.00037699908726536766,0.0010073875083948958,-1.1640467058415158,2.632922293720783,1472
time_bars,2023-10-10 00:00:00+00:00,288,11,2,0.02866244253348769,0.03819444444444445,0.006944444444444444,0.00021826262946942338,0.000335795836131632,-0.7176211118100368,1.6226998220205162,1878
time_bars,2023-10-11 00:00:00+00:00,288,26,4,0.03312318781695834,0.09027777777777778,0.013888888888888888,0.0005158934878368189,0.000671591672263264,-1.9054586214325522,3.491944375246684,1120
time_bars,2023-10-12 00:00:00+00:00,288,5,0,0.028688799806794143,0.017361111111111112,0.0,9.921028612246518e-05,0.0,-0.4495563313389199,1.511797173194692,1904
time_bars,2023-10-13 00:00:00+00:00,288,15,2,0.035617990438641736,0.052083333333333336,0.006944444444444444,0.0002976308583673955,0.000335795836131632,0.3948223019762006,1.6757873443993574,1854
time_bars,2023-10-14 00:00:00+00:00,288,0,0,0.016392118113315743,0.0,0.0,0.0,0.0,-0.04991990566730094,0.7935383301409247,2040
time_bars,2023-10-15 00:00:00+00:00,288,7,4,0.04965319504617008,0.024305555555555556,0.013888888888888888,0.00013889440057145126,0.000671591672263264,1.1242110242233825,2.4544751100627,1558
time_bars,2023-10-16 00:00:00+00:00,288,34,9,0.04359843320651217,0.11805555555555555,0.03125,0.0006746299456327632,0.0015110812625923438,4.8421984763278445,12.554993649898542,57
time_bars,2023-10-17 00:00:00+00:00,288,13,0,0.01911925302248617,0.04513888888888889,0.0,0.00025794674391840946,0.0,-0.3671651899828425,1.9414658517556864,1759
time_bars,2023-10-18 00:00:00+00:00,288,11,3,0.029963367867365445,0.03819444444444445,0.010416666666666666,0.00021826262946942338,0.0005036937541974479,-0.26424848369032683,3.402242638208528,1158
time_bars,2023-10-19 00:00:00+00:00,288,28,9,0.03473519588055025,0.09722222222222222,0.03125,0.000555577602285805,0.0015110812625923438,1.3672913742551878,3.008151827483074,1320
time_bars,2023-10-20 00:00:00+00:00,288,44,6,0.041353366503568884,0.1527777777777778,0.020833333333333332,0.0008730505178776935,0.0010073875083948958,3.277071307853817,5.725761526853055,469
time_bars,2023-10-21 00:00:00+00:00,288,21,4,0.03386217851147659,0.07291666666666667,0.013888888888888888,0.00041668320171435377,0.000671591672263264,0.814132164347345,3.113356018584838,1272
time_bars,2023-10-22 00:00:00+00:00,288,7,2,0.03376590167396081,0.024305555555555556,0.006944444444444444,0.00013889440057145126,0.000335795836131632,0.2875902371134252,2.082757537727649,1698
time_bars,2023-10-23 00:00:00+00:00,288,70,12,0.06100567189750741,0.24305555555555555,0.041666666666666664,0.0013889440057145124,0.0020147750167897917,9.817028584532887,18.618148926079,18
time_bars,2023-10-24 00:00:00+00:00,288,29,0,0.02787286293051633,0.10069444444444445,0.0,0.000575419659510298,0.0,2.5168888388123407,7.243362830006907,272
time_bars,2023-10-25 00:00:00+00:00,288,31,0,0.026848341300164513,0.1076388888888889,0.0,0.0006151037739592841,0.0,1.6686375113070542,4.341892971806109,805
time_bars,2023-10-26 00:00:00+00:00,288,30,1,0.026774316678665967,0.10416666666666667,0.003472222222222222,0.000595261716734791,0.000167897918065816,-0.972592884443733,3.146134221695645,1263
time_bars,2023-10-27 00:00:00+00:00,288,16,1,0.0310360507199281,0.05555555555555555,0.003472222222222222,0.00031747291559188856,0.000167897918065816,-0.7668255618692553,2.672513807016683,1452
time_bars,2023-10-28 00:00:00+00:00,288,5,3,0.021566975508866423,0.017361111111111112,0.010416666666666666,9.921028612246518e-05,0.0005036937541974479,0.568994088784284,1.9534880716716072,1754
time_bars,2023-10-29 00:00:00+00:00,288,17,8,0.04039408331621566,0.059027777777777776,0.027777777777777776,0.0003373149728163816,0.001343183344526528,1.288068724311733,2.4476237448227502,1561
time_bars,2023-10-30 00:00:00+00:00,288,30,4,0.040028320726347454,0.10416666666666667,0.013888888888888888,0.000595261716734791,0.000671591672263264,-0.129831758620213,2.431863055864313,1570
time_bars,2023-10-31 00:00:00+00:00,288,19,2,0.03427111215281466,0.06597222222222222,0.006944444444444444,0.00037699908726536766,0.000335795836131632,0.48484803204428456,2.1172522165844714,1679
time_bars,2023-11-01 00:00:00+00:00,288,37,8,0.04420340681994858,0.1284722222222222,0.027777777777777776,0.0007341561173062423,0.001343183344526528,2.2429630754405854,4.750929233038147,700
time_bars,2023-11-02 00:00:00+00:00,288,21,1,0.02722178183170975,0.07291666666666667,0.003472222222222222,0.00041668320171435377,0.000167897918065816,-1.4135414736928746,4.83708065025801,676
time_bars,2023-11-03 00:00:00+00:00,288,20,1,0.031020766148512752,0.06944444444444445,0.003472222222222222,0.0003968411444898607,0.000167897918065816,-0.6883952487146556,2.3800891556281947,1586
time_bars,2023-11-04 00:00:00+00:00,288,10,3,0.030584913698997723,0.034722222222222224,0.010416666666666666,0.00019842057224493036,0.0005036937541974479,1.0583413724663038,2.000020848119585,1734
time_bars,2023-11-05 00:00:00+00:00,288,10,5,0.044904111797272786,0.034722222222222224,0.017361111111111112,0.00019842057224493036,0.0008394895903290799,-0.12611421569027068,3.14932517893926,1262
time_bars,2023-11-06 00:00:00+00:00,288,6,0,0.029835150353202007,0.020833333333333332,0.0,0.00011905234334695822,0.0,0.09103505192582426,1.5896261664990128,1888
time_bars,2023-11-07 00:00:00+00:00,288,23,4,0.03921093500574577,0.0798611111111111,0.013888888888888888,0.0004563673161633398,0.000671591672263264,0.9905848484947793,3.979401291670154,923
time_bars,2023-11-08 00:00:00+00:00,288,17,3,0.03286632957425601,0.059027777777777776,0.010416666666666666,0.0003373149728163816,0.0005036937541974479,0.6199937644914028,3.0245344911982195,1312
time_bars,2023-11-09 00:00:00+00:00,288,43,3,0.047185593472319744,0.14930555555555555,0.010416666666666666,0.0008532084606532005,0.0005036937541974479,3.0212592353318657,8.665937192052182,164
time_bars,2023-11-10 00:00:00+00:00,288,13,1,0.025502663554037273,0.04513888888888889,0.003472222222222222,0.00025794674391840946,0.000167897918065816,1.6497335664746582,3.30116556063491,1197
time_bars,2023-11-11 00:00:00+00:00,288,2,1,0.02524196333582483,0.006944444444444444,0.003472222222222222,3.968411444898607e-05,0.000167897918065816,-0.4515904598249406,2.2543793413429865,1628
time_bars,2023-11-12 00:00:00+00:00,288,2,1,0.03144171300918001,0.006944444444444444,0.003472222222222222,3.968411444898607e-05,0.000167897918065816,-0.20633670900321432,1.364124271438171,1939
time_bars,2023-11-13 00:00:00+00:00,288,11,5,0.04446457570095419,0.03819444444444445,0.017361111111111112,0.00021826262946942338,0.0008394895903290799,-1.629464720020179,3.0207621506735585,1316
time_bars,2023-11-14 00:00:00+00:00,288,16,4,0.04043138135323974,0.05555555555555555,0.013888888888888888,0.00031747291559188856,0.000671591672263264,-2.5740818140099755,6.554991064380225,350
time_bars,2023-11-15 00:00:00+00:00,288,25,2,0.034338233338003614,0.08680555555555555,0.006944444444444444,0.0004960514306123259,0.000335795836131632,6.337499167150808,7.1213380105246165,284
time_bars,2023-11-16 00:00:00+00:00,288,29,0,0.034374166368078295,0.10069444444444445,0.0,0.000575419659510298,0.0,-4.617253759618702,6.7299696662447825,325
time_bars,2023-11-17 00:00:00+00:00,288,10,1,0.030835873204029664,0.034722222222222224,0.003472222222222222,0.00019842057224493036,0.000167897918065816,1.225050658108661,3.1520668063205477,1261
time_bars,2023-11-18 00:00:00+00:00,288,2,1,0.020384380298381063,0.006944444444444444,0.003472222222222222,3.968411444898607e-05,0.000167897918065816,-0.11201758481154339,1.9262935557594796,1767
time_bars,2023-11-19 00:00:00+00:00,288,8,4,0.04611983241147978,0.027777777777777776,0.013888888888888888,0.00015873645779594428,0.000671591672263264,2.149986541989892,3.107347727606186,1277
time_bars,2023-11-20 00:00:00+00:00,288,22,7,0.04332256030779966,0.0763888888888889,0.024305555555555556,0.00043652525893884676,0.0011752854264607119,0.23169964787336209,3.185601837524853,1253
time_bars,2023-11-21 00:00:00+00:00,210,35,6,0.040925204890300645,0.16666666666666666,0.02857142857142857,0.0006944720028572562,0.0010073875083948958,-4.715653533057618,5.32859885042608,568
time_bars,2023-11-22 00:00:00+00:00,288,22,1,0.03628993995917923,0.0763888888888889,0.003472222222222222,0.00043652525893884676,0.000167897918065816,4.584236237580007,6.177711382178848,401
time_bars,2023-11-23 00:00:00+00:00,288,5,0,0.02687319812762734,0.017361111111111112,0.0,9.921028612246518e-05,0.0,-0.3191101897055388,2.1306386858134285,1674
time_bars,2023-11-24 00:00:00+00:00,288,33,11,0.04531042079910297,0.11458333333333333,0.03819444444444445,0.0006547878884082701,0.0018468770987239758,1.098400791590032,3.0860390644958633,1286
time_bars,2023-11-25 00:00:00+00:00,288,0,0,0.01805571854040799,0.0,0.0,0.0,0.0,0.15979248930583084,0.8365033523774136,2037
time_bars,2023-11-26 00:00:00+00:00,288,9,3,0.0474659301982684,0.03125,0.010416666666666666,0.00017857851502043733,0.0005036937541974479,-0.8744201685281391,1.819260783007743,1822
time_bars,2023-11-27 00:00:00+00:00,288,13,3,0.03898557057951588,0.04513888888888889,0.010416666666666666,0.00025794674391840946,0.0005036937541974479,-0.5453180823401098,2.3162899279537585,1605
time_bars,2023-11-28 00:00:00+00:00,288,28,6,0.03759236155157402,0.09722222222222222,0.020833333333333332,0.000555577602285805,0.0010073875083948958,1.5396092061289164,4.090881514889107,889
time_bars,2023-11-29 00:00:00+00:00,288,12,0,0.032898614823835486,0.041666666666666664,0.0,0.00023810468669391643,0.0,0.06635902058602472,2.4936928147272384,1536
time_bars,2023-11-30 00:00:00+00:00,288,6,2,0.03278426245201485,0.020833333333333332,0.006944444444444444,0.00011905234334695822,0.000335795836131632,-0.3187127138638946,1.8236718756642087,1818
time_bars,2023-12-01 00:00:00+00:00,288,26,7,0.03927714028182783,0.09027777777777778,0.024305555555555556,0.0005158934878368189,0.0011752854264607119,2.469720390975784,3.627550466780258,1061
time_bars,2023-12-02 00:00:00+00:00,288,12,3,0.034908730120743414,0.041666666666666664,0.010416666666666666,0.00023810468669391643,0.0005036937541974479,1.9850859725985925,3.2774367637493924,1214
time_bars,2023-12-03 00:00:00+00:00,288,16,4,0.03065337266333699,0.05555555555555555,0.013888888888888888,0.00031747291559188856,0.000671591672263264,1.3715542627050306,2.8995834192701455,1368
time_bars,2023-12-04 00:00:00+00:00,288,43,4,0.05132707671566422,0.14930555555555555,0.013888888888888888,0.0008532084606532005,0.000671591672263264,4.913099251421558,5.995213356699577,425
time_bars,2023-12-05 00:00:00+00:00,288,34,3,0.03602331004041032,0.11805555555555555,0.010416666666666666,0.0006746299456327632,0.0005036937541974479,4.853941127148826,7.299658688514846,263
time_bars,2023-12-06 00:00:00+00:00,288,14,0,0.02922174810583561,0.04861111111111111,0.0,0.0002777888011429025,0.0,-0.6986421000534587,2.217885244845778,1642
time_bars,2023-12-07 00:00:00+00:00,288,26,1,0.03376049810792441,0.09027777777777778,0.003472222222222222,0.0005158934878368189,0.000167897918065816,-1.1036891730105443,2.881588670068671,1374
time_bars,2023-12-08 00:00:00+00:00,288,20,3,0.03531632129690861,0.06944444444444445,0.010416666666666666,0.0003968411444898607,0.0005036937541974479,2.0879446127371226,3.822298196016418,986
time_bars,2023-12-09 00:00:00+00:00,288,5,2,0.03135240339556551,0.017361111111111112,0.006944444444444444,9.921028612246518e-05,0.000335795836131632,-1.0809268814328805,1.8971689335644475,1783
time_bars,2023-12-10 00:00:00+00:00,288,3,3,0.02952484506519138,0.010416666666666666,0.010416666666666666,5.952617167347911e-05,0.0005036937541974479,0.1731697107113038,1.2474534766510943,1970
time_bars,2023-12-11 00:00:00+00:00,288,44,5,0.046996160670544865,0.1527777777777778,0.017361111111111112,0.0008730505178776935,0.0008394895903290799,-5.977735011023699,8.582535581437961,167
time_bars,2023-12-12 00:00:00+00:00,288,15,0,0.03293036406089546,0.052083333333333336,0.0,0.0002976308583673955,0.0,0.5892310561068815,3.414306247013623,1149
time_bars,2023-12-13 00:00:00+00:00,288,31,5,0.034817363787491645,0.1076388888888889,0.017361111111111112,0.0006151037739592841,0.0008394895903290799,3.223650654292635,7.04725271522665,288
time_bars,2023-12-14 00:00:00+00:00,288,16,3,0.030519005907306385,0.05555555555555555,0.010416666666666666,0.00031747291559188856,0.0005036937541974479,0.366441484970377,5.463226897991382,528
time_bars,2023-12-15 00:00:00+00:00,288,12,0,0.0314452942954094,0.041666666666666664,0.0,0.00023810468669391643,0.0,-2.5043573378173827,3.3743144198517276,1169
time_bars,2023-12-16 00:00:00+00:00,288,5,0,0.03136576126502813,0.017361111111111112,0.0,9.921028612246518e-05,0.0,0.7581746214511513,2.6510294745830687,1465
time_bars,2023-12-17 00:00:00+00:00,288,11,8,0.04426725822214587,0.03819444444444445,0.027777777777777776,0.00021826262946942338,0.001343183344526528,-2.1292833144359706,2.9329310731364013,1348
time_bars,2023-12-18 00:00:00+00:00,288,26,3,0.03946673623836494,0.09027777777777778,0.010416666666666666,0.0005158934878368189,0.0005036937541974479,3.0337185188829716,5.3798795835639766,553
time_bars,2023-12-19 00:00:00+00:00,288,17,4,0.03158210781342816,0.059027777777777776,0.013888888888888888,0.0003373149728163816,0.000671591672263264,-0.879138439520691,4.0166832224602445,909
time_bars,2023-12-20 00:00:00+00:00,288,30,2,0.04180711307314092,0.10416666666666667,0.006944444444444444,0.000595261716734791,0.000335795836131632,3.280721073729273,5.003878609366544,630
time_bars,2023-12-21 00:00:00+00:00,288,13,1,0.03095493512911292,0.04513888888888889,0.003472222222222222,0.00025794674391840946,0.000167897918065816,0.4278291376399953,2.214591147679163,1643
time_bars,2023-12-22 00:00:00+00:00,288,12,1,0.034375830747277986,0.041666666666666664,0.003472222222222222,0.00023810468669391643,0.000167897918065816,0.23391397720283602,2.3969917228930844,1581
time_bars,2023-12-23 00:00:00+00:00,288,1,0,0.027366059634513065,0.003472222222222222,0.0,1.9842057224493035e-05,0.0,-0.6246856998273317,1.6462596621676244,1868
time_bars,2023-12-24 00:00:00+00:00,288,4,2,0.04389247892637492,0.013888888888888888,0.006944444444444444,7.936822889797214e-05,0.000335795836131632,-1.6529149483842431,3.3391590096675015,1178
time_bars,2023-12-25 00:00:00+00:00,288,6,3,0.029415674049358163,0.020833333333333332,0.010416666666666666,0.00011905234334695822,0.0005036937541974479,1.393460344193901,2.527921562311664,1521
time_bars,2023-12-26 00:00:00+00:00,288,17,6,0.036603817204049156,0.059027777777777776,0.020833333333333332,0.0003373149728163816,0.0010073875083948958,-2.4920500675089934,4.783382306876931,691
time_bars,2023-12-27 00:00:00+00:00,288,14,3,0.03362065801020389,0.04861111111111111,0.010416666666666666,0.0002777888011429025,0.0005036937541974479,2.128640570584876,3.621543946508279,1064
time_bars,2023-12-28 00:00:00+00:00,288,12,0,0.03585583442782389,0.041666666666666664,0.0,0.00023810468669391643,0.0,-1.984170404381469,3.5503116593140183,1091
time_bars,2023-12-29 00:00:00+00:00,288,23,5,0.035188963363969226,0.0798611111111111,0.017361111111111112,0.0004563673161633398,0.0008394895903290799,-1.1925256324556874,4.473418309560617,779
time_bars,2023-12-30 00:00:00+00:00,288,6,0,0.03066089143847915,0.020833333333333332,0.0,0.00011905234334695822,0.0,0.18773153029891007,2.6237601451053494,1477
time_bars,2023-12-31 00:00:00+00:00,288,3,1,0.038629608756690706,0.010416666666666666,0.003472222222222222,5.952617167347911e-05,0.000167897918065816,0.3306969777207359,2.2366503522564507,1636
time_bars,2024-01-01 00:00:00+00:00,288,13,2,0.03683842464467568,0.04513888888888889,0.006944444444444444,0.00025794674391840946,0.000335795836131632,4.42898131266569,4.760948070686117,694
time_bars,2024-01-02 00:00:00+00:00,288,34,5,0.04183603615237986,0.11805555555555555,0.017361111111111112,0.0006746299456327632,0.0008394895903290799,1.6803425516763861,3.8808697934395857,959
time_bars,2024-01-03 00:00:00+00:00,288,28,5,0.03728935830260918,0.09722222222222222,0.017361111111111112,0.000555577602285805,0.0008394895903290799,-4.851730051370559,12.234949084115756,61
time_bars,2024-01-04 00:00:00+00:00,288,24,2,0.027234757634891377,0.08333333333333333,0.006944444444444444,0.00047620937338783287,0.000335795836131632,2.975851047335341,5.067750365432835,621
time_bars,2024-01-05 00:00:00+00:00,288,20,2,0.035652548562920966,0.06944444444444445,0.006944444444444444,0.0003968411444898607,0.000335795836131632,0.003624452368290228,5.070210311996232,619
time_bars,2024-01-06 00:00:00+00:00,288,1,1,0.023069029246314543,0.003472222222222222,0.003472222222222222,1.9842057224493035e-05,0.000167897918065816,-0.42814076432660275,1.879609110126092,1790
time_bars,2024-01-07 00:00:00+00:00,288,15,3,0.044308888262582106,0.052083333333333336,0.010416666666666666,0.0002976308583673955,0.0005036937541974479,-0.09035716729402221,2.1112859495906,1683
time_bars,2024-01-08 00:00:00+00:00,288,46,7,0.04913384975814326,0.1597222222222222,0.024305555555555556,0.0009127346323266796,0.0011752854264607119,6.726737005467022,9.189384593201238,137
time_bars,2024-01-09 00:00:00+00:00,288,18,4,0.03366372865489422,0.0625,0.013888888888888888,0.00035715703004087466,0.000671591672263264,-1.8447861454063412,7.9655395301270415,215
time_bars,2024-01-10 00:00:00+00:00,288,33,1,0.030674820283770325,0.11458333333333333,0.003472222222222222,0.0006547878884082701,0.000167897918065816,1.1834993404675336,7.412393768237188,258
time_bars,2024-01-11 00:00:00+00:00,288,23,0,0.028291071636142022,0.0798611111111111,0.0,0.0004563673161633398,0.0,-0.6993516731905562,7.247364865251687,271
time_bars,2024-01-12 00:00:00+00:00,288,41,5,0.038897700583491034,0.1423611111111111,0.017361111111111112,0.0008135243462042144,0.0008394895903290799,-7.968147759940777,11.767452387388497,67
time_bars,2024-01-13 00:00:00+00:00,288,4,0,0.01616272400856546,0.013888888888888888,0.0,7.936822889797214e-05,0.0,0.13405673026862308,1.9312515546021118,1763
time_bars,2024-01-14 00:00:00+00:00,288,12,2,0.03896185508481688,0.041666666666666664,0.006944444444444444,0.00023810468669391643,0.000335795836131632,-2.628391828269617,3.2607688357368083,1224
time_bars,2024-01-15 00:00:00+00:00,288,14,1,0.030405709642467766,0.04861111111111111,0.003472222222222222,0.0002777888011429025,0.000167897918065816,1.8519245608370767,3.8925662623738124,951
time_bars,2024-01-16 00:00:00+00:00,288,17,3,0.032850489859194774,0.059027777777777776,0.010416666666666666,0.0003373149728163816,0.0005036937541974479,1.4431410555803186,3.5945438526671083,1079
time_bars,2024-01-17 00:00:00+00:00,288,6,0,0.024284085134458892,0.020833333333333332,0.0,0.00011905234334695822,0.0,-0.8138188506543664,2.337397684009567,1593
time_bars,2024-01-18 00:00:00+00:00,288,33,5,0.04043031822319554,0.11458333333333333,0.017361111111111112,0.0006547878884082701,0.0008394895903290799,-3.4726173890523,5.404522305316585,545
time_bars,2024-01-19 00:00:00+00:00,288,20,1,0.03217626636115819,0.06944444444444445,0.003472222222222222,0.0003968411444898607,0.000167897918065816,0.8170157298198035,4.599765951491825,744
time_bars,2024-01-20 00:00:00+00:00,288,0,0,0.018685411575164818,0.0,0.0,0.0,0.0,0.07126241545241323,1.03172251827868,2015
time_bars,2024-01-21 00:00:00+00:00,288,0,0,0.03232895773000406,0.0,0.0,0.0,0.0,-0.26851843523297075,0.9136448506124125,2030
time_bars,2024-01-22 00:00:00+00:00,288,35,11,0.06132751929612041,0.12152777777777778,0.03819444444444445,0.0006944720028572562,0.0018468770987239758,-4.96214399127124,5.649988303935688,489
time_bars,2024-01-23 00:00:00+00:00,288,25,0,0.03343550465832157,0.08680555555555555,0.0,0.0004960514306123259,0.0,0.8127701049994055,4.136127054024185,876
time_bars,2024-01-24 00:00:00+00:00,288,9,0,0.03300845535504693,0.03125,0.0,0.00017857851502043733,0.0,0.472186210062403,2.6666114806152494,1457
time_bars,2024-01-25 00:00:00+00:00,288,5,3,0.028850694257734153,0.017361111111111112,0.010416666666666666,9.921028612246518e-05,0.0005036937541974479,-0.3151214549786248,1.9157525245561313,1774
time_bars,2024-01-26 00:00:00+00:00,288,33,4,0.04240284392917161,0.11458333333333333,0.013888888888888888,0.0006547878884082701,0.000671591672263264,4.533816580352009,5.915506342852931,438
time_bars,2024-01-27 00:00:00+00:00,288,1,0,0.022015575952106466,0.003472222222222222,0.0,1.9842057224493035e-05,0.0,0.7050557996666762,1.979783911409584,1744
time_bars,2024-01-28 00:00:00+00:00,288,5,2,0.0491740881973985,0.017361111111111112,0.006944444444444444,9.921028612246518e-05,0.000335795836131632,-0.19257430163850336,2.9278703271411044,1351
time_bars,2024-01-29 00:00:00+00:00,288,16,2,0.039549873135930065,0.05555555555555555,0.006944444444444444,0.00031747291559188856,0.000335795836131632,2.9694277150615576,3.695677602197607,1028
time_bars,2024-01-30 00:00:00+00:00,288,10,4,0.03309552632106511,0.034722222222222224,0.013888888888888888,0.00019842057224493036,0.000671591672263264,-0.8567911457626307,2.8247959256245276,1401
time_bars,2024-01-31 00:00:00+00:00,288,28,3,0.04021823130491736,0.09722222222222222,0.010416666666666666,0.000555577602285805,0.0005036937541974479,-0.8371715319285064,3.4675393008390167,1130
time_bars,2024-02-01 00:00:00+00:00,288,13,0,0.03170625785239693,0.04513888888888889,0.0,0.00025794674391840946,0.0,1.1960471004005009,3.3382310266140767,1179
time_bars,2024-02-02 00:00:00+00:00,288,12,5,0.03182053036325056,0.041666666666666664,0.017361111111111112,0.00023810468669391643,0.0008394895903290799,0.2536677665036323,2.2498207432084216,1631
time_bars,2024-02-03 00:00:00+00:00,288,0,0,0.026006753798288294,0.0,0.0,0.0,0.0,-0.44003858673005575,1.1919357632852852,1985
time_bars,2024-02-04 00:00:00+00:00,288,5,3,0.043891742058397104,0.017361111111111112,0.010416666666666666,9.921028612246518e-05,0.0005036937541974479,-0.9866528854842543,2.193576430915364,1650
time_bars,2024-02-05 00:00:00+00:00,288,21,4,0.03957434700731264,0.07291666666666667,0.013888888888888888,0.00041668320171435377,0.000671591672263264,0.28758030309512866,3.1346700635306313,1266
time_bars,2024-02-06 00:00:00+00:00,288,6,1,0.031963922066110456,0.020833333333333332,0.003472222222222222,0.00011905234334695822,0.000167897918065816,0.900533064252732,1.906069672459766,1779
time_bars,2024-02-07 00:00:00+00:00,288,19,5,0.038992098928601074,0.06597222222222222,0.017361111111111112,0.00037699908726536766,0.0008394895903290799,2.8537963646790483,3.7286566078429937,1016
time_bars,2024-02-08 00:00:00+00:00,288,20,3,0.0341512280165104,0.06944444444444445,0.010416666666666666,0.0003968411444898607,0.0005036937541974479,2.1046500183140306,2.87695523776649,1375
time_bars,2024-02-09 00:00:00+00:00,288,42,5,0.044962838776967474,0.14583333333333334,0.017361111111111112,0.0008333664034287075,0.0008394895903290799,3.9987878971117947,6.449000509606432,357
time_bars,2024-02-10 00:00:00+00:00,288,10,3,0.028359340429222706,0.034722222222222224,0.010416666666666666,0.00019842057224493036,0.0005036937541974479,1.2999834096386045,2.84825517515272,1390
time_bars,2024-02-11 00:00:00+00:00,288,8,2,0.033343122404969984,0.027777777777777776,0.006944444444444444,0.00015873645779594428,0.000335795836131632,1.1887348943841125,2.2064690004823424,1645
time_bars,2024-02-12 00:00:00+00:00,288,40,8,0.04469496506331907,0.1388888888888889,0.027777777777777776,0.0007936822889797214,0.001343183344526528,3.3392417201553624,5.52797198116775,515
time_bars,2024-02-13 00:00:00+00:00,288,26,1,0.03376091176616772,0.09027777777777778,0.003472222222222222,0.0005158934878368189,0.000167897918065816,-0.4961872885900243,4.311017606766411,820
time_bars,2024-02-14 00:00:00+00:00,288,29,3,0.030648364730848882,0.10069444444444445,0.010416666666666666,0.000575419659510298,0.0005036937541974479,4.190542957517016,5.695227047339417,480
time_bars,2024-02-15 00:00:00+00:00,288,32,2,0.0359160867616607,0.1111111111111111,0.006944444444444444,0.0006349458311837771,0.000335795836131632,0.14538922130342516,2.9257158340538534,1353
time_bars,2024-02-16 00:00:00+00:00,288,16,0,0.02935879057188105,0.05555555555555555,0.0,0.00031747291559188856,0.0,0.4809374268590015,1.9404895558767121,1760
time_bars,2024-02-17 00:00:00+00:00,288,19,5,0.034879505068532865,0.06597222222222222,0.017361111111111112,0.00037699908726536766,0.0008394895903290799,-0.9040003544199008,3.005468320578073,1322
time_bars,2024-02-18 00:00:00+00:00,288,6,2,0.032398598975859685,0.020833333333333332,0.006944444444444444,0.00011905234334695822,0.000335795836131632,0.9559517950180224,2.455058263897094,1557
time_bars,2024-02-19 00:00:00+00:00,288,6,1,0.036220985830041415,0.020833333333333332,0.003472222222222222,0.00011905234334695822,0.000167897918065816,-0.6964179403924053,1.6198516374328078,1881
time_bars,2024-02-20 00:00:00+00:00,288,32,6,0.04047865912466728,0.1111111111111111,0.020833333333333332,0.0006349458311837771,0.0010073875083948958,0.9292063580445816,4.43454325894201,787
time_bars,2024-02-21 00:00:00+00:00,288,22,0,0.031199261041905655,0.0763888888888889,0.0,0.00043652525893884676,0.0,-0.8053791501412793,3.6414929048808573,1057
time_bars,2024-02-22 00:00:00+00:00,288,13,2,0.03485556957262353,0.04513888888888889,0.006944444444444444,0.00025794674391840946,0.000335795836131632,-1.08727479798872,2.2567770222865398,1625
time_bars,2024-02-23 00:00:00+00:00,288,12,2,0.028678201122430684,0.041666666666666664,0.006944444444444444,0.00023810468669391643,0.000335795836131632,-1.0677080688430558,2.0837474837573806,1696
time_bars,2024-02-24 00:00:00+00:00,288,5,2,0.027158584025540004,0.017361111111111112,0.006944444444444444,9.921028612246518e-05,0.000335795836131632,1.6219317399354203,2.198861405671091,1646
time_bars,2024-02-25 00:00:00+00:00,288,5,2,0.03720490386808503,0.017361111111111112,0.006944444444444444,9.921028612246518e-05,0.000335795836131632,0.31499440751971897,1.4506245643697304,1920
time_bars,2024-02-26 00:00:00+00:00,288,40,8,0.04940735487385479,0.1388888888888889,0.027777777777777776,0.0007936822889797214,0.001343183344526528,5.170120964881228,7.687921410206723,234
time_bars,2024-02-27 00:00:00+00:00,288,39,3,0.03572003401411314,0.13541666666666666,0.010416666666666666,0.0007738402317552284,0.0005036937541974479,4.594207444644456,5.853374069681427,446
time_bars,2024-02-28 00:00:00+00:00,288,61,5,0.0457537674905635,0.21180555555555555,0.017361111111111112,0.0012103654906940751,0.0008394895903290799,9.055418454708168,12.525469717088553,58
time_bars,2024-02-29 00:00:00+00:00,288,20,0,0.03164274314741647,0.06944444444444445,0.0,0.0003968411444898607,0.0,-2.077182836626429,5.332028648991438,567
time_bars,2024-03-01 00:00:00+00:00,288,15,0,0.029346988355725016,0.052083333333333336,0.0,0.0002976308583673955,0.0,1.9854430158332954,3.7962118500300512,994
time_bars,2024-03-02 00:00:00+00:00,288,4,0,0.025136614893072732,0.013888888888888888,0.0,7.936822889797214e-05,0.0,-0.6277813347800272,1.4633098702713154,1917
time_bars,2024-03-03 00:00:00+00:00,288,21,2,0.038454318937999436,0.07291666666666667,0.006944444444444444,0.00041668320171435377,0.000335795836131632,1.8186326957967323,3.1949354336657207,1248
time_bars,2024-03-04 00:00:00+00:00,288,61,5,0.04020663824183811,0.21180555555555555,0.017361111111111112,0.0012103654906940751,0.0008394895903290799,7.789300314754266,9.634716043162266,123
time_bars,2024-03-05 00:00:00+00:00,288,47,4,0.048995551328394,0.16319444444444445,0.013888888888888888,0.0009325766895511726,0.000671591672263264,-6.893012186107549,15.973219727449411,29
time_bars,2024-03-06 00:00:00+00:00,288,11,0,0.027682858542150548,0.03819444444444445,0.0,0.00021826262946942338,0.0,3.666380240365456,7.5100305768305535,251
time_bars,2024-03-07 00:00:00+00:00,288,27,0,0.029500431898152484,0.09375,0.0,0.0005357355450613119,0.0,1.1158178296510577,3.727884835286721,1017
time_bars,2024-03-08 00:00:00+00:00,288,37,5,0.03788290481239495,0.1284722222222222,0.017361111111111112,0.0007341561173062423,0.0008394895903290799,1.9403764051125003,6.173855224908918,403
time_bars,2024-03-09 00:00:00+00:00,288,1,0,0.01377821718982246,0.003472222222222222,0.0,1.9842057224493035e-05,0.0,0.2538323360675174,1.0255192888913627,2018
time_bars,2024-03-10 00:00:00+00:00,288,30,5,0.04573854650822988,0.10416666666666667,0.017361111111111112,0.000595261716734791,0.0008394895903290799,0.934180728287565,2.6707861879613963,1453
time_bars,2024-03-11 00:00:00+00:00,288,44,6,0.04068924789127139,0.1527777777777778,0.020833333333333332,0.0008730505178776935,0.0010073875083948958,4.4667360672112375,8.425883600315554,180
time_bars,2024-03-12 00:00:00+00:00,288,40,3,0.040551059235301994,0.1388888888888889,0.010416666666666666,0.0007936822889797214,0.0005036937541974479,-0.9059133869834997,6.722259799406334,327
time_bars,2024-03-13 00:00:00+00:00,288,19,0,0.030107622842807776,0.06597222222222222,0.0,0.00037699908726536766,0.0,2.2462257994432515,3.26176007435726,1220
time_bars,2024-03-14 00:00:00+00:00,288,65,3,0.046599400336655966,0.22569444444444445,0.010416666666666666,0.0012897337195920473,0.0005036937541974479,-2.3130982155258177,7.4100891745482125,259
time_bars,2024-03-15 00:00:00+00:00,288,39,2,0.04010141127459445,0.13541666666666666,0.006944444444444444,0.0007738402317552284,0.000335795836131632,-2.7014122059353403,10.031579044412686,108
time_bars,2024-03-16 00:00:00+00:00,288,39,2,0.02943112882090776,0.13541666666666666,0.006944444444444444,0.0007738402317552284,0.000335795836131632,-6.230336984660473,7.935485607023962,218
time_bars,2024-03-17 00:00:00+00:00,288,32,0,0.03526089976801598,0.1111111111111111,0.0,0.0006349458311837771,0.0,4.630012976388598,6.611449851245707,342
time_bars,2024-03-18 00:00:00+00:00,288,37,1,0.03627435229842304,0.1284722222222222,0.003472222222222222,0.0007341561173062423,0.000167897918065816,-1.1577708583298612,3.6021174632968473,1071
time_bars,2024-03-19 00:00:00+00:00,288,75,1,0.04663682664426841,0.2604166666666667,0.003472222222222222,0.0014881542918369778,0.000167897918065816,-8.774904752201353,10.17481218471569,104
time_bars,2024-03-20 00:00:00+00:00,288,34,0,0.03660509260388092,0.11805555555555555,0.0,0.0006746299456327632,0.0,9.09411908627948,11.397462326069924,73
time_bars,2024-03-21 00:00:00+00:00,288,26,1,0.032578294537788995,0.09027777777777778,0.003472222222222222,0.0005158934878368189,0.000167897918065816,-3.5029286708671385,5.637878425063052,492
time_bars,2024-03-22 00:00:00+00:00,288,32,3,0.0351438786337049,0.1111111111111111,0.010416666666666666,0.0006349458311837771,0.0005036937541974479,-2.64984866371618,6.821839329759112,317
time_bars,2024-03-23 00:00:00+00:00,288,14,1,0.029043247998923646,0.04861111111111111,0.003472222222222222,0.0002777888011429025,0.000167897918065816,0.30380229613882614,4.695672104855769,718
time_bars,2024-03-24 00:00:00+00:00,288,28,3,0.04221602699996085,0.09722222222222222,0.010416666666666666,0.000555577602285805,0.0005036937541974479,4.937730456281858,5.898822142064641,442
time_bars,2024-03-25 00:00:00+00:00,288,35,2,0.034965067376166344,0.12152777777777778,0.006944444444444444,0.0006944720028572562,0.000335795836131632,3.8779795218958064,6.977757858780563,299
time_bars,2024-03-26 00:00:00+00:00,288,33,0,0.0361601454621455,0.11458333333333333,0.0,0.0006547878884082701,0.0,0.1764731136509315,3.3045732595255117,1194
time_bars,2024-03-27 00:00:00+00:00,288,31,5,0.03551466822585873,0.1076388888888889,0.017361111111111112,0.0006151037739592841,0.0008394895903290799,-0.7330764011176305,5.025128004459942,626
time_bars,2024-03-28 00:00:00+00:00,288,18,1,0.02957521926925543,0.0625,0.003472222222222222,0.00035715703004087466,0.000167897918065816,1.8609754189775347,3.834946644243699,979
time_bars,2024-03-29 00:00:00+00:00,288,19,2,0.03069361157684903,0.06597222222222222,0.006944444444444444,0.00037699908726536766,0.000335795836131632,-1.3289723129502111,2.8247967392898508,1400
time_bars,2024-03-30 00:00:00+00:00,288,1,0,0.02647414858472804,0.003472222222222222,0.0,1.9842057224493035e-05,0.0,-0.36992409373818524,1.1585866624120118,1995
time_bars,2024-03-31 00:00:00+00:00,288,10,5,0.045631660006704454,0.034722222222222224,0.017361111111111112,0.00019842057224493036,0.0008394895903290799,2.441169413228664,2.6755007392681525,1450
time_bars,2024-04-01 00:00:00+00:00,288,34,3,0.035422947287519484,0.11805555555555555,0.010416666666666666,0.0006746299456327632,0.0005036937541974479,-2.3579209980348974,4.710411786258062,711
time_bars,2024-04-02 00:00:00+00:00,288,47,3,0.03725360080710411,0.16319444444444445,0.010416666666666666,0.0009325766895511726,0.0005036937541974479,-6.206926236826293,7.638964145174573,239
time_bars,2024-04-03 00:00:00+00:00,288,25,1,0.029247472857648463,0.08680555555555555,0.003472222222222222,0.0004960514306123259,0.000167897918065816,0.7142110598870127,3.7131471981453834,1025
time_bars,2024-04-04 00:00:00+00:00,288,43,5,0.039380582605432785,0.14930555555555555,0.017361111111111112,0.0008532084606532005,0.0008394895903290799,3.745891114943324,6.294883659940131,387
time_bars,2024-04-05 00:00:00+00:00,288,37,2,0.03749085909647338,0.1284722222222222,0.006944444444444444,0.0007341561173062423,0.000335795836131632,-0.974364990127053,4.187676958383136,861
time_bars,2024-04-06 00:00:00+00:00,288,13,6,0.028047536511795017,0.04513888888888889,0.020833333333333332,0.00025794674391840946,0.0010073875083948958,1.573674627469033,3.292850614463093,1207
time_bars,2024-04-07 00:00:00+00:00,288,21,4,0.03860002729185294,0.07291666666666667,0.013888888888888888,0.00041668320171435377,0.000671591672263264,0.6671310585494358,2.2619119187346017,1623
time_bars,2024-04-08 00:00:00+00:00,288,39,6,0.03768795984332043,0.13541666666666666,0.020833333333333332,0.0007738402317552284,0.0010073875083948958,3.2840187938699263,5.426510259914124,534
time_bars,2024-04-09 00:00:00+00:00,288,36,3,0.03991630791590849,0.125,0.010416666666666666,0.0007143140600817493,0.0005036937541974479,-3.5341825476975592,5.149220154217262,604
time_bars,2024-04-10 00:00:00+00:00,288,42,3,0.037572499344433075,0.14583333333333334,0.010416666666666666,0.0008333664034287075,0.0005036937541974479,2.1386723832784647,5.565691489889011,510
time_bars,2024-04-11 00:00:00+00:00,288,20,1,0.030229636940904067,0.06944444444444445,0.003472222222222222,0.0003968411444898607,0.000167897918065816,-0.8897474097959663,2.54631433358107,1510
time_bars,2024-04-12 00:00:00+00:00,288,41,8,0.04194542459691176,0.1423611111111111,0.027777777777777776,0.0008135243462042144,0.001343183344526528,-4.256284167430943,9.089898008989676,142
time_bars,2024-04-13 00:00:00+00:00,288,41,4,0.0412357407166827,0.1423611111111111,0.013888888888888888,0.0008135243462042144,0.000671591672263264,-4.8785919089340135,13.060981620354402,51
time_bars,2024-04-14 00:00:00+00:00,288,28,0,0.02379803426495588,0.09722222222222222,0.0,0.000555577602285805,0.0,2.587759290797661,5.757700918651289,461
time_bars,2024-04-15 00:00:00+00:00,288,36,2,0.032525150642090765,0.125,0.006944444444444444,0.0007143140600817493,0.000335795836131632,-3.4469331772009655,7.178566372937413,279
time_bars,2024-04-16 00:00:00+00:00,288,35,1,0.03540681470848053,0.12152777777777778,0.003472222222222222,0.0006944720028572562,0.000167897918065816,0.585416015340776,4.505625140619788,770
time_bars,2024-04-17 00:00:00+00:00,288,46,2,0.038707100631984764,0.1597222222222222,0.006944444444444444,0.0009127346323266796,0.000335795836131632,-4.016556610533628,7.8331326340334195,229
time_bars,2024-04-18 00:00:00+00:00,288,38,0,0.031445452766067736,0.13194444444444445,0.0,0.0007539981745307353,0.0,3.513607273502965,5.3450147009177575,565
time_bars,2024-04-19 00:00:00+00:00,288,48,1,0.038495828956397415,0.16666666666666666,0.003472222222222222,0.0009524187467756657,0.000167897918065816,0.5382289834711786,9.507960162470292,126
time_bars,2024-04-20 00:00:00+00:00,288,21,0,0.023079543254216295,0.07291666666666667,0.0,0.00041668320171435377,0.0,1.724880079837519,3.667191517061165,1043
time_bars,2024-04-21 00:00:00+00:00,288,13,4,0.03311651410315183,0.04513888888888889,0.013888888888888888,0.00025794674391840946,0.000671591672263264,0.023727022262188674,2.2550301973837326,1627
time_bars,2024-04-22 00:00:00+00:00,288,35,6,0.03337121492093614,0.12152777777777778,0.020833333333333332,0.0006944720028572562,0.0010073875083948958,2.833039474410993,4.179282006636447,865
time_bars,2024-04-23 00:00:00+00:00,288,24,1,0.03208607313988386,0.08333333333333333,0.003472222222222222,0.00047620937338783287,0.000167897918065816,-0.5881477586984803,2.1201782220429175,1676
time_bars,2024-04-24 00:00:00+00:00,288,34,8,0.042809620529716506,0.11805555555555555,0.027777777777777776,0.0006746299456327632,0.001343183344526528,-3.2707479781835005,5.348970081100236,561
time_bars,2024-04-25 00:00:00+00:00,288,31,1,0.03254004843440387,0.1076388888888889,0.003472222222222222,0.0006151037739592841,0.000167897918065816,0.3554763828031531,3.9840602321356275,920
time_bars,2024-04-26 00:00:00+00:00,288,21,0,0.03119199959663311,0.07291666666666667,0.0,0.00041668320171435377,0.0,-1.1386127271401627,2.329372794124402,1600
time_bars,2024-04-27 00:00:00+00:00,288,18,2,0.03167388767433357,0.0625,0.006944444444444444,0.00035715703004087466,0.000335795836131632,-0.515375479129795,2.4853498376521963,1542
time_bars,2024-04-28 00:00:00+00:00,288,9,4,0.030511927446367104,0.03125,0.013888888888888888,0.00017857851502043733,0.000671591672263264,-0.525812772995911,2.5975486403260737,1485
time_bars,2024-04-29 00:00:00+00:00,288,26,9,0.036034969621883337,0.09027777777777778,0.03125,0.0005158934878368189,0.0015110812625923438,1.1880628954720913,3.9294734584388626,940
time_bars,2024-04-30 00:00:00+00:00,288,50,7,0.04236544648511191,0.1736111111111111,0.024305555555555556,0.0009921028612246518,0.0011752854264607119,-5.127812557015421,8.968461108245904,147
time_bars,2024-05-01 00:00:00+00:00,288,40,2,0.040697112005440225,0.1388888888888889,0.006944444444444444,0.0007936822889797214,0.000335795836131632,-3.9406975783600147,7.295675003673352,264
time_bars,2024-05-02 00:00:00+00:00,288,26,0,0.026070801196074727,0.09027777777777778,0.0,0.0005158934878368189,0.0,1.2425124314181242,4.60794329234112,741
time_bars,2024-05-03 00:00:00+00:00,288,42,4,0.03182727274761762,0.14583333333333334,0.013888888888888888,0.0008333664034287075,0.000671591672263264,6.265051920851134,7.458274320831222,255
time_bars,2024-05-04 00:00:00+00:00,288,17,2,0.029295090936601084,0.059027777777777776,0.006944444444444444,0.0003373149728163816,0.000335795836131632,1.5949150363720366,3.1921078289951956,1250
time_bars,2024-05-05 00:00:00+00:00,288,22,5,0.032654859930549146,0.0763888888888889,0.017361111111111112,0.00043652525893884676,0.0008394895903290799,0.19350459647349516,2.841952111146299,1393
time_bars,2024-05-06 00:00:00+00:00,288,39,5,0.04225900724370265,0.13541666666666666,0.017361111111111112,0.0007738402317552284,0.0008394895903290799,-1.329517494050466,4.440186790997201,785
time_bars,2024-05-07 00:00:00+00:00,288,26,2,0.033183320420713855,0.09027777777777778,0.006944444444444444,0.0005158934878368189,0.000335795836131632,-1.3500026056820251,3.4579631878724113,1134
time_bars,2024-05-08 00:00:00+00:00,288,26,2,0.034142578159988196,0.09027777777777778,0.006944444444444444,0.0005158934878368189,0.000335795836131632,-1.8438173970752727,3.4747133495604174,1127
time_bars,2024-05-09 00:00:00+00:00,288,25,2,0.03329300862599645,0.08680555555555555,0.006944444444444444,0.0004960514306123259,0.000335795836131632,3.047060414856175,4.67385939519535,723
time_bars,2024-05-10 00:00:00+00:00,288,30,3,0.037304057763909396,0.10416666666666667,0.010416666666666666,0.000595261716734791,0.0005036937541974479,-3.6698535693882226,5.389771398447134,548
time_bars,2024-05-11 00:00:00+00:00,288,5,0,0.02354868903213604,0.017361111111111112,0.0,9.921028612246518e-05,0.0,0.05132119283082036,1.7368633200429817,1843
time_bars,2024-05-12 00:00:00+00:00,288,8,3,0.03319535775506985,0.027777777777777776,0.010416666666666666,0.00015873645779594428,0.0005036937541974479,1.0577123922894385,2.111237365064387,1684
time_bars,2024-05-13 00:00:00+00:00,288,37,6,0.03879165150286115,0.1284722222222222,0.020833333333333332,0.0007341561173062423,0.0010073875083948958,2.3421923994940905,4.332749510593479,808
time_bars,2024-05-14 00:00:00+00:00,288,22,3,0.033553519495852724,0.0763888888888889,0.010416666666666666,0.00043652525893884676,0.0005036937541974479,-2.188212748907646,3.4660574455578845,1131
time_bars,2024-05-15 00:00:00+00:00,288,45,7,0.033485773897432555,0.15625,0.024305555555555556,0.0008928925751021866,0.0011752854264607119,7.245081659934955,8.025683354687525,209
time_bars,2024-05-16 00:00:00+00:00,288,24,2,0.02885238734999988,0.08333333333333333,0.006944444444444444,0.00047620937338783287,0.000335795836131632,-1.4577888190382038,3.39996361884735,1159
time_bars,2024-05-17 00:00:00+00:00,288,29,4,0.03332331243315442,0.10069444444444445,0.013888888888888888,0.000575419659510298,0.000671591672263264,2.6663162882775677,3.532555456792455,1098
time_bars,2024-05-18 00:00:00+00:00,288,4,2,0.026681845165994755,0.013888888888888888,0.006944444444444444,7.936822889797214e-05,0.000335795836131632,-0.1420835723162587,1.2511771907972433,1969
time_bars,2024-05-19 00:00:00+00:00,288,12,7,0.04059780335796784,0.041666666666666664,0.024305555555555556,0.00023810468669391643,0.0011752854264607119,-0.9697779577929961,2.8602978743594116,1382
time_bars,2024-05-20 00:00:00+00:00,288,47,9,0.04539223040270004,0.16319444444444445,0.03125,0.0009325766895511726,0.0015110812625923438,7.595335637129959,8.23301853067569,192
time_bars,2024-05-21 00:00:00+00:00,288,20,0,0.026466919954793514,0.06944444444444445,0.0,0.0003968411444898607,0.0,-1.832504064365037,4.200523536456018,855
time_bars,2024-05-22 00:00:00+00:00,288,16,2,0.03153555498710192,0.05555555555555555,0.006944444444444444,0.00031747291559188856,0.000335795836131632,-1.3625506556647589,2.837865285266408,1394
time_bars,2024-05-23 00:00:00+00:00,288,31,5,0.03907979501097214,0.1076388888888889,0.017361111111111112,0.0006151037739592841,0.0008394895903290799,-1.7772046200255358,5.837305808358488,449
time_bars,2024-05-24 00:00:00+00:00,288,16,1,0.025098585581654266,0.05555555555555555,0.003472222222222222,0.00031747291559188856,0.000167897918065816,0.8554494854623041,3.877244593810868,965
time_bars,2024-05-25 00:00:00+00:00,288,2,1,0.02561036393160781,0.006944444444444444,0.003472222222222222,3.968411444898607e-05,0.000167897918065816,1.0593405441384285,1.5912429072131955,1887
time_bars,2024-05-26 00:00:00+00:00,288,4,3,0.03279555446290312,0.013888888888888888,0.010416666666666666,7.936822889797214e-05,0.0005036937541974479,-1.1465692631694593,2.084066678887915,1695
time_bars,2024-05-27 00:00:00+00:00,288,23,6,0.04127361287399199,0.0798611111111111,0.020833333333333332,0.0004563673161633398,0.0010073875083948958,1.35841956688033,3.569528813010507,1086
time_bars,2024-05-28 00:00:00+00:00,288,24,5,0.034357143704842046,0.08333333333333333,0.017361111111111112,0.00047620937338783287,0.0008394895903290799,-1.480788757893365,3.439889900179311,1142
time_bars,2024-05-29 00:00:00+00:00,288,14,2,0.02941646879764757,0.04861111111111111,0.006944444444444444,0.0002777888011429025,0.000335795836131632,-1.1073587872145987,2.724250642617351,1436
time_bars,2024-05-30 00:00:00+00:00,288,23,1,0.03578211201084078,0.0798611111111111,0.003472222222222222,0.0004563673161633398,0.000167897918065816,1.0518190604031201,3.5135572912112987,1106
time_bars,2024-05-31 00:00:00+00:00,288,20,3,0.03174273050676326,0.06944444444444445,0.010416666666666666,0.0003968411444898607,0.0005036937541974479,-1.2129829080988892,3.5052804133122457,1113
time_bars,2024-06-01 00:00:00+00:00,288,0,0,0.019074249036967625,0.0,0.0,0.0,0.0,0.32693889457105385,0.6734827843078016,2051
time_bars,2024-06-02 00:00:00+00:00,288,8,5,0.046376488727761914,0.027777777777777776,0.017361111111111112,0.00015873645779594428,0.0008394895903290799,0.009881634253364618,1.8398336434595282,1807
time_bars,2024-06-03 00:00:00+00:00,288,26,10,0.04421968662526246,0.09027777777777778,0.034722222222222224,0.0005158934878368189,0.0016789791806581598,1.5301347218238928,3.9570283787291145,928
time_bars,2024-06-04 00:00:00+00:00,288,32,5,0.03571758145690776,0.1111111111111111,0.017361111111111112,0.0006349458311837771,0.0008394895903290799,2.4797711623991003,3.6512791013607853,1054
time_bars,2024-06-05 00:00:00+00:00,288,15,3,0.03482200261621084,0.052083333333333336,0.010416666666666666,0.0002976308583673955,0.0005036937541974479,0.7808763348748099,1.9695816932532306,1751
time_bars,2024-06-06 00:00:00+00:00,288,14,3,0.03306883183371231,0.04861111111111111,0.010416666666666666,0.0002777888011429025,0.0005036937541974479,-0.4272941830340916,2.274724411526223,1619
time_bars,2024-06-07 00:00:00+00:00,288,29,6,0.038926159025459865,0.10069444444444445,0.020833333333333332,0.000575419659510298,0.0010073875083948958,-2.072723928564653,5.321820030665104,572
time_bars,2024-06-08 00:00:00+00:00,288,0,0,0.013636738781413967,0.0,0.0,0.0,0.0,-0.0439723629975434,0.6070365794510894,2059
time_bars,2024-06-09 00:00:00+00:00,288,3,1,0.037527471355047554,0.010416666666666666,0.003472222222222222,5.952617167347911e-05,0.000167897918065816,0.461106449033633,1.034251410223721,2014
time_bars,2024-06-10 00:00:00+00:00,288,10,6,0.042021308637343366,0.034722222222222224,0.020833333333333332,0.00019842057224493036,0.0010073875083948958,-0.15571829632755294,1.4653417071228452,1916
time_bars,2024-06-11 00:00:00+00:00,288,29,10,0.041134804243769314,0.10069444444444445,0.034722222222222224,0.000575419659510298,0.0016789791806581598,-3.2704670676251197,5.310982531394833,575
time_bars,2024-06-12 00:00:00+00:00,288,33,8,0.034166674375673,0.11458333333333333,0.027777777777777776,0.0006547878884082701,0.001343183344526528,1.4008543798358317,4.539728595206261,757
time_bars,2024-06-13 00:00:00+00:00,288,19,0,0.02591148360131934,0.06597222222222222,0.0,0.00037699908726536766,0.0,-2.1967872210694903,3.495270482873601,1118
time_bars,2024-06-14 00:00:00+00:00,288,22,4,0.03515816979308575,0.0763888888888889,0.013888888888888888,0.00043652525893884676,0.000671591672263264,-1.124937988556596,3.4954762741335155,1117
time_bars,2024-06-15 00:00:00+00:00,288,0,0,0.018472695719604748,0.0,0.0,0.0,0.0,0.2631313832313954,1.030522350487593,2016
time_bars,2024-06-16 00:00:00+00:00,288,3,3,0.04142749634640359,0.010416666666666666,0.010416666666666666,5.952617167347911e-05,0.0005036937541974479,0.6621668496886911,1.4261847901664617,1927
time_bars,2024-06-17 00:00:00+00:00,288,23,4,0.051069095527490706,0.0798611111111111,0.013888888888888888,0.0004563673161633398,0.000671591672263264,-0.27252476198579356,3.3025728447862432,1196
time_bars,2024-06-18 00:00:00+00:00,288,32,5,0.033554882134365,0.1111111111111111,0.017361111111111112,0.0006349458311837771,0.0008394895903290799,-2.0090007183521643,3.905107329684658,946
time_bars,2024-06-19 00:00:00+00:00,288,2,1,0.023448045574679575,0.006944444444444444,0.003472222222222222,3.968411444898607e-05,0.000167897918065816,-0.33255593421865004,1.7065624632426204,1848
time_bars,2024-06-20 00:00:00+00:00,288,21,3,0.039653299811655815,0.07291666666666667,0.010416666666666666,0.00041668320171435377,0.0005036937541974479,-0.12266196459520765,2.9637340538558448,1338
time_bars,2024-06-21 00:00:00+00:00,288,15,2,0.03662944758087348,0.052083333333333336,0.006944444444444444,0.0002976308583673955,0.000335795836131632,-1.131988083469372,2.638906500946141,1469
time_bars,2024-06-22 00:00:00+00:00,288,0,0,0.015540408921351532,0.0,0.0,0.0,0.0,0.1805801333784673,0.940866109171448,2027
time_bars,2024-06-23 00:00:00+00:00,288,3,3,0.04571355780408155,0.010416666666666666,0.010416666666666666,5.952617167347911e-05,0.0005036937541974479,-1.640402460564384,2.1344000648491512,1669
time_bars,2024-06-24 00:00:00+00:00,288,55,12,0.05339297006762846,0.1909722222222222,0.041666666666666664,0.001091313147347117,0.0020147750167897917,-4.732940477349441,8.459081262912964,175
time_bars,2024-06-25 00:00:00+00:00,288,20,3,0.028471317618131004,0.06944444444444445,0.010416666666666666,0.0003968411444898607,0.0005036937541974479,2.4651538808398223,3.615694323723812,1065
time_bars,2024-06-26 00:00:00+00:00,288,7,0,0.031000176112502918,0.024305555555555556,0.0,0.00013889440057145126,0.0,-1.4967907746850349,2.8730202743239412,1377
time_bars,2024-06-27 00:00:00+00:00,288,15,2,0.03169303391008106,0.052083333333333336,0.006944444444444444,0.0002976308583673955,0.000335795836131632,1.3414366568090212,2.8862504011888674,1371
time_bars,2024-06-28 00:00:00+00:00,288,15,2,0.03047302854179255,0.052083333333333336,0.006944444444444444,0.0002976308583673955,0.000335795836131632,-2.0511414614545043,3.544161127457383,1093
time_bars,2024-06-29 00:00:00+00:00,288,1,0,0.02221184319081832,0.003472222222222222,0.0,1.9842057224493035e-05,0.0,0.9102937198359221,1.3679168114808582,1937
time_bars,2024-06-30 00:00:00+00:00,288,13,9,0.0438195668527894,0.04513888888888889,0.03125,0.00025794674391840946,0.0015110812625923438,2.8826587821713607,3.80352141381269,993
time_bars,2024-07-01 00:00:00+00:00,288,13,6,0.03065913303026252,0.04513888888888889,0.020833333333333332,0.00025794674391840946,0.0010073875083948958,0.1870279582851744,2.1319164525926024,1673
time_bars,2024-07-02 00:00:00+00:00,288,8,2,0.02950382636335546,0.027777777777777776,0.006944444444444444,0.00015873645779594428,0.000335795836131632,-1.216103967739664,2.3729168123172295,1588
time_bars,2024-07-03 00:00:00+00:00,288,27,7,0.03811503957980693,0.09375,0.024305555555555556,0.0005357355450613119,0.0011752854264607119,-3.131910540500402,4.90139432645084,659
time_bars,2024-07-04 00:00:00+00:00,288,32,6,0.04545015714749917,0.1111111111111111,0.020833333333333332,0.0006349458311837771,0.0010073875083948958,-5.394902690906106,6.73413434484784,324
time_bars,2024-07-05 00:00:00+00:00,288,41,3,0.03840229537159856,0.1423611111111111,0.010416666666666666,0.0008135243462042144,0.0005036937541974479,-0.7760653041897858,7.587599974651245,245
time_bars,2024-07-06 00:00:00+00:00,288,13,4,0.024665873921697667,0.04513888888888889,0.013888888888888888,0.00025794674391840946,0.000671591672263264,2.806467714466272,4.319631644294125,814
time_bars,2024-07-07 00:00:00+00:00,288,13,3,0.03990235836677834,0.04513888888888889,0.010416666666666666,0.00025794674391840946,0.0005036937541974479,-4.183275148705296,4.828723640081136,680
time_bars,2024-07-08 00:00:00+00:00,288,50,8,0.04554724605673338,0.1736111111111111,0.027777777777777776,0.0009921028612246518,0.001343183344526528,1.5205052377467345,7.040955934611462,289
time_bars,2024-07-09 00:00:00+00:00,288,21,2,0.027995532329038144,0.07291666666666667,0.006944444444444444,0.00041668320171435377,0.000335795836131632,2.3308607511313513,3.55245881325356,1090
time_bars,2024-07-10 00:00:00+00:00,288,17,2,0.029860108557205303,0.059027777777777776,0.006944444444444444,0.0003373149728163816,0.000335795836131632,-0.546272380427458,3.9887045556641207,919
time_bars,2024-07-11 00:00:00+00:00,288,31,6,0.03732968063309372,0.1076388888888889,0.020833333333333332,0.0006151037739592841,0.0010073875083948958,-0.6807390064719272,4.709371168734424,712
time_bars,2024-07-12 00:00:00+00:00,288,12,1,0.030056234213486004,0.041666666666666664,0.003472222222222222,0.00023810468669391643,0.000167897918065816,0.9624532885643263,3.4784346175477348,1125
time_bars,2024-07-13 00:00:00+00:00,288,15,6,0.02887063953583273,0.052083333333333336,0.020833333333333332,0.0002976308583673955,0.0010073875083948958,2.228314064320424,3.6088714047991792,1069
time_bars,2024-07-14 00:00:00+00:00,288,21,3,0.036321910273105634,0.07291666666666667,0.010416666666666666,0.00041668320171435377,0.0005036937541974479,2.654985573314841,3.7298520351323283,1015
time_bars,2024-07-15 00:00:00+00:00,288,40,5,0.03437590249666886,0.1388888888888889,0.017361111111111112,0.0007936822889797214,0.0008394895903290799,6.243088907444477,6.772829713396722,321
time_bars,2024-07-16 00:00:00+00:00,288,41,3,0.03791964427508777,0.1423611111111111,0.010416666666666666,0.0008135243462042144,0.0005036937541974479,0.5079793112649359,4.757508326291609,698
time_bars,2024-07-17 00:00:00+00:00,288,27,0,0.031387693867356826,0.09375,0.0,0.0005357355450613119,0.0,-1.4788086859035126,3.505511990457551,1111
time_bars,2024-07-18 00:00:00+00:00,288,23,3,0.036329673142893155,0.0798611111111111,0.010416666666666666,0.0004563673161633398,0.0005036937541974479,-0.14982540100849437,3.0651985833724757,1294
time_bars,2024-07-19 00:00:00+00:00,288,44,3,0.03850938869805196,0.1527777777777778,0.010416666666666666,0.0008730505178776935,0.0005036937541974479,4.086552077747664,6.274171547106546,391
time_bars,2024-07-20 00:00:00+00:00,288,9,4,0.02848965410484107,0.03125,0.013888888888888888,0.00017857851502043733,0.000671591672263264,0.6995059313860728,2.2265690639177294,1639
time_bars,2024-07-21 00:00:00+00:00,288,29,9,0.04250674007052638,0.10069444444444445,0.03125,0.000575419659510298,0.0015110812625923438,1.541659240948521,3.8799448651457125,961
time_bars,2024-07-22 00:00:00+00:00,288,14,0,0.028770050316902177,0.04861111111111111,0.0,0.0002777888011429025,0.0,-0.9419314510177348,2.84630205784582,1391
time_bars,2024-07-23 00:00:00+00:00,288,38,2,0.03312973251856793,0.13194444444444445,0.006944444444444444,0.0007539981745307353,0.000335795836131632,-2.3728473496938194,3.4744357798653285,1128
time_bars,2024-07-24 00:00:00+00:00,288,20,2,0.03304230462470439,0.06944444444444445,0.006944444444444444,0.0003968411444898607,0.000335795836131632,-0.8616073614810023,3.098460353032884,1281
time_bars,2024-07-25 00:00:00+00:00,288,27,5,0.032327657251193256,0.09375,0.017361111111111112,0.0005357355450613119,0.0008394895903290799,0.6441268208554256,4.147639995705731,873
time_bars,2024-07-26 00:00:00+00:00,288,21,2,0.027742499679648615,0.07291666666666667,0.006944444444444444,0.00041668320171435377,0.000335795836131632,3.1568849612706584,3.7525259751424613,1010
time_bars,2024-07-27 00:00:00+00:00,288,42,12,0.04363479834192746,0.14583333333333334,0.041666666666666664,0.0008333664034287075,0.0020147750167897917,-0.012817084749524974,4.055076621254105,899
time_bars,2024-07-28 00:00:00+00:00,288,1,0,0.018050404398000323,0.003472222222222222,0.0,1.9842057224493035e-05,0.0,0.5023186537986044,1.8665060807542568,1797
time_bars,2024-07-29 00:00:00+00:00,288,51,13,0.04294930413964832,0.17708333333333334,0.04513888888888889,0.0010119449184491447,0.002182672934855608,-2.171751447379633,5.4469852380387165,530
time_bars,2024-07-30 00:00:00+00:00,288,18,2,0.032851766547643484,0.0625,0.006944444444444444,0.00035715703004087466,0.000335795836131632,-0.8890325158239182,2.5898978290092063,1489
time_bars,2024-07-31 00:00:00+00:00,288,27,2,0.03601708576744881,0.09375,0.006944444444444444,0.0005357355450613119,0.000335795836131632,-2.3809592448688828,3.542529030010672,1094
time_bars,2024-08-01 00:00:00+00:00,288,41,7,0.03875841592437851,0.1423611111111111,0.024305555555555556,0.0008135243462042144,0.0011752854264607119,1.1192236939692266,5.28385611331519,581
time_bars,2024-08-02 00:00:00+00:00,288,40,0,0.03903208498250002,0.1388888888888889,0.0,0.0007936822889797214,0.0,-6.066394279950852,6.90745672291783,308
time_bars,2024-08-03 00:00:00+00:00,288,23,1,0.030433827059047205,0.0798611111111111,0.003472222222222222,0.0004563673161633398,0.000167897918065816,-1.3082139910666222,3.880256554108369,960
time_bars,2024-08-04 00:00:00+00:00,288,37,4,0.03399489540720404,0.1284722222222222,0.013888888888888888,0.0007341561173062423,0.000671591672263264,-4.275701973967161,6.858722587653576,315
time_bars,2024-08-05 00:00:00+00:00,288,49,5,0.05762672505605647,0.1701388888888889,0.017361111111111112,0.0009722608040001587,0.0008394895903290799,-7.388983919241765,17.58454006865701,22
time_bars,2024-08-06 00:00:00+00:00,288,17,0,0.022180461741077188,0.059027777777777776,0.0,0.0003373149728163816,0.0,3.614567625107416,5.544975790496455,512
time_bars,2024-08-07 00:00:00+00:00,288,33,3,0.028003657028264864,0.11458333333333333,0.010416666666666666,0.0006547878884082701,0.0005036937541974479,-1.5993975170297892,5.667590389831294,485
time_bars,2024-08-08 00:00:00+00:00,288,40,5,0.027571435962983722,0.1388888888888889,0.017361111111111112,0.0007936822889797214,0.0008394895903290799,11.242983250601856,13.75955614350182,46
time_bars,2024-08-09 00:00:00+00:00,288,24,1,0.03123826260826207,0.08333333333333333,0.003472222222222222,0.00047620937338783287,0.000167897918065816,-1.3900952521035257,3.672892343947502,1041
time_bars,2024-08-10 00:00:00+00:00,288,3,1,0.021824348479404836,0.010416666666666666,0.003472222222222222,5.952617167347911e-05,0.000167897918065816,0.1336088975530269,2.0410297651198306,1715
time_bars,2024-08-11 00:00:00+00:00,288,26,8,0.04794656071569773,0.09027777777777778,0.027777777777777776,0.0005158934878368189,0.001343183344526528,-3.6743499926996805,6.229759303335822,396
time_bars,2024-08-12 00:00:00+00:00,288,46,1,0.044944624324013756,0.1597222222222222,0.003472222222222222,0.0009127346323266796,0.000167897918065816,1.0685030146814787,5.160045887133923,601
time_bars,2024-08-13 00:00:00+00:00,288,31,2,0.032311445002143384,0.1076388888888889,0.006944444444444444,0.0006151037739592841,0.000335795836131632,2.0468838711647614,5.313789090767425,574
time_bars,2024-08-14 00:00:00+00:00,288,36,1,0.03354600731442839,0.125,0.003472222222222222,0.0007143140600817493,0.000167897918065816,-3.192089708011909,5.779146482083585,456
time_bars,2024-08-15 00:00:00+00:00,288,48,7,0.037044604907877504,0.16666666666666666,0.024305555555555556,0.0009524187467756657,0.0011752854264607119,-1.9578945153026792,6.654208717245661,333
time_bars,2024-08-16 00:00:00+00:00,288,20,2,0.02956184971733691,0.06944444444444445,0.006944444444444444,0.0003968411444898607,0.000335795836131632,2.309712012094316,4.653435397772483,730
time_bars,2024-08-17 00:00:00+00:00,288,1,0,0.01893647215540956,0.003472222222222222,0.0,1.9842057224493035e-05,0.0,1.037166782697537,1.5546541537954681,1896
time_bars,2024-08-18 00:00:00+00:00,288,11,6,0.044856443562734286,0.03819444444444445,0.020833333333333332,0.00021826262946942338,0.0010073875083948958,-1.8302118303543373,3.2008938304440036,1246
time_bars,2024-08-19 00:00:00+00:00,288,25,8,0.0395264169488285,0.08680555555555555,0.027777777777777776,0.0004960514306123259,0.001343183344526528,1.7122618608492353,3.1287228217268073,1268
time_bars,2024-08-20 00:00:00+00:00,288,31,5,0.03120324311240082,0.1076388888888889,0.017361111111111112,0.0006151037739592841,0.0008394895903290799,-0.7019718590616023,4.813623864502574,684
time_bars,2024-08-21 00:00:00+00:00,288,37,3,0.03775204872317644,0.1284722222222222,0.010416666666666666,0.0007341561173062423,0.0005036937541974479,3.5594964289017565,5.087271451164561,616
time_bars,2024-08-22 00:00:00+00:00,288,22,1,0.026449649646444542,0.0763888888888889,0.003472222222222222,0.00043652525893884676,0.000167897918065816,-1.267985431692582,2.8322792894926767,1396
time_bars,2024-08-23 00:00:00+00:00,288,42,12,0.038978435097393946,0.14583333333333334,0.041666666666666664,0.0008333664034287075,0.0020147750167897917,5.903468198728656,7.503029084999991,252
time_bars,2024-08-24 00:00:00+00:00,288,7,0,0.023183707269040447,0.024305555555555556,0.0,0.00013889440057145126,0.0,0.15062065569731622,1.4841453964023894,1910
time_bars,2024-08-25 00:00:00+00:00,288,6,4,0.03108770483337644,0.020833333333333332,0.013888888888888888,0.00011905234334695822,0.000671591672263264,0.11472503105462258,2.2406289448760237,1634
time_bars,2024-08-26 00:00:00+00:00,288,15,4,0.040171725102236926,0.052083333333333336,0.013888888888888888,0.0002976308583673955,0.000671591672263264,-2.1772907937320065,2.681795232037568,1448
time_bars,2024-08-27 00:00:00+00:00,288,38,10,0.04428235356591479,0.13194444444444445,0.034722222222222224,0.0007539981745307353,0.0016789791806581598,-5.604442786677939,8.703669536824226,158
time_bars,2024-08-28 00:00:00+00:00,288,34,1,0.030836548174685088,0.11805555555555555,0.003472222222222222,0.0006746299456327632,0.000167897918065816,-0.6324644544579517,4.030107020829781,905
time_bars,2024-08-29 00:00:00+00:00,288,32,4,0.029772951177496565,0.1111111111111111,0.013888888888888888,0.0006349458311837771,0.000671591672263264,0.5293539452366133,4.157363422561092,870
time_bars,2024-08-30 00:00:00+00:00,288,29,1,0.032547962296668814,0.10069444444444445,0.003472222222222222,0.000575419659510298,0.000167897918065816,-0.38338295019034857,4.070558618053016,894
time_bars,2024-08-31 00:00:00+00:00,288,0,0,0.018612635914245133,0.0,0.0,0.0,0.0,-0.2617795888800589,1.2460376560050124,1971
time_bars,2024-09-01 00:00:00+00:00,288,32,8,0.052128880049203,0.1111111111111111,0.027777777777777776,0.0006349458311837771,0.001343183344526528,-2.88084632899218,3.3223427900253677,1187
time_bars,2024-09-02 00:00:00+00:00,288,14,2,0.02945749564696354,0.04861111111111111,0.006944444444444444,0.0002777888011429025,0.000335795836131632,3.169189151636832,3.9819758436490216,922
time_bars,2024-09-03 00:00:00+00:00,288,20,4,0.03148370989053358,0.06944444444444445,0.013888888888888888,0.0003968411444898607,0.000671591672263264,-2.848925690377308,4.2188819932842,848
time_bars,2024-09-04 00:00:00+00:00,288,29,1,0.030775751281928443,0.10069444444444445,0.003472222222222222,0.000575419659510298,0.000167897918065816,0.8541016661939007,5.165323320183872,600
time_bars,2024-09-05 00:00:00+00:00,288,32,3,0.03347004587391113,0.1111111111111111,0.010416666666666666,0.0006349458311837771,0.0005036937541974479,-3.154073556721751,4.774302481193988,692
time_bars,2024-09-06 00:00:00+00:00,288,39,4,0.03250327924703292,0.13541666666666666,0.013888888888888888,0.0007738402317552284,0.000671591672263264,-4.0305837101486075,8.20324051075401,194
time_bars,2024-09-07 00:00:00+00:00,288,4,0,0.0192940905976917,0.013888888888888888,0.0,7.936822889797214e-05,0.0,0.3834818964576524,2.0180296642949362,1726
time_bars,2024-09-08 00:00:00+00:00,288,11,3,0.03987021546263815,0.03819444444444445,0.010416666666666666,0.00021826262946942338,0.0005036937541974479,1.2933481194099756,3.1289141091035764,1267
time_bars,2024-09-09 00:00:00+00:00,288,35,5,0.03474593993849444,0.12152777777777778,0.017361111111111112,0.0006944720028572562,0.0008394895903290799,3.881413032200267,6.383488085894197,369
time_bars,2024-09-10 00:00:00+00:00,288,22,1,0.030938975501698274,0.0763888888888889,0.003472222222222222,0.00043652525893884676,0.000167897918065816,1.0452096214281326,2.923783061996767,1356
time_bars,2024-09-11 00:00:00+00:00,288,37,5,0.03572954691880439,0.1284722222222222,0.017361111111111112,0.0007341561173062423,0.0008394895903290799,-0.5276946889176181,4.299963729748025,823
time_bars,2024-09-12 00:00:00+00:00,288,24,1,0.02700736779085182,0.08333333333333333,0.003472222222222222,0.00047620937338783287,0.000167897918065816,1.374359810070109,2.2841676927578,1615
time_bars,2024-09-13 00:00:00+00:00,288,31,5,0.03327684531859257,0.1076388888888889,0.017361111111111112,0.0006151037739592841,0.0008394895903290799,3.980338723338467,5.082699128990834,618
time_bars,2024-09-14 00:00:00+00:00,288,5,2,0.02248033978608731,0.017361111111111112,0.006944444444444444,9.921028612246518e-05,0.000335795836131632,-0.8174753753959476,2.0225314840593245,1725
time_bars,2024-09-15 00:00:00+00:00,288,11,9,0.0428288776584229,0.03819444444444445,0.03125,0.00021826262946942338,0.0015110812625923438,-1.450332986825912,2.88265800802553,1373
time_bars,2024-09-16 00:00:00+00:00,288,26,1,0.037366763084882154,0.09027777777777778,0.003472222222222222,0.0005158934878368189,0.000167897918065816,-1.557742252363351,2.977022261095803,1332
time_bars,2024-09-17 00:00:00+00:00,288,34,6,0.03902818381120579,0.11805555555555555,0.020833333333333332,0.0006746299456327632,0.0010073875083948958,3.535500078134247,6.318556389251693,381
time_bars,2024-09-18 00:00:00+00:00,288,28,3,0.034281534020144014,0.09722222222222222,0.010416666666666666,0.000555577602285805,0.0005036937541974479,2.3838927617074943,4.346316519513273,804
time_bars,2024-09-19 00:00:00+00:00,288,27,1,0.02713177160810262,0.09375,0.003472222222222222,0.0005357355450613119,0.000167897918065816,1.9117844753796014,3.6634998350044543,1046
time_bars,2024-09-20 00:00:00+00:00,288,21,2,0.030068848264082095,0.07291666666666667,0.006944444444444444,0.00041668320171435377,0.000335795836131632,0.39459983035500706,2.8578412298285416,1383
time_bars,2024-09-21 00:00:00+00:00,288,1,1,0.02160838809257631,0.003472222222222222,0.003472222222222222,1.9842057224493035e-05,0.000167897918065816,0.22893942158879999,1.319031868152427,1949
time_bars,2024-09-22 00:00:00+00:00,288,10,5,0.04597903488367842,0.034722222222222224,0.017361111111111112,0.00019842057224493036,0.0008394895903290799,0.3748457639839887,2.629585021426682,1475
time_bars,2024-09-23 00:00:00+00:00,288,26,4,0.03760975801546279,0.09027777777777778,0.013888888888888888,0.0005158934878368189,0.000671591672263264,-0.4043817414147356,3.442763030885749,1140
time_bars,2024-09-24 00:00:00+00:00,288,22,3,0.0382186186352796,0.0763888888888889,0.010416666666666666,0.00043652525893884676,0.0005036937541974479,1.4755821056888618,3.1062328903419028,1278
time_bars,2024-09-25 00:00:00+00:00,288,8,2,0.031826962724209325,0.027777777777777776,0.006944444444444444,0.00015873645779594428,0.000335795836131632,-1.7663553924487807,2.960046977629068,1340
time_bars,2024-09-26 00:00:00+00:00,288,36,9,0.036443612755075044,0.125,0.03125,0.0007143140600817493,0.0015110812625923438,3.1515775183705776,4.930519038969134,649
time_bars,2024-09-27 00:00:00+00:00,288,13,1,0.02718163467862271,0.04513888888888889,0.003472222222222222,0.00025794674391840946,0.000167897918065816,0.9328604031994332,2.5329384135104025,1519
time_bars,2024-09-28 00:00:00+00:00,288,2,2,0.0294403181661071,0.006944444444444444,0.006944444444444444,3.968411444898607e-05,0.000335795836131632,0.11111779400264901,1.3204847314565114,1948
time_bars,2024-09-29 00:00:00+00:00,288,1,1,0.03586938343524833,0.003472222222222222,0.003472222222222222,1.9842057224493035e-05,0.000167897918065816,-0.38754664505904807,1.0030565015857886,2021
time_bars,2024-09-30 00:00:00+00:00,288,36,10,0.04472630655430004,0.125,0.034722222222222224,0.0007143140600817493,0.0016789791806581598,-3.506174362897294,4.305186623675347,821
time_bars,2024-10-01 00:00:00+00:00,288,45,8,0.039714985713043535,0.15625,0.027777777777777776,0.0008928925751021866,0.001343183344526528,-4.081936193330405,6.384996318171359,368
time_bars,2024-10-02 00:00:00+00:00,288,28,1,0.035042436094876596,0.09722222222222222,0.003472222222222222,0.000555577602285805,0.000167897918065816,-0.2538730993778742,3.958488818921946,926
time_bars,2024-10-03 00:00:00+00:00,288,30,1,0.02817289471193526,0.10416666666666667,0.003472222222222222,0.000595261716734791,0.000167897918065816,0.17222927391198145,2.700968031590513,1442
time_bars,2024-10-04 00:00:00+00:00,288,23,0,0.029559571291861098,0.0798611111111111,0.0,0.0004563673161633398,0.0,2.162136326973194,3.2926405894251976,1208
time_bars,2024-10-05 00:00:00+00:00,288,0,0,0.025100510760970845,0.0,0.0,0.0,0.0,-0.05029119026929067,1.1226648657458067,1998
time_bars,2024-10-06 00:00:00+00:00,288,9,6,0.04063951289690845,0.03125,0.020833333333333332,0.00017857851502043733,0.0010073875083948958,1.2277780492538368,1.896154625891822,1784
time_bars,2024-10-07 00:00:00+00:00,288,39,14,0.04536780911712331,0.13541666666666666,0.04861111111111111,0.0007738402317552284,0.0023505708529214238,-0.9577613281183242,3.724786523619631,1019
time_bars,2024-10-08 00:00:00+00:00,288,15,1,0.030771734052410002,0.052083333333333336,0.003472222222222222,0.0002976308583673955,0.000167897918065816,-0.09475372384011177,2.1481499896472744,1664
time_bars,2024-10-09 00:00:00+00:00,288,27,4,0.03328536840687036,0.09375,0.013888888888888888,0.0005357355450613119,0.000671591672263264,-2.4857437107361386,3.6966793699889506,1027
time_bars,2024-10-10 00:00:00+00:00,288,27,5,0.03663586266581717,0.09375,0.017361111111111112,0.0005357355450613119,0.0008394895903290799,-0.5179520179521542,3.9889811445932004,918
time_bars,2024-10-11 00:00:00+00:00,288,33,4,0.03229777985883629,0.11458333333333333,0.013888888888888888,0.0006547878884082701,0.000671591672263264,3.6089559926619037,5.415642959552222,537
time_bars,2024-10-12 00:00:00+00:00,288,2,0,0.025765454077929465,0.006944444444444444,0.0,3.968411444898607e-05,0.0,1.061393581992892,1.595642515682234,1886
time_bars,2024-10-13 00:00:00+00:00,288,8,4,0.041946306704933746,0.027777777777777776,0.013888888888888888,0.00015873645779594428,0.000671591672263264,-0.5335851499111286,1.9796304205199793,1745
time_bars,2024-10-14 00:00:00+00:00,288,34,11,0.04035841146759292,0.11805555555555555,0.03819444444444445,0.0006746299456327632,0.0018468770987239758,5.005055285750207,6.381232833403034,370
time_bars,2024-10-15 00:00:00+00:00,288,41,6,0.0424269525128542,0.1423611111111111,0.020833333333333332,0.0008135243462042144,0.0010073875083948958,1.4713019617436884,4.795633975665877,688
time_bars,2024-10-16 00:00:00+00:00,288,20,1,0.023760833012257197,0.06944444444444445,0.003472222222222222,0.0003968411444898607,0.000167897918065816,0.8140512585531681,2.480511891897119,1546
time_bars,2024-10-17 00:00:00+00:00,288,19,4,0.030675557547621874,0.06597222222222222,0.013888888888888888,0.00037699908726536766,0.000671591672263264,-0.2822359987047164,1.9712827586275314,1749
time_bars,2024-10-18 00:00:00+00:00,288,29,6,0.031022394124079082,0.10069444444444445,0.020833333333333332,0.000575419659510298,0.0010073875083948958,1.4819580351221284,2.6954226082282915,1445
time_bars,2024-10-19 00:00:00+00:00,288,0,0,0.01892255609738821,0.0,0.0,0.0,0.0,-0.07414183364662733,1.0021673678039162,2022
time_bars,2024-10-20 00:00:00+00:00,288,12,6,0.04670052209128977,0.041666666666666664,0.020833333333333332,0.00023810468669391643,0.0010073875083948958,0.9652331645960587,1.9724907049333607,1748
time_bars,2024-10-21 00:00:00+00:00,288,28,5,0.0413626447246936,0.09722222222222222,0.017361111111111112,0.000555577602285805,0.0008394895903290799,-2.4217212645065196,3.9586821044637706,925
time_bars,2024-10-22 00:00:00+00:00,288,18,3,0.032205001028297944,0.0625,0.010416666666666666,0.00035715703004087466,0.0005036937541974479,0.05594505362384613,1.9180189277975948,1773
time_bars,2024-10-23 00:00:00+00:00,288,30,5,0.038983541590202675,0.10416666666666667,0.017361111111111112,0.000595261716734791,0.0008394895903290799,-1.1328417197816985,3.3570321751550116,1175
time_bars,2024-10-24 00:00:00+00:00,288,22,2,0.031610621720075005,0.0763888888888889,0.006944444444444444,0.00043652525893884676,0.000335795836131632,2.2645791139934963,3.4890052448687,1122
time_bars,2024-10-25 00:00:00+00:00,288,35,5,0.04737175596716946,0.12152777777777778,0.017361111111111112,0.0006944720028572562,0.0008394895903290799,-2.2413250618701457,4.752460121974952,699
time_bars,2024-10-26 00:00:00+00:00,288,1,0,0.012710152137757912,0.003472222222222222,0.0,1.9842057224493035e-05,0.0,0.6118111274115792,1.5477199316728385,1898
time_bars,2024-10-27 00:00:00+00:00,288,6,5,0.03842500166334129,0.020833333333333332,0.017361111111111112,0.00011905234334695822,0.0008394895903290799,1.3633697402688902,2.0659608963068496,1702
time_bars,2024-10-28 00:00:00+00:00,286,30,9,0.05103327802688415,0.1048951048951049,0.03146853146853147,0.000595261716734791,0.0015110812625923438,2.8237385163039077,3.982808358575444,921
time_bars,2024-10-29 00:00:00+00:00,288,48,6,0.03544216083646831,0.16666666666666666,0.020833333333333332,0.0009524187467756657,0.0010073875083948958,3.924826390089403,5.478624762040854,526
time_bars,2024-10-30 00:00:00+00:00,288,26,4,0.031243860373266603,0.09027777777777778,0.013888888888888888,0.0005158934878368189,0.000671591672263264,-0.538293445622966,2.133584500340309,1670
time_bars,2024-10-31 00:00:00+00:00,288,24,5,0.030157477654559187,0.08333333333333333,0.017361111111111112,0.00047620937338783287,0.0008394895903290799,-2.8418358929838194,4.2348524068203774,845
time_bars,2024-11-01 00:00:00+00:00,288,51,4,0.03826260675200055,0.17708333333333334,0.013888888888888888,0.0010119449184491447,0.000671591672263264,-1.182127007901266,4.026242791541335,907
time_bars,2024-11-02 00:00:00+00:00,288,1,0,0.020233862707575694,0.003472222222222222,0.0,1.9842057224493035e-05,0.0,-0.18550796753154994,1.2816157468827845,1963
time_bars,2024-11-03 00:00:00+00:00,288,32,9,0.04449904795438555,0.1111111111111111,0.03125,0.0006349458311837771,0.0015110812625923438,-0.8746945453035275,2.845991162035585,1392
time_bars,2024-11-04 00:00:00+00:00,288,21,3,0.039422951012425454,0.07291666666666667,0.010416666666666666,0.00041668320171435377,0.0005036937541974479,-1.3590571474324902,3.940635444734582,936
time_bars,2024-11-05 00:00:00+00:00,288,30,5,0.03858895426422538,0.10416666666666667,0.017361111111111112,0.000595261716734791,0.0008394895903290799,2.2141405648237553,4.46942165465299,781
time_bars,2024-11-06 00:00:00+00:00,288,62,4,0.04076918265517446,0.2152777777777778,0.013888888888888888,0.0012302075479185682,0.000671591672263264,8.597952826424937,9.819355283134309,121
time_bars,2024-11-07 00:00:00+00:00,288,26,2,0.028274083989743015,0.09027777777777778,0.006944444444444444,0.0005158934878368189,0.000335795836131632,0.3691252103738601,3.237811738158025,1227
time_bars,2024-11-08 00:00:00+00:00,288,28,3,0.03060762525455261,0.09722222222222222,0.010416666666666666,0.000555577602285805,0.0005036937541974479,0.817640709694122,2.1035187931648545,1688
time_bars,2024-11-09 00:00:00+00:00,288,9,2,0.026438965358386992,0.03125,0.006944444444444444,0.00017857851502043733,0.000335795836131632,0.2518980185731552,1.6209713572772466,1879
time_bars,2024-11-10 00:00:00+00:00,288,69,11,0.04362811582617526,0.23958333333333334,0.03819444444444445,0.0013691019484900196,0.0018468770987239758,4.756153235452822,6.574643406846527,349
time_bars,2024-11-11 00:00:00+00:00,288,77,2,0.0433784402032979,0.2673611111111111,0.006944444444444444,0.0015278384062859638,0.000335795836131632,9.844835067760787,11.229865917323014,78
time_bars,2024-11-12 00:00:00+00:00,288,39,0,0.04046870022810769,0.13541666666666666,0.0,0.0007738402317552284,0.0,-0.856819860890314,5.605759027824718,499
time_bars,2024-11-13 00:00:00+00:00,288,55,3,0.0380399269426561,0.1909722222222222,0.010416666666666666,0.001091313147347117,0.0005036937541974479,2.737279844082776,8.067909759750886,206
time_bars,2024-11-14 00:00:00+00:00,288,28,0,0.03200658920323676,0.09722222222222222,0.0,0.000555577602285805,0.0,-3.409405790502725,5.749900312034135,463
time_bars,2024-11-15 00:00:00+00:00,288,46,0,0.03085809341385169,0.1597222222222222,0.0,0.0009127346323266796,0.0,4.138277272704026,5.3751784442042485,555
time_bars,2024-11-16 00:00:00+00:00,288,6,0,0.021326505138852234,0.020833333333333332,0.0,0.00011905234334695822,0.0,-0.47469270763602156,1.9012518631464914,1781
time_bars,2024-11-17 00:00:00+00:00,288,24,4,0.03545315488864412,0.08333333333333333,0.013888888888888888,0.00047620937338783287,0.000671591672263264,-0.823409146798192,3.1104869170423193,1274
time_bars,2024-11-18 00:00:00+00:00,288,61,5,0.04395412178614908,0.21180555555555555,0.017361111111111112,0.0012103654906940751,0.0008394895903290799,0.6733673841289823,3.6000617362692804,1074
time_bars,2024-11-19 00:00:00+00:00,288,52,1,0.03427809881762969,0.18055555555555555,0.003472222222222222,0.0010317869756736378,0.000167897918065816,2.0001399647946743,3.8838558636723204,957
time_bars,2024-11-20 00:00:00+00:00,288,33,2,0.029765159306746822,0.11458333333333333,0.006944444444444444,0.0006547878884082701,0.000335795836131632,2.0920913128746483,3.5947181081397677,1078
time_bars,2024-11-21 00:00:00+00:00,288,61,4,0.036053793321381034,0.21180555555555555,0.013888888888888888,0.0012103654906940751,0.000671591672263264,4.23494206570289,5.27421101572314,583
time_bars,2024-11-22 00:00:00+00:00,288,30,0,0.024409932288485047,0.10416666666666667,0.0,0.000595261716734791,0.0,0.5622246651266798,2.499471019397881,1532
time_bars,2024-11-23 00:00:00+00:00,288,10,0,0.030898702950313914,0.034722222222222224,0.0,0.00019842057224493036,0.0,-1.21640782429631,1.7988275610780098,1827
time_bars,2024-11-24 00:00:00+00:00,288,27,3,0.042419075247974725,0.09375,0.010416666666666666,0.0005357355450613119,0.0005036937541974479,0.23997640370982976,2.924706156887112,1354
time_bars,2024-11-25 00:00:00+00:00,288,56,6,0.048134201419089945,0.19444444444444445,0.020833333333333332,0.00111115520457161,0.0010073875083948958,-5.127690768060802,6.610811832142908,344
time_bars,2024-11-26 00:00:00+00:00,288,49,0,0.03608102420198278,0.1701388888888889,0.0,0.0009722608040001587,0.0,-1.1266269818981047,4.516005310057026,767
time_bars,2024-11-27 00:00:00+00:00,288,28,1,0.025432657733433867,0.09722222222222222,0.003472222222222222,0.000555577602285805,0.000167897918065816,4.133795816984544,5.697576002466748,479
time_bars,2024-11-28 00:00:00+00:00,288,10,0,0.03213526057219331,0.034722222222222224,0.0,0.00019842057224493036,0.0,-0.22004230181624407,2.0149358537948814,1728
time_bars,2024-11-29 00:00:00+00:00,288,25,6,0.034311411556732486,0.08680555555555555,0.020833333333333332,0.0004960514306123259,0.0010073875083948958,1.8859762967725873,3.4093941981179947,1154
time_bars,2024-11-30 00:00:00+00:00,288,1,0,0.022910712816736387,0.003472222222222222,0.0,1.9842057224493035e-05,0.0,-1.0733574086825348,1.4169546950671748,1929
time_bars,2024-12-01 00:00:00+00:00,288,6,3,0.03768603733754908,0.020833333333333332,0.010416666666666666,0.00011905234334695822,0.0005036937541974479,0.8154259870848083,2.268394543658108,1621
time_bars,2024-12-02 00:00:00+00:00,288,50,7,0.044572189465348876,0.1736111111111111,0.024305555555555556,0.0009921028612246518,0.0011752854264607119,-1.4232296789723673,4.013701421208812,910
time_bars,2024-12-03 00:00:00+00:00,288,21,3,0.030949665434809006,0.07291666666666667,0.010416666666666666,0.00041668320171435377,0.0005036937541974479,0.023670008905948704,2.9163031023261916,1361
time_bars,2024-12-04 00:00:00+00:00,288,43,5,0.03222833382716215,0.14930555555555555,0.017361111111111112,0.0008532084606532005,0.0008394895903290799,2.833426350372537,4.593410244179776,746
time_bars,2024-12-05 00:00:00+00:00,288,53,6,0.04443266227738935,0.1840277777777778,0.020833333333333332,0.001051629032898131,0.0010073875083948958,-1.705247960712894,14.840471331238714,37
time_bars,2024-12-06 00:00:00+00:00,288,18,1,0.017145499298918662,0.0625,0.003472222222222222,0.00035715703004087466,0.000167897918065816,2.846575989116494,5.605083193332897,500
time_bars,2024-12-07 00:00:00+00:00,288,2,0,0.025332582563761738,0.006944444444444444,0.0,3.968411444898607e-05,0.0,0.0968444510565442,1.627213511563272,1875
time_bars,2024-12-08 00:00:00+00:00,288,9,3,0.03971619578127933,0.03125,0.010416666666666666,0.00017857851502043733,0.0005036937541974479,1.2937079238929625,2.746375411258122,1431
time_bars,2024-12-09 00:00:00+00:00,288,61,4,0.04887867887087341,0.21180555555555555,0.013888888888888888,0.0012103654906940751,0.000671591672263264,-3.879724635281955,7.436937771971626,256
time_bars,2024-12-10 00:00:00+00:00,288,37,2,0.03143243695430895,0.1284722222222222,0.006944444444444444,0.0007341561173062423,0.000335795836131632,-0.7699901152833503,4.2118298721436975,850
time_bars,2024-12-11 00:00:00+00:00,288,27,2,0.027383099210440104,0.09375,0.006944444444444444,0.0005357355450613119,0.000335795836131632,4.565889942912582,6.309995422499439,384
time_bars,2024-12-12 00:00:00+00:00,288,26,3,0.033970313966207207,0.09027777777777778,0.010416666666666666,0.0005158934878368189,0.0005036937541974479,-1.126727938969159,3.229120716819983,1232
time_bars,2024-12-13 00:00:00+00:00,288,20,1,0.028049929167888454,0.06944444444444445,0.003472222222222222,0.0003968411444898607,0.000167897918065816,1.3802762114828147,2.7062761707385876,1439
time_bars,2024-12-14 00:00:00+00:00,288,9,3,0.027068999024632254,0.03125,0.010416666666666666,0.00017857851502043733,0.0005036937541974479,0.008976443746173358,2.045565911922088,1711
time_bars,2024-12-15 00:00:00+00:00,288,25,12,0.04417498016651536,0.08680555555555555,0.041666666666666664,0.0004960514306123259,0.0020147750167897917,2.9922355343713636,4.042187535286001,902
time_bars,2024-12-16 00:00:00+00:00,288,42,6,0.03854686933203463,0.14583333333333334,0.020833333333333332,0.0008333664034287075,0.0010073875083948958,1.4848928570651623,4.276965143748297,827
time_bars,2024-12-17 00:00:00+00:00,288,25,0,0.032281536158861604,0.08680555555555555,0.0,0.0004960514306123259,0.0,0.04846820759691567,2.9164294274397196,1360
time_bars,2024-12-18 00:00:00+00:00,288,50,3,0.044599867134477944,0.1736111111111111,0.010416666666666666,0.0009921028612246518,0.0005036937541974479,-5.716307205971014,6.331930736618855,378
time_bars,2024-12-19 00:00:00+00:00,288,49,3,0.039575797088441146,0.1701388888888889,0.010416666666666666,0.0009722608040001587,0.0005036937541974479,-2.7801215250857303,7.134222613343042,282
time_bars,2024-12-20 00:00:00+00:00,288,43,0,0.03147908208332262,0.14930555555555555,0.0,0.0008532084606532005,0.0,0.3382197880159837,6.269676202563593,392
time_bars,2024-12-21 00:00:00+00:00,288,17,0,0.028058711665460763,0.059027777777777776,0.0,0.0003373149728163816,0.0,-0.5155213561677984,3.176004714771773,1256
time_bars,2024-12-22 00:00:00+00:00,288,22,5,0.0387114378830776,0.0763888888888889,0.017361111111111112,0.00043652525893884676,0.0008394895903290799,-2.191390665449475,3.3795070422889752,1167
time_bars,2024-12-23 00:00:00+00:00,288,45,1,0.03773963361951983,0.15625,0.003472222222222222,0.0008928925751021866,0.000167897918065816,-0.30766097383560764,4.270894002292174,833
time_bars,2024-12-24 00:00:00+00:00,288,49,4,0.033063495052284626,0.1701388888888889,0.013888888888888888,0.0009722608040001587,0.000671591672263264,3.893442338959114,6.141980968939718,407
time_bars,2024-12-25 00:00:00+00:00,288,13,3,0.03136723428510609,0.04513888888888889,0.010416666666666666,0.00025794674391840946,0.0005036937541974479,0.7603823580837322,2.0398301593471797,1717
time_bars,2024-12-26 00:00:00+00:00,288,30,6,0.036389618957295033,0.10416666666666667,0.020833333333333332,0.000595261716734791,0.0010073875083948958,-3.719578934090675,4.918393853680717,654
time_bars,2024-12-27 00:00:00+00:00,288,33,5,0.03146651606672906,0.11458333333333333,0.017361111111111112,0.0006547878884082701,0.0008394895903290799,-1.570477591624862,4.319417866531088,815
time_bars,2024-12-28 00:00:00+00:00,288,5,1,0.022340103759174206,0.017361111111111112,0.003472222222222222,9.921028612246518e-05,0.000167897918065816,1.0555295922944927,1.6860251867574647,1850
time_bars,2024-12-29 00:00:00+00:00,288,9,6,0.03802674252978699,0.03125,0.020833333333333332,0.00017857851502043733,0.0010073875083948958,-1.650235825670712,2.4841154577065487,1543
time_bars,2024-12-30 00:00:00+00:00,288,40,6,0.03668161862375155,0.1388888888888889,0.020833333333333332,0.0007936822889797214,0.0010073875083948958,-1.0089156005278777,3.7761211942582613,1000
time_bars,2024-12-31 00:00:00+00:00,288,28,2,0.030024052166159405,0.09722222222222222,0.006944444444444444,0.000555577602285805,0.000335795836131632,0.8476328230340396,4.5205070445616125,765
time_bars,2025-01-01 00:00:00+00:00,288,6,3,0.02668729375735255,0.020833333333333332,0.010416666666666666,0.00011905234334695822,0.0005036937541974479,1.0972327651532376,2.516337213206095,1526
time_bars,2025-01-02 00:00:00+00:00,288,37,4,0.04211668307582598,0.1284722222222222,0.013888888888888888,0.0007341561173062423,0.000671591672263264,2.492031789036668,3.606286729738177,1070
time_bars,2025-01-03 00:00:00+00:00,288,13,1,0.025168116293909894,0.04513888888888889,0.003472222222222222,0.00025794674391840946,0.000167897918065816,1.2076207181106529,2.9615954528072135,1339
time_bars,2025-01-04 00:00:00+00:00,288,1,0,0.022514323212125677,0.003472222222222222,0.0,1.9842057224493035e-05,0.0,0.028015642080163366,1.3483446552114016,1942
time_bars,2025-01-05 00:00:00+00:00,288,4,4,0.03902150798945614,0.013888888888888888,0.013888888888888888,7.936822889797214e-05,0.000671591672263264,0.16996300527258432,1.658140107815744,1864
time_bars,2025-01-06 00:00:00+00:00,288,29,9,0.04004002100512613,0.10069444444444445,0.03125,0.000575419659510298,0.0015110812625923438,3.8306982813244628,4.564967487864577,750
time_bars,2025-01-07 00:00:00+00:00,288,37,5,0.030172172952045242,0.1284722222222222,0.017361111111111112,0.0007341561173062423,0.0008394895903290799,-5.285186593628934,6.647593520408386,336
time_bars,2025-01-08 00:00:00+00:00,288,25,3,0.03928477872225872,0.08680555555555555,0.010416666666666666,0.0004960514306123259,0.0005036937541974479,-1.9862657863911302,4.999612910800357,633
time_bars,2025-01-09 00:00:00+00:00,288,42,5,0.0329154398403382,0.14583333333333334,0.017361111111111112,0.0008333664034287075,0.0008394895903290799,-2.6751822895870174,4.617306526596003,740
time_bars,2025-01-10 00:00:00+00:00,288,32,2,0.03331834219576901,0.1111111111111111,0.006944444444444444,0.0006349458311837771,0.000335795836131632,2.318174771954724,3.9448685037291162,934
time_bars,2025-01-11 00:00:00+00:00,288,0,0,0.018722352337641936,0.0,0.0,0.0,0.0,-0.11953196894953803,1.256332401128415,1967
time_bars,2025-01-12 00:00:00+00:00,288,3,2,0.035801606229514955,0.010416666666666666,0.006944444444444444,5.952617167347911e-05,0.000335795836131632,-0.06611577482841918,1.88567397651929,1788
time_bars,2025-01-13 00:00:00+00:00,288,70,16,0.04902135300011738,0.24305555555555555,0.05555555555555555,0.0013889440057145124,0.002686366689053056,-0.015450945395761789,7.605229219324581,241
time_bars,2025-01-14 00:00:00+00:00,288,17,2,0.023023152143652872,0.059027777777777776,0.006944444444444444,0.0003373149728163816,0.000335795836131632,2.125207536167075,3.1814340598254747,1254
time_bars,2025-01-15 00:00:00+00:00,288,31,3,0.030773535327933206,0.1076388888888889,0.010416666666666666,0.0006151037739592841,0.0005036937541974479,4.006223775097382,4.27107604496266,832
time_bars,2025-01-16 00:00:00+00:00,288,20,1,0.034324546282741265,0.06944444444444445,0.003472222222222222,0.0003968411444898607,0.000167897918065816,-0.5215648353617226,3.5901053322262184,1080
time_bars,2025-01-17 00:00:00+00:00,288,37,4,0.029136059314203697,0.1284722222222222,0.013888888888888888,0.0007341561173062423,0.000671591672263264,4.02554795430032,5.720957378039173,473
time_bars,2025-01-18 00:00:00+00:00,288,21,2,0.03251698194741308,0.07291666666666667,0.006944444444444444,0.00041668320171435377,0.000335795836131632,0.4619149601246301,2.6248955821889153,1476
time_bars,2025-01-19 00:00:00+00:00,288,45,4,0.04506024991304165,0.15625,0.013888888888888888,0.0008928925751021866,0.000671591672263264,-3.1219651260912515,6.651322674893589,334
time_bars,2025-01-20 00:00:00+00:00,288,44,0,0.03333537941002167,0.1527777777777778,0.0,0.0008730505178776935,0.0,0.9197393767959398,10.031267142711632,109
time_bars,2025-01-21 00:00:00+00:00,288,28,0,0.020637853877792198,0.09722222222222222,0.0,0.000555577602285805,0.0,3.712039902491578,6.89425191605236,309
time_bars,2025-01-22 00:00:00+00:00,288,16,0,0.025053372019036,0.05555555555555555,0.0,0.00031747291559188856,0.0,-2.3374907990100033,3.0330337696792147,1308
time_bars,2025-01-23 00:00:00+00:00,288,63,6,0.047839401886582346,0.21875,0.020833333333333332,0.0012500496051430611,0.0010073875083948958,0.19197322897251906,5.412681359948141,538
time_bars,2025-01-24 00:00:00+00:00,288,12,0,0.019237350879336354,0.041666666666666664,0.0,0.00023810468669391643,0.0,0.9048707918601337,4.192617627265753,858
time_bars,2025-01-25 00:00:00+00:00,288,2,0,0.02241184545532982,0.006944444444444444,0.0,3.968411444898607e-05,0.0,-0.10118849605703474,1.1791916788010892,1988
time_bars,2025-01-26 00:00:00+00:00,288,8,5,0.03879201086534155,0.027777777777777776,0.017361111111111112,0.00015873645779594428,0.0008394895903290799,-2.066925167991297,2.9303765659842154,1349
time_bars,2025-01-27 00:00:00+00:00,288,72,11,0.049770074251515715,0.25,0.03819444444444445,0.0014286281201634987,0.0018468770987239758,-0.5266378159275292,5.513189418590339,519
time_bars,2025-01-28 00:00:00+00:00,288,22,0,0.028420726558867532,0.0763888888888889,0.0,0.00043652525893884676,0.0,-0.7296606072094985,3.4919639523581534,1119
time_bars,2025-01-29 00:00:00+00:00,288,26,2,0.029453180095419543,0.09027777777777778,0.006944444444444444,0.0005158934878368189,0.000335795836131632,2.359876101588558,3.383703539797176,1162
time_bars,2025-01-30 00:00:00+00:00,288,9,1,0.023998101692482537,0.03125,0.003472222222222222,0.00017857851502043733,0.000167897918065816,0.9394670176838312,3.076916336690782,1292
time_bars,2025-01-31 00:00:00+00:00,288,34,2,0.039678582104741476,0.11805555555555555,0.006944444444444444,0.0006746299456327632,0.000335795836131632,-2.2190012396209586,4.329162961043394,811
time_bars,2025-02-01 00:00:00+00:00,288,4,2,0.030565476214549987,0.013888888888888888,0.006944444444444444,7.936822889797214e-05,0.000335795836131632,-1.7501385207353781,2.4834005893845332,1544
time_bars,2025-02-02 00:00:00+00:00,288,49,5,0.046331544093244165,0.1701388888888889,0.017361111111111112,0.0009722608040001587,0.0008394895903290799,-2.9649906511090025,5.467299126978543,527
time_bars,2025-02-03 00:00:00+00:00,288,52,2,0.03166478525758232,0.18055555555555555,0.006944444444444444,0.0010317869756736378,0.000335795836131632,3.6486082007759197,11.714308762071486,70
time_bars,2025-02-04 00:00:00+00:00,288,37,0,0.03287438413639427,0.1284722222222222,0.0,0.0007341561173062423,0.0,-3.6020346062557023,5.692604784633393,481
time_bars,2025-02-05 00:00:00+00:00,288,13,0,0.02644963582553708,0.04513888888888889,0.0,0.00025794674391840946,0.0,-1.190975618197021,3.0920819796472108,1285
time_bars,2025-02-06 00:00:00+00:00,288,23,1,0.028468980242821282,0.0798611111111111,0.003472222222222222,0.0004563673161633398,0.000167897918065816,-0.03946789866028577,3.574477964282389,1084
time_bars,2025-02-07 00:00:00+00:00,288,35,2,0.03196743722472871,0.12152777777777778,0.006944444444444444,0.0006944720028572562,0.000335795836131632,-0.06270421178713476,4.659155683209302,727
time_bars,2025-02-08 00:00:00+00:00,288,1,0,0.019211591490586884,0.003472222222222222,0.0,1.9842057224493035e-05,0.0,-0.04417565806463895,1.2990569795649363,1953
time_bars,2025-02-09 00:00:00+00:00,288,10,5,0.037647290248180774,0.034722222222222224,0.017361111111111112,0.00019842057224493036,0.0008394895903290799,0.0120309735484393,2.7629526597416727,1425
time_bars,2025-02-10 00:00:00+00:00,288,22,4,0.031597570282975475,0.0763888888888889,0.013888888888888888,0.00043652525893884676,0.000671591672263264,0.9861650548913031,3.2327836695743635,1230
time_bars,2025-02-11 00:00:00+00:00,288,21,1,0.032993523037772504,0.07291666666666667,0.003472222222222222,0.00041668320171435377,0.000167897918065816,-1.7066282165575195,3.7955579420967793,995
time_bars,2025-02-12 00:00:00+00:00,288,22,3,0.037825033993112905,0.0763888888888889,0.010416666666666666,0.00043652525893884676,0.0005036937541974479,2.1544876504126926,4.2558329010307645,838
time_bars,2025-02-13 00:00:00+00:00,288,11,1,0.02330534562266131,0.03819444444444445,0.003472222222222222,0.00021826262946942338,0.000167897918065816,-1.2920439297014754,2.9955571332328557,1323
time_bars,2025-02-14 00:00:00+00:00,288,23,4,0.03562490551784108,0.0798611111111111,0.013888888888888888,0.0004563673161633398,0.000671591672263264,0.9118351970302148,2.6328253844286564,1473
time_bars,2025-02-15 00:00:00+00:00,288,0,0,0.018742702297057653,0.0,0.0,0.0,0.0,0.09518769515213764,0.7905276747191813,2041
time_bars,2025-02-16 00:00:00+00:00,288,3,1,0.03168224060333421,0.010416666666666666,0.003472222222222222,5.952617167347911e-05,0.000167897918065816,-1.5196180959318113,1.7182422005290785,1847
time_bars,2025-02-17 00:00:00+00:00,288,9,5,0.03864993578867457,0.03125,0.017361111111111112,0.00017857851502043733,0.0008394895903290799,-0.33762574418466706,1.9250078948210612,1769
time_bars,2025-02-18 00:00:00+00:00,288,30,6,0.034846391975107284,0.10416666666666667,0.020833333333333332,0.000595261716734791,0.0010073875083948958,-0.1265643695380005,3.594746483114281,1077
time_bars,2025-02-19 00:00:00+00:00,288,10,2,0.025747254737705918,0.034722222222222224,0.006944444444444444,0.00019842057224493036,0.000335795836131632,1.0155117964843892,1.9451218600384255,1757
time_bars,2025-02-20 00:00:00+00:00,288,16,6,0.029602340147584155,0.05555555555555555,0.020833333333333332,0.00031747291559188856,0.0010073875083948958,1.6987765001467123,2.3547438492224475,1591
time_bars,2025-02-21 00:00:00+00:00,288,43,3,0.03208501364753639,0.14930555555555555,0.010416666666666666,0.0008532084606532005,0.0005036937541974479,-2.1864152649578505,4.737893190714466,702
time_bars,2025-02-22 00:00:00+00:00,288,0,0,0.014879138208656864,0.0,0.0,0.0,0.0,0.38934471158049877,1.334910753896251,1943
time_bars,2025-02-23 00:00:00+00:00,288,2,1,0.03121232240390333,0.006944444444444444,0.003472222222222222,3.968411444898607e-05,0.000167897918065816,-0.2956597077931109,1.4836824499255055,1912
time_bars,2025-02-24 00:00:00+00:00,288,40,13,0.05446272091424621,0.1388888888888889,0.04513888888888889,0.0007936822889797214,0.002182672934855608,-5.012317790170509,5.508129158153951,521
time_bars,2025-02-25 00:00:00+00:00,288,45,5,0.03978813032401886,0.15625,0.017361111111111112,0.0008928925751021866,0.0008394895903290799,-3.1924360153970954,7.262416709222441,270
time_bars,2025-02-26 00:00:00+00:00,288,51,2,0.036887244368719395,0.17708333333333334,0.006944444444444444,0.0010119449184491447,0.000335795836131632,-5.127720324589894,8.332969934337072,185
time_bars,2025-02-27 00:00:00+00:00,288,20,0,0.02313200772223655,0.06944444444444445,0.0,0.0003968411444898607,0.0,0.5441853541193715,5.184596199020337,597
time_bars,2025-02-28 00:00:00+00:00,288,51,3,0.03991511854284921,0.17708333333333334,0.010416666666666666,0.0010119449184491447,0.0005036937541974479,-0.4362968384588086,8.437267523691695,178
time_bars,2025-03-01 00:00:00+00:00,288,10,1,0.021491103065822935,0.034722222222222224,0.003472222222222222,0.00019842057224493036,0.000167897918065816,2.0059707091149344,3.2152767767439907,1240
time_bars,2025-03-02 00:00:00+00:00,288,47,14,0.047329756354597546,0.16319444444444445,0.04861111111111111,0.0009325766895511726,0.0023505708529214238,9.122536338313413,11.074387033091503,80
time_bars,2025-03-03 00:00:00+00:00,288,40,1,0.03260931654647156,0.1388888888888889,0.003472222222222222,0.0007936822889797214,0.000167897918065816,-8.90682126537584,10.426687900964284,96
time_bars,2025-03-04 00:00:00+00:00,288,30,1,0.033003845867069115,0.10416666666666667,0.003472222222222222,0.000595261716734791,0.000167897918065816,1.2138120143683333,9.09455409799745,141
time_bars,2025-03-05 00:00:00+00:00,288,27,0,0.024246823653707634,0.09375,0.0,0.0005357355450613119,0.0,3.7349402269229746,5.270551145541753,584
time_bars,2025-03-06 00:00:00+00:00,288,44,1,0.035377326677621446,0.1527777777777778,0.003472222222222222,0.0008730505178776935,0.000167897918065816,-0.751774491536636,5.528103844245752,514
time_bars,2025-03-07 00:00:00+00:00,288,50,3,0.03884978220053761,0.1736111111111111,0.010416666666666666,0.0009921028612246518,0.0005036937541974479,-3.5489116523482225,7.575310585197456,247
time_bars,2025-03-08 00:00:00+00:00,288,4,0,0.01628256056215801,0.013888888888888888,0.0,7.936822889797214e-05,0.0,-0.6581554186030182,2.056653171147632,1706
time_bars,2025-03-09 00:00:00+00:00,288,48,10,0.04292880258391225,0.16666666666666666,0.034722222222222224,0.0009524187467756657,0.0016789791806581598,-6.589288769763926,7.86106838176653,226
time_bars,2025-03-10 00:00:00+00:00,288,56,1,0.041446382429683765,0.19444444444444445,0.003472222222222222,0.00111115520457161,0.000167897918065816,-2.667129506516774,8.207446550983711,193
time_bars,2025-03-11 00:00:00+00:00,288,38,0,0.027041850025101778,0.13194444444444445,0.0,0.0007539981745307353,0.0,5.362486378582387,8.796877294595722,151
time_bars,2025-03-12 00:00:00+00:00,288,32,1,0.025963630790982257,0.1111111111111111,0.003472222222222222,0.0006349458311837771,0.000167897918065816,0.8943433654317896,4.736581182476254,703
time_bars,2025-03-13 00:00:00+00:00,288,33,1,0.03287935573724375,0.11458333333333333,0.003472222222222222,0.0006547878884082701,0.000167897918065816,-3.102732347267986,5.364767941594274,558
time_bars,2025-03-14 00:00:00+00:00,288,27,2,0.029604901021905137,0.09375,0.006944444444444444,0.0005357355450613119,0.000335795836131632,3.459572172737821,5.419466742542514,536
time_bars,2025-03-15 00:00:00+00:00,288,0,0,0.018299476168967682,0.0,0.0,0.0,0.0,0.43151987875056763,1.2610942475692808,1965
time_bars,2025-03-16 00:00:00+00:00,288,30,11,0.05067788547106856,0.10416666666666667,0.03819444444444445,0.000595261716734791,0.0018468770987239758,-2.1115042885826165,3.843845952421136,977
time_bars,2025-03-17 00:00:00+00:00,288,16,1,0.024238267194597995,0.05555555555555555,0.003472222222222222,0.00031747291559188856,0.000167897918065816,1.707262593580974,2.804425995474765,1405
time_bars,2025-03-18 00:00:00+00:00,288,17,1,0.03490516303770822,0.059027777777777776,0.003472222222222222,0.0003373149728163816,0.000167897918065816,-1.556662298003552,3.472688530649331,1129
time_bars,2025-03-19 00:00:00+00:00,288,34,6,0.03555091794312355,0.11805555555555555,0.020833333333333332,0.0006746299456327632,0.0010073875083948958,4.890870619937342,5.297305823500902,579
time_bars,2025-03-20 00:00:00+00:00,288,32,1,0.02891615439492562,0.1111111111111111,0.003472222222222222,0.0006349458311837771,0.000167897918065816,-3.071939058852019,4.543260707793829,756
time_bars,2025-03-21 00:00:00+00:00,288,10,1,0.02913929521973241,0.034722222222222224,0.003472222222222222,0.00019842057224493036,0.000167897918065816,-0.1582323015789429,2.014649919808782,1729
time_bars,2025-03-22 00:00:00+00:00,288,0,0,0.01943541749770434,0.0,0.0,0.0,0.0,-0.2923950819957012,1.0940123450768733,2003
time_bars,2025-03-23 00:00:00+00:00,288,6,6,0.043780679604557435,0.020833333333333332,0.020833333333333332,0.00011905234334695822,0.0010073875083948958,2.636963938073815,2.7666107293998667,1422
time_bars,2025-03-24 00:00:00+00:00,288,37,7,0.03965210938470705,0.1284722222222222,0.024305555555555556,0.0007341561173062423,0.0011752854264607119,1.6360464624449063,3.758342075272224,1008
time_bars,2025-03-25 00:00:00+00:00,288,12,2,0.030640594458433992,0.041666666666666664,0.006944444444444444,0.00023810468669391643,0.000335795836131632,-0.10707349512848478,2.563656079418669,1505
time_bars,2025-03-26 00:00:00+00:00,288,17,5,0.030206140929808705,0.059027777777777776,0.017361111111111112,0.0003373149728163816,0.0008394895903290799,-0.5694338911803426,2.819359966442906,1402
time_bars,2025-03-27 00:00:00+00:00,288,23,2,0.03066188251069182,0.0798611111111111,0.006944444444444444,0.0004563673161633398,0.000335795836131632,0.3645766456944194,2.3038617228820524,1609
time_bars,2025-03-28 00:00:00+00:00,288,30,2,0.033499672232562366,0.10416666666666667,0.006944444444444444,0.000595261716734791,0.000335795836131632,-3.276352082033641,4.606967690169491,742
time_bars,2025-03-29 00:00:00+00:00,288,18,2,0.03278523398670826,0.0625,0.006944444444444444,0.00035715703004087466,0.000335795836131632,-2.1273307936358594,3.5970992994201847,1075
time_bars,2025-03-30 00:00:00+00:00,288,6,3,0.03633400997839522,0.020833333333333332,0.010416666666666666,0.00011905234334695822,0.0005036937541974479,-0.3055332958726588,2.4106666192520496,1576
time_bars,2025-03-31 00:00:00+00:00,288,22,4,0.039065344704898475,0.0763888888888889,0.013888888888888888,0.00043652525893884676,0.000671591672263264,0.19870062678362632,3.23894061936774,1226
time_bars,2025-04-01 00:00:00+00:00,288,29,2,0.025542817639096035,0.10069444444444445,0.006944444444444444,0.000575419659510298,0.000335795836131632,3.106220678747468,3.8249965200189417,984
time_bars,2025-04-02 00:00:00+00:00,288,47,9,0.036853673450725946,0.16319444444444445,0.03125,0.0009325766895511726,0.0015110812625923438,-3.1456102675835567,7.263144433085972,269
time_bars,2025-04-03 00:00:00+00:00,288,20,1,0.02253453114346983,0.06944444444444445,0.003472222222222222,0.0003968411444898607,0.000167897918065816,0.8407296364432165,3.2924056499703895,1209
time_bars,2025-04-04 00:00:00+00:00,288,56,3,0.034430400890446,0.19444444444444445,0.010416666666666666,0.00111115520457161,0.0005036937541974479,0.808397708747614,3.6821973277523568,1034
time_bars,2025-04-05 00:00:00+00:00,288,5,1,0.01948419544505006,0.017361111111111112,0.003472222222222222,9.921028612246518e-05,0.000167897918065816,-0.4245753013363243,2.2941569242406747,1612
time_bars,2025-04-06 00:00:00+00:00,288,56,9,0.053466524972041976,0.19444444444444445,0.03125,0.00111115520457161,0.0015110812625923438,-6.322331488008899,8.307369365923439,186
time_bars,2025-04-07 00:00:00+00:00,288,54,1,0.043674254812707376,0.1875,0.003472222222222222,0.0010714710901226238,0.000167897918065816,0.9520792084543492,8.669346962336695,162
time_bars,2025-04-08 00:00:00+00:00,288,26,0,0.024676245312310805,0.09027777777777778,0.0,0.0005158934878368189,0.0,-3.6574284564134323,5.90113888333716,441
time_bars,2025-04-09 00:00:00+00:00,288,54,2,0.03917045393578479,0.1875,0.006944444444444444,0.0010714710901226238,0.000335795836131632,7.921766589556074,11.36516389204805,74
time_bars,2025-04-10 00:00:00+00:00,288,22,0,0.02195683361471056,0.0763888888888889,0.0,0.00043652525893884676,0.0,-3.734921288358434,5.327504448117652,569
time_bars,2025-04-11 00:00:00+00:00,288,33,3,0.030218499556706795,0.11458333333333333,0.010416666666666666,0.0006547878884082701,0.0005036937541974479,4.687285894467983,6.575080171847042,348
time_bars,2025-04-12 00:00:00+00:00,288,22,3,0.027639004498865524,0.0763888888888889,0.010416666666666666,0.00043652525893884676,0.0005036937541974479,2.2056913755821186,3.7103358082715325,1026
time_bars,2025-04-13 00:00:00+00:00,288,27,3,0.03823949076262865,0.09375,0.010416666666666666,0.0005357355450613119,0.0005036937541974479,-1.8043526695768821,3.6771218519866413,1038
time_bars,2025-04-14 00:00:00+00:00,288,29,1,0.03022074074331085,0.10069444444444445,0.003472222222222222,0.000575419659510298,0.000167897918065816,0.9985362376042561,2.5081324360127226,1527
time_bars,2025-04-15 00:00:00+00:00,288,18,5,0.026940273895059673,0.0625,0.017361111111111112,0.00035715703004087466,0.0008394895903290799,-1.1241619171419637,3.392030050263352,1160
time_bars,2025-04-16 00:00:00+00:00,288,33,4,0.03575688920031277,0.11458333333333333,0.013888888888888888,0.0006547878884082701,0.000671591672263264,0.45513585243219334,2.883015855152478,1372
time_bars,2025-04-17 00:00:00+00:00,288,15,2,0.02424626924573897,0.052083333333333336,0.006944444444444444,0.0002976308583673955,0.000335795836131632,1.095182140197524,2.0592953742122386,1705
time_bars,2025-04-18 00:00:00+00:00,288,0,0,0.0201902971618239,0.0,0.0,0.0,0.0,-0.5833392689374494,0.9919779028458044,2023
time_bars,2025-04-19 00:00:00+00:00,288,3,2,0.03635274483735783,0.010416666666666666,0.006944444444444444,5.952617167347911e-05,0.000335795836131632,0.7386683211595528,1.5099405737122895,1907
time_bars,2025-04-20 00:00:00+00:00,288,6,4,0.03681022250285751,0.020833333333333332,0.013888888888888888,0.00011905234334695822,0.000671591672263264,0.10799968379556395,1.6356559937070383,1871
time_bars,2025-04-21 00:00:00+00:00,288,43,6,0.039643704784355034,0.14930555555555555,0.020833333333333332,0.0008532084606532005,0.0010073875083948958,2.6966106001654704,3.8250795226347387,983
time_bars,2025-04-22 00:00:00+00:00,288,37,7,0.03414052276811409,0.1284722222222222,0.024305555555555556,0.0007341561173062423,0.0011752854264607119,6.569365996389578,7.870034396125311,223
time_bars,2025-04-23 00:00:00+00:00,288,23,1,0.02593366056973348,0.0798611111111111,0.003472222222222222,0.0004563673161633398,0.000167897918065816,0.2429467022571932,3.218974910371461,1238
time_bars,2025-04-24 00:00:00+00:00,288,12,1,0.030209389081362295,0.041666666666666664,0.003472222222222222,0.00023810468669391643,0.000167897918065816,0.31925164055577493,2.544970423980885,1511
time_bars,2025-04-25 00:00:00+00:00,288,33,8,0.03365705611167835,0.11458333333333333,0.027777777777777776,0.0006547878884082701,0.001343183344526528,0.7004998321954221,3.1627985765502067,1259
time_bars,2025-04-26 00:00:00+00:00,288,0,0,0.023076955189335183,0.0,0.0,0.0,0.0,-0.0170219514862508,1.401260347343665,1932
time_bars,2025-04-27 00:00:00+00:00,288,5,4,0.03256050476812379,0.017361111111111112,0.013888888888888888,9.921028612246518e-05,0.000671591672263264,-0.9333333099370655,1.8357981992048165,1808
time_bars,2025-04-28 00:00:00+00:00,288,20,6,0.037539296208863766,0.06944444444444445,0.020833333333333332,0.0003968411444898607,0.0010073875083948958,1.3484350902439493,3.058256557157973,1296
time_bars,2025-04-29 00:00:00+00:00,288,9,1,0.03292029722921754,0.03125,0.003472222222222222,0.00017857851502043733,0.000167897918065816,-0.8129279405605582,1.848442756643312,1803
time_bars,2025-04-30 00:00:00+00:00,288,17,5,0.03279559401864633,0.059027777777777776,0.017361111111111112,0.0003373149728163816,0.0008394895903290799,-0.07964946163872656,2.4873300542311205,1541
time_bars,2025-05-01 00:00:00+00:00,288,25,5,0.03146924813749877,0.08680555555555555,0.017361111111111112,0.0004960514306123259,0.0008394895903290799,2.4122062704475686,3.4486302171946996,1138
time_bars,2025-05-02 00:00:00+00:00,288,12,2,0.02934816669923698,0.041666666666666664,0.006944444444444444,0.00023810468669391643,0.000335795836131632,0.4222419838099471,1.6300255056122732,1872
time_bars,2025-05-03 00:00:00+00:00,288,1,1,0.024275295580231924,0.003472222222222222,0.003472222222222222,1.9842057224493035e-05,0.000167897918065816,-1.0672125252472817,1.2135057861456495,1978
time_bars,2025-05-04 00:00:00+00:00,288,7,3,0.037643938602493786,0.024305555555555556,0.010416666666666666,0.00013889440057145126,0.0005036937541974479,-1.6556406464912359,2.2589111745671584,1624
time_bars,2025-05-05 00:00:00+00:00,288,13,5,0.032113360253224206,0.04513888888888889,0.017361111111111112,0.00025794674391840946,0.0008394895903290799,0.49384280172477624,1.8239179875780487,1817
time_bars,2025-05-06 00:00:00+00:00,288,18,6,0.03619232375128395,0.0625,0.020833333333333332,0.00035715703004087466,0.0010073875083948958,2.1956477881634977,3.735848315168888,1011
time_bars,2025-05-07 00:00:00+00:00,288,23,2,0.02639858717481604,0.0798611111111111,0.006944444444444444,0.0004563673161633398,0.000335795836131632,0.19557531417452317,2.0489966837577693,1709
time_bars,2025-05-08 00:00:00+00:00,288,38,8,0.03297921503258231,0.13194444444444445,0.027777777777777776,0.0007539981745307353,0.001343183344526528,6.234971908249273,7.434982110227327,257
time_bars,2025-05-09 00:00:00+00:00,288,18,0,0.027142132836587802,0.0625,0.0,0.00035715703004087466,0.0,-0.2775382668821697,2.0648030681560834,1703
time_bars,2025-05-10 00:00:00+00:00,288,6,4,0.03161027258447454,0.020833333333333332,0.013888888888888888,0.00011905234334695822,0.000671591672263264,1.7782144538832514,2.133160365378053,1672
time_bars,2025-05-11 00:00:00+00:00,288,13,2,0.03614084181986068,0.04513888888888889,0.006944444444444444,0.00025794674391840946,0.000335795836131632,-0.683907068446168,1.6008348263495489,1885
time_bars,2025-05-12 00:00:00+00:00,288,36,6,0.03500927978086762,0.125,0.020833333333333332,0.0007143140600817493,0.0010073875083948958,-1.28949816885823,5.021944480977067,627
time_bars,2025-05-13 00:00:00+00:00,288,9,4,0.027239962925320316,0.03125,0.013888888888888888,0.00017857851502043733,0.000671591672263264,1.2984338306580359,3.440333240304098,1141
time_bars,2025-05-14 00:00:00+00:00,288,14,0,0.027467953523390966,0.04861111111111111,0.0,0.0002777888011429025,0.0,-0.6012350185935852,1.7239555815304537,1845
time_bars,2025-05-15 00:00:00+00:00,288,27,0,0.039056500524294255,0.09375,0.0,0.0005357355450613119,0.0,0.24752320616599288,2.8156942832252376,1403
time_bars,2025-05-16 00:00:00+00:00,288,10,1,0.02874692813690223,0.034722222222222224,0.003472222222222222,0.00019842057224493036,0.000167897918065816,-0.2916095814030512,1.4084963794076362,1930
time_bars,2025-05-17 00:00:00+00:00,288,0,0,0.02333228354431535,0.0,0.0,0.0,0.0,-0.32214382133740554,1.0828448829488186,2006
time_bars,2025-05-18 00:00:00+00:00,288,38,16,0.04904674174101767,0.13194444444444445,0.05555555555555555,0.0007539981745307353,0.002686366689053056,3.1776467757148152,3.412736641521504,1152
time_bars,2025-05-19 00:00:00+00:00,288,35,2,0.03328313758644788,0.12152777777777778,0.006944444444444444,0.0006944720028572562,0.000335795836131632,-0.8265629011640189,4.8543355505008465,670
time_bars,2025-05-20 00:00:00+00:00,288,27,4,0.039715668740951976,0.09375,0.013888888888888888,0.0005357355450613119,0.000671591672263264,1.1949376305670683,3.00607712994149,1321
time_bars,2025-05-21 00:00:00+00:00,288,48,6,0.03877486345376051,0.16666666666666666,0.020833333333333332,0.0009524187467756657,0.0010073875083948958,2.5966123063544506,4.420091841044034,790
time_bars,2025-05-22 00:00:00+00:00,288,16,0,0.02500999241884571,0.05555555555555555,0.0,0.00031747291559188856,0.0,1.8557758219059621,2.538296645193933,1516
time_bars,2025-05-23 00:00:00+00:00,288,31,2,0.03336755992246176,0.1076388888888889,0.006944444444444444,0.0006151037739592841,0.000335795836131632,-4.011882066543207,4.62100744522275,738
time_bars,2025-05-24 00:00:00+00:00,288,11,1,0.022604550173283226,0.03819444444444445,0.003472222222222222,0.00021826262946942338,0.000167897918065816,0.39754344224601906,2.4083332978416148,1577
time_bars,2025-05-25 00:00:00+00:00,288,15,4,0.03238596577039299,0.052083333333333336,0.013888888888888888,0.0002976308583673955,0.000671591672263264,1.1602914137545728,2.5843248101751226,1494
time_bars,2025-05-26 00:00:00+00:00,288,15,3,0.03581224588009775,0.052083333333333336,0.010416666666666666,0.0002976308583673955,0.0005036937541974479,0.39460935650019074,1.6285883512249795,1874
time_bars,2025-05-27 00:00:00+00:00,288,25,5,0.0353893505824764,0.08680555555555555,0.017361111111111112,0.0004960514306123259,0.0008394895903290799,-0.4558454741344033,2.9909902713824157,1326
time_bars,2025-05-28 00:00:00+00:00,288,19,3,0.02997374280514603,0.06597222222222222,0.010416666666666666,0.00037699908726536766,0.0005036937541974479,-1.0766805623715485,2.341750659204352,1592
time_bars,2025-05-29 00:00:00+00:00,288,30,6,0.03875230435325598,0.10416666666666667,0.020833333333333332,0.000595261716734791,0.0010073875083948958,-2.047496537443918,3.558624555281499,1087
time_bars,2025-05-30 00:00:00+00:00,288,18,3,0.0303536099739979,0.0625,0.010416666666666666,0.00035715703004087466,0.0005036937541974479,-1.517906616499711,2.5842512174435877,1495
time_bars,2025-05-31 00:00:00+00:00,288,5,0,0.023526608838561856,0.017361111111111112,0.0,9.921028612246518e-05,0.0,0.5705678838978269,1.7578861392534173,1839
time_bars,2025-06-01 00:00:00+00:00,288,3,2,0.0360048112106755,0.010416666666666666,0.006944444444444444,5.952617167347911e-05,0.000335795836131632,0.988644021422062,2.023190535110146,1724
time_bars,2025-06-02 00:00:00+00:00,288,17,1,0.03913051753029439,0.059027777777777776,0.003472222222222222,0.0003373149728163816,0.000167897918065816,0.21854561446506032,2.19521312929573,1648
time_bars,2025-06-03 00:00:00+00:00,288,19,3,0.023880691265733854,0.06597222222222222,0.010416666666666666,0.00037699908726536766,0.0005036937541974479,-0.4587387777617407,1.845632722181054,1804
time_bars,2025-06-04 00:00:00+00:00,288,10,2,0.027568289158656046,0.034722222222222224,0.006944444444444444,0.00019842057224493036,0.000335795836131632,-0.65561388493316,1.7665251028977016,1836
time_bars,2025-06-05 00:00:00+00:00,288,54,9,0.047109181102817324,0.1875,0.03125,0.0010714710901226238,0.0015110812625923438,-3.089225589375499,5.4073780184820555,541
time_bars,2025-06-06 00:00:00+00:00,288,16,1,0.01984163406599742,0.05555555555555555,0.003472222222222222,0.00031747291559188856,0.000167897918065816,2.7014545446840366,4.149778297075155,872
time_bars,2025-06-07 00:00:00+00:00,288,3,1,0.026627367737146336,0.010416666666666666,0.003472222222222222,5.952617167347911e-05,0.000167897918065816,1.208514829597177,1.9823387195188293,1743
time_bars,2025-06-08 00:00:00+00:00,288,3,2,0.03170296282137698,0.010416666666666666,0.006944444444444444,5.952617167347911e-05,0.000335795836131632,0.1600500379535222,1.4712909080659387,1915
time_bars,2025-06-09 00:00:00+00:00,288,32,9,0.04005599024683995,0.1111111111111111,0.03125,0.0006349458311837771,0.0015110812625923438,4.216749990245295,5.003572508736108,631
time_bars,2025-06-10 00:00:00+00:00,288,15,2,0.029414475465656714,0.052083333333333336,0.006944444444444444,0.0002976308583673955,0.000335795836131632,0.006713132431762884,1.907405304312446,1778
time_bars,2025-06-11 00:00:00+00:00,288,17,6,0.03470031209446895,0.059027777777777776,0.020833333333333332,0.0003373149728163816,0.0010073875083948958,-1.4946671754128276,2.1514794529142565,1662
time_bars,2025-06-12 00:00:00+00:00,288,20,5,0.03781654720259812,0.06944444444444445,0.017361111111111112,0.0003968411444898607,0.0008394895903290799,-2.792399896269997,2.96694883410278,1335
time_bars,2025-06-13 00:00:00+00:00,288,34,3,0.034314991987526175,0.11805555555555555,0.010416666666666666,0.0006746299456327632,0.0005036937541974479,0.3949225660236787,3.379496534704603,1168
time_bars,2025-06-14 00:00:00+00:00,288,1,0,0.025852853988240092,0.003472222222222222,0.0,1.9842057224493035e-05,0.0,-0.6314499814527647,1.8519628723905914,1800
time_bars,2025-06-15 00:00:00+00:00,288,1,0,0.03496607485431972,0.003472222222222222,0.0,1.9842057224493035e-05,0.0,0.16577020540028942,1.61476729678613,1883
time_bars,2025-06-16 00:00:00+00:00,288,21,9,0.03576796151808114,0.07291666666666667,0.03125,0.00041668320171435377,0.0015110812625923438,1.1450780086738,3.7231874940241863,1020
time_bars,2025-06-17 00:00:00+00:00,288,29,3,0.03396523402055156,0.10069444444444445,0.010416666666666666,0.000575419659510298,0.0005036937541974479,-2.1226965377842255,4.196658607916931,857
time_bars,2025-06-18 00:00:00+00:00,288,19,1,0.03650446671695394,0.06597222222222222,0.003472222222222222,0.00037699908726536766,0.000167897918065816,0.3103076520459986,1.9853604898833195,1741
time_bars,2025-06-19 00:00:00+00:00,288,2,1,0.026391413017833557,0.006944444444444444,0.003472222222222222,3.968411444898607e-05,0.000167897918065816,-0.21552730627592906,1.258435404392653,1966
time_bars,2025-06-20 00:00:00+00:00,288,41,16,0.04134032477139807,0.1423611111111111,0.05555555555555555,0.0008135243462042144,0.002686366689053056,-1.3095968225650898,4.054277196838555,900
time_bars,2025-06-21 00:00:00+00:00,288,18,6,0.0341554213659994,0.0625,0.020833333333333332,0.00035715703004087466,0.0010073875083948958,-1.1360598383741254,3.078142992035412,1290
time_bars,2025-06-22 00:00:00+00:00,288,49,8,0.03691616473103477,0.1701388888888889,0.027777777777777776,0.0009722608040001587,0.001343183344526528,-1.1578353299156214,5.209885759510533,594
time_bars,2025-06-23 00:00:00+00:00,288,44,4,0.03346735089098752,0.1527777777777778,0.013888888888888888,0.0008730505178776935,0.000671591672263264,4.255048860468593,6.327475927929722,379
time_bars,2025-06-24 00:00:00+00:00,288,4,0,0.024927148848572694,0.013888888888888888,0.0,7.936822889797214e-05,0.0,0.7040339804067988,1.5825977799888054,1889
time_bars,2025-06-25 00:00:00+00:00,288,24,7,0.0336038166769936,0.08333333333333333,0.024305555555555556,0.00047620937338783287,0.0011752854264607119,1.1673953767671232,2.1886174263589977,1651
time_bars,2025-06-26 00:00:00+00:00,288,9,3,0.027918570194050623,0.03125,0.010416666666666666,0.00017857851502043733,0.0005036937541974479,-0.34212041373891083,1.6297457945163876,1873
time_bars,2025-06-27 00:00:00+00:00,288,11,4,0.029297113894792774,0.03819444444444445,0.013888888888888888,0.00021826262946942338,0.000671591672263264,0.09059271530579813,1.283107111873693,1962
time_bars,2025-06-28 00:00:00+00:00,288,0,0,0.018248660344204706,0.0,0.0,0.0,0.0,0.21507432272463664,0.719538346232955,2047
time_bars,2025-06-29 00:00:00+00:00,288,6,4,0.046621794754504516,0.020833333333333332,0.013888888888888888,0.00011905234334695822,0.000671591672263264,0.9917933570934367,1.2860338755525202,1961
time_bars,2025-06-30 00:00:00+00:00,288,14,5,0.03526832613767813,0.04861111111111111,0.017361111111111112,0.0002777888011429025,0.0008394895903290799,-1.1350315820454546,1.9469655515577178,1756
time_bars,2025-07-01 00:00:00+00:00,288,10,2,0.033551206481515244,0.034722222222222224,0.006944444444444444,0.00019842057224493036,0.000335795836131632,-1.362718125923894,2.1792029950623504,1654
time_bars,2025-07-02 00:00:00+00:00,288,23,7,0.033490317401222235,0.0798611111111111,0.024305555555555556,0.0004563673161633398,0.0011752854264607119,2.949412602427263,4.360626833922407,800
time_bars,2025-07-03 00:00:00+00:00,288,15,2,0.030708354800281876,0.052083333333333336,0.006944444444444444,0.0002976308583673955,0.000335795836131632,0.6825915050390685,1.8299358943467976,1813
time_bars,2025-07-04 00:00:00+00:00,288,13,4,0.02948959333550187,0.04513888888888889,0.013888888888888888,0.00025794674391840946,0.000671591672263264,-1.4803436592523989,2.334751468584321,1595
time_bars,2025-07-05 00:00:00+00:00,288,0,0,0.021042284610089983,0.0,0.0,0.0,0.0,0.20186161891823526,0.6292822090124703,2054
time_bars,2025-07-06 00:00:00+00:00,288,12,8,0.04386126276220206,0.041666666666666664,0.027777777777777776,0.00023810468669391643,0.001343183344526528,0.913401337573249,1.7857412061247104,1832
time_bars,2025-07-07 00:00:00+00:00,288,5,3,0.03944160971450275,0.017361111111111112,0.010416666666666666,9.921028612246518e-05,0.0005036937541974479,-0.8667192973397192,2.0369775701498827,1720
time_bars,2025-07-08 00:00:00+00:00,288,6,2,0.030082622006071116,0.020833333333333332,0.006944444444444444,0.00011905234334695822,0.000335795836131632,0.6165573689791283,1.6437714278847189,1869
time_bars,2025-07-09 00:00:00+00:00,288,26,10,0.043263365501454515,0.09027777777777778,0.034722222222222224,0.0005158934878368189,0.0016789791806581598,2.114558022051247,3.41669553646513,1147
time_bars,2025-07-10 00:00:00+00:00,288,27,4,0.03377599561880987,0.09375,0.013888888888888888,0.0005357355450613119,0.000671591672263264,4.208228142980166,6.2036575601005515,399
time_bars,2025-07-11 00:00:00+00:00,288,18,0,0.02235381683789095,0.0625,0.0,0.00035715703004087466,0.0,1.302746890069856,3.1583843647053507,1260
time_bars,2025-07-12 00:00:00+00:00,288,2,0,0.022439433961026465,0.006944444444444444,0.0,3.968411444898607e-05,0.0,-0.09425717407806339,1.1185480090122797,1999
time_bars,2025-07-13 00:00:00+00:00,288,11,3,0.039597597097561096,0.03819444444444445,0.010416666666666666,0.00021826262946942338,0.0005036937541974479,1.3948676359363337,2.103537879911295,1687
time_bars,2025-07-14 00:00:00+00:00,288,36,6,0.036483668414641617,0.125,0.020833333333333332,0.0007143140600817493,0.0010073875083948958,0.6516115677924117,3.6652205996855605,1044
time_bars,2025-07-15 00:00:00+00:00,288,45,2,0.03154482492347811,0.15625,0.006944444444444444,0.0008928925751021866,0.000335795836131632,-1.7495342163243517,3.6008516790339673,1072
time_bars,2025-07-16 00:00:00+00:00,288,17,2,0.028617146666382695,0.059027777777777776,0.006944444444444444,0.0003373149728163816,0.000335795836131632,0.7211155726222462,2.6004651121460625,1482
time_bars,2025-07-17 00:00:00+00:00,288,21,5,0.037881161718691415,0.07291666666666667,0.017361111111111112,0.00041668320171435377,0.0008394895903290799,0.4928357986114289,2.969370838647912,1334
time_bars,2025-07-18 00:00:00+00:00,288,14,1,0.032288586026720266,0.04861111111111111,0.003472222222222222,0.0002777888011429025,0.000167897918065816,-1.0799314818092594,3.4149803586407854,1148
time_bars,2025-07-19 00:00:00+00:00,288,0,0,0.02562369329293547,0.0,0.0,0.0,0.0,-0.06966160947167338,1.026814490848201,2017
time_bars,2025-07-20 00:00:00+00:00,288,7,6,0.03756236249749158,0.024305555555555556,0.020833333333333332,0.00013889440057145126,0.0010073875083948958,-0.5091269443799655,2.1142095000151095,1682
time_bars,2025-07-21 00:00:00+00:00,288,14,5,0.039750116189381374,0.04861111111111111,0.017361111111111112,0.0002777888011429025,0.0008394895903290799,0.09729423060669978,2.7663490711456435,1423
time_bars,2025-07-22 00:00:00+00:00,288,16,7,0.03197442569309767,0.05555555555555555,0.024305555555555556,0.00031747291559188856,0.0011752854264607119,2.244705937591271,3.7563733965638875,1009
time_bars,2025-07-23 00:00:00+00:00,288,6,2,0.02911954812299676,0.020833333333333332,0.006944444444444444,0.00011905234334695822,0.000335795836131632,-1.0726214157529739,2.440342417794579,1568
time_bars,2025-07-24 00:00:00+00:00,288,12,2,0.029780588780628597,0.041666666666666664,0.006944444444444444,0.00023810468669391643,0.000335795836131632,-0.35365976449300396,2.046155419159748,1710
time_bars,2025-07-25 00:00:00+00:00,288,41,10,0.03323986411095863,0.1423611111111111,0.034722222222222224,0.0008135243462042144,0.0016789791806581598,-0.6041238572933592,3.212504256032599,1242
time_bars,2025-07-26 00:00:00+00:00,288,3,2,0.019191955917384446,0.010416666666666666,0.006944444444444444,5.952617167347911e-05,0.000335795836131632,0.2597331255643764,1.0074243855510865,2020
time_bars,2025-07-27 00:00:00+00:00,288,12,9,0.04047721048441429,0.041666666666666664,0.03125,0.00023810468669391643,0.0015110812625923438,1.292911310860953,1.654477669089709,1865
time_bars,2025-07-28 00:00:00+00:00,288,8,2,0.03429284969827761,0.027777777777777776,0.006944444444444444,0.00015873645779594428,0.000335795836131632,-1.164058862221527,2.0439160090927655,1712
time_bars,2025-07-29 00:00:00+00:00,288,14,6,0.03192632120119076,0.04861111111111111,0.020833333333333332,0.0002777888011429025,0.0010073875083948958,-0.12248956237913028,1.9779484598303563,1747
time_bars,2025-07-30 00:00:00+00:00,288,15,6,0.032827370868232765,0.052083333333333336,0.020833333333333332,0.0002976308583673955,0.0010073875083948958,-0.10701491804308821,2.613348646408579,1479
time_bars,2025-07-31 00:00:00+00:00,288,18,6,0.025745186499384884,0.0625,0.020833333333333332,0.00035715703004087466,0.0010073875083948958,-1.7765612336297347,3.0188745799765413,1317
time_bars,2025-08-01 00:00:00+00:00,288,36,4,0.04010918105683771,0.125,0.013888888888888888,0.0007143140600817493,0.000671591672263264,-2.1425450518813727,2.9215757639796833,1357
time_bars,2025-08-02 00:00:00+00:00,288,5,2,0.02731320791019453,0.017361111111111112,0.006944444444444444,9.921028612246518e-05,0.000335795836131632,-0.6520406386677517,1.8503471564559726,1802
time_bars,2025-08-03 00:00:00+00:00,288,4,1,0.024727091224707586,0.013888888888888888,0.003472222222222222,7.936822889797214e-05,0.000167897918065816,1.448894046613062,2.5422853874913076,1513
time_bars,2025-08-04 00:00:00+00:00,288,11,3,0.03662445173240764,0.03819444444444445,0.010416666666666666,0.00021826262946942338,0.0005036937541974479,0.7429131758684016,1.4209357390113375,1928
time_bars,2025-08-05 00:00:00+00:00,288,15,6,0.026795467966921855,0.052083333333333336,0.020833333333333332,0.0002976308583673955,0.0010073875083948958,-0.8141600651172207,2.188391863764176,1652
time_bars,2025-08-06 00:00:00+00:00,288,10,4,0.024219387678859165,0.034722222222222224,0.013888888888888888,0.00019842057224493036,0.000671591672263264,0.7610164818237855,2.069873403167236,1700
time_bars,2025-08-07 00:00:00+00:00,288,13,8,0.035192579226555984,0.04513888888888889,0.027777777777777776,0.00025794674391840946,0.001343183344526528,2.1337445758851667,2.906783586571825,1366
time_bars,2025-08-08 00:00:00+00:00,288,5,1,0.025931419107475626,0.017361111111111112,0.003472222222222222,9.921028612246518e-05,0.000167897918065816,-0.6765301830075525,1.4923054263882563,1909
time_bars,2025-08-09 00:00:00+00:00,288,4,1,0.029534385603499486,0.013888888888888888,0.003472222222222222,7.936822889797214e-05,0.000167897918065816,-0.17687173432481557,1.3686181006592768,1934
time_bars,2025-08-10 00:00:00+00:00,288,12,8,0.03983878769322554,0.041666666666666664,0.027777777777777776,0.00023810468669391643,0.001343183344526528,2.40441934065888,2.442749980881118,1566
time_bars,2025-08-11 00:00:00+00:00,288,30,5,0.032801894497906166,0.10416666666666667,0.017361111111111112,0.000595261716734791,0.0008394895903290799,-0.5156860689035154,3.659451986665484,1048
time_bars,2025-08-12 00:00:00+00:00,288,9,1,0.030598162845379542,0.03125,0.003472222222222222,0.00017857851502043733,0.000167897918065816,1.2057645408673374,1.7747817937988397,1835
time_bars,2025-08-13 00:00:00+00:00,288,25,6,0.036456324567870846,0.08680555555555555,0.020833333333333332,0.0004960514306123259,0.0010073875083948958,2.6648545257983174,4.030232303763135,904
time_bars,2025-08-14 00:00:00+00:00,288,29,2,0.02688516425439494,0.10069444444444445,0.006944444444444444,0.000575419659510298,0.000335795836131632,-4.207916430700755,6.246379165878315,394
time_bars,2025-08-15 00:00:00+00:00,288,18,4,0.024079468677668175,0.0625,0.013888888888888888,0.00035715703004087466,0.000671591672263264,-0.8177646418750634,2.075097252409535,1699
time_bars,2025-08-16 00:00:00+00:00,288,0,0,0.019612518346475132,0.0,0.0,0.0,0.0,0.04322090424545757,0.653256591728064,2052
time_bars,2025-08-17 00:00:00+00:00,288,2,2,0.03860338455844323,0.006944444444444444,0.006944444444444444,3.968411444898607e-05,0.000335795836131632,0.020453069650930404,1.218958098780149,1977
time_bars,2025-08-18 00:00:00+00:00,288,22,10,0.042359299297123156,0.0763888888888889,0.034722222222222224,0.00043652525893884676,0.0016789791806581598,-1.0022457175704067,2.494179384186757,1535
time_bars,2025-08-19 00:00:00+00:00,288,27,5,0.03173798455468859,0.09375,0.017361111111111112,0.0005357355450613119,0.0008394895903290799,-2.934084342388214,3.506812018136115,1109
time_bars,2025-08-20 00:00:00+00:00,288,17,3,0.03228863200305324,0.059027777777777776,0.010416666666666666,0.0003373149728163816,0.0005036937541974479,1.2300822018421096,1.9987371468015154,1736
time_bars,2025-08-21 00:00:00+00:00,288,3,1,0.03267488104642745,0.010416666666666666,0.003472222222222222,5.952617167347911e-05,0.000167897918065816,-1.5513625560380626,2.499236912756989,1533
time_bars,2025-08-22 00:00:00+00:00,288,30,6,0.03236245806401954,0.10416666666666667,0.020833333333333332,0.000595261716734791,0.0010073875083948958,3.868031726568708,5.041165876696639,624
time_bars,2025-08-23 00:00:00+00:00,288,5,1,0.01860903013934079,0.017361111111111112,0.003472222222222222,9.921028612246518e-05,0.000167897918065816,-1.3091588275350623,2.140921000988668,1668
time_bars,2025-08-24 00:00:00+00:00,288,11,4,0.046584007156202,0.03819444444444445,0.013888888888888888,0.00021826262946942338,0.000671591672263264,-1.687629696626154,4.561120305443624,753
time_bars,2025-08-25 00:00:00+00:00,288,29,4,0.03229393366116696,0.10069444444444445,0.013888888888888888,0.000575419659510298,0.000671591672263264,-3.0266700949536642,3.9508623155244873,931
time_bars,2025-08-26 00:00:00+00:00,288,17,0,0.02162694106256736,0.059027777777777776,0.0,0.0003373149728163816,0.0,1.4842409061812967,3.4140715579466705,1151
time_bars,2025-08-27 00:00:00+00:00,288,7,3,0.030540668327654348,0.024305555555555556,0.010416666666666666,0.00013889440057145126,0.0005036937541974479,-0.4621710127381276,2.029544426922254,1722
time_bars,2025-08-28 00:00:00+00:00,288,10,1,0.028300727382037743,0.034722222222222224,0.003472222222222222,0.00019842057224493036,0.000167897918065816,1.173359097279507,2.3351043158425586,1594
time_bars,2025-08-29 00:00:00+00:00,285,28,7,0.027947404162804224,0.09824561403508772,0.02456140350877193,0.000555577602285805,0.0011752854264607119,-3.781383018827115,4.704838772367928,715
time_bars,2025-08-30 00:00:00+00:00,288,2,0,0.021021070273533657,0.006944444444444444,0.0,3.968411444898607e-05,0.0,0.39200327686304676,1.4791124235257218,1913
time_bars,2025-08-31 00:00:00+00:00,288,0,0,0.0324375013484294,0.0,0.0,0.0,0.0,-0.5066233071435661,1.3049887464339416,1952
time_bars,2025-09-01 00:00:00+00:00,288,16,5,0.04257725123633957,0.05555555555555555,0.017361111111111112,0.00031747291559188856,0.0008394895903290799,0.9011253900468055,2.4538016750966904,1559
time_bars,2025-09-02 00:00:00+00:00,288,23,3,0.03102431573583414,0.0798611111111111,0.010416666666666666,0.0004563673161633398,0.0005036937541974479,1.8152211013742574,3.098372074865286,1282
time_bars,2025-09-03 00:00:00+00:00,288,11,1,0.027790593461292683,0.03819444444444445,0.003472222222222222,0.00021826262946942338,0.000167897918065816,0.42351857826164807,1.8422414929946715,1806
time_bars,2025-09-04 00:00:00+00:00,288,8,2,0.03134213761712029,0.027777777777777776,0.006944444444444444,0.00015873645779594428,0.000335795836131632,-0.881811928061847,2.590590745921502,1488
time_bars,2025-09-05 00:00:00+00:00,288,26,6,0.03147090653652935,0.09027777777777778,0.020833333333333332,0.0005158934878368189,0.0010073875083948958,-0.05838376554942766,2.855705702037355,1386
time_bars,2025-09-06 00:00:00+00:00,288,2,2,0.019374514127198574,0.006944444444444444,0.006944444444444444,3.968411444898607e-05,0.000335795836131632,-0.4344285725135612,1.2719850999931357,1964
time_bars,2025-09-07 00:00:00+00:00,288,1,1,0.037182708774568224,0.003472222222222222,0.003472222222222222,1.9842057224493035e-05,0.000167897918065816,0.8505949719776638,1.2982860090722892,1955
time_bars,2025-09-08 00:00:00+00:00,288,2,1,0.04022980993615844,0.006944444444444444,0.003472222222222222,3.968411444898607e-05,0.000167897918065816,0.8401214692628167,2.0598300443524895,1704
time_bars,2025-09-09 00:00:00+00:00,288,15,5,0.03130917327386114,0.052083333333333336,0.017361111111111112,0.0002976308583673955,0.0008394895903290799,-0.4588563684968636,2.253336981431916,1629
time_bars,2025-09-10 00:00:00+00:00,288,15,2,0.0302028497420187,0.052083333333333336,0.006944444444444444,0.0002976308583673955,0.000335795836131632,2.1269081199667506,3.049044577725777,1299
time_bars,2025-09-11 00:00:00+00:00,288,10,5,0.026748042125263716,0.034722222222222224,0.017361111111111112,0.00019842057224493036,0.0008394895903290799,1.3345520273274467,1.834392508974422,1809
time_bars,2025-09-12 00:00:00+00:00,288,6,4,0.030700170705859193,0.020833333333333332,0.013888888888888888,0.00011905234334695822,0.000671591672263264,0.47656713594299005,1.6639436994681005,1861
time_bars,2025-09-13 00:00:00+00:00,288,2,1,0.02455936809372501,0.006944444444444444,0.003472222222222222,3.968411444898607e-05,0.000167897918065816,-0.09980974866406882,1.049312326664393,2011
time_bars,2025-09-14 00:00:00+00:00,288,0,0,0.04267531345828074,0.0,0.0,0.0,0.0,-0.5649319334553382,0.9180948316594961,2029
time_bars,2025-09-15 00:00:00+00:00,288,9,3,0.04103239843675831,0.03125,0.010416666666666666,0.00017857851502043733,0.0005036937541974479,0.07860810276432227,2.095634254666769,1694
time_bars,2025-09-16 00:00:00+00:00,288,11,4,0.029976804374193693,0.03819444444444445,0.013888888888888888,0.00021826262946942338,0.000671591672263264,1.24700061642051,1.9963446585260316,1737
time_bars,2025-09-17 00:00:00+00:00,288,18,6,0.03573101620355254,0.0625,0.020833333333333332,0.00035715703004087466,0.0010073875083948958,-0.2957757213333136,2.2797170117340446,1618
time_bars,2025-09-18 00:00:00+00:00,288,8,1,0.02420783558295568,0.027777777777777776,0.003472222222222222,0.00015873645779594428,0.000167897918065816,0.5265206146842182,1.5747495147689943,1893
time_bars,2025-09-19 00:00:00+00:00,288,5,2,0.025889668266816768,0.017361111111111112,0.006944444444444444,9.921028612246518e-05,0.000335795836131632,-1.2447997368765147,2.0278880058350044,1723
time_bars,2025-09-20 00:00:00+00:00,288,0,0,0.025975747495716395,0.0,0.0,0.0,0.0,0.04783850918133481,0.6190107846086044,2056
time_bars,2025-09-21 00:00:00+00:00,288,0,0,0.036746230002588386,0.0,0.0,0.0,0.0,-0.38222142821546345,0.554662952030895,2061
time_bars,2025-09-22 00:00:00+00:00,288,17,8,0.04006259460555754,0.059027777777777776,0.027777777777777776,0.0003373149728163816,0.001343183344526528,-2.2646526041006734,3.4175849922834347,1145
time_bars,2025-09-23 00:00:00+00:00,288,0,0,0.025996647186309823,0.0,0.0,0.0,0.0,-0.5857910501262777,1.6467040156176296,1867
time_bars,2025-09-24 00:00:00+00:00,288,6,3,0.03189244670074762,0.020833333333333332,0.010416666666666666,0.00011905234334695822,0.0005036937541974479,1.160753881953896,2.6339551117438567,1471
time_bars,2025-09-25 00:00:00+00:00,288,21,6,0.04224731118858737,0.07291666666666667,0.020833333333333332,0.00041668320171435377,0.0010073875083948958,-3.8885416681585134,4.403597126716196,794
time_bars,2025-09-26 00:00:00+00:00,288,2,1,0.027168823595778886,0.006944444444444444,0.003472222222222222,3.968411444898607e-05,0.000167897918065816,0.5984739844280966,1.539223135193352,1900
time_bars,2025-09-27 00:00:00+00:00,288,0,0,0.016932032321248694,0.0,0.0,0.0,0.0,-0.010220572744238288,0.6200587802052205,2055
time_bars,2025-09-28 00:00:00+00:00,288,7,5,0.04552078843975084,0.024305555555555556,0.017361111111111112,0.00013889440057145126,0.0008394895903290799,2.2936835008327408,2.8574469402857217,1384
time_bars,2025-09-29 00:00:00+00:00,288,11,3,0.02971341466886294,0.03819444444444445,0.010416666666666666,0.00021826262946942338,0.0005036937541974479,1.8884121675155259,2.546819891355206,1509
time_bars,2025-09-30 00:00:00+00:00,288,7,3,0.03224027652145768,0.024305555555555556,0.010416666666666666,0.00013889440057145126,0.0005036937541974479,-0.2350974309517047,1.921389819214847,1771
time_bars,2025-10-01 00:00:00+00:00,288,29,10,0.0325646305765627,0.10069444444444445,0.034722222222222224,0.000575419659510298,0.0016789791806581598,3.925573625452916,4.070897612507407,893
time_bars,2025-10-02 00:00:00+00:00,288,19,4,0.03128033285467894,0.06597222222222222,0.013888888888888888,0.00037699908726536766,0.000671591672263264,1.614287127813545,2.3180850812929967,1603
time_bars,2025-10-03 00:00:00+00:00,288,32,10,0.03831395393426705,0.1111111111111111,0.034722222222222224,0.0006349458311837771,0.0016789791806581598,1.4022911354571903,3.8672034003847418,970
time_bars,2025-10-04 00:00:00+00:00,288,0,0,0.02064907358569092,0.0,0.0,0.0,0.0,0.1313563011283322,1.1048659748521896,2001
time_bars,2025-10-05 00:00:00+00:00,288,23,6,0.03450145431003477,0.0798611111111111,0.020833333333333332,0.0004563673161633398,0.0010073875083948958,0.8817247511701201,3.056470769756972,1297
time_bars,2025-10-06 00:00:00+00:00,288,20,5,0.03134846521213027,0.06944444444444445,0.017361111111111112,0.0003968411444898607,0.0008394895903290799,0.9689854543644958,2.5600550679705467,1507
time_bars,2025-10-07 00:00:00+00:00,288,34,10,0.03367052139551196,0.11805555555555555,0.034722222222222224,0.0006746299456327632,0.0016789791806581598,-2.718259908006188,3.73149059356346,1014
time_bars,2025-10-08 00:00:00+00:00,288,15,2,0.028448014385328173,0.052083333333333336,0.006944444444444444,0.0002976308583673955,0.000335795836131632,1.595704796272087,2.5822080211751675,1496
time_bars,2025-10-09 00:00:00+00:00,288,32,8,0.03394624146673334,0.1111111111111111,0.027777777777777776,0.0006349458311837771,0.001343183344526528,-1.3545851681414887,3.4258007346191484,1144
time_bars,2025-10-10 00:00:00+00:00,288,48,16,0.05367488383106979,0.16666666666666666,0.05555555555555555,0.0009524187467756657,0.002686366689053056,-7.570592557385282,18.786519304248785,16
time_bars,2025-10-11 00:00:00+00:00,288,17,0,0.009388216046875609,0.059027777777777776,0.0,0.0003373149728163816,0.0,-1.9131406933391073,3.4106369011157835,1153
time_bars,2025-10-12 00:00:00+00:00,288,27,1,0.031051046560780227,0.09375,0.003472222222222222,0.0005357355450613119,0.000167897918065816,3.8282343661196108,5.525300694025778,516
time_bars,2025-10-13 00:00:00+00:00,288,12,1,0.020899161074413274,0.041666666666666664,0.003472222222222222,0.00023810468669391643,0.000167897918065816,0.18903827436171178,2.014337483260555,1731
time_bars,2025-10-14 00:00:00+00:00,288,37,6,0.03393076216644541,0.1284722222222222,0.020833333333333332,0.0007341561173062423,0.0010073875083948958,-1.8661121858067273,4.938066339253804,646
time_bars,2025-10-15 00:00:00+00:00,288,21,1,0.028059991047675967,0.07291666666666667,0.003472222222222222,0.00041668320171435377,0.000167897918065816,-2.0430524435175577,3.111132925064907,1273
time_bars,2025-10-16 00:00:00+00:00,288,34,6,0.030392676333867084,0.11805555555555555,0.020833333333333332,0.0006746299456327632,0.0010073875083948958,-2.3487051534543024,4.204714032246276,853
time_bars,2025-10-17 00:00:00+00:00,288,45,4,0.028831352006835707,0.15625,0.013888888888888888,0.0008928925751021866,0.000671591672263264,-1.6324229206615193,5.389751619043679,549
time_bars,2025-10-18 00:00:00+00:00,288,1,0,0.019139894836238854,0.003472222222222222,0.0,1.9842057224493035e-05,0.0,0.6922873978452134,1.106679471223596,2000
time_bars,2025-10-19 00:00:00+00:00,288,16,8,0.03320010171032693,0.05555555555555555,0.027777777777777776,0.00031747291559188856,0.001343183344526528,1.3617964803921325,3.104460521209336,1279
time_bars,2025-10-20 00:00:00+00:00,288,23,3,0.031061555943372066,0.0798611111111111,0.010416666666666666,0.0004563673161633398,0.0005036937541974479,1.7198758058314068,3.902110925101438,947
time_bars,2025-10-21 00:00:00+00:00,288,56,6,0.040820921180850504,0.19444444444444445,0.020833333333333332,0.00111115520457161,0.0010073875083948958,-2.026553922359673,5.911181197748516,439
time_bars,2025-10-22 00:00:00+00:00,288,22,2,0.020637374962210946,0.0763888888888889,0.006944444444444444,0.00043652525893884676,0.000335795836131632,-0.6689992502485113,2.5982308860045014,1483
time_bars,2025-10-23 00:00:00+00:00,288,19,3,0.028774816607184044,0.06597222222222222,0.010416666666666666,0.00037699908726536766,0.0005036937541974479,2.2919875314517943,3.454435764344468,1136
time_bars,2025-10-24 00:00:00+00:00,288,14,4,0.028805241376900374,0.04861111111111111,0.013888888888888888,0.0002777888011429025,0.000671591672263264,0.8501739509132198,2.197295892258235,1647
time_bars,2025-10-25 00:00:00+00:00,288,0,0,0.022046998132237542,0.0,0.0,0.0,0.0,0.560762234884549,1.1715857383784791,1992
time_bars,2025-10-26 00:00:00+00:00,288,20,13,0.03966900430997686,0.06944444444444445,0.04513888888888889,0.0003968411444898607,0.002182672934855608,2.572954547863026,3.8128009286235804,990
time_bars,2025-10-27 00:00:00+00:00,288,8,2,0.022419882408555098,0.027777777777777776,0.006944444444444444,0.00015873645779594428,0.000335795836131632,-0.3795911139061532,2.248668210457376,1632
time_bars,2025-10-28 00:00:00+00:00,288,23,3,0.0373891061477666,0.0798611111111111,0.010416666666666666,0.0004563673161633398,0.0005036937541974479,-1.0848166987331052,3.46482904640197,1133
time_bars,2025-10-29 00:00:00+00:00,288,26,4,0.03147269253192008,0.09027777777777778,0.013888888888888888,0.0005158934878368189,0.000671591672263264,-2.5563832655839294,4.103182993229142,885
time_bars,2025-10-30 00:00:00+00:00,288,36,2,0.029355950926721275,0.125,0.006944444444444444,0.0007143140600817493,0.000335795836131632,-1.5781377708977498,4.92841682166839,650
time_bars,2025-10-31 00:00:00+00:00,288,24,1,0.03493726958527979,0.08333333333333333,0.003472222222222222,0.00047620937338783287,0.000167897918065816,1.1878705965443537,2.739992314755659,1433
time_bars,2025-11-01 00:00:00+00:00,288,2,0,0.017889411341205575,0.006944444444444444,0.0,3.968411444898607e-05,0.0,0.4462577372576329,1.0963760613837137,2002
time_bars,2025-11-02 00:00:00+00:00,288,5,4,0.04001499156880294,0.017361111111111112,0.013888888888888888,9.921028612246518e-05,0.000671591672263264,0.4059092677621971,1.6747684664207014,1856
time_bars,2025-11-03 00:00:00+00:00,288,33,9,0.040950076398929454,0.11458333333333333,0.03125,0.0006547878884082701,0.0015110812625923438,-3.641132067826553,5.010978329836567,628
time_bars,2025-11-04 00:00:00+00:00,288,61,7,0.04015594550775315,0.21180555555555555,0.024305555555555556,0.0012103654906940751,0.0011752854264607119,-4.898902197908021,8.137074625403873,200
time_bars,2025-11-05 00:00:00+00:00,288,19,0,0.020551479364584214,0.06597222222222222,0.0,0.00037699908726536766,0.0,2.3254324253143484,5.495679194716265,523
time_bars,2025-11-06 00:00:00+00:00,288,36,4,0.03394526084034554,0.125,0.013888888888888888,0.0007143140600817493,0.000671591672263264,-2.46806708682864,3.8858664435622186,956
time_bars,2025-11-07 00:00:00+00:00,288,28,3,0.030958522210632437,0.09722222222222222,0.010416666666666666,0.000555577602285805,0.0005036937541974479,1.9546022608383389,4.7932461578272285,689
time_bars,2025-11-08 00:00:00+00:00,288,4,0,0.02154263172877047,0.013888888888888888,0.0,7.936822889797214e-05,0.0,-1.0079151515096083,1.927746770409804,1766
time_bars,2025-11-09 00:00:00+00:00,288,17,6,0.040685593319260506,0.059027777777777776,0.020833333333333332,0.0003373149728163816,0.0010073875083948958,2.3208745984352834,4.0055659499559315,913
time_bars,2025-11-10 00:00:00+00:00,288,20,4,0.02678006973334351,0.06944444444444445,0.013888888888888888,0.0003968411444898607,0.000671591672263264,1.230188750551295,2.3333707508824926,1598
time_bars,2025-11-11 00:00:00+00:00,288,25,2,0.03114576754050856,0.08680555555555555,0.006944444444444444,0.0004960514306123259,0.000335795836131632,-2.8335821711187665,4.835945386754171,677
time_bars,2025-11-12 00:00:00+00:00,288,31,5,0.033266759538744334,0.1076388888888889,0.017361111111111112,0.0006151037739592841,0.0008394895903290799,-1.3684677194684596,4.452989959428893,784
time_bars,2025-11-13 00:00:00+00:00,288,71,5,0.035693094896407845,0.2465277777777778,0.017361111111111112,0.0014087860629390055,0.0008394895903290799,-1.9393423372751017,6.007838584850212,421
time_bars,2025-11-14 00:00:00+00:00,288,47,4,0.037620276207175445,0.16319444444444445,0.013888888888888888,0.0009325766895511726,0.000671591672263264,-5.263234282119408,6.098129969321175,415
time_bars,2025-11-15 00:00:00+00:00,288,6,0,0.023468912709568825,0.020833333333333332,0.0,0.00011905234334695822,0.0,1.0682607906315553,2.3794281706280485,1587
time_bars,2025-11-16 00:00:00+00:00,288,30,8,0.044130255383782645,0.10416666666666667,0.027777777777777776,0.000595261716734791,0.001343183344526528,-1.4107992313174897,3.8809700322139795,958
time_bars,2025-11-17 00:00:00+00:00,288,34,3,0.030806704336150372,0.11805555555555555,0.010416666666666666,0.0006746299456327632,0.0005036937541974479,-2.2019072842377168,5.087227426416589,617
time_bars,2025-11-18 00:00:00+00:00,288,36,2,0.03366309139405757,0.125,0.006944444444444444,0.0007143140600817493,0.000335795836131632,0.8073017214048752,5.2384068979549046,588
time_bars,2025-11-19 00:00:00+00:00,288,50,2,0.033664948847922434,0.1736111111111111,0.006944444444444444,0.0009921028612246518,0.000335795836131632,-1.5268233771931163,4.827579755022958,681
time_bars,2025-11-20 00:00:00+00:00,288,44,2,0.03546321832075302,0.1527777777777778,0.006944444444444444,0.0008730505178776935,0.000335795836131632,-5.512250109705976,7.9089681896803405,222
time_bars,2025-11-21 00:00:00+00:00,288,53,3,0.041160334216343956,0.1840277777777778,0.010416666666666666,0.001051629032898131,0.0005036937541974479,-1.7565329785854213,8.17446370770637,198
time_bars,2025-11-22 00:00:00+00:00,288,2,1,0.021104100689700426,0.006944444444444444,0.003472222222222222,3.968411444898607e-05,0.000167897918065816,-0.476138086411569,2.536456805858174,1517
time_bars,2025-11-23 00:00:00+00:00,288,20,5,0.037315786704610485,0.06944444444444445,0.017361111111111112,0.0003968411444898607,0.0008394895903290799,2.470488116254912,4.02782528550658,906
time_bars,2025-11-24 00:00:00+00:00,288,37,2,0.03430451534141146,0.1284722222222222,0.006944444444444444,0.0007341561173062423,0.000335795836131632,1.6446658646615777,4.531527790063953,760
time_bars,2025-11-25 00:00:00+00:00,288,21,3,0.03792163358935264,0.07291666666666667,0.010416666666666666,0.00041668320171435377,0.0005036937541974479,-1.0514349770818217,2.7691903523260493,1421
time_bars,2025-11-26 00:00:00+00:00,288,26,1,0.03180180597863112,0.09027777777777778,0.003472222222222222,0.0005158934878368189,0.000167897918065816,3.503915447288266,4.968908046232028,639
time_bars,2025-11-27 00:00:00+00:00,288,16,1,0.024615863999987705,0.05555555555555555,0.003472222222222222,0.00031747291559188856,0.000167897918065816,0.9404135450429048,2.0967340864174027,1691
time_bars,2025-11-28 00:00:00+00:00,288,30,6,0.03364220290301259,0.10416666666666667,0.020833333333333332,0.000595261716734791,0.0010073875083948958,-0.48797725029540995,3.192892720575928,1249
time_bars,2025-11-29 00:00:00+00:00,288,3,2,0.02596666314243175,0.010416666666666666,0.006944444444444444,5.952617167347911e-05,0.000335795836131632,-0.0911830066348788,1.144791826380918,1996
time_bars,2025-11-30 00:00:00+00:00,288,4,3,0.036992767473377035,0.013888888888888888,0.010416666666666666,7.936822889797214e-05,0.0005036937541974479,-0.4907084129233739,1.7937818811429584,1828
time_bars,2025-12-01 00:00:00+00:00,288,64,11,0.04636969293491554,0.2222222222222222,0.03819444444444445,0.0012698916623675542,0.0018468770987239758,-4.621179583425689,7.594404568266855,244
time_bars,2025-12-02 00:00:00+00:00,288,40,5,0.02817357902071528,0.1388888888888889,0.017361111111111112,0.0007936822889797214,0.0008394895903290799,5.6441629069872725,6.877870129095342,312
time_bars,2025-12-03 00:00:00+00:00,288,37,2,0.03234116499527438,0.1284722222222222,0.006944444444444444,0.0007341561173062423,0.000335795836131632,2.304872004495395,3.489825341198128,1121
time_bars,2025-12-04 00:00:00+00:00,288,27,4,0.029826789145902883,0.09375,0.013888888888888888,0.0005357355450613119,0.000671591672263264,-1.447724052573014,3.481317140448702,1123
time_bars,2025-12-05 00:00:00+00:00,288,33,6,0.02751119521031784,0.11458333333333333,0.020833333333333332,0.0006547878884082701,0.0010073875083948958,-3.029297965550565,5.192877499148198,596
time_bars,2025-12-06 00:00:00+00:00,288,2,1,0.021087147174794187,0.006944444444444444,0.003472222222222222,3.968411444898607e-05,0.000167897918065816,-0.10252923121077546,1.5488727379588458,1897
time_bars,2025-12-07 00:00:00+00:00,288,32,10,0.04632921660056901,0.1111111111111111,0.034722222222222224,0.0006349458311837771,0.0016789791806581598,1.279157477975897,4.497720333352991,774
time_bars,2025-12-08 00:00:00+00:00,288,24,1,0.025964438171893506,0.08333333333333333,0.003472222222222222,0.00047620937338783287,0.000167897918065816,0.29333086161004085,2.9799296958957893,1331
time_bars,2025-12-09 00:00:00+00:00,288,31,7,0.03297025288431874,0.1076388888888889,0.024305555555555556,0.0006151037739592841,0.0011752854264607119,2.2130331275809407,5.640892884257279,491
time_bars,2025-12-10 00:00:00+00:00,288,34,6,0.032482746582320234,0.11805555555555555,0.020833333333333332,0.0006746299456327632,0.0010073875083948958,-0.7158681131120866,3.144636213264793,1264
time_bars,2025-12-11 00:00:00+00:00,288,38,3,0.02778990818584553,0.13194444444444445,0.010416666666666666,0.0007539981745307353,0.0005036937541974479,0.5421389766001056,4.7586151146279665,696
time_bars,2025-12-12 00:00:00+00:00,288,21,2,0.024844482787701086,0.07291666666666667,0.006944444444444444,0.00041668320171435377,0.000335795836131632,-2.460892014901519,3.6128399448145143,1066
time_bars,2025-12-13 00:00:00+00:00,288,0,0,0.016231968325912075,0.0,0.0,0.0,0.0,-0.04256710757597408,0.9839750757811392,2024
time_bars,2025-12-14 00:00:00+00:00,288,16,9,0.04429287899561827,0.05555555555555555,0.03125,0.00031747291559188856,0.0015110812625923438,-2.3247066041091355,3.2998712396528096,1199
time_bars,2025-12-15 00:00:00+00:00,288,33,5,0.04272405029506862,0.11458333333333333,0.017361111111111112,0.0006547878884082701,0.0008394895903290799,-1.9815133218761298,5.59932451899458,503
time_bars,2025-12-16 00:00:00+00:00,288,20,1,0.02442275448511093,0.06944444444444445,0.003472222222222222,0.0003968411444898607,0.000167897918065816,1.6455503698275336,3.366415462118835,1173
time_bars,2025-12-17 00:00:00+00:00,288,35,4,0.034531810711461,0.12152777777777778,0.013888888888888888,0.0006944720028572562,0.000671591672263264,-1.8672261223428923,5.811644617357647,452
time_bars,2025-12-18 00:00:00+00:00,288,46,4,0.030827684052759294,0.1597222222222222,0.013888888888888888,0.0009127346323266796,0.000671591672263264,-0.8526811814047577,5.798704073096967,454
time_bars,2025-12-19 00:00:00+00:00,288,23,3,0.027515879146415123,0.0798611111111111,0.010416666666666666,0.0004563673161633398,0.0005036937541974479,3.030943576928498,4.944789385841648,645
time_bars,2025-12-20 00:00:00+00:00,288,1,1,0.013312663630454375,0.003472222222222222,0.003472222222222222,1.9842057224493035e-05,0.000167897918065816,0.2503107516642736,0.9682896051791681,2025
time_bars,2025-12-21 00:00:00+00:00,288,9,3,0.042328509298159143,0.03125,0.010416666666666666,0.00017857851502043733,0.0005036937541974479,0.33977268165936414,1.7005084217401365,1849
time_bars,2025-12-22 00:00:00+00:00,288,31,6,0.03602650547000066,0.1076388888888889,0.020833333333333332,0.0006151037739592841,0.0010073875083948958,-0.04492028418201951,3.0858239933070784,1287
time_bars,2025-12-23 00:00:00+00:00,288,19,6,0.03245010265620561,0.06597222222222222,0.020833333333333332,0.00037699908726536766,0.0010073875083948958,-1.2707185405369374,2.7006746783159308,1443
time_bars,2025-12-24 00:00:00+00:00,288,8,3,0.023512562780534242,0.027777777777777776,0.010416666666666666,0.00015873645779594428,0.0005036937541974479,0.18744597570795582,1.9248445194569703,1770
time_bars,2025-12-25 00:00:00+00:00,288,9,6,0.03036669613426837,0.03125,0.020833333333333332,0.00017857851502043733,0.0010073875083948958,-0.5086670670697425,1.9281937540562615,1765
time_bars,2025-12-26 00:00:00+00:00,288,27,5,0.028475754725081674,0.09375,0.017361111111111112,0.0005357355450613119,0.0008394895903290799,0.15518538824772904,3.3352412375931504,1182
time_bars,2025-12-27 00:00:00+00:00,288,0,0,0.01892387917528687,0.0,0.0,0.0,0.0,0.5836233655828531,0.8608187780229188,2035
time_bars,2025-12-28 00:00:00+00:00,288,0,0,0.036180586652694254,0.0,0.0,0.0,0.0,0.10355619702108801,0.7701161089607892,2044
time_bars,2025-12-29 00:00:00+00:00,288,31,12,0.037692522279609335,0.1076388888888889,0.041666666666666664,0.0006151037739592841,0.0020147750167897917,-0.8189685439989572,4.08042903524723,891
time_bars,2025-12-30 00:00:00+00:00,288,21,2,0.030217500241912665,0.07291666666666667,0.006944444444444444,0.00041668320171435377,0.000335795836131632,1.4256312180540953,2.9137314223740622,1363
time_bars,2025-12-31 00:00:00+00:00,288,8,1,0.02307264736710153,0.027777777777777776,0.003472222222222222,0.00015873645779594428,0.000167897918065816,-0.9621608287314999,2.2719848805860274,1620
time_bars,2026-01-01 00:00:00+00:00,288,1,1,0.02705608624200234,0.003472222222222222,0.003472222222222222,1.9842057224493035e-05,0.000167897918065816,1.3510907685720743,1.5568108026613638,1895
time_bars,2026-01-02 00:00:00+00:00,288,33,5,0.042928059128807455,0.11458333333333333,0.017361111111111112,0.0006547878884082701,0.0008394895903290799,1.288287447963128,2.9239627628423306,1355
time_bars,2026-01-03 00:00:00+00:00,288,2,1,0.018724776219723138,0.006944444444444444,0.003472222222222222,3.968411444898607e-05,0.000167897918065816,0.7137218169919061,1.6176765337168708,1882
time_bars,2026-01-04 00:00:00+00:00,288,5,4,0.03791020851805711,0.017361111111111112,0.013888888888888888,9.921028612246518e-05,0.000671591672263264,0.9899423431647439,1.2984389721403116,1954
time_bars,2026-01-05 00:00:00+00:00,288,29,9,0.03715697355129591,0.10069444444444445,0.03125,0.000575419659510298,0.0015110812625923438,2.509526275236487,3.526843648459918,1101
time_bars,2026-01-06 00:00:00+00:00,288,27,5,0.03411579410518008,0.09375,0.017361111111111112,0.0005357355450613119,0.0008394895903290799,-0.12190031600637305,3.455061901766581,1135
time_bars,2026-01-07 00:00:00+00:00,288,14,1,0.026923356979552334,0.04861111111111111,0.003472222222222222,0.0002777888011429025,0.000167897918065816,-2.5727209758345246,3.3354109685901627,1181
time_bars,2026-01-08 00:00:00+00:00,288,16,4,0.031843837536969746,0.05555555555555555,0.013888888888888888,0.00031747291559188856,0.000671591672263264,-0.2983690615988538,2.6799755456868986,1449
time_bars,2026-01-09 00:00:00+00:00,288,16,2,0.030384069711241787,0.05555555555555555,0.006944444444444444,0.00031747291559188856,0.000335795836131632,-0.5022486191318496,2.605638300309025,1481
time_bars,2026-01-10 00:00:00+00:00,288,0,0,0.015124428869481177,0.0,0.0,0.0,0.0,-0.1481168394416778,0.49505598160157654,2065
time_bars,2026-01-11 00:00:00+00:00,288,3,2,0.05113015770640238,0.010416666666666666,0.006944444444444444,5.952617167347911e-05,0.000335795836131632,0.5453233167725594,1.1874835699077866,1986
time_bars,2026-01-12 00:00:00+00:00,288,30,8,0.03697841172927999,0.10416666666666667,0.027777777777777776,0.000595261716734791,0.001343183344526528,0.3163264023845041,2.6518406874423412,1464
time_bars,2026-01-13 00:00:00+00:00,288,31,6,0.035031325127691665,0.1076388888888889,0.020833333333333332,0.0006151037739592841,0.0010073875083948958,4.418819724042889,6.232445737620797,395
time_bars,2026-01-14 00:00:00+00:00,288,20,3,0.02971370004921006,0.06944444444444445,0.010416666666666666,0.0003968411444898607,0.0005036937541974479,1.594245633332247,3.6591369161108354,1050
time_bars,2026-01-15 00:00:00+00:00,288,20,2,0.028058717394447055,0.06944444444444445,0.006944444444444444,0.0003968411444898607,0.000335795836131632,-1.3931363492776487,2.1588998810996993,1659
time_bars,2026-01-16 00:00:00+00:00,288,9,3,0.022717657729079507,0.03125,0.010416666666666666,0.00017857851502043733,0.0005036937541974479,-0.06667675264335951,1.6737254696329529,1857
time_bars,2026-01-17 00:00:00+00:00,288,0,0,0.021973468842322694,0.0,0.0,0.0,0.0,-0.415400071763556,0.6761851876804894,2050
time_bars,2026-01-18 00:00:00+00:00,288,7,2,0.041824137253598646,0.024305555555555556,0.006944444444444444,0.00013889440057145126,0.000335795836131632,-1.5832091605095657,2.0522270405892997,1707
time_bars,2026-01-19 00:00:00+00:00,288,11,3,0.023805094065463748,0.03819444444444445,0.010416666666666666,0.00021826262946942338,0.0005036937541974479,-1.100312061858494,1.9568715537522645,1753
time_bars,2026-01-20 00:00:00+00:00,288,28,12,0.04443811991291878,0.09722222222222222,0.041666666666666664,0.000555577602285805,0.0020147750167897917,-4.641119518164191,5.601573191627503,502
time_bars,2026-01-21 00:00:00+00:00,288,36,5,0.029129691421381436,0.125,0.017361111111111112,0.0007143140600817493,0.0008394895903290799,1.1481430339019247,3.8181291949521765,989
time_bars,2026-01-22 00:00:00+00:00,288,11,0,0.020499026790299295,0.03819444444444445,0.0,0.00021826262946942338,0.0,0.11971170026957671,2.083039275814233,1697
time_bars,2026-01-23 00:00:00+00:00,288,21,4,0.031152037983062937,0.07291666666666667,0.013888888888888888,0.00041668320171435377,0.000671591672263264,0.04500854735788816,2.9658593393003168,1336
time_bars,2026-01-24 00:00:00+00:00,288,1,1,0.014160327108061298,0.003472222222222222,0.003472222222222222,1.9842057224493035e-05,0.000167897918065816,-0.4229627754451313,0.8681094991421646,2034
time_bars,2026-01-25 00:00:00+00:00,288,21,9,0.06035637272502567,0.07291666666666667,0.03125,0.00041668320171435377,0.0015110812625923438,-2.903117032044355,3.719582961321493,1021
time_bars,2026-01-26 00:00:00+00:00,288,16,0,0.02974256478771346,0.05555555555555555,0.0,0.00031747291559188856,0.0,1.911342446217093,2.7051695405239924,1440
time_bars,2026-01-27 00:00:00+00:00,288,18,5,0.03105812463502779,0.0625,0.017361111111111112,0.00035715703004087466,0.0008394895903290799,1.0109473000864226,2.527340222855191,1522
time_bars,2026-01-28 00:00:00+00:00,288,14,3,0.03304109629745804,0.04861111111111111,0.010416666666666666,0.0002777888011429025,0.0005036937541974479,0.0716128900180474,2.014465594005173,1730
time_bars,2026-01-29 00:00:00+00:00,288,38,10,0.03336712118200387,0.13194444444444445,0.034722222222222224,0.0007539981745307353,0.0016789791806581598,-5.358268388028013,6.928137266933194,306
time_bars,2026-01-30 00:00:00+00:00,288,31,2,0.03205890339240522,0.1076388888888889,0.006944444444444444,0.0006151037739592841,0.000335795836131632,-0.4659516616968221,4.46333885879074,782
time_bars,2026-01-31 00:00:00+00:00,288,42,8,0.030239458617585653,0.14583333333333334,0.027777777777777776,0.0008333664034287075,0.001343183344526528,-6.760074825079715,10.95312761305242,84
time_bars,2026-02-01 00:00:00+00:00,288,30,2,0.03418393957897797,0.10416666666666667,0.006944444444444444,0.000595261716734791,0.000335795836131632,-2.281286969184403,4.841994070890294,672
time_bars,2026-02-02 00:00:00+00:00,288,37,1,0.025115376306333256,0.1284722222222222,0.003472222222222222,0.0007341561173062423,0.000167897918065816,2.263113689713623,6.183972472334079,400
time_bars,2026-02-03 00:00:00+00:00,288,51,7,0.03715266923072727,0.17708333333333334,0.024305555555555556,0.0010119449184491447,0.0011752854264607119,-3.834177812058596,8.256853805305978,191
time_bars,2026-02-04 00:00:00+00:00,288,42,1,0.03503573322437587,0.14583333333333334,0.003472222222222222,0.0008333664034287075,0.000167897918065816,-3.486621033350765,6.877476442336248,313
time_bars,2026-02-05 00:00:00+00:00,288,59,7,0.041397359170618625,0.2048611111111111,0.024305555555555556,0.0011706813762450891,0.0011752854264607119,-15.130235026719161,16.389273171670705,26
time_bars,2026-02-06 00:00:00+00:00,288,32,0,0.026023545574210594,0.1111111111111111,0.0,0.0006349458311837771,0.0,11.520483551830653,18.168590330405788,20
time_bars,2026-02-07 00:00:00+00:00,288,34,3,0.025476541433995456,0.11805555555555555,0.010416666666666666,0.0006746299456327632,0.0005036937541974479,-1.845992331765285,6.393424938283239,366
time_bars,2026-02-08 00:00:00+00:00,288,32,9,0.030129211538726552,0.1111111111111111,0.03125,0.0006349458311837771,0.0015110812625923438,1.4817272947852556,4.89854114447085,660
time_bars,2026-02-09 00:00:00+00:00,288,35,1,0.026716088638183207,0.12152777777777778,0.003472222222222222,0.0006944720028572562,0.000167897918065816,-0.2531363821586148,4.529121319409451,762
time_bars,2026-02-10 00:00:00+00:00,288,22,0,0.02590548662206131,0.0763888888888889,0.0,0.00043652525893884676,0.0,-1.8793218306588988,3.7825656348709895,998
time_bars,2026-02-11 00:00:00+00:00,288,43,1,0.03533354986515517,0.14930555555555555,0.003472222222222222,0.0008532084606532005,0.000167897918065816,-2.5776546611720903,5.252605294837875,586
time_bars,2026-02-12 00:00:00+00:00,288,25,1,0.031127850371815733,0.08680555555555555,0.003472222222222222,0.0004960514306123259,0.000167897918065816,-1.2178887033403802,4.952085439697932,643
time_bars,2026-02-13 00:00:00+00:00,288,21,2,0.022019826547904155,0.07291666666666667,0.006944444444444444,0.00041668320171435377,0.000335795836131632,3.81833780324458,5.381336045571918,552
time_bars,2026-02-14 00:00:00+00:00,288,13,4,0.020473385313824644,0.04513888888888889,0.013888888888888888,0.00025794674391840946,0.000671591672263264,1.4051908896516665,2.6840288999290234,1447
time_bars,2026-02-15 00:00:00+00:00,288,19,7,0.03268915040964194,0.06597222222222222,0.024305555555555556,0.00037699908726536766,0.0011752854264607119,-1.4409419233245184,4.18703999119071,862
time_bars,2026-02-16 00:00:00+00:00,288,20,6,0.029716179538606065,0.06944444444444445,0.020833333333333332,0.0003968411444898607,0.0010073875083948958,0.09530770142203074,4.166125562500938,867
time_bars,2026-02-17 00:00:00+00:00,288,29,2,0.03386763664204851,0.10069444444444445,0.006944444444444444,0.000575419659510298,0.000335795836131632,-2.0342717878409387,3.888969090677716,955
time_bars,2026-02-18 00:00:00+00:00,288,22,4,0.02841032279992789,0.0763888888888889,0.013888888888888888,0.00043652525893884676,0.000671591672263264,-1.5730126051371196,3.89118097013854,954
time_bars,2026-02-19 00:00:00+00:00,288,19,1,0.02820996534600177,0.06597222222222222,0.003472222222222222,0.00037699908726536766,0.000167897918065816,0.8262607831633116,2.5641176285193827,1504
time_bars,2026-02-20 00:00:00+00:00,288,29,6,0.028245959528372735,0.10069444444444445,0.020833333333333332,0.000575419659510298,0.0010073875083948958,1.4900255811758671,2.7852048098850584,1411
time_bars,2026-02-21 00:00:00+00:00,288,2,2,0.019940254883478604,0.006944444444444444,0.006944444444444444,3.968411444898607e-05,0.000335795836131632,-0.06798496940595515,1.759681288091719,1838
time_bars,2026-02-22 00:00:00+00:00,288,2,0,0.027969811813787375,0.006944444444444444,0.0,3.968411444898607e-05,0.0,-0.4717202157338262,1.5808854021253187,1891
time_bars,2026-02-23 00:00:00+00:00,288,40,8,0.03886242257649236,0.1388888888888889,0.027777777777777776,0.0007936822889797214,0.001343183344526528,-4.51954343839742,5.773989905790012,458
time_bars,2026-02-24 00:00:00+00:00,288,30,2,0.030877117948159782,0.10416666666666667,0.006944444444444444,0.000595261716734791,0.000335795836131632,-0.9241685554639364,4.048701164692861,901
time_bars,2026-02-25 00:00:00+00:00,288,51,6,0.03388965566217549,0.17708333333333334,0.020833333333333332,0.0010119449184491447,0.0010073875083948958,5.943534363641993,9.153725225441084,139
time_bars,2026-02-26 00:00:00+00:00,288,16,2,0.029903043402941278,0.05555555555555555,0.006944444444444444,0.00031747291559188856,0.000335795836131632,-0.7449035815718908,3.5299869411812956,1100
time_bars,2026-02-27 00:00:00+00:00,288,28,3,0.028902075283423503,0.09722222222222222,0.010416666666666666,0.000555577602285805,0.0005036937541974479,-2.41916120611048,4.980873849126508,637
time_bars,2026-02-28 00:00:00+00:00,288,41,6,0.036696458206227744,0.1423611111111111,0.020833333333333332,0.0008135243462042144,0.0010073875083948958,1.6586571284668623,7.27937564195984,266
time_bars,2026-03-01 00:00:00+00:00,288,28,6,0.025788437033446833,0.09722222222222222,0.020833333333333332,0.000555577602285805,0.0010073875083948958,-1.7892207467667132,4.77267751711963,693
time_bars,2026-03-02 00:00:00+00:00,288,35,5,0.030244951936029614,0.12152777777777778,0.017361111111111112,0.0006944720028572562,0.0008394895903290799,4.537175724358608,7.193585688180083,276
time_bars,2026-03-03 00:00:00+00:00,288,36,0,0.03084596608493141,0.125,0.0,0.0007143140600817493,0.0,-0.7388957234444118,4.644682343406706,732
time_bars,2026-03-04 00:00:00+00:00,288,59,5,0.03127886451362082,0.2048611111111111,0.017361111111111112,0.0011706813762450891,0.0008394895903290799,6.1695521312429955,9.479037137914995,128
time_bars,2026-03-05 00:00:00+00:00,288,24,1,0.026369087668013564,0.08333333333333333,0.003472222222222222,0.00047620937338783287,0.000167897918065816,-2.4902294628224677,4.060580637862435,896
time_bars,2026-03-06 00:00:00+00:00,288,27,1,0.027083341146888755,0.09375,0.003472222222222222,0.0005357355450613119,0.000167897918065816,-3.993338984904524,5.285493667571595,580
time_bars,2026-03-07 00:00:00+00:00,288,8,4,0.01941675251301051,0.027777777777777776,0.013888888888888888,0.00015873645779594428,0.000671591672263264,-1.2576737050742546,2.4744383433222903,1547
time_bars,2026-03-08 00:00:00+00:00,288,19,4,0.039775954312413826,0.06597222222222222,0.013888888888888888,0.00037699908726536766,0.000671591672263264,-1.9492020361401594,3.892198233462952,952
time_bars,2026-03-09 00:00:00+00:00,288,36,0,0.03102246068982471,0.125,0.0,0.0007143140600817493,0.0,3.6627771911146834,5.512656564363513,520
time_bars,2026-03-10 00:00:00+00:00,288,35,3,0.030056317072756425,0.12152777777777778,0.010416666666666666,0.0006944720028572562,0.0005036937541974479,2.180772907577843,4.859296584825377,669
time_bars,2026-03-11 00:00:00+00:00,288,27,1,0.025365829768535617,0.09375,0.003472222222222222,0.0005357355450613119,0.000167897918065816,0.3544406567297121,3.3566387024724262,1176
time_bars,2026-03-12 00:00:00+00:00,288,21,1,0.02347439428025407,0.07291666666666667,0.003472222222222222,0.00041668320171435377,0.000167897918065816,0.4694593920672445,2.2966346984052866,1610
time_bars,2026-03-13 00:00:00+00:00,288,40,7,0.027211396957425995,0.1388888888888889,0.024305555555555556,0.0007936822889797214,0.0011752854264607119,0.5876561379055006,4.892778024428971,662
time_bars,2026-03-14 00:00:00+00:00,288,2,1,0.018257672337941247,0.006944444444444444,0.003472222222222222,3.968411444898607e-05,0.000167897918065816,0.39290624116352524,1.4362038816747034,1924
time_bars,2026-03-15 00:00:00+00:00,288,14,9,0.04032325378966416,0.04861111111111111,0.03125,0.0002777888011429025,0.0015110812625923438,2.2292874825145175,3.311332731722084,1192
time_bars,2026-03-16 00:00:00+00:00,288,35,5,0.03491083931438485,0.12152777777777778,0.017361111111111112,0.0006944720028572562,0.0008394895903290799,2.8013309514675666,3.5953832999743187,1076
time_bars,2026-03-17 00:00:00+00:00,288,17,2,0.028820461687477608,0.059027777777777776,0.006944444444444444,0.0003373149728163816,0.000335795836131632,-1.3098732995123712,3.574497330498628,1083
time_bars,2026-03-18 00:00:00+00:00,288,36,6,0.02990079231182226,0.125,0.020833333333333332,0.0007143140600817493,0.0010073875083948958,-3.6804378909458464,5.759436714387821,460
time_bars,2026-03-19 00:00:00+00:00,288,32,4,0.03255064003765502,0.1111111111111111,0.013888888888888888,0.0006349458311837771,0.000671591672263264,-1.8648172444853846,4.059459412128965,898
time_bars,2026-03-20 00:00:00+00:00,288,23,5,0.031162291997297555,0.0798611111111111,0.017361111111111112,0.0004563673161633398,0.0008394895903290799,0.8340025300509838,2.832187093383298,1397
time_bars,2026-03-21 00:00:00+00:00,288,4,4,0.02155847011488206,0.013888888888888888,0.013888888888888888,7.936822889797214e-05,0.000671591672263264,-2.2799450453086894,3.6774949689491403,1037
time_bars,2026-03-22 00:00:00+00:00,288,18,5,0.02990883285954708,0.0625,0.017361111111111112,0.00035715703004087466,0.0008394895903290799,-1.5374216323457832,3.29690714840185,1202
time_bars,2026-03-23 00:00:00+00:00,288,37,3,0.03414413393613979,0.1284722222222222,0.010416666666666666,0.0007341561173062423,0.0005036937541974479,4.377446392065734,6.309590308449586,385
time_bars,2026-03-24 00:00:00+00:00,288,25,1,0.026469706152330526,0.08680555555555555,0.003472222222222222,0.0004960514306123259,0.000167897918065816,-0.4839110397264432,3.5551504636520384,1089
time_bars,2026-03-25 00:00:00+00:00,288,18,1,0.027144530391973284,0.0625,0.003472222222222222,0.00035715703004087466,0.000167897918065816,1.0908186273406653,2.2826643666347413,1616
time_bars,2026-03-26 00:00:00+00:00,288,24,9,0.03424525106558143,0.08333333333333333,0.03125,0.00047620937338783287,0.0015110812625923438,-3.5831952569967367,4.7202110296916056,709
time_bars,2026-03-27 00:00:00+00:00,288,24,2,0.027421453096694602,0.08333333333333333,0.006944444444444444,0.00047620937338783287,0.000335795836131632,-3.58730104041436,5.410707523122637,540
time_bars,2026-03-28 00:00:00+00:00,288,5,3,0.02252277814015912,0.017361111111111112,0.010416666666666666,9.921028612246518e-05,0.0005036937541974479,-0.04416012563202358,2.096613608415691,1692
time_bars,2026-03-29 00:00:00+00:00,288,7,5,0.0373445436248406,0.024305555555555556,0.017361111111111112,0.00013889440057145126,0.0008394895903290799,-0.539480889740679,3.30560281481627,1193
time_bars,2026-03-30 00:00:00+00:00,288,26,4,0.02490104722490105,0.09027777777777778,0.013888888888888888,0.0005158934878368189,0.000671591672263264,1.1842588617248118,3.5764132899310583,1082
time_bars,2026-03-31 00:00:00+00:00,288,33,6,0.03384952020621489,0.11458333333333333,0.020833333333333332,0.0006547878884082701,0.0010073875083948958,2.1882879833518243,3.957762815181567,927
time_bars,2026-04-01 00:00:00+00:00,288,13,0,0.023986663028445127,0.04513888888888889,0.0,0.00025794674391840946,0.0,-0.22724631811942828,2.5627229730816556,1506
time_bars,2026-04-02 00:00:00+00:00,288,26,3,0.030243498301605658,0.09027777777777778,0.010416666666666666,0.0005158934878368189,0.0005036937541974479,-1.8049482666635877,4.412725863078554,793
time_bars,2026-04-03 00:00:00+00:00,288,3,0,0.0194703361306512,0.010416666666666666,0.0,5.952617167347911e-05,0.0,0.08923747399930462,1.6618392779368676,1862
time_bars,2026-04-04 00:00:00+00:00,288,1,1,0.02644566402887769,0.003472222222222222,0.003472222222222222,1.9842057224493035e-05,0.000167897918065816,0.5081940281992666,1.2047800230396726,1979
time_bars,2026-04-05 00:00:00+00:00,288,15,8,0.04154013550031886,0.052083333333333336,0.027777777777777776,0.0002976308583673955,0.001343183344526528,2.5345345433410476,3.7333856314042935,1012
time_bars,2026-04-06 00:00:00+00:00,288,21,8,0.03257828998129956,0.07291666666666667,0.027777777777777776,0.00041668320171435377,0.001343183344526528,-0.26121838330953506,3.0386287014342876,1305
time_bars,2026-04-07 00:00:00+00:00,288,34,10,0.039544237291674486,0.11805555555555555,0.034722222222222224,0.0006746299456327632,0.0016789791806581598,4.367606950160101,7.168953203093635,280
time_bars,2026-04-08 00:00:00+00:00,288,16,3,0.02320572069614803,0.05555555555555555,0.010416666666666666,0.00031747291559188856,0.0005036937541974479,-1.1923602189256655,3.047540905258898,1300
time_bars,2026-04-09 00:00:00+00:00,288,24,5,0.032397559202437184,0.08333333333333333,0.017361111111111112,0.00047620937338783287,0.0008394895903290799,0.9975669012014412,3.7620418987319915,1006
time_bars,2026-04-10 00:00:00+00:00,288,16,0,0.023313256394031708,0.05555555555555555,0.0,0.00031747291559188856,0.0,1.6132470405333963,2.855776498502806,1385
time_bars,2026-04-11 00:00:00+00:00,288,4,4,0.0303637584920513,0.013888888888888888,0.013888888888888888,7.936822889797214e-05,0.000671591672263264,0.13156922849510855,1.8075339624717475,1826
time_bars,2026-04-12 00:00:00+00:00,288,20,10,0.03194248366928306,0.06944444444444445,0.034722222222222224,0.0003968411444898607,0.0016789791806581598,-3.204042395332743,3.6732130256629962,1040
time_bars,2026-04-13 00:00:00+00:00,288,36,13,0.03250223946773164,0.125,0.04513888888888889,0.0007143140600817493,0.002182672934855608,5.064891820943524,5.98952064566678,427
time_bars,2026-04-14 00:00:00+00:00,288,21,1,0.029432749497819075,0.07291666666666667,0.003472222222222222,0.00041668320171435377,0.000167897918065816,-0.37443188754507567,2.994298843935289,1324
time_bars,2026-04-15 00:00:00+00:00,288,13,4,0.03104122479980251,0.04513888888888889,0.013888888888888888,0.00025794674391840946,0.000671591672263264,0.8991007155883758,2.6555452112267486,1463
time_bars,2026-04-16 00:00:00+00:00,288,19,2,0.030461138290075462,0.06597222222222222,0.006944444444444444,0.00037699908726536766,0.000335795836131632,0.4410110755112784,3.016157990199162,1318
time_bars,2026-04-17 00:00:00+00:00,288,39,11,0.025707085105600443,0.13541666666666666,0.03819444444444445,0.0007738402317552284,0.0018468770987239758,2.5291644897787178,5.00169700279457,632
time_bars,2026-04-18 00:00:00+00:00,288,7,1,0.024779450522383287,0.024305555555555556,0.003472222222222222,0.00013889440057145126,0.000167897918065816,-1.8035075206288047,2.5975452394745626,1486
time_bars,2026-04-19 00:00:00+00:00,288,14,5,0.038601141692328894,0.04861111111111111,0.017361111111111112,0.0002777888011429025,0.0008394895903290799,-2.5372783262206045,3.3355949796785627,1180
time_bars,2026-04-20 00:00:00+00:00,288,26,4,0.031933003890802565,0.09027777777777778,0.013888888888888888,0.0005158934878368189,0.000671591672263264,2.7172790219254583,3.811380095149021,992
time_bars,2026-04-21 00:00:00+00:00,288,28,6,0.03729545630135225,0.09722222222222222,0.020833333333333332,0.000555577602285805,0.0010073875083948958,0.655059638533956,2.927004797668118,1352
time_bars,2026-04-22 00:00:00+00:00,288,33,5,0.021482535159906575,0.11458333333333333,0.017361111111111112,0.0006547878884082701,0.0008394895903290799,2.3953729657318052,4.32853545511628,813
time_bars,2026-04-23 00:00:00+00:00,288,27,2,0.03015904591189332,0.09375,0.006944444444444444,0.0005357355450613119,0.000335795836131632,0.09862078806956544,2.763133032095786,1424
time_bars,2026-04-24 00:00:00+00:00,288,10,1,0.026626341997755282,0.034722222222222224,0.003472222222222222,0.00019842057224493036,0.000167897918065816,-1.0580123626436955,1.7196904372802964,1846
time_bars,2026-04-25 00:00:00+00:00,288,2,2,0.017191118883243674,0.006944444444444444,0.006944444444444444,3.968411444898607e-05,0.000335795836131632,0.24894013324377748,0.9642081322734462,2026
time_bars,2026-04-26 00:00:00+00:00,288,7,5,0.04163325458199199,0.024305555555555556,0.017361111111111112,0.00013889440057145126,0.0008394895903290799,1.316933087657853,2.1946837611534256,1649
time_bars,2026-04-27 00:00:00+00:00,288,23,6,0.02769202822823649,0.0798611111111111,0.020833333333333332,0.0004563673161633398,0.0010073875083948958,-1.6465024511441984,3.9208127492124856,942
time_bars,2026-04-28 00:00:00+00:00,288,10,0,0.027649215834825887,0.034722222222222224,0.0,0.00019842057224493036,0.0,-1.3449460134239244,2.3705495044852194,1589
time_bars,2026-04-29 00:00:00+00:00,288,24,8,0.033851053691645525,0.08333333333333333,0.027777777777777776,0.00047620937338783287,0.001343183344526528,-0.7212222667732062,3.9355299959148673,938
time_bars,2026-04-30 00:00:00+00:00,288,4,1,0.02287197239622827,0.013888888888888888,0.003472222222222222,7.936822889797214e-05,0.000167897918065816,0.7306584792942047,1.7864412655798685,1831
time_bars,2026-05-01 00:00:00+00:00,288,18,6,0.02716441795480247,0.0625,0.020833333333333332,0.00035715703004087466,0.0010073875083948958,2.442363147826325,3.370708023709389,1171
time_bars,2026-05-02 00:00:00+00:00,288,1,1,0.023194507657340227,0.003472222222222222,0.003472222222222222,1.9842057224493035e-05,0.000167897918065816,0.5878439419445102,1.4838206284223057,1911
time_bars,2026-05-03 00:00:00+00:00,288,6,5,0.03871132396092777,0.020833333333333332,0.017361111111111112,0.00011905234334695822,0.0008394895903290799,-0.1575246314774259,1.78073612390353,1833
time_bars,2026-05-04 00:00:00+00:00,288,37,14,0.040121356100675944,0.1284722222222222,0.04861111111111111,0.0007341561173062423,0.0023505708529214238,1.6382535331271542,3.3274309486825278,1185
time_bars,2026-05-05 00:00:00+00:00,288,22,3,0.022055534557367983,0.0763888888888889,0.010416666666666666,0.00043652525893884676,0.0005036937541974479,1.289224268951813,2.457236840523484,1554
time_bars,2026-05-06 00:00:00+00:00,288,21,9,0.030019155468086065,0.07291666666666667,0.03125,0.00041668320171435377,0.0015110812625923438,0.6510882650880213,2.664093612265824,1459
time_bars,2026-05-07 00:00:00+00:00,288,15,1,0.032986701913901115,0.052083333333333336,0.003472222222222222,0.0002976308583673955,0.000167897918065816,-1.760835383685288,2.7543891938022402,1427
time_bars,2026-05-08 00:00:00+00:00,288,7,0,0.030681169462967235,0.024305555555555556,0.0,0.00013889440057145126,0.0,0.23194433245173168,1.6798272902002032,1852
time_bars,2026-05-09 00:00:00+00:00,288,1,0,0.02157240588144308,0.003472222222222222,0.0,1.9842057224493035e-05,0.0,0.5955641488841665,1.1956210827132288,1983
time_bars,2026-05-10 00:00:00+00:00,288,17,8,0.04855187580052138,0.059027777777777776,0.027777777777777776,0.0003373149728163816,0.001343183344526528,1.8963578925775655,2.7482957316953693,1429
time_bars,2026-05-11 00:00:00+00:00,288,15,3,0.02509839828131679,0.052083333333333336,0.010416666666666666,0.0002976308583673955,0.0005036937541974479,-0.5840989825348836,2.403891008912339,1579
time_bars,2026-05-12 00:00:00+00:00,288,9,2,0.027225377210892677,0.03125,0.006944444444444444,0.00017857851502043733,0.000335795836131632,-1.5270390913081955,2.4219066721173763,1574
time_bars,2026-05-13 00:00:00+00:00,288,22,3,0.030207092589365887,0.0763888888888889,0.010416666666666666,0.00043652525893884676,0.0005036937541974479,-1.4682018208372887,3.196091621512694,1247
time_bars,2026-05-14 00:00:00+00:00,288,26,6,0.04146720643146609,0.09027777777777778,0.020833333333333332,0.0005158934878368189,0.0010073875083948958,2.196336066934067,3.891373214228435,953
time_bars,2026-05-15 00:00:00+00:00,288,14,1,0.02300559874072884,0.04861111111111111,0.003472222222222222,0.0002777888011429025,0.000167897918065816,-2.4667319506763947,3.7621968304609608,1005
time_bars,2026-05-16 00:00:00+00:00,288,8,3,0.023767437645692845,0.027777777777777776,0.010416666666666666,0.00015873645779594428,0.0005036937541974479,-1.2340290281402422,2.0381888137976687,1719
time_bars,2026-05-17 00:00:00+00:00,288,5,4,0.03298043751043348,0.017361111111111112,0.013888888888888888,9.921028612246518e-05,0.000671591672263264,-0.8674606941335854,2.4459073217403824,1563
time_bars,2026-05-18 00:00:00+00:00,288,25,3,0.0317103880533305,0.08680555555555555,0.010416666666666666,0.0004960514306123259,0.0005036937541974479,-0.6052082807031208,2.267484449081152,1622
time_bars,2026-05-19 00:00:00+00:00,288,4,1,0.027244562303641286,0.013888888888888888,0.003472222222222222,7.936822889797214e-05,0.000167897918065816,-0.21240474651597588,1.6646235583624234,1860
time_bars,2026-05-20 00:00:00+00:00,288,9,2,0.029072701387258832,0.03125,0.006944444444444444,0.00017857851502043733,0.000335795836131632,0.9206190600629928,1.737835257278665,1842
time_bars,2026-05-21 00:00:00+00:00,288,14,3,0.03437732548626096,0.04861111111111111,0.010416666666666666,0.0002777888011429025,0.0005036937541974479,0.09787455688424981,1.915517768902875,1776
time_bars,2026-05-22 00:00:00+00:00,288,9,5,0.026304956652359383,0.03125,0.017361111111111112,0.00017857851502043733,0.0008394895903290799,-2.7084714073625418,3.317476239886835,1191
time_bars,2026-05-23 00:00:00+00:00,288,11,6,0.031574358277610834,0.03819444444444445,0.020833333333333332,0.00021826262946942338,0.0010073875083948958,1.5793712308200214,4.252289045881685,840
time_bars,2026-05-24 00:00:00+00:00,288,8,4,0.026072547309504018,0.027777777777777776,0.013888888888888888,0.00015873645779594428,0.000671591672263264,0.4097683976178783,2.0097516132443745,1732
time_bars,2026-05-25 00:00:00+00:00,288,4,3,0.024150662875159226,0.013888888888888888,0.010416666666666666,7.936822889797214e-05,0.0005036937541974479,0.32557487099651194,1.3136717707549648,1950
time_bars,2026-05-26 00:00:00+00:00,288,26,12,0.042841650414892546,0.09027777777777778,0.041666666666666664,0.0005158934878368189,0.0020147750167897917,-1.7965454109452228,3.16956917353277,1257
time_bars,2026-05-27 00:00:00+00:00,288,22,5,0.027341814242271795,0.0763888888888889,0.017361111111111112,0.00043652525893884676,0.0008394895903290799,-1.9808397539249452,2.5878390620959597,1490
time_bars,2026-05-28 00:00:00+00:00,288,23,4,0.028092047030495178,0.0798611111111111,0.013888888888888888,0.0004563673161633398,0.000671591672263264,-1.1169676979743095,2.7316574046274114,1435
time_bars,2026-05-29 00:00:00+00:00,288,18,8,0.030422833583355333,0.0625,0.027777777777777776,0.00035715703004087466,0.001343183344526528,-0.22201130602049782,2.5314667275840397,1520
time_bars,2026-05-30 00:00:00+00:00,288,0,0,0.01706476379661018,0.0,0.0,0.0,0.0,0.5820025254697292,1.3294236975571374,1945
time_bars,2026-05-31 00:00:00+00:00,288,1,1,0.033315654293011476,0.003472222222222222,0.003472222222222222,1.9842057224493035e-05,0.000167897918065816,-0.27618465377194173,1.2322070498322517,1974
time_bars,2026-06-01 00:00:00+00:00,288,31,9,0.042597767947190314,0.1076388888888889,0.03125,0.0006151037739592841,0.0015110812625923438,-3.118877606906876,4.7266494470783575,707
time_bars,2026-06-02 00:00:00+00:00,288,57,8,0.04413905215486753,0.19791666666666666,0.027777777777777776,0.001130997261796103,0.001343183344526528,-6.752418772424564,7.632037914052766,240
time_bars,2026-06-03 00:00:00+00:00,288,38,3,0.03175894897507871,0.13194444444444445,0.010416666666666666,0.0007539981745307353,0.0005036937541974479,-3.9935668636039083,5.2359223301253355,591
time_bars,2026-06-04 00:00:00+00:00,288,57,2,0.03808840778342914,0.19791666666666666,0.006944444444444444,0.001130997261796103,0.000335795836131632,-0.4130625989649269,5.386575122470621,551
time_bars,2026-06-05 00:00:00+00:00,288,66,5,0.03643345278519221,0.22916666666666666,0.017361111111111112,0.0013095757768165402,0.0008394895903290799,-4.535537597468797,7.928725338817733,220
time_bars,2026-06-06 00:00:00+00:00,288,10,0,0.02141032517625114,0.034722222222222224,0.0,0.00019842057224493036,0.0,-0.2873449663041805,3.3879684799540346,1161
time_bars,2026-06-07 00:00:00+00:00,288,30,9,0.037360050341698016,0.10416666666666667,0.03125,0.000595261716734791,0.0015110812625923438,3.947939412761324,5.670623867752983,483
time_bars,2026-06-08 00:00:00+00:00,288,20,2,0.02211778288152826,0.06944444444444445,0.006944444444444444,0.0003968411444898607,0.000335795836131632,-0.38161792921380133,2.848722737649948,1389
time_bars,2026-06-09 00:00:00+00:00,288,36,5,0.03289172071198901,0.125,0.017361111111111112,0.0007143140600817493,0.0008394895903290799,-2.1850461594399384,4.418894773368138,791
time_bars,2026-06-10 00:00:00+00:00,288,22,3,0.030463094619907746,0.0763888888888889,0.010416666666666666,0.00043652525893884676,0.0005036937541974479,-0.34291704397039324,3.478475007051841,1124
time_bars,2026-06-11 00:00:00+00:00,288,20,5,0.02526437789551347,0.06944444444444445,0.017361111111111112,0.0003968411444898607,0.0008394895903290799,3.380997834908952,3.8788296758907133,962
time_bars,2026-06-12 00:00:00+00:00,288,17,1,0.029251952683027257,0.059027777777777776,0.003472222222222222,0.0003373149728163816,0.000167897918065816,-0.08022337132440806,2.4577645596647235,1553
time_bars,2026-06-13 00:00:00+00:00,288,1,1,0.020917274703975735,0.003472222222222222,0.003472222222222222,1.9842057224493035e-05,0.000167897918065816,1.3616412282145685,2.1515607712758213,1661
time_bars,2026-06-14 00:00:00+00:00,288,11,6,0.03909345403728985,0.03819444444444445,0.020833333333333332,0.00021826262946942338,0.0010073875083948958,1.9733134215302075,3.284050192294099,1211
time_bars,2026-06-15 00:00:00+00:00,288,18,3,0.02839369253931619,0.0625,0.010416666666666666,0.00035715703004087466,0.0005036937541974479,0.8846316441091233,2.9286311068076447,1350
time_bars,2026-06-16 00:00:00+00:00,288,13,2,0.03069516006976301,0.04513888888888889,0.006944444444444444,0.00025794674391840946,0.000335795836131632,-0.9718815200254795,2.4613161412779574,1552
time_bars,2026-06-17 00:00:00+00:00,288,29,6,0.03686119468508056,0.10069444444444445,0.020833333333333332,0.000575419659510298,0.0010073875083948958,-1.8013409217792427,3.8961062918510767,949
time_bars,2026-06-18 00:00:00+00:00,288,22,3,0.024753843517152305,0.0763888888888889,0.010416666666666666,0.00043652525893884676,0.0005036937541974479,-2.431574229537208,4.012596994965545,911
time_bars,2026-06-19 00:00:00+00:00,288,7,3,0.02779110049239135,0.024305555555555556,0.010416666666666666,0.00013889440057145126,0.0005036937541974479,0.9310662451562359,2.236787561074328,1635
time_bars,2026-06-20 00:00:00+00:00,288,8,5,0.024751846216838572,0.027777777777777776,0.017361111111111112,0.00015873645779594428,0.0008394895903290799,1.1856222463344497,1.9367370035248423,1762
time_bars,2026-06-21 00:00:00+00:00,288,2,2,0.0314176294217745,0.006944444444444444,0.006944444444444444,3.968411444898607e-05,0.000335795836131632,-1.5412998405246725,2.109822523459956,1685
time_bars,2026-06-22 00:00:00+00:00,288,22,6,0.034007763407741386,0.0763888888888889,0.020833333333333332,0.00043652525893884676,0.0010073875083948958,1.104684962261535,3.586571620833534,1081
time_bars,2026-06-23 00:00:00+00:00,288,19,8,0.031745878709828784,0.06597222222222222,0.027777777777777776,0.00037699908726536766,0.001343183344526528,-2.041956921948912,3.7702733516269156,1001
time_bars,2026-06-24 00:00:00+00:00,288,51,11,0.03988543323889002,0.17708333333333334,0.03819444444444445,0.0010119449184491447,0.0018468770987239758,-2.659595829164476,6.790231203576778,320
time_bars,2026-06-25 00:00:00+00:00,288,24,4,0.03126569890969376,0.08333333333333333,0.013888888888888888,0.00047620937338783287,0.000671591672263264,-2.117720552960393,6.50623585790531,353
time_bars,2026-06-26 00:00:00+00:00,288,39,2,0.023470577067851762,0.13541666666666666,0.006944444444444444,0.0007738402317552284,0.000335795836131632,0.49964808238671277,4.110743277970244,883
time_bars,2026-06-27 00:00:00+00:00,288,5,4,0.019966294364142233,0.017361111111111112,0.013888888888888888,9.921028612246518e-05,0.000671591672263264,-0.11926159175327179,1.8301965579364876,1812
time_bars,2026-06-28 00:00:00+00:00,288,11,5,0.03628222897760211,0.03819444444444445,0.017361111111111112,0.00021826262946942338,0.0008394895903290799,-0.7531574548625816,2.7721476766846225,1418
time_bars,2026-06-29 00:00:00+00:00,288,35,4,0.03267878215577457,0.12152777777777778,0.013888888888888888,0.0006944720028572562,0.000671591672263264,1.1262912850558968,3.191186469635988,1251
time_bars,2026-06-30 00:00:00+00:00,288,24,3,0.029822717429832765,0.08333333333333333,0.010416666666666666,0.00047620937338783287,0.0005036937541974479,-2.7255724660429124,3.53047391455004,1099
time_bars,2026-07-01 00:00:00+00:00,288,28,5,0.03269003957664133,0.09722222222222222,0.017361111111111112,0.000555577602285805,0.0008394895903290799,2.3511053025162374,5.986641319409733,428
time_bars,2026-07-02 00:00:00+00:00,288,17,2,0.025540151498758868,0.059027777777777776,0.006944444444444444,0.0003373149728163816,0.000335795836131632,2.535922406941155,4.313314929774357,818
time_bars,2026-07-03 00:00:00+00:00,288,8,7,0.025863427998933097,0.027777777777777776,0.024305555555555556,0.00015873645779594428,0.0011752854264607119,1.6549387769869381,2.7834196946110303,1412
time_bars,2026-07-04 00:00:00+00:00,288,3,3,0.028084888388819656,0.010416666666666666,0.010416666666666666,5.952617167347911e-05,0.0005036937541974479,0.8741282407252903,1.8249035690457887,1815
time_bars,2026-07-05 00:00:00+00:00,288,6,3,0.030240465209627428,0.020833333333333332,0.010416666666666666,0.00011905234334695822,0.0005036937541974479,0.7925427337943481,2.50106390487971,1531
time_bars,2026-07-06 00:00:00+00:00,288,37,7,0.04123881606104926,0.1284722222222222,0.024305555555555556,0.0007341561173062423,0.0011752854264607119,0.6367891352824024,5.390509836667735,547
time_bars,2026-07-07 00:00:00+00:00,288,17,1,0.027707646262116206,0.059027777777777776,0.003472222222222222,0.0003373149728163816,0.000167897918065816,-1.0805788923913955,2.615795912526152,1478
time_bars,2026-07-08 00:00:00+00:00,288,24,3,0.02869965580813881,0.08333333333333333,0.010416666666666666,0.00047620937338783287,0.0005036937541974479,-1.7200742256111372,3.5453121533976644,1092
time_bars,2026-07-09 00:00:00+00:00,288,19,3,0.0312502994665595,0.06597222222222222,0.010416666666666666,0.00037699908726536766,0.0005036937541974479,1.5016371971954687,2.906935680430885,1365
time_bars,2026-07-10 00:00:00+00:00,288,9,4,0.025915639194941786,0.03125,0.013888888888888888,0.00017857851502043733,0.000671591672263264,1.464606244328503,2.795356689351922,1408
time_bars,2026-07-11 00:00:00+00:00,288,1,1,0.02681517757719834,0.003472222222222222,0.003472222222222222,1.9842057224493035e-05,0.000167897918065816,-0.5417779303010908,1.293026624118667,1957
time_bars,2026-07-12 00:00:00+00:00,288,1,1,0.03342519885229706,0.003472222222222222,0.003472222222222222,1.9842057224493035e-05,0.000167897918065816,-0.05190809404494746,1.0465027194007404,2012
time_bars,2026-07-13 00:00:00+00:00,288,23,9,0.03842118815539394,0.0798611111111111,0.03125,0.0004563673161633398,0.0015110812625923438,-2.289383637774655,4.129639900982916,878
time_bars,2026-07-14 00:00:00+00:00,288,24,8,0.035176602661145556,0.08333333333333333,0.027777777777777776,0.00047620937338783287,0.001343183344526528,4.253961914075712,4.537293263847927,758
time_bars,2026-07-15 00:00:00+00:00,288,13,2,0.027177134493883072,0.04513888888888889,0.006944444444444444,0.00025794674391840946,0.000335795836131632,-0.4519955897713203,1.7514977826098632,1841
time_bars,2026-07-16 00:00:00+00:00,288,12,3,0.034214207880764576,0.041666666666666664,0.010416666666666666,0.00023810468669391643,0.0005036937541974479,-1.432303995118072,1.9612540014890254,1752
time_bars,2026-07-17 00:00:00+00:00,288,14,3,0.03367812565219526,0.04861111111111111,0.010416666666666666,0.0002777888011429025,0.0005036937541974479,0.17038473791827122,2.919289331308331,1359
time_bars,2026-07-18 00:00:00+00:00,288,0,0,0.017636794344943786,0.0,0.0,0.0,0.0,1.393471411444992,1.5195673793826425,1901
time_bars,2026-07-19 00:00:00+00:00,288,1,1,0.035129504508396976,0.003472222222222222,0.003472222222222222,1.9842057224493035e-05,0.000167897918065816,-0.17297114614114245,1.0669694428045207,2009
time_bars,2026-07-20 00:00:00+00:00,288,22,8,0.03892677827352116,0.0763888888888889,0.027777777777777776,0.00043652525893884676,0.001343183344526528,0.815893737503574,3.1686329830178948,1258
time_bars,2026-07-21 00:00:00+00:00,288,15,3,0.02472239163538341,0.052083333333333336,0.010416666666666666,0.0002976308583673955,0.0005036937541974479,1.9700501499687435,2.7399596784154343,1434
time_bars,2026-07-22 00:00:00+00:00,288,4,1,0.031953387702128994,0.013888888888888888,0.003472222222222222,7.936822889797214e-05,0.000167897918065816,-0.6640834695804921,1.8243381259770775,1816
time_bars,2026-07-23 00:00:00+00:00,288,13,3,0.031192819761281798,0.04513888888888889,0.010416666666666666,0.00025794674391840946,0.0005036937541974479,-1.543892883659753,2.5178518316114706,1525
time_bars,2026-07-24 00:00:00+00:00,288,12,4,0.03181082898992669,0.041666666666666664,0.013888888888888888,0.00023810468669391643,0.000671591672263264,-1.4755725163244044,3.2665172641402673,1216
time_bars,2026-07-25 00:00:00+00:00,288,0,0,0.022521448752350577,0.0,0.0,0.0,0.0,0.3450249657564046,1.0245249455947614,2019
time_bars,2026-07-26 00:00:00+00:00,288,3,3,0.040050036015310424,0.010416666666666666,0.010416666666666666,5.952617167347911e-05,0.0005036937541974479,1.5991015554564731,2.000815524193014,1733
time_bars,2026-07-27 00:00:00+00:00,288,20,10,0.039198618228982116,0.06944444444444445,0.034722222222222224,0.0003968411444898607,0.0016789791806581598,-2.5631941762985417,3.3346864852973668,1184
time_bars,2026-07-28 00:00:00+00:00,288,13,4,0.029510147475596795,0.04513888888888889,0.013888888888888888,0.00025794674391840946,0.000671591672263264,0.286622728139101,2.247764357633361,1633
time_bars,2026-07-29 00:00:00+00:00,288,14,2,0.03436311813775515,0.04861111111111111,0.006944444444444444,0.0002777888011429025,0.000335795836131632,0.08649917442254172,2.3164789749111354,1604
time_bars,2026-07-30 00:00:00+00:00,288,6,2,0.0261983731050923,0.020833333333333332,0.006944444444444444,0.00011905234334695822,0.000335795836131632,1.2293011010690875,2.4557409857812007,1555
time_bars,2026-07-31 00:00:00+00:00,288,16,5,0.029124952405534508,0.05555555555555555,0.017361111111111112,0.00031747291559188856,0.0008394895903290799,-2.9625260048271067,4.665569164079942,724
time_bars,2026-08-01 00:00:00+00:00,288,1,1,0.024508769883153755,0.003472222222222222,0.003472222222222222,1.9842057224493035e-05,0.000167897918065816,-0.10759860395913382,1.4324318717630842,1926
time_bars,2026-08-02 00:00:00+00:00,288,3,3,0.03374656069936636,0.010416666666666666,0.010416666666666666,5.952617167347911e-05,0.0005036937541974479,1.1994543143678376,1.57507959487636,1892
time_bars,2026-08-03 00:00:00+00:00,288,17,5,0.0326503248405052,0.059027777777777776,0.017361111111111112,0.0003373149728163816,0.0008394895903290799,-0.08311871971966361,2.83505494761173,1395
time_bars,2026-08-04 00:00:00+00:00,288,7,2,0.0334312000518209,0.024305555555555556,0.006944444444444444,0.00013889440057145126,0.000335795836131632,0.9067840010698005,1.9134704965291016,1777
time_bars,2026-08-05 00:00:00+00:00,288,12,3,0.027541379525886898,0.041666666666666664,0.010416666666666666,0.00023810468669391643,0.0005036937541974479,0.8675404715118407,1.8236077915578432,1819
time_bars,2026-08-06 00:00:00+00:00,288,5,3,0.024295686569219398,0.017361111111111112,0.010416666666666666,9.921028612246518e-05,0.0005036937541974479,-0.5180956878879762,1.333583440472592,1944
time_bars,2026-08-07 00:00:00+00:00,288,10,4,0.03147479933705291,0.034722222222222224,0.013888888888888888,0.00019842057224493036,0.000671591672263264,0.9084778856023512,1.8994086173248388,1782
time_bars,2026-08-08 00:00:00+00:00,288,0,0,0.017088362625675205,0.0,0.0,0.0,0.0,0.06624863508200289,0.5828533137552372,2060
time_bars,2026-08-09 00:00:00+00:00,288,2,2,0.0420890204045457,0.006944444444444444,0.006944444444444444,3.968411444898607e-05,0.000335795836131632,-0.09368519380655621,1.2024784110551945,1980
time_bars,2026-08-10 00:00:00+00:00,288,12,3,0.04243957628921102,0.041666666666666664,0.010416666666666666,0.00023810468669391643,0.0005036937541974479,-1.4417156859822302,2.4553422356100594,1556
time_bars,2026-08-11 00:00:00+00:00,288,4,3,0.0293366086342179,0.013888888888888888,0.010416666666666666,7.936822889797214e-05,0.0005036937541974479,-0.5761073973666785,1.9712170708114547,1750
time_bars,2026-08-12 00:00:00+00:00,288,8,3,0.031855090561675764,0.027777777777777776,0.010416666666666666,0.00015873645779594428,0.0005036937541974479,-0.1845283322645625,1.8272998705669385,1814
time_bars,2026-08-13 00:00:00+00:00,288,4,3,0.03585488981570157,0.013888888888888888,0.010416666666666666,7.936822889797214e-05,0.0005036937541974479,0.0033093979814045682,1.8782686826634643,1791
time_bars,2026-08-14 00:00:00+00:00,288,2,2,0.02629010649926196,0.006944444444444444,0.006944444444444444,3.968411444898607e-05,0.000335795836131632,-0.6984990252845319,1.7622698569826376,1837
time_bars,2026-08-15 00:00:00+00:00,288,0,0,0.019313954376087804,0.0,0.0,0.0,0.0,0.06187098036009275,0.4439156204426223,2067
time_bars,2026-08-16 00:00:00+00:00,288,2,2,0.035554135020230374,0.006944444444444444,0.006944444444444444,3.968411444898607e-05,0.000335795836131632,-0.28253833020571034,1.0930596544033344,2004
time_bars,2026-08-17 00:00:00+00:00,288,8,6,0.04457417425671087,0.027777777777777776,0.020833333333333332,0.00015873645779594428,0.0010073875083948958,2.5564254806982523,2.9484239381369686,1345
time_bars,2026-08-18 00:00:00+00:00,288,3,2,0.02557745559446807,0.010416666666666666,0.006944444444444444,5.952617167347911e-05,0.000335795836131632,0.29396738304138553,1.6719612091211027,1859
time_bars,2026-08-19 00:00:00+00:00,288,42,19,0.04570387327739633,0.14583333333333334,0.06597222222222222,0.0008333664034287075,0.0031900604432505038,6.891918868930083,9.397069406550484,130
time_bars,2026-08-20 00:00:00+00:00,288,33,3,0.02942449411090906,0.11458333333333333,0.010416666666666666,0.0006547878884082701,0.0005036937541974479,5.185099404854458,6.3523500959046935,374
time_bars,2026-08-21 00:00:00+00:00,288,49,6,0.035089589826225696,0.1701388888888889,0.020833333333333332,0.0009722608040001587,0.0010073875083948958,7.022081325460331,8.609956516058958,166
time_bars,2026-08-22 00:00:00+00:00,288,8,0,0.01965860067647575,0.027777777777777776,0.0,0.00015873645779594428,0.0,-1.5761593166693935,2.9895017513832967,1327
time_bars,2026-08-23 00:00:00+00:00,288,12,9,0.03260069098386773,0.041666666666666664,0.03125,0.00023810468669391643,0.0015110812625923438,0.8198821666285272,3.2149475271698797,1241
time_bars,2026-08-24 00:00:00+00:00,288,42,5,0.03638069881905117,0.14583333333333334,0.017361111111111112,0.0008333664034287075,0.0008394895903290799,1.5752980987608312,4.247502613265746,843
time_bars,2026-08-25 00:00:00+00:00,288,27,4,0.02728350197853813,0.09375,0.013888888888888888,0.0005357355450613119,0.000671591672263264,-0.5684059904603826,4.353755820242966,801
time_bars,2026-08-26 00:00:00+00:00,288,9,1,0.024683398412886783,0.03125,0.003472222222222222,0.00017857851502043733,0.000167897918065816,0.6144980220979396,2.0408871631207033,1716
time_bars,2026-08-27 00:00:00+00:00,288,24,5,0.03142615323490579,0.08333333333333333,0.017361111111111112,0.00047620937338783287,0.0008394895903290799,1.5320815034783695,2.9154864296862715,1362
time_bars,2026-08-28 00:00:00+00:00,288,32,11,0.03496782804690084,0.1111111111111111,0.03819444444444445,0.0006349458311837771,0.0018468770987239758,-3.041721749948735,5.87072127543749,445
time_bars,2026-08-29 00:00:00+00:00,288,2,1,0.020326188607440822,0.006944444444444444,0.003472222222222222,3.968411444898607e-05,0.000167897918065816,0.5061335133291468,1.2358517623584366,1972
time_bars,2026-08-30 00:00:00+00:00,288,12,8,0.044178418845962894,0.041666666666666664,0.027777777777777776,0.00023810468669391643,0.001343183344526528,-0.7264116051563781,3.118240303959789,1270
time_bars,2026-08-31 00:00:00+00:00,288,13,4,0.03231077992281665,0.04513888888888889,0.013888888888888888,0.00025794674391840946,0.000671591672263264,1.1717068286226693,2.398645582340894,1580
