sample,fold,family,n_events,side,test_month,observations,raw_activity_correlation,raw_activity_slope,scaled_activity_correlation,scaled_activity_slope,pressure_controlled_raw_correlation,pressure_controlled_raw_slope,pressure_controlled_scaled_correlation,pressure_controlled_scaled_slope
full_history,1,pb_activity,200,all,2023-01,137912,0.026327726799411012,0.0004394607110405401,0.026511610172451086,0.11803079368412243,-0.02192158141385285,-0.00044811816001914844,-0.021912368098434623,-0.11946833924865564
full_history,1,pb_activity,200,all,2023-02,148593,-0.021388562611704347,-0.00034564821884567666,-0.021364884517185684,-0.09224851382744997,-0.06453875355850364,-0.0012768595692052858,-0.06451211716784747,-0.3410129325049549
full_history,1,pb_activity,200,all,2023-03,244874,-0.014831764431623175,-0.0001799918093783687,-0.014739709932965517,-0.047771124390076906,-0.06411249879902002,-0.0010082255252405483,-0.06399992689459719,-0.2687887856101982
full_history,1,pb_activity,200,all,2023-04,171801,0.01770871361655341,0.00023914058904634365,0.01780541195276265,0.06419861729039754,-0.031719425431940194,-0.0005355785907615132,-0.03163782253254655,-0.14262985906618686
full_history,1,pb_activity,200,all,2023-05,163097,0.027416221428453662,0.00039491524643608136,0.02729395801045669,0.10509360991972432,-0.022156832669905778,-0.00039219844390174616,-0.02218615877354853,-0.10497830773138946
full_history,1,pb_activity,200,all,2023-06,166586,0.01842663974958976,0.00024608427310143007,0.01853716382896686,0.06613401705092896,-0.03282886568372259,-0.0005487751779280322,-0.032697406915282945,-0.1460141751002614
full_history,1,pb_activity,200,all,2023-07,120044,-0.010975947864769875,-0.00016168460467891476,-0.010908637697088804,-0.04295258765330048,-0.03677662231071278,-0.0006576701707160711,-0.036759399692690486,-0.1757097242554567
full_history,1,pb_activity,200,all,2023-08,111827,0.02789810343302827,0.0004431661151953333,0.02784172198235692,0.11819110034636221,0.001233564255395987,0.00002385256166536816,0.001213558149226375,0.0062709342033402905
full_history,1,pb_activity,200,all,2023-09,95584,0.024873300859425244,0.000409681316913861,0.024759183483107437,0.10894065200854197,-0.018358544741696528,-0.00036024508019005114,-0.018396425108237982,-0.09643593497558425
full_history,1,pb_activity,200,all,2023-10,149531,-0.02650505474958141,-0.0003792271120693158,-0.026667493163228445,-0.1015990384008794,-0.04769967577924523,-0.0008552090026173882,-0.04800470665378884,-0.22917971826443798
full_history,1,pb_activity,200,all,2023-11,118848,-0.041694797506759786,-0.0007499963876676243,-0.04168427541726617,-0.2002576186790594,-0.06977078394492058,-0.0015146679225443525,-0.06990454586708443,-0.4053085438386866
full_history,1,pb_activity,200,all,2023-12,125601,-0.05312955977279573,-0.0009932035941498435,-0.053225778216447237,-0.2655225237357446,-0.08587985310502533,-0.0019238001767613456,-0.08601535195534309,-0.5141871984099196
full_history,1,pb_activity,200,buy,2023-01,69063,0.015598689619505538,0.00026540810010883064,0.015598689619505631,0.0696284062563943,-0.024800434398143948,-0.0005189158632143111,-0.02480043439814399,-0.1361348222678884
full_history,1,pb_activity,200,buy,2023-02,73110,-0.02249167328194514,-0.000361689513358872,-0.022491673281945134,-0.09488732395319678,-0.06480281672266792,-0.0012726906051860945,-0.06480281672266795,-0.3338836247283219
full_history,1,pb_activity,200,buy,2023-03,121400,-0.020725094153697478,-0.00025216041508665794,-0.020725094153697502,-0.06615294641058574,-0.0703249726878013,-0.0011079729572481545,-0.07032497268780122,-0.2906708241260881
full_history,1,pb_activity,200,buy,2023-04,84893,0.011410715963106865,0.00015562455975037218,0.011410715963106905,0.04082727718305572,-0.037223812889283066,-0.000634330304738621,-0.03722381288928318,-0.1664131883728199
full_history,1,pb_activity,200,buy,2023-05,81168,0.03399286364482088,0.00047582057587035575,0.03399286364482085,0.1248290023863906,-0.01834639820045596,-0.0003137473470834121,-0.01834639820045597,-0.08230995111163494
full_history,1,pb_activity,200,buy,2023-06,83061,0.011680643441347668,0.0001546246048081431,0.011680643441347647,0.04056494431180171,-0.04010458602943661,-0.0006664155511415612,-0.04010458602943652,-0.17483058245560928
full_history,1,pb_activity,200,buy,2023-07,59591,-0.014564059162503326,-0.0002087162977153397,-0.01456405916250332,-0.05475561282302659,-0.03678616526331971,-0.0006417847451211601,-0.03678616526331959,-0.1683688212384208
full_history,1,pb_activity,200,buy,2023-08,54758,0.030483668518875774,0.0004829893235841615,0.03048366851887576,0.12670968529682847,0.002312850002226165,0.00004459344592981873,0.0023128500022261533,0.011698853834154893
full_history,1,pb_activity,200,buy,2023-09,47400,0.030619063626747274,0.0004966780558635597,0.03061906362674729,0.13030085154945642,-0.0163326409723195,-0.00031589214289331726,-0.016332640972319512,-0.08287262690761794
full_history,1,pb_activity,200,buy,2023-10,74762,-0.019464105207797153,-0.00029730757435051405,-0.019464105207797157,-0.07799706399877133,-0.034694942909110835,-0.0006661785219048154,-0.03469494290911088,-0.17476839909351888
full_history,1,pb_activity,200,buy,2023-11,58775,-0.041635588092402205,-0.000747108204592686,-0.04163558809240222,-0.19599987176553427,-0.06156935779446852,-0.0013346489851149617,-0.06156935779446854,-0.35013807682268605
full_history,1,pb_activity,200,buy,2023-12,62461,-0.04848701841574607,-0.0009302074948498649,-0.04848701841574606,-0.24403499865901118,-0.07940211331694944,-0.001823507019045785,-0.07940211331694941,-0.4783873871273831
full_history,1,pb_activity,200,sell,2023-01,68849,0.03811329757997752,0.000623045256758687,0.038113297579977556,0.16922486533683442,-0.01843237447264916,-0.0003674050115330958,-0.018432374472649154,-0.0997906057807403
full_history,1,pb_activity,200,sell,2023-02,75483,-0.020351409200368337,-0.00033041349168853477,-0.020351409200368337,-0.08974336619999636,-0.06436902207192256,-0.001282439726784169,-0.0643690220719226,-0.3483225138358007
full_history,1,pb_activity,200,sell,2023-03,123474,-0.00901574001884418,-0.00010913662951708826,-0.009015740018844231,-0.029642519918097077,-0.05801383467315908,-0.0009106950734735275,-0.05801383467315913,-0.24735322113392763
full_history,1,pb_activity,200,sell,2023-04,86908,0.023967423066361567,0.0003205210937111923,0.023967423066361498,0.08705649923902598,-0.02623631255120608,-0.0004390267191214967,-0.026236312551205974,-0.11924372526181123
full_history,1,pb_activity,200,sell,2023-05,81929,0.021229385828621196,0.00031406072873587754,0.02122938582862119,0.08530180424517925,-0.025789010519325133,-0.0004715845436993554,-0.025789010519325178,-0.12808673212219787
full_history,1,pb_activity,200,sell,2023-06,83525,0.024921547830480627,0.0003356442486589122,0.024921547830480555,0.09116408826523889,-0.025808844548067717,-0.00043388483464883686,-0.025808844548067762,-0.11784714179050745
full_history,1,pb_activity,200,sell,2023-07,60453,-0.007645856441907766,-0.00011556265575709011,-0.007645856441907801,-0.03138788819322449,-0.0368147157554284,-0.0006736249094066566,-0.03681471575542845,-0.1829627677047384
full_history,1,pb_activity,200,sell,2023-08,57069,0.025564599517682238,0.00040711665881273414,0.025564599517682276,0.11057665717957711,0.00030954584673689196,6.0031358049875236e-6,0.0003095458467368798,0.0016305073141599765
full_history,1,pb_activity,200,sell,2023-09,48184,0.0193431027965599,0.0003233724804904138,0.019343102796559892,0.08783096231133516,-0.020374312983719403,-0.000405449439494875,-0.020374312983719382,-0.11012382496315119
full_history,1,pb_activity,200,sell,2023-10,74769,-0.03507564672393525,-0.0004641457153491601,-0.03507564672393526,-0.12606627740856355,-0.06328128317891966,-0.0010460685583320816,-0.0632812831789198,-0.28412191409300036
full_history,1,pb_activity,200,sell,2023-11,60073,-0.041725906182439376,-0.000752341671612846,-0.04172590618243945,-0.20434296976805877,-0.07777161723333373,-0.0016905656340800847,-0.07777161723333384,-0.45917329225585757
full_history,1,pb_activity,200,sell,2023-12,63140,-0.057888028767453394,-0.001054006342124522,-0.05788802876745331,-0.28627788972844104,-0.09257174537393377,-0.0020218354426413026,-0.09257174537393377,-0.5491492420537443
full_history,2,pb_activity,200,all,2024-01,139791,-0.029214602493202117,-0.00048178010156044057,-0.029312188120685572,-0.1727563817975606,-0.07178187861835526,-0.0014751299547245992,-0.07179658210527037,-0.5273025102142657
full_history,2,pb_activity,200,all,2024-02,137754,-0.09151385622020186,-0.001296621629259231,-0.09118766309093652,-0.46114137304232333,-0.11543362766513218,-0.0020575915483222683,-0.11520198945381908,-0.7329204391802631
full_history,2,pb_activity,200,all,2024-03,218767,-0.11502812773820163,-0.0014858518725675443,-0.11493474728606652,-0.5302145038181967,-0.11977400294530133,-0.002014110374096102,-0.11971682773856517,-0.7189660621331397
full_history,2,pb_activity,200,all,2024-04,186487,-0.11733125206157152,-0.0017453110779585199,-0.11739141722397438,-0.6236359567300893,-0.12817289048988026,-0.002451612397143769,-0.12820142816720054,-0.8757594298329824
full_history,2,pb_activity,200,all,2024-05,148887,-0.11824672699083971,-0.0018505842908811355,-0.11810747322575978,-0.659822175281899,-0.12920180395178038,-0.0025381667926407626,-0.12906723703308437,-0.9051033144617336
full_history,2,pb_activity,200,all,2024-06,106546,-0.10133453365008381,-0.0017879252392617396,-0.10132444785357451,-0.6387108914535499,-0.11000091949132226,-0.0023386872195968332,-0.10996802558892303,-0.8352964740144115
full_history,2,pb_activity,200,all,2024-07,147445,-0.13838078321309197,-0.0024991917102320724,-0.13824165298694094,-0.8913120984410301,-0.13536544344288573,-0.003035144439943145,-0.13529680693380522,-1.0830018457785742
full_history,2,pb_activity,200,all,2024-08,180346,-0.1171598990768947,-0.0016674526538455806,-0.11702002622333901,-0.5945169290720573,-0.11875211407842412,-0.00217634766844993,-0.11867095117666955,-0.7763593460299077
full_history,2,pb_activity,200,all,2024-09,139099,-0.12193372256439618,-0.002053753177437529,-0.12167010903501951,-0.7317454127914522,-0.1272026859728625,-0.0026671200302957527,-0.1270560349618827,-0.9512525069263744
full_history,2,pb_activity,200,all,2024-10,139126,-0.14271935906438712,-0.0023149334726542134,-0.1425371501776751,-0.8254933973016301,-0.14730123807798726,-0.0029789131564927594,-0.14721877476660084,-1.0630378757243695
full_history,2,pb_activity,200,all,2024-11,201659,-0.1614551016423807,-0.0021399282596092687,-0.16118532915382536,-0.762504272747887,-0.1504120357034746,-0.0026065325333330435,-0.150242120614391,-0.9292815377703302
full_history,2,pb_activity,200,all,2024-12,178071,-0.16907442320814026,-0.002509138610670681,-0.16902699251580622,-0.8954866729004604,-0.16925704607242648,-0.0032033387291328895,-0.16918301882540426,-1.1430584699703221
full_history,2,pb_activity,200,buy,2024-01,69296,-0.022009450846979455,-0.0003541423318792898,-0.02200945084697948,-0.12407822754102704,-0.0684104432935339,-0.001369937958321599,-0.06841044329353378,-0.4799750224936543
full_history,2,pb_activity,200,buy,2024-02,69259,-0.10728954039785044,-0.0015108595624594978,-0.1072895403978503,-0.5293486818663741,-0.12567495499740824,-0.002222924190837167,-0.12567495499740833,-0.778829495173596
full_history,2,pb_activity,200,buy,2024-03,108979,-0.11820636252913233,-0.0015214031415118794,-0.11820636252913201,-0.5330427576178268,-0.12106150904173547,-0.0020175798782271982,-0.12106150904173536,-0.7068845282754844
full_history,2,pb_activity,200,buy,2024-04,92080,-0.11406613500502819,-0.0017144677007119916,-0.11406613500502814,-0.6006853582056174,-0.12661668857856884,-0.002436241270273196,-0.12661668857856895,-0.8535678213719803
full_history,2,pb_activity,200,buy,2024-05,73539,-0.12619793292382211,-0.001998343754580413,-0.1261979329238225,-0.7001449100146924,-0.1370325852873117,-0.0027214083065948834,-0.13703258528731174,-0.953479685147653
full_history,2,pb_activity,200,buy,2024-06,52905,-0.09972850600095756,-0.001739716034469804,-0.09972850600095734,-0.6095314300220234,-0.1093951652457615,-0.0022936760900506684,-0.10939516524576132,-0.8036183144118588
full_history,2,pb_activity,200,buy,2024-07,73224,-0.14543604080662054,-0.0026434706662655082,-0.14543604080662048,-0.9261732509818129,-0.13840764773316394,-0.003115155684295037,-0.13840764773316377,-1.0914340394455597
full_history,2,pb_activity,200,buy,2024-08,88903,-0.12656202622241428,-0.0018440999423284805,-0.12656202622241408,-0.6461036471929577,-0.12531711740920468,-0.002340800696096878,-0.12531711740920473,-0.8201290138268497
full_history,2,pb_activity,200,buy,2024-09,69022,-0.13602617002593417,-0.0023065018753760796,-0.13602617002593456,-0.8081119898828306,-0.13552234165347626,-0.002867166799346849,-0.13552234165347654,-1.0045480093825543
full_history,2,pb_activity,200,buy,2024-10,68799,-0.1513522154350174,-0.00245690903943594,-0.15135221543501773,-0.8608090346754904,-0.15077242566132804,-0.0030535304797977307,-0.15077242566132784,-1.0698428726813298
full_history,2,pb_activity,200,buy,2024-11,100146,-0.17651618392897142,-0.002368653518469938,-0.17651618392897114,-0.8298876010415585,-0.1601452549396519,-0.0028048521106542375,-0.1601452549396522,-0.9827152731442174
full_history,2,pb_activity,200,buy,2024-12,88025,-0.1722634040466691,-0.0025890801100907773,-0.1722634040466696,-0.9071168344011723,-0.1742383887787761,-0.003330696794353904,-0.1742383887787758,-1.1669515827915087
full_history,2,pb_activity,200,sell,2024-01,70495,-0.036022851398118505,-0.0006080128388057513,-0.03602285139811843,-0.22105761426667936,-0.07506131550619716,-0.0015806406698179478,-0.07506131550619725,-0.5746797323707046
full_history,2,pb_activity,200,sell,2024-02,68495,-0.07499918207514378,-0.0010694222627063725,-0.07499918207514385,-0.3888140495550806,-0.10450267791697986,-0.001877732393431164,-0.10450267791697984,-0.682694536415484
full_history,2,pb_activity,200,sell,2024-03,109788,-0.11195995851722691,-0.0014513727330570418,-0.11195995851722758,-0.527681281223407,-0.11853637799709682,-0.0020110015580376834,-0.11853637799709688,-0.7311477296755076
full_history,2,pb_activity,200,sell,2024-04,94407,-0.12044431454237124,-0.0017740297877755153,-0.12044431454237169,-0.6449909730425405,-0.12958795715954483,-0.002464927355310546,-0.1295879571595455,-0.8961833134574761
full_history,2,pb_activity,200,sell,2024-05,75348,-0.11031567353692112,-0.00170650089375858,-0.11031567353692137,-0.620439227992597,-0.12138686441056971,-0.002359316735749756,-0.12138686441056987,-0.8577860459800496
full_history,2,pb_activity,200,sell,2024-06,53641,-0.10294297869091613,-0.0018360733107565667,-0.10294297869091625,-0.6675483802147807,-0.11063890724754734,-0.0023837880064402762,-0.11063890724754737,-0.8666831619152091
full_history,2,pb_activity,200,sell,2024-07,74221,-0.1312871140724579,-0.002355994055018487,-0.13128711407245794,-0.8565780059049961,-0.13225659486408348,-0.0029543248261829263,-0.1322565948640831,-1.0741154728370224
full_history,2,pb_activity,200,sell,2024-08,91443,-0.10805563337872472,-0.0015031306529883243,-0.10805563337872479,-0.5464991113236535,-0.11253423702368139,-0.0020247509259697584,-0.11253423702368134,-0.7361466413411052
full_history,2,pb_activity,200,sell,2024-09,70077,-0.1081478815813896,-0.0018096460581310421,-0.1081478815813896,-0.6579401202502447,-0.11914578335086419,-0.0024760792529296047,-0.11914578335086416,-0.90023785264625
full_history,2,pb_activity,200,sell,2024-10,70327,-0.13407532121739882,-0.002173272909070368,-0.1340753212173985,-0.7901453616886306,-0.14381348623380125,-0.0029044410657127102,-0.14381348623380108,-1.0559790382481478
full_history,2,pb_activity,200,sell,2024-11,101513,-0.14628110634140523,-0.0019148126398979642,-0.14628110634140512,-0.6961759471640983,-0.14058871810897536,-0.0024101973923399433,-0.14058871810897555,-0.8762849260040982
full_history,2,pb_activity,200,sell,2024-12,90046,-0.16594957937338814,-0.002432149087415086,-0.1659495793733879,-0.8842659899433928,-0.16438927930849087,-0.0030809485785815703,-0.1643892793084911,-1.1201525674972581
full_history,3,pb_activity,200,all,2025-01,174100,-0.1372261146842421,-0.002006489412271368,-0.13709339872074158,-0.5550276402431961,-0.13601991385738418,-0.0025072058716802564,-0.1359245158943603,-0.693721596380256
full_history,3,pb_activity,200,all,2025-02,146366,-0.13930494810745886,-0.0020332331388275785,-0.13923458227690846,-0.5630447995599857,-0.14158401212835237,-0.002638913170502036,-0.1414845070702975,-0.7306259070740536
full_history,3,pb_activity,200,all,2025-03,178485,-0.14409803363666265,-0.0020696172387995484,-0.14399262599426704,-0.5728549495988521,-0.13519786663655992,-0.0024970695373603678,-0.1350797219709048,-0.6910715442296935
full_history,3,pb_activity,200,all,2025-04,159014,-0.14638633244102267,-0.0022918141191447315,-0.14600837126612667,-0.63289730302261,-0.14064387364132372,-0.0027875385817797693,-0.14035192923101394,-0.7701992426120297
full_history,3,pb_activity,200,all,2025-05,137237,-0.14728801942248562,-0.0024395914560379145,-0.14680486377012314,-0.673501159648636,-0.15454216548369884,-0.003095708979473761,-0.15420187958409406,-0.8555713084583292
full_history,3,pb_activity,200,all,2025-06,114684,-0.129808989513341,-0.002309591971824568,-0.12933324413516709,-0.6373733938729459,-0.14820124445959287,-0.0031629595274123073,-0.14781070807705773,-0.8737800189326168
full_history,3,pb_activity,200,all,2025-07,115172,-0.13246436160018507,-0.0023209337190360775,-0.13231450926766847,-0.6415634486383155,-0.14209750250308886,-0.0029759214229448413,-0.14200098910258022,-0.8229912373633679
full_history,3,pb_activity,200,all,2025-08,112759,-0.16638457340880566,-0.003014756927400153,-0.1663610446785221,-0.8354934674386298,-0.1745869491738343,-0.0037507352127456226,-0.17461483403423028,-1.0397760507571157
full_history,3,pb_activity,200,all,2025-09,88401,-0.1340138001889159,-0.0026560136898409353,-0.13385477459038686,-0.7347016578391001,-0.14989870274996747,-0.0034804628455725713,-0.1497334265552747,-0.9628411093858744
full_history,3,pb_activity,200,all,2025-10,149497,-0.11475994827970086,-0.0018819587862151641,-0.1149413888197486,-0.5218990195937049,-0.1334964518842629,-0.002681912453980033,-0.13368600882760906,-0.7436184892490656
full_history,3,pb_activity,200,all,2025-11,165585,-0.16901923228773558,-0.0024382128230490585,-0.16904133738846233,-0.6757448557579884,-0.18306063286653246,-0.003343392814257388,-0.1829955947918728,-0.9261568246827323
full_history,3,pb_activity,200,all,2025-12,136467,-0.13311651888482307,-0.0021511198986927196,-0.13305101090319174,-0.5957288102751066,-0.15256406510995105,-0.00304771931311253,-0.1524882268738798,-0.844029790702845
full_history,3,pb_activity,200,buy,2025-01,86683,-0.144467811941747,-0.002146626294996402,-0.14446781194174688,-0.5822275298278622,-0.1416160033768873,-0.0026448414336312956,-0.14161600337688746,-0.7173579762247866
full_history,3,pb_activity,200,buy,2025-02,72525,-0.14220285626966203,-0.002090511784905847,-0.14220285626966223,-0.5670076414506078,-0.14600519951812457,-0.002731907323677008,-0.14600519951812413,-0.7409727797011713
full_history,3,pb_activity,200,buy,2025-03,89090,-0.14803920378437666,-0.0021303747348982334,-0.1480392037843763,-0.5778196337195078,-0.14000878114155196,-0.0025907326239588704,-0.14000878114155202,-0.7026820921778362
full_history,3,pb_activity,200,buy,2025-04,79567,-0.16383029689046788,-0.002581519459413254,-0.16383029689046774,-0.7001832137993335,-0.1541607388636149,-0.0030760867092520603,-0.15416073886361523,-0.8343242465811433
full_history,3,pb_activity,200,buy,2025-05,68610,-0.1701718780533467,-0.0028328963261587603,-0.17017187805334733,-0.7683639365093146,-0.17066299834908746,-0.0034342355023201303,-0.17066299834908732,-0.9314646233597675
full_history,3,pb_activity,200,buy,2025-06,56755,-0.1521358112781375,-0.002715539913853819,-0.15213581127813747,-0.7365334617755275,-0.16710654384473836,-0.00359532740736471,-0.16710654384473803,-0.9751574366677903
full_history,3,pb_activity,200,buy,2025-07,57447,-0.1415034039475884,-0.002539535208554148,-0.14150340394758856,-0.6887958629938633,-0.14866746699581626,-0.003186323048084847,-0.14866746699581637,-0.8642235501560064
full_history,3,pb_activity,200,buy,2025-08,55780,-0.16457466054501915,-0.002964374958060051,-0.16457466054501962,-0.8040247682318493,-0.16998811778775585,-0.003619706515005166,-0.16998811778775566,-0.9817697602259222
full_history,3,pb_activity,200,buy,2025-09,43702,-0.14238389558523026,-0.002863026846276171,-0.1423838955852301,-0.7765362105289144,-0.15904679266851693,-0.0037491164013350843,-0.15904679266851746,-1.0168694879376332
full_history,3,pb_activity,200,buy,2025-10,74085,-0.10718347844739173,-0.0017953401182609547,-0.1071834784473919,-0.4869484943385031,-0.12592632097544088,-0.002584418064591006,-0.12592632097544104,-0.7009693998888835
full_history,3,pb_activity,200,buy,2025-11,81408,-0.1654572815918981,-0.0023853553826391487,-0.16545728159189763,-0.6469778067252803,-0.1834554907367914,-0.003335816869733036,-0.18345549073679074,-0.9047706256789482
full_history,3,pb_activity,200,buy,2025-12,68259,-0.13430693571469662,-0.0021630941545393357,-0.1343069357146968,-0.5866940926411396,-0.15368323801506176,-0.0030535583183770995,-0.15368323801506165,-0.8282138912758444
full_history,3,pb_activity,200,sell,2025-01,87417,-0.13003361983876185,-0.0018709063454826686,-0.1300336198387619,-0.5287354471195925,-0.13043320382916435,-0.002372681062946275,-0.13043320382916376,-0.6705416258372031
full_history,3,pb_activity,200,sell,2025-02,73841,-0.13659997237281438,-0.001980029556683423,-0.1365999723728144,-0.5595746764613859,-0.1372526784384204,-0.002548650978313322,-0.13725267843842093,-0.72027235239433
full_history,3,pb_activity,200,sell,2025-03,89395,-0.1401650123969555,-0.0020090689057572775,-0.14016501239695559,-0.5677814652478471,-0.13033254202696973,-0.002402689881576271,-0.13033254202697064,-0.6790223956919702
full_history,3,pb_activity,200,sell,2025-04,79447,-0.12824683143476961,-0.001994458399294881,-0.12824683143476936,-0.5636524009118952,-0.12664048973622324,-0.0024921562427855206,-0.12664048973622313,-0.7043064173162229
full_history,3,pb_activity,200,sell,2025-05,68627,-0.12466074832049247,-0.0020543880245894094,-0.12466074832049233,-0.580589067625502,-0.1387097275623781,-0.0027651075378261687,-0.13870972756237845,-0.7814449792616935
full_history,3,pb_activity,200,sell,2025-06,57929,-0.10744770674190965,-0.0019057939917722854,-0.10744770674190955,-0.5385950188209925,-0.12922773321856895,-0.002736507251735975,-0.12922773321856892,-0.7733622737376254
full_history,3,pb_activity,200,sell,2025-07,57725,-0.12317326413150256,-0.002105104813528918,-0.12317326413150247,-0.5949221015270374,-0.13535783956017602,-0.002767420955273851,-0.13535783956017597,-0.7820987724414152
full_history,3,pb_activity,200,sell,2025-08,56979,-0.16802725473615543,-0.0030631053962336743,-0.16802725473615537,-0.8656619318024819,-0.1789814586658294,-0.0038784908442224286,-0.17898145866582826,-1.0960974052071752
full_history,3,pb_activity,200,sell,2025-09,44699,-0.1258191642650202,-0.002458413540092085,-0.1258191642650202,-0.6947704172707293,-0.14097635378236073,-0.003225274241608352,-0.14097635378236098,-0.911492348260836
full_history,3,pb_activity,200,sell,2025-10,75412,-0.1223277937388304,-0.001964322047795567,-0.12232779373883006,-0.5551355890880343,-0.1410385144915954,-0.0027741210606951386,-0.1410385144915955,-0.783992284238105
full_history,3,pb_activity,200,sell,2025-11,84177,-0.17234153971528487,-0.0024880552523792957,-0.17234153971528504,-0.7031474394757212,-0.18267929937570193,-0.0033506063446669125,-0.18267929937570238,-0.9469123604432261
full_history,3,pb_activity,200,sell,2025-12,68208,-0.13220192396319108,-0.002143287530283095,-0.1322019239631914,-0.6057128906352182,-0.15165895204549396,-0.00304551608737124,-0.15165895204549407,-0.8606910303416153
full_history,4,pb_activity,200,all,2026-01,116385,-0.09002543814112589,-0.0016195948839389318,-0.08984900810384057,-0.33000827149453077,-0.12396073225335312,-0.00270895594726654,-0.12376218168602497,-0.5521734801339115
full_history,4,pb_activity,200,all,2026-02,180931,-0.1365852416982541,-0.0017400038772336886,-0.13633121053049319,-0.3543364068671551,-0.14536174128663987,-0.0023852123833148996,-0.14512399101682538,-0.4858407893319008
full_history,4,pb_activity,200,all,2026-03,158827,-0.13202163775258802,-0.0021210040067998212,-0.13182300644022307,-0.4319606160824139,-0.1438916288135482,-0.0029661245395182236,-0.14383016263927734,-0.6047327918112753
full_history,4,pb_activity,200,all,2026-04,112569,-0.10690326050397236,-0.0019577197807085457,-0.10675653043617699,-0.3986165412442476,-0.13238780778181536,-0.0029942034361876762,-0.1323630613420519,-0.610381111763789
full_history,4,pb_activity,200,all,2026-05,98568,-0.12189077610112437,-0.0024076695903974318,-0.12179700347849237,-0.49096257903508433,-0.1476639810421007,-0.003461433005563757,-0.1476808921515045,-0.7064667463411655
full_history,4,pb_activity,200,buy,2026-01,58338,-0.09588667513650452,-0.001722390275982173,-0.09588667513650452,-0.34341528066882315,-0.13014526702912393,-0.0028348217764493605,-0.13014526702912363,-0.5652151719506834
full_history,4,pb_activity,200,buy,2026-02,90977,-0.14702092288952578,-0.0018879386053029545,-0.1470209228895259,-0.37642279747306884,-0.15472996486531412,-0.0025499819319064155,-0.15472996486531373,-0.5084229591035693
full_history,4,pb_activity,200,buy,2026-03,80345,-0.1404198266534454,-0.0022759496120120975,-0.14041982665344513,-0.4537855825686995,-0.14622976788448838,-0.0030355475820465043,-0.1462297678844881,-0.6052364782874896
full_history,4,pb_activity,200,buy,2026-04,57075,-0.11145850511199175,-0.0020309540069038687,-0.11145850511199173,-0.4049376323311185,-0.13141819122752474,-0.0029631604661194202,-0.13141819122752468,-0.590803720462768
full_history,4,pb_activity,200,buy,2026-05,49392,-0.12411853840107974,-0.0024407089938829596,-0.12411853840107946,-0.4866357966908964,-0.14437210968808065,-0.00336364692871138,-0.14437210968808076,-0.670653898946071
full_history,4,pb_activity,200,sell,2026-01,58047,-0.08490345297258248,-0.0015300694311275427,-0.08490345297258227,-0.3191887425125793,-0.11844155315899572,-0.0025967418735790824,-0.11844155315899584,-0.5417079489305708
full_history,4,pb_activity,200,sell,2026-02,89954,-0.12671721254979193,-0.0016012921832817455,-0.1267172125497917,-0.3340465654557068,-0.13650669087821304,-0.0022297771343027053,-0.13650669087821307,-0.46515520479152433
full_history,4,pb_activity,200,sell,2026-03,78482,-0.12346804598013594,-0.0019645709279380147,-0.12346804598013583,-0.4098303719480264,-0.14180056763863028,-0.0029001392705485817,-0.14180056763863028,-0.6049998699703372
full_history,4,pb_activity,200,sell,2026-04,55494,-0.10196574896273133,-0.0018760335045860856,-0.10196574896273118,-0.39136052459987003,-0.1335239315675419,-0.0030279678112212012,-0.1335239315675419,-0.6316662619159913
full_history,4,pb_activity,200,sell,2026-05,49176,-0.11962863780964678,-0.002372971698920508,-0.11962863780964647,-0.4950271126181585,-0.15079137669320786,-0.003555544570381703,-0.15079137669320772,-0.7417243801356379
post_2021,1,pb_activity,200,all,2023-01,137912,0.0620006620087041,0.0010408260589625101,0.06215585280985929,0.36710359196191467,0.002747334931962684,0.00005471914847734247,0.0027434443228609618,0.01922360981838823
post_2021,1,pb_activity,200,all,2023-02,148593,0.01280838967044959,0.00020747297949522578,0.012810390570756253,0.07312881818910122,-0.04295260903024211,-0.0008264245525161039,-0.04294002076557509,-0.29116308134647445
post_2021,1,pb_activity,200,all,2023-03,244874,0.01898729910917497,0.00023091652646667614,0.01905729906545999,0.0816439179634499,-0.044938822100337616,-0.0006891738115479034,-0.04481421205240161,-0.24210031680399594
post_2021,1,pb_activity,200,all,2023-04,171801,0.057645665481481964,0.0007818730164812542,0.057721473264468096,0.2757242536393204,-0.0050535817753087,-0.0000829866702088859,-0.0050047341394443305,-0.028943793853261016
post_2021,1,pb_activity,200,all,2023-05,163097,0.06734489594878379,0.0009748485193828181,0.0671809600460997,0.3428657928361297,0.005044706428907398,0.00008677940897180841,0.004973953572108725,0.03016740003183011
post_2021,1,pb_activity,200,all,2023-06,166586,0.058904137218220805,0.0007903538317529736,0.0589815291194868,0.2788661496461808,-0.00650889333623834,-0.00010580034895738076,-0.006382163254652123,-0.03655558614774471
post_2021,1,pb_activity,200,all,2023-07,120044,0.03489666961230442,0.0005159324456406104,0.03490665968523498,0.18195540088175663,-0.005484769034135525,-0.00009526739260074888,-0.005488805919561448,-0.03361327440807906
post_2021,1,pb_activity,200,all,2023-08,111827,0.07478382977721006,0.0011954027483498857,0.0746935100685814,0.4208604592893096,0.034702218583491574,0.0006533115063273803,0.03464607079038445,0.22991586946110146
post_2021,1,pb_activity,200,all,2023-09,95584,0.07205920129624778,0.0011948194116638503,0.07189689844820486,0.4200620571425412,0.01795898108787962,0.00034361519920382934,0.017884279739249016,0.12057627956941534
post_2021,1,pb_activity,200,all,2023-10,149531,0.01417567417786577,0.00020349834097575017,0.014074028732432442,0.07096485734983202,-0.02382347234740966,-0.00041570512866810356,-0.024090517940331575,-0.147648449241932
post_2021,1,pb_activity,200,all,2023-11,118848,-0.0025469547887428004,-0.00004590793632160443,-0.0025559327434069535,-0.016229323349115345,-0.04449772042377391,-0.0009394259205263496,-0.04463133229993757,-0.3319275168703158
post_2021,1,pb_activity,200,all,2023-12,125601,-0.01565460006522753,-0.0002931385729391579,-0.015724755149892182,-0.10364759515780779,-0.061101754325703826,-0.001331246234839135,-0.06121192220303204,-0.4694436747588249
post_2021,1,pb_activity,200,buy,2023-01,69063,0.05265484633583474,0.0009010716413729759,0.052654846335834615,0.31199834263133175,0.000028694172668275074,5.852434590320623e-7,0.000028694172668330392,0.00020264203296374098
post_2021,1,pb_activity,200,buy,2023-02,73110,0.012523371935831295,0.00020177828565757326,0.01252337193583135,0.06986624349672087,-0.04258646265059561,-0.0008132010732513553,-0.04258646265059557,-0.2815729354148247
post_2021,1,pb_activity,200,buy,2023-03,121400,0.01386451809662345,0.00016905963022510268,0.013864518096623429,0.05853732601741576,-0.05246364452547624,-0.0008060446398030676,-0.052463644525476104,-0.27909500217123145
post_2021,1,pb_activity,200,buy,2023-04,84893,0.052188922659546146,0.0007147699192706351,0.052188922659546305,0.24749089854317222,-0.008989032106934152,-0.0001488875363358714,-0.008989032106934167,-0.05155268731404473
post_2021,1,pb_activity,200,buy,2023-05,81168,0.07545258007221839,0.0010622366960029378,0.0754525800722185,0.3678021518134949,0.010797159849353819,0.0001796263923645247,0.010797159849353798,0.062196094225297406
post_2021,1,pb_activity,200,buy,2023-06,83061,0.0532139880558532,0.0007073281982338263,0.05321398805585317,0.24491418374802992,-0.014125806921459462,-0.0002280493971245116,-0.014125806921459474,-0.07896268251490875
post_2021,1,pb_activity,200,buy,2023-07,59591,0.03309398352500327,0.00047557498256618004,0.033093983525003284,0.16466904466273732,-0.0054464893315823385,-0.00009222010328577831,-0.005446489331582332,-0.03193144480566707
post_2021,1,pb_activity,200,buy,2023-08,54758,0.07843288044107391,0.0012498631525789765,0.07843288044107395,0.432768288575181,0.037239461215044345,0.0006988809961808752,0.037239461215044255,0.2419893185992642
post_2021,1,pb_activity,200,buy,2023-09,47400,0.07955546293260132,0.0012993933664838427,0.07955546293260135,0.4499182508411636,0.02125181874216071,0.0004002186936136329,0.021251818742160703,0.1385767383681808
post_2021,1,pb_activity,200,buy,2023-10,74762,0.020679275877056574,0.00031743389324914706,0.020679275877056612,0.10991229114461748,-0.01132904715127248,-0.00021193362963806419,-0.0113290471512725,-0.07338255712294535
post_2021,1,pb_activity,200,buy,2023-11,58775,-0.0016208647965374687,-0.000029158814147806813,-0.0016208647965374708,-0.010096313400063023,-0.036415303589642685,-0.0007682455195873172,-0.03641530358964267,-0.26600696086713815
post_2021,1,pb_activity,200,buy,2023-12,62461,-0.011655575959729873,-0.00022396011231728377,-0.011655575959729825,-0.07754675727231806,-0.05548714969191648,-0.0012406844916680944,-0.05548714969191649,-0.42959015394050654
post_2021,1,pb_activity,200,sell,2023-01,68849,0.07226373687513687,0.0011880032066642007,0.07226373687513662,0.42537591544003095,0.005970684717820419,0.00011590395227853423,0.005970684717820407,0.04150051912909952
post_2021,1,pb_activity,200,sell,2023-02,75483,0.013077098272245595,0.00021288794470561187,0.013077098272245662,0.07622656559957684,-0.04335323440378799,-0.0008401533348637129,-0.04335323440378794,-0.3008249404739726
post_2021,1,pb_activity,200,sell,2023-03,123474,0.024043193912229577,0.000291658553143376,0.02404319391222983,0.10443113565967536,-0.037526592854038456,-0.0005744994203523453,-0.037526592854038456,-0.20570501449936035
post_2021,1,pb_activity,200,sell,2023-04,86908,0.06305961934574571,0.0008471733874827863,0.06305961934574553,0.3033385374849271,-0.0011555475197291955,-0.00001881628548869971,-0.0011555475197292076,-0.006737351061038893
post_2021,1,pb_activity,200,sell,2023-05,81929,0.059755083546159014,0.0008877265324264576,0.0597550835461592,0.3178589790608583,-0.00039478883979699,-7.008982997657826e-6,-0.0003947888397969939,-0.0025096334270880735
post_2021,1,pb_activity,200,sell,2023-06,83525,0.0643811867872808,0.0008716625989644086,0.0643811867872808,0.3121071339785762,0.0008268779962331289,0.00001352880783621417,0.0008268779962331418,0.004844119094847267
post_2021,1,pb_activity,200,sell,2023-07,60453,0.036591329968204675,0.0005555179131372946,0.036591329968204724,0.19890850421829337,-0.005569782763548136,-0.00009906500237163026,-0.005569782763548173,-0.035471171993067104
post_2021,1,pb_activity,200,sell,2023-08,57069,0.07145935675051843,0.0011456570278635795,0.07145935675051836,0.41021346093514754,0.0324062598084561,0.0006120165338380074,0.032406259808456093,0.2191383759617777
post_2021,1,pb_activity,200,sell,2023-09,48184,0.06481071278081879,0.0010905649218902627,0.06481071278081889,0.3904872052479078,0.014726941187899268,0.00028614539164003265,0.014726941187899242,0.10245709543124994
post_2021,1,pb_activity,200,sell,2023-10,74769,0.006454034382980336,0.00008549912177715169,0.006454034382980332,0.030613778642396096,-0.03882854969714144,-0.0006235708517749748,-0.0388285496971414,-0.22327551005548382
post_2021,1,pb_activity,200,sell,2023-11,60073,-0.003420278818164777,-0.0000617657178197636,-0.0034202788181647943,-0.02211580626467031,-0.05240270266723974,-0.0011068934611635495,-0.05240270266723952,-0.39633379497275867
post_2021,1,pb_activity,200,sell,2023-12,63140,-0.01972973367755355,-0.00035987654710337115,-0.019729733677553513,-0.1288572411343365,-0.06687431288920974,-0.0014190813056886489,-0.06687431288920956,-0.5081156398442013
post_2021,2,pb_activity,200,all,2024-01,139791,-0.0059469332915564836,-0.0000981240692842812,-0.0060683694028969,-0.04194409984935125,-0.05835608091755928,-0.0011767346284104762,-0.058386623111040245,-0.4932055014068797
post_2021,2,pb_activity,200,all,2024-02,137754,-0.0663416893697508,-0.000938570314491902,-0.06603237628170429,-0.3908423556634297,-0.10205765645192244,-0.0017804224059151746,-0.10184397641185859,-0.7433157499115916
post_2021,2,pb_activity,200,all,2024-03,218767,-0.09242357774566247,-0.0011910833069271021,-0.09233949621102067,-0.4981525495836319,-0.1106095355533864,-0.0018217140893716272,-0.11055079587571064,-0.7621961704784642
post_2021,2,pb_activity,200,all,2024-04,186487,-0.09490666959264454,-0.0014083224539686266,-0.09496445962780241,-0.5899051683148985,-0.11829608382964547,-0.002210215457247325,-0.11832455791094204,-0.9254562222874281
post_2021,2,pb_activity,200,all,2024-05,148887,-0.09303655630026411,-0.0014527532836444627,-0.09290644014010704,-0.6070175363490764,-0.11638300723528504,-0.002231562669239005,-0.11625727050800942,-0.9327323059761213
post_2021,2,pb_activity,200,all,2024-06,106546,-0.07379642118349852,-0.0012994581538473238,-0.07380017933886819,-0.544211115602276,-0.09337753604653104,-0.0019389699568417534,-0.09336517458333803,-0.8118901253230505
post_2021,2,pb_activity,200,all,2024-07,147445,-0.11508497256329604,-0.002073258522522931,-0.11495934838861713,-0.8666346919289212,-0.123899729209779,-0.002713118762830748,-0.12384747133788306,-1.1348647775988325
post_2021,2,pb_activity,200,all,2024-08,180346,-0.09365949308816042,-0.0013302748738977163,-0.09351376008720004,-0.5557553163264727,-0.10917378143593592,-0.0019583738883530385,-0.10908778664706979,-0.8187898327383751
post_2021,2,pb_activity,200,all,2024-09,139099,-0.09635153232023992,-0.001619345679979515,-0.09609322184441797,-0.6759568537356473,-0.11457508142867076,-0.0023419921996740514,-0.11442399898554152,-0.9789426481538973
post_2021,2,pb_activity,200,all,2024-10,139126,-0.11562452738050003,-0.0018697261971230327,-0.11547125906693682,-0.7814893057089872,-0.13276266632642272,-0.0026151844872148076,-0.1326924652889532,-1.0939438316696855
post_2021,2,pb_activity,200,all,2024-11,201659,-0.1378591932686879,-0.0018195354234247852,-0.13758772382912526,-0.7597384238346719,-0.1418384638705406,-0.0023988091777445123,-0.14166837354277795,-1.002392453869616
post_2021,2,pb_activity,200,all,2024-12,178071,-0.14486702602574106,-0.002139622880267764,-0.14481944961614931,-0.8950243632321385,-0.15928642604826554,-0.0029374089415606422,-0.15920819587396756,-1.2285423046067476
post_2021,2,pb_activity,200,buy,2024-01,69296,0.0020305942064405167,0.000032697071051083374,0.0020305942064405315,0.01342924903989045,-0.0544665581589074,-0.0010704623837508088,-0.054466558158907434,-0.4396572988683062
post_2021,2,pb_activity,200,buy,2024-02,69259,-0.08166485265999811,-0.0011478290597862274,-0.08166485265999832,-0.47143312240445556,-0.1118150206460481,-0.0019362348650665327,-0.1118150206460483,-0.7952449368346595
post_2021,2,pb_activity,200,buy,2024-03,108979,-0.0952831342537136,-0.001223306566209184,-0.09528313425371342,-0.5024330315119176,-0.1120483802810912,-0.0018300252989276807,-0.11204838028109138,-0.7516228426149971
post_2021,2,pb_activity,200,buy,2024-04,92080,-0.0917503487222775,-0.0013760630774504576,-0.09175034872227769,-0.5651727560798746,-0.11662091500782812,-0.002191745331545549,-0.11662091500782745,-0.9001874768341742
post_2021,2,pb_activity,200,buy,2024-05,73539,-0.1006507139305162,-0.001589974980967567,-0.10065071393051613,-0.6530300513232387,-0.12398290874808603,-0.002402590874239498,-0.12398290874808653,-0.9867853649864248
post_2021,2,pb_activity,200,buy,2024-06,52905,-0.07176033965541055,-0.0012492603667099648,-0.07176033965541055,-0.5130927034413112,-0.09173763266722611,-0.0018795356581650336,-0.09173763266722608,-0.7719575980802215
post_2021,2,pb_activity,200,buy,2024-07,73224,-0.1216164985182818,-0.0022044204653353266,-0.12161649851828185,-0.9053933721270867,-0.12637038979805393,-0.002780343535341632,-0.12637038979805396,-1.1419348752742529
post_2021,2,pb_activity,200,buy,2024-08,88903,-0.10314644897588693,-0.0014994973028794425,-0.1031464489758869,-0.615869313907396,-0.1157148186211429,-0.0021157587816955877,-0.11571481862114293,-0.8689784948423954
post_2021,2,pb_activity,200,buy,2024-09,69022,-0.11034166652583167,-0.001865967758467408,-0.11034166652583126,-0.7663850284851345,-0.12307625946574602,-0.0025370492147672365,-0.12307625946574614,-1.0420097163546664
post_2021,2,pb_activity,200,buy,2024-10,68799,-0.12323042097308261,-0.001993517822413127,-0.12323042097308255,-0.8187720319297217,-0.13604552968547423,-0.002685208331031687,-0.136045529685474,-1.1028612117909669
post_2021,2,pb_activity,200,buy,2024-11,100146,-0.1530517636367553,-0.002044522773296552,-0.15305176363675518,-0.8397206418712899,-0.15167709838667026,-0.0025925172437748405,-0.15167709838667034,-1.0647913891880287
post_2021,2,pb_activity,200,buy,2024-12,88025,-0.14804351133351565,-0.0022145391609586502,-0.14804351133351593,-0.909549294327952,-0.16445401214605124,-0.0030654773244461874,-0.16445401214605146,-1.2590442230072754
post_2021,2,pb_activity,200,sell,2024-01,70495,-0.013467198538043717,-0.00022738960231116648,-0.013467198538043703,-0.09689682745642322,-0.06209764241100566,-0.0012828390430256232,-0.062097642411005544,-0.5466522309859928
post_2021,2,pb_activity,200,sell,2024-02,68495,-0.05031193441441786,-0.0007166473938398461,-0.050311934414418065,-0.305382735895593,-0.09162927619979941,-0.0016108352724927583,-0.09162927619979962,-0.6864202490923935
post_2021,2,pb_activity,200,sell,2024-03,109788,-0.08966448937204118,-0.0011598312760450905,-0.08966448937204119,-0.4942353119546547,-0.109212172368129,-0.0018136122719738966,-0.10921217236812912,-0.7728289842814703
post_2021,2,pb_activity,200,sell,2024-04,94407,-0.09791582623041745,-0.00143835420352349,-0.0979158262304181,-0.6129214250056868,-0.11983984549651616,-0.0022268255382277106,-0.11983984549651637,-0.9489102745249451
post_2021,2,pb_activity,200,sell,2024-05,75348,-0.0854471679050427,-0.001319018724097775,-0.08544716790504288,-0.5620693665042624,-0.1087934078607127,-0.002064485062092134,-0.1087934078607129,-0.8797326298770743
post_2021,2,pb_activity,200,sell,2024-06,53641,-0.07580475629886976,-0.0013494275169334965,-0.07580475629886985,-0.5750273712793837,-0.09499306367505422,-0.0019979554380522985,-0.09499306367505415,-0.8513825670958085
post_2021,2,pb_activity,200,sell,2024-07,74221,-0.10851892400660314,-0.001943050630610379,-0.10851892400660333,-0.8279861514323181,-0.12133933427392173,-0.0026446837568707016,-0.12133933427392149,-1.126970903953778
post_2021,2,pb_activity,200,sell,2024-08,91443,-0.0844655102816286,-0.0011728737217892623,-0.08446551028162841,-0.4997930489929271,-0.10299668674036362,-0.0018137718085084202,-0.10299668674036344,-0.7728969670911574
post_2021,2,pb_activity,200,sell,2024-09,70077,-0.08267954623016723,-0.0013811905707012755,-0.08267954623016711,-0.5885624630740116,-0.10634817216221046,-0.0021557469642635306,-0.10634817216221013,-0.918621781791531
post_2021,2,pb_activity,200,sell,2024-10,70327,-0.10802054286311634,-0.0017462901596917437,-0.10802054286311626,-0.7441412209382764,-0.12943215272745634,-0.002544832626326079,-0.1294321527274563,-1.0844216507365128
post_2021,2,pb_activity,200,sell,2024-11,101513,-0.12256067300781355,-0.0015981306423177694,-0.12256067300781398,-0.6810064643570695,-0.13190856966867004,-0.002207047207562399,-0.13190856966866985,-0.9404821956929579
post_2021,2,pb_activity,200,sell,2024-12,90046,-0.14175154929462683,-0.002067485057919379,-0.14175154929462636,-0.8810110088138773,-0.15419972864520098,-0.002813758046748828,-0.15419972864520115,-1.1990180078104415
post_2021,3,pb_activity,200,all,2025-01,174100,-0.11541142746616581,-0.0016820522646481947,-0.11526308234338284,-0.5338961970436943,-0.1259347759695969,-0.00227470680520546,-0.1258219954813581,-0.7222931084573868
post_2021,3,pb_activity,200,all,2025-02,146366,-0.11682282659248625,-0.0016994407116396187,-0.11674266225970205,-0.5400854512339827,-0.1318817629100236,-0.0024069296987937663,-0.13177006650411963,-0.7648043219188265
post_2021,3,pb_activity,200,all,2025-03,178485,-0.12222487489803739,-0.0017492482014946522,-0.12212567727427175,-0.5557131522352623,-0.12629013129261696,-0.002283700535221206,-0.12617398063338028,-0.7254220049986421
post_2021,3,pb_activity,200,all,2025-04,159014,-0.12489390621890054,-0.0019480098125646977,-0.12451885451488079,-0.6172364029503244,-0.13133489125104722,-0.0025486748439908597,-0.1310373811660866,-0.8081663853739602
post_2021,3,pb_activity,200,all,2025-05,137237,-0.1250513271146951,-0.0020644619658993337,-0.12455930762167775,-0.6537803648215615,-0.1430986466051084,-0.0028079153222654997,-0.14275057837471009,-0.8905638515436279
post_2021,3,pb_activity,200,all,2025-06,114684,-0.10556647663810312,-0.0018729836801948201,-0.1051047310858227,-0.5928937238267333,-0.13398468778303307,-0.002800213595804541,-0.13357811330400518,-0.8875970136141736
post_2021,3,pb_activity,200,all,2025-07,115172,-0.10756458985547573,-0.0018781112404283175,-0.10739951314016144,-0.5956618176430474,-0.12659518456052746,-0.00259486586891317,-0.12648638769860374,-0.8235427413382113
post_2021,3,pb_activity,200,all,2025-08,112759,-0.14292714964514205,-0.0025788394456668236,-0.1428940852102775,-0.8202706972383682,-0.16088645590342496,-0.003379682605845286,-0.16089144957282675,-1.0752847262157936
post_2021,3,pb_activity,200,all,2025-09,88401,-0.10807525473001929,-0.0021355839897054694,-0.10790815600312342,-0.6778243015253514,-0.13376024783638263,-0.003042635321148976,-0.13357721620719806,-0.9658901350039468
post_2021,3,pb_activity,200,all,2025-10,149497,-0.09266491721410113,-0.0015160425093214218,-0.09284388006249349,-0.4827322442049571,-0.12107933652032271,-0.0023827089944873482,-0.12127112534728852,-0.7584299722445552
post_2021,3,pb_activity,200,all,2025-11,165585,-0.14690691368169922,-0.0021109361843358403,-0.1469315144505976,-0.6715521289462207,-0.1734610885958001,-0.0031037678072393313,-0.1734028576569856,-0.9869021152594729
post_2021,3,pb_activity,200,all,2025-12,136467,-0.10888747757991817,-0.0017555405885038534,-0.10882436925571141,-0.5580127244277007,-0.13883522501809803,-0.0027129366181776393,-0.13874755394648214,-0.8622857961120264
post_2021,3,pb_activity,200,buy,2025-01,86683,-0.12310580307608501,-0.0018229894993868137,-0.12310580307608558,-0.567368681175417,-0.13218624890755887,-0.002418925692279214,-0.13218624890755895,-0.7528417911081892
post_2021,3,pb_activity,200,buy,2025-02,72525,-0.12009101730948081,-0.0017595736969235201,-0.12009101730948087,-0.547631792827249,-0.13674813331174684,-0.002505423563715147,-0.13674813331174734,-0.7797625074686474
post_2021,3,pb_activity,200,buy,2025-03,89090,-0.1259733087653315,-0.0018062782246247423,-0.12597330876533158,-0.5621676342545728,-0.13106363502546,-0.0023742362188682274,-0.13106363502546017,-0.7389330946509993
post_2021,3,pb_activity,200,buy,2025-04,79567,-0.1421227329220265,-0.0022294279958237633,-0.1421227329220265,-0.6938644584576869,-0.14501035888748273,-0.002832235255312531,-0.1450103588874831,-0.8814760491630363
post_2021,3,pb_activity,200,buy,2025-05,68610,-0.14805297316099286,-0.002455060045095893,-0.148052973160993,-0.7640878789817738,-0.15930353993504676,-0.003140839051690118,-0.15930353993504598,-0.9775227510312444
post_2021,3,pb_activity,200,buy,2025-06,56755,-0.12732802722537895,-0.0022644809328672055,-0.12732802722537864,-0.7047739775022851,-0.15378557692841616,-0.003237420295207281,-0.15378557692841616,-1.0075817133999503
post_2021,3,pb_activity,200,buy,2025-07,57447,-0.11684060068504147,-0.002089038804139174,-0.11684060068504139,-0.6501711565685862,-0.13352780579958554,-0.0028016556646567365,-0.13352780579958565,-0.8719587688785929
post_2021,3,pb_activity,200,buy,2025-08,55780,-0.1412913942834355,-0.0025340528636091687,-0.14129139428343532,-0.7886727991238158,-0.15707716239002242,-0.003270648386599357,-0.15707716239002295,-1.0179232860735392
post_2021,3,pb_activity,200,buy,2025-09,43702,-0.11658671294828479,-0.0023372474539046,-0.11658671294828471,-0.7274210882446104,-0.14358621707231672,-0.003314887793182181,-0.1435862170723171,-1.0316919083159177
post_2021,3,pb_activity,200,buy,2025-10,74085,-0.08513171533926783,-0.0014231956247429292,-0.08513171533926792,-0.44294090829191524,-0.11359196414002089,-0.0022849314733044213,-0.1135919641400209,-0.711138795380331
post_2021,3,pb_activity,200,buy,2025-11,81408,-0.143163726840989,-0.0020559687475641144,-0.1431637268409887,-0.6398787690415604,-0.17356724523906464,-0.003093671643894863,-0.17356724523906494,-0.9628428475187673
post_2021,3,pb_activity,200,buy,2025-12,68259,-0.10992141384250309,-0.0017656198404023204,-0.10992141384250306,-0.5495135329321251,-0.14026256060095377,-0.002723969144374598,-0.14026256060095382,-0.847780407690879
post_2021,3,pb_activity,200,sell,2025-01,87417,-0.10776133546789268,-0.0015456908135092749,-0.1077613354678925,-0.5015399002144252,-0.11971703281264227,-0.002134263305641605,-0.11971703281264245,-0.6925176729960406
post_2021,3,pb_activity,200,sell,2025-02,73841,-0.11376211773238583,-0.0016435412377471266,-0.11376211773238577,-0.5332900352215498,-0.12713137813845524,-0.0023115995761984758,-0.12713137813845535,-0.7500590743307376
post_2021,3,pb_activity,200,sell,2025-03,89395,-0.1184812962532226,-0.0016923841386950864,-0.11848129625322225,-0.5491383947081449,-0.1214757892948644,-0.0021927180189506472,-0.12147578929486477,-0.7114848369487841
post_2021,3,pb_activity,200,sell,2025-04,79447,-0.10700136008008475,-0.0016591212803816716,-0.10700136008008466,-0.5383453884396524,-0.11717310365136903,-0.00225844622908737,-0.11717310365136892,-0.7328120776007497
post_2021,3,pb_activity,200,sell,2025-05,68627,-0.10233259930575417,-0.0016819113270919457,-0.10233259930575415,-0.5457402164693298,-0.12719676013125616,-0.0024832622020531775,-0.12719676013125614,-0.8057595129237867
post_2021,3,pb_activity,200,sell,2025-06,57929,-0.0838114561034139,-0.0014836165645358878,-0.08381145610341383,-0.4813982830398267,-0.11416118332639759,-0.0023693209389155207,-0.11416118332639752,-0.7687882834612629
post_2021,3,pb_activity,200,sell,2025-07,57725,-0.09801683952597479,-0.0016698632806238893,-0.0980168395259751,-0.5418309119884104,-0.11946923031181961,-0.002390112271092476,-0.11946923031181944,-0.7755345761701395
post_2021,3,pb_activity,200,sell,2025-08,56979,-0.14440719820400774,-0.0026216830804075292,-0.14440719820400796,-0.8506737952050003,-0.16449537042885684,-0.003485490795777111,-0.1644953704288562,-1.1309588506536468
post_2021,3,pb_activity,200,sell,2025-09,44699,-0.09973687064712934,-0.0019430868580378013,-0.0997368706471294,-0.6304854634386376,-0.12414738558403059,-0.0027833581169273186,-0.12414738558403077,-0.9031334986428459
post_2021,3,pb_activity,200,sell,2025-10,75412,-0.10018799455526424,-0.00160433573854359,-0.10018799455526373,-0.5205687833472785,-0.12853774388108274,-0.002475136670951249,-0.12853774388108305,-0.8031229713706941
post_2021,3,pb_activity,200,sell,2025-11,84177,-0.15040219320098214,-0.0021627390449547408,-0.15040219320098247,-0.701757373024546,-0.1733474432995045,-0.003113196604135477,-0.17334744329950394,-1.010158241570364
post_2021,3,pb_activity,200,sell,2025-12,68208,-0.10812117340604138,-0.0017494854301577086,-0.10812117340604183,-0.5676664054668156,-0.13761535916213014,-0.002705242079660321,-0.13761535916213047,-0.8777867027677461
post_2021,4,pb_activity,200,all,2026-01,116385,-0.06695997898550426,-0.0012036825687009834,-0.06677801439256717,-0.28976821259759566,-0.11002719027524888,-0.0023606705652300824,-0.10981763488515178,-0.5687577250003356
post_2021,4,pb_activity,200,all,2026-02,180931,-0.11596947374551693,-0.0014731944475418746,-0.11570448366647919,-0.35455913719906246,-0.13757869029651576,-0.002219039734736456,-0.1373289367661216,-0.5343187828371879
post_2021,4,pb_activity,200,all,2026-03,158827,-0.11055656521181356,-0.0017718510228903947,-0.11035988889712693,-0.4265406686557003,-0.13380022771110542,-0.002706107808504752,-0.13374851351769276,-0.6523562746109309
post_2021,4,pb_activity,200,all,2026-04,112569,-0.0839868769914259,-0.0015353576930652309,-0.08385801158902591,-0.36956206672596503,-0.11926825602340056,-0.002647540192986526,-0.11923975544859962,-0.6380887809166337
post_2021,4,pb_activity,200,all,2026-05,98568,-0.09926315735533893,-0.0019567322067583206,-0.0991945961479357,-0.4718054299684546,-0.13430619035025637,-0.0030916366660828864,-0.13432325355647143,-0.7460601294498558
post_2021,4,pb_activity,200,buy,2026-01,58338,-0.07273823114408474,-0.0013050629985258003,-0.07273823114408463,-0.30758919058377476,-0.11597476972709574,-0.002478197287443215,-0.11597476972709593,-0.584084215560951
post_2021,4,pb_activity,200,buy,2026-02,90977,-0.12653689084034703,-0.0016196871158821325,-0.12653689084034708,-0.3817426817984408,-0.14705710854157705,-0.0023826735130917866,-0.14705710854157658,-0.5615702982500986
post_2021,4,pb_activity,200,buy,2026-03,80345,-0.11877087111393583,-0.0019196043109173473,-0.11877087111393576,-0.4524299109722392,-0.13547000950694138,-0.0027602726282598693,-0.13547000950694094,-0.6505663132554261
post_2021,4,pb_activity,200,buy,2026-04,57075,-0.0880665899205931,-0.0016017915850397304,-0.08806658992059307,-0.37752489932119704,-0.11872634925479399,-0.002627000663437098,-0.11872634925479394,-0.6191555569672997
post_2021,4,pb_activity,200,buy,2026-05,49392,-0.10070460739356027,-0.0019759699826300994,-0.10070460739356049,-0.4657146883036177,-0.13123795238673447,-0.0030010621638177424,-0.1312379523867346,-0.707317794545565
post_2021,4,pb_activity,200,sell,2026-01,58047,-0.06191250803860235,-0.0011152484495800348,-0.06191250803860229,-0.275121325906049,-0.10477378432694322,-0.002257101300776975,-0.10477378432694295,-0.5568057080087119
post_2021,4,pb_activity,200,sell,2026-02,89954,-0.10596870896312201,-0.0013358199993402094,-0.10596870896312227,-0.32953425716815726,-0.1286118186227012,-0.002064694563749729,-0.12861181862270077,-0.5093407717210836
post_2021,4,pb_activity,200,sell,2026-03,78482,-0.1021805717419477,-0.0016226338726394547,-0.10218057174194775,-0.4002885479632284,-0.13235451298746304,-0.0026548170308853046,-0.13235451298746276,-0.6549184460647924
post_2021,4,pb_activity,200,sell,2026-04,55494,-0.07954608085788838,-0.0014611429941961758,-0.07954608085788827,-0.36045026384296974,-0.11993637571921913,-0.0026700474747438172,-0.11993637571921918,-0.6586756536269902
post_2021,4,pb_activity,200,sell,2026-05,49176,-0.0977813608341887,-0.0019359880967898758,-0.09778136083418881,-0.477590094232124,-0.13726638976647382,-0.0031801975089408687,-0.13726638976647398,-0.784524879305951
full_history,1,pb_activity,500,all,2023-01,55165,0.01371414049383634,0.00037602218182018456,0.013943041084418508,0.052639416750099824,-0.02187047570725562,-0.0007235454507404532,-0.021824185931237396,-0.09941336637903984
full_history,1,pb_activity,500,all,2023-02,59437,-0.030763160860517502,-0.0008551445024713159,-0.03076301794438603,-0.11785666159586689,-0.055228704372657554,-0.001820284843162947,-0.0552214001702787,-0.2508417355150439
full_history,1,pb_activity,500,all,2023-03,97950,-0.031249782318547897,-0.0006409860163256422,-0.03115122652714253,-0.08805032677433154,-0.05664449158836765,-0.001454181142423804,-0.05655541661811388,-0.20007355434691024
full_history,1,pb_activity,500,all,2023-04,68720,-0.021846267495176496,-0.0005094158736510492,-0.021777023353530194,-0.06995737895856675,-0.05012273638919835,-0.0014188002725547203,-0.050135150691542785,-0.19550893453094553
full_history,1,pb_activity,500,all,2023-05,65239,-0.02399508060910875,-0.0005965595234361108,-0.024075237791146755,-0.08250535770044289,-0.052130791777762316,-0.0015554062919108807,-0.052209310025507126,-0.21472244003168886
full_history,1,pb_activity,500,all,2023-06,66634,-0.0068216566961158106,-0.00015832811258737414,-0.006614225903470579,-0.02115451243776641,-0.038439860443470676,-0.0010772563786126364,-0.03823006220403208,-0.14763769981259695
full_history,1,pb_activity,500,all,2023-07,48018,-0.04675011719517766,-0.0011955003501157833,-0.04656988077699804,-0.16417902043982152,-0.05578302762446251,-0.0016684931109398617,-0.05572484999612988,-0.22978244085345034
full_history,1,pb_activity,500,all,2023-08,44731,-0.007398207468659893,-0.00019798897669512383,-0.007493197991259341,-0.027648796804934938,-0.01896278321937242,-0.0005977469193493742,-0.019100736191418836,-0.08301564923312924
full_history,1,pb_activity,500,all,2023-09,38233,-0.01647702674665849,-0.0004665891291367562,-0.01656286411424984,-0.06460298634091256,-0.04163461088899673,-0.0013734486501348708,-0.041727954136315595,-0.18960346610467677
full_history,1,pb_activity,500,all,2023-10,59813,-0.04424748866895494,-0.0010481564536630437,-0.04442797883150886,-0.14462770851206855,-0.04709726874885227,-0.00135738324239082,-0.04741429078321439,-0.18779067652675585
full_history,1,pb_activity,500,all,2023-11,47539,-0.040507963672487886,-0.001219528775081789,-0.040409120473103244,-0.16766363593648548,-0.05643383508832765,-0.0019960073946027265,-0.056541858728448226,-0.2756126117145755
full_history,1,pb_activity,500,all,2023-12,50240,-0.051723795777138634,-0.001694226161028705,-0.0516101157244881,-0.2329338376541754,-0.07395869750886847,-0.0028448900007942836,-0.07397037500164794,-0.39205714213462517
full_history,1,pb_activity,500,buy,2023-01,27486,-0.00044930699053582335,-0.00001230993491931668,-0.00044930699053583175,-0.0016660787654005304,-0.02651572762790541,-0.0008868783991491322,-0.0265157276279054,-0.12003388141363067
full_history,1,pb_activity,500,buy,2023-02,29151,-0.030718896333752372,-0.0008530184075147496,-0.030718896333752355,-0.1154511266364173,-0.05472915419665672,-0.001788094943205001,-0.05472915419665671,-0.24200834812855834
full_history,1,pb_activity,500,buy,2023-03,48420,-0.036904894738734054,-0.0007552022669908024,-0.036904894738734074,-0.10221227560198576,-0.06148053249501812,-0.0015758837959680809,-0.061480532495018024,-0.2132867920431635
full_history,1,pb_activity,500,buy,2023-04,33801,-0.026232911105036463,-0.000613419587645871,-0.02623291110503648,-0.0830228068593441,-0.049682596018652825,-0.0014082546336303759,-0.049682596018652776,-0.19059915074666275
full_history,1,pb_activity,500,buy,2023-05,32547,-0.018406831091591205,-0.0004523153950613101,-0.018406831091591247,-0.06121828262413137,-0.04543600059382393,-0.0013315881341707492,-0.045436000593823966,-0.18022278177278322
full_history,1,pb_activity,500,buy,2023-06,33318,-0.018834283958663853,-0.00043521171832480894,-0.01883428395866387,-0.05890339852379044,-0.050036468108309834,-0.0013938436683740333,-0.05003646810830981,-0.18864870963061423
full_history,1,pb_activity,500,buy,2023-07,23789,-0.05616827922359523,-0.0014138365297366054,-0.05616827922359522,-0.19135462822353128,-0.05765585627552041,-0.001698350087030129,-0.057655856275520424,-0.22986189892660125
full_history,1,pb_activity,500,buy,2023-08,21844,-0.0014676463257842784,-0.00003921772993953494,-0.0014676463257842756,-0.005307893787231979,-0.010123040606711535,-0.00031809891376721576,-0.01012304060671153,-0.043052855193644254
full_history,1,pb_activity,500,buy,2023-09,18991,-0.011553212334870472,-0.0003268515667976058,-0.011553212334870477,-0.04423747635130524,-0.03609134377357784,-0.0011890448968144146,-0.03609134377357786,-0.16093037588539144
full_history,1,pb_activity,500,buy,2023-10,29914,-0.03663811769130876,-0.0009148379707198501,-0.03663811769130877,-0.12381804833157035,-0.032191284887622525,-0.000982324036814755,-0.032191284887622545,-0.13295189854427142
full_history,1,pb_activity,500,buy,2023-11,23309,-0.04567378711288883,-0.001364899167687166,-0.04567378711288885,-0.184731238231652,-0.04938476880940542,-0.001740092965863565,-0.04938476880940551,-0.2355115570675182
full_history,1,pb_activity,500,buy,2023-12,24918,-0.05872378346540436,-0.0019408513176673902,-0.05872378346540427,-0.26268304327840747,-0.07343484555776936,-0.002840918004988921,-0.07343484555776948,-0.38450188350945136
full_history,1,pb_activity,500,sell,2023-01,27679,0.028617344857272336,0.000785411092231954,0.02861734485727236,0.11005482927553377,-0.016201782788646264,-0.0005301200685527514,-0.01620178278864631,-0.0742824671272624
full_history,1,pb_activity,500,sell,2023-02,30286,-0.030850864906551697,-0.0008584325115425667,-0.03085086490655168,-0.12028687197924606,-0.05580618442408877,-0.0018552841979008613,-0.055806184424088856,-0.25996957221133055
full_history,1,pb_activity,500,sell,2023-03,49530,-0.02576298405957467,-0.0005296437822165187,-0.0257629840595746,-0.07421572805018689,-0.05194913260747464,-0.0013356621167439863,-0.05194913260747454,-0.18715812353799227
full_history,1,pb_activity,500,sell,2023-04,34919,-0.01754985607239171,-0.0004081314601582087,-0.017549856072391685,-0.057188953165969274,-0.05062280724500807,-0.0014312156381039935,-0.05062280724500809,-0.20054745122124074
full_history,1,pb_activity,500,sell,2023-05,32692,-0.029478228224940135,-0.0007410615330657984,-0.029478228224940107,-0.10384039811871609,-0.058795387496923104,-0.001785028939119262,-0.05879538749692313,-0.2501251345819295
full_history,1,pb_activity,500,sell,2023-06,33316,0.00480950997108581,0.00011209907888032896,0.004809509971085816,0.01570775497078891,-0.02722492020078175,-0.0007674172477241903,-0.027224920200781735,-0.10753346243350866
full_history,1,pb_activity,500,sell,2023-07,24229,-0.03782547604540795,-0.0009817866789272672,-0.03782547604540796,-0.13757173332920458,-0.0539210273362306,-0.0016360389217346689,-0.05392102733623054,-0.22924807912753847
full_history,1,pb_activity,500,sell,2023-08,22887,-0.012788586268506931,-0.0003427958794214603,-0.012788586268506938,-0.048033879785012806,-0.027099341128330665,-0.0008570788274710193,-0.027099341128330717,-0.12009718854994313
full_history,1,pb_activity,500,sell,2023-09,19242,-0.021331469062275937,-0.0006046085791583238,-0.021331469062275947,-0.08472008431750191,-0.047131819152094086,-0.0015566395346378892,-0.04713181915209407,-0.21812233099647257
full_history,1,pb_activity,500,sell,2023-10,29899,-0.053371330623517545,-0.001188176687200198,-0.053371330623517614,-0.16649189673064696,-0.06441375826529767,-0.0017370392775182201,-0.06441375826529779,-0.24340063824271352
full_history,1,pb_activity,500,sell,2023-11,24230,-0.03554424395670762,-0.0010776174303652303,-0.035544243956707695,-0.1509999075594413,-0.06285510683727322,-0.0022303544187069054,-0.06285510683727315,-0.31252585709883157
full_history,1,pb_activity,500,sell,2023-12,25322,-0.045102474735137885,-0.0014648073892845012,-0.04510247473513791,-0.20525445686172789,-0.07485872236345929,-0.0028642581622939493,-0.07485872236345939,-0.4013508927617994
full_history,2,pb_activity,500,all,2024-01,55917,-0.03158490981338858,-0.0008865335777201971,-0.03163144967339146,-0.15933173240373155,-0.060594861594156155,-0.0020694283305366127,-0.06066639939897198,-0.3718185092627481
full_history,2,pb_activity,500,all,2024-02,55101,-0.1062419105018522,-0.0025784518722199875,-0.10579651528695098,-0.46028640721202074,-0.11107943530893828,-0.003284088058600431,-0.11084743630085327,-0.5874974541994333
full_history,2,pb_activity,500,all,2024-03,87507,-0.1326204535563848,-0.002981062880223334,-0.13245720501077618,-0.5341851193597759,-0.11460841461486503,-0.0032298287124696975,-0.1145087301117469,-0.5789819176905793
full_history,2,pb_activity,500,all,2024-04,74595,-0.13082560933384468,-0.0034485022777230464,-0.13087713334847392,-0.6190035125798496,-0.12348029889994011,-0.004025683607834649,-0.12348270584426789,-0.7223335205193261
full_history,2,pb_activity,500,all,2024-05,59555,-0.13742427457325482,-0.003797468148127611,-0.13719090160651748,-0.6798907338228583,-0.12515771380163787,-0.0041948991710741255,-0.12502597267811003,-0.751541813294278
full_history,2,pb_activity,500,all,2024-06,42618,-0.10753808638308522,-0.0033087081610467194,-0.10739550684393455,-0.5927495325700278,-0.09902999872681677,-0.003559542296277861,-0.0989532348026114,-0.6380422980996925
full_history,2,pb_activity,500,all,2024-07,58978,-0.14122606250323114,-0.0044537620714086385,-0.14097405289456302,-0.7973498416016697,-0.12618687059748757,-0.004778125804183125,-0.12600038653019147,-0.8556941773438324
full_history,2,pb_activity,500,all,2024-08,72139,-0.12917006551713583,-0.0031224283880333784,-0.12895479130872955,-0.5590425662950915,-0.11179092690250919,-0.003376441943445072,-0.11157379841321809,-0.6043570066918746
full_history,2,pb_activity,500,all,2024-09,55639,-0.12722992477095407,-0.0037952715920609604,-0.12692841394071172,-0.6790376407205501,-0.11569749363490335,-0.004122012592059087,-0.11553911787566747,-0.7382486560408765
full_history,2,pb_activity,500,all,2024-10,55650,-0.1654313959128727,-0.004670736869715267,-0.16515889842079995,-0.8362296801882475,-0.15183586507049832,-0.005184235355207136,-0.15168506248715868,-0.9287920176634051
full_history,2,pb_activity,500,all,2024-11,80664,-0.1806239943557553,-0.004153323986849153,-0.18028731256853567,-0.7434019311913115,-0.13967774939117264,-0.004019388514182546,-0.1394473455480469,-0.7196039412091456
full_history,2,pb_activity,500,all,2024-12,71229,-0.18047664870628455,-0.004725132681456081,-0.1804292930599679,-0.8471803486978724,-0.14522511316224596,-0.004677441327511934,-0.14512373120291167,-0.8382622452973969
full_history,2,pb_activity,500,buy,2024-01,27595,-0.027815022515474627,-0.0007708912156084379,-0.027815022515474627,-0.13567049112381738,-0.055471719424894095,-0.0018689006051496018,-0.055471719424894074,-0.32891108087426335
full_history,2,pb_activity,500,buy,2024-02,27704,-0.12816983897486361,-0.003093510087328166,-0.1281698389748638,-0.544432241990256,-0.12166784622848618,-0.0035937624682812123,-0.12166784622848623,-0.6324725320280556
full_history,2,pb_activity,500,buy,2024-03,43405,-0.13957473540422033,-0.0031200189007575822,-0.1395747354042202,-0.5490975743539669,-0.11824079417543433,-0.003298329238977249,-0.11824079417543422,-0.580478722133194
full_history,2,pb_activity,500,buy,2024-04,36687,-0.12781030359541726,-0.003396757295186437,-0.12781030359541742,-0.5978012476152409,-0.1229306160027655,-0.004020996740225061,-0.1229306160027653,-0.7076622375610216
full_history,2,pb_activity,500,buy,2024-05,29265,-0.1500296382357076,-0.004193501620866814,-0.1500296382357076,-0.7380216727239329,-0.13268244394033252,-0.004508871000438752,-0.13268244394033243,-0.7935240805158916
full_history,2,pb_activity,500,buy,2024-06,21206,-0.11512927200414395,-0.0035502482721638203,-0.1151292720041439,-0.6248143926712009,-0.1027259620417365,-0.0037036524801953,-0.10272596204173656,-0.6518122671088603
full_history,2,pb_activity,500,buy,2024-07,29180,-0.15375831323636768,-0.004872387807650399,-0.15375831323636793,-0.8575000381706185,-0.1345944981166528,-0.005126513101108681,-0.13459449811665303,-0.9022239923062971
full_history,2,pb_activity,500,buy,2024-08,35374,-0.14286634786899377,-0.0035395325336835285,-0.14286634786899385,-0.6229285111448066,-0.1258455398306199,-0.0038765997535010915,-0.12584553983061997,-0.6822495597291977
full_history,2,pb_activity,500,buy,2024-09,27519,-0.14325273195468696,-0.004315619587701411,-0.14325273195468682,-0.7595134269429964,-0.12436192638398534,-0.004480036037761864,-0.1243619263839853,-0.7884493650843212
full_history,2,pb_activity,500,buy,2024-10,27284,-0.17886090700084278,-0.005085498698924907,-0.17886090700084237,-0.8950057960488256,-0.15895164754274468,-0.0054693433640451,-0.15895164754274496,-0.9625592889122926
full_history,2,pb_activity,500,buy,2024-11,39915,-0.19861026036402085,-0.004617471089505547,-0.19861026036402069,-0.8126367998224068,-0.15217652017431327,-0.004425507938644193,-0.1521765201743132,-0.7788528697065603
full_history,2,pb_activity,500,buy,2024-12,35063,-0.18416210423424575,-0.004904790085143729,-0.18416210423424556,-0.8632025715657884,-0.151469249371991,-0.0049597708329295834,-0.1514692493719907,-0.8728787293730533
full_history,2,pb_activity,500,sell,2024-01,28322,-0.035108419537495036,-0.0009974214705828043,-0.03510841953749502,-0.18215705794705417,-0.06538899511001038,-0.0022624352198430428,-0.06538899511001035,-0.41318395041325906
full_history,2,pb_activity,500,sell,2024-02,27397,-0.08299175194684892,-0.002026015994597997,-0.08299175194684892,-0.37000718734679344,-0.0992967785071203,-0.0029374973279696053,-0.09929677850712045,-0.5364691725330714
full_history,2,pb_activity,500,sell,2024-03,44102,-0.12588373757334972,-0.002844856360945905,-0.1258837375733495,-0.5195503408294114,-0.11116206679158919,-0.003163729644214426,-0.1111620667915892,-0.577785521092948
full_history,2,pb_activity,500,sell,2024-04,37908,-0.13364217820315744,-0.0034959335088554076,-0.133642178203157,-0.6384552383653104,-0.12391548499388241,-0.004028213195371735,-0.12391548499388223,-0.7356643967405966
full_history,2,pb_activity,500,sell,2024-05,30290,-0.12515603035779443,-0.0034205879700466646,-0.12515603035779457,-0.6246950355988541,-0.1180069223036587,-0.003903102606736334,-0.11800692230365871,-0.7128157039702947
full_history,2,pb_activity,500,sell,2024-06,21412,-0.10029758015442738,-0.0030794286123284093,-0.10029758015442726,-0.5623897948095697,-0.09539353232261523,-0.0034184580921674565,-0.09539353232261527,-0.6243060603264088
full_history,2,pb_activity,500,sell,2024-07,29798,-0.1287911925809008,-0.004042497457761764,-0.12879119258090094,-0.7382731025772485,-0.11768264826082732,-0.004431143688751788,-0.1176826482608273,-0.809250774611908
full_history,2,pb_activity,500,sell,2024-08,36765,-0.11617188997792213,-0.0027432061355026137,-0.11617188997792241,-0.5009861665535305,-0.09839991979625985,-0.002917462952593866,-0.09839991979626006,-0.5328103352372197
full_history,2,pb_activity,500,sell,2024-09,28120,-0.11145117130866164,-0.00329280330975491,-0.11145117130866172,-0.6013579825515515,-0.10716085250300617,-0.003776279067099412,-0.10716085250300643,-0.6896541784366662
full_history,2,pb_activity,500,sell,2024-10,28366,-0.1521340225748827,-0.0042667744332248875,-0.1521340225748827,-0.7792323512204073,-0.14480888225666003,-0.004907120538990749,-0.14480888225665994,-0.8961774603185765
full_history,2,pb_activity,500,sell,2024-11,40749,-0.16295591857621178,-0.0037068440649292425,-0.16295591857621208,-0.676973404975398,-0.12760928710661745,-0.0036341702318620312,-0.1276092871066175,-0.6637011304037234
full_history,2,pb_activity,500,sell,2024-12,36166,-0.17698434658743203,-0.004557777030118886,-0.17698434658743223,-0.8323775646217091,-0.13922777136699718,-0.004414437822536081,-0.13922777136699693,-0.8061998161855446
full_history,3,pb_activity,500,all,2025-01,69640,-0.14429127674469508,-0.0036762322785291192,-0.14417583418579827,-0.5355887958749697,-0.12170583947671,-0.003770483659607364,-0.12164079984999222,-0.5494673870613123
full_history,3,pb_activity,500,all,2025-02,58546,-0.13623067998113295,-0.003444019565876466,-0.1362579853261173,-0.5023801524661883,-0.11386462015014932,-0.00355932001096829,-0.11378720334467714,-0.5187353388360026
full_history,3,pb_activity,500,all,2025-03,71394,-0.14305006577940585,-0.0035461432641515824,-0.14290334827015863,-0.5163401594882444,-0.10742173228367248,-0.003297824331348292,-0.10728364665269736,-0.48006248745782565
full_history,3,pb_activity,500,all,2025-04,63606,-0.15573724881608006,-0.004264643049235737,-0.1552317057316688,-0.6192999911934263,-0.12835845697837003,-0.004312753005914513,-0.12800590697813946,-0.6266257288900422
full_history,3,pb_activity,500,all,2025-05,54895,-0.15363949948989872,-0.004672929811193257,-0.1531687399858703,-0.6794052190607911,-0.14075453113056688,-0.005003379189985816,-0.1404639370935976,-0.7282000625123055
full_history,3,pb_activity,500,all,2025-06,45873,-0.14492283620838964,-0.004646236270632778,-0.14441973854734316,-0.6748307084168297,-0.1430866494201145,-0.005370867832900068,-0.14262836153988917,-0.7802971490531962
full_history,3,pb_activity,500,all,2025-07,46069,-0.1552002545135759,-0.004960781632858645,-0.155051912330127,-0.7222173792308713,-0.13802108844697145,-0.00513532094416272,-0.13784438510160515,-0.7473827197229065
full_history,3,pb_activity,500,all,2025-08,45104,-0.17003538931894407,-0.005657169481591413,-0.17016492162928634,-0.8260926753349526,-0.155520194344095,-0.006019546551217419,-0.15563958859028243,-0.8790071546290105
full_history,3,pb_activity,500,all,2025-09,35360,-0.1492184342968642,-0.005470511457538109,-0.14904002560662177,-0.7970856285864395,-0.1429357560866562,-0.006005910847672937,-0.14284102820460337,-0.875572165208491
full_history,3,pb_activity,500,all,2025-10,59799,-0.12112410124474644,-0.0035709087959813817,-0.12141898235219133,-0.5218682384526558,-0.11284297534701278,-0.0039935528532915885,-0.1130619102524681,-0.5833427339094795
full_history,3,pb_activity,500,all,2025-11,66234,-0.16395201217443667,-0.004174350280572964,-0.16397314282716244,-0.6090505338253107,-0.14595884976515355,-0.004565274196261156,-0.14593224233180394,-0.6658781890102574
full_history,3,pb_activity,500,all,2025-12,54587,-0.13301179550068973,-0.0037725342427089585,-0.13293789390423658,-0.5497982605295617,-0.12640480553556352,-0.004373200529206513,-0.12640834525855418,-0.6377153948726845
full_history,3,pb_activity,500,buy,2025-01,34511,-0.14980995794245613,-0.0038504045463051005,-0.14980995794245588,-0.5497035787024764,-0.12451700447937629,-0.0038778591091099346,-0.12451700447937655,-0.5536231334516032
full_history,3,pb_activity,500,buy,2025-02,28921,-0.13475878453567022,-0.0034360057465619115,-0.13475878453567006,-0.49054187231828933,-0.11739513878782928,-0.0036839384914141207,-0.1173951387878295,-0.525938027575163
full_history,3,pb_activity,500,buy,2025-03,35525,-0.15008018600664322,-0.003758892774356077,-0.15008018600664308,-0.536638886946371,-0.11418908309921971,-0.0035445591685606243,-0.11418908309922002,-0.5060395177826743
full_history,3,pb_activity,500,buy,2025-04,31855,-0.17984650501349436,-0.004991833174380329,-0.1798465050134946,-0.7126598068444047,-0.1456257625762857,-0.004979865274380964,-0.14562576257628582,-0.7109512078179681
full_history,3,pb_activity,500,buy,2025-05,27204,-0.1753080951178017,-0.005347156291752795,-0.17530809511780143,-0.7633875646335955,-0.1537341953712367,-0.005474616504067898,-0.15373419537123667,-0.7815844408343121
full_history,3,pb_activity,500,buy,2025-06,22714,-0.16874998997164195,-0.00548291822025066,-0.16874998997164223,-0.7827696365819683,-0.16496939068989325,-0.006293963889869906,-0.16496939068989308,-0.8985586924381053
full_history,3,pb_activity,500,buy,2025-07,22876,-0.1630431074563949,-0.0052981785391446,-0.16304310745639464,-0.7563952484855779,-0.14685928262490006,-0.005544148775789357,-0.14685928262490036,-0.791511225965832
full_history,3,pb_activity,500,buy,2025-08,22052,-0.16269741379014824,-0.005415892962377225,-0.16269741379014807,-0.7732007656559663,-0.14845032543631442,-0.005734304144642314,-0.14845032543631456,-0.8186587855302596
full_history,3,pb_activity,500,buy,2025-09,17256,-0.15683625540472904,-0.005779954599512274,-0.15683625540472892,-0.8251760795209635,-0.1464110883166042,-0.006209693468607187,-0.1464110883166042,-0.8865278131915767
full_history,3,pb_activity,500,buy,2025-10,29277,-0.1074230360083765,-0.003227675093490577,-0.10742303600837647,-0.46079951559459614,-0.10270784558751307,-0.0036984303129492615,-0.10270784558751306,-0.528006954635679
full_history,3,pb_activity,500,buy,2025-11,32333,-0.16130866276179637,-0.004104076627457186,-0.16130866276179623,-0.585919111161272,-0.1446945753858474,-0.004503976135554291,-0.14469457538584743,-0.6430108240134417
full_history,3,pb_activity,500,buy,2025-12,27187,-0.1359670169940018,-0.0038656532344835686,-0.13596701699400165,-0.5518805599420882,-0.1252248430471083,-0.004327871125924701,-0.125224843047108,-0.6178691660768191
full_history,3,pb_activity,500,sell,2025-01,35129,-0.13893618111663705,-0.00350977134407337,-0.13893618111663722,-0.5220968994411216,-0.11891178857179797,-0.0036651349739461247,-0.11891178857179796,-0.5452080544112179
full_history,3,pb_activity,500,sell,2025-02,29625,-0.13767186828434677,-0.0034523526776915185,-0.13767186828434683,-0.5135555716025915,-0.11035971649918348,-0.0034370703711829246,-0.11035971649918354,-0.5112822483395478
full_history,3,pb_activity,500,sell,2025-03,35869,-0.13597928414398622,-0.0033360439036282893,-0.13597928414398613,-0.49625403131315077,-0.10064738397302854,-0.003055696379313235,-0.10064738397302832,-0.4545508663881639
full_history,3,pb_activity,500,sell,2025-04,31751,-0.13046193032108933,-0.0035222430656309837,-0.1304619303210892,-0.5239521334485784,-0.11047705558508089,-0.003643872730107533,-0.11047705558508097,-0.5420451841000122
full_history,3,pb_activity,500,sell,2025-05,27691,-0.1327498058850857,-0.004026749681324326,-0.13274980588508564,-0.5990001391386954,-0.12849916672011413,-0.0045590384670032465,-0.1284991667201143,-0.6781808883574497
full_history,3,pb_activity,500,sell,2025-06,23159,-0.12078544766866182,-0.0038219096383457847,-0.12078544766866194,-0.568529108169378,-0.12098825442227204,-0.004469807135456771,-0.12098825442227196,-0.6649072596887088
full_history,3,pb_activity,500,sell,2025-07,23193,-0.14733054479998772,-0.00463141438429566,-0.14733054479998778,-0.6889471857335976,-0.1290930747562189,-0.004733195580653833,-0.129093074756219,-0.7040876726287746
full_history,3,pb_activity,500,sell,2025-08,23052,-0.17635796228839218,-0.005866396528679917,-0.17635796228839212,-0.8726572583390253,-0.16205757184385994,-0.006283916887839388,-0.1620575718438599,-0.9347656020460295
full_history,3,pb_activity,500,sell,2025-09,18104,-0.142321985205868,-0.005192367506266004,-0.14232198520586795,-0.7723919053467654,-0.1400498762426901,-0.005834981775471518,-0.1400498762426901,-0.8679841489997207
full_history,3,pb_activity,500,sell,2025-10,30522,-0.13442023832730265,-0.0038909534512552484,-0.134420238327303,-0.57879973753858,-0.12267083366522631,-0.0042690781482727135,-0.1226708336652262,-0.6350477698351266
full_history,3,pb_activity,500,sell,2025-11,33901,-0.16623122451328834,-0.0042356177651128105,-0.1662312245132884,-0.6300703623093066,-0.14718536875396487,-0.004624340117840745,-0.14718536875396512,-0.6878948514873316
full_history,3,pb_activity,500,sell,2025-12,27400,-0.13030793774531785,-0.003687077171798902,-0.130307937745318,-0.5484720714490239,-0.1277423177336566,-0.004423899989422422,-0.12774231773365638,-0.6580783308904848
full_history,4,pb_activity,500,all,2026-01,46554,-0.09463701406207935,-0.003008963625827918,-0.09458453285219116,-0.3381164963110161,-0.10706849673912089,-0.004081760676455262,-0.10699415103558371,-0.4586050590551958
full_history,4,pb_activity,500,all,2026-02,72372,-0.13063610586960464,-0.0028978183125943744,-0.1303799958263564,-0.32505996948299537,-0.10812441778585288,-0.0029988925547478895,-0.10778514293248746,-0.3360012618668454
full_history,4,pb_activity,500,all,2026-03,63531,-0.12935797530221008,-0.003742525105522126,-0.12920289833107948,-0.4198907615697341,-0.11355292365457913,-0.004076582875983445,-0.11357831245159113,-0.45802989936104554
full_history,4,pb_activity,500,all,2026-04,45027,-0.11713936129404744,-0.003864691383612281,-0.11696583259885324,-0.433603598819232,-0.11493229141916415,-0.0045555938393900324,-0.11499971785398257,-0.5121862185811517
full_history,4,pb_activity,500,all,2026-05,39428,-0.12528639501117636,-0.004516831451051664,-0.1251182793485407,-0.5071357045357273,-0.12916965616441542,-0.005454469327044932,-0.12906887634839817,-0.612756486515953
full_history,4,pb_activity,500,buy,2026-01,23226,-0.09644985828902145,-0.003077237569431075,-0.09644985828902149,-0.3379650517489662,-0.10912093204051677,-0.004155844430272231,-0.10912093204051661,-0.45642565653365513
full_history,4,pb_activity,500,buy,2026-02,36309,-0.14189519448082263,-0.003166395767786637,-0.14189519448082286,-0.347757066320871,-0.12307594252368002,-0.003423337328580757,-0.12307594252368004,-0.37597629409609273
full_history,4,pb_activity,500,buy,2026-03,32234,-0.1368314719555707,-0.004017037355842664,-0.1368314719555708,-0.4411808341778094,-0.11347963276112379,-0.00413032805272759,-0.1134796327611237,-0.4536232587132894
full_history,4,pb_activity,500,buy,2026-04,22999,-0.12145180413696947,-0.003936884347611531,-0.12145180413696958,-0.43237783637102056,-0.10889118983946065,-0.004249146509509414,-0.10889118983946068,-0.46667278283645497
full_history,4,pb_activity,500,buy,2026-05,19684,-0.13036400241529283,-0.004672814487919061,-0.13036400241529297,-0.5132031422958543,-0.13099174524529847,-0.005483181886341819,-0.13099174524529858,-0.6022036999597389
full_history,4,pb_activity,500,sell,2026-01,23328,-0.09354269294622947,-0.002966622954324228,-0.09354269294622962,-0.34089567895129197,-0.10554262454367468,-0.004030010309861596,-0.10554262454367475,-0.4630898910690584
full_history,4,pb_activity,500,sell,2026-02,36063,-0.1202225504397793,-0.002650998170750793,-0.12022255043977934,-0.30462712492649174,-0.0938435200037673,-0.002595176434231622,-0.09384352000376722,-0.29821262970282153
full_history,4,pb_activity,500,sell,2026-03,31297,-0.12186023118131344,-0.0034703564280792647,-0.12186023118131369,-0.3987798682096241,-0.11417604357635217,-0.0040379448583600305,-0.11417604357635196,-0.4640016528059529
full_history,4,pb_activity,500,sell,2026-04,22028,-0.11267384707936064,-0.003783745046410315,-0.1126738470793606,-0.43479146370606153,-0.12144909684275822,-0.0048882791048356815,-0.1214490968427584,-0.5617138578117566
full_history,4,pb_activity,500,sell,2026-05,19744,-0.12002598024423435,-0.004350575039000943,-0.12002598024423428,-0.4999260959627428,-0.1271952382945251,-0.0054166963995231545,-0.1271952382945251,-0.6224344735474102
post_2021,1,pb_activity,500,all,2023-01,55165,0.04908361524244262,0.0013518305455652224,0.04924558579548574,0.2330887625541905,0.0019138138723037111,0.00006184285982191814,0.0019243782273338803,0.010686520110596833
post_2021,1,pb_activity,500,all,2023-02,59437,0.0010031036708378512,0.000027926631097604666,0.0009905217758448923,0.0047436314039839035,-0.035672920050397045,-0.0011504829426294055,-0.03568307226787607,-0.19796102773574195
post_2021,1,pb_activity,500,all,2023-03,97950,-0.0001319885822334889,-2.709409968239188e-6,-0.00005937446238734798,-0.00020962449436435457,-0.038925855302480585,-0.0009776833296649796,-0.03885867332804151,-0.16786190299759934
post_2021,1,pb_activity,500,all,2023-04,68720,0.015463379112871989,0.0003613490314415413,0.015506371533627814,0.06230586120433151,-0.026242936721664452,-0.0007243797045003885,-0.026267768454250624,-0.12467210372287674
post_2021,1,pb_activity,500,all,2023-05,65239,0.014602823531201771,0.000363692327031734,0.014496444538984719,0.062113107328233726,-0.026455145301837985,-0.0007701146711412987,-0.02655257870781626,-0.132977207408156
post_2021,1,pb_activity,500,all,2023-06,66634,0.030604276371984575,0.0007120575965827195,0.030787706910210565,0.1232058018630161,-0.014420803361748195,-0.0003953296858144734,-0.014223871595064554,-0.06706682657616508
post_2021,1,pb_activity,500,all,2023-07,48018,-0.003268226929026663,-0.000083704975613498,-0.0031296088338947366,-0.01379233676406824,-0.027785070930412263,-0.0008122817513029698,-0.02772820447377334,-0.13948338834378243
post_2021,1,pb_activity,500,all,2023-08,44731,0.03807910725584989,0.0010222186398142132,0.03795688662073807,0.17534164879701064,0.012714922087787673,0.00039189436686864787,0.01256719883538423,0.06665477659263437
post_2021,1,pb_activity,500,all,2023-09,38233,0.029090929893083522,0.0008264747655163875,0.02898141537241435,0.14154530159289735,-0.009085780942578982,-0.000292473068363611,-0.00919079921904349,-0.050860636334263284
post_2021,1,pb_activity,500,all,2023-10,59813,-0.004920902009505444,-0.00011672006864144257,-0.005072156254035353,-0.020635914742072225,-0.023519428107566593,-0.0006628174499629817,-0.02385478253658675,-0.11531082154581668
post_2021,1,pb_activity,500,all,2023-11,47539,-0.003059665906333822,-0.00009226749222293812,-0.0029925502116031435,-0.015522991019123742,-0.03268656484210248,-0.0011318192313530104,-0.03277787617422639,-0.19522785156987985
post_2021,1,pb_activity,500,all,2023-12,50240,-0.01682786296880108,-0.000551779077529797,-0.0167209789119967,-0.09429216209161362,-0.051477117366482805,-0.0019375047317424195,-0.05146878421957978,-0.3331548140567078
post_2021,1,pb_activity,500,buy,2023-01,27486,0.037626989958625935,0.001035529094494392,0.03762698995862595,0.17503340091607533,-0.0019274998163124196,-0.00006290224563019437,-0.0019274998163124155,-0.010632240114206442
post_2021,1,pb_activity,500,buy,2023-02,29151,0.0013657249275496458,0.00003795295021886569,0.001365724927549637,0.006415110871269268,-0.03422312249623009,-0.0010937734690022135,-0.03422312249623004,-0.18487833043909502
post_2021,1,pb_activity,500,buy,2023-03,48420,-0.004835425059030698,-0.00009903039588685808,-0.004835425059030672,-0.016738908716616416,-0.04281991663175623,-0.0010750269684229,-0.042819916631756175,-0.18170964713592383
post_2021,1,pb_activity,500,buy,2023-04,33801,0.012009886665464485,0.00028137049250695424,0.012009886665464464,0.04755948865441561,-0.02556854228206387,-0.000706501200915147,-0.02556854228206393,-0.11941847757338836
post_2021,1,pb_activity,500,buy,2023-05,32547,0.02147747922743765,0.0005288480392594099,0.021477479227437677,0.08939012082955435,-0.018508225960306785,-0.0005300683123944288,-0.018508225960306837,-0.0895963811442133
post_2021,1,pb_activity,500,buy,2023-06,33318,0.01912931919344813,0.0004427116040908025,0.019129319193448204,0.07483065236989724,-0.02594326815572159,-0.000706573140233968,-0.025943268155721608,-0.11943063733181503
post_2021,1,pb_activity,500,buy,2023-07,23789,-0.011862095393822422,-0.0002986641030449468,-0.011862095393822412,-0.05048259287493088,-0.03070816101551618,-0.000884125334075291,-0.030708161015516232,-0.1494419276889739
post_2021,1,pb_activity,500,buy,2023-08,21844,0.044636216129710866,0.0011963182022480048,0.044636216129710866,0.20221126053393346,0.021466390333933355,0.0006598282494478516,0.02146639033393336,0.11152944242261792
post_2021,1,pb_activity,500,buy,2023-09,18991,0.03480424080627922,0.0009890169278993968,0.03480424080627916,0.16717154290901276,-0.0035397488633201147,-0.0001139160341008524,-0.0035397488633201247,-0.019254998216423205
post_2021,1,pb_activity,500,buy,2023-10,29914,0.003097165722707581,0.0000775186811918677,0.0030971657227076075,0.013102826830922187,-0.006597363698088713,-0.00019699575712950183,-0.006597363698088716,-0.03329779676856842
post_2021,1,pb_activity,500,buy,2023-11,23309,-0.007081837009623269,-0.00021188313003753852,-0.00708183700962329,-0.03581417948022153,-0.027233431712110272,-0.0009398139603331012,-0.027233431712110293,-0.1588548642236138
post_2021,1,pb_activity,500,buy,2023-12,24918,-0.023946236360943823,-0.0007916748651818721,-0.023946236360943857,-0.13381521080314662,-0.05234902689460007,-0.0019823755955635774,-0.052349026894600054,-0.3350769613614199
post_2021,1,pb_activity,500,sell,2023-01,27679,0.06108534771022522,0.001683955783793081,0.06108534771022529,0.2943415877741738,0.006651662953005125,0.0002128306204589671,0.006651662953005093,0.03720103779194745
post_2021,1,pb_activity,500,sell,2023-02,30286,0.0006087958624944371,0.000016978019536542447,0.0006087958624943953,0.0029676178411232176,-0.03718193766719293,-0.0012098215039937335,-0.03718193766719294,-0.21146682462572974
post_2021,1,pb_activity,500,sell,2023-03,49530,0.004430866546590287,0.00009115878918443106,0.004430866546590311,0.015933804798412533,-0.0351761539572078,-0.0008838505597637363,-0.03517615395720771,-0.15448979101455862
post_2021,1,pb_activity,500,sell,2023-04,34919,0.01882126651541841,0.00043873092490950936,0.018821266515418413,0.0766865485937039,-0.02705235498734756,-0.000746044707429616,-0.027052354987347597,-0.13040246415539777
post_2021,1,pb_activity,500,sell,2023-05,32692,0.007913237737298967,0.00019923547175004888,0.00791323773729896,0.03482471788169697,-0.03422954283167179,-0.0010122535701009374,-0.03422954283167175,-0.17693357861360384
post_2021,1,pb_activity,500,sell,2023-06,33316,0.041699004429107345,0.0009751598373676303,0.04169900442910752,0.17044989994800405,-0.0032865810047387175,-0.00009066863554196008,-0.003286581004738731,-0.01584812998273937
post_2021,1,pb_activity,500,sell,2023-07,24229,0.004859376006915887,0.00012647327817200493,0.004859376006915871,0.02210648632608453,-0.02491479343137757,-0.0007388655664795551,-0.02491479343137757,-0.12914760950515536
post_2021,1,pb_activity,500,sell,2023-08,22887,0.03209818151586918,0.0008631268285365406,0.03209818151586916,0.1508674536511167,0.004687041975253211,0.0001448899564999895,0.004687041975253193,0.02532556986304944
post_2021,1,pb_activity,500,sell,2023-09,19242,0.023403457361477288,0.0006647330166068594,0.023403457361477257,0.11618985096702578,-0.014578613545465552,-0.0004693503354467664,-0.014578613545465557,-0.08203856911644279
post_2021,1,pb_activity,500,sell,2023-10,29899,-0.014422492624671056,-0.0003210384886859044,-0.014422492624671051,-0.05611488104728137,-0.043158664135643614,-0.0011366708344093346,-0.04315866413564367,-0.19868069066696434
post_2021,1,pb_activity,500,sell,2023-11,24230,0.000807864908560978,0.000024543862109696072,0.0008078649085609743,0.004290064746952972,-0.03760678970209036,-0.0013060931820624475,-0.03760678970209031,-0.2282943202483292
post_2021,1,pb_activity,500,sell,2023-12,25322,-0.010110298015231825,-0.0003289354424416514,-0.010110298015231835,-0.05749520345801011,-0.05090545000430606,-0.0019050191633832847,-0.05090545000430609,-0.3329816439879663
post_2021,2,pb_activity,500,all,2024-01,55917,-0.009626853083288717,-0.0002702553454708632,-0.00968697888814178,-0.05583269811272668,-0.047654998927735594,-0.001601360421121526,-0.04771606642199513,-0.3291974575209271
post_2021,2,pb_activity,500,all,2024-02,55101,-0.08288188637027899,-0.0020073863894332,-0.08245505599538594,-0.40958136723403216,-0.09922296747321595,-0.002882902583622648,-0.09897358491552743,-0.5897781739922326
post_2021,2,pb_activity,500,all,2024-03,87507,-0.11236283188130702,-0.00251837690135309,-0.11221107311191701,-0.5162246967484209,-0.10587482787266346,-0.0029324176973261713,-0.10578345675450647,-0.6013971374696638
post_2021,2,pb_activity,500,all,2024-04,74595,-0.11084774285616263,-0.0029135645133998235,-0.11089723890658987,-0.598345207673385,-0.11423600202608121,-0.003655352027119887,-0.1142567700959765,-0.7504842280256128
post_2021,2,pb_activity,500,all,2024-05,59555,-0.11438862096682167,-0.0031504842574307333,-0.1141680851186552,-0.6451714001110345,-0.11280045881544291,-0.003702797185557245,-0.11265961188378068,-0.7587977251696588
post_2021,2,pb_activity,500,all,2024-06,42618,-0.08154443267949947,-0.002502740883078502,-0.08139650673589241,-0.5127080640678688,-0.0839746591690356,-0.002961145652447371,-0.08389289003432716,-0.6071290723740065
post_2021,2,pb_activity,500,all,2024-07,58978,-0.11948009177565773,-0.003756821140670072,-0.11924537612580256,-0.7693403316623345,-0.11487081007561965,-0.004269304203357846,-0.1147111741767926,-0.8748011078695475
post_2021,2,pb_activity,500,all,2024-08,72139,-0.1073780574126764,-0.0025887070528997536,-0.10715802641595498,-0.530050469560258,-0.10226068004993336,-0.0030344120152239608,-0.1020578404469099,-0.621353861040572
post_2021,2,pb_activity,500,all,2024-09,55639,-0.10381099045057149,-0.0030877861746734865,-0.10351035150537082,-0.6317174954290496,-0.10247328271601022,-0.0035778631876079835,-0.10230620257061812,-0.7329155907390325
post_2021,2,pb_activity,500,all,2024-10,55650,-0.14007908440915462,-0.003937160671612358,-0.1398360872492227,-0.806383501279749,-0.13751242367865252,-0.004593940097005937,-0.13736228691490374,-0.9415169719261433
post_2021,2,pb_activity,500,all,2024-11,80664,-0.15924346664768432,-0.0036438253304969513,-0.15890789431819238,-0.7459841989760612,-0.13287711553783974,-0.003745744987507894,-0.1326497943063695,-0.7671716868575836
post_2021,2,pb_activity,500,all,2024-12,71229,-0.1585641497839047,-0.004129622811412863,-0.15851793919273727,-0.8470358685081698,-0.13688621028530437,-0.004315721904312591,-0.13680037669351838,-0.8849109225974824
post_2021,2,pb_activity,500,buy,2024-01,27595,-0.005394325507598555,-0.00014952848768909907,-0.0053943255075985675,-0.030109405240908764,-0.04339107254314985,-0.00143817723589138,-0.043391072543149826,-0.28959472454331836
post_2021,2,pb_activity,500,buy,2024-02,27704,-0.10435538247919711,-0.0025117910746185862,-0.10435538247919718,-0.5057801126393807,-0.11147799768933103,-0.0032370526202228403,-0.11147799768933095,-0.6518204700303443
post_2021,2,pb_activity,500,buy,2024-03,43405,-0.11895613645815413,-0.002650427788055909,-0.1189561364581543,-0.5336963247984394,-0.10947184855784256,-0.0029993795066842114,-0.10947184855784277,-0.6039620572221954
post_2021,2,pb_activity,500,buy,2024-04,36687,-0.10790693829625175,-0.0028600030987048423,-0.1079069382962517,-0.5758968984438995,-0.11271574726460465,-0.0036173920727975827,-0.11271574726460455,-0.7284065098122017
post_2021,2,pb_activity,500,buy,2024-05,29265,-0.1265817187462082,-0.0035246965314117565,-0.12658171874620863,-0.7097411192719429,-0.12109060965826182,-0.0040351086481467185,-0.1210906096582617,-0.8125188942642023
post_2021,2,pb_activity,500,buy,2024-06,21206,-0.08931182288279829,-0.002745859021303878,-0.08931182288279817,-0.5529125806364382,-0.08791320452370664,-0.003104490674443247,-0.08791320452370657,-0.6251274872637425
post_2021,2,pb_activity,500,buy,2024-07,29180,-0.13136007939923697,-0.004148182394365619,-0.1313600793992368,-0.8352876876869739,-0.12223114359643206,-0.004564232713025699,-0.12223114359643221,-0.9190645508034649
post_2021,2,pb_activity,500,buy,2024-08,35374,-0.12117053308138163,-0.002993400322894109,-0.12117053308138181,-0.6027580748203912,-0.11534497180981824,-0.0034914701185324716,-0.11534497180981818,-0.7030505712329352
post_2021,2,pb_activity,500,buy,2024-09,27519,-0.12004177378855806,-0.0036042513646200717,-0.12004177378855806,-0.7257604661466505,-0.11177701027405172,-0.003946661753201078,-0.11177701027405171,-0.7947090210863536
post_2021,2,pb_activity,500,buy,2024-10,27284,-0.15241673610577045,-0.004311185188557551,-0.15241673610577056,-0.8681103107307506,-0.1450343084938732,-0.004888463924596491,-0.14503430849387317,-0.984352504235014
post_2021,2,pb_activity,500,buy,2024-11,39915,-0.17738342078721503,-0.004102483596367456,-0.1773834207872151,-0.8260856710731896,-0.145120124628308,-0.0041327664585121444,-0.14512012462830817,-0.8321834988668125
post_2021,2,pb_activity,500,buy,2024-12,35063,-0.16218982813889216,-0.004297600142371207,-0.16218982813889218,-0.8653747941267739,-0.1425431375333454,-0.004570242781646264,-0.14254313753334566,-0.9202747522468082
post_2021,2,pb_activity,500,sell,2024-01,28322,-0.01358322246525091,-0.0003859621866489333,-0.013583222465250885,-0.08063416131823048,-0.051668661380340764,-0.0017591518363338123,-0.05166866138034076,-0.36751717619225005
post_2021,2,pb_activity,500,sell,2024-02,27397,-0.06015179636492288,-0.0014665124178082883,-0.06015179636492289,-0.3063797516006446,-0.08575698683455861,-0.002492717529193107,-0.08575698683455849,-0.5207717085315501
post_2021,2,pb_activity,500,sell,2024-03,44102,-0.1059784007131675,-0.002388892749636739,-0.10597840071316743,-0.49908092038397245,-0.10254496159819915,-0.0028701855424796714,-0.1025449615981994,-0.5996312904509203
post_2021,2,pb_activity,500,sell,2024-04,37908,-0.11359373701931849,-0.0029626376372502237,-0.1135937370193188,-0.6189461284889736,-0.11561461187428287,-0.0036899217501510876,-0.11561461187428297,-0.7708883303740933
post_2021,2,pb_activity,500,sell,2024-05,30290,-0.10254573948320488,-0.0027947466578860597,-0.10254573948320478,-0.58387080561482,-0.10486645118478825,-0.0033931995306440673,-0.10486645118478817,-0.7088979382007915
post_2021,2,pb_activity,500,sell,2024-06,21412,-0.07413623825384591,-0.002271739492488536,-0.07413623825384578,-0.47460558325868846,-0.08014056764024247,-0.0028217529873864073,-0.08014056764024252,-0.5895128938941183
post_2021,2,pb_activity,500,sell,2024-07,29798,-0.10770557019292147,-0.0033723922620287152,-0.10770557019292148,-0.7045509407172061,-0.1074435342787643,-0.003975469460683621,-0.10744353427876413,-0.8305441747847658
post_2021,2,pb_activity,500,sell,2024-08,36765,-0.09428320249061041,-0.0022208221949999505,-0.09428320249061051,-0.46396808113644716,-0.08985060474371526,-0.002616665781363372,-0.08985060474371534,-0.5466666373777811
post_2021,2,pb_activity,500,sell,2024-09,28120,-0.08784772224143612,-0.0025892383089355384,-0.08784772224143617,-0.5409365650732917,-0.0933237227761806,-0.003222614513175264,-0.09332372277618078,-0.673259784275718
post_2021,2,pb_activity,500,sell,2024-10,28366,-0.12791010893651758,-0.003573705265629921,-0.1279101089365175,-0.7466087012164289,-0.12992953438187144,-0.004303725576630864,-0.12992953438187116,-0.8991225421030683
post_2021,2,pb_activity,500,sell,2024-11,40749,-0.14143962601303084,-0.003202763965346946,-0.1414396260130307,-0.6691126622746195,-0.12101003444649827,-0.003377204001145061,-0.12101003444649842,-0.705556196054516
post_2021,2,pb_activity,500,sell,2024-12,36166,-0.15512681159286634,-0.003973260218564728,-0.15512681159286595,-0.8300826259813648,-0.13150278372369784,-0.004080041849045237,-0.13150278372369756,-0.8523911513132022
post_2021,3,pb_activity,500,all,2025-01,69640,-0.12464955097971761,-0.003164684748398499,-0.12452662602929587,-0.5199959748645612,-0.11270183795871318,-0.003434278447259552,-0.11263497969580247,-0.5645165133728226
post_2021,3,pb_activity,500,all,2025-02,58546,-0.1160666221854833,-0.0029245860844373103,-0.11608408744231127,-0.48120490889433626,-0.10470003545070936,-0.0032169084062662672,-0.10462754152656326,-0.5288528084036545
post_2021,3,pb_activity,500,all,2025-03,71394,-0.1232143999853145,-0.003043207253894712,-0.12306516339503747,-0.49974915161357736,-0.09915697795540108,-0.002989353834411373,-0.09899768834420271,-0.49071283634293933
post_2021,3,pb_activity,500,all,2025-04,63606,-0.13630471633345403,-0.003717245072938919,-0.13579410105395054,-0.6086322981843442,-0.11940264364698767,-0.003941055249707997,-0.11902939766564422,-0.6456975826086911
post_2021,3,pb_activity,500,all,2025-05,54895,-0.13408962946001607,-0.004063828319436547,-0.13361838519762673,-0.6662102181578138,-0.13025129744403022,-0.004553228776733547,-0.12994128930365115,-0.747304048824765
post_2021,3,pb_activity,500,all,2025-06,45873,-0.12324798091039889,-0.003937695501610142,-0.1227523683254185,-0.6448112930346097,-0.130527540304739,-0.004814646773384888,-0.1300730971389261,-0.7888469764757183
post_2021,3,pb_activity,500,all,2025-07,46069,-0.13309667647558293,-0.004235498594417894,-0.1329470387285165,-0.6954585754351087,-0.12481082543221687,-0.004567723824827664,-0.12464448391936465,-0.7498514015970544
post_2021,3,pb_activity,500,all,2025-08,45104,-0.1492298419955806,-0.0049431351543279866,-0.1493508463492109,-0.8142850971320608,-0.1438649770742418,-0.0054727399783766634,-0.14397740880223944,-0.9014947193541281
post_2021,3,pb_activity,500,all,2025-09,35360,-0.1265356812319324,-0.004620789901164509,-0.12636672868099383,-0.7593747271450746,-0.1278753737564531,-0.005287697972270528,-0.1277891669684959,-0.8695546639999252
post_2021,3,pb_activity,500,all,2025-10,59799,-0.10179202367131161,-0.002992435952887943,-0.10209354065344367,-0.4935691106573254,-0.10253823064877632,-0.0035674524762517226,-0.10278628812265744,-0.5880918147901129
post_2021,3,pb_activity,500,all,2025-11,66234,-0.14433166134482436,-0.0036599996119473957,-0.14435524652937434,-0.602400365853256,-0.13869893531619995,-0.00426103955340183,-0.13869531435599497,-0.7011933548941828
post_2021,3,pb_activity,500,all,2025-12,54587,-0.11065548463405878,-0.0031304700754235166,-0.11057662159296282,-0.514569290220716,-0.1138349460451339,-0.003866839363175948,-0.11381083353006764,-0.6359307536468041
post_2021,3,pb_activity,500,buy,2025-01,34511,-0.130443228426794,-0.0033409570603413334,-0.13044322842679423,-0.5378777034941119,-0.11566029060912278,-0.0035452220799298295,-0.11566029060912278,-0.5707633699831077
post_2021,3,pb_activity,500,buy,2025-02,28921,-0.11504810808063326,-0.0029243510264123163,-0.11504810808063311,-0.4708061749637105,-0.10801761815653668,-0.0033335550225382948,-0.1080176181565367,-0.5366860117055716
post_2021,3,pb_activity,500,buy,2025-03,35525,-0.1302701010340755,-0.0032507041268066863,-0.13027010103407566,-0.5233474237729284,-0.10667142951962048,-0.0032560217033254877,-0.1066714295196204,-0.5242035275163854
post_2021,3,pb_activity,500,buy,2025-04,31855,-0.16027957542749532,-0.004427375068740926,-0.16027957542749546,-0.7127856753232734,-0.13749516346453736,-0.004613674110842994,-0.13749516346453752,-0.7427789075376307
post_2021,3,pb_activity,500,buy,2025-05,27204,-0.15570732538425366,-0.004730075133414528,-0.1557073253842539,-0.7615189013700404,-0.14416436120023013,-0.005051335668397072,-0.1441643612002296,-0.8132402721206259
post_2021,3,pb_activity,500,buy,2025-06,22714,-0.1466775988234712,-0.0047455574009918795,-0.1466775988234708,-0.7640114705288121,-0.15234033377821832,-0.005711469812135186,-0.1523403337782181,-0.9195186321291297
post_2021,3,pb_activity,500,buy,2025-07,22876,-0.14086334206736656,-0.00455626305621986,-0.14086334206736664,-0.7335360092728105,-0.13321668166142098,-0.004946217248363475,-0.13321668166142095,-0.7963167219697526
post_2021,3,pb_activity,500,buy,2025-08,22052,-0.1420920785266175,-0.004709246901996074,-0.1420920785266175,-0.7581656582481255,-0.1369881701033797,-0.005204368219698436,-0.1369881701033798,-0.8378777624466502
post_2021,3,pb_activity,500,buy,2025-09,17256,-0.13402807275403425,-0.004919772716439399,-0.13402807275403422,-0.7920592820073709,-0.13153760700025177,-0.005496662704336786,-0.1315376070002516,-0.884935741134113
post_2021,3,pb_activity,500,buy,2025-10,29277,-0.0879320466265298,-0.0026356749340483722,-0.08793204662652979,-0.4243307396887331,-0.0912281299904296,-0.003230286835805569,-0.09122812999042935,-0.5200603400430555
post_2021,3,pb_activity,500,buy,2025-11,32333,-0.1415429988720866,-0.003586449597540301,-0.1415429988720865,-0.5774007981489211,-0.1365940986380494,-0.004173813987338488,-0.1365940986380492,-0.6719635846178356
post_2021,3,pb_activity,500,buy,2025-12,27187,-0.11369133184391625,-0.0032226859425007392,-0.11369133184391637,-0.5188366334938647,-0.11374686132053738,-0.0038586740010247396,-0.11374686132053735,-0.6212275921892808
post_2021,3,pb_activity,500,sell,2025-01,35129,-0.11902537295293461,-0.0029962159823324003,-0.11902537295293436,-0.502906716509271,-0.1097716949721538,-0.0033257883880014136,-0.10977169497215361,-0.5582245498578674
post_2021,3,pb_activity,500,sell,2025-02,29625,-0.11707759008883632,-0.0029256706685502356,-0.11707759008883627,-0.4910658771543968,-0.10139513443612544,-0.0031022383333922754,-0.10139513443612526,-0.5207022802344896
post_2021,3,pb_activity,500,sell,2025-03,35869,-0.11611469122296272,-0.002838277668323377,-0.11611469122296285,-0.476397199379115,-0.0916155489778279,-0.0027278527565243993,-0.09161554897782787,-0.4578626777888457
post_2021,3,pb_activity,500,sell,2025-04,31751,-0.11119950343554647,-0.002992227662691786,-0.11119950343554642,-0.5022372878877437,-0.10071880542448391,-0.003267431177308704,-0.10071880542448383,-0.5484294505101681
post_2021,3,pb_activity,500,sell,2025-05,27691,-0.11327139686239948,-0.003425341584329011,-0.11327139686239944,-0.5749342835280488,-0.1170551117165452,-0.004082303624682901,-0.11705511171654515,-0.6852035780427963
post_2021,3,pb_activity,500,sell,2025-06,23159,-0.09955291124368046,-0.0031417708661193497,-0.09955291124368044,-0.5273377085034465,-0.10849959908461065,-0.00393941460429415,-0.10849959908461074,-0.661220043980945
post_2021,3,pb_activity,500,sell,2025-07,23193,-0.12530313266677465,-0.003922465898064354,-0.12530313266677442,-0.658375249663924,-0.1163126469276958,-0.004195403059170802,-0.11631264692769575,-0.704187011003824
post_2021,3,pb_activity,500,sell,2025-08,23052,-0.1553671281911916,-0.005145421444333377,-0.1553671281911919,-0.8636450172099155,-0.15022070165661494,-0.00572089254307897,-0.15022070165661494,-0.9602362784616624
post_2021,3,pb_activity,500,sell,2025-09,18104,-0.11976104336474815,-0.004352397962530181,-0.1197610433647481,-0.7305381792182375,-0.12475175032063573,-0.005109684534162664,-0.12475175032063565,-0.8576466738801567
post_2021,3,pb_activity,500,sell,2025-10,30522,-0.1152491986877387,-0.0033250762981987605,-0.11524919868773852,-0.5581050275181484,-0.11353087081561712,-0.00388319791553665,-0.11353087081561701,-0.6517842254275544
post_2021,3,pb_activity,500,sell,2025-11,33901,-0.14674677777161732,-0.0037243341079672325,-0.14674677777161785,-0.6251193667164331,-0.1406928044614393,-0.004344026256571047,-0.14069280446143917,-0.7291330111060869
post_2021,3,pb_activity,500,sell,2025-12,27400,-0.10787254684459442,-0.0030458177696923634,-0.10787254684459446,-0.5112322418256305,-0.11409751909868503,-0.003880872887215505,-0.11409751909868505,-0.6513939757373876
post_2021,4,pb_activity,500,all,2026-01,46554,-0.0738403578543442,-0.002344715633377178,-0.07376892386963109,-0.3067313954849804,-0.09435747450966857,-0.003543156301183448,-0.0942577310209581,-0.4634704296693393
post_2021,4,pb_activity,500,all,2026-02,72372,-0.11278882598706577,-0.00249474543142123,-0.11252161497037699,-0.3257907493632396,-0.10044640426467269,-0.002745726455658626,-0.10009912413276029,-0.3581760140271401
post_2021,4,pb_activity,500,all,2026-03,63531,-0.1107509425876278,-0.003195792009611696,-0.11059091802110867,-0.41748628658577347,-0.10414090529666604,-0.0036847702992169693,-0.10416033033058268,-0.4821570117780406
post_2021,4,pb_activity,500,all,2026-04,45027,-0.0968342902725459,-0.0031874558592287897,-0.09668747273782101,-0.4164906552040453,-0.10427794016847768,-0.004071540473592655,-0.10436873656147158,-0.5332847925471128
post_2021,4,pb_activity,500,all,2026-05,39428,-0.10532755551976922,-0.0037879934255382487,-0.10518593830155236,-0.495336005143604,-0.11757999027578843,-0.004896937934147933,-0.11748915830882384,-0.6407120869983453
post_2021,4,pb_activity,500,buy,2026-01,23226,-0.07584950464216023,-0.0024162842505548376,-0.0758495046421603,-0.30900289132675535,-0.09681083488991613,-0.003632869391384037,-0.09681083488991611,-0.4645840593847222
post_2021,4,pb_activity,500,buy,2026-02,36309,-0.12418427214618989,-0.0027624639856637175,-0.1241842721461899,-0.353273568107772,-0.11539068131365292,-0.003163894969503205,-0.11539068131365296,-0.40460996805577576
post_2021,4,pb_activity,500,buy,2026-03,32234,-0.11818005903083244,-0.003459396487510194,-0.1181800590308325,-0.4423997369683686,-0.10407027968976515,-0.003732738620004916,-0.10407027968976539,-0.47735568606371837
post_2021,4,pb_activity,500,buy,2026-04,22999,-0.10040890705422457,-0.0032470763106638976,-0.10040890705422448,-0.41524748924856963,-0.09751069519255479,-0.0037509951084447163,-0.09751069519255472,-0.47969038973613454
post_2021,4,pb_activity,500,buy,2026-05,19684,-0.10962799591118415,-0.0039188626586779355,-0.10962799591118415,-0.5011578799000476,-0.11920492556079214,-0.004923825995680031,-0.119204925560792,-0.6296761106254789
post_2021,4,pb_activity,500,sell,2026-01,23328,-0.07255084735495426,-0.002298450947116546,-0.07255084735495435,-0.3076541619466823,-0.09245607422104717,-0.0034763778877967915,-0.09245607422104728,-0.465323015495213
post_2021,4,pb_activity,500,sell,2026-02,36063,-0.10224128634164488,-0.002248633697680521,-0.10224128634164498,-0.3009859821689252,-0.08622889587169005,-0.0023498010480779525,-0.08622889587169022,-0.31452751823778696
post_2021,4,pb_activity,500,sell,2026-03,31297,-0.1032802023986583,-0.00293443562510807,-0.10328020239865844,-0.39278251039539586,-0.10472373845380559,-0.0036507330355881424,-0.1047237384538054,-0.4886609453049102
post_2021,4,pb_activity,500,sell,2026-04,22028,-0.09312319124924365,-0.0031203780257946425,-0.09312319124924355,-0.4176714267872586,-0.11139531939188153,-0.004413502597190489,-0.11139531939188174,-0.5907598091190828
post_2021,4,pb_activity,500,sell,2026-05,19744,-0.10083442507236583,-0.0036470668597555975,-0.10083442507236595,-0.4881702172975427,-0.1156854885409935,-0.0048563496044973205,-0.11568548854099348,-0.6500361339301475
full_history,1,pb_activity,1000,all,2023-01,27582,0.018263977786793194,0.0007111779611257553,0.018456345443337758,0.059959755539309,-0.021594273438398707,-0.0010011395227115976,-0.021701508805668897,-0.08393852905098989
full_history,1,pb_activity,1000,all,2023-02,29719,-0.025912127075462414,-0.00105525707560967,-0.025942409910866344,-0.08828048449584157,-0.04101627360217461,-0.0019483748700970427,-0.04103897332715606,-0.16289683173363398
full_history,1,pb_activity,1000,all,2023-03,48975,-0.02551337816689373,-0.0007529176183664512,-0.025454176859464238,-0.06272656007129321,-0.035655705694987244,-0.0012920498030681037,-0.03565995447571207,-0.10790587266120988
full_history,1,pb_activity,1000,all,2023-04,34360,-0.027324848151256395,-0.0009504686850563173,-0.0271847357634659,-0.07901128191900338,-0.038126299825531194,-0.0015813082828120442,-0.038092787584359786,-0.13201312457986317
full_history,1,pb_activity,1000,all,2023-05,32619,-0.04112608189318852,-0.0015540060699411812,-0.041210626794331164,-0.1302153006796452,-0.058259373654765106,-0.0025994870395283473,-0.0582895107540777,-0.21748546916372197
full_history,1,pb_activity,1000,all,2023-06,33317,0.004066640909583794,0.00013928527286473315,0.004237852392126033,0.01212461413544289,-0.02161217745575086,-0.000874049723357585,-0.021442649478497295,-0.0724381253779932
full_history,1,pb_activity,1000,all,2023-07,24009,-0.034547236909070855,-0.0013198204554868039,-0.03423065148396369,-0.10931547994489195,-0.038394712569569424,-0.0016933749271449406,-0.038149109270732985,-0.14064718423507994
full_history,1,pb_activity,1000,all,2023-08,22366,-0.00773065557404495,-0.00030411453572872264,-0.007811433971587524,-0.025685800878877535,-0.008412145807917954,-0.00038490138223210094,-0.008471453272551667,-0.032399772084374646
full_history,1,pb_activity,1000,all,2023-09,19116,-0.019920334588395074,-0.0008379345280424337,-0.019914808086785467,-0.06996593119416533,-0.03393274837139555,-0.0016397846171135291,-0.03397270966637244,-0.13711829855967686
full_history,1,pb_activity,1000,all,2023-10,29907,-0.02748426420610483,-0.0009238214096012886,-0.027569342484084925,-0.077212160137968,-0.024704285887644884,-0.000997446893242826,-0.024898854946290825,-0.08376320758802158
full_history,1,pb_activity,1000,all,2023-11,23769,-0.031169636811714703,-0.0013716627838075103,-0.031167256450132855,-0.11459937752881072,-0.04132841714014963,-0.0021062092537242265,-0.04151061170793967,-0.17675776155648423
full_history,1,pb_activity,1000,all,2023-12,25120,-0.0368723951639926,-0.00179480460421869,-0.036633669178840214,-0.14905533818588812,-0.049436959146266196,-0.00278529640006358,-0.04939219976802082,-0.2326094922209321
full_history,1,pb_activity,1000,buy,2023-01,13667,0.005573533378790371,0.00021954158727795147,0.005573533378790376,0.018010354981859187,-0.017900521919051678,-0.0008436400652554534,-0.017900521919051685,-0.06920901520554643
full_history,1,pb_activity,1000,buy,2023-02,14453,-0.023788699521383596,-0.0009616635846938857,-0.023788699521383613,-0.07889121486370658,-0.0391224005986765,-0.0018397309160108034,-0.03912240059867648,-0.15092451174868202
full_history,1,pb_activity,1000,buy,2023-03,24273,-0.029064787751801793,-0.0008620818601839421,-0.02906478775180179,-0.0707219097659024,-0.035469857280778935,-0.0012899259574903005,-0.03546985728077887,-0.10582060867266067
full_history,1,pb_activity,1000,buy,2023-04,16926,-0.03508230421444948,-0.001200505644771879,-0.03508230421444939,-0.0984849070654355,-0.03920980319608034,-0.001596850555218534,-0.03920980319608033,-0.13099953274936096
full_history,1,pb_activity,1000,buy,2023-05,16141,-0.034238143114914764,-0.0012494695695291996,-0.03423814311491468,-0.10250172081411228,-0.05331790243643164,-0.0022842995746563837,-0.053317902436431655,-0.18739522991780405
full_history,1,pb_activity,1000,buy,2023-06,16719,-0.005987255974670341,-0.0002034862047415531,-0.005987255974670335,-0.016693232597734316,-0.031169780117002905,-0.0012515605685746722,-0.03116978011700292,-0.10267325840542978
full_history,1,pb_activity,1000,buy,2023-07,11868,-0.05234305677707125,-0.001963598171124375,-0.05234305677707127,-0.16108610920675054,-0.05182913501157871,-0.002249006314561764,-0.051829135011578695,-0.1844999053888508
full_history,1,pb_activity,1000,buy,2023-08,10899,-0.002225937191983832,-0.00008665053740463733,-0.0022259371919838076,-0.00710847979818312,-0.003880172629266591,-0.00017604795953331883,-0.003880172629266601,-0.014442303548679336
full_history,1,pb_activity,1000,buy,2023-09,9543,-0.01980326902527915,-0.0008217165948706492,-0.019803269025279135,-0.06741049726204303,-0.031113063386884406,-0.0014867194936831528,-0.031113063386884392,-0.12196480025346268
full_history,1,pb_activity,1000,buy,2023-10,15006,-0.023506107632411368,-0.0008243034064261202,-0.023506107632411365,-0.06762270942176582,-0.014274938615290615,-0.0006022874701280226,-0.01427493861529062,-0.04940936827790254
full_history,1,pb_activity,1000,buy,2023-11,11529,-0.030710083138480716,-0.0013364434138656118,-0.030710083138480733,-0.10963672348061193,-0.029952883548061682,-0.0015208345430181476,-0.029952883548061703,-0.12476346886274538
full_history,1,pb_activity,1000,buy,2023-12,12397,-0.05060833015734171,-0.002427112182252465,-0.05060833015734168,-0.1991110318785231,-0.05132393316789566,-0.0028499131424046167,-0.05132393316789562,-0.2337960110363461
full_history,1,pb_activity,1000,sell,2023-01,13915,0.031445625741990973,0.0012101313380035504,0.031445625741991,0.10278039498701919,-0.025298958344828096,-0.0011521282106546884,-0.025298958344828124,-0.09785400051050423
full_history,1,pb_activity,1000,sell,2023-02,15266,-0.027940672702287707,-0.0011455719216642152,-0.027940672702287703,-0.09729715353784285,-0.04298400560893735,-0.0020611696376054804,-0.04298400560893741,-0.17506184893769028
full_history,1,pb_activity,1000,sell,2023-03,24702,-0.02201796228429495,-0.0006465456698319796,-0.02201796228429493,-0.05491322903190765,-0.03591874454710421,-0.0012969787320959683,-0.03591874454710416,-0.11015662696125955
full_history,1,pb_activity,1000,sell,2023-04,17434,-0.020009190009752445,-0.0007069470154929361,-0.020009190009752455,-0.060043311998788325,-0.037165799974900764,-0.0015689449820199632,-0.03716579997490079,-0.13325560614846296
full_history,1,pb_activity,1000,sell,2023-05,16478,-0.047470121853660716,-0.0018507658087611987,-0.047470121853660674,-0.1571915666333962,-0.06289452879008665,-0.0029129740660864827,-0.0628945287900866,-0.24740837270874289
full_history,1,pb_activity,1000,sell,2023-06,16598,0.013696092000074926,0.0004726449924248123,0.013696092000074909,0.04014327824135432,-0.012269879834073957,-0.0004996682921258513,-0.012269879834073969,-0.042438455078694606
full_history,1,pb_activity,1000,sell,2023-07,12141,-0.01835658666307966,-0.000712995719064048,-0.018356586663079693,-0.06055704808897504,-0.026235293603451667,-0.001174044361597283,-0.026235293603451684,-0.09971541057380465
full_history,1,pb_activity,1000,sell,2023-08,11467,-0.01275458352341374,-0.0005065666684557219,-0.01275458352341374,-0.04302435664300167,-0.012558355275853512,-0.0005792542788871075,-0.012558355275853524,-0.049197952083580604
full_history,1,pb_activity,1000,sell,2023-09,9573,-0.02004597441621109,-0.0008546140968134886,-0.020045974416211077,-0.07258515805142081,-0.03680526422414115,-0.0017988576850268396,-0.036805264224141154,-0.15278284066051603
full_history,1,pb_activity,1000,sell,2023-10,14901,-0.03219533672670478,-0.0010301302301572368,-0.03219533672670481,-0.08749231477494322,-0.03652464516082478,-0.001401670005693326,-0.036524645160824765,-0.11904839772540031
full_history,1,pb_activity,1000,sell,2023-11,12240,-0.03163086661672769,-0.0014060647565144985,-0.0316308666167277,-0.11942165822290526,-0.051698913425340144,-0.002642362172412374,-0.05169891342534019,-0.22442442340792032
full_history,1,pb_activity,1000,sell,2023-12,12723,-0.02453678984161447,-0.0012104653708532164,-0.024536789841614465,-0.10280876548462481,-0.04806689860234866,-0.002743244370657116,-0.04806689860234864,-0.23299267699918716
full_history,2,pb_activity,1000,all,2024-01,27959,-0.016880671396989438,-0.0006941612914671859,-0.01694201029408265,-0.07429733225170393,-0.03795253290973045,-0.0018651679435697402,-0.03810374859673878,-0.19970174284918543
full_history,2,pb_activity,1000,all,2024-02,27550,-0.09780685719088267,-0.003503256213017726,-0.09732827621802681,-0.37131954844793497,-0.10516588579188094,-0.004489114751731138,-0.10486470679394166,-0.4767863735922221
full_history,2,pb_activity,1000,all,2024-03,43754,-0.12148198839272335,-0.004037229352795319,-0.12134342496302829,-0.42978711507244605,-0.10512730915108447,-0.004249231137867189,-0.10505911582203654,-0.4525831511389853
full_history,2,pb_activity,1000,all,2024-04,37297,-0.11297260447317731,-0.0044424221584845195,-0.11298223666515701,-0.47353555688050136,-0.09604601913348168,-0.004553252061849458,-0.09603425041526548,-0.48524754060412306
full_history,2,pb_activity,1000,all,2024-05,29778,-0.1202348565719562,-0.004912866559094702,-0.1199866334532839,-0.5223256370944405,-0.10512927950965952,-0.00509305991621092,-0.10501844782485822,-0.5420409510030129
full_history,2,pb_activity,1000,all,2024-06,21309,-0.09161568259541837,-0.004189529919744399,-0.09137510750255763,-0.44542043002035153,-0.07564190644310895,-0.003955994919057816,-0.07543239308951522,-0.4205346562601358
full_history,2,pb_activity,1000,all,2024-07,29489,-0.13438243966238167,-0.006347797609728738,-0.13399516921524854,-0.6741863943377839,-0.10715112213850415,-0.005916258583075509,-0.10684458777589335,-0.6283759133407872
full_history,2,pb_activity,1000,all,2024-08,36069,-0.1204921255563906,-0.004212428830376851,-0.12025912508362206,-0.44804152215096105,-0.09870253247465922,-0.0041963926197545,-0.09854013871128763,-0.446470830390577
full_history,2,pb_activity,1000,all,2024-09,27820,-0.1136940459182315,-0.005085148384469868,-0.11327962079856399,-0.5397803251028492,-0.09273539268552002,-0.004844687159983932,-0.09243173525835681,-0.5144576316597056
full_history,2,pb_activity,1000,all,2024-10,27825,-0.15587720770524785,-0.006556165765209835,-0.15553395934181777,-0.6969440424685442,-0.12878149152194274,-0.006406334695090405,-0.12850326494726552,-0.6810573251409358
full_history,2,pb_activity,1000,all,2024-11,40332,-0.1795944129327208,-0.006102861946363595,-0.17922661625237327,-0.6487527641922315,-0.13198694836254693,-0.005439721260085927,-0.13177059460639415,-0.578520538207244
full_history,2,pb_activity,1000,all,2024-12,35614,-0.1795554821514799,-0.007057388796990014,-0.17940102108738978,-0.7513985513535811,-0.13696518053989365,-0.006425666618801012,-0.13681755317417746,-0.6839954808431927
full_history,2,pb_activity,1000,buy,2024-01,13733,-0.012324073735958637,-0.0004961553048656979,-0.012324073735958637,-0.051868767430582205,-0.028451725858751012,-0.0013680238037555848,-0.028451725858751022,-0.14301511607480671
full_history,2,pb_activity,1000,buy,2024-02,13789,-0.12071810359890082,-0.004267560010815435,-0.12071810359890088,-0.44613667439665056,-0.11862303516955883,-0.005020776571116943,-0.11862303516955887,-0.5248789839275692
full_history,2,pb_activity,1000,buy,2024-03,21601,-0.12716806047198354,-0.004198717406439442,-0.12716806047198365,-0.43893977253814787,-0.10638157596933567,-0.004270464214198193,-0.10638157596933576,-0.4464402838680279
full_history,2,pb_activity,1000,buy,2024-04,18324,-0.11239720212687099,-0.004450523016660594,-0.11239720212687103,-0.4652638821590501,-0.09664779598957034,-0.004579309464198806,-0.0966477959895705,-0.47872739696995903
full_history,2,pb_activity,1000,buy,2024-05,14605,-0.13231731217159684,-0.005451762997953057,-0.13231731217159692,-0.5699349059747014,-0.10923009166374074,-0.005340203372953055,-0.10923009166374063,-0.5582723072137462
full_history,2,pb_activity,1000,buy,2024-06,10554,-0.10484580318709498,-0.004786437239289769,-0.10484580318709487,-0.50038082340569,-0.08707088768835677,-0.004540942069121718,-0.0870708876883568,-0.4747164159874833
full_history,2,pb_activity,1000,buy,2024-07,14494,-0.15450677979132568,-0.007397106985255538,-0.15450677979132574,-0.7733038790771594,-0.1222411553990898,-0.0068289574957933925,-0.12224115539908965,-0.7139087391971313
full_history,2,pb_activity,1000,buy,2024-08,17696,-0.13413363978270368,-0.00477085065845798,-0.1341336397827037,-0.4987513805109479,-0.10838803658898387,-0.004661513311085015,-0.1083880365889839,-0.4873211017519609
full_history,2,pb_activity,1000,buy,2024-09,13746,-0.13614182030521937,-0.006166487799775158,-0.13614182030521943,-0.6446532333996482,-0.10991689472332127,-0.005808421836311751,-0.10991689472332125,-0.607220518276874
full_history,2,pb_activity,1000,buy,2024-10,13576,-0.17111693179764806,-0.007198498441877297,-0.17111693179764795,-0.752541065004253,-0.14107476927876683,-0.007027017373846893,-0.1410747692787666,-0.7346141950319072
full_history,2,pb_activity,1000,buy,2024-11,19868,-0.199818202183117,-0.006923713152303977,-0.19981820218311702,-0.7238146276600392,-0.1438699798144915,-0.006047283725497071,-0.14386997981449126,-0.6321914732514189
full_history,2,pb_activity,1000,buy,2024-12,17380,-0.18695899779567227,-0.007409050516507353,-0.1869589977956723,-0.7745524724887887,-0.14389761644205706,-0.006799183338443794,-0.14389761644205704,-0.7107961072694611
full_history,2,pb_activity,1000,sell,2024-01,14226,-0.020925401477869917,-0.0008775366804702392,-0.0209254014778699,-0.0951981607568586,-0.04669229318855205,-0.0023413455135207263,-0.04669229318855199,-0.25399711663796926
full_history,2,pb_activity,1000,sell,2024-02,13761,-0.07400611297441623,-0.0026878316396063955,-0.07400611297441631,-0.2915851088726066,-0.09066411846253974,-0.0039046698581265433,-0.09066411846253962,-0.4235918533424738
full_history,2,pb_activity,1000,sell,2024-03,22153,-0.11598753823157087,-0.0038786257662432344,-0.11598753823157064,-0.42076650176338637,-0.10397508340475034,-0.004230748839276859,-0.10397508340475027,-0.45896600915593355
full_history,2,pb_activity,1000,sell,2024-04,18973,-0.11346733003732067,-0.004433253288799671,-0.11346733003732065,-0.4809343799017825,-0.09549386146080167,-0.004530570779304254,-0.09549386146080151,-0.49149171193324226
full_history,2,pb_activity,1000,sell,2024-05,15173,-0.1086488899818083,-0.004405124809700954,-0.10864888998180833,-0.47788290691531915,-0.10141165709075817,-0.004873057100968945,-0.10141165709075799,-0.5286457917939142
full_history,2,pb_activity,1000,sell,2024-06,10755,-0.07925193015433826,-0.0036301964472164813,-0.0792519301543382,-0.39381604513204366,-0.06530345876265306,-0.0034239829107085306,-0.06530345876265309,-0.3714453000274577
full_history,2,pb_activity,1000,sell,2024-07,14995,-0.11437236243551117,-0.00533210041428934,-0.11437236243551123,-0.5784443701421365,-0.09227280790729801,-0.005035901712217366,-0.09227280790729797,-0.5463117285291266
full_history,2,pb_activity,1000,sell,2024-08,18373,-0.10782042141288076,-0.0037094898900535116,-0.10782042141288078,-0.40241806723113066,-0.08982163903319572,-0.00377877763634794,-0.08982163903319582,-0.40993463737231584
full_history,2,pb_activity,1000,sell,2024-09,14074,-0.0919052598433349,-0.004060860258883346,-0.09190525984333484,-0.4405359187141417,-0.07644246276625917,-0.003949628558905809,-0.07644246276625921,-0.428469125961905
full_history,2,pb_activity,1000,sell,2024-10,14249,-0.14090727766725256,-0.005928085626749641,-0.14090727766725253,-0.6430988710048278,-0.11702755793991637,-0.005816363726964556,-0.1170275579399163,-0.6309788997118866
full_history,2,pb_activity,1000,sell,2024-11,20464,-0.16025782734166213,-0.0053443294165322125,-0.1602578273416624,-0.5797710138566636,-0.1211220984680173,-0.004897783788113974,-0.12112209846801712,-0.5313282268307674
full_history,2,pb_activity,1000,sell,2024-12,18234,-0.17257584694194505,-0.0067302999764479446,-0.17257584694194508,-0.7301258093923085,-0.13051857691392207,-0.0060829293145912245,-0.1305185769139222,-0.6598968403836447
full_history,3,pb_activity,1000,all,2025-01,34820,-0.13143088738810435,-0.004953959713042276,-0.13137756461318226,-0.444414609981029,-0.09724125795671358,-0.004346023795329442,-0.09714401661231083,-0.38964467547582105
full_history,3,pb_activity,1000,all,2025-02,29273,-0.12082000870493062,-0.004533373271905665,-0.12077092779360683,-0.4067751062246513,-0.09053768314836644,-0.004091781030452907,-0.0902728329686251,-0.3662162315484292
full_history,3,pb_activity,1000,all,2025-03,35697,-0.12916259233584448,-0.004735377011382456,-0.129036339604522,-0.42434794883377236,-0.08020881850321669,-0.0035469443337033074,-0.08001729664154497,-0.3173989861642566
full_history,3,pb_activity,1000,all,2025-04,31803,-0.14646807707233636,-0.005973283383372978,-0.14585526781926586,-0.5333018599248924,-0.10141491612535883,-0.004944304511855408,-0.10090124617385203,-0.4410626032683831
full_history,3,pb_activity,1000,all,2025-05,27448,-0.15466795997901445,-0.0072588010023258345,-0.15407143850712274,-0.6490780975045188,-0.13658433723636437,-0.007340005951544733,-0.13608040685654296,-0.6564651440307551
full_history,3,pb_activity,1000,all,2025-06,22936,-0.14093165031983754,-0.0068563977690684515,-0.14043714665827003,-0.6127755531033249,-0.12308386255422632,-0.006882204603236064,-0.12265048715079557,-0.6150828124327904
full_history,3,pb_activity,1000,all,2025-07,23035,-0.14179169938350233,-0.006992574513232539,-0.14162219026116174,-0.6266464902153585,-0.11150906691922757,-0.006276663088848788,-0.11127267195386083,-0.5619639633531978
full_history,3,pb_activity,1000,all,2025-08,22552,-0.16299730390488723,-0.008377584348273846,-0.16327033411824862,-0.7533864414818922,-0.13914135512060252,-0.008219889794650761,-0.1394426607425439,-0.7395642276067214
full_history,3,pb_activity,1000,all,2025-09,17680,-0.14409759021345578,-0.008192257398120326,-0.14392169484665224,-0.7345373794557608,-0.11753554596173982,-0.007540764003409198,-0.11743109757973146,-0.6763598452908948
full_history,3,pb_activity,1000,all,2025-10,29899,-0.1239221531724924,-0.005474835863036382,-0.1241314446043293,-0.4919556285683125,-0.09966413364040332,-0.005187371214129393,-0.09983950117848575,-0.4661540057147715
full_history,3,pb_activity,1000,all,2025-11,33117,-0.15629126196418175,-0.005987845481593304,-0.1563524505573406,-0.5376242178161693,-0.1234048874143203,-0.005697459439396745,-0.12337779300487697,-0.5112290276836162
full_history,3,pb_activity,1000,all,2025-12,27294,-0.1231027031080798,-0.005222811172356611,-0.12302939325148012,-0.46828107087548837,-0.09867070529438632,-0.005017583834882881,-0.09865393471730441,-0.4500750984375014
full_history,3,pb_activity,1000,buy,2025-01,17110,-0.13368071238796653,-0.005076714293455038,-0.13368071238796678,-0.4460318347387931,-0.10158632339485056,-0.004578215099457382,-0.10158632339485045,-0.40223450889730616
full_history,3,pb_activity,1000,buy,2025-02,14407,-0.12342661703422772,-0.004675980463515054,-0.12342661703422785,-0.41082401427104137,-0.10306639258752404,-0.004679366702269158,-0.10306639258752404,-0.4111215236830449
full_history,3,pb_activity,1000,buy,2025-03,17715,-0.1350869782304818,-0.005014714870122804,-0.13508697823048182,-0.44058466656206996,-0.08897726800788308,-0.003975824988697429,-0.08897726800788316,-0.3493094966158078
full_history,3,pb_activity,1000,buy,2025-04,15843,-0.17527549343874257,-0.007255599800424457,-0.17527549343874266,-0.6374651603471023,-0.12638141446487078,-0.006278068145992065,-0.12638141446487075,-0.5515808241133618
full_history,3,pb_activity,1000,buy,2025-05,13516,-0.1821104198797849,-0.00855569424817563,-0.18211041987978493,-0.7516893373136427,-0.15978318595350083,-0.008620405328552082,-0.15978318595350097,-0.7573747472539755
full_history,3,pb_activity,1000,buy,2025-06,11336,-0.1653037363946195,-0.008232230371941743,-0.16530373639461954,-0.7232703289061135,-0.1441183049846263,-0.00831060538499487,-0.14411830498462652,-0.7301562296775693
full_history,3,pb_activity,1000,buy,2025-07,11304,-0.14893405301948373,-0.007423375853663823,-0.1489340530194837,-0.6522056906440433,-0.12159257749206272,-0.006882898614237258,-0.12159257749206276,-0.6047202422218662
full_history,3,pb_activity,1000,buy,2025-08,10995,-0.1504951023301623,-0.00779636655003274,-0.15049510233016228,-0.684976044661485,-0.124079130778617,-0.0073709050959487625,-0.12407913077861701,-0.6475956954816299
full_history,3,pb_activity,1000,buy,2025-09,8505,-0.1508757104890833,-0.008713186474711554,-0.15087571048908324,-0.7655263473753433,-0.12023044310301641,-0.00783488087977117,-0.12023044310301653,-0.6883598508329518
full_history,3,pb_activity,1000,buy,2025-10,14552,-0.11527051672618588,-0.005224697607334757,-0.11527051672618573,-0.459033407249106,-0.09179086348961799,-0.004909201533269351,-0.09179086348961785,-0.4313144369399635
full_history,3,pb_activity,1000,buy,2025-11,16081,-0.15363081973719986,-0.005945338782285453,-0.15363081973720003,-0.5223477650938972,-0.12307412294203846,-0.00572253716762633,-0.12307412294203848,-0.5027727787494239
full_history,3,pb_activity,1000,buy,2025-12,13615,-0.1269815356731399,-0.005412839482700734,-0.12698153567313994,-0.47556324544954826,-0.0997482083971615,-0.005056652688619641,-0.09974820839716148,-0.4442692548701421
full_history,3,pb_activity,1000,sell,2025-01,17710,-0.12927660570313262,-0.004837703400399387,-0.12927660570313276,-0.4428661222847306,-0.09332238560913513,-0.004138218620044,-0.0933223856091352,-0.3788319956271099
full_history,3,pb_activity,1000,sell,2025-02,14866,-0.11840605789340831,-0.004403037418674292,-0.1184060578934082,-0.4030747539673207,-0.07832449702893178,-0.00352477353075492,-0.07832449702893174,-0.3226743469573638
full_history,3,pb_activity,1000,sell,2025-03,17982,-0.12317946059304323,-0.004460115904280651,-0.12317946059304333,-0.40829998699510117,-0.07118985760541195,-0.003115462008740203,-0.07118985760541195,-0.28520404513064285
full_history,3,pb_activity,1000,sell,2025-04,15960,-0.1162263780710087,-0.004666716679661345,-0.11622637807100863,-0.4272131936721194,-0.07573590774037137,-0.0036219304825535056,-0.07573590774037132,-0.3315685512801199
full_history,3,pb_activity,1000,sell,2025-05,13932,-0.1286233348157279,-0.0060307374172545855,-0.12862333481572777,-0.5520820673455251,-0.11477787450861493,-0.006143833363255249,-0.11477787450861486,-0.5624354021628895
full_history,3,pb_activity,1000,sell,2025-06,11600,-0.11667941864057603,-0.005548184283201487,-0.11667941864057628,-0.5079068838779325,-0.10217575293674792,-0.005546678320406353,-0.10217575293674801,-0.5077690209607203
full_history,3,pb_activity,1000,sell,2025-07,11731,-0.13504610288674332,-0.0065911310754597765,-0.13504610288674318,-0.6033831384987914,-0.10195585767765505,-0.005708837115577701,-0.10195585767765508,-0.5226137997468628
full_history,3,pb_activity,1000,sell,2025-08,11557,-0.1738738815838502,-0.008871700268627157,-0.1738738815838499,-0.8121571685678264,-0.1528425296926731,-0.008978675575134041,-0.1528425296926729,-0.8219501912589267
full_history,3,pb_activity,1000,sell,2025-09,9175,-0.1388144025441849,-0.007782501584690882,-0.13881440254418495,-0.7124467982477556,-0.1160951413243872,-0.007349725491551671,-0.11609514132438722,-0.6728284392201486
full_history,3,pb_activity,1000,sell,2025-10,15347,-0.13243097408402246,-0.0057067582432422615,-0.1324309740840224,-0.5224234899957846,-0.10757636668117114,-0.005454634226802884,-0.10757636668117103,-0.4993428717242839
full_history,3,pb_activity,1000,sell,2025-11,17036,-0.15859624664340274,-0.006017768156746858,-0.15859624664340266,-0.550894800240749,-0.12393546465076949,-0.005683104943278423,-0.12393546465076968,-0.5202581556693028
full_history,3,pb_activity,1000,sell,2025-12,13679,-0.11947368924616746,-0.005045408757967585,-0.1194736892461676,-0.46188044761033814,-0.09766773870963312,-0.004984090346301741,-0.09766773870963283,-0.4562670718095667
full_history,4,pb_activity,1000,all,2026-01,23277,-0.0832038448375151,-0.003986356039151053,-0.08323153943231419,-0.2855618128670058,-0.08941440261073384,-0.005057368912898499,-0.08931402520360704,-0.3617555630673972
full_history,4,pb_activity,1000,all,2026-02,36186,-0.12323686298667143,-0.004062625577140126,-0.1229195670691754,-0.2900580646161417,-0.08770976741884479,-0.003518790455743074,-0.0873641187136077,-0.25088721831329136
full_history,4,pb_activity,1000,all,2026-03,31765,-0.12393954904104958,-0.005477634761580942,-0.12370096375353956,-0.3910157747905962,-0.10140230413766987,-0.005401562692408257,-0.10145143957709421,-0.3865286398533954
full_history,4,pb_activity,1000,all,2026-04,22514,-0.10085508879839855,-0.00505017638596378,-0.1008140168573471,-0.36097042184226685,-0.08389121405422013,-0.0049588302037884315,-0.08400476295102724,-0.3550697313647287
full_history,4,pb_activity,1000,all,2026-05,19714,-0.11664555464354329,-0.006482551572297899,-0.11633016126672326,-0.46292951776714336,-0.10804096311441963,-0.006914268330137806,-0.10787004817509803,-0.4943221229393535
full_history,4,pb_activity,1000,buy,2026-01,11586,-0.08222261931413663,-0.003944765761924843,-0.08222261931413662,-0.2759454484126499,-0.09329796290102196,-0.005251965590308186,-0.09329796290102178,-0.3673870864155536
full_history,4,pb_activity,1000,buy,2026-02,18187,-0.13845992365175885,-0.004603813558663972,-0.13845992365175877,-0.3220473593427957,-0.10380579739499378,-0.004182946364642312,-0.1038057973949939,-0.29260673001635074
full_history,4,pb_activity,1000,buy,2026-03,16192,-0.1362092901745977,-0.006163331500636361,-0.13620929017459762,-0.43113923038843144,-0.1022755118263326,-0.005551193937674233,-0.10227551182633271,-0.3883187983282554
full_history,4,pb_activity,1000,buy,2026-04,11546,-0.10149452794013461,-0.005061611606737275,-0.10149452794013467,-0.3540713869485267,-0.07812677483305071,-0.004615211232498503,-0.07812677483305086,-0.3228446528722336
full_history,4,pb_activity,1000,buy,2026-05,9835,-0.12934425231287056,-0.0071958314463619,-0.1293442523128706,-0.5033649790651404,-0.11457396941353708,-0.007317778547212712,-0.11457396941353713,-0.5118954595696358
full_history,4,pb_activity,1000,sell,2026-01,11691,-0.08459302284613479,-0.004050853233212929,-0.08459302284613483,-0.2964810225318503,-0.08575940872968232,-0.0048756710801229,-0.08575940872968245,-0.35684925227895203
full_history,4,pb_activity,1000,sell,2026-02,17999,-0.10905559545452233,-0.0035643881994038484,-0.1090555954545221,-0.26087675786306763,-0.07220924683764925,-0.002883512766969351,-0.0722092468376492,-0.21104364054104477
full_history,4,pb_activity,1000,sell,2026-03,15573,-0.11143172128635011,-0.00480079704235004,-0.11143172128635014,-0.35136923856283436,-0.10184764132572502,-0.005313535361540206,-0.1018476413257249,-0.3888964389852971
full_history,4,pb_activity,1000,sell,2026-04,10968,-0.10033007733534532,-0.0050391465875078935,-0.10033007733534521,-0.36881398731082926,-0.09074352836142711,-0.005359992485389144,-0.0907435283614272,-0.39229662526449677
full_history,4,pb_activity,1000,sell,2026-05,9879,-0.10408387633113705,-0.005775291029688136,-0.10408387633113714,-0.4226922308273512,-0.10161008922113278,-0.006510971671468996,-0.10161008922113281,-0.47653652889861936
post_2021,1,pb_activity,1000,all,2023-01,27582,0.05334791195091345,0.0020876635322795802,0.053476335775818055,0.2089971237605552,0.002459810525994527,0.00011201325508627465,0.0023319393274466036,0.010604736475388473
post_2021,1,pb_activity,1000,all,2023-02,29719,0.004350577210447411,0.00017743511142565753,0.004302029457073815,0.01754923221206176,-0.02218315699813624,-0.0010328662210456897,-0.022207485513947377,-0.10342231732421543
post_2021,1,pb_activity,1000,all,2023-03,48975,0.004254694566892514,0.000125638110709184,0.004300113392254383,0.012692300868364818,-0.017690185807929835,-0.000629382932780005,-0.017689115179044212,-0.0629065640566343
post_2021,1,pb_activity,1000,all,2023-04,34360,0.007687966888320894,0.00026791054413609317,0.007778997003424107,0.02711282455063442,-0.017328816749529394,-0.000704586972953339,-0.01730512618477392,-0.07037360869734463
post_2021,1,pb_activity,1000,all,2023-05,32619,-0.00483890874139508,-0.00018306014371895663,-0.0049799425650014825,-0.018856951522013325,-0.03489559123259043,-0.0015232341289919433,-0.03497000543092889,-0.15279033635536698
post_2021,1,pb_activity,1000,all,2023-06,33317,0.039321838838663255,0.0013500769755107475,0.039472441480844965,0.13551238560664766,0.0026461016663083398,0.00010490219936491624,0.002810388985520976,0.01114047309063227
post_2021,1,pb_activity,1000,all,2023-07,24009,0.006666923960234882,0.00025524014367119056,0.006927922751547527,0.026540241395191694,-0.00950294489971506,-0.000412276220174264,-0.009296315132285295,-0.04035682220164517
post_2021,1,pb_activity,1000,all,2023-08,22366,0.035863465399710005,0.001414944106579713,0.03575557722726189,0.14114133795476974,0.02073928509828499,0.0009325443872350465,0.020668623078429073,0.0929848463831872
post_2021,1,pb_activity,1000,all,2023-09,19116,0.023911699461530208,0.0010084552002770366,0.023877149036509743,0.10067512353042568,-0.0032256157659331674,-0.00015285347414065208,-0.0033006537954383334,-0.01563705793413456
post_2021,1,pb_activity,1000,all,2023-10,29907,0.0115375549564731,0.00038825864436605514,0.011454402690936021,0.03844686934272673,-0.0007672371342635003,-0.00003038641265974176,-0.0009779637170176938,-0.003863248151008228
post_2021,1,pb_activity,1000,all,2023-11,23769,0.004719648943755476,0.00020799026153619731,0.0046868669527122524,0.020657169785771423,-0.01802653864190511,-0.0009020871514745812,-0.018210553823358292,-0.09113993018463999
post_2021,1,pb_activity,1000,all,2023-12,25120,-0.0038360069038346372,-0.0001870187212258478,-0.0036317581327724364,-0.017715907215460337,-0.029256482565675694,-0.0016189712478309269,-0.029218169354657514,-0.16177219298438303
post_2021,1,pb_activity,1000,buy,2023-01,13667,0.043357381919621664,0.0017165914714454345,0.043357381919621706,0.16866873710288713,0.006895455838503458,0.00031901701031961316,0.006895455838503491,0.031345953384959664
post_2021,1,pb_activity,1000,buy,2023-02,14453,0.007112237997458759,0.00028776761752846936,0.007112237997458812,0.028275452508664287,-0.02032908105798943,-0.0009361060441813797,-0.020329081057989445,-0.09197984895818109
post_2021,1,pb_activity,1000,buy,2023-03,24273,0.0012447668579723926,0.0000369506217530173,0.001244766857972414,0.0036306918739378627,-0.017942900347167952,-0.0006412773672316907,-0.01794290034716796,-0.06301059131591512
post_2021,1,pb_activity,1000,buy,2023-04,16926,0.0015039550251822714,0.00005155246562419691,0.0015039550251822664,0.005065438932917198,-0.019008330556597463,-0.0007593078580658026,-0.01900833055659746,-0.07460802387909815
post_2021,1,pb_activity,1000,buy,2023-05,16141,0.004474038607493484,0.00016340634434428808,0.004474038607493492,0.016055970330519424,-0.02755775551210081,-0.0011547241637121638,-0.027557755512100813,-0.11346081443100603
post_2021,1,pb_activity,1000,buy,2023-06,16719,0.02982175477810639,0.0010150203082633865,0.029821754778106408,0.09973380176729527,-0.0072436412822782315,-0.0002849724876935405,-0.0072436412822782245,-0.0280008088167094
post_2021,1,pb_activity,1000,buy,2023-07,11868,-0.009787376997666962,-0.0003671171990706342,-0.00978737699766695,-0.036072178713467004,-0.021863868148500783,-0.0009309875697949208,-0.021863868148500783,-0.09147691822304783
post_2021,1,pb_activity,1000,buy,2023-08,10899,0.041902625348501886,0.0016358706162436082,0.04190262534850192,0.1607372723768666,0.024919077198601855,0.0011087181598645958,0.024919077198601834,0.1089403593913537
post_2021,1,pb_activity,1000,buy,2023-09,9543,0.025453518742698827,0.0010590532021849484,0.02545351874269888,0.10406038309563037,0.0008662767278295537,0.00004065182137300269,0.0008662767278295271,0.003994364113986244
post_2021,1,pb_activity,1000,buy,2023-10,15006,0.01668184015084968,0.0005858001744850006,0.01668184015084969,0.05755951679163212,0.010871073082218893,0.00045004691052787316,0.010871073082218914,0.04422068109884891
post_2021,1,pb_activity,1000,buy,2023-11,11529,0.0066325336196476495,0.00028893568739726133,0.006632533619647661,0.028390224644547785,-0.007247440936503831,-0.00036119521371866036,-0.007247440936503807,-0.03549029664829627
post_2021,1,pb_activity,1000,buy,2023-12,12397,-0.016928041143002153,-0.0008125466866561515,-0.016928041143002132,-0.07983916135854154,-0.031574131347984785,-0.0017220230393868066,-0.031574131347984744,-0.1692024317648956
post_2021,1,pb_activity,1000,sell,2023-01,13915,0.06356311224784893,0.0024578515363012357,0.06356311224784895,0.24973856248931536,-0.002273412531269739,-0.0001017526710033147,-0.002273412531269738,-0.010338934394734574
post_2021,1,pb_activity,1000,sell,2023-02,15266,0.001732674252953923,0.0000711810348853697,0.0017326742529539167,0.007232596870161475,-0.02408951057063871,-0.0011333043050795822,-0.024089510570638756,-0.11515332957801529
post_2021,1,pb_activity,1000,sell,2023-03,24702,0.0072172124267723065,0.0002120257820997304,0.007217212426772304,0.021543617769502997,-0.017508082322425487,-0.0006201391871566904,-0.017508082322425494,-0.06301140115926962
post_2021,1,pb_activity,1000,sell,2023-04,17434,0.013499807528890559,0.0004778976304424281,0.01349980752889059,0.04855845256762267,-0.0158498190743363,-0.000655549845150628,-0.015849819074336285,-0.06660942434887006
post_2021,1,pb_activity,1000,sell,2023-05,16478,-0.013306818709995168,-0.000519581496925871,-0.013306818709995179,-0.05279388694631492,-0.04167208371173645,-0.001888340764401017,-0.04167208371173647,-0.19187143772775309
post_2021,1,pb_activity,1000,sell,2023-06,16598,0.04841321678563301,0.0016763357040972555,0.04841321678563291,0.17032992546847361,0.012237298962313585,0.0004887444721122209,0.01223729896231355,0.049660583679349536
post_2021,1,pb_activity,1000,sell,2023-07,12141,0.021577818299143896,0.0008415503791859356,0.021577818299143875,0.0855086561804746,0.001700716852728895,0.00007503073964027386,0.0017007168527288995,0.00762375952473953
post_2021,1,pb_activity,1000,sell,2023-08,11467,0.030348809840338584,0.001208899145087399,0.030348809840338623,0.12283440648454497,0.016878048017187827,0.0007665397349834316,0.016878048017187817,0.07788693852265316
post_2021,1,pb_activity,1000,sell,2023-09,9573,0.02238358344665957,0.0009566844567552141,0.022383583446659593,0.0972072549774367,-0.00736829487850808,-0.00035263493331178674,-0.007368294878508076,-0.035830700116790015
post_2021,1,pb_activity,1000,sell,2023-10,14901,0.005525759533756724,0.00017695769759490672,0.005525759533756724,0.017980402951952277,-0.01417239201292922,-0.0005332283114132758,-0.01417239201292922,-0.0541805190444324
post_2021,1,pb_activity,1000,sell,2023-11,12240,0.002907460511005182,0.00012946604900001058,0.002907460511005174,0.013154848651717385,-0.027859116366218687,-0.0013985481650167384,-0.027859116366218684,-0.14210435542781427
post_2021,1,pb_activity,1000,sell,2023-12,12723,0.007901384734537505,0.0003906603085696657,0.007901384734537473,0.03969440075727309,-0.027559949571029436,-0.0015448475071072423,-0.02755994957102942,-0.15696960943001412
post_2021,2,pb_activity,1000,all,2024-01,27959,0.004150544014036017,0.00017072005747048946,0.004069555556820731,0.020050802259723076,-0.023614945965157213,-0.0011464851583959546,-0.023764475890391105,-0.13820191886753783
post_2021,2,pb_activity,1000,all,2024-02,27550,-0.07564184198281142,-0.0027050275967926453,-0.07519223960103213,-0.32171659007479264,-0.09295785052403802,-0.00390934601170022,-0.09268149108771052,-0.4663371507180952
post_2021,2,pb_activity,1000,all,2024-03,43754,-0.10261073344569015,-0.0034019453743090004,-0.10248543519935899,-0.4067605059962805,-0.09591847618497042,-0.0038189397603768695,-0.09585009186576646,-0.45685373175643057
post_2021,2,pb_activity,1000,all,2024-04,37297,-0.09423099029412574,-0.003695866932985452,-0.09423500744338023,-0.4424894208681391,-0.08693481874843129,-0.004056196732705888,-0.08692813787320511,-0.48557180927087656
post_2021,2,pb_activity,1000,all,2024-05,29778,-0.09814170515660574,-0.003998554158339792,-0.09790963880139894,-0.47737673389664287,-0.09323683060361035,-0.00444037123140568,-0.09313761008059117,-0.5308204578830011
post_2021,2,pb_activity,1000,all,2024-06,21309,-0.06650518551665541,-0.003034850419307462,-0.06626592412545322,-0.3620745375822046,-0.06046295222720353,-0.00311712698454468,-0.06023005002775628,-0.37179680689228917
post_2021,2,pb_activity,1000,all,2024-07,29489,-0.1138036454752068,-0.0053593875993147525,-0.11343010244249147,-0.6391198218530181,-0.09761768404402825,-0.005310735802703234,-0.09733577211527614,-0.6335746993250075
post_2021,2,pb_activity,1000,all,2024-08,36069,-0.0997268601318946,-0.003477029212229162,-0.09949417338787957,-0.41523749022979345,-0.08919421869269646,-0.003733189447296476,-0.08901417278765225,-0.4459730232411985
post_2021,2,pb_activity,1000,all,2024-09,27820,-0.09144261362022836,-0.004078819524659912,-0.09102462768088274,-0.4858779681119164,-0.08084731755823744,-0.004151711228458166,-0.08051353790699958,-0.4947863234134164
post_2021,2,pb_activity,1000,all,2024-10,27825,-0.1316624833773856,-0.005511323085660531,-0.13135757683311997,-0.6580198496105311,-0.11652327600251883,-0.005695742406801687,-0.11627335120967874,-0.6801621094786833
post_2021,2,pb_activity,1000,all,2024-11,40332,-0.15953882203348016,-0.005394783324597496,-0.15916891315073903,-0.64398609037874,-0.12270363413397739,-0.0049657773044001615,-0.12247126318796792,-0.5930475204943068
post_2021,2,pb_activity,1000,all,2024-12,35614,-0.15939632640707677,-0.006233413317189052,-0.15924639067721633,-0.7454002831474351,-0.12751883180714843,-0.005883269943040089,-0.12737408815767767,-0.7033967871368061
post_2021,2,pb_activity,1000,buy,2024-01,13733,0.009423540038113557,0.00037949375286096433,0.00942354003811356,0.044566266844572024,-0.014569987009619433,-0.0006920511999918479,-0.014569987009619426,-0.08127179490156904
post_2021,2,pb_activity,1000,buy,2024-02,13789,-0.09792222696693544,-0.003453454902118422,-0.09792222696693549,-0.40556028009212713,-0.10610761955261999,-0.004427819539971402,-0.10610761955261983,-0.519985864511115
post_2021,2,pb_activity,1000,buy,2024-03,21601,-0.1078733175564761,-0.003551752248334112,-0.10787331755647613,-0.4171039372104216,-0.09772204794443273,-0.0038658680384003993,-0.09772204794443268,-0.4539924709864086
post_2021,2,pb_activity,1000,buy,2024-04,18324,-0.09389099336338316,-0.0037077493131962083,-0.09389099336338323,-0.4354236243388717,-0.08702131426966794,-0.004062602702240833,-0.08702131426966805,-0.47709622291958526
post_2021,2,pb_activity,1000,buy,2024-05,14605,-0.10987242030061355,-0.004510806347999775,-0.10987242030061348,-0.5297315117142369,-0.09748582458421529,-0.004679960439660792,-0.09748582458421524,-0.549596308776069
post_2021,2,pb_activity,1000,buy,2024-06,10554,-0.07969935527492797,-0.00362891970197362,-0.0796993552749281,-0.4261661821214055,-0.07332262372227523,-0.003764687508729354,-0.07332262372227519,-0.442110224043474
post_2021,2,pb_activity,1000,buy,2024-07,14494,-0.1334367600546647,-0.006364816311458733,-0.13343676005466487,-0.7474592137939051,-0.11186930788109381,-0.006155454609140862,-0.11186930788109378,-0.7228725916896133
post_2021,2,pb_activity,1000,buy,2024-08,17696,-0.11333255289427059,-0.004018855272985279,-0.11333255289427041,-0.47195869538120355,-0.09964963879888832,-0.004218396508614728,-0.09964963879888836,-0.49539204016360294
post_2021,2,pb_activity,1000,buy,2024-09,13746,-0.11427173156120347,-0.005158594480037511,-0.11427173156120338,-0.6058052244789308,-0.09964710816929474,-0.005164338283552279,-0.09964710816929462,-0.6064797543709569
post_2021,2,pb_activity,1000,buy,2024-10,13576,-0.14561186719619923,-0.006091604977975673,-0.14561186719619915,-0.7153743399292533,-0.12787567127005298,-0.006260055610620541,-0.12787567127005295,-0.7351565255067285
post_2021,2,pb_activity,1000,buy,2024-11,19868,-0.18003683478894741,-0.006206622272906672,-0.18003683478894775,-0.7288815226404104,-0.13520064947635468,-0.005592565512581697,-0.13520064947635466,-0.6567690906647976
post_2021,2,pb_activity,1000,buy,2024-12,17380,-0.1667865271610399,-0.006575826887495802,-0.16678652716103973,-0.7722394731994934,-0.13440971176744418,-0.006246687257642956,-0.13440971176744415,-0.733586598250799
post_2021,2,pb_activity,1000,sell,2024-01,14226,-0.0005430825344839317,-0.0000227797127523944,-0.0005430825344839328,-0.0027755301398190335,-0.03191296541484349,-0.001580923064287847,-0.03191296541484353,-0.19262313187881885
post_2021,2,pb_activity,1000,sell,2024-02,13761,-0.052558114011693434,-0.0019073252295596134,-0.05255811401169335,-0.23239268723981782,-0.07875505487226228,-0.0033393758335668513,-0.07875505487226225,-0.40687687219734936
post_2021,2,pb_activity,1000,sell,2024-03,22153,-0.0975273711305524,-0.003254757123399237,-0.09752737113055261,-0.39656674304797535,-0.09425928456754275,-0.0037762078918263647,-0.09425928456754255,-0.46010144780623413
post_2021,2,pb_activity,1000,sell,2024-04,18973,-0.0945040660777596,-0.0036831618788101786,-0.09450406607775949,-0.4487645176033157,-0.08691807846021582,-0.004053950947378357,-0.08691807846021596,-0.4939422705676613
post_2021,2,pb_activity,1000,sell,2024-05,15173,-0.08693740291830086,-0.003517047373594202,-0.08693740291830092,-0.428524762128804,-0.08942521210619979,-0.004228176283026993,-0.0894252121061999,-0.5151702674027864
post_2021,2,pb_activity,1000,sell,2024-06,10755,-0.054184719539965065,-0.0024779556476938846,-0.05418471953996508,-0.3019195483308456,-0.04876439152084079,-0.002523568906659688,-0.0487643915208407,-0.3074771677973884
post_2021,2,pb_activity,1000,sell,2024-07,14995,-0.09431398915311283,-0.0043865396967876094,-0.09431398915311277,-0.534465612902305,-0.0836449016564394,-0.004499365774232778,-0.08364490165643944,-0.5482125895174385
post_2021,2,pb_activity,1000,sell,2024-08,18373,-0.08709152316497573,-0.002989090213326438,-0.08709152316497577,-0.36419730432526115,-0.07948271529596833,-0.003292509390925102,-0.0794827152959682,-0.4011665620844791
post_2021,2,pb_activity,1000,sell,2024-09,14074,-0.06931286852598924,-0.003056219357942381,-0.06931286852598924,-0.3723764664669012,-0.06295222154372587,-0.0032046596898040965,-0.06295222154372591,-0.39046276191431145
post_2021,2,pb_activity,1000,sell,2024-10,14249,-0.11804064257117314,-0.00494622092182789,-0.11804064257117328,-0.6026584003037567,-0.1057448810163525,-0.005162989247563195,-0.10574488101635252,-0.629069928314496
post_2021,2,pb_activity,1000,sell,2024-11,20464,-0.13994660329351416,-0.0046449070260363556,-0.139946603293514,-0.5659456546951532,-0.11116677674264051,-0.0044054865004305175,-0.11116677674264064,-0.5367741329936566
post_2021,2,pb_activity,1000,sell,2024-12,18234,-0.15243509307781994,-0.00591518049654371,-0.1524350930778197,-0.7207185590565206,-0.12111215489269213,-0.0055504355257007905,-0.12111215489269196,-0.6762772322089928
post_2021,3,pb_activity,1000,all,2025-01,34820,-0.11300502143236858,-0.004245991206707341,-0.11294854537362267,-0.42401204453289093,-0.08803925902642959,-0.0038799314272355244,-0.08795346900650179,-0.3872732461582583
post_2021,3,pb_activity,1000,all,2025-02,29273,-0.10207771448539862,-0.003819509370625533,-0.10201720155589251,-0.38147370619501786,-0.07978132370266583,-0.0035553695872583293,-0.0795362406972226,-0.35420546044412593
post_2021,3,pb_activity,1000,all,2025-03,35697,-0.11066048692200477,-0.004044002886762782,-0.11053210021840025,-0.4033712841885732,-0.07048526205575503,-0.003074174744683592,-0.07027077901806832,-0.3060541874756436
post_2021,3,pb_activity,1000,all,2025-04,31803,-0.12842043185016433,-0.005216993097661071,-0.1278006843940931,-0.5182251540945739,-0.09219707577011915,-0.004423039537142997,-0.09164111658175673,-0.43884014950417677
post_2021,3,pb_activity,1000,all,2025-05,27448,-0.13694542903624646,-0.006405066604430444,-0.13634747936794672,-0.6373141534535129,-0.12562988972277028,-0.006662898053791007,-0.12510339225456651,-0.6630948997951288
post_2021,3,pb_activity,1000,all,2025-06,22936,-0.12102408549063748,-0.005867358089168671,-0.1205345786616444,-0.5834891938731758,-0.11116986827326865,-0.006138142338193437,-0.11072789557719054,-0.6104651525479257
post_2021,3,pb_activity,1000,all,2025-07,23035,-0.12160102833322284,-0.005972206551225835,-0.1214433901700268,-0.5957766770298616,-0.09970118411041207,-0.0055397568074358325,-0.09948485196785226,-0.5521496082785086
post_2021,3,pb_activity,1000,all,2025-08,22552,-0.14395862544746288,-0.007368135443462128,-0.1442194807588956,-0.7377676241345659,-0.1292287029078791,-0.007527395319269579,-0.12953854661965059,-0.7541552776846031
post_2021,3,pb_activity,1000,all,2025-09,17680,-0.12341538037188286,-0.006990222931535954,-0.12324715453868237,-0.697661460909635,-0.10579270534442672,-0.006694990892181254,-0.10568549161021146,-0.6684384157571933
post_2021,3,pb_activity,1000,all,2025-10,29899,-0.10617382054644113,-0.00467652729334242,-0.10638707761887843,-0.4679693069638616,-0.09092952997856793,-0.00466596411589557,-0.09110860886457686,-0.46689133997774473
post_2021,3,pb_activity,1000,all,2025-11,33117,-0.1381660219873422,-0.0052726647052802915,-0.13822421027070272,-0.5270576834089746,-0.11416798450318491,-0.00519542617206185,-0.11414786648424032,-0.5190189538378922
post_2021,3,pb_activity,1000,all,2025-12,27294,-0.10199026564643121,-0.004316941393924586,-0.1019041552911436,-0.430810520211731,-0.08682856559854975,-0.004351103289439616,-0.08679999321918506,-0.4344458214807013
post_2021,3,pb_activity,1000,buy,2025-01,17110,-0.1154412203418046,-0.004371033778319219,-0.1154412203418046,-0.42740836436403457,-0.09193632397056913,-0.004086874917698227,-0.09193632397056913,-0.39962274659096225
post_2021,3,pb_activity,1000,buy,2025-02,14407,-0.10518447495339098,-0.003974848401055493,-0.10518447495339099,-0.38866857129239424,-0.09141817516891153,-0.00409657642740808,-0.09141817516891135,-0.4005713794790258
post_2021,3,pb_activity,1000,buy,2025-03,17715,-0.11662850763925446,-0.004315831582489568,-0.11662850763925452,-0.42201058401608066,-0.08022943592784601,-0.0035402704699360934,-0.08022943592784608,-0.3461746780514521
post_2021,3,pb_activity,1000,buy,2025-04,15843,-0.15714002524765922,-0.006475151181955769,-0.15714002524765905,-0.6331531431801822,-0.11844155273636256,-0.0057857983207976315,-0.11844155273636252,-0.5657468512593352
post_2021,3,pb_activity,1000,buy,2025-05,13516,-0.1643107179511372,-0.0076882155960543925,-0.16431071795113703,-0.7517689909162012,-0.14979090553295318,-0.007969139476425377,-0.14979090553295313,-0.7792382858952783
post_2021,3,pb_activity,1000,buy,2025-06,11336,-0.14487639761525853,-0.007185139949936272,-0.14487639761525833,-0.7025772550560848,-0.13262611027944643,-0.0075529331497339175,-0.13262611027944657,-0.7385408046240254
post_2021,3,pb_activity,1000,buy,2025-07,11304,-0.12833865429533184,-0.006369689376838504,-0.12833865429533187,-0.622840878413063,-0.10895054495378567,-0.006086396152588457,-0.10895054495378559,-0.5951399042836235
post_2021,3,pb_activity,1000,buy,2025-08,10995,-0.1318792430390651,-0.006804146828117626,-0.13187924303906515,-0.6653229908959319,-0.11379182992062788,-0.006669432518266967,-0.11379182992062807,-0.6521503581161779
post_2021,3,pb_activity,1000,buy,2025-09,8505,-0.13048361338890527,-0.007507715702826729,-0.1304836133889052,-0.7341193528568988,-0.10952441271652397,-0.007038960497346611,-0.10952441271652412,-0.6882835378478409
post_2021,3,pb_activity,1000,buy,2025-10,14552,-0.09727842007895365,-0.00439655777038945,-0.09727842007895375,-0.4299041510030875,-0.08329310485267251,-0.00439217729718178,-0.08329310485267252,-0.4294758196325734
post_2021,3,pb_activity,1000,buy,2025-11,16081,-0.13555761417263942,-0.005225171796261039,-0.1355576141726394,-0.5109276762028988,-0.11387240161766152,-0.005218344037153011,-0.11387240161766155,-0.510260044356376
post_2021,3,pb_activity,1000,buy,2025-12,13615,-0.10621351593869816,-0.004514863813933163,-0.10621351593869813,-0.44147235091410336,-0.08829784370457804,-0.0044079266253553104,-0.08829784370457815,-0.43101582022187795
post_2021,3,pb_activity,1000,sell,2025-01,17710,-0.11066996747330969,-0.00412757077096912,-0.11066996747330962,-0.42077996607302387,-0.08452133169796167,-0.0036944623421008905,-0.0845213316979617,-0.3766272767268095
post_2021,3,pb_activity,1000,sell,2025-02,14866,-0.09919539176538207,-0.0036775432562633097,-0.09919539176538208,-0.37490248198439197,-0.06852092779743556,-0.0030378109054920825,-0.06852092779743553,-0.30968577903973715
post_2021,3,pb_activity,1000,sell,2025-03,17982,-0.10462937043652505,-0.0037760427355381606,-0.1046293704365252,-0.38494388644412725,-0.0605148538304591,-0.0026087062668241263,-0.06051485383045907,-0.2659412510063424
post_2021,3,pb_activity,1000,sell,2025-04,15960,-0.09830916150770719,-0.003935042464190002,-0.09830916150770701,-0.4011529120769046,-0.06513962353106764,-0.003067961287786768,-0.0651396235310677,-0.3127594215144531
post_2021,3,pb_activity,1000,sell,2025-05,13932,-0.11100861106961192,-0.005190120752339108,-0.11100861106961192,-0.5291002759890618,-0.10287704916328391,-0.005439123511742152,-0.10287704916328393,-0.5544845464152967
post_2021,3,pb_activity,1000,sell,2025-06,11600,-0.09731370886403093,-0.004614324957197704,-0.09731370886403085,-0.4704015040991487,-0.08990551143360093,-0.0048198161903080855,-0.08990551143360097,-0.4913500471755377
post_2021,3,pb_activity,1000,sell,2025-07,11731,-0.1152556440401109,-0.005602812526667654,-0.11525564404011097,-0.5711716153884857,-0.09094627855838208,-0.005027772598354614,-0.09094627855838212,-0.5125498993835087
post_2021,3,pb_activity,1000,sell,2025-08,11557,-0.15444170754836817,-0.007846620227050306,-0.15444170754836814,-0.7999137449437163,-0.1433000471030376,-0.00829513786276686,-0.14330004710303756,-0.845637306334198
post_2021,3,pb_activity,1000,sell,2025-09,9175,-0.11787691535559999,-0.006583570966324514,-0.11787691535560009,-0.6711537903440831,-0.10349757846959343,-0.006463782576554054,-0.10349757846959334,-0.6589421149106606
post_2021,3,pb_activity,1000,sell,2025-10,15347,-0.11490963431273177,-0.004935910235863097,-0.1149096343127318,-0.5031851073745051,-0.09863699294096995,-0.00493004853595276,-0.09863699294096978,-0.5025875438132089
post_2021,3,pb_activity,1000,sell,2025-11,17036,-0.1404170105043072,-0.0053072772649403795,-0.14041701050430735,-0.541043648043231,-0.11458705221952131,-0.005179347488336801,-0.11458705221952124,-0.5280020092571456
post_2021,3,pb_activity,1000,sell,2025-12,13679,-0.09802168114134605,-0.00413168016607793,-0.09802168114134611,-0.42119889314427544,-0.0855364545825294,-0.0043045409445437045,-0.08553645458252936,-0.4388209659164176
post_2021,4,pb_activity,1000,all,2026-01,23277,-0.0639876539051919,-0.0030622564243478253,-0.06399755209466367,-0.2525396757122099,-0.07751945712197046,-0.004328209467559486,-0.07740722099412753,-0.3563695142081628
post_2021,4,pb_activity,1000,all,2026-02,36186,-0.10713720305270064,-0.003523087070001439,-0.10680432484440895,-0.2894776551162869,-0.08092191969922308,-0.0032085227214593815,-0.08056393429824263,-0.26328368880510106
post_2021,4,pb_activity,1000,all,2026-03,31765,-0.10720130459130145,-0.004727500680073157,-0.10694791091403355,-0.38840969865673103,-0.09283082942535271,-0.004882904195500011,-0.09286891014595816,-0.4023031356178636
post_2021,4,pb_activity,1000,all,2026-04,22514,-0.08218202285878269,-0.004105954251286507,-0.08215199928429881,-0.3379367856179906,-0.07309693328338175,-0.004263988792614061,-0.07321805145943433,-0.35165553473404276
post_2021,4,pb_activity,1000,all,2026-05,19714,-0.0985383717774211,-0.005463638232735367,-0.09823957603654336,-0.44911918364674003,-0.09774238279584228,-0.006183892433708261,-0.09756660611566073,-0.5089580870334414
post_2021,4,pb_activity,1000,buy,2026-01,11586,-0.06329372438787705,-0.0030328392776467093,-0.06329372438787706,-0.24423165501153807,-0.08149747653906196,-0.004530945227149566,-0.0814974765390619,-0.36487269857966875
post_2021,4,pb_activity,1000,buy,2026-02,18187,-0.12262768820021408,-0.004065859838263979,-0.12262768820021389,-0.3274198157030828,-0.09714456644403524,-0.0038661766493458295,-0.09714456644403528,-0.31133951891092876
post_2021,4,pb_activity,1000,buy,2026-03,16192,-0.11965847922584208,-0.005400244592282787,-0.11965847922584205,-0.43487654751811483,-0.09355528448242684,-0.005015525909157661,-0.09355528448242673,-0.4038955188213299
post_2021,4,pb_activity,1000,buy,2026-04,11546,-0.0824811068172742,-0.004104825425288652,-0.08248110681727415,-0.3305576772698573,-0.06711103299920702,-0.00391555258658155,-0.06711103299920694,-0.31531571605322606
post_2021,4,pb_activity,1000,buy,2026-05,9835,-0.11055360584280306,-0.0061331374548421885,-0.11055360584280294,-0.493895710877116,-0.10441967144349591,-0.006590159886368013,-0.10441967144349588,-0.5306992914860954
post_2021,4,pb_activity,1000,sell,2026-01,11691,-0.06509956942986159,-0.003114249268062141,-0.06509956942986152,-0.262493747179165,-0.07382417155966116,-0.004141120225556539,-0.07382417155966117,-0.3490466150778508
post_2021,4,pb_activity,1000,sell,2026-02,17999,-0.09269999768839582,-0.003023259439087674,-0.0926999976883959,-0.2548243992539228,-0.06525164337292749,-0.002576576479139786,-0.06525164337292752,-0.21717439957012669
post_2021,4,pb_activity,1000,sell,2026-03,15573,-0.09447759144656986,-0.004063393593745165,-0.09447759144656982,-0.34249519510995646,-0.0933228878176539,-0.004806331958537716,-0.09332288781765392,-0.4051159613079392
post_2021,4,pb_activity,1000,sell,2026-04,10968,-0.08200363799421023,-0.004108959591626842,-0.08200363799421027,-0.3463358605475569,-0.07995843178180434,-0.004656688319777868,-0.07995843178180426,-0.3925028028551348
post_2021,4,pb_activity,1000,sell,2026-05,9879,-0.08664707520355035,-0.004799231100241259,-0.08664707520355042,-0.40451744438074877,-0.0911781303650196,-0.0057791460090462175,-0.09117813036501961,-0.48711248228180953
full_history,1,pb_activity,2000,all,2023-01,13791,0.04492575564179411,0.0024896612631394024,0.04513848988962222,0.12650258871217743,0.005981685108787848,0.0003861202598877524,0.005868364575632309,0.019155918891976768
full_history,1,pb_activity,2000,all,2023-02,14860,-0.00002674399374657522,-1.550247994565294e-6,-0.0002695976866800882,-0.0007916385450944671,-0.0194482477590653,-0.001289871030775544,-0.019653346956538767,-0.06602976556475189
full_history,1,pb_activity,2000,all,2023-03,24487,-0.018166948376679426,-0.000754781142932732,-0.01811677647656805,-0.038101468460620985,-0.03260068218813729,-0.0016367145500099248,-0.03266462585963112,-0.08301254263046612
full_history,1,pb_activity,2000,all,2023-04,17180,-0.004708699888142095,-0.00023911328637109665,-0.004623277999084262,-0.011887131347004285,-0.009909342306739575,-0.0005880798881759597,-0.009859307549010833,-0.029625254611570014
full_history,1,pb_activity,2000,all,2023-05,16310,-0.014315075070415377,-0.0007881109978805587,-0.014480662151906758,-0.040418233932712266,-0.02269260699244155,-0.0014512694796625484,-0.022808243039750722,-0.073952407681495
full_history,1,pb_activity,2000,all,2023-06,16658,0.01880520642989431,0.0009358113231400339,0.01902260661884565,0.0479161255179835,-0.0031345965972480604,-0.00018074406063293795,-0.002981696902582776,-0.008702465163996477
full_history,1,pb_activity,2000,all,2023-07,12005,-0.023612294906847395,-0.001340560162470092,-0.02314926735559402,-0.06658017508073921,-0.011080136230145872,-0.0007184379333435152,-0.010702447244222117,-0.035155418271895035
full_history,1,pb_activity,2000,all,2023-08,11183,0.011385874288194158,0.0006377590771034009,0.011307037673004944,0.03211277614391807,0.02366534285061821,0.0015259849076725666,0.0234741428822668,0.07674813876392839
full_history,1,pb_activity,2000,all,2023-09,9558,-0.007174803984671238,-0.0004408902311964758,-0.00699734995975119,-0.02176737711517284,-0.016793907361646137,-0.001160900432001832,-0.016735655318700183,-0.05856454560604101
full_history,1,pb_activity,2000,all,2023-10,14953,-0.008789180340282714,-0.00042213155710997617,-0.009036051152732597,-0.02192366593348851,0.005281750121016503,0.00030124041158143715,0.004828317463044759,0.013911319871272993
full_history,1,pb_activity,2000,all,2023-11,11885,-0.014041212685398428,-0.0008799091865888145,-0.01405374471622678,-0.04462714016390129,-0.021501905490294983,-0.0015317803573900218,-0.02167986324856482,-0.07826156944284067
full_history,1,pb_activity,2000,all,2023-12,12560,-0.025171179033902494,-0.0018125862530103986,-0.024906275598872415,-0.09091148068290078,-0.03302911802642195,-0.00271147523274765,-0.032950575983893685,-0.1371155864709817
full_history,1,pb_activity,2000,buy,2023-01,6828,0.03134637263041669,0.0017529548300770613,0.03134637263041667,0.08716495273800824,0.010574837712756862,0.0006957355075312276,0.010574837712756883,0.03459515989322308
full_history,1,pb_activity,2000,buy,2023-02,7174,0.014578328214388692,0.0008461467812394026,0.0145783282143887,0.04207429816825802,-0.006582406394675576,-0.00043606369750891146,-0.006582406394675556,-0.02168308671276741
full_history,1,pb_activity,2000,buy,2023-03,12086,-0.021377540000835995,-0.0008942610508711956,-0.021377540000836016,-0.044466760293648114,-0.02890669831263753,-0.0014618596618030132,-0.028906698312637563,-0.07269036608607808
full_history,1,pb_activity,2000,buy,2023-04,8366,-0.0096348009936224,-0.0004908567845439873,-0.009634800993622397,-0.024407650266736455,-0.012786441082920996,-0.0007627173404134524,-0.01278644108292099,-0.037925803785072584
full_history,1,pb_activity,2000,buy,2023-05,8112,-0.0037812382607639063,-0.0001974633775539971,-0.003781238260763895,-0.009818784646735561,-0.014351507614799603,-0.0008652895671857464,-0.014351507614799629,-0.04302616526925656
full_history,1,pb_activity,2000,buy,2023-06,8212,0.0060293479311235845,0.0003024758722479026,0.006029347931123571,0.015040487442404462,-0.011969927199165323,-0.000695599294532554,-0.011969927199165313,-0.03458838675829226
full_history,1,pb_activity,2000,buy,2023-07,5924,-0.050396430996551514,-0.0028172407688071993,-0.050396430996551556,-0.14008613014510723,-0.03204542196238244,-0.00204100321875691,-0.032045421962382484,-0.10148803953679054
full_history,1,pb_activity,2000,buy,2023-08,5396,0.01691667457423451,0.000927736556333371,0.0169166745742345,0.04613131593502951,0.03637363129066892,0.002295277478771886,0.036373631290668916,0.11413172177914646
full_history,1,pb_activity,2000,buy,2023-09,4818,-0.017617965118811647,-0.0010612328940691393,-0.017617965118811633,-0.05276936602609985,-0.019892050319573,-0.0013500879402052566,-0.019892050319572977,-0.06713256353272529
full_history,1,pb_activity,2000,buy,2023-10,7475,0.005147768590449474,0.0002575656402435377,0.0051477685904495,0.012807344760718032,0.03166817436622143,0.0018802379557571883,0.03166817436622138,0.09349405343352732
full_history,1,pb_activity,2000,buy,2023-11,5767,-0.012831020648402396,-0.0007792561064816797,-0.012831020648402398,-0.038748187076385734,-0.01019881183010991,-0.0007085632256295794,-0.010198811830109906,-0.03523301286159087
full_history,1,pb_activity,2000,buy,2023-12,6094,-0.04122972757209592,-0.002933070204574985,-0.04122972757209594,-0.14584570085459625,-0.03728732324670104,-0.003039223079836404,-0.03728732324670101,-0.1511241086015652
full_history,1,pb_activity,2000,sell,2023-01,6963,0.05881275476935761,0.0032284318626879093,0.058812754769357656,0.1662015616493319,0.001989072758414579,0.0001257286745321917,0.0019890727584145813,0.006472585744446591
full_history,1,pb_activity,2000,sell,2023-02,7686,-0.013266262919061285,-0.0007678234080611227,-0.013266262919061269,-0.0395279983962316,-0.031149162638163468,-0.0020675409018032992,-0.03114916263816348,-0.10643821560089545
full_history,1,pb_activity,2000,sell,2023-03,12401,-0.015078047531224652,-0.0006223458194250887,-0.015078047531224645,-0.03203872699616637,-0.03600454248651272,-0.0017950263549419106,-0.03600454248651273,-0.09240900724621962
full_history,1,pb_activity,2000,sell,2023-04,8814,-0.0002816732586248424,-0.000014261521596685944,-0.0002816732586248432,-0.0007341914779924906,-0.007503799067902162,-0.0004432637391759452,-0.007503799067902152,-0.022819476701678755
full_history,1,pb_activity,2000,sell,2023-05,8198,-0.02402739282379862,-0.0013875520311178577,-0.024027392823798628,-0.07143199059170714,-0.030388428695150505,-0.002050825118989439,-0.0303884286951505,-0.10557767731914848
full_history,1,pb_activity,2000,sell,2023-06,8446,0.031159335615684416,0.0015385097606716146,0.03115933561568445,0.0792033828533307,0.005239956613946278,0.00029976450331288394,0.0052399566139462745,0.015432052060147139
full_history,1,pb_activity,2000,sell,2023-07,6081,0.001051389513004803,0.0000605507783728526,0.0010513895130048103,0.0031171895064472746,0.008736175866805699,0.0005761507678137922,0.008736175866805689,0.029660578704730323
full_history,1,pb_activity,2000,sell,2023-08,5787,0.006563583463936708,0.000374293305199105,0.006563583463936692,0.019268838397347533,0.013343672053259936,0.0008773501211800357,0.01334367205325993,0.045166497685334116
full_history,1,pb_activity,2000,sell,2023-09,4740,0.0031132336866995414,0.00019516872819034774,0.0031132336866995227,0.010047400344804917,-0.013583692043208266,-0.0009556534981095489,-0.013583692043208275,-0.04919760135473794
full_history,1,pb_activity,2000,sell,2023-10,7478,-0.024791197323425343,-0.001136701382051844,-0.024791197323425333,-0.058518052373785885,-0.02427826123295086,-0.0013231225937348884,-0.024278261232950866,-0.06811512544953188
full_history,1,pb_activity,2000,sell,2023-11,6118,-0.01559056460316361,-0.0010047163299539013,-0.0155905646031636,-0.05172338465086761,-0.032461191232186874,-0.002363252586759569,-0.03246119123218688,-0.12166162620023452
full_history,1,pb_activity,2000,sell,2023-12,6466,-0.01141161686339858,-0.0008300803982608015,-0.011411616863398569,-0.042733024686041184,-0.029316484591280303,-0.00241933276451936,-0.029316484591280303,-0.12454866657081533
full_history,2,pb_activity,2000,all,2024-01,13979,0.008108010787645349,0.0004787711910984316,0.008013563942607441,0.029991780395029373,-0.015618147237329027,-0.0010786460846691117,-0.015905336132633074,-0.06962316392928558
full_history,2,pb_activity,2000,all,2024-02,13775,-0.06737881676489565,-0.0034348215391338793,-0.06697188275110498,-0.21593079712562266,-0.06437258809942911,-0.003854225631469118,-0.06419136029597633,-0.24308548480727643
full_history,2,pb_activity,2000,all,2024-03,21877,-0.08708759617300363,-0.004139841301799666,-0.08687022522193494,-0.2615091279520212,-0.07087723922475482,-0.004009720774119635,-0.07082262877880384,-0.25373297229294667
full_history,2,pb_activity,2000,all,2024-04,18649,-0.0893259234781905,-0.005105956512643127,-0.0892130683404254,-0.3230643565385838,-0.07519946754002377,-0.005058751228146516,-0.0751230391765429,-0.32015824252531977
full_history,2,pb_activity,2000,all,2024-05,14889,-0.10163497291118381,-0.006010401381284534,-0.10129771303812497,-0.3793179445755546,-0.07698400689980255,-0.005294891851995945,-0.07684204622365345,-0.33466601701372883
full_history,2,pb_activity,2000,all,2024-06,10654,-0.0611347809867961,-0.004109697078409578,-0.06091217610676927,-0.25935977056692444,-0.0414744684270551,-0.003130153160949715,-0.04115784543842458,-0.19674840719880085
full_history,2,pb_activity,2000,all,2024-07,14745,-0.11092538944475387,-0.007667133295094423,-0.11039036541613556,-0.4827196011179413,-0.0854581917831765,-0.006715175676432205,-0.08506955762910487,-0.42291510453714815
full_history,2,pb_activity,2000,all,2024-08,18034,-0.10101728443230511,-0.005050984044837616,-0.10062792498357977,-0.3185695201778209,-0.06976257967360022,-0.004151617262899313,-0.06948719292370124,-0.2618271121876324
full_history,2,pb_activity,2000,all,2024-09,13910,-0.09069170614346864,-0.005924407761023422,-0.09011131568710729,-0.37281094548188254,-0.0703627867968431,-0.005252849401289821,-0.06985868143483846,-0.33030203708642064
full_history,2,pb_activity,2000,all,2024-10,13913,-0.14639719834389647,-0.00903252772811868,-0.14594917378274488,-0.5697014096421135,-0.12084976282503986,-0.008583211646424645,-0.12063596097907327,-0.5420863167869923
full_history,2,pb_activity,2000,all,2024-11,20166,-0.1663230881591736,-0.008247221694124516,-0.1658736852499051,-0.5204225444875735,-0.10904527088152702,-0.006361190449649312,-0.1087395151520052,-0.40138922155534473
full_history,2,pb_activity,2000,all,2024-12,17807,-0.163089802718253,-0.009457914769391172,-0.16284983915057546,-0.5977959097473852,-0.1079279085746594,-0.0072777281339448645,-0.10775389025687224,-0.4599422413009069
full_history,2,pb_activity,2000,buy,2024-01,6774,0.013944381432717562,0.0007996292671935665,0.013944381432717562,0.049656140188191526,0.0020704953032078775,0.00013900066443767693,0.002070495303207881,0.008631795711772297
full_history,2,pb_activity,2000,buy,2024-02,6869,-0.0877527057753431,-0.004468672292626354,-0.08775270577534308,-0.2774998701542359,-0.07253186702392889,-0.004373537518801111,-0.07253186702392891,-0.2715921003168238
full_history,2,pb_activity,2000,buy,2024-03,10741,-0.09729381479610685,-0.00457125566454007,-0.09729381479610691,-0.2838701901333968,-0.07211354270578356,-0.004045906835312958,-0.0721135427057836,-0.2512465779395113
full_history,2,pb_activity,2000,buy,2024-04,9052,-0.09481043587499924,-0.0053790108211948925,-0.0948104358749992,-0.33403093954838414,-0.07885196644280774,-0.005218961716315309,-0.07885196644280781,-0.32409205772532634
full_history,2,pb_activity,2000,buy,2024-05,7292,-0.11669153026338736,-0.0068797777653527,-0.11669153026338742,-0.4272269953036375,-0.08011443431607737,-0.0055162171427309845,-0.08011443431607733,-0.34255130844485304
full_history,2,pb_activity,2000,buy,2024-06,5259,-0.07314365451068738,-0.004868952664485378,-0.07314365451068736,-0.302356862106735,-0.0583238212147533,-0.004351907005289539,-0.05832382121475331,-0.27024886807741005
full_history,2,pb_activity,2000,buy,2024-07,7216,-0.13934408114862318,-0.009894569216731267,-0.13934408114862318,-0.6144423875981481,-0.10508216627971977,-0.008445599629251116,-0.10508216627971974,-0.5244628934547408
full_history,2,pb_activity,2000,buy,2024-08,8746,-0.12313721261560877,-0.006247439931185482,-0.12313721261560887,-0.3879594779328606,-0.08598651835947436,-0.005150240284122331,-0.08598651835947435,-0.31982452874544753
full_history,2,pb_activity,2000,buy,2024-09,6836,-0.12167320835190137,-0.007960334863321173,-0.1216732083519015,-0.49432845961894917,-0.09722762179401999,-0.007271385303520705,-0.09722762179402003,-0.4515454133653864
full_history,2,pb_activity,2000,buy,2024-10,6808,-0.16700719658118873,-0.010389690815802856,-0.1670071965811887,-0.6451889204507892,-0.12772114796285233,-0.009181644119760522,-0.12772114796285222,-0.5701704855914775
full_history,2,pb_activity,2000,buy,2024-11,9942,-0.19037853702957705,-0.009666972473832332,-0.19037853702957705,-0.6003088681842952,-0.12507858851607753,-0.007464834735846661,-0.12507858851607748,-0.46355842054884944
full_history,2,pb_activity,2000,buy,2024-12,8632,-0.1749368436043259,-0.010311283733001187,-0.17493684360432593,-0.6403199227101096,-0.11538511738131492,-0.007918852874190791,-0.11538511738131488,-0.49175247153040325
full_history,2,pb_activity,2000,sell,2024-01,7205,0.003334813300677268,0.00020204602033234873,0.0033348133006772794,0.013019957546412239,-0.030835724439376946,-0.0021817732464483666,-0.030835724439376957,-0.14059467738057513
full_history,2,pb_activity,2000,sell,2024-02,6906,-0.046336276078707446,-0.002365221013996821,-0.04633627607870748,-0.1524161532083896,-0.05534017786466901,-0.003288439268353894,-0.05534017786466901,-0.21190884926857223
full_history,2,pb_activity,2000,sell,2024-03,11136,-0.0774843348579034,-0.003722960092724592,-0.07748433485790344,-0.2399096120504003,-0.06995122592163965,-0.003985412465693344,-0.06995122592163966,-0.25682218844456745
full_history,2,pb_activity,2000,sell,2024-04,9597,-0.08414914820501078,-0.0048429569696046,-0.08414914820501071,-0.3120828316223835,-0.07193925166216386,-0.004914269459425911,-0.07193925166216386,-0.3166782479957184
full_history,2,pb_activity,2000,sell,2024-05,7597,-0.0879336349830568,-0.005217737133099104,-0.08793363498305676,-0.3362338731024844,-0.07416351419395037,-0.005098960475255966,-0.07416351419395034,-0.3285798394319445
full_history,2,pb_activity,2000,sell,2024-06,5395,-0.05002401406040686,-0.00339344895736028,-0.050024014060406824,-0.21867573183609867,-0.026387670580756178,-0.002013165196016723,-0.026387670580756167,-0.12972948114957644
full_history,2,pb_activity,2000,sell,2024-07,7529,-0.08320654102104162,-0.005604240185627473,-0.08320654102104161,-0.3611403440500461,-0.06655917947140932,-0.00511722418013162,-0.06655917947140932,-0.3297567626978919
full_history,2,pb_activity,2000,sell,2024-08,9288,-0.08074616782573904,-0.0039838163297331065,-0.08074616782573905,-0.2567193325585351,-0.05484594224361972,-0.003245475160547115,-0.054845942243619716,-0.20914021834605465
full_history,2,pb_activity,2000,sell,2024-09,7074,-0.0624507119219898,-0.004074399182585946,-0.06245071192198987,-0.26255654180738286,-0.04622167505637676,-0.0034456143365499325,-0.046221675056376754,-0.22203729778688838
full_history,2,pb_activity,2000,sell,2024-10,7105,-0.12587869740391402,-0.007706848398242169,-0.1258786974039141,-0.4966335827683837,-0.11358070553010537,-0.007970102616624525,-0.11358070553010532,-0.5135978305254747
full_history,2,pb_activity,2000,sell,2024-11,10224,-0.1437476404154759,-0.006966128745637081,-0.14374764041547602,-0.44890119776595877,-0.09484849830325127,-0.005413110345437705,-0.09484849830325123,-0.3488238312029732
full_history,2,pb_activity,2000,sell,2024-12,9175,-0.15230039188258024,-0.008699713885592073,-0.1523003918825803,-0.5606143851288049,-0.10152442367409827,-0.006738013296547442,-0.10152442367409831,-0.4342013117798731
full_history,3,pb_activity,2000,all,2025-01,17410,-0.11451840381075003,-0.006284934568180287,-0.1144125473863215,-0.34686793802557514,-0.07939107151115199,-0.005030734174320236,-0.07922247722632027,-0.2773136607759095
full_history,3,pb_activity,2000,all,2025-02,14636,-0.09941511922739642,-0.00539770802469663,-0.09925554583894149,-0.29767768186942434,-0.061171110628468174,-0.0038888812934287837,-0.06084950208915649,-0.21367821345001822
full_history,3,pb_activity,2000,all,2025-03,17849,-0.10686204491224303,-0.005639660083387657,-0.10676052357188076,-0.3109765560038427,-0.05212832099685285,-0.0032241422302542603,-0.051957331601879514,-0.17736586955466033
full_history,3,pb_activity,2000,all,2025-04,15901,-0.12954976680326769,-0.00770789503030036,-0.12881334638225442,-0.4229015159915252,-0.07794284378666419,-0.005398050869670821,-0.07735790838789271,-0.295645627792672
full_history,3,pb_activity,2000,all,2025-05,13724,-0.1259099177384356,-0.008919727609504234,-0.1251909120871296,-0.49009455007607416,-0.09260381563362435,-0.007353712888381403,-0.0920545087772806,-0.40398012619352996
full_history,3,pb_activity,2000,all,2025-06,11468,-0.12161776203766593,-0.00881896154148887,-0.1210837353289827,-0.4844858894067823,-0.0999599421143671,-0.008160023376748022,-0.09945847414042719,-0.44800962331384087
full_history,3,pb_activity,2000,all,2025-07,11518,-0.12100771663569532,-0.008993044386866414,-0.12081232751973554,-0.4957223089912003,-0.08885841650648903,-0.007356204000313621,-0.08854690607996896,-0.4047201256324837
full_history,3,pb_activity,2000,all,2025-08,11276,-0.13425038509775586,-0.01050118484281973,-0.13445648381032232,-0.5812175117349535,-0.1083768973669882,-0.009528436225599811,-0.10864842649692992,-0.5278925671332477
full_history,3,pb_activity,2000,all,2025-09,8840,-0.10957594922069308,-0.009526975911690678,-0.10938515929793208,-0.52568762602165,-0.07935983346831578,-0.007595390943069136,-0.0793503057235268,-0.4198020869794581
full_history,3,pb_activity,2000,all,2025-10,14949,-0.10971415934825535,-0.0072422947543568025,-0.10975248327691947,-0.4000430483950751,-0.0745022876610565,-0.005696794408323749,-0.07451915702639732,-0.31463393483110064
full_history,3,pb_activity,2000,all,2025-11,16559,-0.1536576991019934,-0.008715966523029712,-0.15377231087734594,-0.48168500018158716,-0.11147619788016987,-0.007439871439197015,-0.11128000131903701,-0.4101083612056019
full_history,3,pb_activity,2000,all,2025-12,13647,-0.0989064462151288,-0.006252934229151021,-0.09866584517999784,-0.3446821951823947,-0.0611241686206032,-0.004510813370887366,-0.0609139343526289,-0.24840247047589945
full_history,3,pb_activity,2000,buy,2025-01,8470,-0.11924223555826655,-0.006587433918346816,-0.11924223555826662,-0.35617246054291724,-0.08805014257557235,-0.005598087803841278,-0.08805014257557217,-0.30268003173075164
full_history,3,pb_activity,2000,buy,2025-02,7139,-0.10921520932973625,-0.006020864352040055,-0.1092152093297362,-0.32553891203198876,-0.07841337900347299,-0.005044353410655479,-0.07841337900347298,-0.27274046136801455
full_history,3,pb_activity,2000,buy,2025-03,8830,-0.1118797203504469,-0.005974104702771461,-0.11187972035044692,-0.3230106894280802,-0.05950257164590535,-0.0037280533280005077,-0.05950257164590532,-0.20157013236534826
full_history,3,pb_activity,2000,buy,2025-04,7968,-0.16388103102756985,-0.009859515070147382,-0.16388103102756976,-0.5330888758540535,-0.10484370770792077,-0.007371902723359938,-0.10484370770792077,-0.3985874870864861
full_history,3,pb_activity,2000,buy,2025-05,6726,-0.15984512173221443,-0.011326797800843015,-0.15984512173221438,-0.6124226053429326,-0.1182224614723198,-0.009384254179770138,-0.11822246147231964,-0.5073922475730427
full_history,3,pb_activity,2000,buy,2025-06,5659,-0.1474552083656585,-0.011070301029138958,-0.14745520836565845,-0.5985542178294416,-0.12303290265942658,-0.010486440585790098,-0.12303290265942658,-0.5669857780850881
full_history,3,pb_activity,2000,buy,2025-07,5565,-0.12763466448825747,-0.009624671052635913,-0.12763466448825742,-0.5203912195894673,-0.10067670456274606,-0.008436861863010809,-0.1006767045627461,-0.4561681963351505
full_history,3,pb_activity,2000,buy,2025-08,5435,-0.12458544868263735,-0.009810919488672581,-0.1245854486826373,-0.5304613872082566,-0.09342836854303191,-0.008203414070572124,-0.09342836854303191,-0.4435460318213447
full_history,3,pb_activity,2000,buy,2025-09,4223,-0.11499487057838399,-0.010096098051370317,-0.11499487057838405,-0.5458805552225651,-0.07559890444410965,-0.007305203967840136,-0.07559890444410965,-0.3949811875526913
full_history,3,pb_activity,2000,buy,2025-10,7260,-0.1078377312589187,-0.007239540715473591,-0.10783773125891868,-0.39143087608808497,-0.07144595780887011,-0.005550647526105178,-0.07144595780887007,-0.30011500858827334
full_history,3,pb_activity,2000,buy,2025-11,7951,-0.14885557376650155,-0.008579349897784989,-0.1488555737665016,-0.46387230609511326,-0.1189354011527951,-0.008011602591412863,-0.1189354011527951,-0.4331750789830542
full_history,3,pb_activity,2000,buy,2025-12,6718,-0.11117700889354708,-0.007023248801435924,-0.11117700889354712,-0.37973630363798805,-0.07253848686518317,-0.005349958070829979,-0.07253848686518322,-0.28926403718174365
full_history,3,pb_activity,2000,sell,2025-01,8940,-0.11007516587450453,-0.0060029103759968545,-0.1100751658745045,-0.33818630108719605,-0.07122483764868076,-0.004498799306492747,-0.07122483764868079,-0.25344911076467186
full_history,3,pb_activity,2000,sell,2025-02,7497,-0.09024030527395108,-0.004831502520744086,-0.09024030527395112,-0.2721926305475734,-0.04478621987856143,-0.00281598207032989,-0.04478621987856142,-0.1586441410321048
full_history,3,pb_activity,2000,sell,2025-03,9019,-0.10178783455245628,-0.0053082394351213254,-0.10178783455245621,-0.2990505850340566,-0.044530338604301466,-0.002718533352540084,-0.044530338604301486,-0.1531541671109879
full_history,3,pb_activity,2000,sell,2025-04,7933,-0.09370506630111859,-0.005510109396079878,-0.09370506630111858,-0.31042334443259306,-0.04995169002463613,-0.0034051127223357607,-0.04995169002463615,-0.19183402786693338
full_history,3,pb_activity,2000,sell,2025-05,6998,-0.09471445253723636,-0.006708019282798143,-0.09471445253723652,-0.3779100614165623,-0.06966926754889764,-0.005534114545457061,-0.06966926754889759,-0.31177572388962715
full_history,3,pb_activity,2000,sell,2025-06,5809,-0.09578709966817203,-0.006713834793970663,-0.09578709966817205,-0.378237690198133,-0.0770311743454403,-0.006032824752328212,-0.07703117434544024,-0.33987158899708797
full_history,3,pb_activity,2000,sell,2025-07,5953,-0.11541360257361882,-0.008457105673987204,-0.11541360257361864,-0.47644844028082317,-0.0774088482873809,-0.006335129513893796,-0.07740884828738097,-0.35690254943316385
full_history,3,pb_activity,2000,sell,2025-08,5841,-0.14239400690555468,-0.011061903428508206,-0.14239400690555476,-0.6231950785788183,-0.1229124183746514,-0.010811227457482666,-0.12291241837465146,-0.6090727322330275
full_history,3,pb_activity,2000,sell,2025-09,4617,-0.10606343870017171,-0.009144525506081181,-0.10606343870017168,-0.515175650208764,-0.08444091847946268,-0.008013394199852761,-0.08444091847946265,-0.45145104188762203
full_history,3,pb_activity,2000,sell,2025-10,7689,-0.11183323247762203,-0.007259375683027908,-0.11183323247762218,-0.40897185809439324,-0.0778819057076846,-0.0058643180475978504,-0.07788190570768455,-0.33037841725009365
full_history,3,pb_activity,2000,sell,2025-11,8608,-0.15820248458539746,-0.008833806652684103,-0.15820248458539748,-0.4976706646056825,-0.10479477032339937,-0.0069281149295360575,-0.10479477032339933,-0.39030960230481504
full_history,3,pb_activity,2000,sell,2025-12,6929,-0.08767833698353097,-0.0055474472809632245,-0.087678336983531,-0.31252685096329336,-0.05072311065676641,-0.003746071520916251,-0.05072311065676641,-0.21104264297072323
full_history,4,pb_activity,2000,all,2026-01,11623,-0.06347184323326693,-0.004559036041530217,-0.06363324524581249,-0.2085940740995455,-0.05338407271448707,-0.004441763590752451,-0.05353348801836228,-0.20328012654562055
full_history,4,pb_activity,2000,all,2026-02,18093,-0.11269953827507842,-0.00542909154773506,-0.11237440215002403,-0.2467238087049225,-0.07846579002299534,-0.004472101420451543,-0.07810554100270181,-0.2028850578743021
full_history,4,pb_activity,2000,all,2026-03,15883,-0.08872799495806565,-0.00583427625010934,-0.08834264321515287,-0.26456861188661024,-0.05310691192950864,-0.004117920141546003,-0.05302086647975039,-0.18725585458363272
full_history,4,pb_activity,2000,all,2026-04,11257,-0.11145425473473154,-0.008381974833108067,-0.111391366911789,-0.3816990323715456,-0.0918848856529506,-0.007950834396051702,-0.09202212208504662,-0.3628201977309348
full_history,4,pb_activity,2000,all,2026-05,9857,-0.10892579284685407,-0.009133173084402606,-0.10864729745101635,-0.41524721727457425,-0.0917484904753186,-0.008666347441627418,-0.09167927935945616,-0.39474618296947445
full_history,4,pb_activity,2000,buy,2026-01,5795,-0.05614128791397563,-0.003995687396483222,-0.056141287913975615,-0.17802654617360059,-0.04601099478778061,-0.003742388203049485,-0.04601099478778067,-0.16674088338745363
full_history,4,pb_activity,2000,buy,2026-02,9069,-0.13045330616346124,-0.006393543959477263,-0.13045330616346126,-0.2848622617266359,-0.0975443231844918,-0.005642487057677153,-0.09754432318449187,-0.2513991669097088
full_history,4,pb_activity,2000,buy,2026-03,8061,-0.10840161215797654,-0.007350516411859079,-0.1084016121579766,-0.3274998566072469,-0.06205797992570201,-0.004950445290570947,-0.06205797992570208,-0.22056547213312833
full_history,4,pb_activity,2000,buy,2026-04,5831,-0.112929361952263,-0.008355811096934384,-0.112929361952263,-0.3722904327739792,-0.08383681335796986,-0.007150353677047306,-0.08383681335796986,-0.31858167137019233
full_history,4,pb_activity,2000,buy,2026-05,4912,-0.12079156242925647,-0.010193837202791106,-0.12079156242925627,-0.4541830852599027,-0.09437657897904678,-0.008957212250336589,-0.09437657897904674,-0.3990856646280145
full_history,4,pb_activity,2000,sell,2026-01,5828,-0.07058079466347522,-0.005116769495114333,-0.0705807946634752,-0.23852697031682404,-0.060318008248147835,-0.005134648243644157,-0.06031800824814784,-0.23936041878933145
full_history,4,pb_activity,2000,sell,2026-02,9024,-0.09621201217421889,-0.004556174033679838,-0.09621201217421886,-0.21239385309960143,-0.06114768735464664,-0.0034345068331361546,-0.06114768735464656,-0.16010541616592633
full_history,4,pb_activity,2000,sell,2026-03,7822,-0.06917129453258251,-0.004398267961363119,-0.0691712945325824,-0.20503279119124304,-0.046487145204480655,-0.0034948231066062384,-0.04648714520448065,-0.16291716251982352
full_history,4,pb_activity,2000,sell,2026-04,5426,-0.11088883647266146,-0.008474071618892715,-0.11088883647266162,-0.3950333567756502,-0.10065690898249766,-0.00882784079647639,-0.10065690898249759,-0.4115249126686958
full_history,4,pb_activity,2000,sell,2026-05,4945,-0.09692390177823246,-0.008067824873226487,-0.09692390177823236,-0.3760954692008125,-0.08901922604749817,-0.008358819554318477,-0.08901922604749811,-0.38966068446514246
post_2021,1,pb_activity,2000,all,2023-01,13791,0.07839812550018699,0.004372443782901518,0.07854136509215741,0.2543139423345934,0.031239295837539517,0.0019917555338408058,0.031115974304079162,0.11517218114886793
post_2021,1,pb_activity,2000,all,2023-02,14860,0.028838468141896688,0.001674534894562685,0.028585765264628433,0.09652383509475539,0.002554453869975291,0.00016688276701937383,0.0023231214877045938,0.008825719833792146
post_2021,1,pb_activity,2000,all,2023-03,24487,0.010268141757876634,0.00042711547132899205,0.01030476442636811,0.02490852553989404,-0.012490562602833835,-0.0006178123802982729,-0.01252261680502984,-0.03599344215072674
post_2021,1,pb_activity,2000,all,2023-04,17180,0.0276186271691897,0.0014063788400156079,0.02766641343819336,0.08188595974354447,0.011714739728367162,0.0006864720343726102,0.01170402020904979,0.03986390032778811
post_2021,1,pb_activity,2000,all,2023-05,16310,0.02014489817088314,0.001111977416929601,0.01991532640525828,0.06397831297420886,-0.00008721301303380512,-5.5014523644251624e-6,-0.00022365010044160595,-0.0008210785221387494
post_2021,1,pb_activity,2000,all,2023-06,16658,0.05176342523166292,0.0025839576022308078,0.05197679772853805,0.15077360656011393,0.021089078090219187,0.0012010145960091167,0.021267154881219132,0.07037988263127296
post_2021,1,pb_activity,2000,all,2023-07,12005,0.014727001179321327,0.0008378457842355227,0.01514193907283848,0.05010128025034511,0.01541289194386444,0.0009877048318185208,0.015736413421459428,0.05864995759425737
post_2021,1,pb_activity,2000,all,2023-08,11183,0.05412868974223747,0.0030426908773021773,0.05400460559049372,0.1766898567430244,0.05180190478189161,0.0032995611205309874,0.051616791963585984,0.19136030404478555
post_2021,1,pb_activity,2000,all,2023-09,9558,0.03412720743112178,0.002106847173143435,0.03426518569707057,0.12293872078329132,0.014544689866235354,0.0009951665602058678,0.014620796847998954,0.058138271271349684
post_2021,1,pb_activity,2000,all,2023-10,14953,0.028796331596904645,0.0013872068555062307,0.028542342348621127,0.07973919312051746,0.029593324111800517,0.001662186343423565,0.02912530126144778,0.09487083660537657
post_2021,1,pb_activity,2000,all,2023-11,11885,0.020513220086833543,0.0012893472039290394,0.020450706955116325,0.07477168653706566,0.001617352333003307,0.00011385979957949849,0.0014256189374248244,0.005837912413531835
post_2021,1,pb_activity,2000,all,2023-12,12560,0.005750374134644973,0.00041488920389010016,0.005976579574354728,0.025091847417054766,-0.011432396670644433,-0.0009281600103384761,-0.011388327009829535,-0.053800408534652566
post_2021,1,pb_activity,2000,buy,2023-01,6828,0.06792818274105777,0.003823486769019162,0.06792818274105772,0.2183917615196748,0.03586064906176188,0.0023318088722297904,0.03586064906176184,0.13318938390470939
post_2021,1,pb_activity,2000,buy,2023-02,7174,0.0442916589521143,0.002574620723099264,0.04429165895211436,0.14705842832220592,0.017353580658288004,0.00113294887775644,0.01735358065828798,0.06471232047402632
post_2021,1,pb_activity,2000,buy,2023-03,12086,0.007647293813743084,0.00032036285555557705,0.0076472938137430516,0.01829864010964093,-0.010388483735980903,-0.0005168145603647719,-0.010388483735980905,-0.02951966334279556
post_2021,1,pb_activity,2000,buy,2023-04,8366,0.024255761710080263,0.0012392863793462992,0.024255761710080283,0.07078615718139594,0.011810812472185886,0.0006958629773555981,0.011810812472185883,0.03974663718791939
post_2021,1,pb_activity,2000,buy,2023-05,8112,0.033361071904645295,0.0017465630159923193,0.03336107190464527,0.09976102879663631,0.008812590022953554,0.000523469969138002,0.00881259002295354,0.029899810191320444
post_2021,1,pb_activity,2000,buy,2023-06,8212,0.03878631163935194,0.001950269428473486,0.03878631163935195,0.11139642992188405,0.010727994080986732,0.0006160788331664507,0.010727994080986724,0.035189487956492176
post_2021,1,pb_activity,2000,buy,2023-07,5924,-0.011311669445163814,-0.0006322452434689019,-0.011311669445163808,-0.03611288877796482,-0.004036956123654224,-0.000253262320997008,-0.004036956123654227,-0.014465959410992437
post_2021,1,pb_activity,2000,buy,2023-08,5396,0.0608113202027102,0.0033470041188179986,0.060811320202710156,0.1911757956755744,0.06300781171414806,0.003920896727345304,0.06300781171414804,0.22395567050473486
post_2021,1,pb_activity,2000,buy,2023-09,4818,0.024865510258433945,0.0015038455266488842,0.024865510258433938,0.08589737416629904,0.00941376112757508,0.0006319332503537434,0.009413761127575044,0.03609506820472439
post_2021,1,pb_activity,2000,buy,2023-10,7475,0.04453090075430342,0.0022381910394540807,0.04453090075430339,0.1278420753759587,0.057700797708856964,0.003384811815391333,0.057700797708856985,0.1933353139248739
post_2021,1,pb_activity,2000,buy,2023-11,5767,0.023251903954404574,0.0014158820655754954,0.023251903954404556,0.08087303476780996,0.012233309540925028,0.0008396372515113399,0.012233309540925026,0.04795880552821675
post_2021,1,pb_activity,2000,buy,2023-12,6094,-0.00898838200037269,-0.0006399212165948339,-0.00898838200037268,-0.03655132871345329,-0.013748186610485958,-0.0011073085409477586,-0.013748186610485965,-0.0632477833486522
post_2021,1,pb_activity,2000,sell,2023-01,6963,0.08889111960174702,0.00490972960913528,0.08889111960174696,0.2899990353691851,0.027214665100107022,0.0016985516576476902,0.02721466510010699,0.10032697958071775
post_2021,1,pb_activity,2000,sell,2023-02,7686,0.014850249845086778,0.0008611200585735257,0.014850249845086733,0.05086308334754936,-0.010939775331283982,-0.0007149668894212281,-0.010939775331283994,-0.04223037208959055
post_2021,1,pb_activity,2000,sell,2023-03,12401,0.012782575280704228,0.0005280895265667464,0.012782575280704225,0.03119223775744725,-0.014413617224154225,-0.0007091408214455603,-0.014413617224154235,-0.04188624843565348
post_2021,1,pb_activity,2000,sell,2023-04,8814,0.03053958166191916,0.0015503336485689374,0.030539581661919155,0.09157230608969628,0.01133084842608582,0.0006607272234840021,0.011330848426085815,0.03902664152746848
post_2021,1,pb_activity,2000,sell,2023-05,8198,0.008114507387477404,0.00046987527242083743,0.008114507387477378,0.027753743402149415,-0.00819552382340703,-0.0005461435831518909,-0.008195523823407031,-0.03225862214335122
post_2021,1,pb_activity,2000,sell,2023-06,8446,0.06429755179499612,0.003187208292787556,0.06429755179499615,0.1882562593079026,0.031031877053595336,0.001752506053161445,0.03103187705359535,0.10351386030502552
post_2021,1,pb_activity,2000,sell,2023-07,6081,0.038603340940854214,0.0022322517349738697,0.03860334094085426,0.13185061121067032,0.03369454526473926,0.002203250424551543,0.033694545264739265,0.13013761421970188
post_2021,1,pb_activity,2000,sell,2023-08,5787,0.0483379387429157,0.0027661513404533353,0.04833793874291568,0.1633860282089809,0.04249956803870571,0.0027639326767027583,0.042499568038705686,0.16325498018827547
post_2021,1,pb_activity,2000,sell,2023-09,4740,0.04325753007958881,0.002726069827339152,0.043257530079588824,0.1610185658302741,0.01989348206160902,0.0013867445470545743,0.01989348206160902,0.08190972069032798
post_2021,1,pb_activity,2000,sell,2023-10,7478,0.010732238160434532,0.000492613023494782,0.010732238160434518,0.029096775789440067,-0.002008569445327806,-0.00010737945806296629,-0.002008569445327818,-0.006342495765710921
post_2021,1,pb_activity,2000,sell,2023-11,6118,0.017608601136485387,0.0011384505486851798,0.017608601136485373,0.06724393952773475,-0.008697661318313057,-0.0006257851106641782,-0.008697661318313066,-0.036962743957089886
post_2021,1,pb_activity,2000,sell,2023-12,6466,0.018373085064402803,0.0013403032560450627,0.01837308506440281,0.07916661044470492,-0.00930577979088981,-0.0007597490487562489,-0.009305779790889805,-0.04487548374395571
post_2021,2,pb_activity,2000,all,2024-01,13979,0.028180409172020315,0.001665797981861486,0.028061506688655452,0.11594292112529705,-0.0019215771033441363,-0.00013132541575725011,-0.0022297806418303157,-0.010651422571652934
post_2021,2,pb_activity,2000,all,2024-02,13775,-0.045765471787651446,-0.002330700302670787,-0.04538359398098097,-0.16121259596040535,-0.05160302777168966,-0.0030535656558145627,-0.051428863378785335,-0.21227127526849168
post_2021,2,pb_activity,2000,all,2024-03,21877,-0.0691838969753753,-0.0032834643738445424,-0.06898599588349741,-0.22865507506797267,-0.0599334601895804,-0.003343869942663058,-0.0598494046027633,-0.2332044581194084
post_2021,2,pb_activity,2000,all,2024-04,18649,-0.07145542600182303,-0.004076581644385258,-0.07134484295543994,-0.2843705646324876,-0.0651035692747636,-0.004323762233723369,-0.06503550227043675,-0.3017658153948726
post_2021,2,pb_activity,2000,all,2024-05,14889,-0.08036613977733738,-0.0047419229913465795,-0.08005715147256232,-0.3298651781384392,-0.06458964567618311,-0.004396411519928416,-0.06444983322039208,-0.30635092260500524
post_2021,2,pb_activity,2000,all,2024-06,10654,-0.03695385420290937,-0.0024807582336511497,-0.03674048233267958,-0.17228408508836093,-0.02557434716613841,-0.00190948671190954,-0.025252288489101552,-0.13169993866063207
post_2021,2,pb_activity,2000,all,2024-07,14745,-0.09136053434924574,-0.006298484754491052,-0.09083671416063943,-0.43693134093151165,-0.07343147806628271,-0.005705931574166892,-0.07304165937214174,-0.39600342096807817
post_2021,2,pb_activity,2000,all,2024-08,18034,-0.08119108576288309,-0.004050778746751739,-0.08080237400371007,-0.28149287212057594,-0.06021797547657422,-0.0035363258336122082,-0.05993785108457838,-0.24578027817370543
post_2021,2,pb_activity,2000,all,2024-09,13910,-0.06903354855052155,-0.004500091652031438,-0.06845995196749279,-0.3117000844046335,-0.05704705116550264,-0.004200331265454899,-0.05655157076695072,-0.2908295826360124
post_2021,2,pb_activity,2000,all,2024-10,13913,-0.12341448715739753,-0.007583710746533743,-0.12300171699708529,-0.5273673995383937,-0.10658398615600327,-0.007463762813530731,-0.10636503704020212,-0.5197125149361683
post_2021,2,pb_activity,2000,all,2024-11,20166,-0.14744989843583406,-0.007278862217493154,-0.14699467546011602,-0.5063441715688263,-0.10024640593152723,-0.005753861247745446,-0.09992948452034137,-0.40024822016211575
post_2021,2,pb_activity,2000,all,2024-12,17807,-0.14410878304387445,-0.008319996554976948,-0.14387057285202343,-0.5798328573650858,-0.10017096953696328,-0.0066626342402305826,-0.09997273277074031,-0.4641841105005838
post_2021,2,pb_activity,2000,buy,2024-01,6774,0.03495906587391506,0.0020065035399509505,0.03495906587391507,0.13742474663050544,0.016575786756902654,0.0011024806945316695,0.016575786756902654,0.07550852868903585
post_2021,2,pb_activity,2000,buy,2024-02,6869,-0.06556833915608998,-0.0033332045225923017,-0.06556833915608996,-0.2282900467726559,-0.060028310786707166,-0.003576028441678294,-0.060028310786707194,-0.24492097459899528
post_2021,2,pb_activity,2000,buy,2024-03,10741,-0.07874357774084524,-0.003691841991144988,-0.07874357774084519,-0.25285300530561894,-0.0631976644746793,-0.0034975325483709665,-0.06319766447467931,-0.239544817500584
post_2021,2,pb_activity,2000,buy,2024-04,9052,-0.07691842152265527,-0.004354292414237853,-0.0769184215226552,-0.29822401000917076,-0.06819694574308208,-0.004463750905637538,-0.06819694574308215,-0.3057207849451008
post_2021,2,pb_activity,2000,buy,2024-05,7292,-0.09475640774772935,-0.005568767267498425,-0.09475640774772934,-0.3814029806291451,-0.0685362077327202,-0.004674134511180106,-0.06853620773272029,-0.3201298867040772
post_2021,2,pb_activity,2000,buy,2024-06,5259,-0.04878982971840215,-0.003242916429580434,-0.04878982971840218,-0.22210624591765682,-0.043032966440483496,-0.0031768136761504955,-0.043032966440483565,-0.21757889076436848
post_2021,2,pb_activity,2000,buy,2024-07,7216,-0.11935001136075829,-0.00844710669225055,-0.11935001136075823,-0.5785394711896475,-0.0938426434364672,-0.007441928894189255,-0.09384264343646712,-0.509695184864312
post_2021,2,pb_activity,2000,buy,2024-08,8746,-0.10332217618536348,-0.005227594400955728,-0.10332217618536345,-0.3580361667619841,-0.07642820995857191,-0.004524724749203346,-0.07642820995857191,-0.3098968628020699
post_2021,2,pb_activity,2000,buy,2024-09,6836,-0.1002093645251619,-0.0065383964585843755,-0.10020936452516187,-0.4478125549246313,-0.08408013859986259,-0.006189613226275913,-0.08408013859986249,-0.4239245096884235
post_2021,2,pb_activity,2000,buy,2024-10,6808,-0.14280391239615453,-0.00883866782255227,-0.1428039123961546,-0.6053573601445724,-0.11472403684637214,-0.00813573080902307,-0.1147240368463722,-0.5572134425994204
post_2021,2,pb_activity,2000,buy,2024-11,9942,-0.17198553790522167,-0.00869253329936849,-0.17198553790522175,-0.5953486562361849,-0.11681856984900803,-0.0068716058967487285,-0.1168185698490082,-0.47063395628420657
post_2021,2,pb_activity,2000,buy,2024-12,8632,-0.1561099309456239,-0.009158980055007902,-0.1561099309456238,-0.6272954362612697,-0.1092859268996639,-0.007402502976261643,-0.10928592689966393,-0.5069949171229405
post_2021,2,pb_activity,2000,sell,2024-01,7205,0.022601902285800175,0.0013710105135168109,0.022601902285800182,0.09742308523489059,-0.0177297877236145,-0.0012398442928679223,-0.017729787723614502,-0.08810250179061312
post_2021,2,pb_activity,2000,sell,2024-02,6906,-0.025396246583638676,-0.0012960108029630804,-0.025396246583638718,-0.09209365623209939,-0.04219117156151668,-0.0024790323249233946,-0.042191171561516666,-0.1761583701291576
post_2021,2,pb_activity,2000,sell,2024-03,11136,-0.06019440462455684,-0.0028888848723371487,-0.06019440462455682,-0.2052822165670701,-0.05713815036701098,-0.003210740646697085,-0.057138150367010976,-0.22815307148004763
post_2021,2,pb_activity,2000,sell,2024-04,9597,-0.06629573742024672,-0.0038090328888537267,-0.06629573742024665,-0.2706673159211685,-0.062401059557540266,-0.004201029801064974,-0.062401059557540245,-0.2985223529275656
post_2021,2,pb_activity,2000,sell,2024-05,7597,-0.06734813780421217,-0.003990669000874459,-0.06734813780421203,-0.28357425591081054,-0.06089489328134398,-0.0041402453817611295,-0.060894893281343974,-0.2942030529627523
post_2021,2,pb_activity,2000,sell,2024-06,5395,-0.026001490933424035,-0.0017616295500599165,-0.02600149093342404,-0.1251802113227812,-0.009882267059865344,-0.0007458739016416697,-0.00988226705986534,-0.053001297931495224
post_2021,2,pb_activity,2000,sell,2024-07,7529,-0.06410276656838909,-0.0043094306253477965,-0.06410276656838904,-0.306225242613326,-0.05384137379501635,-0.004101981092478279,-0.053841373795016315,-0.2914840182948901
post_2021,2,pb_activity,2000,sell,2024-08,9288,-0.060929664413472175,-0.003001204783277644,-0.06092966441347214,-0.2132635939155649,-0.045272375695725446,-0.0026396157986464325,-0.045272375695725404,-0.18756932379697752
post_2021,2,pb_activity,2000,sell,2024-09,7074,-0.040654177373339775,-0.002648196376896593,-0.04065417737333975,-0.18817905391792722,-0.03279856865949607,-0.002415470203485839,-0.032798568659496104,-0.17164168851842576
post_2021,2,pb_activity,2000,sell,2024-10,7105,-0.10422374784090398,-0.006362033414304241,-0.10422374784090396,-0.45208181664420477,-0.0982550914441073,-0.00679686360542718,-0.09825509144410721,-0.4829805576493403
post_2021,2,pb_activity,2000,sell,2024-11,10224,-0.12441908526825338,-0.006003669183717254,-0.12441908526825336,-0.4266166953797033,-0.08542400162122273,-0.004788471380338532,-0.08542400162122277,-0.3402655565601064
post_2021,2,pb_activity,2000,sell,2024-12,9175,-0.13318589071325138,-0.007575282125791817,-0.1331858907132514,-0.5382944543045695,-0.0922744859606437,-0.006037030321285961,-0.09227448596064369,-0.4289873153835953
post_2021,3,pb_activity,2000,all,2025-01,17410,-0.09724851070729373,-0.00532431042174257,-0.09713665750105649,-0.32278763934739085,-0.0683427812551724,-0.004281147943188245,-0.06817522254066129,-0.2592068980148257
post_2021,3,pb_activity,2000,all,2025-02,14636,-0.0818599446996655,-0.004434673284921191,-0.08167860372828735,-0.26854916324630423,-0.05076430901585831,-0.0031876220124103967,-0.05044662167939776,-0.19224667953492075
post_2021,3,pb_activity,2000,all,2025-03,17849,-0.0892282710103976,-0.004696679011254981,-0.08912139623862125,-0.2844777167372324,-0.042048509928006635,-0.0025685263214371055,-0.04188067389691286,-0.1551391041344072
post_2021,3,pb_activity,2000,all,2025-04,15901,-0.11256266680157732,-0.006674949925633345,-0.11181702797945514,-0.40202065347294985,-0.06977224457265992,-0.004782908810356993,-0.0691768406098853,-0.2875280498228492
post_2021,3,pb_activity,2000,all,2025-05,13724,-0.10967674426324645,-0.007747306627534842,-0.1089563203369311,-0.46731722911697365,-0.08318447780058966,-0.006531213880314463,-0.08261736607530577,-0.39387919607443894
post_2021,3,pb_activity,2000,all,2025-06,11468,-0.10316266610096486,-0.007458253645204394,-0.10262901137170403,-0.449844607762147,-0.08909438003125546,-0.007202215357119119,-0.08858924434479246,-0.4341883506207919
post_2021,3,pb_activity,2000,all,2025-07,11518,-0.10237107463667207,-0.007583596640758041,-0.10219149920954027,-0.4592371757268582,-0.07647245871977222,-0.006267738719494337,-0.07618027412444234,-0.3787621803821825
post_2021,3,pb_activity,2000,all,2025-08,11276,-0.11679371533690901,-0.00910516788215593,-0.11698996358324032,-0.5537840240220299,-0.09865149825248157,-0.008592757736999884,-0.09892055616425394,-0.523168183713808
post_2021,3,pb_activity,2000,all,2025-09,8840,-0.09057144007713289,-0.007849939823867804,-0.09039220849941323,-0.47580457298333073,-0.06615544224378364,-0.006284666898187049,-0.06617614442860907,-0.3818175708185325
post_2021,3,pb_activity,2000,all,2025-10,14949,-0.09330575855914423,-0.006143423475119426,-0.09335186569474377,-0.37290292493058025,-0.06400426357976347,-0.004842543535771513,-0.06403471697146938,-0.29393344505284225
post_2021,3,pb_activity,2000,all,2025-11,16559,-0.13708878026796464,-0.007749147027280657,-0.13720013277999685,-0.4705621820364829,-0.10135368437074967,-0.006676931923324909,-0.10115502313393006,-0.40430837771683986
post_2021,3,pb_activity,2000,all,2025-12,13647,-0.07934819430247425,-0.005008568868185153,-0.0791045705604232,-0.30316049276228796,-0.04884732986045696,-0.0035666713721846646,-0.04864200883128434,-0.21564167994203653
post_2021,3,pb_activity,2000,buy,2025-01,8470,-0.1023150538927943,-0.0056402585688171145,-0.10231505389279424,-0.3349685819732561,-0.07680954876502202,-0.0048294970798914705,-0.07680954876502197,-0.2868183734410778
post_2021,3,pb_activity,2000,buy,2025-02,7139,-0.09231467628214653,-0.00507869415556439,-0.09231467628214651,-0.30161790613121586,-0.06736684985459573,-0.0042861689331719095,-0.06736684985459576,-0.2545507288584329
post_2021,3,pb_activity,2000,buy,2025-03,8830,-0.09438929354951155,-0.005026925937894993,-0.09438929354951142,-0.2985434501905128,-0.04908723980876848,-0.0030399029437376433,-0.04908723980876843,-0.18053640023345222
post_2021,3,pb_activity,2000,buy,2025-04,7968,-0.14682036993406614,-0.008795839858179168,-0.1468203699340662,-0.5223749884176022,-0.09660954450930294,-0.006720163597888271,-0.09660954450930294,-0.39910292117778234
post_2021,3,pb_activity,2000,buy,2025-05,6726,-0.14348317616009224,-0.01013073424795319,-0.14348317616009212,-0.6016528575739513,-0.10927645589381754,-0.008580455818819822,-0.10927645589381756,-0.5095835737397812
post_2021,3,pb_activity,2000,buy,2025-06,5659,-0.12860056827240937,-0.009619288148216979,-0.12860056827240937,-0.5712786517296399,-0.1126187861966491,-0.009497462737741248,-0.11261878619664907,-0.5640435782844302
post_2021,3,pb_activity,2000,buy,2025-07,5565,-0.10861414301528495,-0.008162861436155753,-0.10861414301528496,-0.48478311530435947,-0.08767516320703131,-0.007266966814811155,-0.0876751632070313,-0.43157694625239623
post_2021,3,pb_activity,2000,buy,2025-08,5435,-0.10767491073951252,-0.008451441002765715,-0.10767491073951234,-0.5019215296224938,-0.08430387631886152,-0.0073342986257354985,-0.08430387631886152,-0.4355757064070657
post_2021,3,pb_activity,2000,buy,2025-09,4223,-0.09620737755769371,-0.008420177857122116,-0.09620737755769379,-0.5000648467352666,-0.06168394284173007,-0.005921998910618331,-0.06168394284173009,-0.3517008224594588
post_2021,3,pb_activity,2000,buy,2025-10,7260,-0.09110013598548815,-0.006099117543539644,-0.09110013598548809,-0.36221969789518843,-0.0606697910691621,-0.004663919050673276,-0.060669791069162045,-0.2769848814164778
post_2021,3,pb_activity,2000,buy,2025-11,7951,-0.13246338413884312,-0.0076093946264709,-0.13246338413884312,-0.4519133469865786,-0.1090594658406059,-0.007255588229574988,-0.10905946584060577,-0.4309011849349111
post_2021,3,pb_activity,2000,buy,2025-12,6718,-0.09156691788776347,-0.005773956980528745,-0.09156691788776344,-0.3429087795434028,-0.05996870100959635,-0.004369172222992618,-0.05996870100959628,-0.2594802004333838
post_2021,3,pb_activity,2000,sell,2025-01,8940,-0.09247672290761665,-0.005029757456265977,-0.09247672290761658,-0.31142521673361023,-0.060414123458922234,-0.0037706727388502714,-0.06041412345892227,-0.23346703795131554
post_2021,3,pb_activity,2000,sell,2025-02,7497,-0.07207680500805759,-0.003849831865020691,-0.07207680500805758,-0.2383682977512996,-0.03506025160559506,-0.0021747162477823026,-0.035060251605595054,-0.1346509219755691
post_2021,3,pb_activity,2000,sell,2025-03,9019,-0.0840056355104324,-0.004369410733237545,-0.08400563551043244,-0.27053882745409025,-0.03486067187754615,-0.0021000839768482962,-0.03486067187754615,-0.13002994942310747
post_2021,3,pb_activity,2000,sell,2025-04,7933,-0.07685351951154769,-0.004508513991346998,-0.07685351951154765,-0.2791516209499516,-0.041610101687358625,-0.002809164423767873,-0.04161010168735861,-0.17393376263549087
post_2021,3,pb_activity,2000,sell,2025-05,6998,-0.07864427776162994,-0.005557463368936617,-0.0786442777616299,-0.34409894497080945,-0.05977479167466586,-0.004692764653729462,-0.05977479167466583,-0.290559785849491
post_2021,3,pb_activity,2000,sell,2025-06,5809,-0.07775214986096997,-0.005437337032886415,-0.07775214986096998,-0.3366611369720871,-0.0657204855523595,-0.005101080061453808,-0.06572048555235958,-0.3158412662095059
post_2021,3,pb_activity,2000,sell,2025-07,5953,-0.09716721798657849,-0.007098143471750982,-0.09716721798657842,-0.43949253782455444,-0.0654814473750827,-0.005310361299833061,-0.06548144737508264,-0.32879923795809246
post_2021,3,pb_activity,2000,sell,2025-08,5841,-0.12442551803051398,-0.009633328320435626,-0.12442551803051402,-0.5964624310701643,-0.11250192789013806,-0.00980274076338863,-0.11250192789013805,-0.6069518646507602
post_2021,3,pb_activity,2000,sell,2025-09,4617,-0.08687642954348208,-0.007466532897874842,-0.08687642954348207,-0.46230193924610213,-0.0718014130347812,-0.006757051454240429,-0.0718014130347812,-0.41837329770155496
post_2021,3,pb_activity,2000,sell,2025-10,7689,-0.09573060097685643,-0.0061993385464720165,-0.09573060097685653,-0.3838416399253863,-0.06758405651455804,-0.0050356679378496414,-0.06758405651455805,-0.3117911733476611
post_2021,3,pb_activity,2000,sell,2025-11,8608,-0.14145492324947564,-0.007869956543170492,-0.14145492324947553,-0.48728053856507053,-0.09442671781696362,-0.006159113726721581,-0.09442671781696355,-0.38135105796039626
post_2021,3,pb_activity,2000,sell,2025-12,6929,-0.06817358077119316,-0.004307557666537929,-0.06817358077119313,-0.2667090991083289,-0.03871030257771248,-0.002832649213991954,-0.038710302577712546,-0.1753878597662316
post_2021,4,pb_activity,2000,all,2026-01,11623,-0.045907339644328395,-0.003294568948202715,-0.046060690751340665,-0.17173556726558756,-0.04282774887239455,-0.00352935534985889,-0.042986906362231354,-0.18404332813725766
post_2021,4,pb_activity,2000,all,2026-02,18093,-0.09807945266233173,-0.004715448796021786,-0.0977332125321326,-0.24379082051593007,-0.07042380615920205,-0.003974720341418765,-0.07005722202697416,-0.20514878529929773
post_2021,4,pb_activity,2000,all,2026-03,15883,-0.07334493136643545,-0.004815531740735454,-0.07293759993318008,-0.2482913811032175,-0.04398403110727777,-0.00337655184947809,-0.04387673386938618,-0.17464862590369898
post_2021,4,pb_activity,2000,all,2026-04,11257,-0.09459258895587144,-0.007099844282812712,-0.09454621929142434,-0.368082305623466,-0.08171268917934109,-0.007010262745716192,-0.08185407585178105,-0.3642517692202485
post_2021,4,pb_activity,2000,all,2026-05,9857,-0.0925005801715895,-0.0077400886710266344,-0.0922266741542616,-0.4004530481657924,-0.08147180774340411,-0.0076387013586794806,-0.08141201020200113,-0.3960991171925347
post_2021,4,pb_activity,2000,buy,2026-01,5795,-0.03882118787896084,-0.002760541696547188,-0.03882118787896087,-0.13998609680528626,-0.03505603061694133,-0.002822297674335183,-0.03505603061694134,-0.14311772068032075
post_2021,4,pb_activity,2000,buy,2026-02,9069,-0.11618524251314695,-0.005680743398518111,-0.11618524251314694,-0.2880684962323131,-0.08923862769538142,-0.005110262852930642,-0.08923862769538146,-0.25913962876400937
post_2021,4,pb_activity,2000,buy,2026-03,8061,-0.09327823849087381,-0.006312937206553847,-0.09327823849087385,-0.32012682149582367,-0.053011192799589615,-0.004185322640081681,-0.05301119279958964,-0.21223623645628756
post_2021,4,pb_activity,2000,buy,2026-04,5831,-0.095441918183538,-0.007048041407363059,-0.095441918183538,-0.35740369651827336,-0.0736331192073234,-0.0062335837864413565,-0.07363311920732345,-0.31610283752065255
post_2021,4,pb_activity,2000,buy,2026-05,4912,-0.10403313537418747,-0.008758113032998423,-0.10403313537418743,-0.44412082614163073,-0.08342336784712223,-0.007865621755636688,-0.0834233678471222,-0.39886290791967427
post_2021,4,pb_activity,2000,sell,2026-01,5828,-0.05279484070616381,-0.003824121279388959,-0.052794840706163845,-0.20297160470324163,-0.05027200640094521,-0.004242908996016698,-0.05027200640094518,-0.2251994601146476
post_2021,4,pb_activity,2000,sell,2026-02,9024,-0.08125405691158286,-0.003841724375332084,-0.08125405691158287,-0.20390591833251337,-0.05330058657305379,-0.002965833298712567,-0.05330058657305382,-0.15741654093621904
post_2021,4,pb_activity,2000,sell,2026-03,7822,-0.05348843246718501,-0.003397542852010716,-0.053488432467184974,-0.18033024434592002,-0.03714506787962307,-0.0027655331162987555,-0.03714506787962307,-0.14678527522139853
post_2021,4,pb_activity,2000,sell,2026-04,5426,-0.09466739872340944,-0.00722021194764198,-0.09466739872340943,-0.383224771978094,-0.09040977978571264,-0.007852394043571239,-0.09040977978571266,-0.41677888940815694
post_2021,4,pb_activity,2000,sell,2026-05,4945,-0.08083085623717051,-0.006717380082283832,-0.08083085623717048,-0.3565361334252979,-0.07917185741065248,-0.007373757654177134,-0.07917185741065243,-0.39137446603165515
full_history,1,pb_activity,4000,all,2023-01,6479,0.06852139814501032,0.005664887953219729,0.06906436665299263,0.17512948776076284,0.007704291655847972,0.000719164092578928,0.007826753100136601,0.022406017547364036
full_history,1,pb_activity,4000,all,2023-02,7430,0.01912192887103743,0.0015557293199565646,0.018852041143480536,0.04715175121598201,-0.005256703690375285,-0.000485858691876954,-0.005668177002475526,-0.01610539150440011
full_history,1,pb_activity,4000,all,2023-03,12243,0.008347840804549577,0.00048159446039844063,0.008324519876482242,0.01473645460437536,-0.0158362434932192,-0.0010814666310647373,-0.015815267153854697,-0.0331409861526216
full_history,1,pb_activity,4000,all,2023-04,8590,0.03146800544711298,0.002263592350505507,0.031527094611990145,0.06957218393575113,0.013342013659781285,0.0010995472075202932,0.013218061969455935,0.03341749831169553
full_history,1,pb_activity,4000,all,2023-05,8155,0.01052879523727939,0.0008210258479279239,0.010281156364092605,0.024624851718957872,-0.003692395199093722,-0.00033031100417234424,-0.0038277830508325725,-0.01051758864738066
full_history,1,pb_activity,4000,all,2023-06,8329,0.06349640121685361,0.004526098673026937,0.06376590483809057,0.13953449016630437,0.04503935095224968,0.0036635718422623614,0.0452054976433078,0.11288016750987337
full_history,1,pb_activity,4000,all,2023-07,5894,0.01926315283001818,0.001603301884454958,0.020116843822100407,0.05143085531877579,0.02980416303828356,0.0028034180234674686,0.030617238908329118,0.08846183018416391
full_history,1,pb_activity,4000,all,2023-08,5227,0.06039806093615351,0.00484910337740928,0.060293934896685546,0.14862905982347235,0.06245779600102438,0.005672183022035071,0.06252026863812758,0.174333150699536
full_history,1,pb_activity,4000,all,2023-09,4222,-0.01504587471265778,-0.0013905146035661864,-0.014798386651511144,-0.04192727566143428,-0.012493976227300448,-0.0012682177727979852,-0.012475776304739845,-0.03882283486650857
full_history,1,pb_activity,4000,all,2023-10,7334,0.01875607586809795,0.0012665428018552294,0.01842605630803066,0.03809572737183796,0.03307257939326147,0.0025986163332034277,0.03247391963590902,0.07812316010907157
full_history,1,pb_activity,4000,all,2023-11,5804,0.004863298460568889,0.0004270846953570629,0.004725576345740343,0.012758953693631303,-0.001771776603159726,-0.00017329737739335497,-0.002039600568980917,-0.006133418697622347
full_history,1,pb_activity,4000,all,2023-12,6246,0.02445769992854288,0.0025959715316427197,0.024785937517882876,0.08084590059589217,0.021081211846539938,0.002511934865357533,0.021226532141432664,0.07772431620353785
full_history,1,pb_activity,4000,buy,2023-01,3227,0.03375233940990289,0.0027437863058547255,0.033752339409902875,0.08269650559448494,-0.002760593940942723,-0.0002592785885034702,-0.002760593940942725,-0.007814541970325984
full_history,1,pb_activity,4000,buy,2023-02,3586,0.03663894938360245,0.0028359754610803004,0.036638949383602536,0.08547504595478748,0.02107254312757011,0.001865468058462934,0.02107254312757012,0.05622438212620085
full_history,1,pb_activity,4000,buy,2023-03,6026,0.009409713674815724,0.0005457998070366174,0.009409713674815724,0.016450164759464415,-0.016544408534738222,-0.0011327565212752434,-0.016544408534738212,-0.03414078049698789
full_history,1,pb_activity,4000,buy,2023-04,4207,0.027961526641607597,0.002022228184898211,0.027961526641607604,0.06094906299696891,0.020889180725136812,0.0017382009588050849,0.02088918072513682,0.05238860803680042
full_history,1,pb_activity,4000,buy,2023-05,4058,0.02452537190300775,0.001845991043580093,0.024525371903007773,0.055637353512935396,0.004794471550975128,0.0004115363992482018,0.00479447155097512,0.012403525037698392
full_history,1,pb_activity,4000,buy,2023-06,4096,0.04618436659298856,0.003255807699000971,0.04618436659298863,0.09812860390056075,0.03460040670964905,0.0027725703986731217,0.03460040670964903,0.08356404541991146
full_history,1,pb_activity,4000,buy,2023-07,2897,-0.03180096040914286,-0.002621495458687795,-0.031800960409142875,-0.07901071355400609,-0.020036892263012647,-0.0018490485954566146,-0.020036892263012644,-0.05572950677404124
full_history,1,pb_activity,4000,buy,2023-08,2509,0.06747787753951383,0.005476968984821247,0.0674778775395138,0.16507342256488097,0.06047590516377841,0.00555910993283283,0.06047590516377838,0.1675491144043955
full_history,1,pb_activity,4000,buy,2023-09,2178,-0.02916577749783339,-0.002673360704953234,-0.029165777497833386,-0.08057390913479792,-0.014103596981253168,-0.0014152911348992326,-0.014103596981253184,-0.04265624877756649
full_history,1,pb_activity,4000,buy,2023-10,3655,0.03798074465937719,0.0027030245870368792,0.0379807446593772,0.08146796541952013,0.0680122972029334,0.005639986968470006,0.06801229720293336,0.1699867124840141
full_history,1,pb_activity,4000,buy,2023-11,2780,0.012892026118974727,0.001074912888933158,0.012892026118974722,0.03239739900427632,0.01463182571204362,0.001365304477859577,0.014631825712043637,0.041149673045080035
full_history,1,pb_activity,4000,buy,2023-12,3019,0.0029833385081225036,0.00030857879515518003,0.002983338508122504,0.00930042839175863,0.011197357968374204,0.0013029736113409323,0.011197357968374204,0.039271048299133415
full_history,1,pb_activity,4000,sell,2023-01,3252,0.10401750420180499,0.008752946501084253,0.10401750420180497,0.27312625503350824,0.022412986934676807,0.0020730184144376346,0.022412986934676797,0.06468630375847903
full_history,1,pb_activity,4000,sell,2023-02,3844,0.005288033480459323,0.0004485662762787804,0.005288033480459343,0.01399702684795035,-0.0255142930104709,-0.0024474738374702263,-0.025514293010470895,-0.07637078136350164
full_history,1,pb_activity,4000,sell,2023-03,6217,0.00727500609890844,0.0004175210793531432,0.00727500609890845,0.01302829496183328,-0.015373180442023727,-0.00104745101312627,-0.01537318044202371,-0.032684579131243854
full_history,1,pb_activity,4000,sell,2023-04,4383,0.03475826040003558,0.002486457926764169,0.034758260400035615,0.07758723782344086,0.006697924877457072,0.0005463637650628414,0.0066979248774570845,0.01704869200550198
full_history,1,pb_activity,4000,sell,2023-05,4097,-0.00249719004715933,-0.00020121036540096906,-0.002497190047159347,-0.0062785524359235,-0.010714816555711016,-0.0009963032486463672,-0.010714816555711002,-0.03108856830631749
full_history,1,pb_activity,4000,sell,2023-06,4233,0.07980382112955427,0.005748051873764434,0.07980382112955428,0.17936175913164168,0.05463096329306218,0.004508189806964075,0.05463096329306221,0.14067320059637134
full_history,1,pb_activity,4000,sell,2023-07,2997,0.0640143767339155,0.005375114605628024,0.06401437673391547,0.1677246539127411,0.0733841133326273,0.007030074152162387,0.07338411333262727,0.21936588159771453
full_history,1,pb_activity,4000,sell,2023-08,2718,0.053813645715579214,0.004279001810865574,0.0538136457155792,0.13352163636994044,0.06375028250487662,0.005727748284731144,0.06375028250487663,0.17872820753439203
full_history,1,pb_activity,4000,sell,2023-09,2044,-0.00006631813369714758,-6.1812633601537455e-6,-0.00006631813369715079,-0.00019287965632210457,-0.011858997174553333,-0.0012169396372998776,-0.011858997174553333,-0.037973288845805066
full_history,1,pb_activity,4000,sell,2023-10,3679,-0.0028767888773113155,-0.00018311750764682348,-0.0028767888773113164,-0.005713984323844704,-0.005290051514339045,-0.0003911279890733464,-0.005290051514339044,-0.012204727046047525
full_history,1,pb_activity,4000,sell,2023-11,3024,-0.002637640856099876,-0.00024139174185996257,-0.0026376408560998834,-0.007532368950508245,-0.016675485357046577,-0.0016914123147142273,-0.016675485357046573,-0.052778696999716504
full_history,1,pb_activity,4000,sell,2023-12,3227,0.04265619951361599,0.004625464595806764,0.04265619951361602,0.14433263389491618,0.029100248624438673,0.003532768445057049,0.02910024862443867,0.11023622904349499
full_history,2,pb_activity,4000,all,2024-01,6839,0.04313676830755743,0.003651631591593079,0.04318840166893193,0.13764510007862923,-0.004983257224281015,-0.0004850663056969165,-0.005125534914623657,-0.018783080026750016
full_history,2,pb_activity,4000,all,2024-02,6765,-0.045420163068749145,-0.003239472884401405,-0.04508188984131934,-0.12080865799896667,-0.04798826415928725,-0.003921324533887492,-0.04800690913942927,-0.14739207817204344
full_history,2,pb_activity,4000,all,2024-03,10939,-0.05951391203925848,-0.003974401472657501,-0.059233330219341754,-0.14886480988065542,-0.03825533315130415,-0.0029654905157271943,-0.0382321994660707,-0.11153763537587429
full_history,2,pb_activity,4000,all,2024-04,9324,-0.05655225829114185,-0.004591066054570294,-0.056109359700393546,-0.17138576290863353,-0.049827674097870735,-0.004649243100492219,-0.04960282035320317,-0.17414063703346697
full_history,2,pb_activity,4000,all,2024-05,7445,-0.07698540575072835,-0.00650661850912133,-0.07654394489938145,-0.24334261576909058,-0.058074070843002396,-0.00556334970030309,-0.05782121880500508,-0.20835910331819787
full_history,2,pb_activity,4000,all,2024-06,4873,-0.04981917506155104,-0.005085190881437776,-0.04951784648425007,-0.19034598566393798,-0.036205331189680286,-0.004075355874753156,-0.03603706385262915,-0.15276411080229205
full_history,2,pb_activity,4000,all,2024-07,7372,-0.08850320590189441,-0.00879543366548578,-0.08789199105471653,-0.32810125106362364,-0.0603041763179953,-0.006694538476708086,-0.059825587370415004,-0.24947885628691904
full_history,2,pb_activity,4000,all,2024-08,9015,-0.07352291133083634,-0.005122690639122339,-0.07301370365009328,-0.19132694198985808,-0.05258904739882446,-0.004240829096905171,-0.05234845713988105,-0.15877043957952083
full_history,2,pb_activity,4000,all,2024-09,6940,-0.03356101684423745,-0.0031596254270329104,-0.033099190300637606,-0.11726462973859936,-0.014449648947180977,-0.0015285852424000176,-0.014123068270052197,-0.056223199635786286
full_history,2,pb_activity,4000,all,2024-10,6743,-0.13063969919177576,-0.012312554715354631,-0.1301648864262564,-0.46118683186452347,-0.09185128054803228,-0.009754015675074142,-0.0918411048050368,-0.3666870375609889
full_history,2,pb_activity,4000,all,2024-11,10083,-0.14126646058719658,-0.009954142047623288,-0.1407325341392138,-0.37270651489731993,-0.08491712749258422,-0.006895255401768811,-0.08455768187225077,-0.2580740295890409
full_history,2,pb_activity,4000,all,2024-12,8903,-0.1278653008651794,-0.010753249516788846,-0.1275269781772505,-0.4034813141433153,-0.06478317543185996,-0.006144636171758972,-0.06452564555267556,-0.23025907539386006
full_history,2,pb_activity,4000,buy,2024-01,3327,0.03941716210005944,0.0032073167146133242,0.03941716210005947,0.11831017946150257,0.0020303550859423636,0.00019076334004581363,0.0020303550859423628,0.007036799606557336
full_history,2,pb_activity,4000,buy,2024-02,3370,-0.062116532912793426,-0.004362016511333844,-0.06211653291279344,-0.16090427051329165,-0.04527093027641048,-0.003662791312213425,-0.04527093027641049,-0.13511153903310322
full_history,2,pb_activity,4000,buy,2024-03,5288,-0.07366302642443286,-0.004810701126709849,-0.0736630264244329,-0.17745516401404474,-0.03770388476837942,-0.002832825684998381,-0.03770388476837942,-0.10449610842866773
full_history,2,pb_activity,4000,buy,2024-04,4522,-0.08260637142150927,-0.006772510822119042,-0.0826063714215093,-0.24982159295935688,-0.063291561320136,-0.005916354527307382,-0.06329156132013593,-0.21824005178359737
full_history,2,pb_activity,4000,buy,2024-05,3644,-0.09767372229648516,-0.008154951951892605,-0.09767372229648513,-0.30081651261081105,-0.06819053574100599,-0.0064885583341944214,-0.06819053574100595,-0.23934727040435722
full_history,2,pb_activity,4000,buy,2024-06,2394,-0.06575569203627914,-0.006500160460069153,-0.06575569203627914,-0.23977524485044804,-0.043768743328775186,-0.004744039176349146,-0.04376874332877519,-0.17499616541422003
full_history,2,pb_activity,4000,buy,2024-07,3657,-0.12280119404157772,-0.012628977279472266,-0.1228011940415778,-0.46585251825675583,-0.08627401442352839,-0.009841932593005323,-0.08627401442352854,-0.36304516046736957
full_history,2,pb_activity,4000,buy,2024-08,4356,-0.10343328428550472,-0.007327402874472507,-0.10343328428550465,-0.27029022270103015,-0.06746498862437092,-0.005526809109354251,-0.06746498862437095,-0.20387066066719894
full_history,2,pb_activity,4000,buy,2024-09,3398,-0.059337095821451635,-0.005560323008080651,-0.059337095821451656,-0.20510690757562222,-0.032065642914461324,-0.0033833960223881494,-0.032065642914461324,-0.1248053205267366
full_history,2,pb_activity,4000,buy,2024-10,3288,-0.15236773964621553,-0.014397746963680486,-0.1523677396462156,-0.5310981666865737,-0.08755956104703282,-0.009296564169531295,-0.0875595610470328,-0.3429278344297294
full_history,2,pb_activity,4000,buy,2024-11,4894,-0.170330297688269,-0.012512801003643404,-0.17033029768826913,-0.4615670555895185,-0.1043373195691108,-0.008832923389309013,-0.1043373195691108,-0.3258252440731726
full_history,2,pb_activity,4000,buy,2024-12,4279,-0.14335833713799417,-0.012161213797375552,-0.14335833713799415,-0.44859785136955643,-0.07619360040363934,-0.007285610381665001,-0.0761936004036393,-0.2687485984200007
full_history,2,pb_activity,4000,sell,2024-01,3512,0.04735913042964893,0.004152678255394566,0.04735913042964894,0.15895842086935147,-0.010985461515709566,-0.0011027822274059446,-0.01098546151570957,-0.04221288302398934
full_history,2,pb_activity,4000,sell,2024-02,3395,-0.029196129889991193,-0.002117308053382531,-0.029196129889991176,-0.08104744070225807,-0.0506214313295774,-0.004177925261492858,-0.05062143132957739,-0.15992483915996908
full_history,2,pb_activity,4000,sell,2024-03,5651,-0.04790334285341925,-0.003262681232669655,-0.047903342853419274,-0.12489064277289158,-0.040644168080865434,-0.0032409615616146117,-0.040644168080865455,-0.12405924568398244
full_history,2,pb_activity,4000,sell,2024-04,4802,-0.03302173557492047,-0.0026573756358897814,-0.033021735574920455,-0.10172043408106342,-0.038573554721643,-0.003590389971295613,-0.03857355472164298,-0.13743485168900474
full_history,2,pb_activity,4000,sell,2024-05,3801,-0.05804919549802217,-0.004964144323423934,-0.058049195498022135,-0.19002014942861215,-0.0495759624849908,-0.004781696948579803,-0.049575962484990826,-0.18303633204297495
full_history,2,pb_activity,4000,sell,2024-06,2479,-0.03585489713988932,-0.0037628113749291225,-0.035854897139889326,-0.14403488963079691,-0.030344995935001815,-0.003531560813848403,-0.030344995935001808,-0.1351829579968471
full_history,2,pb_activity,4000,sell,2024-07,3715,-0.05403828186437955,-0.005188447006869796,-0.054038281864379555,-0.1986061265172524,-0.03628454820264879,-0.003915110063530037,-0.03628454820264879,-0.14986465961334383
full_history,2,pb_activity,4000,sell,2024-08,4659,-0.04608448869804293,-0.0031624722866001125,-0.04608448869804292,-0.1210547915837214,-0.03948684589917262,-0.003137326574716721,-0.039486845899172604,-0.12009225068678886
full_history,2,pb_activity,4000,sell,2024-09,3542,-0.010489177296478813,-0.0009915842461552425,-0.010489177296478799,-0.037956387717494176,0.0011765571649103657,0.00012458458673612386,0.0011765571649103715,0.0047689148916145495
full_history,2,pb_activity,4000,sell,2024-10,3455,-0.10968452615687804,-0.010314995067411589,-0.10968452615687811,-0.3948428523353307,-0.09535328771781483,-0.010095631272674285,-0.09535328771781482,-0.38644592864829763
full_history,2,pb_activity,4000,sell,2024-11,5189,-0.115703302066824,-0.007838697522951719,-0.11570330206682403,-0.3000538214830975,-0.06960485614268942,-0.00543328139973738,-0.06960485614268942,-0.20797802726929834
full_history,2,pb_activity,4000,sell,2024-12,4624,-0.11458240316057416,-0.009562580619386233,-0.11458240316057411,-0.3660415330079726,-0.0559752258989091,-0.005273322620543201,-0.05597522589890906,-0.20185504027605727
full_history,3,pb_activity,4000,all,2025-01,8675,-0.06951341509947744,-0.005440855461476849,-0.06941990642231345,-0.1846615528852646,-0.02846518039201656,-0.0025114963736203515,-0.028324244395219224,-0.08493142418868972
full_history,3,pb_activity,4000,all,2025-02,7106,-0.07309707883116312,-0.005749259617173661,-0.07278523970177325,-0.1947232281432796,-0.037569055246039706,-0.0033915495948256035,-0.03700949712424999,-0.11363995293551452
full_history,3,pb_activity,4000,all,2025-03,8823,-0.06831956973733502,-0.005212583293680629,-0.06804236510487444,-0.17635351957175252,-0.014339581334989401,-0.0012467387854703366,-0.014049768066277193,-0.04149621220892841
full_history,3,pb_activity,4000,all,2025-04,7864,-0.10357663451886676,-0.00890813530116536,-0.10277236092639723,-0.3000454998481691,-0.05186948118187879,-0.005077992839179012,-0.051040465520047436,-0.1696236192033836
full_history,3,pb_activity,4000,all,2025-05,6862,-0.0962253805152993,-0.01007288745069619,-0.09542315345046722,-0.3396888873565885,-0.05929995551797482,-0.006885049863214284,-0.05871437000084165,-0.2318391863304504
full_history,3,pb_activity,4000,all,2025-06,5649,-0.07951607732423886,-0.008712912434098578,-0.07890801236953546,-0.2935805354452046,-0.05757314408071841,-0.006994421801727449,-0.05708738065747071,-0.2354916911447996
full_history,3,pb_activity,4000,all,2025-07,5569,-0.09409142828460625,-0.010893773585615203,-0.09411862158613911,-0.3702650628820497,-0.051456756911161264,-0.006480409523134432,-0.051386127323722254,-0.219888213055509
full_history,3,pb_activity,4000,all,2025-08,5521,-0.11407351481503814,-0.013556521140494939,-0.11429648326632491,-0.4619114054238067,-0.06957041591702524,-0.009043817496254658,-0.06975592926721738,-0.30836484117956886
full_history,3,pb_activity,4000,all,2025-09,3885,-0.10693715183859581,-0.015074478249063399,-0.10664038707944813,-0.511203686844252,-0.08028826268896047,-0.012299957792478736,-0.08010659134992598,-0.4173518594898062
full_history,3,pb_activity,4000,all,2025-10,7415,-0.08829563383029415,-0.00867574356139825,-0.08819180294080314,-0.29471184620244895,-0.037988784793832386,-0.0042156781879173575,-0.03773129390149958,-0.14239837473610836
full_history,3,pb_activity,4000,all,2025-11,8187,-0.13012835961875238,-0.010976801796801444,-0.1302916227980928,-0.37367404845155744,-0.07242720238949665,-0.007025154475221038,-0.07255905694972137,-0.23928584095585198
full_history,3,pb_activity,4000,all,2025-12,6521,-0.09237389904774186,-0.008998056987123026,-0.09208886380509572,-0.30493221064397774,-0.05841835435769201,-0.0065143921579904835,-0.05805249084857546,-0.22005915945616325
full_history,3,pb_activity,4000,buy,2025-01,4234,-0.07401787222555511,-0.005839324636352292,-0.07401787222555509,-0.19429768062762107,-0.03478715734804496,-0.00308839663881695,-0.03478715734804496,-0.1027633058872241
full_history,3,pb_activity,4000,buy,2025-02,3419,-0.08988376104144159,-0.007067396581096648,-0.08988376104144162,-0.2351605449770737,-0.06661304534358738,-0.006034240378452429,-0.06661304534358742,-0.2007833067858417
full_history,3,pb_activity,4000,buy,2025-03,4350,-0.08323053309346104,-0.006456710768444172,-0.08323053309346101,-0.2148405860126598,-0.02856848713411926,-0.0025350169723815387,-0.028568487134119275,-0.08435015156017633
full_history,3,pb_activity,4000,buy,2025-04,3944,-0.1411073893884012,-0.01236314570116748,-0.14110738938840112,-0.4113712945575755,-0.09040723579190782,-0.009061743769356612,-0.09040723579190785,-0.301520450818375
full_history,3,pb_activity,4000,buy,2025-05,3345,-0.13614367650875947,-0.014274913150764026,-0.13614367650875944,-0.4749834422781429,-0.08628127105015773,-0.010111934246062293,-0.0862812710501577,-0.3364644874233676
full_history,3,pb_activity,4000,buy,2025-06,2775,-0.10950941830366738,-0.012557806938276165,-0.10950941830366737,-0.4178484523170296,-0.08170486555720027,-0.010406692436722174,-0.08170486555720029,-0.34627227108976505
full_history,3,pb_activity,4000,buy,2025-07,2664,-0.09381245614111436,-0.011287182005188206,-0.09381245614111441,-0.37556967988679224,-0.053699168700024766,-0.007052676126289497,-0.053699168700024745,-0.23467073658227966
full_history,3,pb_activity,4000,buy,2025-08,2629,-0.103284730325782,-0.012375663505599238,-0.1032847303257821,-0.41178781196654074,-0.05962158857688847,-0.007758368375099224,-0.05962158857688848,-0.2581519395842543
full_history,3,pb_activity,4000,buy,2025-09,1838,-0.11686357617285256,-0.017034714016648102,-0.11686357617285258,-0.5668130528288493,-0.08332735183505638,-0.013273740419493977,-0.08332735183505642,-0.4416704220733086
full_history,3,pb_activity,4000,buy,2025-10,3593,-0.09125668843902357,-0.008948339352565962,-0.09125668843902357,-0.29774703239628914,-0.04717868593848805,-0.005232528358099036,-0.047178685938488035,-0.17410714202592942
full_history,3,pb_activity,4000,buy,2025-11,3834,-0.12409047022271974,-0.010745813548875665,-0.12409047022271974,-0.3575561865503111,-0.06502862322822796,-0.006453346845117244,-0.06502862322822796,-0.21472865483209785
full_history,3,pb_activity,4000,buy,2025-12,3172,-0.11029553910591776,-0.010957139755663469,-0.11029553910591777,-0.3645878544899708,-0.08116259031359019,-0.00920180092782553,-0.08116259031359017,-0.3061807125336416
full_history,3,pb_activity,4000,sell,2025-01,4441,-0.06507732982202251,-0.005052344675440291,-0.06507732982202254,-0.17516529069774722,-0.02193793454882627,-0.0019242429360765232,-0.021937934548826272,-0.06671369332923771
full_history,3,pb_activity,4000,sell,2025-02,3687,-0.05759204459863283,-0.004532142796601127,-0.05759204459863284,-0.1571298399947652,-0.011005298155194996,-0.000991021954832404,-0.011005298155194998,-0.03435882940645569
full_history,3,pb_activity,4000,sell,2025-03,4473,-0.05363634348510869,-0.004025443581511798,-0.05363634348510868,-0.13956252798240582,-0.0009281004411322967,-0.00007907950890619245,-0.0009281004411323065,-0.0027416944123237613
full_history,3,pb_activity,4000,sell,2025-04,3920,-0.06358635172663489,-0.005360811652376203,-0.06358635172663488,-0.18585987136408416,-0.011773656096477954,-0.0011239327024136763,-0.01177365609647796,-0.03896685819952288
full_history,3,pb_activity,4000,sell,2025-05,3517,-0.059140333340443815,-0.006179279436759564,-0.05914033334044384,-0.21423623057709812,-0.03366689737384724,-0.00387352432417302,-0.03366689737384723,-0.13429547227187794
full_history,3,pb_activity,4000,sell,2025-06,2874,-0.04994541117141826,-0.005235650717649132,-0.04994541117141825,-0.18152052935085167,-0.03470640924212976,-0.004029273974448238,-0.03470640924212977,-0.13969532808518967
full_history,3,pb_activity,4000,sell,2025-07,2905,-0.09510470786758646,-0.01060913872195698,-0.09510470786758644,-0.3678198910929157,-0.050377400840412576,-0.006096267023197851,-0.050377400840412555,-0.21135818197052886
full_history,3,pb_activity,4000,sell,2025-08,2892,-0.12333311181546641,-0.014521151023671604,-0.12333311181546647,-0.5034497453611794,-0.07909977221385926,-0.010251112717669054,-0.07909977221385929,-0.35540709403587756
full_history,3,pb_activity,4000,sell,2025-09,2047,-0.1008376564132459,-0.013804113830260156,-0.10083765641324594,-0.4785899947911994,-0.08051246361931365,-0.011925209987156805,-0.08051246361931365,-0.4134482123094585
full_history,3,pb_activity,4000,sell,2025-10,3822,-0.08614691153449103,-0.008471902294214625,-0.08614691153449099,-0.29372169229521,-0.030818211543421264,-0.003419091809370433,-0.030818211543421292,-0.1185402519392575
full_history,3,pb_activity,4000,sell,2025-11,4353,-0.13534717326702728,-0.011137905048369992,-0.1353471732670274,-0.38615227204221103,-0.0787175890998745,-0.007468124819675633,-0.07871758909987452,-0.2589206277561699
full_history,3,pb_activity,4000,sell,2025-12,3349,-0.07595461284350798,-0.0072674870503330845,-0.075954612843508,-0.2519644964053784,-0.037539032355647366,-0.004125101272130655,-0.03753903235564735,-0.14301766999446514
full_history,4,pb_activity,4000,all,2026-01,5369,-0.09120823361761107,-0.010512659752439752,-0.09150772206410752,-0.3065131951293257,-0.07617440682502297,-0.009924950898582858,-0.07650862248856855,-0.2896963787767344
full_history,4,pb_activity,4000,all,2026-02,9037,-0.0815600125597465,-0.005703014477513643,-0.0810384981634601,-0.16447257012070252,-0.035705858209252955,-0.0028923738795377774,-0.03520556762164509,-0.08277602902148865
full_history,4,pb_activity,4000,all,2026-03,7900,-0.05744110301828052,-0.005589684681531564,-0.057145492114990204,-0.161246809452959,-0.02119489313659519,-0.002370301109302101,-0.021018256465437323,-0.06815916806247405
full_history,4,pb_activity,4000,all,2026-04,5341,-0.11356514320697854,-0.013378702523603897,-0.1132203086012296,-0.38712732071850825,-0.08046857967083441,-0.01069078117071468,-0.08034198061957763,-0.30981836496116916
full_history,4,pb_activity,4000,all,2026-05,4519,-0.08706094421851429,-0.011306725344977349,-0.08677938972482081,-0.3270796963794489,-0.0610858285593644,-0.008676580831608837,-0.06107220403453448,-0.25177008283245217
full_history,4,pb_activity,4000,buy,2026-01,2678,-0.0814398139905795,-0.009335109839300321,-0.08143981399057952,-0.26491340980480865,-0.06392120627435184,-0.008206920209119674,-0.06392120627435188,-0.2328974435245466
full_history,4,pb_activity,4000,buy,2026-02,4501,-0.10754525793882881,-0.007653923840976877,-0.10754525793882881,-0.21720441408876615,-0.060372600691995335,-0.0049466065214182784,-0.060372600691995335,-0.140375680962511
full_history,4,pb_activity,4000,buy,2026-03,4048,-0.07190310565231714,-0.007153519639994715,-0.07190310565231718,-0.20300385454047362,-0.03315543631070594,-0.003773571292737982,-0.03315543631070596,-0.10708707830005407
full_history,4,pb_activity,4000,buy,2026-04,2809,-0.13035324185884764,-0.014967284575958053,-0.13035324185884753,-0.4247442676939248,-0.08889980068817598,-0.011590581751937218,-0.08889980068817598,-0.3289195934899914
full_history,4,pb_activity,4000,buy,2026-05,2238,-0.10172571544184389,-0.01336705578223766,-0.10172571544184389,-0.3793326899503383,-0.06422844405183144,-0.009236912288489297,-0.06422844405183141,-0.26212674221678384
full_history,4,pb_activity,4000,sell,2026-01,2691,-0.1009369440704627,-0.01172619114126953,-0.10093694407046264,-0.34816880416216683,-0.08906544722991822,-0.011790734062495294,-0.0890654472299182,-0.35008518360964314
full_history,4,pb_activity,4000,sell,2026-02,4536,-0.056466907695381985,-0.003877806102049336,-0.056466907695382006,-0.11513807826068748,-0.011531255341949735,-0.0009227010542376622,-0.011531255341949743,-0.027396425555648675
full_history,4,pb_activity,4000,sell,2026-03,3852,-0.042637939242434655,-0.004039547737113451,-0.04263793924243468,-0.11994043829260906,-0.010549953574924739,-0.001153448560577376,-0.01054995357492475,-0.034247676944767866
full_history,4,pb_activity,4000,sell,2026-04,2532,-0.0993366616841428,-0.012007881179052845,-0.0993366616841428,-0.3565326183297735,-0.07590460016653247,-0.010273481149507276,-0.0759046001665325,-0.30503559112368867
full_history,4,pb_activity,4000,sell,2026-05,2281,-0.07301915263213421,-0.009361493181642987,-0.07301915263213421,-0.2779572537201576,-0.059309230999624304,-0.008301132597712802,-0.059309230999624304,-0.24647350319622566
post_2021,1,pb_activity,4000,all,2023-01,6479,0.09437395799381984,0.007843316721999326,0.09481211550205226,0.26610022167639946,0.026979881373634527,0.0024996771341734467,0.027061308981521322,0.08465878050211431
post_2021,1,pb_activity,4000,all,2023-02,7430,0.04649869873694091,0.0037912202785478208,0.04619091182762161,0.12746379624003704,0.015293825434782866,0.0014000829893946953,0.014875532011845577,0.046088921041650584
post_2021,1,pb_activity,4000,all,2023-03,12243,0.034827074916857895,0.0020136542030787874,0.03479351383723186,0.06796121207144709,0.0059486767108955846,0.00040165349267058366,0.005979127586372705,0.013638495279351744
post_2021,1,pb_activity,4000,all,2023-04,8590,0.06134631483227644,0.004431581072428785,0.06138190648135382,0.14976469729663386,0.03466282099139805,0.002832080791646784,0.03456754114167457,0.09538895058960299
post_2021,1,pb_activity,4000,all,2023-05,8155,0.042916299708344804,0.003359322911259769,0.0426220871455514,0.1128174848978774,0.019515782524734467,0.0017345359997738587,0.01929463222392788,0.05798937253695321
post_2021,1,pb_activity,4000,all,2023-06,8329,0.09399653423851968,0.0067357368557810215,0.09424240967906276,0.22826393940031223,0.06875383030843436,0.005555042979175001,0.06895872194644018,0.1883193296682751
post_2021,1,pb_activity,4000,all,2023-07,5894,0.05385827339846445,0.004502829023692874,0.0546434493097569,0.15451466453334262,0.05394696883005349,0.005043188923981041,0.054682377613493066,0.17289515209578213
post_2021,1,pb_activity,4000,all,2023-08,5227,0.09698604140474135,0.007832514191631492,0.09688303236749589,0.26447679413105885,0.08900292508213727,0.008048294629251997,0.08903250852847869,0.2721459786099546
post_2021,1,pb_activity,4000,all,2023-09,4222,0.016844193461945395,0.0015567690070544752,0.017056463203118554,0.05321107952028835,0.010792060223497638,0.0010857928370374057,0.010784940024451035,0.036626452754423125
post_2021,1,pb_activity,4000,all,2023-10,7334,0.052253961827814804,0.0035496830514601366,0.05194563554465393,0.118945878603259,0.05738022925288189,0.0044745237034425935,0.05681335381659033,0.14933634784875505
post_2021,1,pb_activity,4000,all,2023-11,5804,0.036336505845337985,0.0031995892502205713,0.0361299937886297,0.10767831888093478,0.019908514758644108,0.0019321828486371707,0.0196019602281461,0.0643894462745423
post_2021,1,pb_activity,4000,all,2023-12,6246,0.05269137396015913,0.005618177440691458,0.0529778177712286,0.19110720330401507,0.04116975412614301,0.004882886550555975,0.04128847546089941,0.16567105709954544
post_2021,1,pb_activity,4000,buy,2023-01,3227,0.06346411818947045,0.005181697181936841,0.0634641181894705,0.172051199890521,0.01644768629056293,0.001537609908257957,0.01644768629056293,0.05105424350182723
post_2021,1,pb_activity,4000,buy,2023-02,3586,0.0660956143259145,0.005123995275244227,0.06609561432591461,0.17013528664166452,0.04157233873209133,0.0036434160534178027,0.04157233873209135,0.12097466943381104
post_2021,1,pb_activity,4000,buy,2023-03,6026,0.036473735121208634,0.0021220127593212816,0.036473735121208634,0.07045854448942435,0.004331230400645191,0.00029394422282071997,0.004331230400645204,0.009760017704911118
post_2021,1,pb_activity,4000,buy,2023-04,4207,0.05896157992959846,0.004283843382647479,0.058961579929598426,0.1422391869399192,0.04009241327407301,0.0033088185750161417,0.040092413274073035,0.10986481572795812
post_2021,1,pb_activity,4000,buy,2023-05,4058,0.0592162319405184,0.00447711921129134,0.05921623194051841,0.14865664767921727,0.032439413136547045,0.00276923947856378,0.03243941313654703,0.09194882648333544
post_2021,1,pb_activity,4000,buy,2023-06,4096,0.07691277684873338,0.005440674960582789,0.07691277684873331,0.18065020442446836,0.055242325756273025,0.004399766459245669,0.055242325756273046,0.14608825486562615
post_2021,1,pb_activity,4000,buy,2023-07,2897,0.003447906970778339,0.0002843061987753436,0.0034479069707783632,0.009440000238942441,0.0060695093788522515,0.000555224772812038,0.006069509378852254,0.018435482626089416
post_2021,1,pb_activity,4000,buy,2023-08,2509,0.10384041371211908,0.00848534813093521,0.10384041371211912,0.2817444316324364,0.08815422080208414,0.008065574033174474,0.08815422080208413,0.26780640425128016
post_2021,1,pb_activity,4000,buy,2023-09,2178,0.004078057619475391,0.0003734751122978474,0.004078057619475396,0.012400732606314366,0.010558644841393372,0.0010517639573385904,0.010558644841393391,0.03492239019534296
post_2021,1,pb_activity,4000,buy,2023-10,3655,0.07238140451094921,0.00519698612642644,0.0723814045109492,0.17255884847594297,0.09247185627691755,0.007635700812622403,0.09247185627691751,0.25353304924809555
post_2021,1,pb_activity,4000,buy,2023-11,2780,0.047178986850382125,0.003945920637463421,0.04717898685038213,0.13101892227800707,0.03732972584317052,0.0034597183146327344,0.03732972584317055,0.11487523612741835
post_2021,1,pb_activity,4000,buy,2023-12,3019,0.03213459851927074,0.003337230458844407,0.032134598519270745,0.11080819364684612,0.03190406819005546,0.0036935843698704027,0.031904068190055444,0.12264044007595629
post_2021,1,pb_activity,4000,sell,2023-01,3252,0.12570747014134584,0.010642204531578985,0.12570747014134587,0.365409300056144,0.04218655822313602,0.0038663757192650195,0.042186558223136,0.13275535544711833
post_2021,1,pb_activity,4000,sell,2023-02,3844,0.031021866897841425,0.002638283349167547,0.03102186689784143,0.09058774139403389,-0.005144480201095669,-0.0004888096887178288,-0.0051444802010956825,-0.016783703572415952
post_2021,1,pb_activity,4000,sell,2023-03,6217,0.0331890141833963,0.0019074618424526554,0.03318901418339626,0.06549435266595213,0.007332763479482193,0.0004926193200438022,0.007332763479482195,0.01691451056002508
post_2021,1,pb_activity,4000,sell,2023-04,4383,0.06353307263941065,0.0045624017935109226,0.0635330726394106,0.1566540128969283,0.029699575084820625,0.002399977875797382,0.029699575084820604,0.0824053167878024
post_2021,1,pb_activity,4000,sell,2023-05,4097,0.02779144270099557,0.0022465246562621347,0.027791442700995553,0.07713636772979957,0.00825799518789626,0.0007621430068867902,0.008257995187896246,0.026168839535342627
post_2021,1,pb_activity,4000,sell,2023-06,4233,0.11004660173568286,0.00798196511024892,0.11004660173568283,0.2740676779283692,0.08146419745512906,0.006672631652917503,0.081464197455129,0.22911058085662395
post_2021,1,pb_activity,4000,sell,2023-07,2997,0.09767924822353949,0.008268219809404282,0.09767924822353946,0.2838964806868353,0.09519686853214471,0.009081659078247066,0.09519686853214468,0.3118266217571386
post_2021,1,pb_activity,4000,sell,2023-08,2718,0.09058772437240298,0.0072398110905644965,0.09058772437240299,0.2485851775627705,0.08919994149547787,0.007985162296078539,0.0891999414954779,0.27417745606998306
post_2021,1,pb_activity,4000,sell,2023-09,2044,0.030361126826639998,0.0028328304937842406,0.03036112682663998,0.09726768592351193,0.01034927391030734,0.0010507068490282845,0.01034927391030734,0.036076928716071016
post_2021,1,pb_activity,4000,sell,2023-10,3679,0.029585547929378276,0.0018875442082208246,0.029585547929378272,0.0648104634621851,0.01861900323682409,0.0013605868892556914,0.018619003236824076,0.046716928000511124
post_2021,1,pb_activity,4000,sell,2023-11,3024,0.026584380514969592,0.002438479056698241,0.02658438051496959,0.08372728814463652,0.004260163193834196,0.0004284457806261754,0.004260163193834202,0.01471105656220559
post_2021,1,pb_activity,4000,sell,2023-12,3227,0.0701219906767233,0.007641157706350509,0.07012199067672327,0.262365760854427,0.048491090715435566,0.005863107006507532,0.048491090715435524,0.2013148517344196
post_2021,2,pb_activity,4000,all,2024-01,6839,0.06133072935711185,0.0052026558289103506,0.06134979388515042,0.21214998389133616,0.008489508948311669,0.0008198058804981586,0.008338373890980732,0.03282303286444113
post_2021,2,pb_activity,4000,all,2024-02,6765,-0.02549590487609817,-0.0018172472403477852,-0.025199196315311378,-0.07306973386330816,-0.03378990922716277,-0.0027342832694908516,-0.033821672948966916,-0.11134123531868567
post_2021,2,pb_activity,4000,all,2024-03,10939,-0.042456317451365716,-0.0028328179731325,-0.04220466382896425,-0.11474583663176542,-0.026422246625313228,-0.0020350828548979048,-0.026404389927265803,-0.0828703759594012
post_2021,2,pb_activity,4000,all,2024-04,9324,-0.03952832813534555,-0.003206124804401584,-0.03907934765422934,-0.12913162483968466,-0.03839170782878267,-0.0035552714546375312,-0.038156942533307724,-0.14395438360132218
post_2021,2,pb_activity,4000,all,2024-05,7445,-0.056740944540312005,-0.004787070581451,-0.056329353154842984,-0.19355657306683097,-0.04397914006828403,-0.004183141417886221,-0.04374333782428089,-0.16946309841265664
post_2021,2,pb_activity,4000,all,2024-06,4873,-0.029188682129301067,-0.0029767030691686468,-0.02891323013529241,-0.12023106745146231,-0.021423641262969036,-0.0023950527203660706,-0.02127738587027305,-0.09699379329768089
post_2021,2,pb_activity,4000,all,2024-07,7372,-0.06970562128432373,-0.006913714217923225,-0.06909268031509266,-0.2787253129499918,-0.047920545638188435,-0.005284542140155077,-0.04745533940924891,-0.21285396671217874
post_2021,2,pb_activity,4000,all,2024-08,9015,-0.05466020496485698,-0.0038036282942084877,-0.05415059028233333,-0.15344924259701243,-0.04068431087127258,-0.003253517180170161,-0.040462421692608705,-0.13177198285730984
post_2021,2,pb_activity,4000,all,2024-09,6940,-0.01284420623457445,-0.0012080279097228606,-0.012394277526985147,-0.04749780610564494,-0.001976468864613803,-0.00020731873480528304,-0.0016323370339944908,-0.006976582536482386
post_2021,2,pb_activity,4000,all,2024-10,6743,-0.11102601722212102,-0.010428997637424792,-0.11057387341860367,-0.4227885049169134,-0.08094852568286817,-0.008511079118741658,-0.08093421469282026,-0.34641727708119285
post_2021,2,pb_activity,4000,all,2024-11,10083,-0.12313023989818418,-0.008649383920100765,-0.12258301559577663,-0.35041884217527186,-0.07230600029179259,-0.0058008141441174615,-0.07192157427501406,-0.2348198384219803
post_2021,2,pb_activity,4000,all,2024-12,8903,-0.1100046050886188,-0.009217801243920817,-0.1096725810317443,-0.37435026925607345,-0.053844162778788236,-0.0050626731402363175,-0.05359446478058347,-0.20527640019157478
post_2021,2,pb_activity,4000,buy,2024-01,3327,0.05891494111565243,0.004800810153488067,0.05891494111565244,0.1917621703216107,0.015674299416783506,0.0014573237875081296,0.015674299416783496,0.05821091928636774
post_2021,2,pb_activity,4000,buy,2024-02,3370,-0.04115183925358937,-0.0028854079844902827,-0.04115183925358939,-0.11525390083737169,-0.03138367252063465,-0.0025153028046547023,-0.03138367252063463,-0.10047052672686342
post_2021,2,pb_activity,4000,buy,2024-03,5288,-0.05579132005422304,-0.0036389884226492035,-0.055791320054223,-0.14535469960115355,-0.02632874135227901,-0.001967336070477333,-0.026328741352279042,-0.07858270220342312
post_2021,2,pb_activity,4000,buy,2024-04,4522,-0.06586085034279109,-0.005389724743107072,-0.06586085034279102,-0.21528560412316394,-0.05244938901847188,-0.004861340161301162,-0.05244938901847186,-0.19417996342250846
post_2021,2,pb_activity,4000,buy,2024-05,3644,-0.07680389941776845,-0.006394124905270482,-0.0768038994177685,-0.25540507329815176,-0.05434610490076344,-0.0051268572240517766,-0.05434610490076348,-0.20478570007582803
post_2021,2,pb_activity,4000,buy,2024-06,2394,-0.04448576123758745,-0.00439120803281524,-0.04448576123758742,-0.17540114184572164,-0.02836648535835711,-0.0030537161213477007,-0.028366485358357098,-0.12197675230924579
post_2021,2,pb_activity,4000,buy,2024-07,3657,-0.10386366253638482,-0.010653285298199155,-0.10386366253638486,-0.42553174246094566,-0.07375517940656363,-0.00834312392961961,-0.07375517940656375,-0.3332553258419529
post_2021,2,pb_activity,4000,buy,2024-08,4356,-0.08450091420671893,-0.005973611285977128,-0.08450091420671893,-0.23860819908164055,-0.05429842161000809,-0.004409639363367337,-0.05429842161000807,-0.17613735757506413
post_2021,2,pb_activity,4000,buy,2024-09,3398,-0.038429037543060485,-0.003595092478528944,-0.03842903754306049,-0.14360133272271094,-0.021118109997629995,-0.002211731724658258,-0.021118109997630006,-0.0883447714301875
post_2021,2,pb_activity,4000,buy,2024-10,3288,-0.13220010158244755,-0.012436999013416735,-0.13220010158244752,-0.4967798864880592,-0.0767693833941212,-0.008093834312065631,-0.07676938339412125,-0.32329777355964434
post_2021,2,pb_activity,4000,buy,2024-11,4894,-0.15290937125013643,-0.011196066584633046,-0.15290937125013637,-0.44721244096157176,-0.09244590117027864,-0.007736146787238907,-0.09244590117027865,-0.30901040666430846
post_2021,2,pb_activity,4000,buy,2024-12,4279,-0.12560791178543187,-0.010613281618495531,-0.12560791178543193,-0.4239338470650522,-0.06526322968463477,-0.006185478542909193,-0.06526322968463479,-0.24707096342983298
post_2021,2,pb_activity,4000,sell,2024-01,3512,0.06442029547941253,0.005663454477169202,0.06442029547941253,0.23470692147845912,0.002279383529273849,0.0002275112308797487,0.002279383529273855,0.009428602422218326
post_2021,2,pb_activity,4000,sell,2024-02,3395,-0.0104764248178317,-0.0007598827222107566,-0.0104764248178317,-0.031491333625745584,-0.036166311415107254,-0.0029546418931243055,-0.03616631141510727,-0.12244733414951293
post_2021,2,pb_activity,4000,sell,2024-03,5651,-0.03159075103438155,-0.002150428146113962,-0.03159075103438155,-0.08911881821769593,-0.028430142617839386,-0.0022503974188773103,-0.02843014261783937,-0.0932617808471852
post_2021,2,pb_activity,4000,sell,2024-04,4802,-0.01578868791662989,-0.0012705042459586692,-0.015788687916629903,-0.052652694834287674,-0.02666601273444163,-0.0024657251801304,-0.026666012734441635,-0.102185471530371
post_2021,2,pb_activity,4000,sell,2024-05,3801,-0.03846351616039589,-0.003286611589741361,-0.0384635161603959,-0.13620494195429436,-0.03516743866444622,-0.0033720289332890793,-0.035167438664446285,-0.13974483828890272
post_2021,2,pb_activity,4000,sell,2024-06,2479,-0.015774502512296704,-0.0016547247016998662,-0.015774502512296687,-0.06857569742918833,-0.016230088795122923,-0.0018757684021821317,-0.01623008879512292,-0.07773627012585994
post_2021,2,pb_activity,4000,sell,2024-07,3715,-0.03540798872916996,-0.003395448191016372,-0.03540798872916994,-0.14071538760763427,-0.024571138265036707,-0.0026386887530006494,-0.024571138265036714,-0.10935349025109042
post_2021,2,pb_activity,4000,sell,2024-08,4659,-0.02732092789705556,-0.0018739716014706336,-0.027320927897055532,-0.0776618064632304,-0.02886582585881454,-0.002274939391517301,-0.028865825858814524,-0.09427885812194067
post_2021,2,pb_activity,4000,sell,2024-09,3542,0.010027980187895712,0.000947605825090211,0.01002798018789569,0.039271022108249905,0.014872099657791934,0.0015607878050074425,0.014872099657791928,0.06468273070282043
post_2021,2,pb_activity,4000,sell,2024-10,3455,-0.09069572187255621,-0.008509504806764,-0.0906957218725563,-0.35265396491718976,-0.08369436229692376,-0.008752537276888168,-0.08369436229692377,-0.36272580412982885
post_2021,2,pb_activity,4000,sell,2024-11,5189,-0.09688925996353244,-0.006544868795815814,-0.09688925996353241,-0.27123481132211225,-0.05622187721271693,-0.004333661092925598,-0.056221877212716896,-0.17959714480833
post_2021,2,pb_activity,4000,sell,2024-12,4624,-0.09664571426052598,-0.008038938595047049,-0.09664571426052591,-0.33315259038525014,-0.04509739036428652,-0.004212506730422722,-0.045097390364286546,-0.1745762220550233
post_2021,3,pb_activity,4000,all,2025-01,8675,-0.053279256251492615,-0.0041641523963363136,-0.053176280777107204,-0.1531618984384659,-0.01799631939905068,-0.0015761848471939008,-0.017842673134406,-0.05758976094298329
post_2021,3,pb_activity,4000,all,2025-02,7106,-0.05739014403042597,-0.004507063637511679,-0.05706602138629801,-0.1653028486627832,-0.027872147158389773,-0.0024902285787667417,-0.02727344682365353,-0.08987591017379615
post_2021,3,pb_activity,4000,all,2025-03,8823,-0.052720457963107946,-0.004016332693716389,-0.0524288993920974,-0.14712897470439104,-0.003694892883347679,-0.00031819390589179873,-0.00340376191304823,-0.01079766100685259
post_2021,3,pb_activity,4000,all,2025-04,7864,-0.08794446124862998,-0.007544809196930533,-0.08712207142616915,-0.27512976839764314,-0.04131545355184963,-0.004006573877253641,-0.04043718906346183,-0.14434868029710496
post_2021,3,pb_activity,4000,all,2025-05,6862,-0.08105669291536975,-0.0084664450111911,-0.08024880611855888,-0.30910499468515734,-0.04891682191299556,-0.005635648467535898,-0.04829673446096081,-0.20520123490695785
post_2021,3,pb_activity,4000,all,2025-06,5649,-0.0633447727048517,-0.006928113137338569,-0.06271695832123793,-0.2525638011691242,-0.04582059213343829,-0.005529845973925674,-0.0453282220200447,-0.20142186754917296
post_2021,3,pb_activity,4000,all,2025-07,5569,-0.07877355469808106,-0.00909603842335522,-0.07879646720675235,-0.33524114984052256,-0.04073243679593508,-0.0050879276591669475,-0.04064307692249244,-0.18704789658446175
post_2021,3,pb_activity,4000,all,2025-08,5521,-0.09903245352386586,-0.011739590640884458,-0.0992523744971072,-0.4338628916481666,-0.060581797298085015,-0.007818653251565498,-0.06078320307302538,-0.2892708165599917
post_2021,3,pb_activity,4000,all,2025-09,3885,-0.09165855425354617,-0.012888233609591493,-0.09135497877568323,-0.4736854577083382,-0.07018949248971708,-0.010706968904393195,-0.06998644097886798,-0.3936989740702545
post_2021,3,pb_activity,4000,all,2025-10,7415,-0.07369745227905702,-0.007226874288409867,-0.07360811261848253,-0.2661981527512513,-0.028821914766658106,-0.0031758898793723686,-0.028562243047420385,-0.11606618957061876
post_2021,3,pb_activity,4000,all,2025-11,8187,-0.11527663995709621,-0.00969599212311461,-0.11543381771339847,-0.3579576576572075,-0.06366050230986624,-0.00611156737657104,-0.06379144103020835,-0.22578317204091086
post_2021,3,pb_activity,4000,all,2025-12,6521,-0.07655021016371112,-0.00744531368690014,-0.07624691902950992,-0.273361475188698,-0.048710545823023976,-0.0053896203539875315,-0.04831918973793813,-0.19707415700265354
post_2021,3,pb_activity,4000,buy,2025-01,4234,-0.058250846499118714,-0.004590107914992366,-0.0582508464991187,-0.16556714622120966,-0.0250750794920892,-0.0022112478221182927,-0.025075079492089192,-0.07976065013639223
post_2021,3,pb_activity,4000,buy,2025-02,3419,-0.07452368906244439,-0.005850261215918844,-0.07452368906244439,-0.2110214121556047,-0.05845252256492474,-0.0052372803037967685,-0.05845252256492477,-0.1889109297469803
post_2021,3,pb_activity,4000,buy,2025-03,4350,-0.06792685732501913,-0.005260318513659624,-0.06792685732501916,-0.18974192778268656,-0.017348735049465432,-0.0015259093573747238,-0.01734873504946541,-0.055040200006538
post_2021,3,pb_activity,4000,buy,2025-04,3944,-0.1256910246865997,-0.010979223427734377,-0.12569102468659976,-0.39602526222045303,-0.08141477877836849,-0.008082039994217591,-0.08141477877836852,-0.29152262262019474
post_2021,3,pb_activity,4000,buy,2025-05,3345,-0.12080637479923804,-0.012629429024691318,-0.12080637479923806,-0.4555488804940079,-0.07743557568786584,-0.00900787049047982,-0.07743557568786584,-0.3249177226896358
post_2021,3,pb_activity,4000,buy,2025-06,2775,-0.09363242565428118,-0.010712039532110735,-0.09363242565428116,-0.3863878253815098,-0.0699476580795387,-0.00883554718931777,-0.0699476580795388,-0.3187019478692597
post_2021,3,pb_activity,4000,buy,2025-07,2664,-0.07857678522171764,-0.00942940771289468,-0.07857678522171763,-0.3401227497246831,-0.043681671977904075,-0.005692967618495022,-0.04368167197790407,-0.20534776514628947
post_2021,3,pb_activity,4000,buy,2025-08,2629,-0.08854468626887685,-0.010582866289070313,-0.08854468626887683,-0.3817284915239143,-0.05056199139173593,-0.006526674917661752,-0.050561991391735936,-0.23541994228530072
post_2021,3,pb_activity,4000,buy,2025-09,1838,-0.1024533728880267,-0.014893137207979678,-0.10245337288802675,-0.5372017981869628,-0.07511949361364546,-0.01192337396051758,-0.07511949361364552,-0.4300811738049216
post_2021,3,pb_activity,4000,buy,2025-10,3593,-0.07624491974913315,-0.007460755677398938,-0.07624491974913308,-0.26911263286991477,-0.03823848440776399,-0.004214196078383901,-0.03823848440776402,-0.1520078462721276
post_2021,3,pb_activity,4000,buy,2025-11,3834,-0.10944033207171339,-0.009450938123105804,-0.10944033207171339,-0.3408993607851737,-0.056259282708057703,-0.005534593858036448,-0.05625928270805768,-0.19963515619655176
post_2021,3,pb_activity,4000,buy,2025-12,3172,-0.09473792194188485,-0.009396102948254962,-0.09473792194188484,-0.33892143268833275,-0.0718167455991645,-0.008067448801782461,-0.07181674559916443,-0.29099631209848387
post_2021,3,pb_activity,4000,sell,2025-01,4441,-0.04837816126208585,-0.003749395230131085,-0.04837816126208587,-0.1409983924324526,-0.010756431507381444,-0.0009362799839438585,-0.010756431507381444,-0.0352094043172267
post_2021,3,pb_activity,4000,sell,2025-02,3687,-0.04157868842561491,-0.0032673572379173224,-0.04157868842561491,-0.12287104713492004,7.972058860834493e-6,7.109428784400759e-7,7.972058860843807e-6,0.000026735459139076006
post_2021,3,pb_activity,4000,sell,2025-03,4473,-0.03774695316382599,-0.002829318175529141,-0.037746953163826015,-0.10639830957900415,0.009228008163970666,0.0007782573252427949,0.009228008163970666,0.02926686172643851
post_2021,3,pb_activity,4000,sell,2025-04,3920,-0.04775643038925239,-0.004018513868994509,-0.04775643038925238,-0.15111877001986043,0.0004111979505715995,0.000038888394137904494,0.0004111979505715965,0.001462422796524533
post_2021,3,pb_activity,4000,sell,2025-05,3517,-0.04417619106346082,-0.004608893138213754,-0.04417619106346081,-0.17332035794966885,-0.022015593886365092,-0.0025127183054004776,-0.022015593886365096,-0.09449237008942302
post_2021,3,pb_activity,4000,sell,2025-06,2874,-0.033487876504244375,-0.003505818166621173,-0.03348787650424436,-0.13183852203193624,-0.023247052686854716,-0.002685864352675221,-0.023247052686854727,-0.10100363732675788
post_2021,3,pb_activity,4000,sell,2025-07,2905,-0.07967448743261772,-0.008863668697726387,-0.0796744874326177,-0.33332389911574545,-0.03905169996868706,-0.004684662891063888,-0.039051699968687056,-0.1761697276989604
post_2021,3,pb_activity,4000,sell,2025-08,2892,-0.10798705543655722,-0.012682921653660037,-0.1079870554365572,-0.4769493357600199,-0.0703134492627324,-0.009057078822357822,-0.07031344926273238,-0.340597209871048
post_2021,3,pb_activity,4000,sell,2025-09,2047,-0.08477381510503147,-0.011578169173678168,-0.08477381510503146,-0.43540441607232877,-0.06843020109425663,-0.010087432435323831,-0.06843020109425665,-0.379344312843198
post_2021,3,pb_activity,4000,sell,2025-10,3822,-0.07191875020923309,-0.007059007136745939,-0.07191875020923305,-0.2654584532598315,-0.02144242708813257,-0.002360222785288142,-0.02144242708813257,-0.08875767906080116
post_2021,3,pb_activity,4000,sell,2025-11,4353,-0.1202897620742286,-0.009869285238869534,-0.12028976207422856,-0.37114074876797853,-0.0701759405327023,-0.0065801760592175676,-0.07017594053270229,-0.24745170602880154
post_2021,3,pb_activity,4000,sell,2025-12,3349,-0.05988703179667841,-0.0057220262157029,-0.05988703179667843,-0.21518043533710154,-0.027181632743515892,-0.002967519069761113,-0.02718163274351589,-0.11159544210929598
post_2021,4,pb_activity,4000,all,2026-01,5369,-0.07816945447963015,-0.008995606944240772,-0.07846089542228815,-0.29531764849844994,-0.06824585210086155,-0.008849430008323113,-0.06856723005968582,-0.290802732638326
post_2021,4,pb_activity,4000,all,2026-02,9037,-0.06817541347900541,-0.0047616922610123355,-0.0676332825463209,-0.15431576637559666,-0.027929804076623526,-0.002242406520853402,-0.02738030500646448,-0.0718126884830948
post_2021,4,pb_activity,4000,all,2026-03,7900,-0.04369205717287272,-0.004247634099590594,-0.04338510158691541,-0.137646254273673,-0.013266195717651417,-0.00147278300125266,-0.013095253700074552,-0.04744559604098663
post_2021,4,pb_activity,4000,all,2026-04,5341,-0.10014488753279562,-0.011774245141279026,-0.09980115768948493,-0.38330614451408557,-0.07145066202164818,-0.009459775626876077,-0.07131369843803652,-0.30844085989425174
post_2021,4,pb_activity,4000,all,2026-05,4519,-0.07353318656541845,-0.009534620765621513,-0.07324128862444393,-0.3102020809188447,-0.05209853415395582,-0.00737076602529049,-0.052099905179304205,-0.24078035245670742
post_2021,4,pb_activity,4000,buy,2026-01,2678,-0.06825039351037011,-0.007811776408836995,-0.0682503935103701,-0.24944708539923252,-0.056301862047522785,-0.007193512082745156,-0.056301862047522765,-0.2297045548814025
post_2021,4,pb_activity,4000,buy,2026-02,4501,-0.09453869163627995,-0.006716652084863748,-0.09453869163627994,-0.21447737345818113,-0.05404660258642919,-0.004393053516341396,-0.05404660258642918,-0.1402797953119292
post_2021,4,pb_activity,4000,buy,2026-03,4048,-0.05815739091285365,-0.0057794049908021705,-0.05815739091285357,-0.18454902634777426,-0.024381231333143207,-0.002758289129200776,-0.024381231333143225,-0.08807819732131275
post_2021,4,pb_activity,4000,buy,2026-04,2809,-0.11647544524704659,-0.013341823322774416,-0.11647544524704667,-0.42603356363511974,-0.08005582045971789,-0.010406046224258805,-0.08005582045971786,-0.33228778773476186
post_2021,4,pb_activity,4000,buy,2026-05,2238,-0.08808537250999009,-0.011549814257355394,-0.08808537250999005,-0.3688107995693048,-0.05411025263340221,-0.007758935214250871,-0.05411025263340219,-0.24775975062559377
post_2021,4,pb_activity,4000,sell,2026-01,2691,-0.08806492216381395,-0.010213610918751384,-0.088064922163814,-0.3413665589006937,-0.0809020656722444,-0.010661800423960782,-0.08090206567224441,-0.35634626689484156
post_2021,4,pb_activity,4000,sell,2026-02,4536,-0.042728664217107255,-0.0029327630242548695,-0.042728664217107255,-0.09802088895153122,-0.002227048191455578,-0.0001764496539267373,-0.0022270481914555837,-0.005897425666529335
post_2021,4,pb_activity,4000,sell,2026-03,3852,-0.028842531419621075,-0.0027304558399222512,-0.028842531419621068,-0.09125923453705535,-0.003889959872325997,-0.0004216045825834505,-0.0038899598723260032,-0.01409116782675236
post_2021,4,pb_activity,4000,sell,2026-04,2532,-0.08637691574286128,-0.01042474719414358,-0.08637691574286123,-0.348423305467906,-0.06693829966054342,-0.009026699929872992,-0.06693829966054342,-0.30169677676213835
post_2021,4,pb_activity,4000,sell,2026-05,2281,-0.05959944334591236,-0.007633343040388241,-0.05959944334591238,-0.2551270130940574,-0.05120542522980634,-0.007131724545530528,-0.0512054252298063,-0.2383615634570296
full_history,1,pb_activity,8000,all,2023-01,2675,0.12508556783478972,0.015989950989404984,0.12636538265446204,0.3003263439526956,0.05347993366137627,0.0074917276396275845,0.054215948105514236,0.14116337148532776
full_history,1,pb_activity,8000,all,2023-02,3057,0.03072601380544587,0.0037719641578322846,0.03071699991976855,0.07016414863692058,0.004463908424143483,0.0006071791367167457,0.004345756395598002,0.010998564070788284
full_history,1,pb_activity,8000,all,2023-03,5842,0.028287722622329335,0.002418849159031384,0.02841715385302384,0.045236965312462546,-0.013947483180698071,-0.001379360072875939,-0.013839267038322623,-0.025479737379421902
full_history,1,pb_activity,8000,all,2023-04,3699,0.03819960659200638,0.004196746333195458,0.038456594733194994,0.07860904719460955,0.02323685349591253,0.0028615734427136614,0.023355225907507077,0.05351334952817919
full_history,1,pb_activity,8000,all,2023-05,3563,0.056823384920787263,0.006817785585811114,0.05655370409580932,0.1262603838440393,0.045939095835899495,0.006234967204523336,0.04571114859367025,0.11544214611096335
full_history,1,pb_activity,8000,all,2023-06,3662,0.06682944249499896,0.006977915071828067,0.06677808701530592,0.1297979406197959,0.03974227821528319,0.004633020414935735,0.03948614340909881,0.08568804947682478
full_history,1,pb_activity,8000,all,2023-07,1603,0.05850588871958801,0.006539631460443626,0.05868888095379045,0.12202181102321707,0.06355517707643239,0.007987830562849933,0.06357664182817845,0.14862630665293894
full_history,1,pb_activity,8000,all,2023-08,1240,0.035462745105261026,0.004240761046998861,0.03628810645176462,0.08110232382810786,0.05256518088773284,0.0070149020658171685,0.05311520872868514,0.13247653266372802
full_history,1,pb_activity,8000,all,2023-09,1116,0.11543836388884711,0.016835005947206255,0.11495546178514522,0.31167871582102663,0.1071848346708576,0.017137795145722074,0.10669039908645415,0.3171602397934443
full_history,1,pb_activity,8000,all,2023-10,2616,0.013256372951228126,0.0012417647405232885,0.013740736098132438,0.02386089040627412,0.023339642787770246,0.002468102882671476,0.02361406170243432,0.04629150532558306
full_history,1,pb_activity,8000,all,2023-11,1628,0.022961654428296084,0.0032316250022733617,0.023008799632123267,0.06032554946001646,0.018156407130693317,0.002823496222036864,0.01818919668464113,0.05269480179770815
full_history,1,pb_activity,8000,all,2023-12,1705,0.0008788165346068617,0.0001404441612706703,0.001393234554460872,0.004155120707737305,-0.024518225363646447,-0.004313369690829954,-0.02440959398907509,-0.08013421896962528
full_history,1,pb_activity,8000,buy,2023-01,1336,0.04803744892496544,0.006182313136973006,0.04803744892496547,0.11294150572437761,0.009871619437639714,0.0014291055082340197,0.00987161943763972,0.026107595064002176
full_history,1,pb_activity,8000,buy,2023-02,1481,0.028543243087343403,0.0034489692077742866,0.028543243087343406,0.06300744832762789,0.008010604437743587,0.0010694670985866178,0.008010604437743577,0.019537545536911116
full_history,1,pb_activity,8000,buy,2023-03,2822,0.019455604702925584,0.001628604768510552,0.019455604702925573,0.029752144660136513,-0.016696176162250997,-0.0016076408159394569,-0.01669617616225098,-0.029369164970034105
full_history,1,pb_activity,8000,buy,2023-04,1825,0.022009645112470114,0.0023780317428787542,0.0220096451124701,0.04344304142326156,0.015692898226606033,0.0018932181297876612,0.015692898226606036,0.034586230348662164
full_history,1,pb_activity,8000,buy,2023-05,1778,0.07135116111687116,0.00863839890641858,0.07135116111687116,0.15781047609898677,0.059526851329476084,0.008076702649933256,0.05952685132947606,0.14754913547102577
full_history,1,pb_activity,8000,buy,2023-06,1810,0.06728122003323289,0.0068123918764137975,0.06728122003323286,0.12445209083721827,0.05349525665266681,0.006051210457257493,0.05349525665266682,0.11054645815504326
full_history,1,pb_activity,8000,buy,2023-07,761,0.04864214578918661,0.00553617876192908,0.048642145789186624,0.10113760844500572,0.06507578320723989,0.008176332365725021,0.0650757832072399,0.14936921961544097
full_history,1,pb_activity,8000,buy,2023-08,591,-0.027526399865744493,-0.002900910582401256,-0.027526399865744497,-0.05299524658315765,0.006664240044208119,0.0007847193998176829,0.006664240044208107,0.014335635970379346
full_history,1,pb_activity,8000,buy,2023-09,572,0.1400779948346394,0.02026901138376722,0.14007799483463937,0.3702841662187413,0.13269037289825272,0.021078803599978633,0.1326903728982527,0.38507784460358896
full_history,1,pb_activity,8000,buy,2023-10,1334,-0.009123285136469454,-0.0009256102439924873,-0.009123285136469445,-0.016909498492599012,0.01230594572228807,0.0014095763401884055,0.012305945722288048,0.02575082671601514
full_history,1,pb_activity,8000,buy,2023-11,759,0.020937160531372918,0.0028621262995395477,0.020937160531372907,0.05228671642498026,0.013109315260687952,0.0019841332562903144,0.013109315260687947,0.03624711213398043
full_history,1,pb_activity,8000,buy,2023-12,852,-0.032653187010603386,-0.004484033452849493,-0.03265318701060337,-0.08191650579046254,-0.029061445376859674,-0.0044493472933839545,-0.029061445376859674,-0.08128284214531231
full_history,1,pb_activity,8000,sell,2023-01,1339,0.20063187414983635,0.02546724284150049,0.20063187414983633,0.48167799458633687,0.10094735910301357,0.013544200688154047,0.10094735910301353,0.2561699932084421
full_history,1,pb_activity,8000,sell,2023-02,1576,0.031699117983097436,0.003944486787135802,0.03169911798309745,0.07460456151946494,0.00040260259477330543,0.000055758525849413835,0.0004026025947733015,0.0010545960974020054
full_history,1,pb_activity,8000,sell,2023-03,3020,0.036226666626916065,0.0031569830445777177,0.03622666662691605,0.05971000753082185,-0.011498026667665365,-0.0011664109001677306,-0.011498026667665345,-0.022061063569115195
full_history,1,pb_activity,8000,sell,2023-04,1874,0.053481009046798374,0.00596541018906739,0.053481009046798346,0.11282755791971646,0.03000302373431092,0.003762513926388132,0.030003023734310907,0.07116279425869014
full_history,1,pb_activity,8000,sell,2023-05,1785,0.04346070988488954,0.005179562491602556,0.04346070988488953,0.09796432575434368,0.03404291786847765,0.004625014239388121,0.034042917868477664,0.08747580559177898
full_history,1,pb_activity,8000,sell,2023-06,1852,0.06643891365064361,0.007135612902887966,0.06643891365064357,0.13496033844726,0.02711772069187887,0.0032453002402471937,0.027117720691878868,0.06138040624505718
full_history,1,pb_activity,8000,sell,2023-07,842,0.06577038486653076,0.00722088943936402,0.06577038486653076,0.1365732272601831,0.05836517146077529,0.007356427071926427,0.058365171460775266,0.13913673582096284
full_history,1,pb_activity,8000,sell,2023-08,649,0.07793346733421357,0.01014589740573339,0.07793346733421358,0.1918957441167762,0.0793588677911581,0.01148696126411621,0.07935886779115812,0.21726012902244873
full_history,1,pb_activity,8000,sell,2023-09,544,0.08859495302644416,0.013080232071983236,0.08859495302644416,0.24739466271903496,0.07891256312341582,0.012721168249733876,0.07891256312341581,0.24060346263090698
full_history,1,pb_activity,8000,sell,2023-10,1282,0.03997326507082403,0.0034058460741461295,0.03997326507082403,0.06441691065948936,0.03675547354016631,0.0035361051695417625,0.036755473540166284,0.06688058292418202
full_history,1,pb_activity,8000,sell,2023-11,869,0.02778644197219955,0.0039875816424183785,0.02778644197219956,0.07541964164410547,0.021309291980014217,0.0033758939420814116,0.021309291980014248,0.06385040713194576
full_history,1,pb_activity,8000,sell,2023-12,853,0.02875441086845122,0.0052291262606411985,0.028754410868451225,0.09890175651680415,-0.01832630064989372,-0.003620497998116251,-0.018326300649893722,-0.06847675761330022
full_history,2,pb_activity,8000,all,2024-01,2219,0.055483328120560615,0.007345046691320374,0.05582547740925702,0.16554825172299242,0.04233027640401118,0.006284234476865016,0.042522301106933925,0.1414067964902218
full_history,2,pb_activity,8000,all,2024-02,2223,0.0009784021743351867,0.00010008175026898124,0.0016260428222361633,0.003717001574962949,-0.010498745731590481,-0.00119483576833962,-0.010268787128561123,-0.026115939651246988
full_history,2,pb_activity,8000,all,2024-03,5158,-0.031562544942966814,-0.0031667959109687085,-0.030944275882233092,-0.06948971880111814,-0.02782914556740922,-0.003157179927419094,-0.02755142764158342,-0.06995985949504399
full_history,2,pb_activity,8000,all,2024-04,4302,-0.011790884800481856,-0.0014050926571623848,-0.01143911018789041,-0.030476910570004363,-0.012494360889151292,-0.0016678229884582482,-0.012291984800092215,-0.03668412077843808
full_history,2,pb_activity,8000,all,2024-05,3000,-0.04700914014794651,-0.006122487396191362,-0.04593910515290887,-0.13373851662146471,-0.024542328497822726,-0.0035411086118436164,-0.023758119011176887,-0.07662627163032122
full_history,2,pb_activity,8000,all,2024-06,1217,-0.039747747881782994,-0.00662210454716981,-0.040089612182311905,-0.14929612905022918,-0.024957828834243176,-0.004435238858962268,-0.024997952964280274,-0.09929398045564194
full_history,2,pb_activity,8000,all,2024-07,2778,-0.07771432891803613,-0.01155137663346601,-0.0770603996174889,-0.25569987053268484,-0.059623296300777465,-0.009636880498594702,-0.059060262697171,-0.2131027782556
full_history,2,pb_activity,8000,all,2024-08,4003,-0.061290626131174405,-0.006288270037272485,-0.0608734025456935,-0.1396623171738427,-0.047034794653285875,-0.005514684716002101,-0.046896998606209744,-0.122960503502169
full_history,2,pb_activity,8000,all,2024-09,2637,0.01667803959584982,0.0027282119364331454,0.017533710923181633,0.06408609533132807,0.027427679563014156,0.004924160402544023,0.02816882142647041,0.11299946098789046
full_history,2,pb_activity,8000,all,2024-10,2738,-0.1073639724562622,-0.01648522966909452,-0.107195054019749,-0.3675039586275195,-0.0725774535707131,-0.012274530489048198,-0.0726598677988821,-0.27438957403245773
full_history,2,pb_activity,8000,all,2024-11,4698,-0.0972555682162042,-0.010035243787199449,-0.09631935537231996,-0.22206307691874824,-0.049639023251470404,-0.0056428651008176975,-0.048993628373363074,-0.12445439718306348
full_history,2,pb_activity,8000,all,2024-12,3856,-0.10177876973127391,-0.013407492038445606,-0.10154107045808658,-0.2990955290437652,-0.059343180581262533,-0.00852928905914686,-0.05903929447856349,-0.18973973588740012
full_history,2,pb_activity,8000,buy,2024-01,1033,0.034859473410957444,0.0043839979445506935,0.03485947341095745,0.09606088774916224,0.030137975103171583,0.0042427710561359425,0.030137975103171583,0.09296636525011871
full_history,2,pb_activity,8000,buy,2024-02,1094,-0.037546466161692334,-0.0036927296336429095,-0.03754646616169232,-0.08091401759581159,-0.022892553661711244,-0.0025295978542321,-0.022892553661711244,-0.05542781237567748
full_history,2,pb_activity,8000,buy,2024-03,2444,-0.06818242480516352,-0.006582251841472205,-0.06818242480516348,-0.14422838771316557,-0.045133317274427265,-0.0049418329794081745,-0.04513331727442727,-0.10828400677060303
full_history,2,pb_activity,8000,buy,2024-04,2058,-0.03151551428414572,-0.003808264850399212,-0.031515514284145736,-0.08344559165863652,-0.024186819108192755,-0.0032102924095427344,-0.02418681910819276,-0.0703429934720642
full_history,2,pb_activity,8000,buy,2024-05,1457,-0.10467374089733462,-0.013423550462926623,-0.10467374089733465,-0.29413293311809835,-0.0652225459965203,-0.00934359522964534,-0.06522254599652028,-0.2047341408187083
full_history,2,pb_activity,8000,buy,2024-06,576,-0.020893963838415183,-0.0035884533731695176,-0.020893963838415186,-0.07862914650806677,-0.022415197967568985,-0.004064247287843756,-0.022415197967569005,-0.08905460436807057
full_history,2,pb_activity,8000,buy,2024-07,1358,-0.11643433145601824,-0.01806321698130305,-0.11643433145601823,-0.3957959562883756,-0.09347570040654415,-0.015712518042423906,-0.09347570040654418,-0.3442881249080195
full_history,2,pb_activity,8000,buy,2024-08,1911,-0.08620963921613338,-0.008936412441705623,-0.08620963921613338,-0.19581207001019268,-0.056729600152883655,-0.006645316746545431,-0.05672960015288369,-0.14561024756888946
full_history,2,pb_activity,8000,buy,2024-09,1319,-0.030278560892322944,-0.004942507199381833,-0.030278560892322944,-0.10829878008254948,-0.010960579688844861,-0.001992940675711772,-0.010960579688844852,-0.043668736382108164
full_history,2,pb_activity,8000,buy,2024-10,1345,-0.11611571417234115,-0.01788381801082662,-0.11611571417234114,-0.39186501823064396,-0.0636012660719136,-0.010898501948250577,-0.06360126607191356,-0.23880480454746694
full_history,2,pb_activity,8000,buy,2024-11,2312,-0.1460318308985748,-0.015146768274682726,-0.14603183089857485,-0.33189158056185875,-0.0783501975861466,-0.009027369523580046,-0.07835019758614659,-0.19780509513074293
full_history,2,pb_activity,8000,buy,2024-12,1857,-0.11149397008997707,-0.014757908623063995,-0.11149397008997701,-0.3233710009865977,-0.07148614652399773,-0.010357771617946262,-0.07148614652399769,-0.2269564788368002
full_history,2,pb_activity,8000,sell,2024-01,1186,0.07377572024723321,0.010146684163061734,0.07377572024723318,0.23071476382128675,0.053961122556997386,0.008351577021387712,0.05396112255699738,0.18989771328837105
full_history,2,pb_activity,8000,sell,2024-02,1129,0.035452623631833394,0.003762300064806432,0.03545262363183342,0.08554697839483223,0.004166222804008431,0.0004860198893843006,0.004166222804008429,0.01105109434665909
full_history,2,pb_activity,8000,sell,2024-03,2714,-0.0028764652129147925,-0.0002972046069913063,-0.002876465212914806,-0.006757822516859215,-0.015790344606347668,-0.0018366280860354768,-0.015790344606347664,-0.04176115155331251
full_history,2,pb_activity,8000,sell,2024-04,2244,0.006741218246458242,0.000793313297603163,0.006741218246458244,0.018038315488236457,-0.0030938344382340733,-0.0004150638969914909,-0.0030938344382340647,-0.009437700772607789
full_history,2,pb_activity,8000,sell,2024-05,1543,0.005134847932422408,0.0006782708169796728,0.005134847932422401,0.015422485693998088,0.013308809863381758,0.0019298723716420654,0.013308809863381756,0.04388133515079993
full_history,2,pb_activity,8000,sell,2024-06,641,-0.0541900472253352,-0.008744563928928507,-0.0541900472253352,-0.19883342865124817,-0.02623863762769275,-0.004551065659762768,-0.02623863762769274,-0.10348188846261484
full_history,2,pb_activity,8000,sell,2024-07,1420,-0.041273308084801806,-0.005889847226146887,-0.04127330808480183,-0.13392303238045247,-0.029225211721833216,-0.004562049263002005,-0.02922521172183322,-0.10373163304779402
full_history,2,pb_activity,8000,sell,2024-08,2092,-0.04031647576557166,-0.004098314456304609,-0.04031647576557167,-0.09318725572378209,-0.04059630939906824,-0.00475529550267456,-0.040596309399068234,-0.10812565574810763
full_history,2,pb_activity,8000,sell,2024-09,1318,0.060304197863830955,0.009885821165327675,0.060304197863830934,0.22478327487921196,0.06224572536419165,0.011055884657283688,0.06224572536419162,0.2513881162110511
full_history,2,pb_activity,8000,sell,2024-10,1393,-0.09824499238290348,-0.015024070798895705,-0.09824499238290348,-0.34161652124939845,-0.07838221238377213,-0.013098590756569153,-0.07838221238377215,-0.29783505864852416
full_history,2,pb_activity,8000,sell,2024-11,2386,-0.054019154292360934,-0.0055370514817873135,-0.054019154292360955,-0.12590118154435492,-0.025467575663870003,-0.002854552989965373,-0.02546757566387,-0.06490667377750348
full_history,2,pb_activity,8000,sell,2024-12,1999,-0.09510394191524997,-0.012466990561874594,-0.09510394191525,-0.28347376707714417,-0.05113873030314907,-0.007305772340929301,-0.05113873030314907,-0.1661182621910825
full_history,3,pb_activity,8000,all,2025-01,3682,-0.035613994935934555,-0.004397463691439012,-0.034928610270611636,-0.09025394712123572,-0.008354552837279719,-0.0011324984783191707,-0.00811816062535275,-0.023030741003199646
full_history,3,pb_activity,8000,all,2025-02,2680,-0.03878126456909817,-0.004791971267300304,-0.03818254311650851,-0.09870537036359317,-0.009270461485070138,-0.0012698213895528964,-0.00833579392364088,-0.023886852718658508
full_history,3,pb_activity,8000,all,2025-03,3678,-0.035235994007019725,-0.004018574859097739,-0.03487278660433138,-0.08312800169501307,0.01194927823268422,0.0015224011410064028,0.012429903517417532,0.0330999798830534
full_history,3,pb_activity,8000,all,2025-04,3321,-0.06347883994715552,-0.008488749102541916,-0.06274737795666217,-0.17506852639778642,-0.031202060657253106,-0.004627363202803207,-0.030286439808963613,-0.09370926241743206
full_history,3,pb_activity,8000,all,2025-05,2261,-0.06753098344080359,-0.01114601918135395,-0.06611814224489634,-0.22838932518047006,-0.030926640998883783,-0.005462832115836917,-0.02986164353914501,-0.11040616807752826
full_history,3,pb_activity,8000,all,2025-06,1352,-0.041612058155934106,-0.00718311458548105,-0.04062740578316921,-0.1468869018140362,-0.004315929027204156,-0.0008149611317119057,-0.0033617674009841967,-0.013295787780462705
full_history,3,pb_activity,8000,all,2025-07,1315,-0.0516066206877579,-0.010014344320624443,-0.051123348942835836,-0.20752107270976275,-0.006317585025600499,-0.0013201514639772428,-0.005818932240838138,-0.02543614475246814
full_history,3,pb_activity,8000,all,2025-08,1095,-0.07734584229816131,-0.013301412297517676,-0.07871816359260438,-0.28367858737186324,-0.020314118511375247,-0.003844988277611839,-0.021363569168648663,-0.0847222237907041
full_history,3,pb_activity,8000,all,2025-09,299,-0.00046813636856243374,-0.00009456676572506253,-0.0005722158339840052,-0.0024183416666233395,0.03727622092501637,0.008217619602464935,0.036875113872827284,0.17006903259651923
full_history,3,pb_activity,8000,all,2025-10,2919,-0.07956075454237958,-0.011823365898271708,-0.07898055672574235,-0.2456971886275351,-0.0359859800096284,-0.005866346024292642,-0.03542242363208197,-0.1208811072597342
full_history,3,pb_activity,8000,all,2025-11,3599,-0.1448881658571748,-0.019343960308231167,-0.1453155556386695,-0.4057451107507502,-0.08778358952797921,-0.01307776980329554,-0.08811434159471423,-0.27452125841923497
full_history,3,pb_activity,8000,all,2025-12,2468,-0.08896120506575346,-0.014924613975222325,-0.0884161592730968,-0.31011290128944063,-0.04895892872958017,-0.009214606597054077,-0.04806260643716607,-0.18911131093887515
full_history,3,pb_activity,8000,buy,2025-01,1794,-0.06998610878220816,-0.008714867898671187,-0.06998610878220818,-0.17845418421391138,-0.020342780396913993,-0.0027666009798563906,-0.02034278039691397,-0.056651635646819104
full_history,3,pb_activity,8000,buy,2025-02,1302,-0.07006156598917818,-0.008804093385448028,-0.0700615659891782,-0.18028125280967042,-0.05525410779243569,-0.007642632037964147,-0.05525410779243562,-0.1564980308869572
full_history,3,pb_activity,8000,buy,2025-03,1823,-0.05182865327451726,-0.006012025424248106,-0.05182865327451726,-0.12310813027023369,-0.009058802827993722,-0.0011734258077205518,-0.009058802827993725,-0.024028217947428644
full_history,3,pb_activity,8000,buy,2025-04,1699,-0.09389543365591677,-0.013168365888624873,-0.09389543365591681,-0.26964837785357165,-0.06930863033335286,-0.010809769544571858,-0.06930863033335284,-0.22135144537429996
full_history,3,pb_activity,8000,buy,2025-05,1077,-0.13639483869911287,-0.022362466639936962,-0.13639483869911287,-0.45791580407653026,-0.08109034670456843,-0.014212395129233706,-0.08109034670456844,-0.29102694475723373
full_history,3,pb_activity,8000,buy,2025-06,641,-0.10054622180580562,-0.018510848513465464,-0.10054622180580562,-0.3790462929543034,-0.0647448031626903,-0.013234507218441709,-0.06474480316269028,-0.27100275260629586
full_history,3,pb_activity,8000,buy,2025-07,636,-0.06701353018541337,-0.013266209165039415,-0.06701353018541335,-0.27165191276384104,-0.020886264723769785,-0.004521589685502639,-0.020886264723769792,-0.0925885059943873
full_history,3,pb_activity,8000,buy,2025-08,506,-0.005358678397228669,-0.000980441926480442,-0.005358678397228661,-0.020076490681615485,0.03899706181748959,0.007729349136858424,0.038997061817489596,0.15827373527175168
full_history,3,pb_activity,8000,buy,2025-09,131,0.0037991477848945583,0.0007978350749106836,0.003799147784894574,0.016337253655002642,0.054578504287212594,0.012734496497836105,0.054578504287212566,0.2607640425901073
full_history,3,pb_activity,8000,buy,2025-10,1357,-0.11214130553805988,-0.01722352845806579,-0.11214130553805983,-0.35268586466329244,-0.06428853382922282,-0.010987244049848143,-0.06428853382922284,-0.22498558744347297
full_history,3,pb_activity,8000,buy,2025-11,1641,-0.12950988903473004,-0.018323488063698212,-0.12950988903473004,-0.37520971658780855,-0.07438047530068934,-0.011611746022789186,-0.07438047530068931,-0.23777350246604778
full_history,3,pb_activity,8000,buy,2025-12,1209,-0.11927411487344937,-0.020734073201953515,-0.1192741148734494,-0.42457122261719105,-0.09654872304256874,-0.01861064831573596,-0.09654872304256878,-0.3810898916073142
full_history,3,pb_activity,8000,sell,2025-01,1888,-0.004209238983239829,-0.000515229579141324,-0.004209238983239815,-0.010993014531993356,0.00020044226329427514,0.000026958442461510297,0.0002004422632942847,0.0005751893170287152
full_history,3,pb_activity,8000,sell,2025-02,1378,-0.00937441645115828,-0.0011402515790279908,-0.009374416451158283,-0.02432857639748367,0.03402139334634572,0.004617003792591913,0.03402139334634572,0.09850907603328715
full_history,3,pb_activity,8000,sell,2025-03,1855,-0.018374784137903805,-0.002060225021937827,-0.018374784137903794,-0.04395726589122438,0.03374410132290826,0.004230735093745121,0.03374410132290827,0.09026758992382561
full_history,3,pb_activity,8000,sell,2025-04,1622,-0.02831086815198163,-0.00359370346271963,-0.028310868151981628,-0.07667578879145741,0.012949054140357947,0.0018184189893994949,0.012949054140357965,0.03879805660427382
full_history,3,pb_activity,8000,sell,2025-05,1184,-0.003091170190640702,-0.0005132919730055825,-0.003091170190640715,-0.010951673480800233,0.017176117796350334,0.0030445663572661787,0.017176117796350306,0.06495931826123826
full_history,3,pb_activity,8000,sell,2025-06,711,0.003371330325578584,0.0005540373386605252,0.003371330325578581,0.011821022630945472,0.038700653962605594,0.006880155432362019,0.03870065396260558,0.14679601426684163
full_history,3,pb_activity,8000,sell,2025-07,679,-0.03953256269276206,-0.007546811815122186,-0.03953256269276208,-0.1610198934853878,0.0034612520368079444,0.000701631572840881,0.003461252036807955,0.01497011504890626
full_history,3,pb_activity,8000,sell,2025-08,589,-0.12832940050872485,-0.020954851877832484,-0.12832940050872477,-0.44709582006664017,-0.06475864484337227,-0.01180542234089903,-0.06475864484337229,-0.25188223775138635
full_history,3,pb_activity,8000,sell,2025-09,168,-0.009077047184404241,-0.0017377488503755854,-0.009077047184404264,-0.03707686658240882,0.016199906867974904,0.0034025292356381948,0.016199906867974876,0.07259686719702706
full_history,3,pb_activity,8000,sell,2025-10,1562,-0.0516079644954019,-0.007448195720274445,-0.051607964495401906,-0.15891580589484924,-0.01218844538744995,-0.0019106040045195492,-0.012188445387449953,-0.04076492972622406
full_history,3,pb_activity,8000,sell,2025-11,1958,-0.1590713411598501,-0.02011477592517355,-0.15907134115985014,-0.42917183524622554,-0.10040072351674835,-0.014307908887379931,-0.10040072351674838,-0.3052756609656165
full_history,3,pb_activity,8000,sell,2025-12,1259,-0.060121551803134644,-0.009750371732210314,-0.06012155180313463,-0.20803537390683188,-0.0008376239344845965,-0.00015408360462111937,-0.0008376239344845979,-0.0032875505858277958
full_history,4,pb_activity,8000,all,2026-01,1501,-0.08711796009541108,-0.01682872095871749,-0.08664869200815277,-0.30972692164574095,-0.05791507591845002,-0.012348581907423203,-0.057131230712254046,-0.22539304924989859
full_history,4,pb_activity,8000,all,2026-02,4226,-0.04660396177335487,-0.004672770186612247,-0.04682157763854295,-0.08674080701859778,-0.005809006813187579,-0.000652297848956631,-0.005978172460763251,-0.012403130769065013
full_history,4,pb_activity,8000,all,2026-03,3383,-0.05299514536723654,-0.008414636507478456,-0.05314349374633984,-0.15601699035179764,-0.013227116403560191,-0.002337541687105027,-0.013474570660521185,-0.044028759900967634
full_history,4,pb_activity,8000,all,2026-04,1641,-0.10981492077686682,-0.020868875158935627,-0.1098775571057684,-0.38574745554916473,-0.06096513239712318,-0.012817597693037754,-0.06160544823379317,-0.23930997256969583
full_history,4,pb_activity,8000,all,2026-05,648,-0.1926380374599093,-0.03992867542893386,-0.19091876758443377,-0.7300232984164844,-0.1468182154632051,-0.03306149289176279,-0.14477471110576562,-0.6013810126557969
full_history,4,pb_activity,8000,buy,2026-01,765,-0.11679753079556396,-0.022786053883714633,-0.11679753079556389,-0.4118555076784099,-0.10006091551581636,-0.021222252802568516,-0.10006091551581639,-0.38358996896467074
full_history,4,pb_activity,8000,buy,2026-02,2104,-0.04116751124792634,-0.00418226813595719,-0.04116751124792634,-0.07559405306299932,-0.0009060915144368097,-0.00010260546525594003,-0.0009060915144368031,-0.001854582904052857
full_history,4,pb_activity,8000,buy,2026-03,1750,-0.05134060783965388,-0.008126436181327194,-0.05134060783965387,-0.14688447223715106,-0.010028519404214571,-0.0017660737330714381,-0.010028519404214585,-0.03192159544797255
full_history,4,pb_activity,8000,buy,2026-04,866,-0.1059751909152884,-0.01915601680659783,-0.10597519091528843,-0.34624297244448254,-0.03182907255624361,-0.006432055594658644,-0.03182907255624361,-0.11625872280795439
full_history,4,pb_activity,8000,buy,2026-05,334,-0.26762761655160644,-0.05706580772424238,-0.26762761655160644,-1.0314584232658228,-0.2328241943437373,-0.05339860276330844,-0.2328241943437373,-0.9651740824732422
full_history,4,pb_activity,8000,sell,2026-01,736,-0.06431793069909797,-0.012355496224264493,-0.064317930699098,-0.23365997551099968,-0.01871361235265957,-0.004010908039503498,-0.01871361235265956,-0.07585196557680524
full_history,4,pb_activity,8000,sell,2026-02,2122,-0.05318294709224082,-0.0052677372405731775,-0.05318294709224079,-0.09962039017206538,-0.012086628851585443,-0.0013464725793641934,-0.012086628851585438,-0.02546370815140599
full_history,4,pb_activity,8000,sell,2026-03,1633,-0.05907052739663948,-0.009371934253489296,-0.05907052739663953,-0.17723658268459114,-0.02209361082780923,-0.0039055911700296465,-0.02209361082780924,-0.0738602740497724
full_history,4,pb_activity,8000,sell,2026-04,775,-0.11958325839568527,-0.024004540838163627,-0.11958325839568529,-0.45395994807420154,-0.09587028786777418,-0.021078141549715147,-0.09587028786777416,-0.3986175827282091
full_history,4,pb_activity,8000,sell,2026-05,314,-0.10493737038052961,-0.020955543415533847,-0.10493737038052957,-0.3962990779502106,-0.04096167017288102,-0.008977641770744484,-0.04096167017288099,-0.1697799520329308
post_2021,1,pb_activity,8000,all,2023-01,2675,0.14237396687376405,0.018275842025066245,0.14358954106555097,0.3618646555223323,0.06846797678425313,0.00953657009974468,0.06918164071265184,0.18912441407216984
post_2021,1,pb_activity,8000,all,2023-02,3057,0.049812925762224396,0.00611880875165048,0.04978835324437266,0.12015478238117318,0.021848840991659273,0.0029554284981390955,0.021754084847355068,0.05781178425179365
post_2021,1,pb_activity,8000,all,2023-03,5842,0.047905589749701535,0.004102257246111565,0.048010090573703604,0.0808130498863668,0.0029210422797649235,0.0002866057184614179,0.0030028915785914366,0.005791582586013144
post_2021,1,pb_activity,8000,all,2023-04,3699,0.059788994079509765,0.00658654934578191,0.06001259946333636,0.12988230820400556,0.04180258853324635,0.005123562986891491,0.04190739261674731,0.10090946338170123
post_2021,1,pb_activity,8000,all,2023-05,3563,0.08058799957004696,0.009700335750426758,0.08035620231088997,0.19004185334729015,0.06376881086447601,0.008615532658879502,0.06360003190219266,0.16882906369729234
post_2021,1,pb_activity,8000,all,2023-06,3662,0.0903245042948542,0.009470570083462282,0.09024993006779843,0.18600064568940364,0.05986971537218325,0.006947536930778031,0.059611378058002484,0.13596827439800482
post_2021,1,pb_activity,8000,all,2023-07,1603,0.08235263718422584,0.009228415468003851,0.08255000978168235,0.1816815154029395,0.07996617189086243,0.01000321271974609,0.08000047709769503,0.19654426746610756
post_2021,1,pb_activity,8000,all,2023-08,1240,0.057477333427399295,0.006882396348447212,0.05817293667314366,0.13745012863307743,0.06787629545218522,0.008999169118227015,0.06841084610387886,0.17897192835702055
post_2021,1,pb_activity,8000,all,2023-09,1116,0.13579620650091753,0.019874290663190443,0.1353455135822291,0.3888419887564145,0.12336249242284446,0.019705697263679985,0.12289921482979266,0.3853948802807049
post_2021,1,pb_activity,8000,all,2023-10,2616,0.037721982176620567,0.003541502067148498,0.038235027390405914,0.07027418997296614,0.04328043178053302,0.004550827525465446,0.04359824733896812,0.0897439898611968
post_2021,1,pb_activity,8000,all,2023-11,1628,0.04232644750260219,0.005970590997733847,0.0423453886525937,0.11748611293808849,0.03550304702079224,0.005478585370412335,0.03549853389513792,0.10774437231440191
post_2021,1,pb_activity,8000,all,2023-12,1705,0.019279504212053985,0.003082814881313464,0.019674450901197044,0.061985883340223785,-0.011765285264286069,-0.0020581564539483184,-0.011747884461076653,-0.04049020829068779
post_2021,1,pb_activity,8000,buy,2023-01,1336,0.06605867975445487,0.008521769330014766,0.06605867975445485,0.16448430639220277,0.023239668852092905,0.0033412630716505207,0.02323966885209289,0.06449192855744248
post_2021,1,pb_activity,8000,buy,2023-02,1481,0.04802242424904845,0.0058054995816782685,0.048022424249048436,0.11205578735735607,0.024247581554611427,0.0032113711420648596,0.02424758155461142,0.061984798510095244
post_2021,1,pb_activity,8000,buy,2023-03,2822,0.039820836351710034,0.0033379681439994514,0.039820836351710034,0.06442833097948532,0.001231994948356431,0.00011760665918681588,0.001231994948356429,0.002270003917533161
post_2021,1,pb_activity,8000,buy,2023-04,1825,0.044493361757805015,0.004817699850456863,0.04449336175780501,0.09298961138471032,0.033550876109117146,0.004043385238155403,0.03355087610911716,0.0780440528977931
post_2021,1,pb_activity,8000,buy,2023-05,1778,0.09417244882843127,0.011433611102318096,0.09417244882843123,0.22068769041883024,0.07462688777209257,0.010068235708996318,0.0746268877720926,0.19433367685212832
post_2021,1,pb_activity,8000,buy,2023-06,1810,0.09137285093970078,0.00928194120543394,0.0913728509397008,0.17915688656012504,0.07340686534530687,0.008265876561387652,0.07340686534530685,0.15954515080978593
post_2021,1,pb_activity,8000,buy,2023-07,761,0.07087391181864028,0.008086391785274843,0.07087391181864024,0.15608079642942346,0.08046352220963378,0.010093402143659636,0.08046352220963378,0.19481943085339895
post_2021,1,pb_activity,8000,buy,2023-08,591,-0.0014231365252200519,-0.00014973268094303213,-0.001423136525220039,-0.0028900895125632806,0.01825623688421347,0.0021299216812873108,0.018256236884213437,0.041111027164549
post_2021,1,pb_activity,8000,buy,2023-09,572,0.16101636281137965,0.023416788302144203,0.16101636281137968,0.45198291958514714,0.14935198624121518,0.023728607569603058,0.14935198624121518,0.45800154951297756
post_2021,1,pb_activity,8000,buy,2023-10,1334,0.014388524004631458,0.0014625761039141923,0.014388524004631453,0.028230148773308757,0.030656646060927495,0.003499244045836552,0.0306566460609275,0.06754122383355725
post_2021,1,pb_activity,8000,buy,2023-11,759,0.04200392409033912,0.005756686935145956,0.04200392409033913,0.11111362218048892,0.033544410195196495,0.0050306226757103984,0.03354441019519649,0.09709937566846562
post_2021,1,pb_activity,8000,buy,2023-12,852,-0.01066887230453611,-0.0014636209377545182,-0.01066887230453612,-0.028250315802345275,-0.012346741302442284,-0.0018766963012897752,-0.012346741302442312,-0.03622335661436243
post_2021,1,pb_activity,8000,sell,2023-01,1339,0.21691268888774534,0.027696515306352913,0.2169126888877453,0.5528179585221858,0.11754707705180763,0.015718900153763208,0.11754707705180756,0.3137467005181061
post_2021,1,pb_activity,8000,sell,2023-02,1576,0.05042796383194239,0.006279004694382345,0.05042796383194236,0.1253279164654866,0.01958851429001822,0.002704567955885377,0.01958851429001822,0.05398273824411868
post_2021,1,pb_activity,8000,sell,2023-03,3020,0.05518182392161928,0.004815942294346032,0.05518182392161926,0.0961254279851714,0.00430979654851289,0.0004339565937798694,0.004309796548512896,0.008661703308415905
post_2021,1,pb_activity,8000,sell,2023-04,1874,0.07421718940142707,0.008304800968275978,0.07421718940142703,0.16576248190191362,0.04921526132387929,0.006118934797699421,0.04921526132387926,0.12213294725992686
post_2021,1,pb_activity,8000,sell,2023-05,1785,0.0680926089047989,0.008144292546791948,0.06809260890479889,0.16255875981236728,0.05455925692017269,0.0073880862764566,0.054559256920172626,0.14746500516617997
post_2021,1,pb_activity,8000,sell,2023-06,1852,0.08941367283364794,0.009650734229753424,0.08941367283364797,0.19262709175217882,0.04705917093443384,0.005606070408386393,0.04705917093443384,0.11189625713617968
post_2021,1,pb_activity,8000,sell,2023-07,842,0.09115474029503279,0.01003310142685255,0.09115474029503277,0.2002590790606221,0.0767052289393088,0.00959210726745576,0.0767052289393088,0.19145690708261803
post_2021,1,pb_activity,8000,sell,2023-08,649,0.09722521900838228,0.012694340770338952,0.0972252190083823,0.2533769852207382,0.09660738298257872,0.013941749616248882,0.09660738298257872,0.2782750636977899
post_2021,1,pb_activity,8000,sell,2023-09,544,0.1083919769267894,0.01603547527208847,0.10839197692678937,0.32006548859291295,0.0950941999608881,0.015279253851334317,0.0950941999608881,0.30497143154682077
post_2021,1,pb_activity,8000,sell,2023-10,1282,0.0657094198559178,0.005614030232375444,0.06570941985591779,0.1120551339334645,0.05878441783872438,0.005609336651792867,0.05878441783872437,0.11196145082542293
post_2021,1,pb_activity,8000,sell,2023-11,869,0.04585872548188053,0.0065942301426641274,0.04585872548188053,0.13161976534487993,0.037317194994076174,0.005869101015439484,0.03731719499407616,0.11714630544050865
post_2021,1,pb_activity,8000,sell,2023-12,853,0.04435139769148303,0.008077520393774832,0.04435139769148306,0.16122599845561345,-0.007587757277865948,-0.0014914073548335737,-0.007587757277865938,-0.029768249186025008
post_2021,2,pb_activity,8000,all,2024-01,2219,0.06777528532619079,0.008986577627860318,0.06810109257218806,0.21502348695491494,0.05275326632804384,0.007811863455264193,0.05293658780115942,0.18666337365688399
post_2021,2,pb_activity,8000,all,2024-02,2223,0.014971419906417071,0.0015317868822045397,0.015568932904511697,0.037842445876113476,0.0028756679361299268,0.000325258044647219,0.0030430016226922155,0.008176456492419742
post_2021,2,pb_activity,8000,all,2024-03,5158,-0.018891904882737245,-0.0018953760582285798,-0.018296207471284718,-0.043675374229176174,-0.01633853162889371,-0.0018446336743574811,-0.01605939462285615,-0.04314116720009057
post_2021,2,pb_activity,8000,all,2024-04,4302,0.002331500704386558,0.0002778169867002665,0.002700870400517005,0.007649062907067812,-0.0015424875563485893,-0.00020479088280589173,-0.0013323545551438387,-0.0042042356443884035
post_2021,2,pb_activity,8000,all,2024-05,3000,-0.0321072714393496,-0.0041764463212396715,-0.03105950608723808,-0.0960067164834567,-0.01417065829082908,-0.002035442653329391,-0.013397629818521472,-0.0457313177404227
post_2021,2,pb_activity,8000,all,2024-06,1217,-0.02713362867451745,-0.004517736607969318,-0.027451466805207454,-0.10860326966620279,-0.016475814273053134,-0.0029199745348892736,-0.016496714979240067,-0.06946631315543986
post_2021,2,pb_activity,8000,all,2024-07,2778,-0.06359970001865801,-0.009443642733422535,-0.06293933918720881,-0.22178581587823565,-0.04859600355479158,-0.007817853479575549,-0.04803865819277681,-0.18340476162916308
post_2021,2,pb_activity,8000,all,2024-08,4003,-0.04776183972976733,-0.004895548665834401,-0.04734322135060607,-0.1153586134609311,-0.036233178704047575,-0.004225950114696339,-0.03607820597447124,-0.10003140531533053
post_2021,2,pb_activity,8000,all,2024-09,2637,0.029246609994617884,0.004783783422970658,0.03007714044510106,0.11685621962281788,0.03869845541826988,0.006915603518767113,0.03945491567395708,0.1674808991825658
post_2021,2,pb_activity,8000,all,2024-10,2738,-0.09348021847702268,-0.014321845676659263,-0.09331312818246719,-0.3393369441959922,-0.06279229647315561,-0.01058735704370105,-0.06289672519246543,-0.251731269844471
post_2021,2,pb_activity,8000,all,2024-11,4698,-0.08330953180072231,-0.008581207602021385,-0.08237589536586123,-0.2015414140123806,-0.0382126383012721,-0.004308297297355681,-0.03754773736027456,-0.10056200155073539
post_2021,2,pb_activity,8000,all,2024-12,3856,-0.0894378801817795,-0.011758927565275175,-0.08920688998236137,-0.27878650306702724,-0.048851790117486915,-0.00698245411607638,-0.048562174683405956,-0.16498759330140578
post_2021,2,pb_activity,8000,buy,2024-01,1033,0.04775966669442177,0.006014006082159971,0.04775966669442177,0.14009920032661957,0.04027725552961343,0.005648092643024656,0.04027725552961345,0.1315750685729635
post_2021,2,pb_activity,8000,buy,2024-02,1094,-0.02193301099857578,-0.0021556163690736015,-0.02193301099857579,-0.050216133038847456,-0.0065029637953079944,-0.0007127889711846186,-0.006502963795308012,-0.016604766190847157
post_2021,2,pb_activity,8000,buy,2024-03,2444,-0.05500672291117584,-0.005303594821027412,-0.055006722911175844,-0.12354982404930952,-0.034208729472567145,-0.0037229757558973294,-0.034208729472567166,-0.08672853321247007
post_2021,2,pb_activity,8000,buy,2024-04,2058,-0.01822261696408753,-0.0022000462434232206,-0.018222616964087543,-0.05125114859785373,-0.013594632808493805,-0.0017912871700415652,-0.013594632808493814,-0.04172890692987518
post_2021,2,pb_activity,8000,buy,2024-05,1457,-0.08957639622507874,-0.011453719637352455,-0.0895763962250788,-0.26681997657409345,-0.0552416720235932,-0.007850737676349731,-0.055241672023593216,-0.18288675724711453
post_2021,2,pb_activity,8000,buy,2024-06,576,-0.009280039959493244,-0.0015940762693903935,-0.009280039959493232,-0.03713478296334299,-0.01502160652306548,-0.002720184346719164,-0.015021606523065485,-0.06336801900597186
post_2021,2,pb_activity,8000,buy,2024-07,1358,-0.10243169095173763,-0.01586731871585919,-0.10243169095173764,-0.36963691639983726,-0.0816982862380165,-0.013651317033616356,-0.08169828623801655,-0.3180140780848548
post_2021,2,pb_activity,8000,buy,2024-08,1911,-0.07287246014233618,-0.007542575099121413,-0.07287246014233624,-0.17570795994453997,-0.046713665174937434,-0.005444129870901849,-0.04671366517493747,-0.12682365647253832
post_2021,2,pb_activity,8000,buy,2024-09,1319,-0.016955356236450763,-0.002765644857222564,-0.016955356236450756,-0.06442704373606967,-0.0019370328229163646,-0.0003507205989621856,-0.0019370328229163449,-0.008170207143360208
post_2021,2,pb_activity,8000,buy,2024-10,1345,-0.10220871472537492,-0.01570010981408073,-0.10220871472537486,-0.36574170360712893,-0.05249770292159785,-0.008970545617542127,-0.05249770292159785,-0.20897322855046696
post_2021,2,pb_activity,8000,buy,2024-11,2312,-0.1324725063605831,-0.01370797669613208,-0.13247250636058305,-0.31933399251473477,-0.0685482283721435,-0.007830648100026412,-0.0685482283721435,-0.18241876078363467
post_2021,2,pb_activity,8000,buy,2024-12,1857,-0.09918126937743911,-0.013102959626170597,-0.09918126937743917,-0.3052398252446021,-0.0609422837557605,-0.008776799542215854,-0.06094228375576047,-0.20445981937714555
post_2021,2,pb_activity,8000,sell,2024-01,1186,0.0856319598721032,0.011798936261268373,0.0856319598721032,0.2851745254270302,0.0653521544749783,0.010105879042700135,0.06535215447497829,0.24425415954532623
post_2021,2,pb_activity,8000,sell,2024-02,1129,0.04780101515525522,0.005077558331916012,0.04780101515525526,0.12272210439727847,0.014919879742342549,0.0017321616652302616,0.014919879742342554,0.041865501254248934
post_2021,2,pb_activity,8000,sell,2024-03,2714,0.009354889488056057,0.0009673675184648081,0.00935488948805605,0.0233808003436125,-0.003670859877319595,-0.0004253788771340954,-0.0036708598773195844,-0.01028119965454905
post_2021,2,pb_activity,8000,sell,2024-04,2244,0.021545748895768175,0.002537163471186147,0.02154574889576817,0.06132200164530145,0.007931729128340077,0.0010605655075864107,0.007931729128340068,0.02563335021166724
post_2021,2,pb_activity,8000,sell,2024-05,1543,0.019674533355260346,0.002599425821464542,0.019674533355260336,0.06282685223517183,0.0240389377373769,0.0034819711934704098,0.02403893773737689,0.08415754273612551
post_2021,2,pb_activity,8000,sell,2024-06,641,-0.0406611636683313,-0.0065529983842725,-0.04066116366833127,-0.15838276968182527,-0.016413544265270707,-0.0028347021340375074,-0.01641354426527072,-0.06851336577304598
post_2021,2,pb_activity,8000,sell,2024-07,1420,-0.02705776533082049,-0.0038589988775901926,-0.027057765330820497,-0.09327011767600855,-0.01883476157004328,-0.0029286625523308072,-0.018834761570043285,-0.0707843431817193
post_2021,2,pb_activity,8000,sell,2024-08,2092,-0.026638511121974413,-0.002706560701241252,-0.02663851112197443,-0.06541624994192076,-0.029046043588360385,-0.003384355538051465,-0.029046043588360382,-0.08179822003177913
post_2021,2,pb_activity,8000,sell,2024-09,1318,0.07210075412729451,0.011825758123153651,0.07210075412729454,0.2858227967258007,0.07509465355143854,0.013274392799567351,0.07509465355143857,0.3208355891687532
post_2021,2,pb_activity,8000,sell,2024-10,1393,-0.0843739280477991,-0.012880019222358284,-0.08437392804779906,-0.3113037724667053,-0.06982824919311081,-0.011628536866803261,-0.06982824919311086,-0.2810560553061976
post_2021,2,pb_activity,8000,sell,2024-11,2386,-0.03976225563806153,-0.00407061851236199,-0.0397622556380615,-0.09838486086817162,-0.012844819241392157,-0.0014282589421449388,-0.012844819241392158,-0.0345203208996156
post_2021,2,pb_activity,8000,sell,2024-12,1999,-0.08274510366847494,-0.010825167429631645,-0.08274510366847494,-0.2616390084712171,-0.04082291787352178,-0.005799985464133066,-0.040822917873521776,-0.14018281526338341
post_2021,3,pb_activity,8000,all,2025-01,3682,-0.02486599483954075,-0.0030694187601032073,-0.0241658582035672,-0.06680782509387947,0.0003596156670290268,0.00004844994648513545,0.0006489483398561354,0.0019582650166010233
post_2021,3,pb_activity,8000,all,2025-02,2680,-0.02853949285263825,-0.003525923324025575,-0.027923103927643748,-0.07724038588818435,0.00019628500182464046,0.0000267333751805776,0.0011192908700212618,0.0034131206811161548
post_2021,3,pb_activity,8000,all,2025-03,3678,-0.023741630491415963,-0.0027068960404633084,-0.023367663083758792,-0.05959557405225632,0.022356727683238178,0.0028338148100010892,0.02283680856005929,0.06474918745350752
post_2021,3,pb_activity,8000,all,2025-04,3321,-0.053009806371097395,-0.007083355378933387,-0.05225786900869407,-0.1559160951791086,-0.021547676278392502,-0.00317657028250381,-0.020619201554909643,-0.06786905945039029
post_2021,3,pb_activity,8000,all,2025-05,2261,-0.05799480109833361,-0.00956349070767887,-0.05657192398802742,-0.20895332981167986,-0.021669164982182836,-0.0038150879815944468,-0.02062141680809874,-0.08133205861282988
post_2021,3,pb_activity,8000,all,2025-06,1352,-0.031007743058531084,-0.005348171542328194,-0.02998157907332173,-0.11591507756006933,0.001763153005518323,0.0003313988175265385,0.00271732818641427,0.011448977497883959
post_2021,3,pb_activity,8000,all,2025-07,1315,-0.041771123805137644,-0.008096931855794963,-0.04129624500083376,-0.1792050431053538,0.002143508737555518,0.00044660950392233934,0.0026869738103395082,0.012533245005657407
post_2021,3,pb_activity,8000,all,2025-08,1095,-0.06662643505963035,-0.011442803121257053,-0.06799528442994672,-0.26188453923458754,-0.012737887299135523,-0.002397713964013376,-0.013796101604030669,-0.058229370080664984
post_2021,3,pb_activity,8000,all,2025-09,299,0.010190815302770948,0.0020593674164126074,0.01008719881628137,0.045639643857888594,0.0458686736422446,0.01013269147787799,0.04547678382049245,0.22492600864839943
post_2021,3,pb_activity,8000,all,2025-10,2919,-0.06915530335399347,-0.01026594534804159,-0.06855159430702745,-0.22798131537610247,-0.026549473102768024,-0.004311762551750168,-0.025956261824718538,-0.09443999611292454
post_2021,3,pb_activity,8000,all,2025-11,3599,-0.13438225581628024,-0.01790741395212354,-0.13480118318723014,-0.4020393486578863,-0.07994994194057456,-0.011842141535472367,-0.08024727084354391,-0.26601354245217906
post_2021,3,pb_activity,8000,all,2025-12,2468,-0.07894588126960346,-0.013231575863905476,-0.07837693965947573,-0.29391234024757734,-0.04080307472312622,-0.0076529181731425705,-0.03989284638735502,-0.1674015330122204
post_2021,3,pb_activity,8000,buy,2025-01,1794,-0.05957489180335966,-0.007413593085454596,-0.05957489180335965,-0.16241503065218635,-0.013294426576966261,-0.0018008421463576762,-0.013294426576966268,-0.03945237201840517
post_2021,3,pb_activity,8000,buy,2025-02,1302,-0.060171812581266096,-0.007557720967453979,-0.06017181258126609,-0.16557254605705687,-0.04477005867605861,-0.006151847739109588,-0.04477005867605859,-0.13477304831787917
post_2021,3,pb_activity,8000,buy,2025-03,1823,-0.04056227121857611,-0.004703115905134869,-0.0405622712185761,-0.10303461561600204,0.0014602638800925091,0.00018827990577029857,0.0014602638800925037,0.004124786229078406
post_2021,3,pb_activity,8000,buy,2025-04,1699,-0.08367223880172314,-0.011720529215981842,-0.08367223880172314,-0.2567702448639059,-0.05877891418836338,-0.009124883761135825,-0.05877891418836338,-0.19990553280705667
post_2021,3,pb_activity,8000,buy,2025-05,1077,-0.12663357189960617,-0.020723785589859458,-0.12663357189960614,-0.45401119713599297,-0.0707510825480784,-0.01232429904916585,-0.07075108254807837,-0.26999747420238174
post_2021,3,pb_activity,8000,buy,2025-06,641,-0.09080492454742907,-0.016695302346308144,-0.09080492454742903,-0.36575625490468694,-0.057351026011545736,-0.01169740662235704,-0.05735102601154572,-0.25626368121669185
post_2021,3,pb_activity,8000,buy,2025-07,636,-0.05697552385348287,-0.011262752056286822,-0.05697552385348289,-0.24674138428756676,-0.015390635384914262,-0.0033238444882903455,-0.015390635384914239,-0.07281790330628529
post_2021,3,pb_activity,8000,buy,2025-08,506,0.00466093532669073,0.0008522699876369554,0.004660935326690735,0.018671304800579977,0.04519766293972775,0.008882874581657969,0.04519766293972773,0.19460365990279327
post_2021,3,pb_activity,8000,buy,2025-09,131,0.014507682012664733,0.0030462579581949432,0.01450768201266472,0.06673661124258476,0.061882868986403924,0.014440749233720407,0.06188286898640394,0.3163641033977006
post_2021,3,pb_activity,8000,buy,2025-10,1357,-0.10231605904572524,-0.015693641401873258,-0.10231605904572529,-0.3438121326527285,-0.055900308235127184,-0.00950700633782766,-0.05590030823512715,-0.20827697284846702
post_2021,3,pb_activity,8000,buy,2025-11,1641,-0.1193446169959023,-0.01685833037045999,-0.11934461699590239,-0.36932782961003974,-0.06860359315833803,-0.010649620031907022,-0.06860359315833799,-0.23330905054795778
post_2021,3,pb_activity,8000,buy,2025-12,1209,-0.10975234617839048,-0.019058928051020337,-0.10975234617839053,-0.4175379398253649,-0.08821235555865824,-0.016948715790040363,-0.08821235555865824,-0.3713079694049333
post_2021,3,pb_activity,8000,sell,2025-01,1888,0.006838955680347088,0.0008371458828541284,0.006838955680347089,0.01912054604185621,0.0115741307365239,0.0015446912836537341,0.011574130736523898,0.03528099631674556
post_2021,3,pb_activity,8000,sell,2025-02,1378,0.001176747134734459,0.000143156998375438,0.0011767471347344505,0.0032697287709512013,0.04253483452273794,0.0057447322603724855,0.042534834522737944,0.13121060490448455
post_2021,3,pb_activity,8000,sell,2025-03,1855,-0.006649584742847793,-0.0007454664829834194,-0.006649584742847789,-0.01702657386541647,0.043711305122476084,0.005449704343013757,0.043711305122476084,0.12447212002027534
post_2021,3,pb_activity,8000,sell,2025-04,1622,-0.017568174018606414,-0.0022295751565882095,-0.01756817401860641,-0.0509238536657201,0.021044277453585166,0.002933354749615408,0.021044277453585166,0.06699829228795505
post_2021,3,pb_activity,8000,sell,2025-05,1184,0.006118291757967013,0.0010159289635793757,0.006118291757966978,0.023203980239558185,0.025132657148787808,0.00445013654642661,0.025132657148787818,0.10164183145522761
post_2021,3,pb_activity,8000,sell,2025-06,711,0.014622632675837039,0.002402100330301252,0.014622632675837044,0.054864356264995646,0.043090182488920666,0.007612802016694452,0.043090182488920686,0.17387761732933943
post_2021,3,pb_activity,8000,sell,2025-07,679,-0.029929542876563964,-0.005709200497628629,-0.029929542876563974,-0.13039905375263997,0.01407841939083304,0.00284361217855371,0.014078419390833046,0.06494855759171593
post_2021,3,pb_activity,8000,sell,2025-08,589,-0.11708007066492887,-0.01908320590812203,-0.1170800706649289,-0.43586347931194497,-0.05735145296113095,-0.010418504518297348,-0.05735145296113094,-0.2379603118278767
post_2021,3,pb_activity,8000,sell,2025-09,168,0.00177137103609052,0.0003393899978392794,0.001771371036090512,0.0077517219074255,0.026148908982491566,0.005532460937632779,0.026148908982491594,0.12636229389568818
post_2021,3,pb_activity,8000,sell,2025-10,1562,-0.04069753836095758,-0.005868518502963218,-0.04069753836095759,-0.1340379025108886,-0.001651333749096058,-0.0002580569220603467,-0.0016513337490960595,-0.005894061430311462
post_2021,3,pb_activity,8000,sell,2025-11,1958,-0.14821615623427206,-0.01870136684792498,-0.1482161562342721,-0.4271422140216167,-0.09087053590538613,-0.01287654294580955,-0.0908705359053862,-0.29410230319222835
post_2021,3,pb_activity,8000,sell,2025-12,1259,-0.04963117709929513,-0.008041934789326967,-0.049631177099295154,-0.18367907858626503,0.006884088487823089,0.0012614958244591302,0.0068840884878230875,0.028812766672094047
post_2021,4,pb_activity,8000,all,2026-01,1501,-0.0791220212651462,-0.015268442195691893,-0.07863451486585303,-0.3124355716341086,-0.05112264601939965,-0.010864633191695039,-0.05031541316973493,-0.22014982142965855
post_2021,4,pb_activity,8000,all,2026-02,4226,-0.03559208461402123,-0.003567943573325295,-0.035799961777802876,-0.07378103806325308,0.0036413764422531633,0.0004066017992658285,0.003474291950979933,0.007975566005437367
post_2021,4,pb_activity,8000,all,2026-03,3383,-0.043746384627831494,-0.006943391550866025,-0.04389308289636867,-0.14332504352998127,-0.007139584457162287,-0.0012563105961078081,-0.007388501044246354,-0.02674734730864567
post_2021,4,pb_activity,8000,all,2026-04,1641,-0.1006613146388035,-0.019109695394111136,-0.1007453690264585,-0.3931513170969475,-0.05224094107844956,-0.010949749989190414,-0.05285830691418276,-0.22777405916459428
post_2021,4,pb_activity,8000,all,2026-05,648,-0.184809500382988,-0.03825420624474126,-0.18304127434390466,-0.7777222218329056,-0.13909946984847882,-0.031211895090527145,-0.1369922136452803,-0.6309480502695268
post_2021,4,pb_activity,8000,buy,2026-01,765,-0.10881813318943492,-0.021211789309707043,-0.10881813318943497,-0.42652448860125364,-0.09363637493274417,-0.019788539686323055,-0.09363637493274417,-0.3979059308312129
post_2021,4,pb_activity,8000,buy,2026-02,2104,-0.03049041259463445,-0.0030970481575089796,-0.030490412594634447,-0.06227512739580458,0.008107848036602106,0.0009121638560474449,0.008107848036602102,0.018341697465528762
post_2021,4,pb_activity,8000,buy,2026-03,1750,-0.042023381615507116,-0.006650910102333666,-0.042023381615507095,-0.1337358196761175,-0.003756462475884188,-0.0006582690540821818,-0.0037564624758841987,-0.013236406771490322
post_2021,4,pb_activity,8000,buy,2026-04,866,-0.0960667744743564,-0.017341725845293938,-0.09606677447435637,-0.3487056485254755,-0.02469582849999576,-0.004983540384156112,-0.02469582849999576,-0.10020852002349241
post_2021,4,pb_activity,8000,buy,2026-05,334,-0.2609074776608649,-0.055550144483950036,-0.26090747766086486,-1.1169966202191066,-0.22525796918156846,-0.051538677787643865,-0.22525796918156843,-1.0363344584277876
post_2021,4,pb_activity,8000,sell,2026-01,736,-0.05633813074247383,-0.010808909606248187,-0.056338130742473826,-0.22748962044993407,-0.012692165187291667,-0.0027103065447812128,-0.012692165187291674,-0.05704244272880576
post_2021,4,pb_activity,8000,sell,2026-02,2122,-0.04183517732253001,-0.0041427327569679906,-0.04183517732253001,-0.08718998833734144,-0.002126014103464901,-0.00023569515657711714,-0.0021260141034649136,-0.004960556028761861
post_2021,4,pb_activity,8000,sell,2026-03,1633,-0.04986350734929081,-0.007905456793198255,-0.04986350734929079,-0.16638212649390993,-0.015910960069134016,-0.00280238772341269,-0.015910960069134002,-0.05898042844064373
post_2021,4,pb_activity,8000,sell,2026-04,775,-0.11126212704674623,-0.022318560497998883,-0.11126212704674622,-0.46972738616888005,-0.08614570961461292,-0.01887371744129992,-0.08614570961461292,-0.39722552723714916
post_2021,4,pb_activity,8000,sell,2026-05,314,-0.09579312074534922,-0.01910569386777944,-0.09579312074534926,-0.4021078170457946,-0.032486902825328484,-0.007102509675666815,-0.03248690282532848,-0.14948290708485812
